label,tag,trade_date,excess,alpha,profile,win,fold,half,w
wf2021,w0.0,20210422,0.0018927492368837852,0.0020438409524261123,-0.00022704139061542394,wf2021A,wf2021,A,0.0
wf2021,w0.0,20210423,-0.00018524334643778458,-0.0007898913467095001,0.0004232346792216379,wf2021A,wf2021,A,0.0
wf2021,w0.0,20210426,0.0025382567057278226,0.0020586593074153835,0.0002723078851257693,wf2021A,wf2021,A,0.0
wf2021,w0.0,20210427,-0.0005546718678009789,-0.00014077389882873411,-0.00017069133798155553,wf2021A,wf2021,A,0.0
wf2021,w0.0,20210428,0.0011709917792799755,0.0006966807249634805,0.00029139527976892326,wf2021A,wf2021,A,0.0
wf2021,w0.0,20210429,-0.0012902287997686585,-0.0011179627682787615,-0.00028096841302442194,wf2021A,wf2021,A,0.0
wf2021,w0.0,20210430,-0.0011693681821014963,-0.0007405603419098603,-0.0005783480016504947,wf2021A,wf2021,A,0.0
wf2021,w0.0,20210506,-0.0033368850178598806,-0.0031445175939036384,-0.00016339861345609225,wf2021A,wf2021,A,0.0
wf2021,w0.0,20210507,-0.00521847691512436,-0.004291821548200804,-0.0009691644526813227,wf2021A,wf2021,A,0.0
wf2021,w0.0,20210510,0.004057344673321015,0.003503936434091497,0.0006065196327941147,wf2021A,wf2021,A,0.0
wf2021,w0.0,20210511,-0.002006347343285926,-0.0019900372726028926,-0.00019501721908654564,wf2021A,wf2021,A,0.0
wf2021,w0.0,20210512,0.0019204900131383515,0.0005878113771486887,0.0012521708451693203,wf2021A,wf2021,A,0.0
wf2021,w0.0,20210513,0.00539429257530363,0.0046198183217010524,0.0006866036146572257,wf2021A,wf2021,A,0.0
wf2021,w0.0,20210514,0.0021029159838529135,0.0026712162565912263,-0.0006077771208446407,wf2021A,wf2021,A,0.0
wf2021,w0.0,20210517,0.0004810815021004432,0.0012514190825641779,-0.0007341089462684341,wf2021A,wf2021,A,0.0
wf2021,w0.0,20210518,0.0022124644272446996,0.0023901845599192837,-0.0002130788238025319,wf2021A,wf2021,A,0.0
wf2021,w0.0,20210519,0.006180604724316632,0.005590820029378512,0.00042247690918584843,wf2021A,wf2021,A,0.0
wf2021,w0.0,20210520,-0.0012418709657195373,-0.0008047067577945349,-0.00048049346332635235,wf2021A,wf2021,A,0.0
wf2021,w0.0,20210521,0.000998420193615541,0.0002592390158681371,0.0005550494151405007,wf2021A,wf2021,A,0.0
wf2021,w0.0,20210524,0.0009244211077640268,0.0011813324555939328,-0.00027116279031548995,wf2021A,wf2021,A,0.0
wf2021,w0.0,20210525,0.003681225464489922,0.0036212763463783076,3.8615067257099665e-05,wf2021A,wf2021,A,0.0
wf2021,w0.0,20210526,0.0027379377757535397,0.0027973976182494005,-0.00016635275102351644,wf2021A,wf2021,A,0.0
wf2021,w0.0,20210527,-0.0008683460879441453,-0.0004464272772555112,-0.0004743521000717993,wf2021A,wf2021,A,0.0
wf2021,w0.0,20210528,0.0004828769121727628,0.0013794572528240503,-0.000903525652634607,wf2021A,wf2021,A,0.0
wf2021,w0.0,20210531,0.0013341871539521918,0.0012332779324107695,0.0001957882125470075,wf2021A,wf2021,A,0.0
wf2021,w0.0,20210601,0.0009858406814869129,0.0005355082761699795,0.00042818568001908947,wf2021A,wf2021,A,0.0
wf2021,w0.0,20210602,-5.878930400658391e-05,-0.00047839348428606505,0.00045434658596938397,wf2021A,wf2021,A,0.0
wf2021,w0.0,20210603,0.0024161294715048286,0.0012748355103222005,0.0007298298574874682,wf2021A,wf2021,A,0.0
wf2021,w0.0,20210604,0.002280967391444076,0.0021624929067188877,-0.00014899854228281326,wf2021A,wf2021,A,0.0
wf2021,w0.0,20210607,0.003242610226253104,0.00225450923182093,0.0010027377823923662,wf2021A,wf2021,A,0.0
wf2021,w0.0,20210608,0.00037248921947655037,0.00012026631458613633,9.793502301615691e-05,wf2021A,wf2021,A,0.0
wf2021,w0.0,20210609,0.0035731387412589032,0.0030331925868806423,0.0004959036826595845,wf2021A,wf2021,A,0.0
wf2021,w0.0,20210610,-0.0021263560443572074,-0.0018877561569767044,-0.0001467698193890945,wf2021A,wf2021,A,0.0
wf2021,w0.0,20210611,0.006934139800729424,0.005844154497910472,0.0007920574327644175,wf2021A,wf2021,A,0.0
wf2021,w0.0,20210615,0.0009435895731296114,0.00028730837446427313,0.0005254360263904394,wf2021A,wf2021,A,0.0
wf2021,w0.0,20210616,0.0014100084391318142,0.0018780907858714185,-0.00044203718411759833,wf2021A,wf2021,A,0.0
wf2021,w0.0,20210617,0.0033571101544444554,0.003618079233205815,-0.0002670150041012036,wf2021A,wf2021,A,0.0
wf2021,w0.0,20210618,0.0041360801571151285,0.004569750937749434,-0.00041682193158395706,wf2021A,wf2021,A,0.0
wf2021,w0.0,20210621,0.0003531131499900069,0.0002843413988452872,0.00018567308949807702,wf2021A,wf2021,A,0.0
wf2021,w0.0,20210622,-0.00017558875800689246,-0.000427167816238837,8.816350818068033e-05,wf2021A,wf2021,A,0.0
wf2021,w0.0,20210623,0.001555411327588328,0.00045793837126975536,0.0009584253028739973,wf2021A,wf2021,A,0.0
wf2021,w0.0,20210624,-0.002860867101834474,-0.0027213478797574854,-0.00019188647847527237,wf2021A,wf2021,A,0.0
wf2021,w0.0,20210625,0.004511172477632281,0.004900731190263319,-0.00048643774768650444,wf2021A,wf2021,A,0.0
wf2021,w0.0,20210628,-0.0025499045689520994,-0.002324310586410602,-0.0002918971399832784,wf2021A,wf2021,A,0.0
wf2021,w0.0,20210629,0.003395311147905259,0.0029443825185169353,0.0002512405063116905,wf2021A,wf2021,A,0.0
wf2021,w0.0,20210630,0.0012725181637605089,0.001193766200016119,9.72667134797907e-05,wf2021A,wf2021,A,0.0
wf2021,w0.0,20210701,0.0011554174418328808,0.001039172857993423,-0.00019738801909572985,wf2021A,wf2021,A,0.0
wf2021,w0.0,20210702,0.001514217946741345,0.001633329462251968,-0.00026989608744373947,wf2021A,wf2021,A,0.0
wf2021,w0.0,20210705,0.0006686093125201598,0.0009338666198095364,0.00010355475144124723,wf2021A,wf2021,A,0.0
wf2021,w0.0,20210706,0.0023718253590968913,0.002880776405392568,-0.0005188025561282496,wf2021A,wf2021,A,0.0
wf2021,w0.0,20210707,0.0012400261373831508,0.0011628836352108188,-0.00010809751335407593,wf2021A,wf2021,A,0.0
wf2021,w0.0,20210708,-0.002587975876793632,-0.002872850355451169,0.00012924902410804738,wf2021A,wf2021,A,0.0
wf2021,w0.0,20210709,0.0033778100112869403,0.003237382982212911,8.846806246518487e-05,wf2021A,wf2021,A,0.0
wf2021,w0.0,20210712,0.0005625462120021742,0.00016969965562929048,0.00028851771913244176,wf2021A,wf2021,A,0.0
wf2021,w0.0,20210713,0.0012520635962640983,0.0009596864673356386,0.00035866868673804927,wf2021A,wf2021,A,0.0
wf2021,w0.0,20210714,-0.004539078296728873,-0.003933597652935931,-0.0006086173221596866,wf2021A,wf2021,A,0.0
wf2021,w0.0,20210715,-0.0013126839889040082,-0.0015826346742048663,7.403451539019872e-05,wf2021A,wf2021,A,0.0
wf2021,w0.0,20210716,0.0027834552633928923,0.002262267757867571,0.00044278842339966814,wf2021A,wf2021,A,0.0
wf2021,w0.0,20210719,0.0011324669000612746,0.0013981772358781816,-0.0004212837766965066,wf2021A,wf2021,A,0.0
wf2021,w0.0,20210720,0.0012666829222328889,0.0022393030999492457,-0.0011550897266387186,wf2021A,wf2021,A,0.0
wf2021,w0.0,20210721,-0.0013493715876507916,-0.0015752578957339747,3.608323683892909e-05,wf2021A,wf2021,A,0.0
wf2021,w0.0,20210722,-0.0013522415071646199,-0.0018440772755670372,0.0003464690369427872,wf2021A,wf2021,A,0.0
wf2021,w0.0,20210723,-0.0012755899491396893,-0.001259690828937558,4.041684538367299e-05,wf2021A,wf2021,A,0.0
wf2021,w0.0,20210726,0.003388752266896465,0.002434229727364701,0.0008152337495125195,wf2021A,wf2021,A,0.0
wf2021,w0.0,20210727,-0.0011745898416035926,-0.0008906868427065394,-0.0001868948031696917,wf2021A,wf2021,A,0.0
wf2021,w0.0,20210728,0.0008767777059270412,0.0010188685950867989,-0.00017161782477431243,wf2021A,wf2021,A,0.0
wf2021,w0.0,20210729,0.005913335395429844,0.005008529488576578,0.0007399710943352538,wf2021A,wf2021,A,0.0
wf2021,w0.0,20210730,0.005847390343056678,0.005161131198774174,0.0005576488884833453,wf2021A,wf2021,A,0.0
wf2021,w0.0,20210802,0.0055527844503516464,0.003682721119002583,0.0018101683149480778,wf2021A,wf2021,A,0.0
wf2021,w0.0,20210803,-0.001025473299148788,0.000512886780369313,-0.0016337706156624812,wf2021A,wf2021,A,0.0
wf2021,w0.0,20210804,0.00023486567046847057,-0.00022869881400686362,0.0005997557432750148,wf2021A,wf2021,A,0.0
wf2021,w0.0,20210805,-0.0006005578781958702,-0.0003060285834880597,-0.00047338682563036113,wf2021A,wf2021,A,0.0
wf2021,w0.0,20210806,0.00919644929507001,0.008020747097246764,0.0013278423375523503,wf2021A,wf2021,A,0.0
wf2021,w0.1,20210422,0.0018095900860901843,0.0018779359366522651,-0.00014429552563517822,wf2021A,wf2021,A,0.1
wf2021,w0.1,20210423,0.00040774147626632985,-0.0001132943122031639,0.0003396224674194167,wf2021A,wf2021,A,0.1
wf2021,w0.1,20210426,0.0007280833245461122,0.00043768816688059874,8.310564447884647e-05,wf2021A,wf2021,A,0.1
wf2021,w0.1,20210427,0.00010008806718960189,0.0004747587476549041,-0.00013146404947461256,wf2021A,wf2021,A,0.1
wf2021,w0.1,20210428,-0.0003562013450258191,-0.00067398798044267,0.00013487086086927895,wf2021A,wf2021,A,0.1
wf2021,w0.1,20210429,-0.002068512837905828,-0.0019518903811151862,-0.0002253248383251658,wf2021A,wf2021,A,0.1
wf2021,w0.1,20210430,0.00011669796421133818,0.00015698736393001558,-0.00018982956117753462,wf2021A,wf2021,A,0.1
wf2021,w0.1,20210506,-0.0010252706868412583,-0.0008753126535762797,-0.00012098922276482841,wf2021A,wf2021,A,0.1
wf2021,w0.1,20210507,-0.004424564001211119,-0.003993484527928746,-0.00047358855904013894,wf2021A,wf2021,A,0.1
wf2021,w0.1,20210510,0.0032750849567056827,0.003087659020957357,0.00024053732931292118,wf2021A,wf2021,A,0.1
wf2021,w0.1,20210511,-0.0009617123462635543,-0.0009715783772640468,-0.00016884111740301882,wf2021A,wf2021,A,0.1
wf2021,w0.1,20210512,0.0013208076957722929,0.0004875833076143446,0.0007527165973376059,wf2021A,wf2021,A,0.1
wf2021,w0.1,20210513,0.003752335415012728,0.0031201387221126914,0.0005443260539546805,wf2021A,wf2021,A,0.1
wf2021,w0.1,20210514,0.0028321929648761554,0.003076026072298633,-0.00028330995552880303,wf2021A,wf2021,A,0.1
wf2021,w0.1,20210517,4.588698094594966e-05,0.0006180673287352948,-0.0005359517135940443,wf2021A,wf2021,A,0.1
wf2021,w0.1,20210518,0.0008746357498980203,0.0009632852152729257,-0.00012400815650285342,wf2021A,wf2021,A,0.1
wf2021,w0.1,20210519,0.0036956647513774615,0.003190445159303374,0.0003379118063218158,wf2021A,wf2021,A,0.1
wf2021,w0.1,20210520,3.034908933025179e-05,0.00026776559806013537,-0.0002807457641312329,wf2021A,wf2021,A,0.1
wf2021,w0.1,20210521,0.0018382244367014947,0.0012191074310173454,0.0004349852430772473,wf2021A,wf2021,A,0.1
wf2021,w0.1,20210524,0.00018135166760727128,0.00028618383045962475,-0.00011908360533793741,wf2021A,wf2021,A,0.1
wf2021,w0.1,20210525,0.003424549628865684,0.0034361043267580374,-3.2888748746869316e-05,wf2021A,wf2021,A,0.1
wf2021,w0.1,20210526,0.0021120989727225177,0.0020966296639765274,-9.142359978166469e-05,wf2021A,wf2021,A,0.1
wf2021,w0.1,20210527,-0.0009908282232659513,-0.0007167095329658152,-0.00032655197968330075,wf2021A,wf2021,A,0.1
wf2021,w0.1,20210528,0.0006800183859279382,0.001335342008381637,-0.0006622689344370173,wf2021A,wf2021,A,0.1
wf2021,w0.1,20210531,0.0021187190036187024,0.0019648766023988027,0.0002487213922254828,wf2021A,wf2021,A,0.1
wf2021,w0.1,20210601,0.0010401936549637352,0.0007151851538149453,0.00030286177585094645,wf2021A,wf2021,A,0.1
wf2021,w0.1,20210602,-0.0011501842883054276,-0.0014109462306463733,0.00029550434803084826,wf2021A,wf2021,A,0.1
wf2021,w0.1,20210603,0.0016125543492429826,0.0004989106466255201,0.0007021795989223024,wf2021A,wf2021,A,0.1
wf2021,w0.1,20210604,0.0009502005360032375,0.000798522473997966,-0.00011579496500272903,wf2021A,wf2021,A,0.1
wf2021,w0.1,20210607,0.003301754255489754,0.002619960246243223,0.0006964307972067227,wf2021A,wf2021,A,0.1
wf2021,w0.1,20210608,0.001149031961226309,0.0008731998178347702,0.00012154426151728061,wf2021A,wf2021,A,0.1
wf2021,w0.1,20210609,0.0031602549552680968,0.0027119582536117544,0.00040425422993766667,wf2021A,wf2021,A,0.1
wf2021,w0.1,20210610,-0.0001530156642286255,6.184943490216403e-05,-0.00012303503113938064,wf2021A,wf2021,A,0.1
wf2021,w0.1,20210611,0.006071762609538069,0.005088837375162571,0.000684997364320964,wf2021A,wf2021,A,0.1
wf2021,w0.1,20210615,-4.468979764331131e-05,-0.0004533349199687722,0.00027779995005056373,wf2021A,wf2021,A,0.1
wf2021,w0.1,20210616,0.0016593121736748657,0.0019736242883899658,-0.00028826695209309297,wf2021A,wf2021,A,0.1
wf2021,w0.1,20210617,0.003279928620321053,0.003466396961362,-0.00019251426638079106,wf2021A,wf2021,A,0.1
wf2021,w0.1,20210618,0.004739558255697005,0.0049485241165878975,-0.0001921170118405449,wf2021A,wf2021,A,0.1
wf2021,w0.1,20210621,5.1893672091884654e-05,5.854855470906076e-05,0.00011024645573618089,wf2021A,wf2021,A,0.1
wf2021,w0.1,20210622,-0.0008347723143584469,-0.0011978809921775622,0.00019969312776785077,wf2021A,wf2021,A,0.1
wf2021,w0.1,20210623,0.0025561937680313846,0.0018606086341927683,0.0005565374803940411,wf2021A,wf2021,A,0.1
wf2021,w0.1,20210624,-0.0023523325353693274,-0.002277968751946888,-0.00012673103982072407,wf2021A,wf2021,A,0.1
wf2021,w0.1,20210625,0.004802719328383214,0.004918922107055132,-0.0002130818137273838,wf2021A,wf2021,A,0.1
wf2021,w0.1,20210628,-0.0026296284502444565,-0.002365265810305551,-0.0003306657973806891,wf2021A,wf2021,A,0.1
wf2021,w0.1,20210629,0.0024550478412171655,0.001786654148313692,0.00046870556982684004,wf2021A,wf2021,A,0.1
wf2021,w0.1,20210630,0.00168746406574251,0.001751639719420304,-4.566090394239475e-05,wf2021A,wf2021,A,0.1
wf2021,w0.1,20210701,0.0005271709424676183,0.0004535537618903343,-0.00024001542235790402,wf2021A,wf2021,A,0.1
wf2021,w0.1,20210702,0.003016598223225489,0.0028937735450645513,-2.7959893772177153e-05,wf2021A,wf2021,A,0.1
wf2021,w0.1,20210705,0.0006661586981683129,0.0010291614050744412,5.80935182449552e-06,wf2021A,wf2021,A,0.1
wf2021,w0.1,20210706,0.0036368931439547053,0.0038313271045615272,-0.00020428547043939302,wf2021A,wf2021,A,0.1
wf2021,w0.1,20210707,0.001283624916802703,0.001153835197719196,-5.545029644290125e-05,wf2021A,wf2021,A,0.1
wf2021,w0.1,20210708,3.5512367081850724e-05,-0.0002756693734436129,0.00015555628597597272,wf2021A,wf2021,A,0.1
wf2021,w0.1,20210709,0.003660744345341145,0.0033703942147290064,0.0002383911640032971,wf2021A,wf2021,A,0.1
wf2021,w0.1,20210712,9.206084389111642e-05,-0.00027576588517756544,0.0002634978918282403,wf2021A,wf2021,A,0.1
wf2021,w0.1,20210713,-0.00034572140714335484,-0.00051799185817633,0.00023856200884256554,wf2021A,wf2021,A,0.1
wf2021,w0.1,20210714,-0.002796472908053989,-0.0023664581800774916,-0.0004331514063432441,wf2021A,wf2021,A,0.1
wf2021,w0.1,20210715,-0.0019533048871649347,-0.0021651247537783276,1.5903696702733713e-05,wf2021A,wf2021,A,0.1
wf2021,w0.1,20210716,0.0033487416461711176,0.0030383313095708447,0.00023201125447461901,wf2021A,wf2021,A,0.1
wf2021,w0.1,20210719,0.00046133756443576986,0.0005564559863187502,-0.00025069186276258104,wf2021A,wf2021,A,0.1
wf2021,w0.1,20210720,0.0018340341995375202,0.002315568374121113,-0.0006640037235059507,wf2021A,wf2021,A,0.1
wf2021,w0.1,20210721,-0.001114877677802845,-0.001326977877078242,2.2297128031143908e-05,wf2021A,wf2021,A,0.1
wf2021,w0.1,20210722,-0.0029091891574895713,-0.0031746580989582295,0.00012010221000902666,wf2021A,wf2021,A,0.1
wf2021,w0.1,20210723,-6.304307592536196e-05,1.8727506232318826e-05,-2.5454616571874886e-05,wf2021A,wf2021,A,0.1
wf2021,w0.1,20210726,0.0018644795286059633,0.0013274344786127683,0.0003977562599739552,wf2021A,wf2021,A,0.1
wf2021,w0.1,20210727,-0.0024902530135207657,-0.0019332709144896402,-0.00045997390330376005,wf2021A,wf2021,A,0.1
wf2021,w0.1,20210728,0.001701986335795578,0.000659920131024607,0.0010125392691564166,wf2021A,wf2021,A,0.1
wf2021,w0.1,20210729,0.006878737268255842,0.005969027489452655,0.0007448749662851759,wf2021A,wf2021,A,0.1
wf2021,w0.1,20210730,0.004050848117316999,0.0033187977745039615,0.0006034400870138771,wf2021A,wf2021,A,0.1
wf2021,w0.1,20210802,0.007718433635924127,0.0067316314025112544,0.0009269072170118866,wf2021A,wf2021,A,0.1
wf2021,w0.1,20210803,-0.002468725810861761,-0.001354747357674864,-0.0012093889893312754,wf2021A,wf2021,A,0.1
wf2021,w0.1,20210804,0.002083658700211456,0.0018966836268298614,0.0003231663321812753,wf2021A,wf2021,A,0.1
wf2021,w0.1,20210805,-0.0024795907936599393,-0.002270104941823685,-0.00038834338275880586,wf2021A,wf2021,A,0.1
wf2021,w0.1,20210806,0.00932650621236346,0.0086997845457395,0.0007788618063530652,wf2021A,wf2021,A,0.1
wf2021,w0.2,20210422,0.002287679660085958,0.0023858647046023146,-0.00017413471958945283,wf2021A,wf2021,A,0.2
wf2021,w0.2,20210423,0.00029824231062524926,-0.0001984473048570622,0.0003152762944322357,wf2021A,wf2021,A,0.2
wf2021,w0.2,20210426,0.0017522559847601175,0.0014727446395389346,7.222183203451403e-05,wf2021A,wf2021,A,0.2
wf2021,w0.2,20210427,0.0005474820124069194,0.000885177258563834,-9.448861516622503e-05,wf2021A,wf2021,A,0.2
wf2021,w0.2,20210428,-7.772405822032997e-05,-0.0003126829188406068,5.204308607270504e-05,wf2021A,wf2021,A,0.2
wf2021,w0.2,20210429,-0.0015710109810604424,-0.0014948458728543724,-0.00018486748974059445,wf2021A,wf2021,A,0.2
wf2021,w0.2,20210430,-0.0005745128072201684,-0.0007994353413484524,7.538237266942552e-05,wf2021A,wf2021,A,0.2
wf2021,w0.2,20210506,-0.0017844367527498507,-0.0017077924261127923,-4.7675516136907085e-05,wf2021A,wf2021,A,0.2
wf2021,w0.2,20210507,-0.004463203422604535,-0.004265878345644942,-0.00023983416271736022,wf2021A,wf2021,A,0.2
wf2021,w0.2,20210510,0.0032834983272717905,0.003160955313896751,0.0001756544069396352,wf2021A,wf2021,A,0.2
wf2021,w0.2,20210511,-0.0008169210966382113,-0.0009212727144738437,-7.435553056787943e-05,wf2021A,wf2021,A,0.2
wf2021,w0.2,20210512,0.0016652977106147342,0.0009420812097508585,0.0006427087100435336,wf2021A,wf2021,A,0.2
wf2021,w0.2,20210513,0.00405082881664779,0.003540563099423328,0.0004223950782791079,wf2021A,wf2021,A,0.2
wf2021,w0.2,20210514,0.0033542590839974644,0.0035764417375483966,-0.0002616595016572583,wf2021A,wf2021,A,0.2
wf2021,w0.2,20210517,0.00016362907042384665,0.0005658939658209662,-0.00036603626120181856,wf2021A,wf2021,A,0.2
wf2021,w0.2,20210518,0.001542162946491874,0.0015155107011198448,-8.706445755919095e-06,wf2021A,wf2021,A,0.2
wf2021,w0.2,20210519,0.00390936260691164,0.003490677892351606,0.00025137692880776213,wf2021A,wf2021,A,0.2
wf2021,w0.2,20210520,-0.0005300267562045767,-0.0004046149753127467,-0.00016874103629317992,wf2021A,wf2021,A,0.2
wf2021,w0.2,20210521,0.001356097248696589,0.000753802897784755,0.00041816258830493095,wf2021A,wf2021,A,0.2
wf2021,w0.2,20210524,0.0008581012166563786,0.0009159183670306976,-7.206859285990147e-05,wf2021A,wf2021,A,0.2
wf2021,w0.2,20210525,0.0021056627573526974,0.002094035573462718,-9.706866964535865e-06,wf2021A,wf2021,A,0.2
wf2021,w0.2,20210526,0.0018973937642441643,0.001800383001716993,-9.882146000483579e-06,wf2021A,wf2021,A,0.2
wf2021,w0.2,20210527,-0.0016124202093282928,-0.0013798597489827133,-0.0002849937497287442,wf2021A,wf2021,A,0.2
wf2021,w0.2,20210528,0.0017259946574640604,0.0022353811275269133,-0.000516331782046171,wf2021A,wf2021,A,0.2
wf2021,w0.2,20210531,0.0026529165772887133,0.0024615968441944604,0.00028619872409983883,wf2021A,wf2021,A,0.2
wf2021,w0.2,20210601,0.002136805284125848,0.0019270099566980757,0.00018764860212992882,wf2021A,wf2021,A,0.2
wf2021,w0.2,20210602,-0.0013740244900168651,-0.001520396061046716,0.000181113976719754,wf2021A,wf2021,A,0.2
wf2021,w0.2,20210603,0.0018893592020165259,0.000803402583178376,0.0006744925151429897,wf2021A,wf2021,A,0.2
wf2021,w0.2,20210604,0.00048331520045266554,0.0002421141752837239,-2.6272001839061125e-05,wf2021A,wf2021,A,0.2
wf2021,w0.2,20210607,0.003754421558245747,0.0030804870539550937,0.0006885712922508453,wf2021A,wf2021,A,0.2
wf2021,w0.2,20210608,0.00043275775954772135,0.00012520906185308959,0.00015326081582037315,wf2021A,wf2021,A,0.2
wf2021,w0.2,20210609,0.0040287667503786035,0.0035625061385976225,0.0004222181400623047,wf2021A,wf2021,A,0.2
wf2021,w0.2,20210610,0.00017867158794398,0.0004346634223877001,-0.0001641617664523118,wf2021A,wf2021,A,0.2
wf2021,w0.2,20210611,0.005997658648618691,0.005106281103887305,0.0005934496746768506,wf2021A,wf2021,A,0.2
wf2021,w0.2,20210615,-0.00022080929361880698,-0.0005322486802658295,0.0001805942143721239,wf2021A,wf2021,A,0.2
wf2021,w0.2,20210616,0.002023710145498854,0.0023100364033121217,-0.00026028109519125886,wf2021A,wf2021,A,0.2
wf2021,w0.2,20210617,0.0024504163497558497,0.002625964720837064,-0.0001815942964210608,wf2021A,wf2021,A,0.2
wf2021,w0.2,20210618,0.005043730128012194,0.005219437401956781,-0.00015885842489423823,wf2021A,wf2021,A,0.2
wf2021,w0.2,20210621,0.0007201727456431824,0.0007187513694302251,0.00011832271456631464,wf2021A,wf2021,A,0.2
wf2021,w0.2,20210622,-0.0004910883766261315,-0.0008437897744286854,0.00018928584775129042,wf2021A,wf2021,A,0.2
wf2021,w0.2,20210623,0.0015399963102462211,0.000637789062194414,0.0007631595946072328,wf2021A,wf2021,A,0.2
wf2021,w0.2,20210624,-0.0011220786947039594,-0.0010754215819324447,-9.902436916979851e-05,wf2021A,wf2021,A,0.2
wf2021,w0.2,20210625,0.004945336641192421,0.005109456715065228,-0.0002609991089282717,wf2021A,wf2021,A,0.2
wf2021,w0.2,20210628,-0.0029253377747896405,-0.0026531282853481243,-0.00033851264688329786,wf2021A,wf2021,A,0.2
wf2021,w0.2,20210629,0.0026138205825108132,0.0019301750964483516,0.00048395736298582806,wf2021A,wf2021,A,0.2
wf2021,w0.2,20210630,0.0018890023311320392,0.0019416693848618523,-3.415230399441268e-05,wf2021A,wf2021,A,0.2
wf2021,w0.2,20210701,2.9792738784183842e-05,4.042796915250803e-06,-0.00028788266106625495,wf2021A,wf2021,A,0.2
wf2021,w0.2,20210702,0.0032411584191674708,0.0030947742729954277,-4.400425761073314e-06,wf2021A,wf2021,A,0.2
wf2021,w0.2,20210705,0.0005882127070411401,0.0009299056321980179,2.7119133573746284e-05,wf2021A,wf2021,A,0.2
wf2021,w0.2,20210706,0.0037583517501130976,0.003926213511853431,-0.00017771327157290652,wf2021A,wf2021,A,0.2
wf2021,w0.2,20210707,0.0008518112218275945,0.0007063721459195434,-3.980093961835833e-05,wf2021A,wf2021,A,0.2
wf2021,w0.2,20210708,-0.0008986000639014972,-0.0012353506308315982,0.00018112511238060932,wf2021A,wf2021,A,0.2
wf2021,w0.2,20210709,0.00304969837807071,0.0028093170542987165,0.00018842235716315291,wf2021A,wf2021,A,0.2
wf2021,w0.2,20210712,-0.0007691815453802443,-0.0011597069845342269,0.00028619660191354094,wf2021A,wf2021,A,0.2
wf2021,w0.2,20210713,-0.00020656052729462436,-0.0003675369563582039,0.00022726798687316816,wf2021A,wf2021,A,0.2
wf2021,w0.2,20210714,-0.001832180952522293,-0.001392755110995391,-0.00044256251989364714,wf2021A,wf2021,A,0.2
wf2021,w0.2,20210715,-0.001963385577545185,-0.002195787229904788,3.6485482448944835e-05,wf2021A,wf2021,A,0.2
wf2021,w0.2,20210716,0.0038711509871976538,0.0035123820527468144,0.0002803698523251856,wf2021A,wf2021,A,0.2
wf2021,w0.2,20210719,0.00046459990645612327,0.0005731484495702035,-0.0002641219839936803,wf2021A,wf2021,A,0.2
wf2021,w0.2,20210720,0.0016820764405732422,0.002168089145420795,-0.0006684822537699123,wf2021A,wf2021,A,0.2
wf2021,w0.2,20210721,-0.0015981255402042227,-0.0018203282647798274,3.23996533313513e-05,wf2021A,wf2021,A,0.2
wf2021,w0.2,20210722,-0.0032676734341624703,-0.0035815772612117452,0.00016853709558964293,wf2021A,wf2021,A,0.2
wf2021,w0.2,20210723,0.00104621756594875,0.0010981296227354368,4.403908799122035e-06,wf2021A,wf2021,A,0.2
wf2021,w0.2,20210726,0.0018232215876591122,0.0011286148453090307,0.0005553179523308369,wf2021A,wf2021,A,0.2
wf2021,w0.2,20210727,-0.002012532940718674,-0.001412742229042821,-0.000502782515948492,wf2021A,wf2021,A,0.2
wf2021,w0.2,20210728,0.0018431413202333394,0.0006340003007224931,0.001179614083896291,wf2021A,wf2021,A,0.2
wf2021,w0.2,20210729,0.006320865745187887,0.005399456088093278,0.0007565748445765968,wf2021A,wf2021,A,0.2
wf2021,w0.2,20210730,0.00451757284563797,0.003806441759125719,0.0005825208307130891,wf2021A,wf2021,A,0.2
wf2021,w0.2,20210802,0.007419405884979636,0.006468454228205491,0.0008910566403731587,wf2021A,wf2021,A,0.2
wf2021,w0.2,20210803,-0.0016307861876235837,-0.00032284406906991675,-0.0014033526546980458,wf2021A,wf2021,A,0.2
wf2021,w0.2,20210804,0.0012941576019612584,0.0011312598634943567,0.0002990889972665814,wf2021A,wf2021,A,0.2
wf2021,w0.2,20210805,-0.0024489772093218534,-0.0022274323129184252,-0.0004004024273259796,wf2021A,wf2021,A,0.2
wf2021,w0.2,20210806,0.007802540216987902,0.007376020806383248,0.0005786595503337601,wf2021A,wf2021,A,0.2
wf2021,w0.3,20210422,0.0033066748817086314,0.0033215515729872257,-9.08263663516912e-05,wf2021A,wf2021,A,0.3
wf2021,w0.3,20210423,0.0005921449980996777,0.0001369850799757155,0.0002737465970738864,wf2021A,wf2021,A,0.3
wf2021,w0.3,20210426,0.001455639397012468,0.0013679165865820688,-0.00011956670275626988,wf2021A,wf2021,A,0.3
wf2021,w0.3,20210427,0.0005399460631837411,0.0008381483803657169,-5.499568619128686e-05,wf2021A,wf2021,A,0.3
wf2021,w0.3,20210428,-0.0001238082712046915,-0.00028177097620919885,-2.4953069543064263e-05,wf2021A,wf2021,A,0.3
wf2021,w0.3,20210429,-0.0016319864681997118,-0.001551336449346017,-0.00018935240038822043,wf2021A,wf2021,A,0.3
wf2021,w0.3,20210430,-0.0011564077864367542,-0.0013596871606907518,5.373921279514029e-05,wf2021A,wf2021,A,0.3
wf2021,w0.3,20210506,-0.002359575977217296,-0.00211593086866921,-0.00021467629804793634,wf2021A,wf2021,A,0.3
wf2021,w0.3,20210507,-0.003915232127854205,-0.0038500413717864157,-0.00010769984182555534,wf2021A,wf2021,A,0.3
wf2021,w0.3,20210510,0.003271734253989537,0.003377885363722649,-5.303971616851571e-05,wf2021A,wf2021,A,0.3
wf2021,w0.3,20210511,-0.0005381796809707327,-0.0007903979928867784,7.351116351253279e-05,wf2021A,wf2021,A,0.3
wf2021,w0.3,20210512,0.0016774626166554053,0.0012442826191740425,0.00035267220666102006,wf2021A,wf2021,A,0.3
wf2021,w0.3,20210513,0.00431865283327814,0.0038574248154875056,0.0003733573788452784,wf2021A,wf2021,A,0.3
wf2021,w0.3,20210514,0.0027506124509075304,0.0029397137294187516,-0.00022857812661754827,wf2021A,wf2021,A,0.3
wf2021,w0.3,20210517,0.0004233699795956145,0.0006161584842036064,-0.00015655987041269132,wf2021A,wf2021,A,0.3
wf2021,w0.3,20210518,0.0009528717564434054,0.0008270338668674167,9.047919844803996e-05,wf2021A,wf2021,A,0.3
wf2021,w0.3,20210519,0.00349559260921693,0.003155136075706051,0.00017314874775860704,wf2021A,wf2021,A,0.3
wf2021,w0.3,20210520,-0.0010141937967114894,-0.0009945489143390618,-6.297413777377794e-05,wf2021A,wf2021,A,0.3
wf2021,w0.3,20210521,0.0017184322050971031,0.0011763721252594267,0.00035792831723077234,wf2021A,wf2021,A,0.3
wf2021,w0.3,20210524,0.0012449470792062437,0.0012104184959889032,2.0277140731756678e-05,wf2021A,wf2021,A,0.3
wf2021,w0.3,20210525,0.001660823018001644,0.0015831883742981707,5.630059284895584e-05,wf2021A,wf2021,A,0.3
wf2021,w0.3,20210526,0.0017825695452697793,0.0015291056207204126,0.00014657101602170985,wf2021A,wf2021,A,0.3
wf2021,w0.3,20210527,-0.0012565857208600996,-0.0010274145062036692,-0.00028160450403959605,wf2021A,wf2021,A,0.3
wf2021,w0.3,20210528,0.002229156705493441,0.002549197678070094,-0.0003269862845599701,wf2021A,wf2021,A,0.3
wf2021,w0.3,20210531,0.0013438705371272529,0.0010850650936249935,0.0003536844345078447,wf2021A,wf2021,A,0.3
wf2021,w0.3,20210601,0.0018985444013604868,0.0017346817704291828,0.00014171590563346004,wf2021A,wf2021,A,0.3
wf2021,w0.3,20210602,-0.0014127207293357187,-0.0014382449143258362,6.026659068002053e-05,wf2021A,wf2021,A,0.3
wf2021,w0.3,20210603,0.0017520222669041923,0.0006955500600936728,0.0006450081031153589,wf2021A,wf2021,A,0.3
wf2021,w0.3,20210604,0.00014535012493211655,-0.00022907843816198103,0.00010695553608609508,wf2021A,wf2021,A,0.3
wf2021,w0.3,20210607,0.003940957603947456,0.0034196154452023958,0.0005359789467052512,wf2021A,wf2021,A,0.3
wf2021,w0.3,20210608,0.00013424657129086463,-0.00024718944816072195,0.00022714813757732864,wf2021A,wf2021,A,0.3
wf2021,w0.3,20210609,0.004368067594028214,0.0038235558030680697,0.0005004693192414685,wf2021A,wf2021,A,0.3
wf2021,w0.3,20210610,0.0002553406451275735,0.0006035872380652256,-0.00025641652494624406,wf2021A,wf2021,A,0.3
wf2021,w0.3,20210611,0.0050495991383615775,0.004220564640267466,0.0005311066280395772,wf2021A,wf2021,A,0.3
wf2021,w0.3,20210615,-0.0008956341871378132,-0.0009624529946638043,-6.402636474890893e-05,wf2021A,wf2021,A,0.3
wf2021,w0.3,20210616,0.0020280700460394603,0.002030134578700896,2.3980629960572094e-05,wf2021A,wf2021,A,0.3
wf2021,w0.3,20210617,0.0022295853471646695,0.002217978117524834,5.561304299992034e-06,wf2021A,wf2021,A,0.3
wf2021,w0.3,20210618,0.005144487996645915,0.0050846901358567835,7.664670983947939e-05,wf2021A,wf2021,A,0.3
wf2021,w0.3,20210621,0.00024732307914142587,0.0003152983231914404,4.8926094303343325e-05,wf2021A,wf2021,A,0.3
wf2021,w0.3,20210622,-0.0008408003273051774,-0.0012691495625673436,0.00026493368521090204,wf2021A,wf2021,A,0.3
wf2021,w0.3,20210623,0.0016117253362184537,0.0010374895127024937,0.00043518817007138464,wf2021A,wf2021,A,0.3
wf2021,w0.3,20210624,-0.0017696072012443982,-0.0017346887151502368,-8.72857424924448e-05,wf2021A,wf2021,A,0.3
wf2021,w0.3,20210625,0.004720259868039633,0.004724400993536365,-0.00010102016055219855,wf2021A,wf2021,A,0.3
wf2021,w0.3,20210628,-0.0025735290624511655,-0.0023021709346058832,-0.000337661285287064,wf2021A,wf2021,A,0.3
wf2021,w0.3,20210629,0.0029655714265394584,0.0022313890417798624,0.0005344942616829635,wf2021A,wf2021,A,0.3
wf2021,w0.3,20210630,0.00024660129569717935,0.0004506405878921709,-0.00018552454245959244,wf2021A,wf2021,A,0.3
wf2021,w0.3,20210701,0.00015057366590230659,0.00010917095014161579,-0.00027222988717449833,wf2021A,wf2021,A,0.3
wf2021,w0.3,20210702,0.0024600866739516447,0.002157005556100399,0.00015229654591812826,wf2021A,wf2021,A,0.3
wf2021,w0.3,20210705,0.0006665639908176116,0.0010678461711793549,-3.2470121631118716e-05,wf2021A,wf2021,A,0.3
wf2021,w0.3,20210706,0.0034642301067636166,0.0034791358707486337,-2.4757273817591356e-05,wf2021A,wf2021,A,0.3
wf2021,w0.3,20210707,0.0017947367894624601,0.001642003107621483,-3.250633368543183e-05,wf2021A,wf2021,A,0.3
wf2021,w0.3,20210708,-0.0022038106779866794,-0.0025568840433514758,0.00019744791081530608,wf2021A,wf2021,A,0.3
wf2021,w0.3,20210709,0.004472362845831114,0.004092562963152034,0.00032784091607023934,wf2021A,wf2021,A,0.3
wf2021,w0.3,20210712,-0.0004998728484330358,-0.0009648000000322273,0.00036059831435875014,wf2021A,wf2021,A,0.3
wf2021,w0.3,20210713,-0.00020766022398509623,-0.00034010718300434576,0.0001987385168288376,wf2021A,wf2021,A,0.3
wf2021,w0.3,20210714,-0.002325640919643405,-0.0018890366305985271,-0.00043974096741162427,wf2021A,wf2021,A,0.3
wf2021,w0.3,20210715,-0.0006121218910821312,-0.0008004714471813372,-7.566613811452866e-06,wf2021A,wf2021,A,0.3
wf2021,w0.3,20210716,0.0034367556667073565,0.003057281371838269,0.000301075212743433,wf2021A,wf2021,A,0.3
wf2021,w0.3,20210719,0.0012329197552351369,0.0013051254104920376,-0.00022777909613650157,wf2021A,wf2021,A,0.3
wf2021,w0.3,20210720,0.000943388252108962,0.0013128007282406215,-0.000551882025054019,wf2021A,wf2021,A,0.3
wf2021,w0.3,20210721,-0.00030416384027397636,-0.0005388361188778045,4.486920735957476e-05,wf2021A,wf2021,A,0.3
wf2021,w0.3,20210722,-0.002207099063492042,-0.0024116365728066966,5.91707778550249e-05,wf2021A,wf2021,A,0.3
wf2021,w0.3,20210723,0.0015848144313117228,0.0016117253386354476,2.9405058262082693e-05,wf2021A,wf2021,A,0.3
wf2021,w0.3,20210726,0.0009921460014394139,0.0003476095372830897,0.0005052476741370848,wf2021A,wf2021,A,0.3
wf2021,w0.3,20210727,-0.0023187115934360514,-0.0016675761917326357,-0.0005541272059760518,wf2021A,wf2021,A,0.3
wf2021,w0.3,20210728,0.0018826010126889378,0.00043650900358657165,0.0014165650734878153,wf2021A,wf2021,A,0.3
wf2021,w0.3,20210729,0.006858175467838047,0.005887800570409759,0.0008055400849102782,wf2021A,wf2021,A,0.3
wf2021,w0.3,20210730,0.004928845161568829,0.004198027991056959,0.0006022069147127086,wf2021A,wf2021,A,0.3
wf2021,w0.3,20210802,0.006465319031090512,0.005656616013153181,0.0007488080015363445,wf2021A,wf2021,A,0.3
wf2021,w0.3,20210803,-0.0009648282852836258,0.00016196722641542032,-0.0012222060478434254,wf2021A,wf2021,A,0.3
wf2021,w0.3,20210804,0.0015903769942176823,0.0015075246697169823,0.00021904358330037896,wf2021A,wf2021,A,0.3
wf2021,w0.3,20210805,-0.0027492939628663018,-0.00253965965858441,-0.0003884918352044426,wf2021A,wf2021,A,0.3
wf2021,w0.3,20210806,0.007175029196420537,0.006779999493449223,0.0005471698427004213,wf2021A,wf2021,A,0.3
wf2021,w0.4,20210422,0.00280120594633396,0.0027369102853975237,-1.165401413666081e-05,wf2021A,wf2021,A,0.4
wf2021,w0.4,20210423,0.0002855683098132488,-5.286268470631099e-05,0.0001570176734694828,wf2021A,wf2021,A,0.4
wf2021,w0.4,20210426,0.0013735561106703693,0.001359731472647637,-0.00019346487516393716,wf2021A,wf2021,A,0.4
wf2021,w0.4,20210427,0.0010074952915892963,0.0012979133172856918,-4.721139470570638e-05,wf2021A,wf2021,A,0.4
wf2021,w0.4,20210428,0.00022452571391227017,0.00020694711105237945,-0.00016533717168768145,wf2021A,wf2021,A,0.4
wf2021,w0.4,20210429,-0.0027415310796856194,-0.002685477728703322,-0.00016475573251682098,wf2021A,wf2021,A,0.4
wf2021,w0.4,20210430,-0.0011732848089538337,-0.0014910853407565869,0.00016826037034389516,wf2021A,wf2021,A,0.4
wf2021,w0.4,20210506,-0.0020935366268169334,-0.001746672315597947,-0.0003178955007188346,wf2021A,wf2021,A,0.4
wf2021,w0.4,20210507,-0.004189450947007899,-0.00418527261077906,-4.668742198660528e-05,wf2021A,wf2021,A,0.4
wf2021,w0.4,20210510,0.002882343651919697,0.0031570093851495938,-0.00022155433966529955,wf2021A,wf2021,A,0.4
wf2021,w0.4,20210511,-0.0004280902349903734,-0.000750687605100075,0.00014389022170618914,wf2021A,wf2021,A,0.4
wf2021,w0.4,20210512,0.0009375844772755567,0.0006424857910820807,0.0002145908953731335,wf2021A,wf2021,A,0.4
wf2021,w0.4,20210513,0.00452117833176113,0.0039828971235732384,0.00045041056924253483,wf2021A,wf2021,A,0.4
wf2021,w0.4,20210514,0.003723620618279456,0.0037593900246521736,-7.524625447904496e-05,wf2021A,wf2021,A,0.4
wf2021,w0.4,20210517,0.0004982111645601148,0.0007351564036193937,-0.000200716604863978,wf2021A,wf2021,A,0.4
wf2021,w0.4,20210518,0.0013433904249751368,0.0012154185976217713,9.261313622541756e-05,wf2021A,wf2021,A,0.4
wf2021,w0.4,20210519,0.0038999714438735164,0.003553525603091561,0.00017913805502968284,wf2021A,wf2021,A,0.4
wf2021,w0.4,20210520,3.373818384178615e-05,0.00010169144609365843,-0.00011128251765322265,wf2021A,wf2021,A,0.4
wf2021,w0.4,20210521,0.0020107149194513296,0.0014204864738015703,0.00040609668304285643,wf2021A,wf2021,A,0.4
wf2021,w0.4,20210524,0.0015584921271192109,0.001454106158728479,9.013452590514865e-05,wf2021A,wf2021,A,0.4
wf2021,w0.4,20210525,0.0011338881324532164,0.0009457290943255734,0.00016682498727312736,wf2021A,wf2021,A,0.4
wf2021,w0.4,20210526,0.0014734661135377388,0.0010989077040919008,0.00026766550091818144,wf2021A,wf2021,A,0.4
wf2021,w0.4,20210527,-0.0013887187677492489,-0.0011226732232732688,-0.0003184788338591448,wf2021A,wf2021,A,0.4
wf2021,w0.4,20210528,0.0026879843936451903,0.002845023541671065,-0.00016398446000919284,wf2021A,wf2021,A,0.4
wf2021,w0.4,20210531,0.00014650960642337806,-0.00012419607628213016,0.0003655846737110935,wf2021A,wf2021,A,0.4
wf2021,w0.4,20210601,0.00233058645313513,0.0022775399836619213,3.0899744175365946e-05,wf2021A,wf2021,A,0.4
wf2021,w0.4,20210602,-0.0020224189815558034,-0.0019904803034860954,2.803727620194951e-06,wf2021A,wf2021,A,0.4
wf2021,w0.4,20210603,0.0014613415096561345,0.00034606857640771295,0.0007038088295532616,wf2021A,wf2021,A,0.4
wf2021,w0.4,20210604,5.794222976798682e-05,-0.00041940216233380534,0.000209871365093789,wf2021A,wf2021,A,0.4
wf2021,w0.4,20210607,0.004041474847339974,0.003674120596495295,0.0003819910388048702,wf2021A,wf2021,A,0.4
wf2021,w0.4,20210608,0.0003775875755761466,1.1164952329971911e-05,0.00021213474137191666,wf2021A,wf2021,A,0.4
wf2021,w0.4,20210609,0.004452190078072561,0.00384967769179924,0.000558469914554644,wf2021A,wf2021,A,0.4
wf2021,w0.4,20210610,0.0014663163804058106,0.0018585916505009506,-0.0003004452021037326,wf2021A,wf2021,A,0.4
wf2021,w0.4,20210611,0.004853821267309868,0.004076469915791256,0.0004794234814640764,wf2021A,wf2021,A,0.4
wf2021,w0.4,20210615,-0.0004752728776064221,-0.00036935301204429395,-0.00023676503783702626,wf2021A,wf2021,A,0.4
wf2021,w0.4,20210616,0.001656385614457915,0.001357209804474416,0.0003252209726055049,wf2021A,wf2021,A,0.4
wf2021,w0.4,20210617,0.0017888478728636439,0.0016104743314106227,0.00017232761611317508,wf2021A,wf2021,A,0.4
wf2021,w0.4,20210618,0.004843105069347344,0.004598339362588719,0.0002616145558089713,wf2021A,wf2021,A,0.4
wf2021,w0.4,20210621,-0.00013053555291157003,-6.035531886239867e-05,4.6721104304186004e-05,wf2021A,wf2021,A,0.4
wf2021,w0.4,20210622,0.0003222993982031886,-0.00015960513987067,0.0003184889880225944,wf2021A,wf2021,A,0.4
wf2021,w0.4,20210623,0.001210386839081476,0.0008187070392347259,0.0002526321464021756,wf2021A,wf2021,A,0.4
wf2021,w0.4,20210624,-0.001460706133497594,-0.0014281892329077368,-8.488415698814122e-05,wf2021A,wf2021,A,0.4
wf2021,w0.4,20210625,0.003846911569831268,0.003675329886945317,7.470264783048658e-05,wf2021A,wf2021,A,0.4
wf2021,w0.4,20210628,-0.0020381048245651633,-0.0017163933986375896,-0.0003880145833693548,wf2021A,wf2021,A,0.4
wf2021,w0.4,20210629,0.0025154394525142842,0.0016743668184064622,0.0006413845110311889,wf2021A,wf2021,A,0.4
wf2021,w0.4,20210630,0.0002836846830596221,0.000611829823525663,-0.00030963039073064063,wf2021A,wf2021,A,0.4
wf2021,w0.4,20210701,0.00036421015167841745,0.0003046267459371177,-0.0002540491971938885,wf2021A,wf2021,A,0.4
wf2021,w0.4,20210702,0.0019892340210796097,0.0015510077072906732,0.00028744174185581966,wf2021A,wf2021,A,0.4
wf2021,w0.4,20210705,0.0006706524595658078,0.00113345952345128,-9.39950051548484e-05,wf2021A,wf2021,A,0.4
wf2021,w0.4,20210706,0.0030094284017835827,0.002855501487699649,0.00014407540425135957,wf2021A,wf2021,A,0.4
wf2021,w0.4,20210707,0.0023132785580779512,0.0020930117017160573,3.5026840835485426e-05,wf2021A,wf2021,A,0.4
wf2021,w0.4,20210708,-0.001990609447004835,-0.002344978933796915,0.0001987440322425893,wf2021A,wf2021,A,0.4
wf2021,w0.4,20210709,0.004777227620091598,0.0043186429653833645,0.00040662568809939173,wf2021A,wf2021,A,0.4
wf2021,w0.4,20210712,-4.7333967962426456e-05,-0.00047011807154650765,0.00031845526634363913,wf2021A,wf2021,A,0.4
wf2021,w0.4,20210713,-0.0001171033723891806,-0.0002085638494195135,0.00015775203483992106,wf2021A,wf2021,A,0.4
wf2021,w0.4,20210714,-0.0014946272433442927,-0.001059468162829661,-0.0004382957588813765,wf2021A,wf2021,A,0.4
wf2021,w0.4,20210715,-0.00023136126469309863,-0.0003966266079270748,-3.065082667668232e-05,wf2021A,wf2021,A,0.4
wf2021,w0.4,20210716,0.003437737442703044,0.003024765763184597,0.0003345725973927931,wf2021A,wf2021,A,0.4
wf2021,w0.4,20210719,0.0013683158186142972,0.0013163573159694691,-0.00010361493823477226,wf2021A,wf2021,A,0.4
wf2021,w0.4,20210720,0.0011924530734886852,0.0013964500638930688,-0.00038646653932674214,wf2021A,wf2021,A,0.4
wf2021,w0.4,20210721,-0.00024300284443962627,-0.0004663096653267733,3.350374964289376e-05,wf2021A,wf2021,A,0.4
wf2021,w0.4,20210722,-0.0016982427585340732,-0.001831316374867541,-1.2293115126162698e-05,wf2021A,wf2021,A,0.4
wf2021,w0.4,20210723,0.0006231753093937174,0.0006945209398275812,-1.5029664848055754e-05,wf2021A,wf2021,A,0.4
wf2021,w0.4,20210726,0.0025800903992252468,0.002190177744328634,0.00025062386487737084,wf2021A,wf2021,A,0.4
wf2021,w0.4,20210727,-0.0009251513416945085,-0.00022343719140489144,-0.0006047059545622558,wf2021A,wf2021,A,0.4
wf2021,w0.4,20210728,0.0022502676261413543,0.00046139395405000484,0.001759346736476798,wf2021A,wf2021,A,0.4
wf2021,w0.4,20210729,0.0064139388223026835,0.005571514844718976,0.0006775891650656987,wf2021A,wf2021,A,0.4
wf2021,w0.4,20210730,0.0049077393143847,0.004143733566139073,0.0006353954924464607,wf2021A,wf2021,A,0.4
wf2021,w0.4,20210802,0.005742962289363682,0.005133364908956575,0.000549702364006122,wf2021A,wf2021,A,0.4
wf2021,w0.4,20210803,-0.00023989466496893153,0.0005325194195947823,-0.0008678246207080928,wf2021A,wf2021,A,0.4
wf2021,w0.4,20210804,0.0013541500529526945,0.0013450399156312773,0.00014530139612109558,wf2021A,wf2021,A,0.4
wf2021,w0.4,20210805,-0.00274678798239713,-0.0026338769044607388,-0.0002917686088589416,wf2021A,wf2021,A,0.4
wf2021,w0.4,20210806,0.007725359988430861,0.007369350702189422,0.0005081494259705468,wf2021A,wf2021,A,0.4
wf2021,w0.5,20210422,0.0029799487906897607,0.0029157033903510704,-1.1704274734406352e-05,wf2021A,wf2021,A,0.5
wf2021,w0.5,20210423,0.000496669518293625,0.00023049506185558705,8.476113538796154e-05,wf2021A,wf2021,A,0.5
wf2021,w0.5,20210426,0.00010536391565870058,0.00019037843985044033,-0.0002923040373784101,wf2021A,wf2021,A,0.5
wf2021,w0.5,20210427,0.0008282351759504544,0.0010776843909259186,-6.2425839847754465e-06,wf2021A,wf2021,A,0.5
wf2021,w0.5,20210428,-0.00047925548911414073,-0.00042688696889842185,-0.00023528429476328994,wf2021A,wf2021,A,0.5
wf2021,w0.5,20210429,-0.0018771770447297918,-0.001854966787225573,-0.0001309126390387446,wf2021A,wf2021,A,0.5
wf2021,w0.5,20210430,-0.001375022828056544,-0.001700800905346785,0.0001762379158313822,wf2021A,wf2021,A,0.5
wf2021,w0.5,20210506,-0.0016722342632164754,-0.0013173535241795267,-0.00032591192853679917,wf2021A,wf2021,A,0.5
wf2021,w0.5,20210507,-0.004663514231459113,-0.0045766082040249725,-0.00012941511319190753,wf2021A,wf2021,A,0.5
wf2021,w0.5,20210510,0.0026305277598399103,0.0029158042604484494,-0.00023216510704394228,wf2021A,wf2021,A,0.5
wf2021,w0.5,20210511,-0.0007524976700667776,-0.0010727065370307277,0.00014150171856043916,wf2021A,wf2021,A,0.5
wf2021,w0.5,20210512,1.017030311049015e-05,-0.0002496736327128338,0.00017933614500298224,wf2021A,wf2021,A,0.5
wf2021,w0.5,20210513,0.0037470357045019526,0.003121212957350915,0.0005379521082056844,wf2021A,wf2021,A,0.5
wf2021,w0.5,20210514,0.004088575030934422,0.004109363310385391,-6.026512755729606e-05,wf2021A,wf2021,A,0.5
wf2021,w0.5,20210517,0.0001767175961635897,0.0004377112070201897,-0.00022476497666129843,wf2021A,wf2021,A,0.5
wf2021,w0.5,20210518,0.0016030219258770593,0.0015095175956477002,5.814563910141112e-05,wf2021A,wf2021,A,0.5
wf2021,w0.5,20210519,0.004638615767665334,0.0042553316883445,0.00021597629356856209,wf2021A,wf2021,A,0.5
wf2021,w0.5,20210520,0.00012081181503197048,0.00019714595155708716,-0.0001196633919264668,wf2021A,wf2021,A,0.5
wf2021,w0.5,20210521,0.0015225604618386672,0.0008960136969196316,0.0004424150023121326,wf2021A,wf2021,A,0.5
wf2021,w0.5,20210524,0.0014492616570601653,0.001349640347647044,8.536986692753688e-05,wf2021A,wf2021,A,0.5
wf2021,w0.5,20210525,0.0019031238778757457,0.0016997767973845682,0.00018201302963666242,wf2021A,wf2021,A,0.5
wf2021,w0.5,20210526,0.0019140316307302311,0.0014430230917254552,0.00036411563047712036,wf2021A,wf2021,A,0.5
wf2021,w0.5,20210527,-0.0012753896983117535,-0.0009786421818254079,-0.0003491808058695105,wf2021A,wf2021,A,0.5
wf2021,w0.5,20210528,0.0024473976172068364,0.0025985480668099495,-0.00015809576158643207,wf2021A,wf2021,A,0.5
wf2021,w0.5,20210531,0.0003289252463279232,3.953092277303769e-05,0.0003842733145604706,wf2021A,wf2021,A,0.5
wf2021,w0.5,20210601,0.0017578348941829133,0.0017500054956592086,-1.4317326774137445e-05,wf2021A,wf2021,A,0.5
wf2021,w0.5,20210602,-0.0017529472254901718,-0.0016605648276441145,-5.7639992156154415e-05,wf2021A,wf2021,A,0.5
wf2021,w0.5,20210603,0.0009115048588523599,-0.00020902454923133243,0.0007090653043885323,wf2021A,wf2021,A,0.5
wf2021,w0.5,20210604,0.0011371997414421206,0.00064690181964081,0.00022282489479330867,wf2021A,wf2021,A,0.5
wf2021,w0.5,20210607,0.0036234954762634167,0.0032527189982593974,0.00038541326596421097,wf2021A,wf2021,A,0.5
wf2021,w0.5,20210608,0.001067050590642638,0.0006979773672859948,0.00021478534148238512,wf2021A,wf2021,A,0.5
wf2021,w0.5,20210609,0.00463411398261438,0.003992075305946742,0.0005979962049489597,wf2021A,wf2021,A,0.5
wf2021,w0.5,20210610,0.0010240300215572373,0.0013827475237081013,-0.0002668874341594555,wf2021A,wf2021,A,0.5
wf2021,w0.5,20210611,0.00419940860178033,0.0033931798937531068,0.0005083008379726879,wf2021A,wf2021,A,0.5
wf2021,w0.5,20210615,9.895228720052836e-05,0.00018393277442263636,-0.00021582565949700773,wf2021A,wf2021,A,0.5
wf2021,w0.5,20210616,0.0019246380534921701,0.0015837188204096925,0.0003669643957044857,wf2021A,wf2021,A,0.5
wf2021,w0.5,20210617,0.0009523916366495546,0.0007347476511413583,0.0002115980601683504,wf2021A,wf2021,A,0.5
wf2021,w0.5,20210618,0.0044868549160450594,0.0042066036094285325,0.0002971001556668747,wf2021A,wf2021,A,0.5
wf2021,w0.5,20210621,1.3374135044163377e-05,0.00013253947489979179,-2.264001502271886e-06,wf2021A,wf2021,A,0.5
wf2021,w0.5,20210622,-4.569997404372996e-05,-0.0005647835127477645,0.00035566798865277,wf2021A,wf2021,A,0.5
wf2021,w0.5,20210623,0.0003434819064057114,-6.699543602159028e-05,0.00027142968898272776,wf2021A,wf2021,A,0.5
wf2021,w0.5,20210624,-0.0017033370305485668,-0.0017256550103440793,-3.0049276602771317e-05,wf2021A,wf2021,A,0.5
wf2021,w0.5,20210625,0.004245011096447901,0.003984828698593184,0.00016330336279925267,wf2021A,wf2021,A,0.5
wf2021,w0.5,20210628,-0.0016636122387839996,-0.0014243051304233655,-0.00030561026580241556,wf2021A,wf2021,A,0.5
wf2021,w0.5,20210629,0.001455205783797285,0.0007152582728899139,0.000540259387830738,wf2021A,wf2021,A,0.5
wf2021,w0.5,20210630,0.0022306310058604877,0.002676261937110732,-0.00042711618151484445,wf2021A,wf2021,A,0.5
wf2021,w0.5,20210701,-0.00010320789671326627,-0.00022197830190429297,-0.00019486219774416164,wf2021A,wf2021,A,0.5
wf2021,w0.5,20210702,0.00193530727385368,0.001434600651867431,0.00034992205005313234,wf2021A,wf2021,A,0.5
wf2021,w0.5,20210705,-2.6111373317357382e-05,0.0004598767304754179,-0.0001171760450621519,wf2021A,wf2021,A,0.5
wf2021,w0.5,20210706,0.002864783765868863,0.0026353914765398063,0.00021954077949648207,wf2021A,wf2021,A,0.5
wf2021,w0.5,20210707,0.0026845173820751822,0.0024463402650358817,5.293710151289146e-05,wf2021A,wf2021,A,0.5
wf2021,w0.5,20210708,-0.00209067695074146,-0.0024512235210104602,0.00020492111571950898,wf2021A,wf2021,A,0.5
wf2021,w0.5,20210709,0.004349483428445742,0.003847917933892904,0.00044960652794399664,wf2021A,wf2021,A,0.5
wf2021,w0.5,20210712,0.0005004066172862032,0.00011185120403751789,0.00028422657600824376,wf2021A,wf2021,A,0.5
wf2021,w0.5,20210713,0.0007336182467912837,0.0006515513132648654,0.00014835849133600733,wf2021A,wf2021,A,0.5
wf2021,w0.5,20210714,-0.0016549966833313574,-0.0012274372480993317,-0.0004306961135987718,wf2021A,wf2021,A,0.5
wf2021,w0.5,20210715,-0.0006617761054971325,-0.0008192207414748059,-3.8471533932986926e-05,wf2021A,wf2021,A,0.5
wf2021,w0.5,20210716,0.002369927497781891,0.0019978249963653674,0.00029370341929086947,wf2021A,wf2021,A,0.5
wf2021,w0.5,20210719,0.0008732619785116239,0.0007297005952830774,-1.2012057651053845e-05,wf2021A,wf2021,A,0.5
wf2021,w0.5,20210720,0.00038334295078771945,0.00044420192729264043,-0.00024332852542727971,wf2021A,wf2021,A,0.5
wf2021,w0.5,20210721,-0.0005645662201089526,-0.0007842149376720551,2.9845646318849548e-05,wf2021A,wf2021,A,0.5
wf2021,w0.5,20210722,-0.0026962873069034214,-0.0027783718806069883,-6.328215775606327e-05,wf2021A,wf2021,A,0.5
wf2021,w0.5,20210723,0.0010915630377817415,0.0012227343886749365,-7.485538530738866e-05,wf2021A,wf2021,A,0.5
wf2021,w0.5,20210726,0.0022535171433449713,0.002050570846648623,6.365750667710658e-05,wf2021A,wf2021,A,0.5
wf2021,w0.5,20210727,-0.0004586135156305002,0.00029142967873835714,-0.000653034998641496,wf2021A,wf2021,A,0.5
wf2021,w0.5,20210728,0.0016969630118367565,-0.00013107107561363403,0.0017985071518358342,wf2021A,wf2021,A,0.5
wf2021,w0.5,20210729,0.005728957759403052,0.004732730477073796,0.0008313924698112439,wf2021A,wf2021,A,0.5
wf2021,w0.5,20210730,0.006072310004074672,0.005333078213353713,0.0006106215349217947,wf2021A,wf2021,A,0.5
wf2021,w0.5,20210802,0.0056395232513435645,0.004969408826982604,0.0006102194079599734,wf2021A,wf2021,A,0.5
wf2021,w0.5,20210803,9.497332573015459e-05,0.0008341583201929619,-0.0008345955306071868,wf2021A,wf2021,A,0.5
wf2021,w0.5,20210804,0.0013477221934286802,0.0013341133779230497,0.00014980007430530945,wf2021A,wf2021,A,0.5
wf2021,w0.5,20210805,-0.003864241610768501,-0.003785765128948157,-0.0002573340127428959,wf2021A,wf2021,A,0.5
wf2021,w0.5,20210806,0.008002231855628332,0.007673652246273708,0.00048071974908373244,wf2021A,wf2021,A,0.5
wf2021,w0.6,20210422,0.003776497568394782,0.0036728077304167763,2.7740162904909575e-05,wf2021A,wf2021,A,0.6
wf2021,w0.6,20210423,0.0005475183063166512,0.0003109543927164152,5.515059255015938e-05,wf2021A,wf2021,A,0.6
wf2021,w0.6,20210426,0.0007681763528326344,0.0008541674655891744,-0.0002932806259432091,wf2021A,wf2021,A,0.6
wf2021,w0.6,20210427,0.000906200774236515,0.0011234504698667026,2.5956935360501245e-05,wf2021A,wf2021,A,0.6
wf2021,w0.6,20210428,-0.00011234572119882746,-4.505745804201556e-05,-0.0002502040377043842,wf2021A,wf2021,A,0.6
wf2021,w0.6,20210429,-0.0016773524638442356,-0.001662276059764892,-0.00012377878561386856,wf2021A,wf2021,A,0.6
wf2021,w0.6,20210430,-0.001588272705825473,-0.001982191281645956,0.0002443784143616242,wf2021A,wf2021,A,0.6
wf2021,w0.6,20210506,-0.001739565692951365,-0.0012993232546142804,-0.0004112736278369356,wf2021A,wf2021,A,0.6
wf2021,w0.6,20210507,-0.004487071444033937,-0.004328356892015016,-0.00020122363777668644,wf2021A,wf2021,A,0.6
wf2021,w0.6,20210510,0.0028503860749092827,0.0032289678950893326,-0.0003254704266154534,wf2021A,wf2021,A,0.6
wf2021,w0.6,20210511,-0.0007655601903902819,-0.0011045104988477864,0.00016024316005399316,wf2021A,wf2021,A,0.6
wf2021,w0.6,20210512,0.0001758360559592758,-2.9631043990716466e-05,0.00012495930912964924,wf2021A,wf2021,A,0.6
wf2021,w0.6,20210513,0.00424155944671397,0.0035436225676473095,0.0006100662401213059,wf2021A,wf2021,A,0.6
wf2021,w0.6,20210514,0.006181646170814388,0.006125782259929953,1.638706277810585e-05,wf2021A,wf2021,A,0.6
wf2021,w0.6,20210517,-7.82559294520797e-05,0.00020362195036570765,-0.0002456492456224872,wf2021A,wf2021,A,0.6
wf2021,w0.6,20210518,0.001268697879110201,0.0011963985441200567,3.69406438621961e-05,wf2021A,wf2021,A,0.6
wf2021,w0.6,20210519,0.005128187840893891,0.00474040359095469,0.00022047646418692958,wf2021A,wf2021,A,0.6
wf2021,w0.6,20210520,-0.0001799161715438991,-6.48139182453613e-05,-0.00015843150869988785,wf2021A,wf2021,A,0.6
wf2021,w0.6,20210521,0.0016644106752845477,0.0010801887730615344,0.00040009013961610955,wf2021A,wf2021,A,0.6
wf2021,w0.6,20210524,0.0015505302235862758,0.0014246997287350673,0.0001115790523656254,wf2021A,wf2021,A,0.6
wf2021,w0.6,20210525,0.0011913800593024455,0.0010150292721665482,0.0001550167362813823,wf2021A,wf2021,A,0.6
wf2021,w0.6,20210526,0.002887593375858877,0.0024247730846261454,0.0003559273827050772,wf2021A,wf2021,A,0.6
wf2021,w0.6,20210527,-0.0014149126580283327,-0.0011693845151474313,-0.00029796143226406614,wf2021A,wf2021,A,0.6
wf2021,w0.6,20210528,0.0023256401446061174,0.00250747844000351,-0.0001887836073807105,wf2021A,wf2021,A,0.6
wf2021,w0.6,20210531,0.0014269459444272367,0.001160313461367366,0.00036151147406545466,wf2021A,wf2021,A,0.6
wf2021,w0.6,20210601,0.00015844137670335302,0.0002141105620278932,-7.781591062238337e-05,wf2021A,wf2021,A,0.6
wf2021,w0.6,20210602,-0.0006505249266732015,-0.00043906755231811357,-0.00017671496866518424,wf2021A,wf2021,A,0.6
wf2021,w0.6,20210603,0.0015899193463524365,0.00047835754102270206,0.000700097701634575,wf2021A,wf2021,A,0.6
wf2021,w0.6,20210604,0.0011092774944456525,0.0006062317922018583,0.00023557267523579228,wf2021A,wf2021,A,0.6
wf2021,w0.6,20210607,0.0028053767220739536,0.002529650921052411,0.00029036258898173476,wf2021A,wf2021,A,0.6
wf2021,w0.6,20210608,0.000370032557598383,1.3568358107540193e-05,0.00020217631761658428,wf2021A,wf2021,A,0.6
wf2021,w0.6,20210609,0.004340220491949217,0.0037205947527210797,0.0005755832675094626,wf2021A,wf2021,A,0.6
wf2021,w0.6,20210610,0.0004076489538427496,0.0008056084546233053,-0.00030612943278914635,wf2021A,wf2021,A,0.6
wf2021,w0.6,20210611,0.0031960066424843803,0.0023985823595673566,0.0004994964128624885,wf2021A,wf2021,A,0.6
wf2021,w0.6,20210615,0.00012304150795722918,0.00034528570274818194,-0.0003530893670658521,wf2021A,wf2021,A,0.6
wf2021,w0.6,20210616,0.0015623017098621876,0.0012397631358472812,0.00034858373663691284,wf2021A,wf2021,A,0.6
wf2021,w0.6,20210617,0.0003702930945824606,0.00017205572963432448,0.00019219143960828928,wf2021A,wf2021,A,0.6
wf2021,w0.6,20210618,0.005374469015016573,0.005059069910444357,0.00033224795362256094,wf2021A,wf2021,A,0.6
wf2021,w0.6,20210621,0.0002780264333492096,0.00038471793167479896,1.0209840027767774e-05,wf2021A,wf2021,A,0.6
wf2021,w0.6,20210622,-0.00037700887679136593,-0.000953780439817972,0.0004133560129753417,wf2021A,wf2021,A,0.6
wf2021,w0.6,20210623,0.000627053237753015,0.0003009693603915609,0.0001870362239168785,wf2021A,wf2021,A,0.6
wf2021,w0.6,20210624,-0.0007374104038982848,-0.0007867271304573125,-3.050529839256541e-06,wf2021A,wf2021,A,0.6
wf2021,w0.6,20210625,0.00391804952737809,0.003751036394458857,7.013409786376783e-05,wf2021A,wf2021,A,0.6
wf2021,w0.6,20210628,-0.0008211872888201199,-0.0006291149167031981,-0.000258375529558702,wf2021A,wf2021,A,0.6
wf2021,w0.6,20210629,0.0005964330789158742,-0.00011383127661840345,0.0005105762324576444,wf2021A,wf2021,A,0.6
wf2021,w0.6,20210630,0.0019121977156385962,0.0024055996702066983,-0.0004748872048327007,wf2021A,wf2021,A,0.6
wf2021,w0.6,20210701,-0.0001531721289898067,-0.00027728598679199203,-0.00018951874513300154,wf2021A,wf2021,A,0.6
wf2021,w0.6,20210702,0.0018469521318917118,0.001338633468887404,0.00035753409107118993,wf2021A,wf2021,A,0.6
wf2021,w0.6,20210705,0.0003700583821811311,0.000906008463459127,-0.00016713802254737212,wf2021A,wf2021,A,0.6
wf2021,w0.6,20210706,0.002164450842843442,0.0019194036413102797,0.00023519569170058792,wf2021A,wf2021,A,0.6
wf2021,w0.6,20210707,0.0025901418298293825,0.002361369932758667,4.353188154430594e-05,wf2021A,wf2021,A,0.6
wf2021,w0.6,20210708,-0.001851839395448267,-0.0021940493348722757,0.00018658448487451763,wf2021A,wf2021,A,0.6
wf2021,w0.6,20210709,0.00420412672949776,0.003645585741454967,0.0005065820214339531,wf2021A,wf2021,A,0.6
wf2021,w0.6,20210712,-3.11914092981664e-05,-0.0004353240519548388,0.00029980380541623074,wf2021A,wf2021,A,0.6
wf2021,w0.6,20210713,0.0017246197237784332,0.0015984115536643792,0.00019249972792364289,wf2021A,wf2021,A,0.6
wf2021,w0.6,20210714,-0.0017140673719157964,-0.0012758186671663972,-0.0004413853831161435,wf2021A,wf2021,A,0.6
wf2021,w0.6,20210715,-0.0013744961937522512,-0.0014975899321982592,-7.28224314646512e-05,wf2021A,wf2021,A,0.6
wf2021,w0.6,20210716,0.0030650250864476987,0.002684762077860274,0.00030186392646177105,wf2021A,wf2021,A,0.6
wf2021,w0.6,20210719,0.0010400222034660503,0.0009101436833168642,-2.569492073041521e-05,wf2021A,wf2021,A,0.6
wf2021,w0.6,20210720,0.00025392677663286546,0.0003456902551940012,-0.0002742330274834927,wf2021A,wf2021,A,0.6
wf2021,w0.6,20210721,0.00012547555027426702,-9.059057652816853e-05,2.626305555818282e-05,wf2021A,wf2021,A,0.6
wf2021,w0.6,20210722,-0.0021556289281875404,-0.0022382786970131054,-6.271696263406603e-05,wf2021A,wf2021,A,0.6
wf2021,w0.6,20210723,0.0010777952510199612,0.001224434069640284,-9.032285303451566e-05,wf2021A,wf2021,A,0.6
wf2021,w0.6,20210726,0.002185416772146072,0.001998572407892173,4.755557423465615e-05,wf2021A,wf2021,A,0.6
wf2021,w0.6,20210727,-0.0008916604134481185,-0.00012745138024962952,-0.000667200837471128,wf2021A,wf2021,A,0.6
wf2021,w0.6,20210728,0.0013953763034294485,-0.00042874351495976286,0.0017945928827746548,wf2021A,wf2021,A,0.6
wf2021,w0.6,20210729,0.00600369601282455,0.004953422798228328,0.0008854384020782083,wf2021A,wf2021,A,0.6
wf2021,w0.6,20210730,0.007563124365557568,0.006812791018808667,0.0006217230909497455,wf2021A,wf2021,A,0.6
wf2021,w0.6,20210802,0.005380327553285918,0.004736220930242899,0.0005842116066420324,wf2021A,wf2021,A,0.6
wf2021,w0.6,20210803,0.00020427482973393168,0.0008931892102770554,-0.0007843249166875032,wf2021A,wf2021,A,0.6
wf2021,w0.6,20210804,0.0013122887550267668,0.0013816414062602612,6.683860756618513e-05,wf2021A,wf2021,A,0.6
wf2021,w0.6,20210805,-0.004248212879619625,-0.004262200522981737,-0.00016486988756043853,wf2021A,wf2021,A,0.6
wf2021,w0.6,20210806,0.008389080212796713,0.00807832718103688,0.0004628931714889377,wf2021A,wf2021,A,0.6
wf2021,w0.7,20210422,0.003636540951099731,0.0035161632041613173,4.442807186531717e-05,wf2021A,wf2021,A,0.7
wf2021,w0.7,20210423,-0.00043467340373423875,-0.0006842422623913585,6.81555376070429e-05,wf2021A,wf2021,A,0.7
wf2021,w0.7,20210426,0.0015481028476694919,0.0016016615926427293,-0.0002608482581599061,wf2021A,wf2021,A,0.7
wf2021,w0.7,20210427,0.0006773708151938326,0.0009746591963821151,-5.408175019759329e-05,wf2021A,wf2021,A,0.7
wf2021,w0.7,20210428,-0.000309577480580065,-0.00017325805603541071,-0.00031923519909222677,wf2021A,wf2021,A,0.7
wf2021,w0.7,20210429,-0.0016879098835220433,-0.0016767604163510298,-0.00011985184870554063,wf2021A,wf2021,A,0.7
wf2021,w0.7,20210430,-0.0015898067156553519,-0.0019560622539298443,0.00021671537681563536,wf2021A,wf2021,A,0.7
wf2021,w0.7,20210506,-0.0016818463189601021,-0.0012045812623055114,-0.00044829624615444095,wf2021A,wf2021,A,0.7
wf2021,w0.7,20210507,-0.00470566409340805,-0.004471751034157921,-0.00027642214500789763,wf2021A,wf2021,A,0.7
wf2021,w0.7,20210510,0.0015813950025139112,0.002028363979901327,-0.0003938575838228182,wf2021A,wf2021,A,0.7
wf2021,w0.7,20210511,-0.000393563030058431,-0.0007654375442911431,0.0001931673658292,wf2021A,wf2021,A,0.7
wf2021,w0.7,20210512,0.0007117092302211456,0.0005710383802533812,6.016305914742208e-05,wf2021A,wf2021,A,0.7
wf2021,w0.7,20210513,0.003545771265062763,0.0028755946219981158,0.0005823060041192943,wf2021A,wf2021,A,0.7
wf2021,w0.7,20210514,0.0063582725466240254,0.006231185963283883,8.760973523381615e-05,wf2021A,wf2021,A,0.7
wf2021,w0.7,20210517,0.0003472708348212705,0.0005269220601165219,-0.0001434225910999517,wf2021A,wf2021,A,0.7
wf2021,w0.7,20210518,0.0011950943547897445,0.0010838497883468945,7.588587531490184e-05,wf2021A,wf2021,A,0.7
wf2021,w0.7,20210519,0.005511673670628249,0.005174878375908964,0.0001694875089670121,wf2021A,wf2021,A,0.7
wf2021,w0.7,20210520,3.3245438659277194e-05,0.0001763166336707721,-0.00018640045041284575,wf2021A,wf2021,A,0.7
wf2021,w0.7,20210521,0.0007011957232271916,0.0001420522595267166,0.00037501170109357205,wf2021A,wf2021,A,0.7
wf2021,w0.7,20210524,0.0011412061457619638,0.0010414246654543153,8.553003782206396e-05,wf2021A,wf2021,A,0.7
wf2021,w0.7,20210525,0.0016202527749528198,0.0014345092406509294,0.00016440948344737476,wf2021A,wf2021,A,0.7
wf2021,w0.7,20210526,0.0033515170108822335,0.0028141522489557513,0.00043047185339882733,wf2021A,wf2021,A,0.7
wf2021,w0.7,20210527,-0.001156657085002576,-0.000904238602177293,-0.00030485177220844695,wf2021A,wf2021,A,0.7
wf2021,w0.7,20210528,0.002728620359310662,0.0027633279769277925,-4.165292960044804e-05,wf2021A,wf2021,A,0.7
wf2021,w0.7,20210531,0.0008706165817915675,0.0005380268039533473,0.0004274687688438063,wf2021A,wf2021,A,0.7
wf2021,w0.7,20210601,-0.00015277060767498324,-1.574358782782312e-05,-0.00015917374514500308,wf2021A,wf2021,A,0.7
wf2021,w0.7,20210602,-0.001212483418356134,-0.0008850043072452902,-0.00029273670542094007,wf2021A,wf2021,A,0.7
wf2021,w0.7,20210603,0.001973082475362529,0.0008421618034572783,0.0007194565682100906,wf2021A,wf2021,A,0.7
wf2021,w0.7,20210604,0.0015533908481274684,0.0009783842722530926,0.00030753354886637425,wf2021A,wf2021,A,0.7
wf2021,w0.7,20210607,0.0021060033921671546,0.001985209477783766,0.00013543070234358015,wf2021A,wf2021,A,0.7
wf2021,w0.7,20210608,0.0003133692082379724,-4.781689793468375e-05,0.00020689822429839793,wf2021A,wf2021,A,0.7
wf2021,w0.7,20210609,0.004269708935752262,0.0036471388712390144,0.000578527592794571,wf2021A,wf2021,A,0.7
wf2021,w0.7,20210610,-9.405334403227422e-05,0.0003530552473344476,-0.0003552785233753135,wf2021A,wf2021,A,0.7
wf2021,w0.7,20210611,0.0032916998210535814,0.0025333529633158936,0.00046041898768315334,wf2021A,wf2021,A,0.7
wf2021,w0.7,20210615,-0.0011799762584206903,-0.0008306478956125811,-0.0004801735350830071,wf2021A,wf2021,A,0.7
wf2021,w0.7,20210616,0.00212167064696836,0.0015527392843255807,0.000594976525264784,wf2021A,wf2021,A,0.7
wf2021,w0.7,20210617,0.0010757152286508115,0.0007389769458256688,0.00033069235748529744,wf2021A,wf2021,A,0.7
wf2021,w0.7,20210618,0.004964206502684398,0.004545496700502746,0.0004355586512319998,wf2021A,wf2021,A,0.7
wf2021,w0.7,20210621,0.0006735603427548576,0.0007784782431146653,1.1983437993550529e-05,wf2021A,wf2021,A,0.7
wf2021,w0.7,20210622,0.0002552902190210405,-0.00031583037769375574,0.0004077050466635314,wf2021A,wf2021,A,0.7
wf2021,w0.7,20210623,0.0001241960313808528,-0.0001574710107408177,0.00014261938867709504,wf2021A,wf2021,A,0.7
wf2021,w0.7,20210624,-0.000700706291599378,-0.0007460009332715357,-7.072614726126017e-06,wf2021A,wf2021,A,0.7
wf2021,w0.7,20210625,0.003327796216092772,0.003114087972338193,0.00011682920869911321,wf2021A,wf2021,A,0.7
wf2021,w0.7,20210628,-0.0009838106793024059,-0.0007476955572528399,-0.00030241827949134927,wf2021A,wf2021,A,0.7
wf2021,w0.7,20210629,0.001330595570546077,0.0005715359231050341,0.0005593715243644101,wf2021A,wf2021,A,0.7
wf2021,w0.7,20210630,0.0020248682364905467,0.0025980114520525893,-0.000554628465826644,wf2021A,wf2021,A,0.7
wf2021,w0.7,20210701,0.00014711322771199156,5.7471861351927195e-06,-0.00017226656135838983,wf2021A,wf2021,A,0.7
wf2021,w0.7,20210702,0.0019965651824612116,0.0013650123977156702,0.0004807682128124269,wf2021A,wf2021,A,0.7
wf2021,w0.7,20210705,0.0004374015870627383,0.0010473391548726345,-0.00024112550907927295,wf2021A,wf2021,A,0.7
wf2021,w0.7,20210706,0.0032182357055328585,0.0027399947999144445,0.00046838939578584067,wf2021A,wf2021,A,0.7
wf2021,w0.7,20210707,0.0030457408495896464,0.0027463022430264158,0.00011419859103682382,wf2021A,wf2021,A,0.7
wf2021,w0.7,20210708,-0.0015872795919167869,-0.0019438415373545116,0.00020093649088823333,wf2021A,wf2021,A,0.7
wf2021,w0.7,20210709,0.004013549250176484,0.0032627182814529945,0.000698872002114648,wf2021A,wf2021,A,0.7
wf2021,w0.7,20210712,0.0011294878590268906,0.0007304971030439349,0.0002946619187425162,wf2021A,wf2021,A,0.7
wf2021,w0.7,20210713,0.002408934733020101,0.0023119755421156787,0.00016325074871401004,wf2021A,wf2021,A,0.7
wf2021,w0.7,20210714,-0.0015241443222035935,-0.001195508333747067,-0.0003317726668232708,wf2021A,wf2021,A,0.7
wf2021,w0.7,20210715,-0.0010779134604508424,-0.0011658023212662136,-0.00010802730909528774,wf2021A,wf2021,A,0.7
wf2021,w0.7,20210716,0.003098259930125395,0.0027608863357093676,0.00025897451229037416,wf2021A,wf2021,A,0.7
wf2021,w0.7,20210719,-0.00011813250773561089,-0.0003278168423632182,5.411089374800698e-05,wf2021A,wf2021,A,0.7
wf2021,w0.7,20210720,0.0009461629616120976,0.0007981620521262695,-3.446863943652929e-05,wf2021A,wf2021,A,0.7
wf2021,w0.7,20210721,-0.0006114622959298398,-0.0008032551602266468,1.9897930525530784e-06,wf2021A,wf2021,A,0.7
wf2021,w0.7,20210722,-0.0021875801107701966,-0.002183330254203799,-0.00014961658802602892,wf2021A,wf2021,A,0.7
wf2021,w0.7,20210723,0.0013343566286854094,0.0015747596470902544,-0.00018408705281903556,wf2021A,wf2021,A,0.7
wf2021,w0.7,20210726,0.0021103677727607774,0.0022491493443881207,-0.0002780703616465876,wf2021A,wf2021,A,0.7
wf2021,w0.7,20210727,-0.0002822765237432967,0.0005483701720541004,-0.0007336385000700357,wf2021A,wf2021,A,0.7
wf2021,w0.7,20210728,0.002082914626569482,-0.00040541515547556873,0.0024588028464304955,wf2021A,wf2021,A,0.7
wf2021,w0.7,20210729,0.005114416841462695,0.004016459234537535,0.0009331227944071507,wf2021A,wf2021,A,0.7
wf2021,w0.7,20210730,0.007737093089508908,0.00697839727170885,0.0006300855620008966,wf2021A,wf2021,A,0.7
wf2021,w0.7,20210802,0.005892491248681327,0.005536707180124564,0.0002958890521557774,wf2021A,wf2021,A,0.7
wf2021,w0.7,20210803,0.00017023388592030987,0.0005416031534981429,-0.0004667798037222108,wf2021A,wf2021,A,0.7
wf2021,w0.7,20210804,0.0021454202707166152,0.002324456244406936,-4.284471489064142e-05,wf2021A,wf2021,A,0.7
wf2021,w0.7,20210805,-0.004333792046454484,-0.004390393325671729,-0.00012225625170530463,wf2021A,wf2021,A,0.7
wf2021,w0.7,20210806,0.007219504074310051,0.007150180501316894,0.00022146371272226053,wf2021A,wf2021,A,0.7
wf2021,w0.8,20210422,0.0035496774184513137,0.003360866175933033,0.0001128615674451838,wf2021A,wf2021,A,0.8
wf2021,w0.8,20210423,0.0002295171080734168,6.206844797973529e-05,-1.3964660956394512e-05,wf2021A,wf2021,A,0.8
wf2021,w0.8,20210426,0.001619797526207353,0.001787113287022737,-0.00037460527400205257,wf2021A,wf2021,A,0.8
wf2021,w0.8,20210427,-2.5405841583640062e-05,0.00018604249386307747,3.1758295543971996e-05,wf2021A,wf2021,A,0.8
wf2021,w0.8,20210428,-0.0004291473050433846,-0.0001812175790439918,-0.0004308455005469652,wf2021A,wf2021,A,0.8
wf2021,w0.8,20210429,-0.0014008927369071472,-0.0013848362275399673,-0.00012475889090170605,wf2021A,wf2021,A,0.8
wf2021,w0.8,20210430,-0.0014604409628565184,-0.00194052001989548,0.0003305388955801037,wf2021A,wf2021,A,0.8
wf2021,w0.8,20210506,-0.001194066823101361,-0.0006610594741705049,-0.0005040385384307061,wf2021A,wf2021,A,0.8
wf2021,w0.8,20210507,-0.004159892025506553,-0.004074986108333082,-0.00012741500293123785,wf2021A,wf2021,A,0.8
wf2021,w0.8,20210510,0.002233394271762888,0.002864683416074405,-0.0005781777507469198,wf2021A,wf2021,A,0.8
wf2021,w0.8,20210511,-0.0004285177429647711,-0.0008841203365459015,0.00027689544517761914,wf2021A,wf2021,A,0.8
wf2021,w0.8,20210512,0.0005725677571873236,0.0006264942110954053,-0.00013443424472842417,wf2021A,wf2021,A,0.8
wf2021,w0.8,20210513,0.0033328838319721735,0.0026738821551215704,0.0005711310379052491,wf2021A,wf2021,A,0.8
wf2021,w0.8,20210514,0.005412970181865271,0.005132197802477922,0.00024129553128102296,wf2021A,wf2021,A,0.8
wf2021,w0.8,20210517,0.001316293003726902,0.001403456208422952,-5.093457050075003e-05,wf2021A,wf2021,A,0.8
wf2021,w0.8,20210518,0.0012486684705724114,0.001085531673183815,0.00012777810626064882,wf2021A,wf2021,A,0.8
wf2021,w0.8,20210519,0.005565239226229252,0.005275386101961942,0.0001225453385150384,wf2021A,wf2021,A,0.8
wf2021,w0.8,20210520,0.00038028008060886397,0.0005337234482644306,-0.00019677262305691612,wf2021A,wf2021,A,0.8
wf2021,w0.8,20210521,0.001038851704401155,0.00045976567526995746,0.00039495426652429454,wf2021A,wf2021,A,0.8
wf2021,w0.8,20210524,0.0016081933661247928,0.0014668633424443735,0.00012707858119483632,wf2021A,wf2021,A,0.8
wf2021,w0.8,20210525,0.0009259921354515688,0.000712087321475393,0.00019257076312166184,wf2021A,wf2021,A,0.8
wf2021,w0.8,20210526,0.002447835239928339,0.0018069385936736037,0.0005340037377270789,wf2021A,wf2021,A,0.8
wf2021,w0.8,20210527,-0.00024503887998231656,7.19014093231564e-06,-0.0003046623102977981,wf2021A,wf2021,A,0.8
wf2021,w0.8,20210528,0.002829583895735975,0.0028119034115176816,1.073517223497346e-05,wf2021A,wf2021,A,0.8
wf2021,w0.8,20210531,0.0015024323467764424,0.001126394091287023,0.00047091724649500437,wf2021A,wf2021,A,0.8
wf2021,w0.8,20210601,-0.0004969466997878412,-0.0003564924770702788,-0.00016260094801540492,wf2021A,wf2021,A,0.8
wf2021,w0.8,20210602,-0.001190980769551969,-0.0008067215311924991,-0.0003495168326695669,wf2021A,wf2021,A,0.8
wf2021,w0.8,20210603,0.0021428857843401984,0.0010482933847743548,0.0006831282958706833,wf2021A,wf2021,A,0.8
wf2021,w0.8,20210604,0.0021225460449591756,0.001457919301709665,0.0003971537162415094,wf2021A,wf2021,A,0.8
wf2021,w0.8,20210607,0.0022974585369031648,0.002260973288503193,5.112203636016373e-05,wf2021A,wf2021,A,0.8
wf2021,w0.8,20210608,0.0007596379858463218,0.0003765898450094002,0.00022876025896266395,wf2021A,wf2021,A,0.8
wf2021,w0.8,20210609,0.003991233677672275,0.0033585628540064674,0.0005886283519471308,wf2021A,wf2021,A,0.8
wf2021,w0.8,20210610,0.00041072613829217213,0.0009153987151345883,-0.00041284250885100887,wf2021A,wf2021,A,0.8
wf2021,w0.8,20210611,0.0040480912296747724,0.003282656781927405,0.00046750657769283207,wf2021A,wf2021,A,0.8
wf2021,w0.8,20210615,-0.0008429926317945549,-0.00040725295449655724,-0.0005665848495728954,wf2021A,wf2021,A,0.8
wf2021,w0.8,20210616,0.000908454024578959,0.00023556672631779192,0.000698932460883173,wf2021A,wf2021,A,0.8
wf2021,w0.8,20210617,0.0007903382811124335,0.00040405953934605503,0.00038023281642653373,wf2021A,wf2021,A,0.8
wf2021,w0.8,20210618,0.005670728618372098,0.005244551831960202,0.0004430256354622437,wf2021A,wf2021,A,0.8
wf2021,w0.8,20210621,0.0008167590967501775,0.000934554405578366,-8.93970474831288e-07,wf2021A,wf2021,A,0.8
wf2021,w0.8,20210622,0.0002808796191086419,-0.0003562553355345649,0.0004737194045919425,wf2021A,wf2021,A,0.8
wf2021,w0.8,20210623,0.000561931047719337,0.00040891342172851475,1.3969972546247706e-05,wf2021A,wf2021,A,0.8
wf2021,w0.8,20210624,0.00043704380125338766,0.0003731055692042138,1.1570975650889749e-05,wf2021A,wf2021,A,0.8
wf2021,w0.8,20210625,0.004247570044499472,0.003940422622777526,0.00021026838666648177,wf2021A,wf2021,A,0.8
wf2021,w0.8,20210628,-0.0010167749088228466,-0.0007936397761056056,-0.0002894382901590225,wf2021A,wf2021,A,0.8
wf2021,w0.8,20210629,0.0019614561476353244,0.0011742507256264126,0.0005875172989322771,wf2021A,wf2021,A,0.8
wf2021,w0.8,20210630,0.0017607920234651905,0.0025363450846476216,-0.0007570383114470314,wf2021A,wf2021,A,0.8
wf2021,w0.8,20210701,0.000788808433356956,0.0006428554074606073,-0.0001676795770388397,wf2021A,wf2021,A,0.8
wf2021,w0.8,20210702,0.0021523903846557887,0.0013419423196820795,0.0006596634930405927,wf2021A,wf2021,A,0.8
wf2021,w0.8,20210705,-0.000741425298978307,-3.214571673121119e-05,-0.0003404675235164718,wf2021A,wf2021,A,0.8
wf2021,w0.8,20210706,0.0037621452496850337,0.0031206923037819644,0.000631601436070496,wf2021A,wf2021,A,0.8
wf2021,w0.8,20210707,0.0022192012925611178,0.0018461400822072488,0.00018782119482746074,wf2021A,wf2021,A,0.8
wf2021,w0.8,20210708,-0.0021013208393115346,-0.0024515412843156485,0.0001945949904546234,wf2021A,wf2021,A,0.8
wf2021,w0.8,20210709,0.003354082281330757,0.002477112430034222,0.0008250108846876935,wf2021A,wf2021,A,0.8
wf2021,w0.8,20210712,0.00027295448239962605,-0.00015375833169103639,0.00032238397685022195,wf2021A,wf2021,A,0.8
wf2021,w0.8,20210713,0.0039374187147216255,0.00391513621873089,8.857405380032456e-05,wf2021A,wf2021,A,0.8
wf2021,w0.8,20210714,-0.00032726197700341797,2.88912420139729e-05,-0.00035928989738413526,wf2021A,wf2021,A,0.8
wf2021,w0.8,20210715,0.00015803550793996586,0.00011727361253431606,-0.00015515427450500994,wf2021A,wf2021,A,0.8
wf2021,w0.8,20210716,0.0035947620242242134,0.0033099803043401326,0.00020638263775842747,wf2021A,wf2021,A,0.8
wf2021,w0.8,20210719,0.00010503151961880567,-0.0002058759826965221,0.00015533406143572652,wf2021A,wf2021,A,0.8
wf2021,w0.8,20210720,0.0012722535627124627,0.0007348726610842573,0.00035491135270584903,wf2021A,wf2021,A,0.8
wf2021,w0.8,20210721,-0.0016450127204879002,-0.0018294870210609799,-5.328770671173576e-06,wf2021A,wf2021,A,0.8
wf2021,w0.8,20210722,-0.002167365652474277,-0.001980250014299098,-0.00033248236963481017,wf2021A,wf2021,A,0.8
wf2021,w0.8,20210723,-0.00041223991704848577,-5.2108058556325516e-05,-0.00030381589290635473,wf2021A,wf2021,A,0.8
wf2021,w0.8,20210726,0.0018068294225781385,0.0022713155519920084,-0.0006037749194331116,wf2021A,wf2021,A,0.8
wf2021,w0.8,20210727,-4.009958606503161e-05,0.0009173879386696161,-0.0008604793290072827,wf2021A,wf2021,A,0.8
wf2021,w0.8,20210728,0.002700358955883088,-0.0003984242947150257,0.003069256314983561,wf2021A,wf2021,A,0.8
wf2021,w0.8,20210729,0.006252060563093386,0.005155812185861826,0.0009314135647135501,wf2021A,wf2021,A,0.8
wf2021,w0.8,20210730,0.006372555345138739,0.005618239344951339,0.0006257057443882337,wf2021A,wf2021,A,0.8
wf2021,w0.8,20210802,0.0056964425726970126,0.005833746175131942,-0.00019719861883591417,wf2021A,wf2021,A,0.8
wf2021,w0.8,20210803,-0.0001303602911932565,-4.183968739961022e-05,-0.00018393113993802517,wf2021A,wf2021,A,0.8
wf2021,w0.8,20210804,0.0012840833094470826,0.001585824650260925,-0.00016555008201416143,wf2021A,wf2021,A,0.8
wf2021,w0.8,20210805,-0.0032702864310323832,-0.003396660053440877,-5.248390851405651e-05,wf2021A,wf2021,A,0.8
wf2021,w0.8,20210806,0.006362193945618931,0.006557575491656108,-4.324140630807192e-05,wf2021A,wf2021,A,0.8
wf2021,w0.9,20210422,0.00394900003051301,0.003635270290743572,0.00023778006469634083,wf2021A,wf2021,A,0.9
wf2021,w0.9,20210423,-1.2236130873120171e-05,-5.2729907591900346e-05,-0.00014091954433129487,wf2021A,wf2021,A,0.9
wf2021,w0.9,20210426,0.0010023479973987745,0.001311099856102396,-0.0005160413718902909,wf2021A,wf2021,A,0.9
wf2021,w0.9,20210427,0.0006484449915570914,0.0007919124525237285,9.973917002405223e-05,wf2021A,wf2021,A,0.9
wf2021,w0.9,20210428,-0.0007202849768896363,-0.0003076595038391583,-0.00059554124759805,wf2021A,wf2021,A,0.9
wf2021,w0.9,20210429,-0.001660167226562731,-0.0016659461759382613,-0.00010292343215899456,wf2021A,wf2021,A,0.9
wf2021,w0.9,20210430,-0.0011777384595404194,-0.0020088128573816505,0.0006815342363823727,wf2021A,wf2021,A,0.9
wf2021,w0.9,20210506,-0.0013127147805875473,-0.0007047913189368231,-0.0005789546511505744,wf2021A,wf2021,A,0.9
wf2021,w0.9,20210507,-0.004065639570480312,-0.004396434890384356,0.0002882862341462769,wf2021A,wf2021,A,0.9
wf2021,w0.9,20210510,0.002523949441324753,0.0034798846767315162,-0.0009028238418421666,wf2021A,wf2021,A,0.9
wf2021,w0.9,20210511,0.0005218311545537712,-6.780196454834184e-05,0.00041092597069860095,wf2021A,wf2021,A,0.9
wf2021,w0.9,20210512,0.0009821625306861087,0.0014942885630482756,-0.000592633823182508,wf2021A,wf2021,A,0.9
wf2021,w0.9,20210513,0.0026016765890345874,0.002051690999636993,0.0004621149504522398,wf2021A,wf2021,A,0.9
wf2021,w0.9,20210514,0.006319546799587659,0.005956267018714942,0.00032380293276638875,wf2021A,wf2021,A,0.9
wf2021,w0.9,20210517,0.0013645390382802268,0.001285511738347588,0.00011525593412793982,wf2021A,wf2021,A,0.9
wf2021,w0.9,20210518,0.0017139439213688448,0.001499097947869742,0.00017948728237115522,wf2021A,wf2021,A,0.9
wf2021,w0.9,20210519,0.006150601767304481,0.005893588789066239,8.970519248596874e-05,wf2021A,wf2021,A,0.9
wf2021,w0.9,20210520,-0.00036161540478352465,-0.00022060280475156356,-0.00018434185543331105,wf2021A,wf2021,A,0.9
wf2021,w0.9,20210521,0.0013714241353454844,0.0009178227879983463,0.00026946958474023555,wf2021A,wf2021,A,0.9
wf2021,w0.9,20210524,0.0019782103436526994,0.0017126536470613428,0.000251305254105772,wf2021A,wf2021,A,0.9
wf2021,w0.9,20210525,0.0006383625093631749,0.00043546958240398557,0.0001815588761046739,wf2021A,wf2021,A,0.9
wf2021,w0.9,20210526,0.003126708375896201,0.002470355979447314,0.0005494594879212312,wf2021A,wf2021,A,0.9
wf2021,w0.9,20210527,-0.0008203778683406287,-0.0006119317359795927,-0.000260879421744201,wf2021A,wf2021,A,0.9
wf2021,w0.9,20210528,0.002121245052702895,0.0018806708546870569,0.0002336288860325192,wf2021A,wf2021,A,0.9
wf2021,w0.9,20210531,0.0008377216036508945,0.00039290219709171804,0.0005396983975647599,wf2021A,wf2021,A,0.9
wf2021,w0.9,20210601,-0.0004772112453857308,-0.0003235399713360489,-0.00017581799934752437,wf2021A,wf2021,A,0.9
wf2021,w0.9,20210602,-0.0013197089515954523,-0.0008068948615377559,-0.00047807168436779355,wf2021A,wf2021,A,0.9
wf2021,w0.9,20210603,0.002079011872419134,0.0008994013799036521,0.0007681463888203209,wf2021A,wf2021,A,0.9
wf2021,w0.9,20210604,0.0013316822836941305,0.0005414021707994948,0.0005228070858866339,wf2021A,wf2021,A,0.9
wf2021,w0.9,20210607,0.0015610628962133295,0.0016543555041263003,-7.865581995277878e-05,wf2021A,wf2021,A,0.9
wf2021,w0.9,20210608,0.0015408267222568992,0.0010523912791973458,0.00033414756118529476,wf2021A,wf2021,A,0.9
wf2021,w0.9,20210609,0.004639510967268595,0.003981951996290933,0.0006135164992589838,wf2021A,wf2021,A,0.9
wf2021,w0.9,20210610,0.0010253229026877756,0.0016203703517702166,-0.0005032173810910321,wf2021A,wf2021,A,0.9
wf2021,w0.9,20210611,0.003814529278625852,0.003064187927077769,0.00045241348149354743,wf2021A,wf2021,A,0.9
wf2021,w0.9,20210615,-0.0014160272572008546,-0.000761621726794201,-0.0007852507026815505,wf2021A,wf2021,A,0.9
wf2021,w0.9,20210616,0.0021105379912738868,0.001163127014313434,0.0009734561395824587,wf2021A,wf2021,A,0.9
wf2021,w0.9,20210617,0.0018830815539155488,0.0013993006705980136,0.00047773495797769056,wf2021A,wf2021,A,0.9
wf2021,w0.9,20210618,0.005688802796289206,0.005063633395039905,0.0006420182502996504,wf2021A,wf2021,A,0.9
wf2021,w0.9,20210621,0.0005683871834967387,0.0007146339990451796,-2.9345477195084e-05,wf2021A,wf2021,A,0.9
wf2021,w0.9,20210622,0.0017537809348656805,0.0010286280422117816,0.000561737342602634,wf2021A,wf2021,A,0.9
wf2021,w0.9,20210623,0.0004988324358702716,0.0004649217900737302,-0.00010513700764803395,wf2021A,wf2021,A,0.9
wf2021,w0.9,20210624,-0.00016954332950914076,-0.0002883847305243228,6.647414461689809e-05,wf2021A,wf2021,A,0.9
wf2021,w0.9,20210625,0.0045006635081608045,0.00409290209704188,0.00031088237606345827,wf2021A,wf2021,A,0.9
wf2021,w0.9,20210628,0.0008050396749654833,0.0010569595752624777,-0.0003182230577387765,wf2021A,wf2021,A,0.9
wf2021,w0.9,20210629,0.001540820794731109,0.0007285964870438769,0.0006125361846105996,wf2021A,wf2021,A,0.9
wf2021,w0.9,20210630,0.0022040988117606065,0.0031315655532620766,-0.0009089519917660713,wf2021A,wf2021,A,0.9
wf2021,w0.9,20210701,-0.00028332383096014557,-0.00044758098650460516,-0.00014937544739072913,wf2021A,wf2021,A,0.9
wf2021,w0.9,20210702,0.0021380382957181705,0.0011940972523334494,0.0007931564714516046,wf2021A,wf2021,A,0.9
wf2021,w0.9,20210705,-0.0008118393739566097,-4.442720708728971e-05,-0.00039860010813869606,wf2021A,wf2021,A,0.9
wf2021,w0.9,20210706,0.004308117231533363,0.00353256804037518,0.000765697681325608,wf2021A,wf2021,A,0.9
wf2021,w0.9,20210707,0.0016944980747432667,0.0012869559914611968,0.00022230206775566245,wf2021A,wf2021,A,0.9
wf2021,w0.9,20210708,-0.0014546878409979315,-0.0018461216572902986,0.00023580836174287527,wf2021A,wf2021,A,0.9
wf2021,w0.9,20210709,0.0017539770074661409,0.0007767045087982364,0.0009253135320590619,wf2021A,wf2021,A,0.9
wf2021,w0.9,20210712,0.0005663716092576777,5.85415697050941e-05,0.00040350120231214226,wf2021A,wf2021,A,0.9
wf2021,w0.9,20210713,0.002694516896429272,0.002712753016729252,4.805543750960875e-05,wf2021A,wf2021,A,0.9
wf2021,w0.9,20210714,-0.0011734571824216604,-0.0009106801460415847,-0.0002659137147468193,wf2021A,wf2021,A,0.9
wf2021,w0.9,20210715,0.0009593966738009633,0.0009743401335980343,-0.0002108596297077306,wf2021A,wf2021,A,0.9
wf2021,w0.9,20210716,0.004252808101270259,0.004084515731390617,8.98932877539893e-05,wf2021A,wf2021,A,0.9
wf2021,w0.9,20210719,9.373453117766809e-05,-0.0003716615900136924,0.0003098226803117599,wf2021A,wf2021,A,0.9
wf2021,w0.9,20210720,-2.23723002768534e-05,-0.0007723586882785298,0.0005675168390793196,wf2021A,wf2021,A,0.9
wf2021,w0.9,20210721,-0.0021050679976502363,-0.00229184197785567,-3.0290910388199315e-06,wf2021A,wf2021,A,0.9
wf2021,w0.9,20210722,-0.002338157864334162,-0.0020154227222524976,-0.00046810187354129633,wf2021A,wf2021,A,0.9
wf2021,w0.9,20210723,-0.0008939010645617734,-0.0004986787368678111,-0.00033890636210815616,wf2021A,wf2021,A,0.9
wf2021,w0.9,20210726,0.0028500202867891913,0.003515802179190444,-0.0008050706824204949,wf2021A,wf2021,A,0.9
wf2021,w0.9,20210727,0.001304652474109328,0.002384101974066203,-0.000982441304229511,wf2021A,wf2021,A,0.9
wf2021,w0.9,20210728,0.002738064972244915,-0.0008971266049372439,0.0036056646415676026,wf2021A,wf2021,A,0.9
wf2021,w0.9,20210729,0.003721116652579735,0.0026606382359200074,0.000895643604141714,wf2021A,wf2021,A,0.9
wf2021,w0.9,20210730,0.006657343405503668,0.005906324873562671,0.0006224082761418358,wf2021A,wf2021,A,0.9
wf2021,w0.9,20210802,0.003600065262570921,0.00420022918565125,-0.0006600589394813144,wf2021A,wf2021,A,0.9
wf2021,w0.9,20210803,0.0012534042598756675,0.0007308865576009225,0.00042710716613036714,wf2021A,wf2021,A,0.9
wf2021,w0.9,20210804,-0.0008522609781110042,-0.0004423064050671223,-0.00027376331424420314,wf2021A,wf2021,A,0.9
wf2021,w0.9,20210805,-0.0038549406381278135,-0.0040165962310370045,-1.7201938013359898e-05,wf2021A,wf2021,A,0.9
wf2021,w0.9,20210806,0.0070823627510208115,0.007545350192205627,-0.00031084730145571076,wf2021A,wf2021,A,0.9
wf2021,w1.0,20210422,0.0035538853816746785,0.0031976835927615675,0.00028025211384001563,wf2021A,wf2021,A,1.0
wf2021,w1.0,20210423,0.0021416545619477767,0.0021207953538479357,-0.00016055411295023614,wf2021A,wf2021,A,1.0
wf2021,w1.0,20210426,0.00022589551922498011,0.0004952480275236266,-0.0004766420214853155,wf2021A,wf2021,A,1.0
wf2021,w1.0,20210427,-0.0010503566911633387,-0.0008760397637750242,6.88897036023752e-05,wf2021A,wf2021,A,1.0
wf2021,w1.0,20210428,-0.000997211640655323,-0.0005826104605457343,-0.0005975169546571613,wf2021A,wf2021,A,1.0
wf2021,w1.0,20210429,-0.0020833781324614137,-0.002048163753501318,-0.00014391676049462044,wf2021A,wf2021,A,1.0
wf2021,w1.0,20210430,-0.0029558935217430925,-0.0036989299638815615,0.0005934962806796113,wf2021A,wf2021,A,1.0
wf2021,w1.0,20210506,-0.0027815930667909657,-0.0021955003693550834,-0.0005571238869357329,wf2021A,wf2021,A,1.0
wf2021,w1.0,20210507,-0.00518413650584331,-0.005589313660518909,0.000362668068917834,wf2021A,wf2021,A,1.0
wf2021,w1.0,20210510,0.004040062469337735,0.004937885757976317,-0.0008447118950739851,wf2021A,wf2021,A,1.0
wf2021,w1.0,20210511,-0.0004834617002486795,-0.0010521801906935263,0.00039001134204133536,wf2021A,wf2021,A,1.0
wf2021,w1.0,20210512,0.0011338049437763847,0.0015874001428337393,-0.0005341029898776964,wf2021A,wf2021,A,1.0
wf2021,w1.0,20210513,0.003047861367270246,0.0025931174817146966,0.000366873246610196,wf2021A,wf2021,A,1.0
wf2021,w1.0,20210514,0.008231727263626192,0.007918676891218158,0.0002735735243017051,wf2021A,wf2021,A,1.0
wf2021,w1.0,20210517,-0.0006056844579115624,-0.0005525301477574765,-1.692567595878587e-05,wf2021A,wf2021,A,1.0
wf2021,w1.0,20210518,0.0008170052402761939,0.0005983970750536642,0.00018324947409458143,wf2021A,wf2021,A,1.0
wf2021,w1.0,20210519,0.004545176142037071,0.004351754579805281,2.6113776479517666e-05,wf2021A,wf2021,A,1.0
wf2021,w1.0,20210520,-0.0028221862648040827,-0.0028318972670541534,-3.3618253151279394e-05,wf2021A,wf2021,A,1.0
wf2021,w1.0,20210521,0.002042892298064848,0.0016401357483526659,0.0002186247871052784,wf2021A,wf2021,A,1.0
wf2021,w1.0,20210524,0.0022012640539490168,0.0019630605581376615,0.00022395205332577001,wf2021A,wf2021,A,1.0
wf2021,w1.0,20210525,0.0011920911368387115,0.0009686707350181752,0.00020208635096602128,wf2021A,wf2021,A,1.0
wf2021,w1.0,20210526,0.0037907283913130125,0.002999291399640598,0.00068454408314476,wf2021A,wf2021,A,1.0
wf2021,w1.0,20210527,-0.00015103373787050782,1.5133820977508244e-05,-0.00021860084823118126,wf2021A,wf2021,A,1.0
wf2021,w1.0,20210528,0.0013165176107792116,0.0009982936972613246,0.00031127860153456924,wf2021A,wf2021,A,1.0
wf2021,w1.0,20210531,0.001730386151312895,0.0012855722581327001,0.0005396928841857794,wf2021A,wf2021,A,1.0
wf2021,w1.0,20210601,-0.00136716027097992,-0.0011062185030103872,-0.0002830884932673749,wf2021A,wf2021,A,1.0
wf2021,w1.0,20210602,-0.003892475272114622,-0.0033699745477709328,-0.0004877583186537861,wf2021A,wf2021,A,1.0
wf2021,w1.0,20210603,0.0019320043775866644,0.0008419906089395445,0.0006785496649519601,wf2021A,wf2021,A,1.0
wf2021,w1.0,20210604,0.0035659199223953214,0.0027282227793665207,0.0005702241160207991,wf2021A,wf2021,A,1.0
wf2021,w1.0,20210607,0.0011382218429945522,0.0012067992290459347,-5.394059809119063e-05,wf2021A,wf2021,A,1.0
wf2021,w1.0,20210608,0.0013257004372937494,0.0007829733619062497,0.00038843919351324186,wf2021A,wf2021,A,1.0
wf2021,w1.0,20210609,0.003952218434901883,0.00330314778289113,0.0006050281802920771,wf2021A,wf2021,A,1.0
wf2021,w1.0,20210610,0.001977988700734226,0.0025936550962028016,-0.0005238363274771681,wf2021A,wf2021,A,1.0
wf2021,w1.0,20210611,0.0036511519452011015,0.003059607119169132,0.0002936169559774349,wf2021A,wf2021,A,1.0
wf2021,w1.0,20210615,-0.0006945361185240941,-0.00018336236176647535,-0.0006420189290325197,wf2021A,wf2021,A,1.0
wf2021,w1.0,20210616,0.0038666036035518558,0.002919581809476956,0.000973066956696905,wf2021A,wf2021,A,1.0
wf2021,w1.0,20210617,0.0015811597655313852,0.0011656880555731331,0.0004094257846184071,wf2021A,wf2021,A,1.0
wf2021,w1.0,20210618,0.005467002706277686,0.00475491640383319,0.0007289351514948437,wf2021A,wf2021,A,1.0
wf2021,w1.0,20210621,0.0006274224772923314,0.000807207852630941,-6.288403698525223e-05,wf2021A,wf2021,A,1.0
wf2021,w1.0,20210622,0.002845021958916189,0.0021803561823193715,0.000501250226545552,wf2021A,wf2021,A,1.0
wf2021,w1.0,20210623,0.000546135129080293,0.0007842730535888947,-0.00037718557795317657,wf2021A,wf2021,A,1.0
wf2021,w1.0,20210624,3.589482660494624e-05,-0.00015659100058663825,0.0001401185707932999,wf2021A,wf2021,A,1.0
wf2021,w1.0,20210625,0.0032786201592587333,0.0027394492262151323,0.0004422918979881357,wf2021A,wf2021,A,1.0
wf2021,w1.0,20210628,-0.0015703836797752516,-0.001387727472366316,-0.0002489593648507173,wf2021A,wf2021,A,1.0
wf2021,w1.0,20210629,0.0023824917335398335,0.0015965242695491935,0.0005862793409140055,wf2021A,wf2021,A,1.0
wf2021,w1.0,20210630,0.0024003329457244777,0.003488729620781214,-0.0010698819253213358,wf2021A,wf2021,A,1.0
wf2021,w1.0,20210701,0.0001559445034788982,-2.4791721207544776e-05,-0.00013289637824874393,wf2021A,wf2021,A,1.0
wf2021,w1.0,20210702,8.053746177143217e-05,-0.000905358826855849,0.0008351117166941665,wf2021A,wf2021,A,1.0
wf2021,w1.0,20210705,-0.002008291340432308,-0.001269277581501299,-0.0003702017002003853,wf2021A,wf2021,A,1.0
wf2021,w1.0,20210706,0.005466757030585191,0.00458366242233525,0.0008732430984173665,wf2021A,wf2021,A,1.0
wf2021,w1.0,20210707,0.0021060039472490834,0.001871859956039799,4.8903975682875946e-05,wf2021A,wf2021,A,1.0
wf2021,w1.0,20210708,-0.0006736728922863639,-0.0010490493759427659,0.00021975102910691164,wf2021A,wf2021,A,1.0
wf2021,w1.0,20210709,0.0037978498937124867,0.002930236338952722,0.0008156545881509237,wf2021A,wf2021,A,1.0
wf2021,w1.0,20210712,0.0011987236730978462,0.0007159230436336388,0.00037847179222376577,wf2021A,wf2021,A,1.0
wf2021,w1.0,20210713,0.003120022003982899,0.0031965668230352485,-1.0253261242761173e-05,wf2021A,wf2021,A,1.0
wf2021,w1.0,20210714,-0.00030518502271761026,-7.613851540017806e-05,-0.00023218318568417781,wf2021A,wf2021,A,1.0
wf2021,w1.0,20210715,0.0002990173375256144,0.00030507107202085897,-0.00020196990440590342,wf2021A,wf2021,A,1.0
wf2021,w1.0,20210716,0.00406733495659665,0.003823344206394058,0.00016559166807693777,wf2021A,wf2021,A,1.0
wf2021,w1.0,20210719,-0.0005750318548250948,-0.001071649486802064,0.000341044191097369,wf2021A,wf2021,A,1.0
wf2021,w1.0,20210720,0.0022367633586094712,0.0012941919452511335,0.00076010186443598,wf2021A,wf2021,A,1.0
wf2021,w1.0,20210721,-0.0017449318074973684,-0.0019620446547503017,2.730977600868013e-05,wf2021A,wf2021,A,1.0
wf2021,w1.0,20210722,-0.001728413983084258,-0.0013658806796878796,-0.0005079000348560089,wf2021A,wf2021,A,1.0
wf2021,w1.0,20210723,-0.001717245008248729,-0.0013028955755459764,-0.0003580334671169458,wf2021A,wf2021,A,1.0
wf2021,w1.0,20210726,0.0016386233850653534,0.0026401614594460054,-0.0011408268643998982,wf2021A,wf2021,A,1.0
wf2021,w1.0,20210727,0.0007757659236507994,0.0019281432342034012,-0.001055369114825237,wf2021A,wf2021,A,1.0
wf2021,w1.0,20210728,0.003231355136181776,-0.0005110819970238056,0.003712910197591025,wf2021A,wf2021,A,1.0
wf2021,w1.0,20210729,0.0035774099068707765,0.0024239049913937502,0.0009886701029590142,wf2021A,wf2021,A,1.0
wf2021,w1.0,20210730,0.006540188329318689,0.00584755621728642,0.0005640218562331049,wf2021A,wf2021,A,1.0
wf2021,w1.0,20210802,0.004079443712815181,0.005063729417488446,-0.0010441807210742502,wf2021A,wf2021,A,1.0
wf2021,w1.0,20210803,0.0015573929848428196,0.0002870194174199175,0.0011749630312785238,wf2021A,wf2021,A,1.0
wf2021,w1.0,20210804,-0.0008427410942204779,-8.158552806890762e-05,-0.0006249643073518896,wf2021A,wf2021,A,1.0
wf2021,w1.0,20210805,-0.002729171691729235,-0.0031897823296848198,0.00028175310703303346,wf2021A,wf2021,A,1.0
wf2021,w1.0,20210806,0.007857162741714966,0.0086008972765692,-0.0005915943951251258,wf2021A,wf2021,A,1.0
wf2021,w0.0,20210809,0.005832285127080582,0.004675508444837887,0.001131560542034153,wf2021B,wf2021,B,0.0
wf2021,w0.0,20210810,0.0005473217129639127,0.0009793859292592617,-0.00027375172874494484,wf2021B,wf2021,B,0.0
wf2021,w0.0,20210811,9.964141181333791e-05,0.00022963202639559314,-0.00018745207701190795,wf2021B,wf2021,B,0.0
wf2021,w0.0,20210812,-0.0009590588247886955,-0.0012514860410963637,0.00026360728151140025,wf2021B,wf2021,B,0.0
wf2021,w0.0,20210813,-0.0008705502587159297,-0.00027641458524420835,-0.00031449082334869516,wf2021B,wf2021,B,0.0
wf2021,w0.0,20210816,-0.0025058079434095507,-0.0009331208612533047,-0.001421864385268552,wf2021B,wf2021,B,0.0
wf2021,w0.0,20210817,0.001151959660229511,0.0018383285930096117,-0.0007007700407304934,wf2021B,wf2021,B,0.0
wf2021,w0.0,20210818,0.0027723400310223924,0.002402584003775613,0.00015823839585422554,wf2021B,wf2021,B,0.0
wf2021,w0.0,20210819,-0.0008510243810803614,-0.0008744264027298229,-0.0002987103624737977,wf2021B,wf2021,B,0.0
wf2021,w0.0,20210820,0.008081943564348795,0.0065855456116515245,0.0015292408722008331,wf2021B,wf2021,B,0.0
wf2021,w0.0,20210823,-0.001666424291752587,-0.0016631962597028524,-2.1968012626759925e-05,wf2021B,wf2021,B,0.0
wf2021,w0.0,20210824,0.0007543357161641064,0.0008432184360994725,-0.00017272847665396072,wf2021B,wf2021,B,0.0
wf2021,w0.0,20210825,-0.0041243934611635315,-0.0033873481858529945,-0.000901030612645312,wf2021B,wf2021,B,0.0
wf2021,w0.0,20210826,-0.0039462765733351965,-0.003953127079371305,-8.804602739121426e-05,wf2021B,wf2021,B,0.0
wf2021,w0.0,20210827,-0.0003685815711739057,-0.0010660205419436495,0.0005532942864763784,wf2021B,wf2021,B,0.0
wf2021,w0.0,20210830,-0.0036936239641719897,-0.002287373491723346,-0.0015199668180690981,wf2021B,wf2021,B,0.0
wf2021,w0.0,20210831,0.0019317238995719712,0.0039950775424333305,-0.0020729515413469048,wf2021B,wf2021,B,0.0
wf2021,w0.0,20210901,-0.001644579959982852,-0.002323513609678473,0.0007598309911240966,wf2021B,wf2021,B,0.0
wf2021,w0.0,20210902,0.0033529430870104958,0.0041342940507180514,-0.0008372561867634463,wf2021B,wf2021,B,0.0
wf2021,w0.0,20210903,0.002039393690697073,0.0014495779315682957,0.0006153161454752993,wf2021B,wf2021,B,0.0
wf2021,w0.0,20210906,-0.0017489574807431577,-0.0020857279975574758,0.0002448674548971014,wf2021B,wf2021,B,0.0
wf2021,w0.0,20210907,0.0006420760001590448,0.0011282126312633714,-0.0005628679182567736,wf2021B,wf2021,B,0.0
wf2021,w0.0,20210908,-0.004835230399983712,-0.004160063961639148,-0.0008499537238379169,wf2021B,wf2021,B,0.0
wf2021,w0.0,20210909,0.0013777306531312546,0.0018183003064178615,-0.00045823655429831357,wf2021B,wf2021,B,0.0
wf2021,w0.0,20210910,-0.0026041181609001663,-0.0019256950549040033,-0.0007823125234705335,wf2021B,wf2021,B,0.0
wf2021,w0.0,20210913,0.0017853587225385627,0.0026060931498557136,-0.0006715271554415881,wf2021B,wf2021,B,0.0
wf2021,w0.0,20210914,-0.0019100828716831185,-0.0015214411673127202,-0.0004661113339329173,wf2021B,wf2021,B,0.0
wf2021,w0.0,20210915,0.004744490821624526,0.004127895134740548,0.00039967792362079733,wf2021B,wf2021,B,0.0
wf2021,w0.0,20210916,0.0024746124667853,0.0018040331383965748,0.000605536692642934,wf2021B,wf2021,B,0.0
wf2021,w0.0,20210917,-0.005120211967371077,-0.004889635582430905,-0.0003686587919627948,wf2021B,wf2021,B,0.0
wf2021,w0.0,20210922,0.005170378236638073,0.00563433192430389,-0.000492444376846057,wf2021B,wf2021,B,0.0
wf2021,w0.0,20210923,0.002105213219015521,0.0021672228030039514,-0.00019411717626603844,wf2021B,wf2021,B,0.0
wf2021,w0.0,20210924,0.0025812296787807096,0.00276083801015772,-0.0002215665221493618,wf2021B,wf2021,B,0.0
wf2021,w0.0,20210927,-0.0010610770990976503,-0.0008284225753825731,-0.0003074157873518387,wf2021B,wf2021,B,0.0
wf2021,w0.0,20210928,1.8496700158812662e-06,0.0012620975216342568,-0.00135926622711657,wf2021B,wf2021,B,0.0
wf2021,w0.0,20210929,0.003899002309680398,0.002166718564032828,0.0016335840179192893,wf2021B,wf2021,B,0.0
wf2021,w0.0,20210930,0.0026201081653260197,0.003308181088067995,-0.0007535162363502641,wf2021B,wf2021,B,0.0
wf2021,w0.0,20211008,0.0017086034261064934,0.001679405155257058,6.557529157276732e-05,wf2021B,wf2021,B,0.0
wf2021,w0.0,20211011,0.00028312767515008275,0.0007464252984260492,-0.0002755394157238823,wf2021B,wf2021,B,0.0
wf2021,w0.0,20211012,0.004956861225276105,0.005026596897794175,0.00015333046677257428,wf2021B,wf2021,B,0.0
wf2021,w0.0,20211013,0.003487865651694468,0.003314774171625179,0.00017106953444094025,wf2021B,wf2021,B,0.0
wf2021,w0.0,20211014,0.00040699767499336164,0.0006537048178371471,-8.196448925300179e-05,wf2021B,wf2021,B,0.0
wf2021,w0.0,20211015,-0.001662320341632972,-0.001677931082635104,-9.216587616571817e-06,wf2021B,wf2021,B,0.0
wf2021,w0.0,20211018,0.0008078469625761369,0.0003712384633626361,0.0002131444057749762,wf2021B,wf2021,B,0.0
wf2021,w0.0,20211019,-0.0011710692129589225,-0.0010259442432703394,-0.00033997958721347686,wf2021B,wf2021,B,0.0
wf2021,w0.0,20211020,-0.0013443279956507825,-0.0005154956294377175,-0.0007521252677282174,wf2021B,wf2021,B,0.0
wf2021,w0.0,20211021,0.004069826065064271,0.003857619805343186,0.0001782797600627398,wf2021B,wf2021,B,0.0
wf2021,w0.0,20211022,0.0015045410671535022,0.0011916815899633314,0.0003007103515030243,wf2021B,wf2021,B,0.0
wf2021,w0.0,20211025,0.002281733722729816,0.002317204890928047,-1.2759053225440132e-05,wf2021B,wf2021,B,0.0
wf2021,w0.0,20211026,-0.0005204313024026949,3.338413530314121e-05,-0.0005388881164237315,wf2021B,wf2021,B,0.0
wf2021,w0.0,20211027,-0.0007891986300765409,-0.0007707505254311703,-0.00019661890431631277,wf2021B,wf2021,B,0.0
wf2021,w0.0,20211028,0.005460416264185064,0.005156826160969898,0.00012255163941013957,wf2021B,wf2021,B,0.0
wf2021,w0.0,20211029,0.002475800623087398,0.0019259981089894628,0.00045931773856980654,wf2021B,wf2021,B,0.0
wf2021,w0.0,20211101,0.004794900469869684,0.004164489551662283,0.0006255075561752791,wf2021B,wf2021,B,0.0
wf2021,w0.0,20211102,0.0040418143514077826,0.0039019018733128805,0.00026162659146739225,wf2021B,wf2021,B,0.0
wf2021,w0.0,20211103,0.0014014004348453374,0.0010773163219899096,0.0003914065975898234,wf2021B,wf2021,B,0.0
wf2021,w0.0,20211104,0.003951570867437226,0.0033008441702117057,0.0008299885506856083,wf2021B,wf2021,B,0.0
wf2021,w0.0,20211105,0.00036404219824176607,0.00047627069342444297,-9.678777770786057e-05,wf2021B,wf2021,B,0.0
wf2021,w0.0,20211108,0.004190127183281224,0.0037995287720833846,0.000381858067002843,wf2021B,wf2021,B,0.0
wf2021,w0.0,20211109,0.003056511589563847,0.002517959527630868,0.0005693974463010818,wf2021B,wf2021,B,0.0
wf2021,w0.0,20211110,0.0003171132665713127,0.0004781750279251167,7.359082531486252e-06,wf2021B,wf2021,B,0.0
wf2021,w0.0,20211111,0.001632837006813631,0.0017085258345657368,0.0003303539551785126,wf2021B,wf2021,B,0.0
wf2021,w0.0,20211112,0.0025544001088505432,0.002062339807654784,0.0006683531648380058,wf2021B,wf2021,B,0.0
wf2021,w0.0,20211115,-0.0015685047932916321,-0.0019532139316993445,0.00019475225842350554,wf2021B,wf2021,B,0.0
wf2021,w0.0,20211116,0.003459284681662674,0.0034232725495453665,9.338128007055216e-05,wf2021B,wf2021,B,0.0
wf2021,w0.0,20211117,0.0014339223080243393,0.00161468697982916,-0.0003058921175273322,wf2021B,wf2021,B,0.0
wf2021,w0.0,20211118,0.0012545308096945634,0.0012565608516757567,-7.98700824635066e-05,wf2021B,wf2021,B,0.0
wf2021,w0.0,20211119,0.0006821545691914161,0.0005878917135860933,0.00012058636435084019,wf2021B,wf2021,B,0.0
wf2021,w0.0,20211122,0.00023654277110828764,4.9791402742475815e-05,0.00020470993881549257,wf2021B,wf2021,B,0.0
wf2021,w0.0,20211123,0.00029102842605787695,0.0003603094026688778,5.928552131928921e-05,wf2021B,wf2021,B,0.0
wf2021,w0.0,20211124,0.0020084040954631297,0.0021430584060643434,-8.446290197880267e-05,wf2021B,wf2021,B,0.0
wf2021,w0.0,20211125,0.0004497068603569747,0.000681809152508696,-0.0002780735394292168,wf2021B,wf2021,B,0.0
wf2021,w0.0,20211126,0.000984767702230056,0.0014707861848383622,-0.0004715355921195671,wf2021B,wf2021,B,0.0
wf2021,w0.0,20211129,0.002636814339337463,0.0021608278615062614,0.00028495853815558106,wf2021B,wf2021,B,0.0
wf2021,w0.0,20211130,0.001757662110763454,0.001364213413756384,0.000338567518867651,wf2021B,wf2021,B,0.0
wf2021,w0.0,20211201,0.000987762492072386,0.00035574476186758634,0.00046958630607240605,wf2021B,wf2021,B,0.0
wf2021,w0.0,20211202,0.0012967488952580243,0.0011547566548360236,1.613816395664244e-05,wf2021B,wf2021,B,0.0
wf2021,w0.0,20211203,-0.0045701048795223145,-0.004520234986389998,-5.665234713865653e-05,wf2021B,wf2021,B,0.0
wf2021,w0.0,20211206,-0.0020618353112954483,-0.00195419473126251,-7.297367797929141e-05,wf2021B,wf2021,B,0.0
wf2021,w0.0,20211207,0.0034710354640164927,0.003089148330677733,0.00036508111416757146,wf2021B,wf2021,B,0.0
wf2021,w0.0,20211208,0.0012006147257224483,0.0008990492359199831,0.00020257730234293157,wf2021B,wf2021,B,0.0
wf2021,w0.0,20211209,0.0023954371334234882,0.002606962388518011,-0.00013222218129690819,wf2021B,wf2021,B,0.0
wf2021,w0.0,20211210,0.001519930690119702,0.001790112342581062,-0.0002972646761341254,wf2021B,wf2021,B,0.0
wf2021,w0.0,20211213,0.002384501083925205,0.0024669265525360277,0.00013646937260517082,wf2021B,wf2021,B,0.0
wf2021,w0.0,20211214,-0.0024025436346503106,-0.0016965221232373385,-0.0004261064720224555,wf2021B,wf2021,B,0.0
wf2021,w0.0,20211215,0.0011960432489820424,0.0008376688234577783,0.0003739118140250134,wf2021B,wf2021,B,0.0
wf2021,w0.0,20211216,-0.004556830091210453,-0.00481779154337293,0.00011553438328252121,wf2021B,wf2021,B,0.0
wf2021,w0.0,20211217,-0.0045871722337878645,-0.004500117019652888,-0.00030751582824908126,wf2021B,wf2021,B,0.0
wf2021,w0.0,20211220,0.0006357088683362697,0.00083705867618621,-0.000299717871801286,wf2021B,wf2021,B,0.0
wf2021,w0.0,20211221,0.0036956145944831405,0.0032852623258147395,0.0003191474037881666,wf2021B,wf2021,B,0.0
wf2021,w0.0,20211222,-0.0018014836186464166,-0.0017303224352976545,-0.000183006420828353,wf2021B,wf2021,B,0.0
wf2021,w0.0,20211223,-0.003961337062853017,-0.004463410090869723,0.00013571320786599415,wf2021B,wf2021,B,0.0
wf2021,w0.0,20211224,0.0015497162672385755,0.0015181737305475812,-5.1866297528007813e-05,wf2021B,wf2021,B,0.0
wf2021,w0.0,20211227,0.005467176978784188,0.005240764641586818,0.00021392662106375131,wf2021B,wf2021,B,0.0
wf2021,w0.0,20211228,0.0006150530234082026,0.0007250598518508018,5.291581610616727e-05,wf2021B,wf2021,B,0.0
wf2021,w0.0,20211229,0.001755325366740933,0.0013847655427462273,0.0002289868748457645,wf2021B,wf2021,B,0.0
wf2021,w0.0,20211230,2.1794945216532975e-05,-0.00010071939724789201,9.167935946891565e-05,wf2021B,wf2021,B,0.0
wf2021,w0.0,20211231,-0.0017207488650183428,-0.002146718486720113,0.0002386321976434635,wf2021B,wf2021,B,0.0
wf2021,w0.1,20210809,0.0024810334904923365,0.0013650576996245127,0.0010907596506592834,wf2021B,wf2021,B,0.1
wf2021,w0.1,20210810,0.0018548746470428276,0.002028973044019826,-1.5785909426594427e-05,wf2021B,wf2021,B,0.1
wf2021,w0.1,20210811,-0.0004068598700398768,-0.00030546595655872133,-0.00015885537591080903,wf2021B,wf2021,B,0.1
wf2021,w0.1,20210812,6.622820664594275e-05,-0.00020831157869408682,0.00024571985054376187,wf2021B,wf2021,B,0.1
wf2021,w0.1,20210813,0.0015668309249010207,0.002351359741902217,-0.0005048839668781709,wf2021B,wf2021,B,0.1
wf2021,w0.1,20210816,-0.0017338751155362188,0.00010594997389700832,-0.0016890023925455419,wf2021B,wf2021,B,0.1
wf2021,w0.1,20210817,-0.0005159012443018141,0.00027671848101626525,-0.0008070208332684705,wf2021B,wf2021,B,0.1
wf2021,w0.1,20210818,0.002886703169163358,0.0024768031129085225,0.00019838242486228276,wf2021B,wf2021,B,0.1
wf2021,w0.1,20210819,-0.00040213906696155016,-0.00040065147653000287,-0.0003235999745548052,wf2021B,wf2021,B,0.1
wf2021,w0.1,20210820,0.007803084022658099,0.00622301806670763,0.0016129088754540297,wf2021B,wf2021,B,0.1
wf2021,w0.1,20210823,-0.0009171252240793735,-0.0008720798462896962,-6.37853583667033e-05,wf2021B,wf2021,B,0.1
wf2021,w0.1,20210824,-8.638128578503709e-05,4.9607424071679724e-05,-0.0002198344665753104,wf2021B,wf2021,B,0.1
wf2021,w0.1,20210825,-0.003917676587032341,-0.0031172680707180233,-0.0009643938536490915,wf2021B,wf2021,B,0.1
wf2021,w0.1,20210826,-0.00294050719900334,-0.0029538673469068325,-8.15363855238315e-05,wf2021B,wf2021,B,0.1
wf2021,w0.1,20210827,-0.001283813324213207,-0.001991883943976417,0.0005639259354698442,wf2021B,wf2021,B,0.1
wf2021,w0.1,20210830,-0.0045269439271751,-0.0031783770276982964,-0.0014622832450972593,wf2021B,wf2021,B,0.1
wf2021,w0.1,20210831,0.0024846560077624053,0.004837778257965489,-0.0023627201486886287,wf2021B,wf2021,B,0.1
wf2021,w0.1,20210901,-0.002374872793506941,-0.003090615431117948,0.0007966399790394827,wf2021B,wf2021,B,0.1
wf2021,w0.1,20210902,0.0036288432114163797,0.004580935280874202,-0.0010079972925137123,wf2021B,wf2021,B,0.1
wf2021,w0.1,20210903,0.0026697030850762506,0.0021294262124825413,0.0005657772589402291,wf2021B,wf2021,B,0.1
wf2021,w0.1,20210906,-0.002137011606480844,-0.002474913887219283,0.00024599921882122286,wf2021B,wf2021,B,0.1
wf2021,w0.1,20210907,-0.0008810539859766021,-3.543951830811871e-05,-0.0009223457548209275,wf2021B,wf2021,B,0.1
wf2021,w0.1,20210908,-0.004844630802598604,-0.00413591564389659,-0.0008835024441953667,wf2021B,wf2021,B,0.1
wf2021,w0.1,20210909,0.005092583637209262,0.0053191670589942,-0.00024425032279664526,wf2021B,wf2021,B,0.1
wf2021,w0.1,20210910,-0.0037319610889731767,-0.003041183343321064,-0.0007946671631264827,wf2021B,wf2021,B,0.1
wf2021,w0.1,20210913,0.0014410661117965334,0.002144789870348146,-0.0005545164866760495,wf2021B,wf2021,B,0.1
wf2021,w0.1,20210914,-0.0025531251989210774,-0.002239306867339852,-0.00039128796114374433,wf2021B,wf2021,B,0.1
wf2021,w0.1,20210915,0.0032577329901784958,0.0031145154165463816,-7.37001896310627e-05,wf2021B,wf2021,B,0.1
wf2021,w0.1,20210916,0.003961849257517953,0.003341949685610056,0.0005548569361621061,wf2021B,wf2021,B,0.1
wf2021,w0.1,20210917,-0.002448026929743941,-0.0023106138413460926,-0.0002754954954204717,wf2021B,wf2021,B,0.1
wf2021,w0.1,20210922,0.004978956283558346,0.005734352553899175,-0.0007838869595210696,wf2021B,wf2021,B,0.1
wf2021,w0.1,20210923,0.0031323928337725834,0.0031973265928963187,-0.00019704135140134453,wf2021B,wf2021,B,0.1
wf2021,w0.1,20210924,0.0021805945206356953,0.0026083690254618116,-0.0004697326955984651,wf2021B,wf2021,B,0.1
wf2021,w0.1,20210927,0.0012878727156056535,0.0016164481093800243,-0.00040333665741113195,wf2021B,wf2021,B,0.1
wf2021,w0.1,20210928,-5.8194875526069306e-05,0.0015380876750035492,-0.0016953009260278176,wf2021B,wf2021,B,0.1
wf2021,w0.1,20210929,0.0035729794917533364,0.001557161609969862,0.0019171181540551942,wf2021B,wf2021,B,0.1
wf2021,w0.1,20210930,0.00029104607993061735,0.0014847933801406428,-0.001259190613818313,wf2021B,wf2021,B,0.1
wf2021,w0.1,20211008,0.0012319791146193884,0.0013178922060571008,-4.953607071438084e-05,wf2021B,wf2021,B,0.1
wf2021,w0.1,20211011,0.0003424716043663595,0.0010100261860691196,-0.0004797963741506763,wf2021B,wf2021,B,0.1
wf2021,w0.1,20211012,0.0051935333117810595,0.004960014888941841,0.00045658456212986463,wf2021B,wf2021,B,0.1
wf2021,w0.1,20211013,0.0062955453003583515,0.005973250113178805,0.0003202732415511971,wf2021B,wf2021,B,0.1
wf2021,w0.1,20211014,0.0007207418465731141,0.000716720931899098,0.00016876356826480007,wf2021B,wf2021,B,0.1
wf2021,w0.1,20211015,-0.0009078516276867371,-0.0012402713617312535,0.0003075924054258143,wf2021B,wf2021,B,0.1
wf2021,w0.1,20211018,0.00013996521467119633,-0.00033883103136354137,0.0002553321525962132,wf2021B,wf2021,B,0.1
wf2021,w0.1,20211019,-0.0017533363656070098,-0.0017831952984888792,-0.00016499568464302408,wf2021B,wf2021,B,0.1
wf2021,w0.1,20211020,-0.0010119866614715879,-0.0002488835986962047,-0.0006863959642905355,wf2021B,wf2021,B,0.1
wf2021,w0.1,20211021,0.004543783059760354,0.004291700356629457,0.0002181562034725505,wf2021B,wf2021,B,0.1
wf2021,w0.1,20211022,0.0017221780356035396,0.0011753621973385401,0.0005346667125778535,wf2021B,wf2021,B,0.1
wf2021,w0.1,20211025,0.0015929489415497182,0.0016186309643251736,-2.969907802665469e-06,wf2021B,wf2021,B,0.1
wf2021,w0.1,20211026,-0.000845213006127634,-0.0004500497585238853,-0.00038023592632164627,wf2021B,wf2021,B,0.1
wf2021,w0.1,20211027,0.0012234031116127586,0.0015142257851647437,-0.00046899347322292695,wf2021B,wf2021,B,0.1
wf2021,w0.1,20211028,0.004961044055096056,0.0046612409722889495,0.00011876461900207748,wf2021B,wf2021,B,0.1
wf2021,w0.1,20211029,0.0033457397651316025,0.0025807298011239436,0.0006745251884795298,wf2021B,wf2021,B,0.1
wf2021,w0.1,20211101,0.0062943121621749,0.005700384392957595,0.0005890244071851831,wf2021B,wf2021,B,0.1
wf2021,w0.1,20211102,0.002559770920960618,0.0024755906104979427,0.00020589442383516556,wf2021B,wf2021,B,0.1
wf2021,w0.1,20211103,0.0015362811386661016,0.0011033343641820782,0.0005002692592184198,wf2021B,wf2021,B,0.1
wf2021,w0.1,20211104,0.0030749513004205524,0.0025908868473653673,0.0006633263065152738,wf2021B,wf2021,B,0.1
wf2021,w0.1,20211105,0.0007105433827966521,0.0006705051086579652,5.547899161350279e-05,wf2021B,wf2021,B,0.1
wf2021,w0.1,20211108,0.004176570325605561,0.0038520812075132117,0.0003157487738973538,wf2021B,wf2021,B,0.1
wf2021,w0.1,20211109,0.001332351393026462,0.0009078059589093406,0.00045539081848522297,wf2021B,wf2021,B,0.1
wf2021,w0.1,20211110,-0.0003988658646065877,-0.00018186229312915525,-4.858272759214267e-05,wf2021B,wf2021,B,0.1
wf2021,w0.1,20211111,0.0011003862398285026,0.0012007403181517806,0.0003056887046073418,wf2021B,wf2021,B,0.1
wf2021,w0.1,20211112,0.002560527114228474,0.002170067664999069,0.0005667523128716548,wf2021B,wf2021,B,0.1
wf2021,w0.1,20211115,-0.0006778991244462563,-0.0010325181185500618,0.00016466211411959853,wf2021B,wf2021,B,0.1
wf2021,w0.1,20211116,0.0026000594869925175,0.0025382446111805934,0.00011918402376516468,wf2021B,wf2021,B,0.1
wf2021,w0.1,20211117,0.0015779500871658057,0.0016736000712356254,-0.00022077742979232927,wf2021B,wf2021,B,0.1
wf2021,w0.1,20211118,0.0034556168958980536,0.0034651825702589722,-8.740571484323343e-05,wf2021B,wf2021,B,0.1
wf2021,w0.1,20211119,0.0016931213132942062,0.0015814672959332142,0.00013797752610650998,wf2021B,wf2021,B,0.1
wf2021,w0.1,20211122,-0.0005183862596626304,-0.0007269146762680829,0.00022648698705513405,wf2021B,wf2021,B,0.1
wf2021,w0.1,20211123,-0.0004751308689836479,-0.00037517475876793773,2.8610387714579536e-05,wf2021B,wf2021,B,0.1
wf2021,w0.1,20211124,0.0012281089693888735,0.001389110954082663,-0.00011081057607137835,wf2021B,wf2021,B,0.1
wf2021,w0.1,20211125,-0.0014616489578208065,-0.0012719190825559437,-0.0002357011225423582,wf2021B,wf2021,B,0.1
wf2021,w0.1,20211126,0.0008488223626446613,0.0012937007532574396,-0.00043039550012403895,wf2021B,wf2021,B,0.1
wf2021,w0.1,20211129,0.0019567764863899556,0.0015735925470363975,0.00019215599967793717,wf2021B,wf2021,B,0.1
wf2021,w0.1,20211130,0.004035126415932519,0.0037413041899104866,0.00023894104788261516,wf2021B,wf2021,B,0.1
wf2021,w0.1,20211201,0.001925603875417967,0.0013847852897144622,0.00037838716157111304,wf2021B,wf2021,B,0.1
wf2021,w0.1,20211202,0.0009213747314554621,0.0008643320606317015,-6.881140564159845e-05,wf2021B,wf2021,B,0.1
wf2021,w0.1,20211203,-0.00345973448898294,-0.003319028259485285,-0.0001474886835039972,wf2021B,wf2021,B,0.1
wf2021,w0.1,20211206,-0.0020645172869284967,-0.0018729011068528711,-0.00015694927802197822,wf2021B,wf2021,B,0.1
wf2021,w0.1,20211207,0.004711996263276808,0.0043524334640653705,0.00034275678004025287,wf2021B,wf2021,B,0.1
wf2021,w0.1,20211208,0.0010735997183121517,0.000928571935544945,4.603959530767361e-05,wf2021B,wf2021,B,0.1
wf2021,w0.1,20211209,0.0026984592357850667,0.0027498138218598764,2.794848772280522e-05,wf2021B,wf2021,B,0.1
wf2021,w0.1,20211210,0.000625180100334596,0.0007624289724916294,-0.00016433189582979775,wf2021B,wf2021,B,0.1
wf2021,w0.1,20211213,0.0006885522631500151,0.0007953468400154116,0.0001121002643505979,wf2021B,wf2021,B,0.1
wf2021,w0.1,20211214,-0.0016121340217065553,-0.0009608448280995503,-0.00037137415421648913,wf2021B,wf2021,B,0.1
wf2021,w0.1,20211215,0.0017473498506277788,0.0014843455820431443,0.0002785416570853828,wf2021B,wf2021,B,0.1
wf2021,w0.1,20211216,-0.004950344568676156,-0.004991154005956952,-0.00010461763159916012,wf2021B,wf2021,B,0.1
wf2021,w0.1,20211217,-0.0036383915210876725,-0.0031993075231286586,-0.0006595446120731193,wf2021B,wf2021,B,0.1
wf2021,w0.1,20211220,0.0022867478968261537,0.002564785617051611,-0.00037640578417680337,wf2021B,wf2021,B,0.1
wf2021,w0.1,20211221,0.00533362155600786,0.004791040618843083,0.00045137607228454616,wf2021B,wf2021,B,0.1
wf2021,w0.1,20211222,-0.002089182985525128,-0.0021654405654975913,-3.558765750712779e-05,wf2021B,wf2021,B,0.1
wf2021,w0.1,20211223,-0.003034567354667627,-0.003064252216257051,-0.0003366749585612889,wf2021B,wf2021,B,0.1
wf2021,w0.1,20211224,-0.00012198356404794636,-2.463466230525138e-05,-0.0001807577359616966,wf2021B,wf2021,B,0.1
wf2021,w0.1,20211227,0.005231948565846552,0.004953720801928982,0.0002657420477839492,wf2021B,wf2021,B,0.1
wf2021,w0.1,20211228,-0.000600186875358999,-0.0003785163275185668,-5.874790329166556e-05,wf2021B,wf2021,B,0.1
wf2021,w0.1,20211229,0.0007572846099417156,0.00030978630845490576,0.0003059253523378687,wf2021B,wf2021,B,0.1
wf2021,w0.1,20211230,-0.000988611508010464,-0.0010126148273918905,-6.831663614083908e-06,wf2021B,wf2021,B,0.1
wf2021,w0.1,20211231,-0.0022197766136301342,-0.0023130302228935766,-9.408381479486484e-05,wf2021B,wf2021,B,0.1
wf2021,w0.2,20210809,0.0033666036749573323,0.0022662958094578274,0.001075091725290965,wf2021B,wf2021,B,0.2
wf2021,w0.2,20210810,0.0015957444445817278,0.0018302735606567414,-7.62166285246093e-05,wf2021B,wf2021,B,0.2
wf2021,w0.2,20210811,-0.00046820980728462915,-0.0003188275306883094,-0.00020684373902597335,wf2021B,wf2021,B,0.2
wf2021,w0.2,20210812,-0.0001197710265761784,-0.00041350480965869537,0.0002649138482862496,wf2021B,wf2021,B,0.2
wf2021,w0.2,20210813,0.0018531879727920189,0.002610965379638554,-0.00047813255672350896,wf2021B,wf2021,B,0.2
wf2021,w0.2,20210816,-0.0020837870140091863,-0.0003670043968942658,-0.0015659599202272206,wf2021B,wf2021,B,0.2
wf2021,w0.2,20210817,-0.0012235384558889183,-0.0004417020830245553,-0.0007962374808147552,wf2021B,wf2021,B,0.2
wf2021,w0.2,20210818,0.0023477668894503773,0.001994532198776673,0.00014171705928115076,wf2021B,wf2021,B,0.2
wf2021,w0.2,20210819,-0.0008764494360258401,-0.0009306653358854984,-0.00026789648426360035,wf2021B,wf2021,B,0.2
wf2021,w0.2,20210820,0.00813676220623297,0.00673809789636511,0.0014315072293714175,wf2021B,wf2021,B,0.2
wf2021,w0.2,20210823,-0.0018465409931167766,-0.0017370330562004543,-0.00012824791749334763,wf2021B,wf2021,B,0.2
wf2021,w0.2,20210824,-0.0001336068342177501,1.3636455398790892e-05,-0.00023108904633513305,wf2021B,wf2021,B,0.2
wf2021,w0.2,20210825,-0.00436396314923098,-0.003606688799841682,-0.0009212596867240726,wf2021B,wf2021,B,0.2
wf2021,w0.2,20210826,-0.0018841599557325955,-0.0018214206916056018,-0.00015763579755431642,wf2021B,wf2021,B,0.2
wf2021,w0.2,20210827,-0.0022633788482731127,-0.002924041653347866,0.0005165181207813887,wf2021B,wf2021,B,0.2
wf2021,w0.2,20210830,-0.004181919014813071,-0.003001977512373908,-0.0012936578480596168,wf2021B,wf2021,B,0.2
wf2021,w0.2,20210831,0.0024135469824175604,0.004580714958190067,-0.002176765874258051,wf2021B,wf2021,B,0.2
wf2021,w0.2,20210901,-0.003049891202367063,-0.003662326173776814,0.0006933323128382245,wf2021B,wf2021,B,0.2
wf2021,w0.2,20210902,0.0035288551084327255,0.004381413386708484,-0.0009084635013316504,wf2021B,wf2021,B,0.2
wf2021,w0.2,20210903,0.003824555919644052,0.0033322828512244245,0.0005177734547661477,wf2021B,wf2021,B,0.2
wf2021,w0.2,20210906,-0.0013428926695498306,-0.0016102358690116701,0.00017544013754462344,wf2021B,wf2021,B,0.2
wf2021,w0.2,20210907,-0.0010620975133729654,-0.0002828789571598516,-0.0008559498433655576,wf2021B,wf2021,B,0.2
wf2021,w0.2,20210908,-0.0053312442554389215,-0.004666421978836102,-0.0008396095620961708,wf2021B,wf2021,B,0.2
wf2021,w0.2,20210909,0.004180956919928255,0.004348284179162603,-0.00018499416024605754,wf2021B,wf2021,B,0.2
wf2021,w0.2,20210910,-0.004657156559580773,-0.004024845334772666,-0.0007362006422824775,wf2021B,wf2021,B,0.2
wf2021,w0.2,20210913,0.002577456661833729,0.0030536274245541875,-0.0003269634908448962,wf2021B,wf2021,B,0.2
wf2021,w0.2,20210914,-0.0024492366300377004,-0.002156355634636284,-0.00037035062496393453,wf2021B,wf2021,B,0.2
wf2021,w0.2,20210915,0.00364051060274051,0.003385050336112208,3.8542503365121094e-05,wf2021B,wf2021,B,0.2
wf2021,w0.2,20210916,0.004564216923216216,0.003957717192090872,0.0005414570953795542,wf2021B,wf2021,B,0.2
wf2021,w0.2,20210917,-0.0031590742641355914,-0.0029851379988119326,-0.00031201867234628174,wf2021B,wf2021,B,0.2
wf2021,w0.2,20210922,0.003860172590668857,0.004627459935302108,-0.0007957780338134897,wf2021B,wf2021,B,0.2
wf2021,w0.2,20210923,0.0036350734204194015,0.0035856409646770797,-8.267513653529108e-05,wf2021B,wf2021,B,0.2
wf2021,w0.2,20210924,0.003373516684709175,0.0036727764694220316,-0.0003412179754852046,wf2021B,wf2021,B,0.2
wf2021,w0.2,20210927,0.00040449807021089926,0.0007652363865248448,-0.0004354995799507066,wf2021B,wf2021,B,0.2
wf2021,w0.2,20210928,0.0008144011997491783,0.002407212853903163,-0.0016918300296521775,wf2021B,wf2021,B,0.2
wf2021,w0.2,20210929,0.003822309516690641,0.0016967818470919084,0.002026827941870454,wf2021B,wf2021,B,0.2
wf2021,w0.2,20210930,0.0015272489388229726,0.002464430606761837,-0.0010026249815471562,wf2021B,wf2021,B,0.2
wf2021,w0.2,20211008,0.0006198727247510316,0.0006939264324481874,-3.767668697382396e-05,wf2021B,wf2021,B,0.2
wf2021,w0.2,20211011,0.00023443096199676425,0.0007559895785500424,-0.0003338004090011951,wf2021B,wf2021,B,0.2
wf2021,w0.2,20211012,0.005827134584356512,0.005685271222958553,0.0003649295006886055,wf2021B,wf2021,B,0.2
wf2021,w0.2,20211013,0.005513963776744177,0.005223292020231862,0.0002886498108839635,wf2021B,wf2021,B,0.2
wf2021,w0.2,20211014,0.00098527052805182,0.0010941961452694653,5.581703637313829e-05,wf2021B,wf2021,B,0.2
wf2021,w0.2,20211015,-0.001512830569976962,-0.001672131531288486,0.00013447363269282055,wf2021B,wf2021,B,0.2
wf2021,w0.2,20211018,-0.0005714314798026562,-0.0009949213348970005,0.0002000257616558198,wf2021B,wf2021,B,0.2
wf2021,w0.2,20211019,-0.001075195248263772,-0.0010540266923645511,-0.00021602317342411497,wf2021B,wf2021,B,0.2
wf2021,w0.2,20211020,-0.001465886172471247,-0.0007184869162473431,-0.000670692157739056,wf2021B,wf2021,B,0.2
wf2021,w0.2,20211021,0.0050725869965400645,0.0048320103175680095,0.00020665017931371124,wf2021B,wf2021,B,0.2
wf2021,w0.2,20211022,0.0023381285005853536,0.001854270111501759,0.0004717092633964465,wf2021B,wf2021,B,0.2
wf2021,w0.2,20211025,0.0017436672208846695,0.0018187126403572589,-5.233330449979981e-05,wf2021B,wf2021,B,0.2
wf2021,w0.2,20211026,-0.0015962864542256976,-0.0011013941876586364,-0.00047996494528495403,wf2021B,wf2021,B,0.2
wf2021,w0.2,20211027,0.0011645788388224103,0.0013010603589115482,-0.00031465231976007807,wf2021B,wf2021,B,0.2
wf2021,w0.2,20211028,0.004826567453486209,0.004531818474204743,0.00011371051547643704,wf2021B,wf2021,B,0.2
wf2021,w0.2,20211029,0.003769462870632465,0.003027355273107528,0.00065162282199681,wf2021B,wf2021,B,0.2
wf2021,w0.2,20211101,0.005777143451983299,0.005219083027682664,0.000553157062268514,wf2021B,wf2021,B,0.2
wf2021,w0.2,20211102,0.0023688130928563225,0.0022885386297626926,0.00020198857646612077,wf2021B,wf2021,B,0.2
wf2021,w0.2,20211103,0.0009369592134484492,0.0005073378559171436,0.0004969438422657029,wf2021B,wf2021,B,0.2
wf2021,w0.2,20211104,0.0037453001928546116,0.0032167082903173647,0.0007078537559973345,wf2021B,wf2021,B,0.2
wf2021,w0.2,20211105,-0.00036913760031184566,-0.0003770325324265105,2.333564958948148e-05,wf2021B,wf2021,B,0.2
wf2021,w0.2,20211108,0.004064512134222655,0.003694898952954584,0.00036087283707307696,wf2021B,wf2021,B,0.2
wf2021,w0.2,20211109,0.0015438589581053324,0.0011410535395488788,0.000433650802924555,wf2021B,wf2021,B,0.2
wf2021,w0.2,20211110,0.00019516488922691026,0.00029366976231791944,6.991597079427995e-05,wf2021B,wf2021,B,0.2
wf2021,w0.2,20211111,0.00035326226187115325,0.0004345962000330923,0.0003247088447686793,wf2021B,wf2021,B,0.2
wf2021,w0.2,20211112,0.0029956038710143747,0.0025862002002292944,0.0005856965344273287,wf2021B,wf2021,B,0.2
wf2021,w0.2,20211115,-0.0007387318729066717,-0.0010710544039997036,0.00014236565110882385,wf2021B,wf2021,B,0.2
wf2021,w0.2,20211116,0.0022041310675258996,0.002057236365276495,0.00020426385020265138,wf2021B,wf2021,B,0.2
wf2021,w0.2,20211117,-0.00012515755462956957,8.991486680021957e-05,-0.00034019986715229866,wf2021B,wf2021,B,0.2
wf2021,w0.2,20211118,0.0035814249199724087,0.0035730092237762894,-6.942434428619285e-05,wf2021B,wf2021,B,0.2
wf2021,w0.2,20211119,0.0008104668279240871,0.0006799453301055087,0.00015684500656409575,wf2021B,wf2021,B,0.2
wf2021,w0.2,20211122,0.00031126885088639906,9.188991019408503e-05,0.00023733751114199468,wf2021B,wf2021,B,0.2
wf2021,w0.2,20211123,-0.00025753087343333364,-0.00014938311583984542,2.0418740336802215e-05,wf2021B,wf2021,B,0.2
wf2021,w0.2,20211124,-0.0001263808988947992,1.5215753545902362e-05,-9.140524381829056e-05,wf2021B,wf2021,B,0.2
wf2021,w0.2,20211125,-0.0013032304968721357,-0.0010671050435608698,-0.00028209670058876107,wf2021B,wf2021,B,0.2
wf2021,w0.2,20211126,-0.000248160337982756,0.00017293890903604986,-0.0004066163565300659,wf2021B,wf2021,B,0.2
wf2021,w0.2,20211129,0.0018581233906714593,0.0014269317661922193,0.00024016368480361976,wf2021B,wf2021,B,0.2
wf2021,w0.2,20211130,0.0038469001541640117,0.0035452651805980575,0.00024675379542653383,wf2021B,wf2021,B,0.2
wf2021,w0.2,20211201,0.002211418436612593,0.0016204659022487978,0.00042852111023140415,wf2021B,wf2021,B,0.2
wf2021,w0.2,20211202,0.0005974306032141248,0.00048125650452191036,-9.67997777314465e-06,wf2021B,wf2021,B,0.2
wf2021,w0.2,20211203,-0.004550550052589187,-0.004442684685064683,-0.0001146478215308439,wf2021B,wf2021,B,0.2
wf2021,w0.2,20211206,-0.0021341469304771345,-0.002032638350136024,-6.684167828746346e-05,wf2021B,wf2021,B,0.2
wf2021,w0.2,20211207,0.004510705067857479,0.004225231729542107,0.0002686673191441841,wf2021B,wf2021,B,0.2
wf2021,w0.2,20211208,0.0013598161031159704,0.0011288112291926848,0.0001320166864637521,wf2021B,wf2021,B,0.2
wf2021,w0.2,20211209,0.0032839808771521904,0.0034103167514321093,-4.7032800482304546e-05,wf2021B,wf2021,B,0.2
wf2021,w0.2,20211210,0.0004726305403789967,0.000648174045893338,-0.00020262652918710618,wf2021B,wf2021,B,0.2
wf2021,w0.2,20211213,0.00024261772757109678,0.0003207621284442878,0.00014075044034280343,wf2021B,wf2021,B,0.2
wf2021,w0.2,20211214,-0.0014186512331142305,-0.0007582208261142096,-0.0003805153676095052,wf2021B,wf2021,B,0.2
wf2021,w0.2,20211215,0.0013392080081677388,0.0011113791542462345,0.00024336624242225416,wf2021B,wf2021,B,0.2
wf2021,w0.2,20211216,-0.004236432927755101,-0.004406033648720104,2.4173652085048123e-05,wf2021B,wf2021,B,0.2
wf2021,w0.2,20211217,-0.0038626476384279376,-0.003570131286518199,-0.0005129769660238441,wf2021B,wf2021,B,0.2
wf2021,w0.2,20211220,0.0025976515644537714,0.0027889918284074505,-0.0002897083279050253,wf2021B,wf2021,B,0.2
wf2021,w0.2,20211221,0.005562557931231667,0.005152515324631598,0.0003188377417198359,wf2021B,wf2021,B,0.2
wf2021,w0.2,20211222,-0.0014025660275979448,-0.0014317373331505885,-8.267393192694841e-05,wf2021B,wf2021,B,0.2
wf2021,w0.2,20211223,-0.002478252824245568,-0.002537703570094995,-0.0003069090743012849,wf2021B,wf2021,B,0.2
wf2021,w0.2,20211224,-0.0011734912257141627,-0.0010546931841882562,-0.00020220687574490825,wf2021B,wf2021,B,0.2
wf2021,w0.2,20211227,0.005734541712079646,0.005450574909933839,0.00027148108601218415,wf2021B,wf2021,B,0.2
wf2021,w0.2,20211228,0.00011367627641360712,0.00036825735679430946,-9.165843583193563e-05,wf2021B,wf2021,B,0.2
wf2021,w0.2,20211229,0.0008745290818027891,0.0004701773296552829,0.0002627788029985664,wf2021B,wf2021,B,0.2
wf2021,w0.2,20211230,-0.0011926345225926095,-0.0011114306831978569,-0.00011203882239026372,wf2021B,wf2021,B,0.2
wf2021,w0.2,20211231,-0.0017895145541241605,-0.0016782290655600008,-0.000298622912622467,wf2021B,wf2021,B,0.2
wf2021,w0.3,20210809,0.00381036507563012,0.0027873861122307045,0.0009977628231908745,wf2021B,wf2021,B,0.3
wf2021,w0.3,20210810,0.001412202186758269,0.0017359493961953511,-0.0001654347218866777,wf2021B,wf2021,B,0.3
wf2021,w0.3,20210811,-0.0003948495821556909,-0.00022454202783811223,-0.00022776901674723216,wf2021B,wf2021,B,0.3
wf2021,w0.3,20210812,-0.000280250469602267,-0.0006570326278248931,0.00034796222342635814,wf2021B,wf2021,B,0.3
wf2021,w0.3,20210813,0.002715199982315988,0.0032341683601779213,-0.00023932352773890737,wf2021B,wf2021,B,0.3
wf2021,w0.3,20210816,-0.003592056144937728,-0.0021594046261866305,-0.001281828821863406,wf2021B,wf2021,B,0.3
wf2021,w0.3,20210817,-0.0010209782354212923,-0.0004079179064609515,-0.0006274614369107317,wf2021B,wf2021,B,0.3
wf2021,w0.3,20210818,0.0020801057106949678,0.0018327199238562576,3.586815544615675e-05,wf2021B,wf2021,B,0.3
wf2021,w0.3,20210819,-0.0014661554107381443,-0.0015452283320864272,-0.00024303946277497743,wf2021B,wf2021,B,0.3
wf2021,w0.3,20210820,0.006572192395416298,0.00528549297097564,0.0013195423439442185,wf2021B,wf2021,B,0.3
wf2021,w0.3,20210823,-0.001965050756922194,-0.001799981156982001,-0.00018380958051721947,wf2021B,wf2021,B,0.3
wf2021,w0.3,20210824,0.0022147057275260654,0.002351406659578518,-0.00022054668877104626,wf2021B,wf2021,B,0.3
wf2021,w0.3,20210825,-0.004845070904215975,-0.004158700701173511,-0.0008503555403772391,wf2021B,wf2021,B,0.3
wf2021,w0.3,20210826,-0.000964191399391708,-0.0008832807417843628,-0.00017580719103466827,wf2021B,wf2021,B,0.3
wf2021,w0.3,20210827,-0.0009525770526351283,-0.0015323141345872622,0.0004355923976587687,wf2021B,wf2021,B,0.3
wf2021,w0.3,20210830,-0.004335824438840435,-0.0033421213966478066,-0.0011074193878130832,wf2021B,wf2021,B,0.3
wf2021,w0.3,20210831,0.00306429631163695,0.004852325279523591,-0.001797626866372187,wf2021B,wf2021,B,0.3
wf2021,w0.3,20210901,-0.003157809889731078,-0.003648576299250243,0.0005716637509476377,wf2021B,wf2021,B,0.3
wf2021,w0.3,20210902,0.003850111801101839,0.004579592225649259,-0.0007853856476033089,wf2021B,wf2021,B,0.3
wf2021,w0.3,20210903,0.0038207625772171162,0.003285726217393453,0.0005605367461701825,wf2021B,wf2021,B,0.3
wf2021,w0.3,20210906,-0.0013155003500573033,-0.001532517940542814,0.00012511452856829548,wf2021B,wf2021,B,0.3
wf2021,w0.3,20210907,-0.0017649512703819875,-0.001071111198243899,-0.0007705713592905341,wf2021B,wf2021,B,0.3
wf2021,w0.3,20210908,-0.005157549879959789,-0.004589390700088861,-0.0007429464653642813,wf2021B,wf2021,B,0.3
wf2021,w0.3,20210909,0.0034003832716428383,0.0035942949855033712,-0.00021157861487223955,wf2021B,wf2021,B,0.3
wf2021,w0.3,20210910,-0.005373077628896186,-0.0047477142644297855,-0.0007292527819407715,wf2021B,wf2021,B,0.3
wf2021,w0.3,20210913,0.0018916209941404211,0.002443273696794445,-0.00040244543077846235,wf2021B,wf2021,B,0.3
wf2021,w0.3,20210914,-0.002780574283949547,-0.002492030001097482,-0.0003660139124145842,wf2021B,wf2021,B,0.3
wf2021,w0.3,20210915,0.0042403709688597045,0.0038352694758265454,0.0001881837297699789,wf2021B,wf2021,B,0.3
wf2021,w0.3,20210916,0.004101682098919056,0.003481603706620764,0.0005550357565525016,wf2021B,wf2021,B,0.3
wf2021,w0.3,20210917,-0.0032560675549576246,-0.003016070378205526,-0.0003780795837747209,wf2021B,wf2021,B,0.3
wf2021,w0.3,20210922,0.003353494594740371,0.003966407396978273,-0.000641403491418143,wf2021B,wf2021,B,0.3
wf2021,w0.3,20210923,0.0053487312306749885,0.005315076129380785,-9.845249098340682e-05,wf2021B,wf2021,B,0.3
wf2021,w0.3,20210924,0.004935162779877201,0.0051991877026378325,-0.0003059831135329773,wf2021B,wf2021,B,0.3
wf2021,w0.3,20210927,-0.0008538977056021758,-0.0005490249850010285,-0.0003796339842379094,wf2021B,wf2021,B,0.3
wf2021,w0.3,20210928,0.0016907413463827237,0.002988931236042093,-0.0013972082651575704,wf2021B,wf2021,B,0.3
wf2021,w0.3,20210929,0.002651842985228855,0.0007743719271189952,0.0017787713303815738,wf2021B,wf2021,B,0.3
wf2021,w0.3,20210930,0.001055662804332707,0.0020533654405737877,-0.0010631459498493686,wf2021B,wf2021,B,0.3
wf2021,w0.3,20211008,0.00015657062666465677,0.00011918210733095509,7.376554005703313e-05,wf2021B,wf2021,B,0.3
wf2021,w0.3,20211011,-0.000842937025445259,-0.00019718869555312396,-0.0004579901223400509,wf2021B,wf2021,B,0.3
wf2021,w0.3,20211012,0.00632545565363409,0.006193933573364247,0.00035458821956048674,wf2021B,wf2021,B,0.3
wf2021,w0.3,20211013,0.005011365789327608,0.004879933863180207,0.00012940998051904918,wf2021B,wf2021,B,0.3
wf2021,w0.3,20211014,0.0012848027831128764,0.0014573488929602444,-7.80345625658383e-06,wf2021B,wf2021,B,0.3
wf2021,w0.3,20211015,-0.0020964148985728364,-0.0021984573464341054,7.721511924256545e-05,wf2021B,wf2021,B,0.3
wf2021,w0.3,20211018,-0.0013516789345625747,-0.0016923172879493263,0.0001171742599482269,wf2021B,wf2021,B,0.3
wf2021,w0.3,20211019,-0.0015323752485032044,-0.0014235208740355433,-0.00030370899199255453,wf2021B,wf2021,B,0.3
wf2021,w0.3,20211020,-0.00051771352738749,0.00022785406251265303,-0.0006688604914152952,wf2021B,wf2021,B,0.3
wf2021,w0.3,20211021,0.0047558791080041804,0.004454963594338672,0.00026698901400716216,wf2021B,wf2021,B,0.3
wf2021,w0.3,20211022,0.0020832178407454134,0.0018871615879087577,0.0001839071271495105,wf2021B,wf2021,B,0.3
wf2021,w0.3,20211025,0.0014365682562778375,0.0015116372613635048,-5.235689011287693e-05,wf2021B,wf2021,B,0.3
wf2021,w0.3,20211026,-0.0017476282126305635,-0.0012745723555331763,-0.00045812853581528085,wf2021B,wf2021,B,0.3
wf2021,w0.3,20211027,0.0009869418562367463,0.0011232218146528337,-0.0003144507580870274,wf2021B,wf2021,B,0.3
wf2021,w0.3,20211028,0.004572182681688132,0.0043337241523537205,5.7420065529381525e-05,wf2021B,wf2021,B,0.3
wf2021,w0.3,20211029,0.002404832712143404,0.0017363759627587422,0.0005779719738565346,wf2021B,wf2021,B,0.3
wf2021,w0.3,20211101,0.005051174388611792,0.004420069834319772,0.000626201192259899,wf2021B,wf2021,B,0.3
wf2021,w0.3,20211102,0.0036585954612502677,0.003535075640400754,0.0002452339342220049,wf2021B,wf2021,B,0.3
wf2021,w0.3,20211103,0.0008323095131923738,0.000458692954861698,0.0004409390430650703,wf2021B,wf2021,B,0.3
wf2021,w0.3,20211104,0.0034935368529747254,0.0029404880085522533,0.00073231069788256,wf2021B,wf2021,B,0.3
wf2021,w0.3,20211105,0.0003214056165043106,0.000285577404634956,5.1268929344169746e-05,wf2021B,wf2021,B,0.3
wf2021,w0.3,20211108,0.003917832815417766,0.003578791905983263,0.00033030056523950744,wf2021B,wf2021,B,0.3
wf2021,w0.3,20211109,0.001253683568896726,0.0008673695635141386,0.0004171593897506885,wf2021B,wf2021,B,0.3
wf2021,w0.3,20211110,8.961015659125597e-05,0.00019637536979128737,6.165563068525817e-05,wf2021B,wf2021,B,0.3
wf2021,w0.3,20211111,0.0007577722987132541,0.0008538365591151357,0.00030997852252873787,wf2021B,wf2021,B,0.3
wf2021,w0.3,20211112,0.002249818449064439,0.0019248315422837,0.0005012797704229883,wf2021B,wf2021,B,0.3
wf2021,w0.3,20211115,-0.0005537778299848067,-0.0008929828873820505,0.00014924817741303445,wf2021B,wf2021,B,0.3
wf2021,w0.3,20211116,0.002401917757520536,0.002276176823161475,0.00018311008231230324,wf2021B,wf2021,B,0.3
wf2021,w0.3,20211117,-0.0006350865673499986,-0.0004039305387481676,-0.00035628347432434086,wf2021B,wf2021,B,0.3
wf2021,w0.3,20211118,0.004266657442059481,0.0043254076121424035,-0.0001365902105652352,wf2021B,wf2021,B,0.3
wf2021,w0.3,20211119,0.0026741810124014083,0.0025201684540432957,0.00018033606710362947,wf2021B,wf2021,B,0.3
wf2021,w0.3,20211122,0.000998785142480424,0.0007879835693617998,0.00022876014356830446,wf2021B,wf2021,B,0.3
wf2021,w0.3,20211123,-0.0011160327119886996,-0.001018577293625259,3.1111079566848594e-05,wf2021B,wf2021,B,0.3
wf2021,w0.3,20211124,0.0009047348645056096,0.0010072543848091782,-5.2328111681157274e-05,wf2021B,wf2021,B,0.3
wf2021,w0.3,20211125,-0.0011951423790336427,-0.0009596248614666866,-0.00028148876484445165,wf2021B,wf2021,B,0.3
wf2021,w0.3,20211126,0.00012722962448125878,0.000506750558280529,-0.0003650380433105309,wf2021B,wf2021,B,0.3
wf2021,w0.3,20211129,0.002041087442299587,0.0016160920291980315,0.00023396747342593533,wf2021B,wf2021,B,0.3
wf2021,w0.3,20211130,0.003217849515307198,0.0029221036987334297,0.0002408646384343485,wf2021B,wf2021,B,0.3
wf2021,w0.3,20211201,0.002731177647421765,0.002192140466169183,0.00037660575712019105,wf2021B,wf2021,B,0.3
wf2021,w0.3,20211202,0.001046524760334568,0.0009721429539730824,-5.147227010387271e-05,wf2021B,wf2021,B,0.3
wf2021,w0.3,20211203,-0.003983940266378137,-0.003919413487086328,-7.130923329814714e-05,wf2021B,wf2021,B,0.3
wf2021,w0.3,20211206,-0.002447594870802013,-0.0023172744004312127,-9.565356831715192e-05,wf2021B,wf2021,B,0.3
wf2021,w0.3,20211207,0.004040995798284914,0.00372764982129807,0.00029653995781565466,wf2021B,wf2021,B,0.3
wf2021,w0.3,20211208,0.0009629813889053141,0.0007800936989545567,8.389950249122378e-05,wf2021B,wf2021,B,0.3
wf2021,w0.3,20211209,0.0027020089822117374,0.0028553042298203844,-7.399217381103291e-05,wf2021B,wf2021,B,0.3
wf2021,w0.3,20211210,-0.00012757179216635718,-3.7327056440251944e-05,-0.00011732775939887034,wf2021B,wf2021,B,0.3
wf2021,w0.3,20211213,-0.00030549892559056466,-0.00019838493146311792,0.00011178084708854611,wf2021B,wf2021,B,0.3
wf2021,w0.3,20211214,-0.0023723631460333093,-0.00170575771222926,-0.00038669039441353295,wf2021B,wf2021,B,0.3
wf2021,w0.3,20211215,0.0016797204632489574,0.0014692344417612563,0.0002260234099884529,wf2021B,wf2021,B,0.3
wf2021,w0.3,20211216,-0.0034234886126951547,-0.0037097952958670137,0.0001408796142919004,wf2021B,wf2021,B,0.3
wf2021,w0.3,20211217,-0.0032199049908180413,-0.003137305924593185,-0.00030305968033896236,wf2021B,wf2021,B,0.3
wf2021,w0.3,20211220,0.0025066500414060028,0.0026176400028075316,-0.0002093580253528744,wf2021B,wf2021,B,0.3
wf2021,w0.3,20211221,0.005495490505204868,0.0051495099795810465,0.0002547756607435864,wf2021B,wf2021,B,0.3
wf2021,w0.3,20211222,-0.0011704444024122239,-0.0011497862748054664,-0.00013250336508634897,wf2021B,wf2021,B,0.3
wf2021,w0.3,20211223,-0.0020030058733985535,-0.002214150143532957,-0.00015521555001630943,wf2021B,wf2021,B,0.3
wf2021,w0.3,20211224,-0.0002684696190152743,-0.0001681839066696268,-0.0001836945465646498,wf2021B,wf2021,B,0.3
wf2021,w0.3,20211227,0.004517716446174687,0.004247750880730355,0.0002574798493107104,wf2021B,wf2021,B,0.3
wf2021,w0.3,20211228,-0.0004331159938281352,-0.00023944894542447744,-3.074440385489116e-05,wf2021B,wf2021,B,0.3
wf2021,w0.3,20211229,0.001258828262202142,0.0008594557608211114,0.0002577995522320911,wf2021B,wf2021,B,0.3
wf2021,w0.3,20211230,-0.0014313375479744206,-0.0013908630707557242,-7.130946021420614e-05,wf2021B,wf2021,B,0.3
wf2021,w0.3,20211231,-0.0025755201572102756,-0.0026282174347761695,-0.00013464014649241515,wf2021B,wf2021,B,0.3
wf2021,w0.4,20210809,0.003727544387536877,0.002639377330054075,0.0010629509172742641,wf2021B,wf2021,B,0.4
wf2021,w0.4,20210810,0.001927693543877164,0.00224863894926424,-0.00016263291783667156,wf2021B,wf2021,B,0.4
wf2021,w0.4,20210811,-0.0004005288400511979,-0.00024830782609193034,-0.00020968247638892098,wf2021B,wf2021,B,0.4
wf2021,w0.4,20210812,0.0009481436324429745,0.0006405830983550346,0.00027874059929167225,wf2021B,wf2021,B,0.4
wf2021,w0.4,20210813,0.002175187939385807,0.0027811079398922228,-0.00032627515038338966,wf2021B,wf2021,B,0.4
wf2021,w0.4,20210816,-0.0020745311736876104,-0.00048168705804783093,-0.001442021418752082,wf2021B,wf2021,B,0.4
wf2021,w0.4,20210817,-0.0006872194356418553,1.8696777991934668e-05,-0.0007203173215841814,wf2021B,wf2021,B,0.4
wf2021,w0.4,20210818,0.002535002999359189,0.0022241602320127785,9.932513595385592e-05,wf2021B,wf2021,B,0.4
wf2021,w0.4,20210819,-0.0016065471327244354,-0.0016542661427874947,-0.00027439337406020035,wf2021B,wf2021,B,0.4
wf2021,w0.4,20210820,0.006768794512287894,0.00536311590253533,0.001438521529256132,wf2021B,wf2021,B,0.4
wf2021,w0.4,20210823,0.0006451338818195358,0.0007852247966478107,-0.00015883089540530166,wf2021B,wf2021,B,0.4
wf2021,w0.4,20210824,0.0017227125231905746,0.001858983135536429,-0.00022011636906444607,wf2021B,wf2021,B,0.4
wf2021,w0.4,20210825,-0.004853918666175678,-0.004149083105161863,-0.0008688208983485882,wf2021B,wf2021,B,0.4
wf2021,w0.4,20210826,-0.0011706575799732683,-0.001137153860225876,-0.00012840025317471522,wf2021B,wf2021,B,0.4
wf2021,w0.4,20210827,4.4318124568289066e-05,-0.0006138825707284318,0.000514056011003356,wf2021B,wf2021,B,0.4
wf2021,w0.4,20210830,-0.006174350310314845,-0.005067213203896977,-0.0012208534520383226,wf2021B,wf2021,B,0.4
wf2021,w0.4,20210831,0.002659325234223402,0.0044701248037800475,-0.001820397468042191,wf2021B,wf2021,B,0.4
wf2021,w0.4,20210901,-0.00300249678321126,-0.0035648879742608526,0.0006432885324780679,wf2021B,wf2021,B,0.4
wf2021,w0.4,20210902,0.00283568093446852,0.0036051789459149116,-0.0008254032345022828,wf2021B,wf2021,B,0.4
wf2021,w0.4,20210903,0.003906688539678195,0.0033159527055225996,0.0006162362205021166,wf2021B,wf2021,B,0.4
wf2021,w0.4,20210906,-0.0013753171911859395,-0.0016139872539439532,0.00014676700084079885,wf2021B,wf2021,B,0.4
wf2021,w0.4,20210907,-0.0016213854118003303,-0.0008815940104740697,-0.0008165226884787036,wf2021B,wf2021,B,0.4
wf2021,w0.4,20210908,-0.005607586798631923,-0.005035401702703572,-0.0007469723814217046,wf2021B,wf2021,B,0.4
wf2021,w0.4,20210909,0.0032938079280978,0.0034487417510217734,-0.00017260072393568074,wf2021B,wf2021,B,0.4
wf2021,w0.4,20210910,-0.00547570788662648,-0.004829405928864866,-0.0007501913752359847,wf2021B,wf2021,B,0.4
wf2021,w0.4,20210913,0.0028911938837819975,0.0033279892240570376,-0.00028758806839947876,wf2021B,wf2021,B,0.4
wf2021,w0.4,20210914,-0.00304109232658152,-0.0028151494280853956,-0.00030341252805864225,wf2021B,wf2021,B,0.4
wf2021,w0.4,20210915,0.003773954133097588,0.003510832243417389,4.620412641701845e-05,wf2021B,wf2021,B,0.4
wf2021,w0.4,20210916,0.004256226086614133,0.0036491342680499295,0.0005420491828184117,wf2021B,wf2021,B,0.4
wf2021,w0.4,20210917,-0.0039758444146178705,-0.0037240352743993753,-0.0003898915472411184,wf2021B,wf2021,B,0.4
wf2021,w0.4,20210922,0.003259908405023511,0.003824200179842744,-0.0005927824639994723,wf2021B,wf2021,B,0.4
wf2021,w0.4,20210923,0.005169544134252859,0.005188285761439323,-0.00015084921946407567,wf2021B,wf2021,B,0.4
wf2021,w0.4,20210924,0.0043364858459239465,0.00476627299243438,-0.0004717453372827831,wf2021B,wf2021,B,0.4
wf2021,w0.4,20210927,0.0013347565203648435,0.0015871903518168379,-0.00032719509508875546,wf2021B,wf2021,B,0.4
wf2021,w0.4,20210928,0.0015295317528534712,0.0031216044142938133,-0.0016910910369385354,wf2021B,wf2021,B,0.4
wf2021,w0.4,20210929,0.0031561884364720606,0.0008281709418673574,0.002229317766876425,wf2021B,wf2021,B,0.4
wf2021,w0.4,20210930,0.0008002066902363068,0.0022116430095666354,-0.0014768796329386173,wf2021B,wf2021,B,0.4
wf2021,w0.4,20211008,5.090993197987264e-05,0.0001375563904940017,-5.026943779079789e-05,wf2021B,wf2021,B,0.4
wf2021,w0.4,20211011,-0.0005904995725951809,0.0002128646567097661,-0.0006156060217528648,wf2021B,wf2021,B,0.4
wf2021,w0.4,20211012,0.005503238351303764,0.005353349420954723,0.0003729550696396878,wf2021B,wf2021,B,0.4
wf2021,w0.4,20211013,0.00492967534752877,0.004592920855054318,0.0003347325468461051,wf2021B,wf2021,B,0.4
wf2021,w0.4,20211014,0.0004321532917004288,0.0005236512154531154,7.324472983809733e-05,wf2021B,wf2021,B,0.4
wf2021,w0.4,20211015,-0.001603814141974384,-0.0019086206888907233,0.0002799792182976361,wf2021B,wf2021,B,0.4
wf2021,w0.4,20211018,-0.0011581482317255289,-0.001578640111850094,0.00019702778668604016,wf2021B,wf2021,B,0.4
wf2021,w0.4,20211019,-0.0011266276018059374,-0.0011762000865008933,-0.00014528213282993807,wf2021B,wf2021,B,0.4
wf2021,w0.4,20211020,-2.8549966037594646e-05,0.00066632322248116,-0.0006181660900339074,wf2021B,wf2021,B,0.4
wf2021,w0.4,20211021,0.0036733516304528844,0.0036179183729756316,2.1506757818907365e-05,wf2021B,wf2021,B,0.4
wf2021,w0.4,20211022,0.0020501054530577606,0.001642279180195816,0.00039567714717479935,wf2021B,wf2021,B,0.4
wf2021,w0.4,20211025,0.0015951868427690388,0.0016690087980622307,-5.1109840320402036e-05,wf2021B,wf2021,B,0.4
wf2021,w0.4,20211026,-0.0010011754564985265,-0.0006139204136025062,-0.00037232772161391575,wf2021B,wf2021,B,0.4
wf2021,w0.4,20211027,-4.414622830774262e-06,0.00019756054932257446,-0.0003801459718242913,wf2021B,wf2021,B,0.4
wf2021,w0.4,20211028,0.004573747665741179,0.004349769959247296,4.2939242688851495e-05,wf2021B,wf2021,B,0.4
wf2021,w0.4,20211029,0.002202958329661683,0.0014519618203207838,0.0006605117338127739,wf2021B,wf2021,B,0.4
wf2021,w0.4,20211101,0.005107294919548174,0.004575948162168471,0.0005264433953475811,wf2021B,wf2021,B,0.4
wf2021,w0.4,20211102,0.004509354195795366,0.004406754540695501,0.00022431376847235424,wf2021B,wf2021,B,0.4
wf2021,w0.4,20211103,0.0015493074159495211,0.0010848401192174403,0.0005317897814664747,wf2021B,wf2021,B,0.4
wf2021,w0.4,20211104,0.003483849709176036,0.003239661665792882,0.0004234498968432424,wf2021B,wf2021,B,0.4
wf2021,w0.4,20211105,-0.00044152917694120514,-0.00048082456199271135,5.473610252632281e-05,wf2021B,wf2021,B,0.4
wf2021,w0.4,20211108,0.003722498963072666,0.00328890182277083,0.0004248567961068425,wf2021B,wf2021,B,0.4
wf2021,w0.4,20211109,0.0011354269245638683,0.0008373073679375296,0.00032896494099444074,wf2021B,wf2021,B,0.4
wf2021,w0.4,20211110,-0.0003906243401673691,-0.0003153876563043627,9.318416002228407e-05,wf2021B,wf2021,B,0.4
wf2021,w0.4,20211111,0.0015652537164641753,0.0015046194212329249,0.0004666770781618681,wf2021B,wf2021,B,0.4
wf2021,w0.4,20211112,0.002867634523308937,0.0025487607362245,0.0004951666507266868,wf2021B,wf2021,B,0.4
wf2021,w0.4,20211115,-0.0009147939061377019,-0.0013616504626477674,0.0002568996765258587,wf2021B,wf2021,B,0.4
wf2021,w0.4,20211116,0.0026776414557751205,0.002396030009610252,0.00033898059411811214,wf2021B,wf2021,B,0.4
wf2021,w0.4,20211117,-0.00098648044818451,-0.0008479399362187805,-0.00026366795768824016,wf2021B,wf2021,B,0.4
wf2021,w0.4,20211118,0.0036844561578991825,0.003715633423173319,-0.00010901730575644931,wf2021B,wf2021,B,0.4
wf2021,w0.4,20211119,0.0028226737215704635,0.002512668060526386,0.0003363291697895945,wf2021B,wf2021,B,0.4
wf2021,w0.4,20211122,0.0008837696744197943,0.000678557091676024,0.0002231711531934512,wf2021B,wf2021,B,0.4
wf2021,w0.4,20211123,-0.001503061680589481,-0.0014189248773175541,4.4429694658362616e-05,wf2021B,wf2021,B,0.4
wf2021,w0.4,20211124,0.002083965499126394,0.0022839163017978957,-0.00014975939404909008,wf2021B,wf2021,B,0.4
wf2021,w0.4,20211125,-0.001240163216138309,-0.0011525828881564341,-0.00013355157525937048,wf2021B,wf2021,B,0.4
wf2021,w0.4,20211126,-1.980591551795476e-05,0.0002229144225641388,-0.0002282374475933536,wf2021B,wf2021,B,0.4
wf2021,w0.4,20211129,0.002637615061438131,0.0024006420270396628,4.594509472284698e-05,wf2021B,wf2021,B,0.4
wf2021,w0.4,20211130,0.002096317031787188,0.001966211006540224,7.522484710754596e-05,wf2021B,wf2021,B,0.4
wf2021,w0.4,20211201,0.0028350117070181664,0.002431261876728769,0.00024131840615700497,wf2021B,wf2021,B,0.4
wf2021,w0.4,20211202,0.0008510901214230301,0.0007908509714886026,-6.56149265309308e-05,wf2021B,wf2021,B,0.4
wf2021,w0.4,20211203,-0.0037760296527871995,-0.003620596054092763,-0.00016221605270077855,wf2021B,wf2021,B,0.4
wf2021,w0.4,20211206,-0.0027903708119186403,-0.002523140011204022,-0.00023256389866097238,wf2021B,wf2021,B,0.4
wf2021,w0.4,20211207,0.004395273252351764,0.004013627557211253,0.0003648396759693219,wf2021B,wf2021,B,0.4
wf2021,w0.4,20211208,0.0014701034091947176,0.001373264227186963,-2.149005451778578e-06,wf2021B,wf2021,B,0.4
wf2021,w0.4,20211209,0.001870740520042081,0.0019962705086333803,-4.622691479368347e-05,wf2021B,wf2021,B,0.4
wf2021,w0.4,20211210,0.00023057691213411533,0.00032338038645137823,-0.0001198864979900277,wf2021B,wf2021,B,0.4
wf2021,w0.4,20211213,6.937091620317238e-05,0.0002526016281479192,3.566412927124745e-05,wf2021B,wf2021,B,0.4
wf2021,w0.4,20211214,-0.0018118666693068728,-0.001088060288919884,-0.0004438913409964726,wf2021B,wf2021,B,0.4
wf2021,w0.4,20211215,0.001656954711562724,0.00146501650302348,0.00020747559703999436,wf2021B,wf2021,B,0.4
wf2021,w0.4,20211216,-0.003592441048852031,-0.0037430110847876674,5.1429670556796475e-06,wf2021B,wf2021,B,0.4
wf2021,w0.4,20211217,-0.003144119281593064,-0.0028321572990285763,-0.000532422596678592,wf2021B,wf2021,B,0.4
wf2021,w0.4,20211220,0.00269598028075144,0.002916217677888672,-0.00031860546108858004,wf2021B,wf2021,B,0.4
wf2021,w0.4,20211221,0.005002860521431174,0.004561795729181483,0.000349859927369457,wf2021B,wf2021,B,0.4
wf2021,w0.4,20211222,-0.000529599011618853,-0.000644697202709253,3.2529536108094265e-06,wf2021B,wf2021,B,0.4
wf2021,w0.4,20211223,-0.0015639713405129832,-0.0015101409461211897,-0.0004201902145425061,wf2021B,wf2021,B,0.4
wf2021,w0.4,20211224,-0.0009552219145438348,-0.0007267530177470882,-0.0003118777310157483,wf2021B,wf2021,B,0.4
wf2021,w0.4,20211227,0.004449849119710419,0.004160755421483897,0.00027660798209289936,wf2021B,wf2021,B,0.4
wf2021,w0.4,20211228,0.0005631154932489193,0.0008151013867763139,-8.906324897862768e-05,wf2021B,wf2021,B,0.4
wf2021,w0.4,20211229,0.0012163696018626675,0.0008256479821625534,0.00024914867055117316,wf2021B,wf2021,B,0.4
wf2021,w0.4,20211230,-0.0022031974736772936,-0.0021267916970985857,-0.00010724075957421808,wf2021B,wf2021,B,0.4
wf2021,w0.4,20211231,-0.002625618789343011,-0.0025871800309320812,-0.00022577618246923868,wf2021B,wf2021,B,0.4
wf2021,w0.5,20210809,0.0036282652575728176,0.0025486182764883065,0.0010544308408759703,wf2021B,wf2021,B,0.5
wf2021,w0.5,20210810,0.0012635892748314786,0.0015197739014966754,-9.787213911479386e-05,wf2021B,wf2021,B,0.5
wf2021,w0.5,20210811,-0.0002697375886423349,-0.00011945320926189587,-0.00020774584181009256,wf2021B,wf2021,B,0.5
wf2021,w0.5,20210812,-0.00013418549220399695,-0.00038603010718188467,0.00022302468018162074,wf2021B,wf2021,B,0.5
wf2021,w0.5,20210813,0.0031330865687229075,0.003765824921488639,-0.00035309350264270433,wf2021B,wf2021,B,0.5
wf2021,w0.5,20210816,-0.002939927894803941,-0.0013643754361362444,-0.0014247297617800058,wf2021B,wf2021,B,0.5
wf2021,w0.5,20210817,-0.001395787060294815,-0.0007712189608797561,-0.00063896920736545,wf2021B,wf2021,B,0.5
wf2021,w0.5,20210818,0.003559080991698161,0.003211712394833893,0.0001358509654717149,wf2021B,wf2021,B,0.5
wf2021,w0.5,20210819,-0.0016759113350783604,-0.0017139356814574957,-0.0002840880377441242,wf2021B,wf2021,B,0.5
wf2021,w0.5,20210820,0.006344882341755179,0.004825104779449631,0.001552620481809109,wf2021B,wf2021,B,0.5
wf2021,w0.5,20210823,-0.00011999174769148063,0.00013531792757320524,-0.0002740496558417127,wf2021B,wf2021,B,0.5
wf2021,w0.5,20210824,0.0013940158027379605,0.0015090865299013376,-0.00019891648388196967,wf2021B,wf2021,B,0.5
wf2021,w0.5,20210825,-0.00479043824999071,-0.004018491770331972,-0.0009359318169935118,wf2021B,wf2021,B,0.5
wf2021,w0.5,20210826,-0.0012713785703846534,-0.0012591562910349867,-0.00010711881277699011,wf2021B,wf2021,B,0.5
wf2021,w0.5,20210827,-0.0007970614572815975,-0.0015114920350283757,0.0005702858934534134,wf2021B,wf2021,B,0.5
wf2021,w0.5,20210830,-0.005445706867975103,-0.004342384303820385,-0.0012170389097751705,wf2021B,wf2021,B,0.5
wf2021,w0.5,20210831,0.00506625118029214,0.00703996755684224,-0.0019833142750356456,wf2021B,wf2021,B,0.5
wf2021,w0.5,20210901,-0.004258748883410977,-0.004909922636354271,0.0007320710943717685,wf2021B,wf2021,B,0.5
wf2021,w0.5,20210902,0.00327518378822317,0.004235068878847273,-0.0010157903136799947,wf2021B,wf2021,B,0.5
wf2021,w0.5,20210903,0.004584062511980052,0.004066718850975829,0.000542844047350743,wf2021B,wf2021,B,0.5
wf2021,w0.5,20210906,-0.00213582139586903,-0.0025237651688940215,0.0002960407111077765,wf2021B,wf2021,B,0.5
wf2021,w0.5,20210907,-0.0016894777133087862,-0.0007898383487667184,-0.0009763706516945133,wf2021B,wf2021,B,0.5
wf2021,w0.5,20210908,-0.0061550193581197425,-0.005384708245342369,-0.0009450983982707254,wf2021B,wf2021,B,0.5
wf2021,w0.5,20210909,0.004705527936028625,0.004585616759449927,0.00010224427556699126,wf2021B,wf2021,B,0.5
wf2021,w0.5,20210910,-0.006107072804906181,-0.00537122425397278,-0.0008397379684077713,wf2021B,wf2021,B,0.5
wf2021,w0.5,20210913,0.003016184016238455,0.0031144276079487594,5.096368016525843e-05,wf2021B,wf2021,B,0.5
wf2021,w0.5,20210914,-0.003942438800502679,-0.0037785595083492983,-0.0002413489217159004,wf2021B,wf2021,B,0.5
wf2021,w0.5,20210915,0.0025144244143733945,0.002584641516933968,-0.00028713486582375056,wf2021B,wf2021,B,0.5
wf2021,w0.5,20210916,0.004671798084392923,0.004005172952019543,0.0006015824966275896,wf2021B,wf2021,B,0.5
wf2021,w0.5,20210917,-0.003962602991921898,-0.003661447568342573,-0.00043923783060194815,wf2021B,wf2021,B,0.5
wf2021,w0.5,20210922,0.0036638124063275287,0.004557594701223107,-0.0009222729840758199,wf2021B,wf2021,B,0.5
wf2021,w0.5,20210923,0.005251446371786718,0.0052691805744649045,-0.00014984179495579735,wf2021B,wf2021,B,0.5
wf2021,w0.5,20210924,0.005409560775365366,0.0058342201852884645,-0.00046661760069544657,wf2021B,wf2021,B,0.5
wf2021,w0.5,20210927,-0.00039500166676294766,-0.0001151883472253327,-0.0003545745831743764,wf2021B,wf2021,B,0.5
wf2021,w0.5,20210928,0.0021079883795260337,0.003715354934723033,-0.0017063849306951972,wf2021B,wf2021,B,0.5
wf2021,w0.5,20210929,0.00256074993086728,0.0001882726126805511,0.002273777590458449,wf2021B,wf2021,B,0.5
wf2021,w0.5,20210930,0.0017071131766864117,0.003019637534365952,-0.0013779676712878293,wf2021B,wf2021,B,0.5
wf2021,w0.5,20211008,0.0004978596391970278,0.0005823328044112384,-4.809614449087866e-05,wf2021B,wf2021,B,0.5
wf2021,w0.5,20211011,0.00014527800781016786,0.0009263727139096328,-0.000593336498547382,wf2021B,wf2021,B,0.5
wf2021,w0.5,20211012,0.006762635304076855,0.006594764893330022,0.0003909365500374796,wf2021B,wf2021,B,0.5
wf2021,w0.5,20211013,0.00481355902155937,0.004457782642215151,0.00035375443371586825,wf2021B,wf2021,B,0.5
wf2021,w0.5,20211014,-0.0001387783379936513,-3.67439242564768e-05,6.27082398536102e-05,wf2021B,wf2021,B,0.5
wf2021,w0.5,20211015,-0.00234026059538586,-0.0027062076480492826,0.00034111972404471966,wf2021B,wf2021,B,0.5
wf2021,w0.5,20211018,-0.0011743638963689369,-0.0016143965026686716,0.00021656851286120884,wf2021B,wf2021,B,0.5
wf2021,w0.5,20211019,-0.0007554915672573223,-0.0009119948718415315,-3.8351312940685246e-05,wf2021B,wf2021,B,0.5
wf2021,w0.5,20211020,-0.0006196092788123544,6.887464443594495e-05,-0.000611776824763452,wf2021B,wf2021,B,0.5
wf2021,w0.5,20211021,0.004625644790560009,0.004642881886501523,-5.1163595599859645e-05,wf2021B,wf2021,B,0.5
wf2021,w0.5,20211022,0.0014805416518957936,0.0009857508341895743,0.0004826416920190726,wf2021B,wf2021,B,0.5
wf2021,w0.5,20211025,0.0021646597918936316,0.002227097040575842,-3.972513370942113e-05,wf2021B,wf2021,B,0.5
wf2021,w0.5,20211026,-0.0012651767308067552,-0.0008502869556048666,-0.0003999624539197798,wf2021B,wf2021,B,0.5
wf2021,w0.5,20211027,-0.0007246326466560961,-0.00041493196197537805,-0.00048787148435165835,wf2021B,wf2021,B,0.5
wf2021,w0.5,20211028,0.00458711067452265,0.004387251312543601,1.8820898174021587e-05,wf2021B,wf2021,B,0.5
wf2021,w0.5,20211029,0.0024224981661201024,0.0016343903660534628,0.0006976230245385118,wf2021B,wf2021,B,0.5
wf2021,w0.5,20211101,0.004571793749109588,0.004081761689385909,0.00048512869769155674,wf2021B,wf2021,B,0.5
wf2021,w0.5,20211102,0.003704872225453593,0.0036368176346891186,0.00018976870413696408,wf2021B,wf2021,B,0.5
wf2021,w0.5,20211103,0.0011783673336404812,0.0006605414899810261,0.0005851483283938507,wf2021B,wf2021,B,0.5
wf2021,w0.5,20211104,0.003242500326642343,0.003109258047181455,0.0003125041329209765,wf2021B,wf2021,B,0.5
wf2021,w0.5,20211105,-0.0002005949218393966,-0.0002767466825496536,9.159247818507328e-05,wf2021B,wf2021,B,0.5
wf2021,w0.5,20211108,0.0037591938414196936,0.003358975375750654,0.00039147812147404486,wf2021B,wf2021,B,0.5
wf2021,w0.5,20211109,0.0013811936057542195,0.0010605192950021906,0.00035151969512013176,wf2021B,wf2021,B,0.5
wf2021,w0.5,20211110,0.0007173424595030963,0.0007463565302558771,0.00013940677313250977,wf2021B,wf2021,B,0.5
wf2021,w0.5,20211111,0.0014504330546026602,0.001244253409606399,0.0006122224279268813,wf2021B,wf2021,B,0.5
wf2021,w0.5,20211112,0.0016971659865613574,0.0015306931002242884,0.0003427657499793188,wf2021B,wf2021,B,0.5
wf2021,w0.5,20211115,9.13230808566503e-05,-0.00032832994595192343,0.00022969614682436608,wf2021B,wf2021,B,0.5
wf2021,w0.5,20211116,0.002694917601860986,0.0022539623369695946,0.00049832441284464,wf2021B,wf2021,B,0.5
wf2021,w0.5,20211117,-0.0007980490979317394,-0.0006028519033768328,-0.0003203246402774156,wf2021B,wf2021,B,0.5
wf2021,w0.5,20211118,0.003249598092572666,0.003275477572789951,-0.00010371952069959832,wf2021B,wf2021,B,0.5
wf2021,w0.5,20211119,0.0028931129412419583,0.0026614372231552785,0.0002579992268321962,wf2021B,wf2021,B,0.5
wf2021,w0.5,20211122,0.0007574309249658213,0.0005623256814519554,0.0002130638139635469,wf2021B,wf2021,B,0.5
wf2021,w0.5,20211123,-0.0013361179275115406,-0.0012541036344952234,4.6552204913971544e-05,wf2021B,wf2021,B,0.5
wf2021,w0.5,20211124,0.0020438717435080473,0.002286723096782624,-0.00019265994465216546,wf2021B,wf2021,B,0.5
wf2021,w0.5,20211125,-0.00034955842390010884,-0.0002911003387674031,-0.00010442933241020089,wf2021B,wf2021,B,0.5
wf2021,w0.5,20211126,-0.0001812117626892409,9.867504070844752e-05,-0.00026540391290894906,wf2021B,wf2021,B,0.5
wf2021,w0.5,20211129,0.0026084678441857237,0.002434406416222262,-1.6966511712158635e-05,wf2021B,wf2021,B,0.5
wf2021,w0.5,20211130,0.0007421230201328215,0.0005578914373101931,0.00012935040468320727,wf2021B,wf2021,B,0.5
wf2021,w0.5,20211201,0.002496021726407784,0.002235312413676917,9.82778885984758e-05,wf2021B,wf2021,B,0.5
wf2021,w0.5,20211202,0.0009407503172387472,0.0008523024847027743,-3.7406243929386144e-05,wf2021B,wf2021,B,0.5
wf2021,w0.5,20211203,-0.0036891335542725452,-0.0034957588986550534,-0.00020015710962383292,wf2021B,wf2021,B,0.5
wf2021,w0.5,20211206,-0.0033260407521153584,-0.0029955927710163983,-0.00029578107904531257,wf2021B,wf2021,B,0.5
wf2021,w0.5,20211207,0.0046305065666619755,0.004163199445512837,0.0004505011019779532,wf2021B,wf2021,B,0.5
wf2021,w0.5,20211208,0.0015540769834671469,0.001430322094963022,2.4766701044591755e-05,wf2021B,wf2021,B,0.5
wf2021,w0.5,20211209,0.001844411799248481,0.0019420729262852152,-1.835805323911882e-05,wf2021B,wf2021,B,0.5
wf2021,w0.5,20211210,0.00039016934453792,0.00038867188622663607,-2.558556536148089e-05,wf2021B,wf2021,B,0.5
wf2021,w0.5,20211213,0.00011377907213486194,0.0002567745646991877,7.589934865166915e-05,wf2021B,wf2021,B,0.5
wf2021,w0.5,20211214,-0.002898826800499327,-0.0022455917104180117,-0.00037332005069079933,wf2021B,wf2021,B,0.5
wf2021,w0.5,20211215,0.002243637681044486,0.0020603120810717634,0.00019886298847347325,wf2021B,wf2021,B,0.5
wf2021,w0.5,20211216,-0.004766247349965231,-0.00488331429245164,-2.836012639354646e-05,wf2021B,wf2021,B,0.5
wf2021,w0.5,20211217,-0.0030001874088622874,-0.0025861802973524586,-0.0006344677256239345,wf2021B,wf2021,B,0.5
wf2021,w0.5,20211220,0.0012627917347702439,0.0014853084106979733,-0.0003208847398790761,wf2021B,wf2021,B,0.5
wf2021,w0.5,20211221,0.004901086859269672,0.00445114181381119,0.0003587401805782472,wf2021B,wf2021,B,0.5
wf2021,w0.5,20211222,-0.0006103878280321762,-0.0006992428822094075,-2.299018330235952e-05,wf2021B,wf2021,B,0.5
wf2021,w0.5,20211223,-0.0017999401318741191,-0.0016474049739718618,-0.0005188949780529686,wf2021B,wf2021,B,0.5
wf2021,w0.5,20211224,-8.718963458104276e-05,9.896433644133105e-05,-0.0002695628052413761,wf2021B,wf2021,B,0.5
wf2021,w0.5,20211227,0.004692353166275091,0.004367983610049777,0.0003118838400916901,wf2021B,wf2021,B,0.5
wf2021,w0.5,20211228,-0.00018167116522631267,3.4135646133575976e-05,-5.288416681112259e-05,wf2021B,wf2021,B,0.5
wf2021,w0.5,20211229,0.0009200787322366424,0.0005312813077488407,0.00024722447533885827,wf2021B,wf2021,B,0.5
wf2021,w0.5,20211230,-0.0015738815812924292,-0.0015286691353606568,-7.60474289272819e-05,wf2021B,wf2021,B,0.5
wf2021,w0.5,20211231,-0.0031027371018219774,-0.003129821368608671,-0.00016025315727161436,wf2021B,wf2021,B,0.5
wf2021,w0.6,20210809,0.002794776279204327,0.0018587808453678343,0.0009107792936279538,wf2021B,wf2021,B,0.6
wf2021,w0.6,20210810,0.0014683783159886018,0.0017234199950702418,-9.672919153123552e-05,wf2021B,wf2021,B,0.6
wf2021,w0.6,20210811,-0.0005669048230622035,-0.0004164665439257549,-0.0002078997415661021,wf2021B,wf2021,B,0.6
wf2021,w0.6,20210812,0.0011168016415266002,0.0008097553899251355,0.0002782263168051973,wf2021B,wf2021,B,0.6
wf2021,w0.6,20210813,0.0029012728523624496,0.003362234942139222,-0.00018131723965374505,wf2021B,wf2021,B,0.6
wf2021,w0.6,20210816,-0.0012995199637822821,-0.00010693639273093276,-0.0010417608741636526,wf2021B,wf2021,B,0.6
wf2021,w0.6,20210817,-0.0012427272297718134,-0.0007606932297973529,-0.0004964351079248505,wf2021B,wf2021,B,0.6
wf2021,w0.6,20210818,0.002784778138717704,0.0025709991745575954,2.261332767555289e-06,wf2021B,wf2021,B,0.6
wf2021,w0.6,20210819,-0.0023115429711604,-0.002411141906755049,-0.00022251344852861093,wf2021B,wf2021,B,0.6
wf2021,w0.6,20210820,0.006029619364914463,0.004815245920920742,0.0012472163634972824,wf2021B,wf2021,B,0.6
wf2021,w0.6,20210823,0.0004035257047785715,0.000707183398048756,-0.00032239767384721016,wf2021B,wf2021,B,0.6
wf2021,w0.6,20210824,0.0013205076405211702,0.0014110685894517436,-0.00017440670564916618,wf2021B,wf2021,B,0.6
wf2021,w0.6,20210825,-0.004686569923857669,-0.0040898601000379405,-0.0007606951611545005,wf2021B,wf2021,B,0.6
wf2021,w0.6,20210826,-0.0008290238609240141,-0.0007947082479094225,-0.00012921214644191496,wf2021B,wf2021,B,0.6
wf2021,w0.6,20210827,-0.0006103186654583477,-0.001146646916682017,0.00039218356693030467,wf2021B,wf2021,B,0.6
wf2021,w0.6,20210830,-0.004820390682462844,-0.004030442159715665,-0.0009036648683676326,wf2021B,wf2021,B,0.6
wf2021,w0.6,20210831,0.003238528869291719,0.004691301761676527,-0.0014623707908703529,wf2021B,wf2021,B,0.6
wf2021,w0.6,20210901,-0.004432112411602667,-0.004861319166451891,0.0005101040962776971,wf2021B,wf2021,B,0.6
wf2021,w0.6,20210902,0.003201430408837862,0.0039398032587778225,-0.0007942780729958522,wf2021B,wf2021,B,0.6
wf2021,w0.6,20210903,0.005203639862790297,0.004740586489264174,0.0004885537598726417,wf2021B,wf2021,B,0.6
wf2021,w0.6,20210906,-0.001295834716751803,-0.0015873776856260824,0.00019963990695706616,wf2021B,wf2021,B,0.6
wf2021,w0.6,20210907,-0.0013459033237872512,-0.0006925136463692924,-0.0007301209645704035,wf2021B,wf2021,B,0.6
wf2021,w0.6,20210908,-0.005310114589227119,-0.004672689527077421,-0.00081221234764305,wf2021B,wf2021,B,0.6
wf2021,w0.6,20210909,0.003800975338147584,0.003839249800388094,-5.5941363252217096e-05,wf2021B,wf2021,B,0.6
wf2021,w0.6,20210910,-0.005675529629329784,-0.005066801357043067,-0.0007126176897610855,wf2021B,wf2021,B,0.6
wf2021,w0.6,20210913,0.003398616692179633,0.003741966377749751,-0.00019414241369455492,wf2021B,wf2021,B,0.6
wf2021,w0.6,20210914,-0.00412974499855662,-0.003918021266427478,-0.0002891933616916597,wf2021B,wf2021,B,0.6
wf2021,w0.6,20210915,0.002253040823189891,0.002128836402860902,-9.27133429341917e-05,wf2021B,wf2021,B,0.6
wf2021,w0.6,20210916,0.004545246699117998,0.003908752165388888,0.0005714518979833193,wf2021B,wf2021,B,0.6
wf2021,w0.6,20210917,-0.0038432037868621582,-0.003607907367913584,-0.00037337882597119764,wf2021B,wf2021,B,0.6
wf2021,w0.6,20210922,0.0037011207763307874,0.004551175338609375,-0.0008785452514588289,wf2021B,wf2021,B,0.6
wf2021,w0.6,20210923,0.005276714892184441,0.00524137238195228,-9.676508204545315e-05,wf2021B,wf2021,B,0.6
wf2021,w0.6,20210924,0.0046381901417561905,0.005097467777832904,-0.0005012358268490611,wf2021B,wf2021,B,0.6
wf2021,w0.6,20210927,-0.00010278575919462664,0.00018563400648166466,-0.00036318102931305276,wf2021B,wf2021,B,0.6
wf2021,w0.6,20210928,0.001302636615793034,0.0027898743042352636,-0.0015862560639404283,wf2021B,wf2021,B,0.6
wf2021,w0.6,20210929,0.0028362961526351635,0.0005305322119837818,0.002207064212923101,wf2021B,wf2021,B,0.6
wf2021,w0.6,20210930,0.0009206229545085723,0.002129896118874394,-0.0012747164779741095,wf2021B,wf2021,B,0.6
wf2021,w0.6,20211008,0.0009071041315716025,0.0008740808788647409,6.940027343019346e-05,wf2021B,wf2021,B,0.6
wf2021,w0.6,20211011,0.00042022445868544755,0.0010011471178501923,-0.00039316445161266035,wf2021B,wf2021,B,0.6
wf2021,w0.6,20211012,0.006481240555157759,0.006372781683820831,0.00033152501062757374,wf2021B,wf2021,B,0.6
wf2021,w0.6,20211013,0.004170749051212379,0.003904109340023562,0.00026461776556046916,wf2021B,wf2021,B,0.6
wf2021,w0.6,20211014,0.0003953372300661241,0.0005844781282867469,-2.4398244629838324e-05,wf2021B,wf2021,B,0.6
wf2021,w0.6,20211015,-0.002703660889801067,-0.0029522023367423308,0.0002237141183225605,wf2021B,wf2021,B,0.6
wf2021,w0.6,20211018,-0.0002752070192040424,-0.0006528811314046165,0.0001542100187620486,wf2021B,wf2021,B,0.6
wf2021,w0.6,20211019,-0.0013338082847667151,-0.001338553354902387,-0.0001901095473892219,wf2021B,wf2021,B,0.6
wf2021,w0.6,20211020,-0.0004757589314093938,0.00019726113534087263,-0.0005963129682654194,wf2021B,wf2021,B,0.6
wf2021,w0.6,20211021,0.004032441121860747,0.003953469671636529,4.504495056587173e-05,wf2021B,wf2021,B,0.6
wf2021,w0.6,20211022,0.0013386145808525008,0.0009461297985490139,0.0003803356566163404,wf2021B,wf2021,B,0.6
wf2021,w0.6,20211025,0.0025693377291329785,0.002648503201505828,-5.6453357400058926e-05,wf2021B,wf2021,B,0.6
wf2021,w0.6,20211026,-0.001177050077061939,-0.0006257360737440984,-0.0005363866820357359,wf2021B,wf2021,B,0.6
wf2021,w0.6,20211027,-4.0846649283943215e-05,7.989571741561961e-05,-0.00029891316637050406,wf2021B,wf2021,B,0.6
wf2021,w0.6,20211028,0.004281899072498317,0.004026562507659951,7.429810103333575e-05,wf2021B,wf2021,B,0.6
wf2021,w0.6,20211029,0.0026656426310950176,0.001958519020464207,0.0006166388351026806,wf2021B,wf2021,B,0.6
wf2021,w0.6,20211101,0.004541700138578148,0.003961519241704984,0.0005752775348410416,wf2021B,wf2021,B,0.6
wf2021,w0.6,20211102,0.0026293244964552785,0.0024852564052048596,0.00026578220462290954,wf2021B,wf2021,B,0.6
wf2021,w0.6,20211103,0.0006639669827286591,0.00023057646585768811,0.0005007130016053663,wf2021B,wf2021,B,0.6
wf2021,w0.6,20211104,0.004173528946835381,0.003657493987087487,0.0006952968132079823,wf2021B,wf2021,B,0.6
wf2021,w0.6,20211105,-0.0006253273807820797,-0.0006653900258570041,5.5503362549741355e-05,wf2021B,wf2021,B,0.6
wf2021,w0.6,20211108,0.003527186127262794,0.0031299658376946525,0.00038847994537314544,wf2021B,wf2021,B,0.6
wf2021,w0.6,20211109,0.002063663364901629,0.0016478854016892368,0.00044662334758049384,wf2021B,wf2021,B,0.6
wf2021,w0.6,20211110,6.7365468489183e-05,9.529525585016171e-05,0.00014049105652431067,wf2021B,wf2021,B,0.6
wf2021,w0.6,20211111,0.002256866680921883,0.0021738787116793584,0.0004890307521731443,wf2021B,wf2021,B,0.6
wf2021,w0.6,20211112,0.0017299177050167525,0.001136433502103151,0.0007697770665558508,wf2021B,wf2021,B,0.6
wf2021,w0.6,20211115,0.0004956523471952119,-9.91022065968928e-05,0.00040479767380789705,wf2021B,wf2021,B,0.6
wf2021,w0.6,20211116,0.0029823806703191437,0.0028314395467250544,0.00020831027154733466,wf2021B,wf2021,B,0.6
wf2021,w0.6,20211117,-0.0007714453351415872,-0.0004450542668953086,-0.00045151851396878895,wf2021B,wf2021,B,0.6
wf2021,w0.6,20211118,0.002759358257666541,0.0028040431362479656,-0.0001225249190637358,wf2021B,wf2021,B,0.6
wf2021,w0.6,20211119,0.002378486624132695,0.0022109868058492327,0.0001938233270289769,wf2021B,wf2021,B,0.6
wf2021,w0.6,20211122,0.0012935379603356855,0.0010747538839019958,0.00023674264688337046,wf2021B,wf2021,B,0.6
wf2021,w0.6,20211123,-0.002276207351687919,-0.002193160125520238,4.551927176260905e-05,wf2021B,wf2021,B,0.6
wf2021,w0.6,20211124,0.002287984310418595,0.0024161514316433756,-7.797571260236843e-05,wf2021B,wf2021,B,0.6
wf2021,w0.6,20211125,0.00017319604649098123,0.0004296220619597601,-0.0003023972627462753,wf2021B,wf2021,B,0.6
wf2021,w0.6,20211126,-0.0005106929055618181,-8.528493409793812e-05,-0.00041092508097514036,wf2021B,wf2021,B,0.6
wf2021,w0.6,20211129,0.002738326485424834,0.0023609388181736737,0.0001863597275755395,wf2021B,wf2021,B,0.6
wf2021,w0.6,20211130,0.0013031603723309814,0.001054920190863296,0.00019335900332826569,wf2021B,wf2021,B,0.6
wf2021,w0.6,20211201,0.0032962923523486166,0.002876965596940511,0.00025689533127571567,wf2021B,wf2021,B,0.6
wf2021,w0.6,20211202,0.001065835837037894,0.0010121400045571445,-7.215824398460835e-05,wf2021B,wf2021,B,0.6
wf2021,w0.6,20211203,-0.002489669061175974,-0.002369078221234046,-0.00012737329394826608,wf2021B,wf2021,B,0.6
wf2021,w0.6,20211206,-0.003692991044463542,-0.003525092247220074,-0.0001332318951898209,wf2021B,wf2021,B,0.6
wf2021,w0.6,20211207,0.003664452852511317,0.003289700493433277,0.0003579463399068539,wf2021B,wf2021,B,0.6
wf2021,w0.6,20211208,0.001381216812297809,0.0012091999501554068,7.302867468286885e-05,wf2021B,wf2021,B,0.6
wf2021,w0.6,20211209,0.0025366423817845926,0.0026410658903475866,-2.512043476537953e-05,wf2021B,wf2021,B,0.6
wf2021,w0.6,20211210,-0.00043454297955373197,-0.00032481129530560407,-0.00013681470792089266,wf2021B,wf2021,B,0.6
wf2021,w0.6,20211213,-0.0003178801973700747,-0.00019507267059173114,9.608731443765032e-05,wf2021B,wf2021,B,0.6
wf2021,w0.6,20211214,-0.003000894292089435,-0.00231218694377963,-0.00040879230891928967,wf2021B,wf2021,B,0.6
wf2021,w0.6,20211215,0.0011843539940496924,0.0010101857696115362,0.0001897056129389069,wf2021B,wf2021,B,0.6
wf2021,w0.6,20211216,-0.0038640254375053107,-0.0041196787813788565,0.00011022627499359078,wf2021B,wf2021,B,0.6
wf2021,w0.6,20211217,-0.003082632854163204,-0.002966341688178658,-0.0003367517800986509,wf2021B,wf2021,B,0.6
wf2021,w0.6,20211220,0.0008725013326413185,0.0009796915953668361,-0.00020555832667686476,wf2021B,wf2021,B,0.6
wf2021,w0.6,20211221,0.0056896711900279485,0.005316051711659689,0.0002824146134880246,wf2021B,wf2021,B,0.6
wf2021,w0.6,20211222,-0.00037935596978609827,-0.00038688108592660703,-0.0001043201213390828,wf2021B,wf2021,B,0.6
wf2021,w0.6,20211223,-0.000935843073627908,-0.0011650871006198902,-0.0001371157931587317,wf2021B,wf2021,B,0.6
wf2021,w0.6,20211224,-0.00023429287320308329,-0.00018531423731600317,-0.00013238747010608216,wf2021B,wf2021,B,0.6
wf2021,w0.6,20211227,0.004073331908367844,0.0037318344836149747,0.000329011708619248,wf2021B,wf2021,B,0.6
wf2021,w0.6,20211228,-0.000467954480585845,-0.0003089777987242042,3.9459626871253734e-06,wf2021B,wf2021,B,0.6
wf2021,w0.6,20211229,0.0008532200947795714,0.0004648297895464764,0.0002468173560841541,wf2021B,wf2021,B,0.6
wf2021,w0.6,20211230,-0.0009707863145863478,-0.0010723481685356766,7.072687095381872e-05,wf2021B,wf2021,B,0.6
wf2021,w0.6,20211231,-0.002913587135371605,-0.003332437544134613,0.00023151298470469838,wf2021B,wf2021,B,0.6
wf2021,w0.7,20210809,0.0032176842938718628,0.0021572748744772864,0.0010351932791860387,wf2021B,wf2021,B,0.7
wf2021,w0.7,20210810,0.0013489149727324108,0.0015877171318763044,-8.048967159348904e-05,wf2021B,wf2021,B,0.7
wf2021,w0.7,20210811,-0.0005699574150105071,-0.00039847928444165136,-0.00022893959299850918,wf2021B,wf2021,B,0.7
wf2021,w0.7,20210812,0.0004114370284498564,0.00017955520083334607,0.00020306189282024242,wf2021B,wf2021,B,0.7
wf2021,w0.7,20210813,0.0018048132721646543,0.0024427858746626703,-0.00035832775237498986,wf2021B,wf2021,B,0.7
wf2021,w0.7,20210816,-0.001640251881549877,-7.612349717941872e-05,-0.0014133056874827603,wf2021B,wf2021,B,0.7
wf2021,w0.7,20210817,-0.0012985068704489946,-0.0005771745561220756,-0.0007357334222773129,wf2021B,wf2021,B,0.7
wf2021,w0.7,20210818,0.0026616180331202216,0.0023266533567778388,0.00012344704494982956,wf2021B,wf2021,B,0.7
wf2021,w0.7,20210819,-0.0024562026999198766,-0.0025380520928714716,-0.0002402629911716643,wf2021B,wf2021,B,0.7
wf2021,w0.7,20210820,0.005609300061976956,0.004149874676182086,0.0014922683052984301,wf2021B,wf2021,B,0.7
wf2021,w0.7,20210823,0.0002467779179956891,0.0005092652676576834,-0.00028122733023902086,wf2021B,wf2021,B,0.7
wf2021,w0.7,20210824,0.0007009102501040381,0.0008150785691701111,-0.00019801407578466478,wf2021B,wf2021,B,0.7
wf2021,w0.7,20210825,-0.006305296693936188,-0.005676838847675784,-0.0007924431835951797,wf2021B,wf2021,B,0.7
wf2021,w0.7,20210826,-0.001489263991970651,-0.0014439589709841112,-0.00014020155441386216,wf2021B,wf2021,B,0.7
wf2021,w0.7,20210827,-0.0014184075232387327,-0.0019897080623206722,0.00042715585478857415,wf2021B,wf2021,B,0.7
wf2021,w0.7,20210830,-0.004338798511218677,-0.0033621533237417826,-0.00109036153309735,wf2021B,wf2021,B,0.7
wf2021,w0.7,20210831,0.004472778115168221,0.006021698960644343,-0.0015585187439616669,wf2021B,wf2021,B,0.7
wf2021,w0.7,20210901,-0.003652886256444261,-0.004194231623579051,0.0006222427085632648,wf2021B,wf2021,B,0.7
wf2021,w0.7,20210902,0.0030934035805654844,0.004050262851830808,-0.001012764494321214,wf2021B,wf2021,B,0.7
wf2021,w0.7,20210903,0.005163165011899579,0.004675344309811217,0.0005133210884348847,wf2021B,wf2021,B,0.7
wf2021,w0.7,20210906,-0.0010391015318459273,-0.0013791246552700522,0.0002481200615069098,wf2021B,wf2021,B,0.7
wf2021,w0.7,20210907,-0.0005159571520210841,0.00031307108570588244,-0.0009057595248794124,wf2021B,wf2021,B,0.7
wf2021,w0.7,20210908,-0.005121057144897625,-0.004439085198364264,-0.0008567592320267132,wf2021B,wf2021,B,0.7
wf2021,w0.7,20210909,0.0036256256624040695,0.0037170554240722126,-0.00010909666267985008,wf2021B,wf2021,B,0.7
wf2021,w0.7,20210910,-0.006624499850115275,-0.005952639947508792,-0.0007757493200808519,wf2021B,wf2021,B,0.7
wf2021,w0.7,20210913,0.004327481974434819,0.0043738064646023905,0.00010288278170799108,wf2021B,wf2021,B,0.7
wf2021,w0.7,20210914,-0.0037640582074307404,-0.003552389092268497,-0.00028913874472476204,wf2021B,wf2021,B,0.7
wf2021,w0.7,20210915,0.0014369490135861095,0.0012648707832366452,-4.483953291371627e-05,wf2021B,wf2021,B,0.7
wf2021,w0.7,20210916,0.004474697867878486,0.0038001387816982753,0.0006095164504344205,wf2021B,wf2021,B,0.7
wf2021,w0.7,20210917,-0.005184428494150584,-0.004940995588950774,-0.00038151531222243185,wf2021B,wf2021,B,0.7
wf2021,w0.7,20210922,0.004325053742996456,0.005188872293485875,-0.0008923092396696599,wf2021B,wf2021,B,0.7
wf2021,w0.7,20210923,0.004531308403949504,0.004482146609874923,-8.294579820302977e-05,wf2021B,wf2021,B,0.7
wf2021,w0.7,20210924,0.004523330039210086,0.005013013629620541,-0.000531641781182802,wf2021B,wf2021,B,0.7
wf2021,w0.7,20210927,-0.000137539756352216,0.0001483599690446577,-0.00036066098903363587,wf2021B,wf2021,B,0.7
wf2021,w0.7,20210928,0.00134424103087619,0.0028697172557115964,-0.001624494600333605,wf2021B,wf2021,B,0.7
wf2021,w0.7,20210929,0.0030303257099637756,0.0007378577572648165,0.002193768224970679,wf2021B,wf2021,B,0.7
wf2021,w0.7,20210930,0.0014157527565088583,0.0027491504963057163,-0.0013988410534051465,wf2021B,wf2021,B,0.7
wf2021,w0.7,20211008,0.002277624278978612,0.0021919085767056765,0.00012209272299626778,wf2021B,wf2021,B,0.7
wf2021,w0.7,20211011,0.0004101335448369464,0.0011732014446377698,-0.0005753096922487379,wf2021B,wf2021,B,0.7
wf2021,w0.7,20211012,0.006578020737915892,0.00641347942026222,0.00038760745694431734,wf2021B,wf2021,B,0.7
wf2021,w0.7,20211013,0.004967158610735783,0.004597794787740779,0.0003673418773666544,wf2021B,wf2021,B,0.7
wf2021,w0.7,20211014,0.0005693493691149151,0.0008118542699838408,-7.776224727814183e-05,wf2021B,wf2021,B,0.7
wf2021,w0.7,20211015,-0.002512003076445166,-0.0029489755417235757,0.00041214513665970665,wf2021B,wf2021,B,0.7
wf2021,w0.7,20211018,-0.0003632625368688129,-0.000730530229237838,0.00014380359893050048,wf2021B,wf2021,B,0.7
wf2021,w0.7,20211019,-0.000529067553557091,-0.000630445370797565,-9.347680028442003e-05,wf2021B,wf2021,B,0.7
wf2021,w0.7,20211020,-0.0010977762894349352,-0.0004417656851210043,-0.0005793035058290832,wf2021B,wf2021,B,0.7
wf2021,w0.7,20211021,0.004490129554170464,0.004511592176571996,-5.538912205987781e-05,wf2021B,wf2021,B,0.7
wf2021,w0.7,20211022,0.0013838276748116352,0.0008552972757318131,0.0005163812733926761,wf2021B,wf2021,B,0.7
wf2021,w0.7,20211025,0.0031824221683776363,0.0033236617798937497,-0.0001185274965433238,wf2021B,wf2021,B,0.7
wf2021,w0.7,20211026,-0.0013708192788780098,-0.0009144222176748014,-0.00044146973992110263,wf2021B,wf2021,B,0.7
wf2021,w0.7,20211027,-0.0005506961800716796,-0.00031935485989705254,-0.0004095121198455681,wf2021B,wf2021,B,0.7
wf2021,w0.7,20211028,0.0037225756650349304,0.0035113898517075515,3.014734952235064e-05,wf2021B,wf2021,B,0.7
wf2021,w0.7,20211029,0.0042287195816797536,0.003404518976156827,0.0007337158299947991,wf2021B,wf2021,B,0.7
wf2021,w0.7,20211101,0.005286031750595445,0.004788922646050319,0.0004922057425130039,wf2021B,wf2021,B,0.7
wf2021,w0.7,20211102,0.0030318028206855925,0.0028344497292075656,0.0003190672048505173,wf2021B,wf2021,B,0.7
wf2021,w0.7,20211103,0.0005842370590499971,0.00012603391526174043,0.0005255256285226538,wf2021B,wf2021,B,0.7
wf2021,w0.7,20211104,0.003981636620707876,0.0035091005401222952,0.0006517979340456703,wf2021B,wf2021,B,0.7
wf2021,w0.7,20211105,-0.0004617795928948936,-0.0004341460652401559,-1.2192810179921782e-05,wf2021B,wf2021,B,0.7
wf2021,w0.7,20211108,0.002569738565844278,0.0021834668252387578,0.00037753139641052557,wf2021B,wf2021,B,0.7
wf2021,w0.7,20211109,0.0008540653113334167,0.00045737182936780765,0.000427538866333711,wf2021B,wf2021,B,0.7
wf2021,w0.7,20211110,-0.0005773394956250944,-0.0005277014329163281,0.00011878278117652232,wf2021B,wf2021,B,0.7
wf2021,w0.7,20211111,0.002271551881176663,0.0022805346410494387,0.0003970600230578454,wf2021B,wf2021,B,0.7
wf2021,w0.7,20211112,0.0022800834368250106,0.0017221845746650379,0.0007341917258022211,wf2021B,wf2021,B,0.7
wf2021,w0.7,20211115,0.00040642621745703034,-0.0001018275751351296,0.00031829691260795267,wf2021B,wf2021,B,0.7
wf2021,w0.7,20211116,0.0027389350287063893,0.002568144124325271,0.000228160052334364,wf2021B,wf2021,B,0.7
wf2021,w0.7,20211117,0.00022163622718864972,0.0005205967279348115,-0.000424087946468673,wf2021B,wf2021,B,0.7
wf2021,w0.7,20211118,0.0020404746175945315,0.002080750854966116,-0.00011811627785389495,wf2021B,wf2021,B,0.7
wf2021,w0.7,20211119,0.002500639414925172,0.002424008251341382,0.00010295467232930745,wf2021B,wf2021,B,0.7
wf2021,w0.7,20211122,0.0010031790585515537,0.0008109378597256339,0.00021019976927560123,wf2021B,wf2021,B,0.7
wf2021,w0.7,20211123,-0.0015031483146868215,-0.0014085696953083722,3.398787855184062e-05,wf2021B,wf2021,B,0.7
wf2021,w0.7,20211124,0.00262268277427964,0.0027537016800211834,-8.082749711913205e-05,wf2021B,wf2021,B,0.7
wf2021,w0.7,20211125,0.0004545609445595401,0.0007139049245243083,-0.00030531522724226424,wf2021B,wf2021,B,0.7
wf2021,w0.7,20211126,0.00025964828394816405,0.000808605401293133,-0.0005344742268562294,wf2021B,wf2021,B,0.7
wf2021,w0.7,20211129,0.0027923241325077267,0.002333942149536842,0.0002673540432952632,wf2021B,wf2021,B,0.7
wf2021,w0.7,20211130,0.0011089919178047698,0.0006964935195361029,0.0003576172201292463,wf2021B,wf2021,B,0.7
wf2021,w0.7,20211201,0.0029133937594521004,0.0023963101612420653,0.00035465217407764456,wf2021B,wf2021,B,0.7
wf2021,w0.7,20211202,0.002089206103176126,0.002040637383910077,-7.728535719931035e-05,wf2021B,wf2021,B,0.7
wf2021,w0.7,20211203,-0.004060037644627677,-0.00394633415801062,-0.00012048594062339689,wf2021B,wf2021,B,0.7
wf2021,w0.7,20211206,-0.0029570823127038296,-0.0027675500480146996,-0.00015486536263548172,wf2021B,wf2021,B,0.7
wf2021,w0.7,20211207,0.003947267093308273,0.0036306374963194906,0.0002998235778175915,wf2021B,wf2021,B,0.7
wf2021,w0.7,20211208,0.0018877578940173622,0.0016524532835168284,0.0001363164230409995,wf2021B,wf2021,B,0.7
wf2021,w0.7,20211209,0.0019979236815290424,0.0021107250021947734,-3.3498246868116414e-05,wf2021B,wf2021,B,0.7
wf2021,w0.7,20211210,-0.0006649492050595732,-0.0006023029769044144,-8.972925182792304e-05,wf2021B,wf2021,B,0.7
wf2021,w0.7,20211213,0.00032834843627851506,0.0004308704320176664,0.0001163728454768421,wf2021B,wf2021,B,0.7
wf2021,w0.7,20211214,-0.004082693902904435,-0.0033783293322030153,-0.0004244495313109047,wf2021B,wf2021,B,0.7
wf2021,w0.7,20211215,0.0015246783086155721,0.001372657028802289,0.00016755866831403223,wf2021B,wf2021,B,0.7
wf2021,w0.7,20211216,-0.003458431695580172,-0.0036313811919026703,2.7522427442539573e-05,wf2021B,wf2021,B,0.7
wf2021,w0.7,20211217,-0.0031931844890616557,-0.0030689609733234252,-0.00034468412985233575,wf2021B,wf2021,B,0.7
wf2021,w0.7,20211220,-0.0002383441171145452,-0.00013032775428806475,-0.00020638442677782727,wf2021B,wf2021,B,0.7
wf2021,w0.7,20211221,0.005974716917722184,0.005608897651665536,0.00027461440117641594,wf2021B,wf2021,B,0.7
wf2021,w0.7,20211222,-0.0007643175623408584,-0.0007448118965253433,-0.00013135090329510557,wf2021B,wf2021,B,0.7
wf2021,w0.7,20211223,-0.0007693454279776267,-0.0009296503386157673,-0.00020605490951256826,wf2021B,wf2021,B,0.7
wf2021,w0.7,20211224,-0.00019624166625699033,-0.00011160732469783858,-0.00016804317577815336,wf2021B,wf2021,B,0.7
wf2021,w0.7,20211227,0.0037732147493706927,0.003442732864896613,0.000317996168340459,wf2021B,wf2021,B,0.7
wf2021,w0.7,20211228,0.0002602381020385613,0.00041128003537180984,1.1880711215517877e-05,wf2021B,wf2021,B,0.7
wf2021,w0.7,20211229,0.0005964771099254817,0.0002454744292380239,0.0002094297315385172,wf2021B,wf2021,B,0.7
wf2021,w0.7,20211230,-0.0010291396620535518,-0.001093378843152143,3.340419810308091e-05,wf2021B,wf2021,B,0.7
wf2021,w0.7,20211231,-0.00215682054973145,-0.002595646108788228,0.0002514881349984702,wf2021B,wf2021,B,0.7
wf2021,w0.8,20210809,0.0035061469632428413,0.0025123372006880616,0.0009685936223462397,wf2021B,wf2021,B,0.8
wf2021,w0.8,20210810,0.000803623039834154,0.001010740246133103,-4.8804718748543405e-05,wf2021B,wf2021,B,0.8
wf2021,w0.8,20210811,-0.0002902101694760085,-0.00016499872264124314,-0.00018267290926441833,wf2021B,wf2021,B,0.8
wf2021,w0.8,20210812,-0.000291884089207939,-0.0005377893059456648,0.00021708528194145822,wf2021B,wf2021,B,0.8
wf2021,w0.8,20210813,0.0020120592898218784,0.0026581989131736214,-0.00036649477322871606,wf2021B,wf2021,B,0.8
wf2021,w0.8,20210816,-0.0014496301683577552,1.739687274695395e-05,-0.0013162043442170135,wf2021B,wf2021,B,0.8
wf2021,w0.8,20210817,-0.0015668715289154358,-0.0008781827731251547,-0.0007030898637406744,wf2021B,wf2021,B,0.8
wf2021,w0.8,20210818,0.002232447534323947,0.0019666376185426097,5.429228438878402e-05,wf2021B,wf2021,B,0.8
wf2021,w0.8,20210819,-0.0026925276738224684,-0.002744141857452155,-0.00027049820049357095,wf2021B,wf2021,B,0.8
wf2021,w0.8,20210820,0.006546089833673382,0.005206152005979061,0.0013727807471978803,wf2021B,wf2021,B,0.8
wf2021,w0.8,20210823,0.0012260761969253445,0.001378057723545565,-0.00017072150719724637,wf2021B,wf2021,B,0.8
wf2021,w0.8,20210824,0.0014348845710306533,0.001513581449446956,-0.00016254263513489645,wf2021B,wf2021,B,0.8
wf2021,w0.8,20210825,-0.005192437282700919,-0.004521662398499247,-0.0008347602215364476,wf2021B,wf2021,B,0.8
wf2021,w0.8,20210826,-0.001249659618708393,-0.0012276036473360913,-0.00011695250479962447,wf2021B,wf2021,B,0.8
wf2021,w0.8,20210827,-0.0013630764014269377,-0.0019549052745612278,0.00044768418884092494,wf2021B,wf2021,B,0.8
wf2021,w0.8,20210830,-0.0046297851126138575,-0.003672330763835879,-0.0010711706943984341,wf2021B,wf2021,B,0.8
wf2021,w0.8,20210831,0.00433293916422202,0.005807834816804979,-0.0014844935510685048,wf2021B,wf2021,B,0.8
wf2021,w0.8,20210901,-0.0035505457248446717,-0.0041113332201691746,0.0006416848367529757,wf2021B,wf2021,B,0.8
wf2021,w0.8,20210902,0.0037192732700668495,0.004799489577263703,-0.001136121530252744,wf2021B,wf2021,B,0.8
wf2021,w0.8,20210903,0.006073724622342142,0.005661085568760284,0.0004381394399283771,wf2021B,wf2021,B,0.8
wf2021,w0.8,20210906,-0.00012136069244348888,-0.0005052046087262799,0.00029194085436557614,wf2021B,wf2021,B,0.8
wf2021,w0.8,20210907,-0.0011656564985379394,-0.0003126452096155879,-0.0009297425760747968,wf2021B,wf2021,B,0.8
wf2021,w0.8,20210908,-0.005413751121438462,-0.0046914093243702396,-0.0008971290825615744,wf2021B,wf2021,B,0.8
wf2021,w0.8,20210909,0.003747184298238446,0.003660471045224818,6.904635200192056e-05,wf2021B,wf2021,B,0.8
wf2021,w0.8,20210910,-0.006344637957350419,-0.005668681202343412,-0.0007798461724813767,wf2021B,wf2021,B,0.8
wf2021,w0.8,20210913,0.003169082184387632,0.0029253934396103534,0.00039289601665284176,wf2021B,wf2021,B,0.8
wf2021,w0.8,20210914,-0.0038383042400194868,-0.0037149356496103294,-0.00020083821997167578,wf2021B,wf2021,B,0.8
wf2021,w0.8,20210915,0.0013737119557965076,0.0015345755994818058,-0.0003777814069484778,wf2021B,wf2021,B,0.8
wf2021,w0.8,20210916,0.0036210563501818806,0.0030749459524900954,0.0004810677619459942,wf2021B,wf2021,B,0.8
wf2021,w0.8,20210917,-0.004845171270679876,-0.004686719504024795,-0.00029653417367770404,wf2021B,wf2021,B,0.8
wf2021,w0.8,20210922,0.004151325541637008,0.0051996539575803,-0.0010768191051235352,wf2021B,wf2021,B,0.8
wf2021,w0.8,20210923,0.002578199389761846,0.002520073232979953,-7.398143549572018e-05,wf2021B,wf2021,B,0.8
wf2021,w0.8,20210924,0.0035463082598219675,0.0040590431168947535,-0.0005546930478451346,wf2021B,wf2021,B,0.8
wf2021,w0.8,20210927,0.0008352936399666534,0.0011435082269234363,-0.00038297585059354403,wf2021B,wf2021,B,0.8
wf2021,w0.8,20210928,0.0007030513069157217,0.002240435413630855,-0.001636402482213329,wf2021B,wf2021,B,0.8
wf2021,w0.8,20210929,0.0029845624475578203,0.00035518954338048547,0.002530673176449053,wf2021B,wf2021,B,0.8
wf2021,w0.8,20210930,0.0026473758937980672,0.004154173014583416,-0.0015722404343936401,wf2021B,wf2021,B,0.8
wf2021,w0.8,20211008,0.001855942814697341,0.0019634730343652197,-7.115319894454702e-05,wf2021B,wf2021,B,0.8
wf2021,w0.8,20211011,0.0008509547274861296,0.0016517693694594485,-0.0006130564344212353,wf2021B,wf2021,B,0.8
wf2021,w0.8,20211012,0.007354652529958311,0.007155469376536016,0.00042224929271294056,wf2021B,wf2021,B,0.8
wf2021,w0.8,20211013,0.005190736132743046,0.004774652104491422,0.0004140620826232742,wf2021B,wf2021,B,0.8
wf2021,w0.8,20211014,-0.00041320323005359337,-0.00028991839352096664,4.145781705815931e-05,wf2021B,wf2021,B,0.8
wf2021,w0.8,20211015,-0.002029428218677345,-0.0026116832442006073,0.0005574276969045577,wf2021B,wf2021,B,0.8
wf2021,w0.8,20211018,0.00014323166169444984,-0.00030748603443603214,0.00022725360269195712,wf2021B,wf2021,B,0.8
wf2021,w0.8,20211019,-0.0018427096606405164,-0.0019438623736471971,-9.37019045182123e-05,wf2021B,wf2021,B,0.8
wf2021,w0.8,20211020,-0.0008603133792946353,-0.00020737363280106188,-0.0005762326480087247,wf2021B,wf2021,B,0.8
wf2021,w0.8,20211021,0.003959926974179144,0.004056365487831457,-0.00013036501331065712,wf2021B,wf2021,B,0.8
wf2021,w0.8,20211022,0.0015614157930839744,0.0009244512978225951,0.0006248153695742352,wf2021B,wf2021,B,0.8
wf2021,w0.8,20211025,0.0016074833272354894,0.0016786336729162853,-4.843823070800581e-05,wf2021B,wf2021,B,0.8
wf2021,w0.8,20211026,-0.0009322105002399703,-0.00053296638303462,-0.00038431679592324517,wf2021B,wf2021,B,0.8
wf2021,w0.8,20211027,0.0005480827809549726,0.0009221144548643721,-0.0005522024735803409,wf2021B,wf2021,B,0.8
wf2021,w0.8,20211028,0.003396802090812225,0.0031759141620614556,3.984946494574184e-05,wf2021B,wf2021,B,0.8
wf2021,w0.8,20211029,0.002910041080550093,0.002119809940851471,0.0006997463641704924,wf2021B,wf2021,B,0.8
wf2021,w0.8,20211101,0.004217814624334609,0.003847210850842841,0.0003657004114596493,wf2021B,wf2021,B,0.8
wf2021,w0.8,20211102,0.002873739159420895,0.0028138547065230534,0.0001815985662703313,wf2021B,wf2021,B,0.8
wf2021,w0.8,20211103,0.00015982325960651154,-0.000275701831891615,0.0005028475762325218,wf2021B,wf2021,B,0.8
wf2021,w0.8,20211104,0.0038066014442066256,0.0035295040624562304,0.0004563592352104831,wf2021B,wf2021,B,0.8
wf2021,w0.8,20211105,-0.0001528296956224435,-0.0001928132256307482,5.542424748311957e-05,wf2021B,wf2021,B,0.8
wf2021,w0.8,20211108,0.0018157466407775335,0.001418754927921083,0.0003882513686614561,wf2021B,wf2021,B,0.8
wf2021,w0.8,20211109,0.0013201473128814922,0.0010231446964626741,0.0003278480007869202,wf2021B,wf2021,B,0.8
wf2021,w0.8,20211110,0.00042430632635311223,0.0004893195883466346,0.0001034075818917653,wf2021B,wf2021,B,0.8
wf2021,w0.8,20211111,0.0016569153073057192,0.0016051660519090353,0.0004577920383273019,wf2021B,wf2021,B,0.8
wf2021,w0.8,20211112,0.0024965619267477233,0.002169170982840488,0.000503683807549484,wf2021B,wf2021,B,0.8
wf2021,w0.8,20211115,0.0011385076835607752,0.0007272667302952483,0.0002212840732813198,wf2021B,wf2021,B,0.8
wf2021,w0.8,20211116,0.0027965931425911576,0.0024409639167073055,0.00041299837383709694,wf2021B,wf2021,B,0.8
wf2021,w0.8,20211117,0.0009259720636749496,0.0011471980634867906,-0.00034635344553435196,wf2021B,wf2021,B,0.8
wf2021,w0.8,20211118,0.0019757117217360978,0.0019805189804977105,-8.264729924392528e-05,wf2021B,wf2021,B,0.8
wf2021,w0.8,20211119,0.0024597224700023583,0.002302777437758817,0.0001832685409890578,wf2021B,wf2021,B,0.8
wf2021,w0.8,20211122,0.0010720783860920639,0.0008571898368812167,0.00023284711966052877,wf2021B,wf2021,B,0.8
wf2021,w0.8,20211123,-0.0016845329998291642,-0.0016023164163931941,4.6349914494319524e-05,wf2021B,wf2021,B,0.8
wf2021,w0.8,20211124,0.002333787367678923,0.002489558634569498,-0.0001055798582681628,wf2021B,wf2021,B,0.8
wf2021,w0.8,20211125,0.001012882270248295,0.001274303710612249,-0.0003073926876414496,wf2021B,wf2021,B,0.8
wf2021,w0.8,20211126,0.0005479042692801195,0.001072178848387691,-0.0005097916886188309,wf2021B,wf2021,B,0.8
wf2021,w0.8,20211129,0.0020610131473826577,0.0017175054125950309,0.0001524797951120037,wf2021B,wf2021,B,0.8
wf2021,w0.8,20211130,0.001616756451458366,0.0012701021324577617,0.0002917731408611844,wf2021B,wf2021,B,0.8
wf2021,w0.8,20211201,0.0027217047014043167,0.0022285948564889115,0.000330678420783014,wf2021B,wf2021,B,0.8
wf2021,w0.8,20211202,0.0018238070193613547,0.0017914282332786035,-9.347529038260736e-05,wf2021B,wf2021,B,0.8
wf2021,w0.8,20211203,-0.0032023805560536453,-0.0030097281856793193,-0.00019943482438066488,wf2021B,wf2021,B,0.8
wf2021,w0.8,20211206,-0.0035338625235726423,-0.003351911510343855,-0.00014728411117514062,wf2021B,wf2021,B,0.8
wf2021,w0.8,20211207,0.002394109842904942,0.0019839751645747824,0.00039332865915897293,wf2021B,wf2021,B,0.8
wf2021,w0.8,20211208,0.0015102324440738873,0.0013627205577201524,4.8523698894200755e-05,wf2021B,wf2021,B,0.8
wf2021,w0.8,20211209,0.0012095878575161113,0.0013182387609814241,-2.9347829667698857e-05,wf2021B,wf2021,B,0.8
wf2021,w0.8,20211210,-0.0013820502145465811,-0.0011578136984343632,-0.0002513195397849825,wf2021B,wf2021,B,0.8
wf2021,w0.8,20211213,9.540534451528936e-05,0.00019513482652134,0.00011916535920994358,wf2021B,wf2021,B,0.8
wf2021,w0.8,20211214,-0.0033608242442420477,-0.0026958992258653432,-0.00038500997898618884,wf2021B,wf2021,B,0.8
wf2021,w0.8,20211215,0.0008010673116840214,0.0006396814164450378,0.00017692328373973331,wf2021B,wf2021,B,0.8
wf2021,w0.8,20211216,-0.0036008255592484785,-0.003847017485320749,0.00010076485719231392,wf2021B,wf2021,B,0.8
wf2021,w0.8,20211217,-0.0021947894472400843,-0.002070109012830583,-0.0003451410485236077,wf2021B,wf2021,B,0.8
wf2021,w0.8,20211220,0.0004710346948131709,0.0005758881896787628,-0.00020322155881693742,wf2021B,wf2021,B,0.8
wf2021,w0.8,20211221,0.004491778061688857,0.004082342384164372,0.0003182308126442515,wf2021B,wf2021,B,0.8
wf2021,w0.8,20211222,-0.0010288691433231606,-0.0010368031763037153,-0.00010391120449903708,wf2021B,wf2021,B,0.8
wf2021,w0.8,20211223,-0.0013808659549451908,-0.0016684947004488374,-7.873107464706632e-05,wf2021B,wf2021,B,0.8
wf2021,w0.8,20211224,-0.0008166989660586613,-0.0007743375843015803,-0.00012577021597608373,wf2021B,wf2021,B,0.8
wf2021,w0.8,20211227,0.0032439997825353846,0.002947216731354962,0.00028429733504680007,wf2021B,wf2021,B,0.8
wf2021,w0.8,20211228,-9.027364884017829e-05,1.718376149178387e-05,5.546523421680368e-05,wf2021B,wf2021,B,0.8
wf2021,w0.8,20211229,-0.00033808755359839016,-0.0007206213628274496,0.00024096086008011848,wf2021B,wf2021,B,0.8
wf2021,w0.8,20211230,-0.0005423280222404993,-0.000675287964121362,0.00010212495888535218,wf2021B,wf2021,B,0.8
wf2021,w0.8,20211231,-0.0017356810036769643,-0.002308118248942519,0.0003850998212072443,wf2021B,wf2021,B,0.8
wf2021,w0.9,20210809,0.004124933792874546,0.00308562032857906,0.0010140973240869463,wf2021B,wf2021,B,0.9
wf2021,w0.9,20210810,-0.0008924320583323531,-0.0006598075803521618,-7.431199042978718e-05,wf2021B,wf2021,B,0.9
wf2021,w0.9,20210811,-0.0008286330659976419,-0.0006702259180249806,-0.0002158686104023152,wf2021B,wf2021,B,0.9
wf2021,w0.9,20210812,0.0009161707515136694,0.0005992616070031256,0.0002880892097142767,wf2021B,wf2021,B,0.9
wf2021,w0.9,20210813,0.0010191341899722923,0.0016515675535971187,-0.0003527885135017998,wf2021B,wf2021,B,0.9
wf2021,w0.9,20210816,-0.0023967225264409676,-0.0009337677678752653,-0.0013121320616780055,wf2021B,wf2021,B,0.9
wf2021,w0.9,20210817,-0.0014447886507354592,-0.0007926396409539576,-0.0006665501177318937,wf2021B,wf2021,B,0.9
wf2021,w0.9,20210818,0.0013136673521059947,0.001082580007717371,1.9569712996070376e-05,wf2021B,wf2021,B,0.9
wf2021,w0.9,20210819,-0.002757292301433411,-0.0027864100302097705,-0.00029299465534689983,wf2021B,wf2021,B,0.9
wf2021,w0.9,20210820,0.005510592758449659,0.004122252090228156,0.001421183587725061,wf2021B,wf2021,B,0.9
wf2021,w0.9,20210823,0.0010352247772323952,0.0011994642484590215,-0.0001829794518036535,wf2021B,wf2021,B,0.9
wf2021,w0.9,20210824,0.0015184420168857732,0.0016167694143840775,-0.00018217315421689787,wf2021B,wf2021,B,0.9
wf2021,w0.9,20210825,-0.006181401943043443,-0.005536048029701132,-0.000809339250677084,wf2021B,wf2021,B,0.9
wf2021,w0.9,20210826,-0.0017729993852734092,-0.0017374711217068798,-0.0001304247969938531,wf2021B,wf2021,B,0.9
wf2021,w0.9,20210827,-0.001262772355148864,-0.0018421224777568496,0.0004352054383146201,wf2021B,wf2021,B,0.9
wf2021,w0.9,20210830,-0.003076942944280222,-0.002151918457457235,-0.0010387408324434415,wf2021B,wf2021,B,0.9
wf2021,w0.9,20210831,0.004686061129627135,0.006165524007264365,-0.001489060776122775,wf2021B,wf2021,B,0.9
wf2021,w0.9,20210901,-0.0026813258447016975,-0.0031896792289894532,0.0005892507257162286,wf2021B,wf2021,B,0.9
wf2021,w0.9,20210902,0.0031514859857541292,0.004007555511551098,-0.0009119747488528587,wf2021B,wf2021,B,0.9
wf2021,w0.9,20210903,0.004957442223858001,0.0045295998526319525,0.000453342757572569,wf2021B,wf2021,B,0.9
wf2021,w0.9,20210906,-0.0008311862302158718,-0.0011269501658430648,0.00020386087370997857,wf2021B,wf2021,B,0.9
wf2021,w0.9,20210907,-0.0010968969567858198,-0.0005290477078795316,-0.0006445805360587325,wf2021B,wf2021,B,0.9
wf2021,w0.9,20210908,-0.004614263960307359,-0.004014741560570098,-0.000774309685230614,wf2021B,wf2021,B,0.9
wf2021,w0.9,20210909,0.003312470324983056,0.003453029987147912,-0.000158226563176563,wf2021B,wf2021,B,0.9
wf2021,w0.9,20210910,-0.005354551522098198,-0.004790561978567842,-0.0006678789610047259,wf2021B,wf2021,B,0.9
wf2021,w0.9,20210913,0.002501020504871887,0.0026162133069388502,3.4014469808598834e-05,wf2021B,wf2021,B,0.9
wf2021,w0.9,20210914,-0.0029707887199602783,-0.0028459943912691587,-0.00020226395825363898,wf2021B,wf2021,B,0.9
wf2021,w0.9,20210915,0.0013148595461212713,0.0011934631835761442,-9.552140071805162e-05,wf2021B,wf2021,B,0.9
wf2021,w0.9,20210916,0.003483536954015282,0.0029073372647722617,0.0005111570534972298,wf2021B,wf2021,B,0.9
wf2021,w0.9,20210917,-0.004235593154960415,-0.004058169973703788,-0.00031550558827925126,wf2021B,wf2021,B,0.9
wf2021,w0.9,20210922,0.004574429594048282,0.005404818505374288,-0.0008588796005062478,wf2021B,wf2021,B,0.9
wf2021,w0.9,20210923,0.001131788304638049,0.0011194864054192848,-0.00011980569305884754,wf2021B,wf2021,B,0.9
wf2021,w0.9,20210924,0.004369987327217665,0.004770227568698759,-0.0004421984322534448,wf2021B,wf2021,B,0.9
wf2021,w0.9,20210927,0.0016201537983265958,0.0018015336622649856,-0.00025614112757515057,wf2021B,wf2021,B,0.9
wf2021,w0.9,20210928,0.001165677454974031,0.0026401031895031315,-0.0015734441100272944,wf2021B,wf2021,B,0.9
wf2021,w0.9,20210929,0.0014599191759178884,-0.001026769625503799,0.0023879890736934082,wf2021B,wf2021,B,0.9
wf2021,w0.9,20210930,0.0017584079880692619,0.003182694170005611,-0.0014897294955446413,wf2021B,wf2021,B,0.9
wf2021,w0.9,20211008,0.002864921274585457,0.002819321792891675,8.197650241711333e-05,wf2021B,wf2021,B,0.9
wf2021,w0.9,20211011,0.0010714644096084386,0.001837114422419621,-0.0005778918052590987,wf2021B,wf2021,B,0.9
wf2021,w0.9,20211012,0.007045090253116603,0.006985251121754769,0.0002829052706524782,wf2021B,wf2021,B,0.9
wf2021,w0.9,20211013,0.004897413483548235,0.004548511428258157,0.0003468801096617314,wf2021B,wf2021,B,0.9
wf2021,w0.9,20211014,0.0005741313959216456,0.0007621009714646112,-2.322692195218034e-05,wf2021B,wf2021,B,0.9
wf2021,w0.9,20211015,-0.001031216374689732,-0.0015977931125660877,0.0005417494092576502,wf2021B,wf2021,B,0.9
wf2021,w0.9,20211018,-0.0004006716015790895,-0.0007947171249904232,0.0001705814299728093,wf2021B,wf2021,B,0.9
wf2021,w0.9,20211019,-0.001970377048474673,-0.0020812043086646955,-8.402735733487206e-05,wf2021B,wf2021,B,0.9
wf2021,w0.9,20211020,-0.0005315029101899231,5.962948892232668e-05,-0.0005144253006274008,wf2021B,wf2021,B,0.9
wf2021,w0.9,20211021,0.004660667490790402,0.004828198553732562,-0.00020145756260050594,wf2021B,wf2021,B,0.9
wf2021,w0.9,20211022,0.0012067101547521544,0.000645938575779538,0.0005486224532854718,wf2021B,wf2021,B,0.9
wf2021,w0.9,20211025,0.0008767616631982053,0.0009641902878131502,-6.471650964215447e-05,wf2021B,wf2021,B,0.9
wf2021,w0.9,20211026,-0.0008674721459238123,-0.0005299595423362579,-0.00032258528230544987,wf2021B,wf2021,B,0.9
wf2021,w0.9,20211027,-0.0001378336494407273,0.00026145980338291674,-0.0005774642524945845,wf2021B,wf2021,B,0.9
wf2021,w0.9,20211028,0.002981343899501809,0.002783170646467419,1.7134789229362936e-05,wf2021B,wf2021,B,0.9
wf2021,w0.9,20211029,0.0034105557757731983,0.0027625144425018028,0.0005575565577432673,wf2021B,wf2021,B,0.9
wf2021,w0.9,20211101,0.003150415365777417,0.002750048195932744,0.00039546380781255104,wf2021B,wf2021,B,0.9
wf2021,w0.9,20211102,0.002005407387711459,0.002048502886149791,7.861861493415809e-05,wf2021B,wf2021,B,0.9
wf2021,w0.9,20211103,-0.0005339447339472118,-0.0009478391044871557,0.0004812168552743393,wf2021B,wf2021,B,0.9
wf2021,w0.9,20211104,0.0033217013700175086,0.0030333442843394768,0.0004676189391381202,wf2021B,wf2021,B,0.9
wf2021,w0.9,20211105,-0.0008266791568500853,-0.0008833002672406995,7.206182786543017e-05,wf2021B,wf2021,B,0.9
wf2021,w0.9,20211108,0.0010214709991739311,0.0007168323671843215,0.00029589828779461383,wf2021B,wf2021,B,0.9
wf2021,w0.9,20211109,0.00019737834296503637,-3.5217718537230636e-05,0.00026344144587036927,wf2021B,wf2021,B,0.9
wf2021,w0.9,20211110,9.226108877314135e-05,0.00012312856904457125,0.00013755336361386005,wf2021B,wf2021,B,0.9
wf2021,w0.9,20211111,0.0006204688965152794,0.0006935666752233985,0.0003329450042225011,wf2021B,wf2021,B,0.9
wf2021,w0.9,20211112,0.0016668362686210123,0.001261306697481542,0.0005818224347817177,wf2021B,wf2021,B,0.9
wf2021,w0.9,20211115,0.0020484678034324603,0.0015961623247411376,0.0002623485987071167,wf2021B,wf2021,B,0.9
wf2021,w0.9,20211116,0.002390306447909711,0.002261521780147772,0.00018615381571518032,wf2021B,wf2021,B,0.9
wf2021,w0.9,20211117,0.0002528501440011953,0.00045364925755311835,-0.00032592655927443333,wf2021B,wf2021,B,0.9
wf2021,w0.9,20211118,0.0021056489434509076,0.002104426655584243,-7.661775261564658e-05,wf2021B,wf2021,B,0.9
wf2021,w0.9,20211119,0.0031816865573902247,0.0031931128503380735,1.489721579766678e-05,wf2021B,wf2021,B,0.9
wf2021,w0.9,20211122,0.00270837159434978,0.0025009053618645707,0.00022542480293488953,wf2021B,wf2021,B,0.9
wf2021,w0.9,20211123,-0.0011456903259673135,-0.0010489827471073135,3.185891907028985e-05,wf2021B,wf2021,B,0.9
wf2021,w0.9,20211124,0.0018581074285577276,0.001985827056453307,-7.752821927316852e-05,wf2021B,wf2021,B,0.9
wf2021,w0.9,20211125,0.001317132515490065,0.0014608059044751267,-0.00018964463626255676,wf2021B,wf2021,B,0.9
wf2021,w0.9,20211126,-0.0009354733024797852,-0.0003024994067710189,-0.0006184910052200268,wf2021B,wf2021,B,0.9
wf2021,w0.9,20211129,0.001865663207361209,0.001456469901519162,0.000218165366166426,wf2021B,wf2021,B,0.9
wf2021,w0.9,20211130,0.0009216660110802355,0.0005727153451093438,0.00029406948783147,wf2021B,wf2021,B,0.9
wf2021,w0.9,20211201,0.0021970323220785164,0.0016078759730088577,0.0004267249249372664,wf2021B,wf2021,B,0.9
wf2021,w0.9,20211202,0.0017312221162079531,0.0016739929396502348,-6.862489990764107e-05,wf2021B,wf2021,B,0.9
wf2021,w0.9,20211203,-0.0028893714522508773,-0.002737305621822707,-0.00015884828443450975,wf2021B,wf2021,B,0.9
wf2021,w0.9,20211206,-0.0015287519440378003,-0.0015744583399896399,8.037329800548727e-05,wf2021B,wf2021,B,0.9
wf2021,w0.9,20211207,0.0022569053398180244,0.0020357741716234548,0.00020432514902338206,wf2021B,wf2021,B,0.9
wf2021,w0.9,20211208,0.0020071230874321036,0.001664073979308932,0.00024406092066363858,wf2021B,wf2021,B,0.9
wf2021,w0.9,20211209,0.0009458192113918598,0.001088860665667443,-6.37383804779686e-05,wf2021B,wf2021,B,0.9
wf2021,w0.9,20211210,-0.0006179622540519137,-0.00032983745922116785,-0.0003152078185035112,wf2021B,wf2021,B,0.9
wf2021,w0.9,20211213,0.0005244674347903667,0.0006290951394219846,0.00011426713658437666,wf2021B,wf2021,B,0.9
wf2021,w0.9,20211214,-0.00351498279315577,-0.0028192063651346967,-0.0004158613886305572,wf2021B,wf2021,B,0.9
wf2021,w0.9,20211215,0.00036373862918987095,0.0001641156915475016,0.0002151603261431187,wf2021B,wf2021,B,0.9
wf2021,w0.9,20211216,-0.003530622181083613,-0.003908735514907957,0.00023268626494438898,wf2021B,wf2021,B,0.9
wf2021,w0.9,20211217,-0.0037181637081771593,-0.0039289911699819415,-9.633152309326386e-06,wf2021B,wf2021,B,0.9
wf2021,w0.9,20211220,0.0004415625590384331,0.00037804121801970154,-3.484672293261274e-05,wf2021B,wf2021,B,0.9
wf2021,w0.9,20211221,0.004222258540493955,0.003842491615816214,0.000288562059797506,wf2021B,wf2021,B,0.9
wf2021,w0.9,20211222,-4.51779845385223e-05,0.00012133970583124166,-0.000278362927849355,wf2021B,wf2021,B,0.9
wf2021,w0.9,20211223,-0.0009124387800319676,-0.0014391372005638221,0.00016033860038114025,wf2021B,wf2021,B,0.9
wf2021,w0.9,20211224,-0.0012421326522403706,-0.0013110668220889564,-1.4474664370416165e-05,wf2021B,wf2021,B,0.9
wf2021,w0.9,20211227,0.004774591629187166,0.004513644707840844,0.00024846120521269667,wf2021B,wf2021,B,0.9
wf2021,w0.9,20211228,-0.0002744927345424916,-0.00018553843965150185,7.396834965777633e-05,wf2021B,wf2021,B,0.9
wf2021,w0.9,20211229,0.0001793108839835654,-0.00013940989248070648,0.0001771478273153304,wf2021B,wf2021,B,0.9
wf2021,w0.9,20211230,-0.0015001873722184367,-0.0016501105872818288,0.00011908823206788277,wf2021B,wf2021,B,0.9
wf2021,w0.9,20211231,-0.0019020785793514051,-0.002645645010934819,0.0005562290075251059,wf2021B,wf2021,B,0.9
wf2021,w1.0,20210809,0.005073169888405409,0.00423576705458178,0.0008121866936150879,wf2021B,wf2021,B,1.0
wf2021,w1.0,20210810,-0.0020457863579913917,-0.0020244049810510087,0.0001369311106100202,wf2021B,wf2021,B,1.0
wf2021,w1.0,20210811,-0.0014297948044405383,-0.0014387353227622549,-4.852094410793691e-05,wf2021B,wf2021,B,1.0
wf2021,w1.0,20210812,-0.0010820508918269272,-0.0012736590464943564,0.00016278821987116086,wf2021B,wf2021,B,1.0
wf2021,w1.0,20210813,0.0027921648397074535,0.003628971807664646,-0.0005571621178341658,wf2021B,wf2021,B,1.0
wf2021,w1.0,20210816,-0.0013479983756439912,0.0003659785114355131,-0.0015631541901918115,wf2021B,wf2021,B,1.0
wf2021,w1.0,20210817,-0.0013285128669954975,-0.0006252548024032725,-0.0007176591725426171,wf2021B,wf2021,B,1.0
wf2021,w1.0,20210818,0.0005173682974342194,0.00019482272373112818,0.00011102794231053791,wf2021B,wf2021,B,1.0
wf2021,w1.0,20210819,-0.0050052720978236015,-0.004981975800985168,-0.00034540868096169254,wf2021B,wf2021,B,1.0
wf2021,w1.0,20210820,0.0025408513195644793,0.0008339655159215145,0.001739728723146523,wf2021B,wf2021,B,1.0
wf2021,w1.0,20210823,0.00039200912436962703,0.00045253970636711043,-7.927056257450901e-05,wf2021B,wf2021,B,1.0
wf2021,w1.0,20210824,0.003465928393468606,0.003587231457645682,-0.0002051488208956685,wf2021B,wf2021,B,1.0
wf2021,w1.0,20210825,-0.00633979272325659,-0.005523346933491595,-0.000980431127099771,wf2021B,wf2021,B,1.0
wf2021,w1.0,20210826,-0.002005003132815898,-0.0020310464787590406,-6.885318748418023e-05,wf2021B,wf2021,B,1.0
wf2021,w1.0,20210827,-0.002738399557077856,-0.0035539855944579815,0.0006714413530867599,wf2021B,wf2021,B,1.0
wf2021,w1.0,20210830,-0.004176185597395264,-0.002691327130867104,-0.0015985748121486161,wf2021B,wf2021,B,1.0
wf2021,w1.0,20210831,0.005136279183345993,0.007667789761183116,-0.002541108476322668,wf2021B,wf2021,B,1.0
wf2021,w1.0,20210901,-0.005946002570813536,-0.006641236503090693,0.0007761312737056306,wf2021B,wf2021,B,1.0
wf2021,w1.0,20210902,0.0014391203831363019,0.0025043731740441826,-0.001121158013963771,wf2021B,wf2021,B,1.0
wf2021,w1.0,20210903,0.006564875310101068,0.006076744060595356,0.0005136316358522335,wf2021B,wf2021,B,1.0
wf2021,w1.0,20210906,-7.288435389604664e-05,-0.00043202065349856123,0.00026723323768529936,wf2021B,wf2021,B,1.0
wf2021,w1.0,20210907,-0.0026707068736020363,-0.0017408404401402756,-0.0010065977206142078,wf2021B,wf2021,B,1.0
wf2021,w1.0,20210908,-0.0036320376129182967,-0.0029452009899289928,-0.0008616239084826558,wf2021B,wf2021,B,1.0
wf2021,w1.0,20210909,0.004674024102397851,0.0048609224449867785,-0.00020456524360063465,wf2021B,wf2021,B,1.0
wf2021,w1.0,20210910,-0.004550760430251953,-0.0038285866298357536,-0.0008260632178905701,wf2021B,wf2021,B,1.0
wf2021,w1.0,20210913,0.003939180095967441,0.003921656637973168,0.0001667307298698363,wf2021B,wf2021,B,1.0
wf2021,w1.0,20210914,-0.0042373278096076395,-0.004128493065762959,-0.00018630437340720062,wf2021B,wf2021,B,1.0
wf2021,w1.0,20210915,0.0022207813166485266,0.002303810228209243,-0.0002999466748238984,wf2021B,wf2021,B,1.0
wf2021,w1.0,20210916,0.003203685618629217,0.0027164804910909538,0.0004221624917924717,wf2021B,wf2021,B,1.0
wf2021,w1.0,20210917,-0.005559634837233625,-0.005465353247206161,-0.00023236399705008727,wf2021B,wf2021,B,1.0
wf2021,w1.0,20210922,0.0046997588868749355,0.005479445414487233,-0.0008081772167925388,wf2021B,wf2021,B,1.0
wf2021,w1.0,20210923,0.005563435368928933,0.005714678296341941,-0.0002833505196906184,wf2021B,wf2021,B,1.0
wf2021,w1.0,20210924,0.007601231042836304,0.008087523378521656,-0.0005282505264577015,wf2021B,wf2021,B,1.0
wf2021,w1.0,20210927,-0.002566657998337044,-0.0024029212095139363,-0.00023849805245986996,wf2021B,wf2021,B,1.0
wf2021,w1.0,20210928,0.0006489892902065628,0.0022101431101102876,-0.001660172195401918,wf2021B,wf2021,B,1.0
wf2021,w1.0,20210929,0.0012234148484250515,-0.0009200618202798839,0.002044776940976655,wf2021B,wf2021,B,1.0
wf2021,w1.0,20210930,0.0027557985494185387,0.004008785273831339,-0.001318430038021089,wf2021B,wf2021,B,1.0
wf2021,w1.0,20211008,0.00426415242349538,0.00417987348446344,0.00012065595975527154,wf2021B,wf2021,B,1.0
wf2021,w1.0,20211011,0.0014957524559975639,0.002366044319503803,-0.0006825336559541558,wf2021B,wf2021,B,1.0
wf2021,w1.0,20211012,0.0077461160277532935,0.007742991185659998,0.00022619098138394148,wf2021B,wf2021,B,1.0
wf2021,w1.0,20211013,0.0031868175475071427,0.002910800024465145,0.00027399557741364746,wf2021B,wf2021,B,1.0
wf2021,w1.0,20211014,0.0009632875836599868,0.0013032225685254315,-0.00017519233127466047,wf2021B,wf2021,B,1.0
wf2021,w1.0,20211015,-0.004139172877544799,-0.004379157232224751,0.0002151570260612495,wf2021B,wf2021,B,1.0
wf2021,w1.0,20211018,0.0006481475070599565,0.0002636731378515286,0.00016101027576990404,wf2021B,wf2021,B,1.0
wf2021,w1.0,20211019,-0.0030869924370957405,-0.0029814814433744437,-0.0003003656112461899,wf2021B,wf2021,B,1.0
wf2021,w1.0,20211020,-0.0003769826408539633,0.000323274972155844,-0.00062355051452496,wf2021B,wf2021,B,1.0
wf2021,w1.0,20211021,0.0038698678633682865,0.003898672273953109,-6.273091024316761e-05,wf2021B,wf2021,B,1.0
wf2021,w1.0,20211022,-0.0005148417924331497,-0.0006730393191460529,0.00014604840102575565,wf2021B,wf2021,B,1.0
wf2021,w1.0,20211025,0.002053642870148713,0.0020753184057910696,1.0365793304326066e-06,wf2021B,wf2021,B,1.0
wf2021,w1.0,20211026,-0.002312869315488915,-0.0019557390389659344,-0.0003422029552408778,wf2021B,wf2021,B,1.0
wf2021,w1.0,20211027,0.00037251434879885525,0.0006284716675021143,-0.00043412811837420073,wf2021B,wf2021,B,1.0
wf2021,w1.0,20211028,0.0019879111740631564,0.001711506007097939,9.536670316019081e-05,wf2021B,wf2021,B,1.0
wf2021,w1.0,20211029,0.0024754731015297,0.0016151468959524282,0.0007698414300491444,wf2021B,wf2021,B,1.0
wf2021,w1.0,20211101,0.00288740999734826,0.0022765843304852983,0.0006059223048308413,wf2021B,wf2021,B,1.0
wf2021,w1.0,20211102,0.005123026354570733,0.005082320515665609,0.00016241995227761285,wf2021B,wf2021,B,1.0
wf2021,w1.0,20211103,0.001188510111886901,0.0006976249711318078,0.0005582076254894855,wf2021B,wf2021,B,1.0
wf2021,w1.0,20211104,0.004769685024938908,0.004333870768942336,0.0006150761094566606,wf2021B,wf2021,B,1.0
wf2021,w1.0,20211105,-0.0018899989247248231,-0.0018113741786298255,-6.318402862018135e-05,wf2021B,wf2021,B,1.0
wf2021,w1.0,20211108,0.0009557237199185019,0.0004793229286129187,0.00046766044711058917,wf2021B,wf2021,B,1.0
wf2021,w1.0,20211109,0.001283425524596607,0.0009805809492726633,0.0003336899596920458,wf2021B,wf2021,B,1.0
wf2021,w1.0,20211110,-0.0006253717527554253,-0.0004720226692516171,1.5071760381482e-05,wf2021B,wf2021,B,1.0
wf2021,w1.0,20211111,-0.00015423345486794554,-0.0002834958074231391,0.0005353051354858117,wf2021B,wf2021,B,1.0
wf2021,w1.0,20211112,0.003091726954435386,0.002622287625570515,0.0006457321925071194,wf2021B,wf2021,B,1.0
wf2021,w1.0,20211115,0.002119199912674191,0.0017421469538540409,0.00018709607883594408,wf2021B,wf2021,B,1.0
wf2021,w1.0,20211116,0.002155707743542977,0.0017216595124262225,0.0004914173790699996,wf2021B,wf2021,B,1.0
wf2021,w1.0,20211117,0.002085206469332946,0.0022877289310346146,-0.000327649907424179,wf2021B,wf2021,B,1.0
wf2021,w1.0,20211118,0.0018658378405227317,0.0018205599019038554,-3.256210186343628e-05,wf2021B,wf2021,B,1.0
wf2021,w1.0,20211119,0.003117319014295979,0.0029319235173712985,0.00021171900567019708,wf2021B,wf2021,B,1.0
wf2021,w1.0,20211122,0.00040992816994632,0.00014974846183859789,0.0002781382785574034,wf2021B,wf2021,B,1.0
wf2021,w1.0,20211123,0.0009253562855150973,0.0009422859082178675,0.00011163687522751995,wf2021B,wf2021,B,1.0
wf2021,w1.0,20211124,0.0012930598698902842,0.001533206831770511,-0.0001899555532578152,wf2021B,wf2021,B,1.0
wf2021,w1.0,20211125,0.0003073268467203706,0.00028377222589004555,-2.2416626447170542e-05,wf2021B,wf2021,B,1.0
wf2021,w1.0,20211126,4.057333709075019e-05,0.00046528942024950417,-0.00041023319267001365,wf2021B,wf2021,B,1.0
wf2021,w1.0,20211129,-0.0004724978248430963,-0.0005619769013662649,-0.0001015488631524514,wf2021B,wf2021,B,1.0
wf2021,w1.0,20211130,0.0013440707256424309,0.0010505091778405268,0.00023868036966248466,wf2021B,wf2021,B,1.0
wf2021,w1.0,20211201,0.0009776084843771266,0.0006595819619421827,0.00015559509830255416,wf2021B,wf2021,B,1.0
wf2021,w1.0,20211202,0.00204482008238923,0.001993466664207818,-7.450065828394607e-05,wf2021B,wf2021,B,1.0
wf2021,w1.0,20211203,-0.003172289213778868,-0.0028505078468363974,-0.00032856382094881146,wf2021B,wf2021,B,1.0
wf2021,w1.0,20211206,-0.0013534397257428873,-0.0011842777894669277,-0.00013449503422231172,wf2021B,wf2021,B,1.0
wf2021,w1.0,20211207,0.003392205387564396,0.0028808025509263167,0.0004945968174668928,wf2021B,wf2021,B,1.0
wf2021,w1.0,20211208,0.001610267402294043,0.0013619545765493689,0.0001493246382851393,wf2021B,wf2021,B,1.0
wf2021,w1.0,20211209,0.000560899080012629,0.0007337982531722604,-9.359609936201666e-05,wf2021B,wf2021,B,1.0
wf2021,w1.0,20211210,-0.0004461422334742296,-5.072721535700093e-05,-0.0004224980417899934,wf2021B,wf2021,B,1.0
wf2021,w1.0,20211213,0.00026173832623792564,0.0003251781435419176,0.00015545502391200178,wf2021B,wf2021,B,1.0
wf2021,w1.0,20211214,-0.003498986908110113,-0.002708933442434307,-0.0005101384262852903,wf2021B,wf2021,B,1.0
wf2021,w1.0,20211215,0.0017990558056325111,0.0014624258720397822,0.0003521673220934778,wf2021B,wf2021,B,1.0
wf2021,w1.0,20211216,-0.002421167991145793,-0.0026280971320927185,6.150207206696867e-05,wf2021B,wf2021,B,1.0
wf2021,w1.0,20211217,-0.005215432890679226,-0.004889227751978267,-0.0005466657528150622,wf2021B,wf2021,B,1.0
wf2021,w1.0,20211220,-0.0005842747997538318,-0.00031310244271144606,-0.00036954042099373143,wf2021B,wf2021,B,1.0
wf2021,w1.0,20211221,0.003233158600023587,0.002715346871042524,0.000426606864100829,wf2021B,wf2021,B,1.0
wf2021,w1.0,20211222,0.0009265003531233897,0.0009869127337450313,-0.00017225761810123256,wf2021B,wf2021,B,1.0
wf2021,w1.0,20211223,0.00016108768187665656,-0.00020892775676286274,3.6556184888058294e-06,wf2021B,wf2021,B,1.0
wf2021,w1.0,20211224,-0.0009767651472651915,-0.0009012008197420494,-0.00015897316174214398,wf2021B,wf2021,B,1.0
wf2021,w1.0,20211227,0.00401855974044992,0.0036994318598000684,0.0003066421645162292,wf2021B,wf2021,B,1.0
wf2021,w1.0,20211228,0.0007155931425712433,0.0009644117201354579,-8.589593301544804e-05,wf2021B,wf2021,B,1.0
wf2021,w1.0,20211229,0.0002580460795646774,-0.00016949628111632986,0.00028596941153206744,wf2021B,wf2021,B,1.0
wf2021,w1.0,20211230,-0.0009866096904839802,-0.0010787913618327967,6.134668835330604e-05,wf2021B,wf2021,B,1.0
wf2021,w1.0,20211231,-0.0019070641586502578,-0.002545032906574374,0.00045063132386580803,wf2021B,wf2021,B,1.0
wf2022,w0.0,20220425,0.002162628666862655,0.001823845516327259,0.00010663444937818189,wf2022A,wf2022,A,0.0
wf2022,w0.0,20220426,0.0022127055425233168,0.004763563476484788,-0.00256633063920506,wf2022A,wf2022,A,0.0
wf2022,w0.0,20220427,0.00550498750083513,0.002833815976919752,0.0026445680187154115,wf2022A,wf2022,A,0.0
wf2022,w0.0,20220428,-0.0020923561473184943,-3.546789561273563e-06,-0.0021184434583108214,wf2022A,wf2022,A,0.0
wf2022,w0.0,20220429,-0.0012424081022601903,0.000782413885541614,-0.0018413584565089586,wf2022A,wf2022,A,0.0
wf2022,w0.0,20220505,-0.00012798450448033016,0.0010293480480314367,-0.0009277096450389359,wf2022A,wf2022,A,0.0
wf2022,w0.0,20220506,-0.0021187104680919586,-0.0005518194176986289,-0.0013884531850674453,wf2022A,wf2022,A,0.0
wf2022,w0.0,20220509,-0.0021165678765526653,0.00025640579874891095,-0.002290223669507435,wf2022A,wf2022,A,0.0
wf2022,w0.0,20220510,-0.00021321605374843085,0.0006810749982830194,-0.0009743162904882114,wf2022A,wf2022,A,0.0
wf2022,w0.0,20220511,-0.0013035837531392615,-0.0011221157001496808,-0.0003386509100597218,wf2022A,wf2022,A,0.0
wf2022,w0.0,20220512,0.0010960284559219128,0.00016484653785260893,0.0007431014249350748,wf2022A,wf2022,A,0.0
wf2022,w0.0,20220513,-0.000905376732547606,-0.00035675217215885683,-0.0006245734951653774,wf2022A,wf2022,A,0.0
wf2022,w0.0,20220516,0.00040537620844495123,-0.0001739520445659013,0.000423269533283613,wf2022A,wf2022,A,0.0
wf2022,w0.0,20220517,-0.0015973210959683258,-0.001159379318278474,-0.00045702201249707024,wf2022A,wf2022,A,0.0
wf2022,w0.0,20220518,-0.0028292702630292113,-0.0015611323045074006,-0.001251985514452935,wf2022A,wf2022,A,0.0
wf2022,w0.0,20220519,7.038349609684094e-05,-0.0008212293931150916,0.0008072432908614916,wf2022A,wf2022,A,0.0
wf2022,w0.0,20220520,-0.001474273795792097,-0.0006459683564647125,-0.0009061283037744828,wf2022A,wf2022,A,0.0
wf2022,w0.0,20220523,0.005513836594344755,0.001108371737443649,0.004262000500658943,wf2022A,wf2022,A,0.0
wf2022,w0.0,20220524,-0.000673146287260961,-4.982609639172088e-05,-0.0006714525164238385,wf2022A,wf2022,A,0.0
wf2022,w0.0,20220525,0.0034459076168608625,0.0011586059143451233,0.0021852441401301525,wf2022A,wf2022,A,0.0
wf2022,w0.0,20220526,0.000992624826928826,0.0012011336416540637,-0.00020557630725890353,wf2022A,wf2022,A,0.0
wf2022,w0.0,20220527,0.00028260145545405506,-0.0004104277798549272,0.0007339269924992375,wf2022A,wf2022,A,0.0
wf2022,w0.0,20220530,0.0030866056639412883,0.0020469699971277623,0.0009964306546173928,wf2022A,wf2022,A,0.0
wf2022,w0.0,20220531,0.00022716389182315944,-0.00010434814660858154,0.000363213219132417,wf2022A,wf2022,A,0.0
wf2022,w0.0,20220601,-5.095204379139233e-05,-0.0006968651079687847,0.0006312021351206276,wf2022A,wf2022,A,0.0
wf2022,w0.0,20220602,-0.0036771830954553074,-0.0005512047990854498,-0.0032009582324000396,wf2022A,wf2022,A,0.0
wf2022,w0.0,20220606,0.002313504649356164,0.002254187679146105,-1.1845062034413325e-05,wf2022A,wf2022,A,0.0
wf2022,w0.0,20220607,0.0028893827590323624,0.0019327738739712793,0.0009068029504179431,wf2022A,wf2022,A,0.0
wf2022,w0.0,20220608,0.003978213156872088,0.0007903026101266074,0.0030973371281263215,wf2022A,wf2022,A,0.0
wf2022,w0.0,20220609,-0.0019094783220093177,-0.00018246679644765977,-0.0017698331145575927,wf2022A,wf2022,A,0.0
wf2022,w0.0,20220610,-0.0017041156453710472,0.0011866965287918765,-0.0028668226793421114,wf2022A,wf2022,A,0.0
wf2022,w0.0,20220613,0.0015301797331008715,-0.0010924655265543636,0.0025651857293175692,wf2022A,wf2022,A,0.0
wf2022,w0.0,20220614,0.004127963387924998,0.0006809871898484478,0.0034055370620881026,wf2022A,wf2022,A,0.0
wf2022,w0.0,20220615,-0.003800676527130365,-0.0001002414693626661,-0.003743296988418898,wf2022A,wf2022,A,0.0
wf2022,w0.0,20220616,0.0002541880233682507,0.0011908278012251027,-0.0009482148803724583,wf2022A,wf2022,A,0.0
wf2022,w0.0,20220617,-0.003072693782943583,-0.0017401635183582384,-0.0013362640957428177,wf2022A,wf2022,A,0.0
wf2022,w0.0,20220620,0.0016392371441893323,-0.0008897639296136719,0.0026572468498487563,wf2022A,wf2022,A,0.0
wf2022,w0.0,20220621,-0.0006240829079579794,9.363465213231415e-05,-0.0007418216473229792,wf2022A,wf2022,A,0.0
wf2022,w0.0,20220622,-0.0012048821825200035,0.00020652247499789952,-0.0013886162286318332,wf2022A,wf2022,A,0.0
wf2022,w0.0,20220623,-0.0015652528960440216,-0.0003455861961976215,-0.0012382781374117675,wf2022A,wf2022,A,0.0
wf2022,w0.0,20220624,-0.002160759276182307,-0.000145427146518215,-0.0019850485302356454,wf2022A,wf2022,A,0.0
wf2022,w0.0,20220627,-0.000661558071313139,-0.0024085560402200682,0.0016637764602952772,wf2022A,wf2022,A,0.0
wf2022,w0.0,20220628,0.006693185076331867,0.0023482801602992044,0.0042553906188677664,wf2022A,wf2022,A,0.0
wf2022,w0.0,20220629,-0.0013564971625292938,-0.0003621513875511975,-0.001005384235773971,wf2022A,wf2022,A,0.0
wf2022,w0.0,20220630,0.003390072709581675,0.0028527439241067395,0.000540052833584611,wf2022A,wf2022,A,0.0
wf2022,w0.0,20220701,0.0008429609512106305,0.000953152306981052,-0.00023035733462358583,wf2022A,wf2022,A,0.0
wf2022,w0.0,20220704,0.0019037537730647947,0.0005219049261635504,0.0013193041895605009,wf2022A,wf2022,A,0.0
wf2022,w0.0,20220705,0.0022468997825198407,0.002684102673595076,-0.0004707795892499206,wf2022A,wf2022,A,0.0
wf2022,w0.0,20220706,-0.0017686154609147901,-0.0001636049461650274,-0.0016501397112555437,wf2022A,wf2022,A,0.0
wf2022,w0.0,20220707,0.0019098478123329766,-6.999510481752271e-05,0.001874609609707993,wf2022A,wf2022,A,0.0
wf2022,w0.0,20220708,0.0011491559826526925,-0.00026009502907679084,0.0013605427464144317,wf2022A,wf2022,A,0.0
wf2022,w0.0,20220711,0.0031533899096437192,0.00037425450368202694,0.002889901159455187,wf2022A,wf2022,A,0.0
wf2022,w0.0,20220712,-0.00263334848557527,-0.00156204967103348,-0.0011409099691030591,wf2022A,wf2022,A,0.0
wf2022,w0.0,20220713,-0.0007900814723671157,0.002664465110012932,-0.003312458619649239,wf2022A,wf2022,A,0.0
wf2022,w0.0,20220714,0.0012589766933235116,0.0029615318716809005,-0.0015278623786648855,wf2022A,wf2022,A,0.0
wf2022,w0.0,20220715,-0.0019198148026807367,-0.0015876795446664994,-0.00041336661630917066,wf2022A,wf2022,A,0.0
wf2022,w0.0,20220718,-0.0016834558210978602,-0.0013436478985875517,-0.00040035987509455496,wf2022A,wf2022,A,0.0
wf2022,w0.0,20220719,-0.000293317206919292,0.00032447250343205686,-0.0005728469387118795,wf2022A,wf2022,A,0.0
wf2022,w0.0,20220720,-0.0002176910012571696,-0.00043858663144667905,0.0002442338377301332,wf2022A,wf2022,A,0.0
wf2022,w0.0,20220721,0.0006664554268623133,-9.163744891394472e-05,0.000720428824793118,wf2022A,wf2022,A,0.0
wf2022,w0.0,20220722,0.003957338822886082,0.0016837385333511507,0.002320457724928118,wf2022A,wf2022,A,0.0
wf2022,w0.0,20220725,-0.0014739165319231622,0.0006077538757497814,-0.002153283497100709,wf2022A,wf2022,A,0.0
wf2022,w0.0,20220726,-0.00029091981977268,0.0020458444504063184,-0.0023547074842444208,wf2022A,wf2022,A,0.0
wf2022,w0.0,20220727,0.0008593174789700677,0.001272446469278771,-0.0004664770267908205,wf2022A,wf2022,A,0.0
wf2022,w0.0,20220728,0.0003784269570694023,0.0009440656518344009,-0.0004819980758836741,wf2022A,wf2022,A,0.0
wf2022,w0.0,20220729,-0.0014076548863182687,0.00011165665380946852,-0.001460462147312408,wf2022A,wf2022,A,0.0
wf2022,w0.0,20220801,0.006031730095948304,0.0034522336824705686,0.0025222470906116823,wf2022A,wf2022,A,0.0
wf2022,w0.0,20220802,0.002359832164376328,0.0010455784756030749,0.0013100382506443724,wf2022A,wf2022,A,0.0
wf2022,w0.0,20220803,-0.000861496611884012,-0.000664684921299893,-0.00017615255619851843,wf2022A,wf2022,A,0.0
wf2022,w0.0,20220804,0.003749746569734579,0.0008388056990537173,0.0028962567280660205,wf2022A,wf2022,A,0.0
wf2022,w0.0,20220805,-0.001189880779318071,0.002467973257186387,-0.003690740828522748,wf2022A,wf2022,A,0.0
wf2022,w0.0,20220808,-0.00041813744915284064,0.0011361939960880803,-0.0015489888597681003,wf2022A,wf2022,A,0.0
wf2022,w0.0,20220809,0.0010100940920569025,0.0021281986258563108,-0.0011782434114063793,wf2022A,wf2022,A,0.0
wf2022,w0.1,20220425,0.0031249488170736056,0.0027092991208684195,0.00018350099504796933,wf2022A,wf2022,A,0.1
wf2022,w0.1,20220426,0.0019355841263385513,0.004572809516347108,-0.0026526980952521475,wf2022A,wf2022,A,0.1
wf2022,w0.1,20220427,0.005049220642617003,0.0023511041883128294,0.002671512949104208,wf2022A,wf2022,A,0.1
wf2022,w0.1,20220428,-0.0012942511722960556,0.0009033805495141334,-0.002227265822363796,wf2022A,wf2022,A,0.1
wf2022,w0.1,20220429,0.0008927082634451536,0.0029141440105819494,-0.0018379722158439493,wf2022A,wf2022,A,0.1
wf2022,w0.1,20220505,0.001076116341688329,0.002283852085782505,-0.0009781128366213457,wf2022A,wf2022,A,0.1
wf2022,w0.1,20220506,-0.0012304530994722007,0.00035285355906750836,-0.0014048687932138241,wf2022A,wf2022,A,0.1
wf2022,w0.1,20220509,-0.001871422103774962,0.0005417458133204718,-0.002330417911301293,wf2022A,wf2022,A,0.1
wf2022,w0.1,20220510,0.00035122422738559735,0.00129118191033865,-0.001019982921409813,wf2022A,wf2022,A,0.1
wf2022,w0.1,20220511,0.00045565755180549273,0.000720125986028604,-0.0004216512912932522,wf2022A,wf2022,A,0.1
wf2022,w0.1,20220512,8.339599781706421e-05,-0.0008541699399802722,0.0007494854446631076,wf2022A,wf2022,A,0.1
wf2022,w0.1,20220513,0.0003682454192410903,0.0009528833913293612,-0.0006605869068648993,wf2022A,wf2022,A,0.1
wf2022,w0.1,20220516,0.001814972662186157,0.0014425736926152052,0.00021634024984371243,wf2022A,wf2022,A,0.1
wf2022,w0.1,20220517,-0.0020877423381575645,-0.0014655118475147466,-0.0006413107254500368,wf2022A,wf2022,A,0.1
wf2022,w0.1,20220518,-0.0032563785662075287,-0.0019689746734247006,-0.0012712514487139518,wf2022A,wf2022,A,0.1
wf2022,w0.1,20220519,0.0015545164257552355,0.000808162763014146,0.0006619840643906489,wf2022A,wf2022,A,0.1
wf2022,w0.1,20220520,-0.0008653975030334052,9.367635303611038e-05,-0.0010368967205166134,wf2022A,wf2022,A,0.1
wf2022,w0.1,20220523,0.005303400963190701,0.000837745146995848,0.0043221914599526874,wf2022A,wf2022,A,0.1
wf2022,w0.1,20220524,-0.00023762607837370803,0.0003622114148168896,-0.0006479698187451916,wf2022A,wf2022,A,0.1
wf2022,w0.1,20220525,0.004518274783062916,0.0023588211115555097,0.0020573961091218183,wf2022A,wf2022,A,0.1
wf2022,w0.1,20220526,0.0013493268408167009,0.001562028071933397,-0.00020976872365036222,wf2022A,wf2022,A,0.1
wf2022,w0.1,20220527,0.0008646409332677494,0.0003606212326377483,0.0005449174578202571,wf2022A,wf2022,A,0.1
wf2022,w0.1,20220530,0.0022468158020603913,0.001477981857544411,0.0007256289323198474,wf2022A,wf2022,A,0.1
wf2022,w0.1,20220531,-0.0009572195657087937,-0.00116706569937741,0.0002415473143692922,wf2022A,wf2022,A,0.1
wf2022,w0.1,20220601,0.0001652096109025225,-0.0002616879642270243,0.0004121866460727821,wf2022A,wf2022,A,0.1
wf2022,w0.1,20220602,-0.0028607043974867435,0.00037388312773908606,-0.003309567461256014,wf2022A,wf2022,A,0.1
wf2022,w0.1,20220606,0.00274600016451927,0.0025390125428058604,0.0001358255894689371,wf2022A,wf2022,A,0.1
wf2022,w0.1,20220607,0.0032809363764813265,0.0022981375422810517,0.0009329928995571353,wf2022A,wf2022,A,0.1
wf2022,w0.1,20220608,0.003329290956815478,8.061773172574472e-05,0.0031580998064705706,wf2022A,wf2022,A,0.1
wf2022,w0.1,20220609,-0.0023286749129190504,-0.0005378096022533181,-0.0018336868996616687,wf2022A,wf2022,A,0.1
wf2022,w0.1,20220610,-0.0017599408903383469,0.0012261791687025693,-0.002962130564220104,wf2022A,wf2022,A,0.1
wf2022,w0.1,20220613,0.0017836290836689666,-0.0009298552335132796,0.0026560247868445816,wf2022A,wf2022,A,0.1
wf2022,w0.1,20220614,0.004781706646124236,0.0014508473471596213,0.0032894201629761668,wf2022A,wf2022,A,0.1
wf2022,w0.1,20220615,-0.004105547151367491,-0.0003099390690241644,-0.0038384700129945244,wf2022A,wf2022,A,0.1
wf2022,w0.1,20220616,-0.0002184511544731432,0.0007576870337622977,-0.0009877132907510466,wf2022A,wf2022,A,0.1
wf2022,w0.1,20220617,-0.002792526444888045,-0.0013878974918583309,-0.0014083627841871863,wf2022A,wf2022,A,0.1
wf2022,w0.1,20220620,0.0010470282988878613,-0.0012937355933503687,0.0024690096682839836,wf2022A,wf2022,A,0.1
wf2022,w0.1,20220621,-0.0015744642919761562,-0.0010211329103806553,-0.0005774354688281864,wf2022A,wf2022,A,0.1
wf2022,w0.1,20220622,-0.002236978397811413,-0.0007546328601832693,-0.001459557108742073,wf2022A,wf2022,A,0.1
wf2022,w0.1,20220623,-0.0014118131332767746,-0.000129740338834962,-0.0013006842320071811,wf2022A,wf2022,A,0.1
wf2022,w0.1,20220624,-0.0029583085208320613,-0.0011340974781064183,-0.0017939274432971968,wf2022A,wf2022,A,0.1
wf2022,w0.1,20220627,-0.00027495218225645664,-0.0017518170414830803,0.0013936433506149706,wf2022A,wf2022,A,0.1
wf2022,w0.1,20220628,0.006397174378830242,0.002305412586019651,0.004002247495645695,wf2022A,wf2022,A,0.1
wf2022,w0.1,20220629,-0.0011113728709814703,-9.9945274735135e-05,-0.0010224660570422113,wf2022A,wf2022,A,0.1
wf2022,w0.1,20220630,0.0024602084601661267,0.0018596719487924186,0.0006032605594833837,wf2022A,wf2022,A,0.1
wf2022,w0.1,20220701,0.0025749431373895074,0.0026836512930951436,-0.00022887413455879927,wf2022A,wf2022,A,0.1
wf2022,w0.1,20220704,0.0016479931836426102,0.0002371080865020218,0.0013483404397998467,wf2022A,wf2022,A,0.1
wf2022,w0.1,20220705,0.0016210792381398057,0.0020237661953674017,-0.0004362636554022827,wf2022A,wf2022,A,0.1
wf2022,w0.1,20220706,-0.003166268453562472,-0.001577980093913702,-0.0016334175561545522,wf2022A,wf2022,A,0.1
wf2022,w0.1,20220707,0.0020398087838577206,0.00023505026998353487,0.0016995252064316796,wf2022A,wf2022,A,0.1
wf2022,w0.1,20220708,0.00040849070026208103,-0.00108680655824045,0.0014465889931874793,wf2022A,wf2022,A,0.1
wf2022,w0.1,20220711,0.0008425081198689486,-0.002121390346350639,0.0030746642197130806,wf2022A,wf2022,A,0.1
wf2022,w0.1,20220712,-0.004336127689468717,-0.0030767718363128,-0.0013289670077171855,wf2022A,wf2022,A,0.1
wf2022,w0.1,20220713,0.0011230733391500393,0.004661886964887104,-0.0033967256630062564,wf2022A,wf2022,A,0.1
wf2022,w0.1,20220714,0.003490061436373931,0.005121943384949841,-0.0014571891488834047,wf2022A,wf2022,A,0.1
wf2022,w0.1,20220715,-0.0030725691308945147,-0.0026325118064039646,-0.0005212886827854844,wf2022A,wf2022,A,0.1
wf2022,w0.1,20220718,-0.0005737115057521096,-0.0001031770331196055,-0.0005310864252167512,wf2022A,wf2022,A,0.1
wf2022,w0.1,20220719,-0.0007726051826212731,-9.021815287597504e-05,-0.0006374442581058281,wf2022A,wf2022,A,0.1
wf2022,w0.1,20220720,-2.1950142155965566e-05,-0.00019191106372805862,0.00019329912911271633,wf2022A,wf2022,A,0.1
wf2022,w0.1,20220721,-0.0007636550149038147,-0.0015450537627912883,0.0007437346969043335,wf2022A,wf2022,A,0.1
wf2022,w0.1,20220722,0.004145351104340987,0.001996276727371316,0.0021959318123628575,wf2022A,wf2022,A,0.1
wf2022,w0.1,20220725,-0.0022756996641020936,-0.0001789987915513314,-0.0021683139619785284,wf2022A,wf2022,A,0.1
wf2022,w0.1,20220726,-0.0007586678112347063,0.0016055863394201088,-0.0023821973647202383,wf2022A,wf2022,A,0.1
wf2022,w0.1,20220727,0.0007100352025935126,0.001119425266070627,-0.00046273809995923184,wf2022A,wf2022,A,0.1
wf2022,w0.1,20220728,-0.0006323909884584063,-9.790670748134373e-05,-0.00045084366209573754,wf2022A,wf2022,A,0.1
wf2022,w0.1,20220729,-0.0015604127140230136,4.55913400793898e-05,-0.0015471546612870752,wf2022A,wf2022,A,0.1
wf2022,w0.1,20220801,0.0052242730588268615,0.002515444617029454,0.0026515791189313537,wf2022A,wf2022,A,0.1
wf2022,w0.1,20220802,0.0036003141016942948,0.002463368018643596,0.0011327306449218173,wf2022A,wf2022,A,0.1
wf2022,w0.1,20220803,-0.001160498560432455,-0.0008397303187762618,-0.0003001091072705933,wf2022A,wf2022,A,0.1
wf2022,w0.1,20220804,0.0032361936504551794,0.00024400490890911857,0.002977504598931222,wf2022A,wf2022,A,0.1
wf2022,w0.1,20220805,-0.0016933856030366071,0.0019131017194001277,-0.0036393741144550235,wf2022A,wf2022,A,0.1
wf2022,w0.1,20220808,-0.0009815984120842176,0.0006031894906792195,-0.0015794453172906166,wf2022A,wf2022,A,0.1
wf2022,w0.1,20220809,-0.0010665601383965434,0.00010231618365849184,-0.0012290151996620052,wf2022A,wf2022,A,0.1
wf2022,w0.2,20220425,0.005073642781536623,0.004717982691877987,0.00012351138850142068,wf2022A,wf2022,A,0.2
wf2022,w0.2,20220426,0.0030423197029291298,0.0054772432377152,-0.002450396240029659,wf2022A,wf2022,A,0.2
wf2022,w0.2,20220427,0.005477040767963516,0.0028602058171218157,0.002590231445641733,wf2022A,wf2022,A,0.2
wf2022,w0.2,20220428,-0.0012167937758398584,0.0008163202208219921,-0.0020627480972154506,wf2022A,wf2022,A,0.2
wf2022,w0.2,20220429,0.001341680010843383,0.003218136143877123,-0.0016929926017408895,wf2022A,wf2022,A,0.2
wf2022,w0.2,20220505,0.0013932489858212785,0.0025786388075678584,-0.0009557669142737481,wf2022A,wf2022,A,0.2
wf2022,w0.2,20220506,-0.0017275031459521237,-0.00022970761960433526,-0.0013193576610219045,wf2022A,wf2022,A,0.2
wf2022,w0.2,20220509,-0.002044351791509828,0.00026879680789136814,-0.0022303985936070543,wf2022A,wf2022,A,0.2
wf2022,w0.2,20220510,-0.0002979508071032451,0.000619008396729176,-0.0009969844422891823,wf2022A,wf2022,A,0.2
wf2022,w0.2,20220511,0.0004523911106544291,0.0007222199637302222,-0.0004270117101459336,wf2022A,wf2022,A,0.2
wf2022,w0.2,20220512,0.0007535063957115479,-0.00013848161241258663,0.0007039075149899055,wf2022A,wf2022,A,0.2
wf2022,w0.2,20220513,-0.0003860289257017137,0.00016074998551084967,-0.0006227278459891916,wf2022A,wf2022,A,0.2
wf2022,w0.2,20220516,0.0018787270859902017,0.0015175472943731575,0.00020512107188980515,wf2022A,wf2022,A,0.2
wf2022,w0.2,20220517,-0.0021612294957766036,-0.0016154505674891594,-0.000564859163094663,wf2022A,wf2022,A,0.2
wf2022,w0.2,20220518,-0.003950039800486864,-0.0027114976087356728,-0.0012223897476823149,wf2022A,wf2022,A,0.2
wf2022,w0.2,20220519,0.0018603205858221828,0.0011175801402728818,0.0006583708471988613,wf2022A,wf2022,A,0.2
wf2022,w0.2,20220520,-0.00018505102616879834,0.0007038932235637523,-0.0009667671141796471,wf2022A,wf2022,A,0.2
wf2022,w0.2,20220523,0.0053109467899360024,0.0011264878562472222,0.004040994577446621,wf2022A,wf2022,A,0.2
wf2022,w0.2,20220524,-0.0004747462776335601,8.167475353931325e-05,-0.0006045533567274684,wf2022A,wf2022,A,0.2
wf2022,w0.2,20220525,0.0036906367020435784,0.0016468611280575347,0.0019417180116004563,wf2022A,wf2022,A,0.2
wf2022,w0.2,20220526,0.0009235152946222909,0.0011185360995123236,-0.0001920882974236993,wf2022A,wf2022,A,0.2
wf2022,w0.2,20220527,0.0009694020134655909,0.0004950927848270738,0.00051520698582877,wf2022A,wf2022,A,0.2
wf2022,w0.2,20220530,0.0026998129910428357,0.0020225514465798443,0.0006340565322668584,wf2022A,wf2022,A,0.2
wf2022,w0.2,20220531,-0.0007142310196021255,-0.0008607867633691425,0.00017825692446769202,wf2022A,wf2022,A,0.2
wf2022,w0.2,20220601,4.656982779414898e-05,-0.0002751740070450093,0.0003070329057823935,wf2022A,wf2022,A,0.2
wf2022,w0.2,20220602,-0.0025499438375104384,0.0004789526187910332,-0.0031038763923316548,wf2022A,wf2022,A,0.2
wf2022,w0.2,20220606,0.0026214149084249,0.002388881523128816,0.00016137135305161154,wf2022A,wf2022,A,0.2
wf2022,w0.2,20220607,0.0027324187550611424,0.0017983298643218617,0.0008842829560961406,wf2022A,wf2022,A,0.2
wf2022,w0.2,20220608,0.003352002199599311,0.00025642696407417664,0.0030050018169059736,wf2022A,wf2022,A,0.2
wf2022,w0.2,20220609,-0.002473487003088434,-0.0008326418443823248,-0.0016836667477020443,wf2022A,wf2022,A,0.2
wf2022,w0.2,20220610,-0.002504095337302221,0.0004026538049852527,-0.0028827596474666614,wf2022A,wf2022,A,0.2
wf2022,w0.2,20220613,0.0013655419754795238,-0.0011923991784976522,0.00250048162363951,wf2022A,wf2022,A,0.2
wf2022,w0.2,20220614,0.004980033565537125,0.0017228414778258194,0.003215752951722858,wf2022A,wf2022,A,0.2
wf2022,w0.2,20220615,-0.0036433443764389466,3.254963529063129e-06,-0.0036894612706192074,wf2022A,wf2022,A,0.2
wf2022,w0.2,20220616,8.119123198844017e-05,0.0010009430139738707,-0.0009313268845010368,wf2022A,wf2022,A,0.2
wf2022,w0.2,20220617,-0.0026361142402031787,-0.0012669323458786809,-0.0013729157254819694,wf2022A,wf2022,A,0.2
wf2022,w0.2,20220620,0.0009464331762886755,-0.001344384523847503,0.0024190634761819324,wf2022A,wf2022,A,0.2
wf2022,w0.2,20220621,-0.0013366828303039667,-0.0007980378365850333,-0.0005627490809516179,wf2022A,wf2022,A,0.2
wf2022,w0.2,20220622,-0.0024058598795892346,-0.0009795663975526844,-0.0014035050531504818,wf2022A,wf2022,A,0.2
wf2022,w0.2,20220623,-0.0014004810229879209,-0.00011177943390767981,-0.0013073130266456094,wf2022A,wf2022,A,0.2
wf2022,w0.2,20220624,-0.003154933018333277,-0.001415073588493524,-0.001709575830411306,wf2022A,wf2022,A,0.2
wf2022,w0.2,20220627,-2.5136880850989626e-05,-0.001434217057803407,0.0013258586683407645,wf2022A,wf2022,A,0.2
wf2022,w0.2,20220628,0.0067067079352796845,0.0026378995618075683,0.0039792940763072205,wf2022A,wf2022,A,0.2
wf2022,w0.2,20220629,-0.00036150854485585485,0.0006682680903137049,-0.001040815095965434,wf2022A,wf2022,A,0.2
wf2022,w0.2,20220630,0.0018652874401058868,0.0012981120882911597,0.000569899399924402,wf2022A,wf2022,A,0.2
wf2022,w0.2,20220701,0.0022812172233194327,0.002458912368143128,-0.0002978611236768582,wf2022A,wf2022,A,0.2
wf2022,w0.2,20220704,0.0012964542342332906,-4.2363605910308e-05,0.0012762731828028554,wf2022A,wf2022,A,0.2
wf2022,w0.2,20220705,0.0019201164043814393,0.0022993898466000524,-0.00041285014039330015,wf2022A,wf2022,A,0.2
wf2022,w0.2,20220706,-0.0026816086648976207,-0.0011392482281385626,-0.0015874896332648389,wf2022A,wf2022,A,0.2
wf2022,w0.2,20220707,0.0018833681664316166,9.412064771498137e-05,0.0016840142112741288,wf2022A,wf2022,A,0.2
wf2022,w0.2,20220708,0.0006044501175582377,-0.0008023888517085441,0.0013581307039517315,wf2022A,wf2022,A,0.2
wf2022,w0.2,20220711,0.001080237126634959,-0.0017216905867608544,0.0029126934668893046,wf2022A,wf2022,A,0.2
wf2022,w0.2,20220712,-0.004994479549236538,-0.0037747914852933437,-0.001289299218504466,wf2022A,wf2022,A,0.2
wf2022,w0.2,20220713,0.0015601683608709093,0.005089558819208853,-0.0033873024956071335,wf2022A,wf2022,A,0.2
wf2022,w0.2,20220714,0.003159522716541267,0.004770116221634345,-0.0014359007054005743,wf2022A,wf2022,A,0.2
wf2022,w0.2,20220715,-0.0029402956853406895,-0.0024871629739713287,-0.0005343640696642906,wf2022A,wf2022,A,0.2
wf2022,w0.2,20220718,-0.0009294328883090296,-0.0004444460190036462,-0.0005455388218896307,wf2022A,wf2022,A,0.2
wf2022,w0.2,20220719,0.0004593825699053325,0.0010863686720401977,-0.0005820433304953961,wf2022A,wf2022,A,0.2
wf2022,w0.2,20220720,-0.0006779537651016446,-0.0008423793292520898,0.00018776377169106787,wf2022A,wf2022,A,0.2
wf2022,w0.2,20220721,-0.0013210802282860505,-0.002142305646583301,0.00078356136731411,wf2022A,wf2022,A,0.2
wf2022,w0.2,20220722,0.00408044725935414,0.0019381103352476786,0.002189194359499648,wf2022A,wf2022,A,0.2
wf2022,w0.2,20220725,-0.0014527871124562046,0.0006189867903182498,-0.002143386992202221,wf2022A,wf2022,A,0.2
wf2022,w0.2,20220726,-0.0018456197088679528,0.0004805329863817897,-0.0023440959093151657,wf2022A,wf2022,A,0.2
wf2022,w0.2,20220727,0.0010889472282410214,0.0014592975322035432,-0.00042369834044464,wf2022A,wf2022,A,0.2
wf2022,w0.2,20220728,-0.0007196371104220053,-0.0001982518973312785,-0.00043774459420940163,wf2022A,wf2022,A,0.2
wf2022,w0.2,20220729,-0.0012759190852832236,0.0002310804896109582,-0.0014481501820788525,wf2022A,wf2022,A,0.2
wf2022,w0.2,20220801,0.004629537533024537,0.001991318423614218,0.002580969786544266,wf2022A,wf2022,A,0.2
wf2022,w0.2,20220802,0.004264431987705231,0.003213197963396381,0.001047018586179969,wf2022A,wf2022,A,0.2
wf2022,w0.2,20220803,-0.000737424694371663,-0.0004707492507262075,-0.00024601630925985535,wf2022A,wf2022,A,0.2
wf2022,w0.2,20220804,0.003135147671221689,0.00016582135201138372,0.002954642176595465,wf2022A,wf2022,A,0.2
wf2022,w0.2,20220805,-0.0024436206818699794,0.0011163510790174116,-0.0035928585529056787,wf2022A,wf2022,A,0.2
wf2022,w0.2,20220808,-0.00027093379901577813,0.0012746938690200472,-0.0015402850825630052,wf2022A,wf2022,A,0.2
wf2022,w0.2,20220809,-0.0009986442893568247,8.243935917813492e-05,-0.0011412225261419292,wf2022A,wf2022,A,0.2
wf2022,w0.3,20220425,0.004024675878020259,0.003711714386383085,8.081279047995779e-05,wf2022A,wf2022,A,0.3
wf2022,w0.3,20220426,0.002862970451646008,0.005124965823859214,-0.002277468077456796,wf2022A,wf2022,A,0.3
wf2022,w0.3,20220427,0.003669590768935799,0.001243935196673856,0.002399052067061978,wf2022A,wf2022,A,0.3
wf2022,w0.3,20220428,3.074340546477955e-05,0.0020150184338729024,-0.0020139091289617305,wf2022A,wf2022,A,0.3
wf2022,w0.3,20220429,0.0010240428197230318,0.00290204673571048,-0.0016945403846946013,wf2022A,wf2022,A,0.3
wf2022,w0.3,20220505,0.0015041785206569326,0.0026452458362818698,-0.0009114444081521069,wf2022A,wf2022,A,0.3
wf2022,w0.3,20220506,-0.0010594311672835408,0.00044044970766046797,-0.0013214430096181256,wf2022A,wf2022,A,0.3
wf2022,w0.3,20220509,-0.002122962207510435,7.795188693566045e-05,-0.002118164088651952,wf2022A,wf2022,A,0.3
wf2022,w0.3,20220510,-0.0003269379683139499,0.000547248945805078,-0.0009542121525757887,wf2022A,wf2022,A,0.3
wf2022,w0.3,20220511,0.00036838702795534677,0.0006425357763270292,-0.0004313316054418223,wf2022A,wf2022,A,0.3
wf2022,w0.3,20220512,0.0001943760758482578,-0.0006973849256903615,0.000703680508404391,wf2022A,wf2022,A,0.3
wf2022,w0.3,20220513,-0.0002996749839394373,0.00024201836352599258,-0.0006176422822420586,wf2022A,wf2022,A,0.3
wf2022,w0.3,20220516,0.0013179267610244547,0.0009409711333092062,0.00022089690798800894,wf2022A,wf2022,A,0.3
wf2022,w0.3,20220517,-0.0013277890960426454,-0.0007840522203339939,-0.0005628171105158702,wf2022A,wf2022,A,0.3
wf2022,w0.3,20220518,-0.0038214463973267926,-0.0026110863524498734,-0.0011942076008080434,wf2022A,wf2022,A,0.3
wf2022,w0.3,20220519,0.0019471235066601828,0.0012166792261404434,0.0006460746821693017,wf2022A,wf2022,A,0.3
wf2022,w0.3,20220520,0.0005912310124121072,0.00143994176891353,-0.0009265336209485201,wf2022A,wf2022,A,0.3
wf2022,w0.3,20220523,0.004967522761207231,0.0008050578384630895,0.004019000566501983,wf2022A,wf2022,A,0.3
wf2022,w0.3,20220524,-0.0006369678053338816,-4.8741703145486375e-05,-0.0006363584277429892,wf2022A,wf2022,A,0.3
wf2022,w0.3,20220525,0.0033755153847135726,0.0013865574224928507,0.0018869003998351341,wf2022A,wf2022,A,0.3
wf2022,w0.3,20220526,0.0005964746486425726,0.0007761305836888295,-0.00017672342757992301,wf2022A,wf2022,A,0.3
wf2022,w0.3,20220527,0.0012565880209801945,0.0007852110349798599,0.0005122747431905867,wf2022A,wf2022,A,0.3
wf2022,w0.3,20220530,0.0028494889146557147,0.002209796521815898,0.0005964873806436809,wf2022A,wf2022,A,0.3
wf2022,w0.3,20220531,-0.0005762193506233379,-0.000744658186085013,0.00020014001616235007,wf2022A,wf2022,A,0.3
wf2022,w0.3,20220601,-0.0005038029262828224,-0.0008300748558296167,0.00031156100049002915,wf2022A,wf2022,A,0.3
wf2022,w0.3,20220602,-0.002074051731931068,0.0008568583639464611,-0.0030058900319077132,wf2022A,wf2022,A,0.3
wf2022,w0.3,20220606,0.002560939169286385,0.0023278469061321035,0.00016193023090980952,wf2022A,wf2022,A,0.3
wf2022,w0.3,20220607,0.0029718278055123194,0.0020386607170190447,0.0008833611538501347,wf2022A,wf2022,A,0.3
wf2022,w0.3,20220608,0.002886247935138947,-8.268013068111639e-05,0.002878354647200906,wf2022A,wf2022,A,0.3
wf2022,w0.3,20220609,-0.0030380335886922225,-0.0014632449365279516,-0.0016176102411602086,wf2022A,wf2022,A,0.3
wf2022,w0.3,20220610,-0.002569286865391442,0.0002578033185158809,-0.0028031006890865094,wf2022A,wf2022,A,0.3
wf2022,w0.3,20220613,0.00040289061029316685,-0.0020577358641274772,0.002403166944082978,wf2022A,wf2022,A,0.3
wf2022,w0.3,20220614,0.005035883460021605,0.001872546668403446,0.0031218976556297113,wf2022A,wf2022,A,0.3
wf2022,w0.3,20220615,-0.0031144576864306243,0.0003891411433173151,-0.0035464607603991373,wf2022A,wf2022,A,0.3
wf2022,w0.3,20220616,-0.0004890876083578754,0.0004471795641143729,-0.0009478422749878544,wf2022A,wf2022,A,0.3
wf2022,w0.3,20220617,-0.001966082254091256,-0.00072026825812805,-0.0012495478271206777,wf2022A,wf2022,A,0.3
wf2022,w0.3,20220620,0.0011812844905156397,-0.001126587524148979,0.002436117790710372,wf2022A,wf2022,A,0.3
wf2022,w0.3,20220621,-0.0011031245921225008,-0.0005791700870570115,-0.0005480585922981759,wf2022A,wf2022,A,0.3
wf2022,w0.3,20220622,-0.0026646091002053736,-0.0012735164964084735,-0.0013683041749108294,wf2022A,wf2022,A,0.3
wf2022,w0.3,20220623,-0.0008170683673376401,0.00039135840952520283,-0.0012270382144282115,wf2022A,wf2022,A,0.3
wf2022,w0.3,20220624,-0.0024459649960762338,-0.0007264694822490478,-0.0016892119143987392,wf2022A,wf2022,A,0.3
wf2022,w0.3,20220627,0.0007223616611683591,-0.0006830903943188283,0.0013222305468755353,wf2022A,wf2022,A,0.3
wf2022,w0.3,20220628,0.006910730636381033,0.0029826935846238565,0.0038385227545922793,wf2022A,wf2022,A,0.3
wf2022,w0.3,20220629,0.00030049679882945303,0.0013010118430879874,-0.0010115535050544092,wf2022A,wf2022,A,0.3
wf2022,w0.3,20220630,0.001096720809100323,0.0005149668017999832,0.0005844780554100153,wf2022A,wf2022,A,0.3
wf2022,w0.3,20220701,0.0018490168886349757,0.001959929518290903,-0.00023107860850909013,wf2022A,wf2022,A,0.3
wf2022,w0.3,20220704,0.0009598370378355366,-0.0003410745066877536,0.0012383668871825486,wf2022A,wf2022,A,0.3
wf2022,w0.3,20220705,0.0010155815777013345,0.0014161626379555535,-0.00043415775842890465,wf2022A,wf2022,A,0.3
wf2022,w0.3,20220706,-0.0036350322162862665,-0.002126772079901263,-0.0015533893328907853,wf2022A,wf2022,A,0.3
wf2022,w0.3,20220707,0.001782593562367527,-4.938395106442888e-05,0.0017267442059894496,wf2022A,wf2022,A,0.3
wf2022,w0.3,20220708,0.0009645957789188499,-0.00032820821692792866,0.001244095730531726,wf2022A,wf2022,A,0.3
wf2022,w0.3,20220711,0.001452716942507785,-0.0011366603770567559,0.0027001430730580374,wf2022A,wf2022,A,0.3
wf2022,w0.3,20220712,-0.004133703264411429,-0.0030034630722911844,-0.0011998513466815158,wf2022A,wf2022,A,0.3
wf2022,w0.3,20220713,0.0009744276801544535,0.004401487556591621,-0.0032849719137063586,wf2022A,wf2022,A,0.3
wf2022,w0.3,20220714,0.0026647257775561997,0.004284969262283479,-0.0014455506850347755,wf2022A,wf2022,A,0.3
wf2022,w0.3,20220715,-0.0024272457584266147,-0.002044304926943051,-0.00046417218977849674,wf2022A,wf2022,A,0.3
wf2022,w0.3,20220718,-0.0005180349300473695,-0.00011851327021831441,-0.00046007361241330304,wf2022A,wf2022,A,0.3
wf2022,w0.3,20220719,0.0005090740287759816,0.0010233373198359082,-0.00046932051942045615,wf2022A,wf2022,A,0.3
wf2022,w0.3,20220720,-0.00020361465293589846,-0.00039287788009541573,0.00021260143470014074,wf2022A,wf2022,A,0.3
wf2022,w0.3,20220721,-0.001016537763646004,-0.0017858712471755195,0.0007316694325463749,wf2022A,wf2022,A,0.3
wf2022,w0.3,20220722,0.0039033307439063445,0.0017722821646809553,0.0021779060146185766,wf2022A,wf2022,A,0.3
wf2022,w0.3,20220725,-0.0016605365149582607,0.0003171320354323717,-0.0020492816398183997,wf2022A,wf2022,A,0.3
wf2022,w0.3,20220726,-0.001389197804080291,0.0008610265917742669,-0.0022681676099199806,wf2022A,wf2022,A,0.3
wf2022,w0.3,20220727,0.00101028167696628,0.0013117076059492062,-0.00035477396546504283,wf2022A,wf2022,A,0.3
wf2022,w0.3,20220728,-0.0010752117717111086,-0.0004832452829491036,-0.0005083258698806798,wf2022A,wf2022,A,0.3
wf2022,w0.3,20220729,-0.0012002115460782174,0.00028354525812992754,-0.0014249074113928163,wf2022A,wf2022,A,0.3
wf2022,w0.3,20220801,0.004317330563057137,0.0017002226674932733,0.00255985857269781,wf2022A,wf2022,A,0.3
wf2022,w0.3,20220802,0.004023652824601043,0.0029544839245047214,0.0010649534619674396,wf2022A,wf2022,A,0.3
wf2022,w0.3,20220803,-0.00015349145790388707,9.195698298221909e-06,-0.00014202802181650644,wf2022A,wf2022,A,0.3
wf2022,w0.3,20220804,0.0037010596677950203,0.0008020965343469927,0.0028842789908331864,wf2022A,wf2022,A,0.3
wf2022,w0.3,20220805,-0.002024908436716341,0.001353590555023283,-0.003411385783757912,wf2022A,wf2022,A,0.3
wf2022,w0.3,20220808,-0.0002571368293150544,0.0012713906072616364,-0.0015231848511038704,wf2022A,wf2022,A,0.3
wf2022,w0.3,20220809,-0.0007739692357934507,0.0002895424936335971,-0.0011236506070340176,wf2022A,wf2022,A,0.3
wf2022,w0.4,20220425,0.0026672222535332746,0.0023152888526829464,0.00011978469969311419,wf2022A,wf2022,A,0.4
wf2022,w0.4,20220426,0.003128544443115746,0.005286453068509552,-0.002173381330637401,wf2022A,wf2022,A,0.4
wf2022,w0.4,20220427,0.0024736666318007725,0.0002954447479099092,0.0021516183786908978,wf2022A,wf2022,A,0.4
wf2022,w0.4,20220428,0.0012159872659824392,0.0030666265605639657,-0.0018802733951351286,wf2022A,wf2022,A,0.4
wf2022,w0.4,20220429,0.0019613983194190637,0.003716848616049929,-0.0015719867653380209,wf2022A,wf2022,A,0.4
wf2022,w0.4,20220505,0.0006351296717504451,0.0017873265811386018,-0.0009225740019153273,wf2022A,wf2022,A,0.4
wf2022,w0.4,20220506,-3.045059390260202e-05,0.0014146264259109731,-0.001266639154487692,wf2022A,wf2022,A,0.4
wf2022,w0.4,20220509,-0.0012627138395683232,0.0008374871071687401,-0.0020174509409429196,wf2022A,wf2022,A,0.4
wf2022,w0.4,20220510,-0.0008765633119211709,-3.4160771079253025e-05,-0.0009224277792986785,wf2022A,wf2022,A,0.4
wf2022,w0.4,20220511,0.0009357093543585172,0.0012400711438070356,-0.000461544646518658,wf2022A,wf2022,A,0.4
wf2022,w0.4,20220512,0.0011260102444642728,0.00027473711479790674,0.0006631926365321368,wf2022A,wf2022,A,0.4
wf2022,w0.4,20220513,-6.11489050900446e-05,0.00043621493045672836,-0.0005733127703234014,wf2022A,wf2022,A,0.4
wf2022,w0.4,20220516,0.0019574847229687714,0.0015950329876275244,0.00020639301561400773,wf2022A,wf2022,A,0.4
wf2022,w0.4,20220517,-0.0008023601804414927,-0.0003138099186801987,-0.0005076304965685141,wf2022A,wf2022,A,0.4
wf2022,w0.4,20220518,-0.0030451367401099203,-0.001880124251559612,-0.0011488600444814325,wf2022A,wf2022,A,0.4
wf2022,w0.4,20220519,0.0016770150982350455,0.0009846775580422246,0.0006079679418423824,wf2022A,wf2022,A,0.4
wf2022,w0.4,20220520,0.0010958508769003047,0.0019366663062300768,-0.0009186382937768694,wf2022A,wf2022,A,0.4
wf2022,w0.4,20220523,0.004061601550020277,2.6441831468961268e-05,0.003891695362309155,wf2022A,wf2022,A,0.4
wf2022,w0.4,20220524,0.0007136706841479636,0.0012508523765706217,-0.0005853140179772564,wf2022A,wf2022,A,0.4
wf2022,w0.4,20220525,0.002453928008270224,0.0005713902195067929,0.0017804802263778443,wf2022A,wf2022,A,0.4
wf2022,w0.4,20220526,0.00037356289934501407,0.0005358375196310068,-0.00015934211281965936,wf2022A,wf2022,A,0.4
wf2022,w0.4,20220527,0.0006577037671050244,0.00028753157927038084,0.000411069945024898,wf2022A,wf2022,A,0.4
wf2022,w0.4,20220530,0.002197027226343599,0.0015701582826418011,0.0005836639315056636,wf2022A,wf2022,A,0.4
wf2022,w0.4,20220531,-0.00038045082304071984,-0.00050149911725668,0.00015274947491663546,wf2022A,wf2022,A,0.4
wf2022,w0.4,20220601,-0.00032994184108202113,-0.0005265395600649506,0.000181886789926164,wf2022A,wf2022,A,0.4
wf2022,w0.4,20220602,-0.0025248677459542655,0.0003036430934972435,-0.00290349077548169,wf2022A,wf2022,A,0.4
wf2022,w0.4,20220606,0.0016431013678040612,0.001349157326372881,0.00022278200918670818,wf2022A,wf2022,A,0.4
wf2022,w0.4,20220607,0.003340134466666257,0.002459623953776111,0.0008307045782470059,wf2022A,wf2022,A,0.4
wf2022,w0.4,20220608,0.0036696070088308684,0.0007320709026736468,0.002846962687538062,wf2022A,wf2022,A,0.4
wf2022,w0.4,20220609,-0.002659336353583057,-0.0011054583776591378,-0.0015966995649198531,wf2022A,wf2022,A,0.4
wf2022,w0.4,20220610,-0.002843971931478437,-6.299108128716784e-05,-0.002756991355370457,wf2022A,wf2022,A,0.4
wf2022,w0.4,20220613,0.00030822892654788856,-0.0021454555177632547,0.0023962249139734782,wf2022A,wf2022,A,0.4
wf2022,w0.4,20220614,0.005153957857658811,0.0021904479896385854,0.0029220707320317778,wf2022A,wf2022,A,0.4
wf2022,w0.4,20220615,-0.0031455622019975187,0.00015618231779297368,-0.0033446064504416904,wf2022A,wf2022,A,0.4
wf2022,w0.4,20220616,-0.0009325768831675821,-4.0899837117383526e-05,-0.0009032521485658051,wf2022A,wf2022,A,0.4
wf2022,w0.4,20220617,-0.0017947217755346963,-0.0005286475932986176,-0.0012698080133935513,wf2022A,wf2022,A,0.4
wf2022,w0.4,20220620,0.0008574038697896223,-0.0012193477850612061,0.0022049974308965816,wf2022A,wf2022,A,0.4
wf2022,w0.4,20220621,-0.0011826992955570464,-0.0007468325876507778,-0.0004599707951389549,wf2022A,wf2022,A,0.4
wf2022,w0.4,20220622,-0.0026941564563120433,-0.0013713648661921095,-0.0013000031612338638,wf2022A,wf2022,A,0.4
wf2022,w0.4,20220623,-0.0011254700287748436,9.807209243319718e-05,-0.00124215355877341,wf2022A,wf2022,A,0.4
wf2022,w0.4,20220624,-0.0023635142606001688,-0.0007058844849943354,-0.001627346176177387,wf2022A,wf2022,A,0.4
wf2022,w0.4,20220627,0.0013032101630081807,2.1318398171041617e-06,0.0012178568145794245,wf2022A,wf2022,A,0.4
wf2022,w0.4,20220628,0.006169131177775525,0.00251148468579459,0.0035681321948160378,wf2022A,wf2022,A,0.4
wf2022,w0.4,20220629,-0.0001517981591909641,0.0008100707263601333,-0.0009729073463469734,wf2022A,wf2022,A,0.4
wf2022,w0.4,20220630,0.0006412463141412627,0.00011912755756101216,0.000524842804689926,wf2022A,wf2022,A,0.4
wf2022,w0.4,20220701,0.0012908098619355832,0.001384289047517203,-0.00021364516443478273,wf2022A,wf2022,A,0.4
wf2022,w0.4,20220704,0.0019143054359765238,0.000636515301624643,0.0012152454770111378,wf2022A,wf2022,A,0.4
wf2022,w0.4,20220705,0.0005428363275022767,0.0008846533250346524,-0.00037539369570706066,wf2022A,wf2022,A,0.4
wf2022,w0.4,20220706,-0.002674616125640383,-0.0012356874573926768,-0.0014840578647534878,wf2022A,wf2022,A,0.4
wf2022,w0.4,20220707,0.003114029500839267,0.0014030205974589027,0.0016057755959378581,wf2022A,wf2022,A,0.4
wf2022,w0.4,20220708,0.0009690800904356553,-0.0003261425047494849,0.001246514329870088,wf2022A,wf2022,A,0.4
wf2022,w0.4,20220711,0.0014722146939191126,-0.0011076818241074619,0.002690662271520068,wf2022A,wf2022,A,0.4
wf2022,w0.4,20220712,-0.003669103878790353,-0.002545971531033858,-0.0011927435023177673,wf2022A,wf2022,A,0.4
wf2022,w0.4,20220713,0.0013077678582846764,0.004574337988917227,-0.0031244821679017416,wf2022A,wf2022,A,0.4
wf2022,w0.4,20220714,0.0025846132272304145,0.004090420308926217,-0.0013311142820032992,wf2022A,wf2022,A,0.4
wf2022,w0.4,20220715,-0.0014527245297598947,-0.0010663496022829185,-0.00046760628577190513,wf2022A,wf2022,A,0.4
wf2022,w0.4,20220718,-0.0004248216960206757,2.8947294973324255e-05,-0.0005143209435782472,wf2022A,wf2022,A,0.4
wf2022,w0.4,20220719,0.0002976125242648772,0.0008433845382814605,-0.0005008292423771142,wf2022A,wf2022,A,0.4
wf2022,w0.4,20220720,-0.00020831654226419714,-0.00038489415449480496,0.00019991581977123193,wf2022A,wf2022,A,0.4
wf2022,w0.4,20220721,-0.0002754612830263353,-0.001014914066718873,0.0007017887327093977,wf2022A,wf2022,A,0.4
wf2022,w0.4,20220722,0.003856994560234454,0.00183354788412822,0.002070304111499422,wf2022A,wf2022,A,0.4
wf2022,w0.4,20220725,-0.0006783297329273318,0.0011781329182472917,-0.0019280757406023893,wf2022A,wf2022,A,0.4
wf2022,w0.4,20220726,-0.0008282598736700638,0.001247406971280037,-0.0020936100590155243,wf2022A,wf2022,A,0.4
wf2022,w0.4,20220727,0.0008307633100748729,0.0010873694793597864,-0.00030995420576703105,wf2022A,wf2022,A,0.4
wf2022,w0.4,20220728,-0.00035905718921172385,0.00018296117790318913,-0.0004583777482335895,wf2022A,wf2022,A,0.4
wf2022,w0.4,20220729,-0.0015963859140862564,-0.00019145860900516984,-0.0013460779122657588,wf2022A,wf2022,A,0.4
wf2022,w0.4,20220801,0.0037109688889950254,0.0012925690066016402,0.0023611505595273296,wf2022A,wf2022,A,0.4
wf2022,w0.4,20220802,0.002841656597831838,0.001841117804350834,0.0009963233553521222,wf2022A,wf2022,A,0.4
wf2022,w0.4,20220803,0.0002369995367509873,0.0003595157733954395,-0.00010185710225885,wf2022A,wf2022,A,0.4
wf2022,w0.4,20220804,0.003495712760066518,0.0008140215459389436,0.002667007071512735,wf2022A,wf2022,A,0.4
wf2022,w0.4,20220805,-0.0024852056709218865,0.000808351060882877,-0.0033264435238230528,wf2022A,wf2022,A,0.4
wf2022,w0.4,20220808,-0.0009329154974692315,0.0005267301332836264,-0.0014543030452800372,wf2022A,wf2022,A,0.4
wf2022,w0.4,20220809,-0.0013349873473609303,-0.00030629536432933465,-0.001088830860638565,wf2022A,wf2022,A,0.4
wf2022,w0.5,20220425,0.002739734665647281,0.0024548110640065313,5.2774900483534614e-05,wf2022A,wf2022,A,0.5
wf2022,w0.5,20220426,0.0028861088712406925,0.0046270043000068255,-0.0017563681340097197,wf2022A,wf2022,A,0.5
wf2022,w0.5,20220427,0.0005497315448576151,-0.001435417742032843,0.0019585457816904918,wf2022A,wf2022,A,0.5
wf2022,w0.5,20220428,0.0007260287511165059,0.0023666013346787117,-0.001670206684115803,wf2022A,wf2022,A,0.5
wf2022,w0.5,20220429,0.0020509531411373426,0.0036933226613778346,-0.0014589059889476464,wf2022A,wf2022,A,0.5
wf2022,w0.5,20220505,0.0006906818908318305,0.0018473532828445554,-0.0009270484845398934,wf2022A,wf2022,A,0.5
wf2022,w0.5,20220506,0.00054428047566717,0.0019543445126079893,-0.001231626171614935,wf2022A,wf2022,A,0.5
wf2022,w0.5,20220509,-0.0009648767388519257,0.0009718440462092302,-0.0018539707792670124,wf2022A,wf2022,A,0.5
wf2022,w0.5,20220510,-0.00027293275706684046,0.0004491478819173111,-0.0008021058774409124,wf2022A,wf2022,A,0.5
wf2022,w0.5,20220511,0.0007869196042688967,0.00104220751281338,-0.00041247076561462304,wf2022A,wf2022,A,0.5
wf2022,w0.5,20220512,0.00040093739853479596,-0.00043458757884952724,0.0006474444842500939,wf2022A,wf2022,A,0.5
wf2022,w0.5,20220513,0.0007570017055378202,0.0012082320740625881,-0.0005271793033013964,wf2022A,wf2022,A,0.5
wf2022,w0.5,20220516,0.001773489483884996,0.0013304472060028053,0.00028698355815495106,wf2022A,wf2022,A,0.5
wf2022,w0.5,20220517,-0.0013884314805545361,-0.0009469224686895653,-0.00046058924667218926,wf2022A,wf2022,A,0.5
wf2022,w0.5,20220518,-0.0028389856471648153,-0.0017546211289867432,-0.0010682120741091967,wf2022A,wf2022,A,0.5
wf2022,w0.5,20220519,0.0018445923221684524,0.001228084421484297,0.000532138302333714,wf2022A,wf2022,A,0.5
wf2022,w0.5,20220520,0.0019745311385831778,0.0027342016872142424,-0.0008374934130781615,wf2022A,wf2022,A,0.5
wf2022,w0.5,20220523,0.003551892085652382,-0.00014331754937777267,0.0035517452787879942,wf2022A,wf2022,A,0.5
wf2022,w0.5,20220524,0.0009677708474410442,0.0014674130158185356,-0.0005477744939320827,wf2022A,wf2022,A,0.5
wf2022,w0.5,20220525,0.0023639646830150305,0.0006006453806193593,0.0016612617400100828,wf2022A,wf2022,A,0.5
wf2022,w0.5,20220526,7.599992942547104e-05,0.00020427162969162047,-0.00012533919279981564,wf2022A,wf2022,A,0.5
wf2022,w0.5,20220527,0.000611444765067741,0.0002757346413294879,0.00037660788092850836,wf2022A,wf2022,A,0.5
wf2022,w0.5,20220530,0.0027092075791735944,0.002158563370186712,0.0005074391967907475,wf2022A,wf2022,A,0.5
wf2022,w0.5,20220531,-0.0006897708374425391,-0.0007912150286642921,0.00013314537192242793,wf2022A,wf2022,A,0.5
wf2022,w0.5,20220601,0.0002035998357363773,3.7324521180552095e-05,0.00015156438549906027,wf2022A,wf2022,A,0.5
wf2022,w0.5,20220602,-0.0024863735020500353,7.065617751804719e-05,-0.002632009615598264,wf2022A,wf2022,A,0.5
wf2022,w0.5,20220606,0.0019113365880569517,0.0016592379595604483,0.00018093659625203129,wf2022A,wf2022,A,0.5
wf2022,w0.5,20220607,0.0036457511020331493,0.002841416286242515,0.0007545288811474932,wf2022A,wf2022,A,0.5
wf2022,w0.5,20220608,0.003941953854059101,0.0012399305537307008,0.002611449881709239,wf2022A,wf2022,A,0.5
wf2022,w0.5,20220609,-0.0033131651507752064,-0.0019061768883548817,-0.001449809851416258,wf2022A,wf2022,A,0.5
wf2022,w0.5,20220610,-0.0030779079684762223,-0.0004990146912721338,-0.0025549037823832765,wf2022A,wf2022,A,0.5
wf2022,w0.5,20220613,0.00038886657343219417,-0.001886394064813623,0.0022178011079081526,wf2022A,wf2022,A,0.5
wf2022,w0.5,20220614,0.004989962959069657,0.0021966877179719563,0.0027518361051092535,wf2022A,wf2022,A,0.5
wf2022,w0.5,20220615,-0.0030546370677453014,2.916308071504594e-05,-0.003126662079111547,wf2022A,wf2022,A,0.5
wf2022,w0.5,20220616,-0.0008162725409123551,3.884335189068455e-06,-0.0008317319786170293,wf2022A,wf2022,A,0.5
wf2022,w0.5,20220617,-0.00273578981126355,-0.0015768100867391513,-0.0011627135556818717,wf2022A,wf2022,A,0.5
wf2022,w0.5,20220620,0.0007375164519350546,-0.0012661085018061838,0.002131870729786991,wf2022A,wf2022,A,0.5
wf2022,w0.5,20220621,-0.0007254805175569926,-0.00028642173212883057,-0.00046316287266084727,wf2022A,wf2022,A,0.5
wf2022,w0.5,20220622,-0.0026764258970630936,-0.0014607879376268256,-0.0011928495305501966,wf2022A,wf2022,A,0.5
wf2022,w0.5,20220623,-0.0017408069954248217,-0.0006357617131791465,-0.0011236567198110439,wf2022A,wf2022,A,0.5
wf2022,w0.5,20220624,-0.0024783658394910146,-0.0009081409067970743,-0.0015399413332654933,wf2022A,wf2022,A,0.5
wf2022,w0.5,20220627,0.000574624378556942,-0.0007005549629722254,0.0011919578329175132,wf2022A,wf2022,A,0.5
wf2022,w0.5,20220628,0.0066523795819295965,0.003181334009647331,0.003381531275117365,wf2022A,wf2022,A,0.5
wf2022,w0.5,20220629,0.0012551410293626542,0.002122960429375089,-0.0008788578608083103,wf2022A,wf2022,A,0.5
wf2022,w0.5,20220630,-6.0905986936245606e-05,-0.0004829684331413669,0.0004247864943147968,wf2022A,wf2022,A,0.5
wf2022,w0.5,20220701,0.001646308097750705,0.001719465965323926,-0.00019332384642638478,wf2022A,wf2022,A,0.5
wf2022,w0.5,20220704,0.0014494540063579638,0.0002965873748097199,0.001090321974207502,wf2022A,wf2022,A,0.5
wf2022,w0.5,20220705,1.7504127678993897e-05,0.00033536915849831763,-0.00035144172899401064,wf2022A,wf2022,A,0.5
wf2022,w0.5,20220706,-0.002565796293051574,-0.0012482951248581052,-0.0013626303646992498,wf2022A,wf2022,A,0.5
wf2022,w0.5,20220707,0.0026415561657159308,0.0010367306784500225,0.001499592179823402,wf2022A,wf2022,A,0.5
wf2022,w0.5,20220708,0.001010122608313799,-0.00017348445123881948,0.0011348987942375677,wf2022A,wf2022,A,0.5
wf2022,w0.5,20220711,0.0019268135373605982,-0.00032353338626609976,0.0023611126771201883,wf2022A,wf2022,A,0.5
wf2022,w0.5,20220712,-0.0041692822056522555,-0.0032208675984262427,-0.001018025761787282,wf2022A,wf2022,A,0.5
wf2022,w0.5,20220713,0.001266718925974757,0.004218013118999713,-0.0028092062302941473,wf2022A,wf2022,A,0.5
wf2022,w0.5,20220714,0.003099568565765822,0.004511437583802139,-0.0012371762183438129,wf2022A,wf2022,A,0.5
wf2022,w0.5,20220715,-0.0012790653115447755,-0.0009578090266092981,-0.0004024876432304074,wf2022A,wf2022,A,0.5
wf2022,w0.5,20220718,-0.0001815648481793882,0.00017126050994255423,-0.0004133773107061892,wf2022A,wf2022,A,0.5
wf2022,w0.5,20220719,0.0007226217931916596,0.0011582160674165434,-0.00039065150258541583,wf2022A,wf2022,A,0.5
wf2022,w0.5,20220720,0.00039411875890102595,0.00024297530309595975,0.00017448166334569016,wf2022A,wf2022,A,0.5
wf2022,w0.5,20220721,-0.00043127423189190145,-0.0011274787001055678,0.0006585404172305263,wf2022A,wf2022,A,0.5
wf2022,w0.5,20220722,0.0027009860762393385,0.000859073935299154,0.0018887695763333714,wf2022A,wf2022,A,0.5
wf2022,w0.5,20220725,-0.0010041557423272566,0.0007244857501268319,-0.001800254581881856,wf2022A,wf2022,A,0.5
wf2022,w0.5,20220726,-0.0012727740243602351,0.0006268887988711691,-0.001917606037296827,wf2022A,wf2022,A,0.5
wf2022,w0.5,20220727,0.0009316895537258242,0.0011323361122732238,-0.0002539945950295161,wf2022A,wf2022,A,0.5
wf2022,w0.5,20220728,-0.00017456456722525493,0.00034156714237053656,-0.00043249109071446634,wf2022A,wf2022,A,0.5
wf2022,w0.5,20220729,-0.0012749167529506975,1.3928507024375141e-05,-0.001229995867159744,wf2022A,wf2022,A,0.5
wf2022,w0.5,20220801,0.0038272989533828586,0.0015648935718666672,0.0022051560586501344,wf2022A,wf2022,A,0.5
wf2022,w0.5,20220802,0.0026472598120435903,0.0016943079699254203,0.0009487364039892886,wf2022A,wf2022,A,0.5
wf2022,w0.5,20220803,-0.00010647282734969205,-8.647319532327106e-05,6.595023591807517e-07,wf2022A,wf2022,A,0.5
wf2022,w0.5,20220804,0.0038419919821203307,0.0012337279566992255,0.0025935798828062642,wf2022A,wf2022,A,0.5
wf2022,w0.5,20220805,-0.0027385850623129464,0.0003584546835458126,-0.003129926537877048,wf2022A,wf2022,A,0.5
wf2022,w0.5,20220808,-0.001310663414470353,7.033430938471616e-05,-0.0013756551383822487,wf2022A,wf2022,A,0.5
wf2022,w0.5,20220809,-0.0009099390495524015,8.589131398510148e-05,-0.0010559692411444724,wf2022A,wf2022,A,0.5
wf2022,w0.6,20220425,0.0027924482255596086,0.002459029531598053,0.00010126999280433868,wf2022A,wf2022,A,0.6
wf2022,w0.6,20220426,0.0035703210452602586,0.005345784276358553,-0.0017909359363418767,wf2022A,wf2022,A,0.6
wf2022,w0.6,20220427,0.00175026667129052,-0.00023072885701317506,0.0019543920231037287,wf2022A,wf2022,A,0.6
wf2022,w0.6,20220428,-0.001126938559709717,0.00046598543277506365,-0.0016225580930383818,wf2022A,wf2022,A,0.6
wf2022,w0.6,20220429,0.0021894963963966264,0.0037669348536477796,-0.0013939749259583092,wf2022A,wf2022,A,0.6
wf2022,w0.6,20220505,0.0010520012491422853,0.002096922971384073,-0.0008152988147689579,wf2022A,wf2022,A,0.6
wf2022,w0.6,20220506,0.001493810785194196,0.002832589772004783,-0.0011603411214846987,wf2022A,wf2022,A,0.6
wf2022,w0.6,20220509,-0.0007085074178443066,0.0010375834685243915,-0.0016633408805745557,wf2022A,wf2022,A,0.6
wf2022,w0.6,20220510,0.000516004417189871,0.001134228075044324,-0.0006982488963112135,wf2022A,wf2022,A,0.6
wf2022,w0.6,20220511,0.0005731050081556723,0.0007815818493919324,-0.0003656596983064004,wf2022A,wf2022,A,0.6
wf2022,w0.6,20220512,-0.0005023277396819003,-0.0013058803895713209,0.0006154721567551913,wf2022A,wf2022,A,0.6
wf2022,w0.6,20220513,0.0005380307231472783,0.0009342200203231607,-0.0004721382319525107,wf2022A,wf2022,A,0.6
wf2022,w0.6,20220516,0.0018707042552491867,0.0013067426280088954,0.00040790290751305225,wf2022A,wf2022,A,0.6
wf2022,w0.6,20220517,-0.0019866717224856856,-0.0015883015381284462,-0.0004174504191644571,wf2022A,wf2022,A,0.6
wf2022,w0.6,20220518,-0.0022090190745116655,-0.0011977997686814725,-0.0009950668617613183,wf2022A,wf2022,A,0.6
wf2022,w0.6,20220519,0.0021503064127045522,0.0014909940502822786,0.000574942764071833,wf2022A,wf2022,A,0.6
wf2022,w0.6,20220520,0.0013592937876157132,0.0020815750345088146,-0.0008001041113401975,wf2022A,wf2022,A,0.6
wf2022,w0.6,20220523,0.0032091795280903765,-0.0003952263929875199,0.0034609415648357254,wf2022A,wf2022,A,0.6
wf2022,w0.6,20220524,0.00119891487786657,0.0016651876682062155,-0.0005144051158942433,wf2022A,wf2022,A,0.6
wf2022,w0.6,20220525,0.002875217839475641,0.001224862738194609,0.0015482975388954445,wf2022A,wf2022,A,0.6
wf2022,w0.6,20220526,0.00042486087536926936,0.0005477430454671843,-0.00011994966263158071,wf2022A,wf2022,A,0.6
wf2022,w0.6,20220527,0.000473291305068093,0.00016557064773511002,0.0003486184145232377,wf2022A,wf2022,A,0.6
wf2022,w0.6,20220530,0.0025863181434331688,0.0020398751972133416,0.0005032379340236883,wf2022A,wf2022,A,0.6
wf2022,w0.6,20220531,-0.00138796555323671,-0.0016112814021635145,0.00025501702962747903,wf2022A,wf2022,A,0.6
wf2022,w0.6,20220601,0.0006757818940919891,0.0003567718919791341,0.0003042990730560905,wf2022A,wf2022,A,0.6
wf2022,w0.6,20220602,-0.0019257547006919663,0.0005345565304967455,-0.0025352911672188953,wf2022A,wf2022,A,0.6
wf2022,w0.6,20220606,0.0021459475398886707,0.0019194286697498582,0.0001553568378943399,wf2022A,wf2022,A,0.6
wf2022,w0.6,20220607,0.0036244262786641343,0.0028438598385810455,0.0007307605054399483,wf2022A,wf2022,A,0.6
wf2022,w0.6,20220608,0.004751419885783106,0.002155200706711259,0.0025056457604526856,wf2022A,wf2022,A,0.6
wf2022,w0.6,20220609,-0.002249979866278968,-0.0009872930973693138,-0.0013055083579055907,wf2022A,wf2022,A,0.6
wf2022,w0.6,20220610,-0.002640464266967384,-0.00018027185588128148,-0.0024362029162652886,wf2022A,wf2022,A,0.6
wf2022,w0.6,20220613,0.001390146967583416,-0.0008533678289000216,0.002186055266145772,wf2022A,wf2022,A,0.6
wf2022,w0.6,20220614,0.005361698009958191,0.0025569432027509,0.002763315671218845,wf2022A,wf2022,A,0.6
wf2022,w0.6,20220615,-0.0034595904634314844,-0.0004568101413298789,-0.0030456422527528025,wf2022A,wf2022,A,0.6
wf2022,w0.6,20220616,-0.0012231820552508908,-0.00040888520480941964,-0.0008258719529570776,wf2022A,wf2022,A,0.6
wf2022,w0.6,20220617,-0.00357638541545657,-0.0024736702906777183,-0.001106448955936323,wf2022A,wf2022,A,0.6
wf2022,w0.6,20220620,0.001204992464866848,-0.0007148218352955064,0.0020480600762081075,wf2022A,wf2022,A,0.6
wf2022,w0.6,20220621,-0.0007242318020123598,-0.0003260399599932252,-0.00042229592925182007,wf2022A,wf2022,A,0.6
wf2022,w0.6,20220622,-0.002026573730792656,-0.0007997054593359735,-0.0012040798425706127,wf2022A,wf2022,A,0.6
wf2022,w0.6,20220623,-0.0013977244785108277,-0.0002259279257620684,-0.001190407990314128,wf2022A,wf2022,A,0.6
wf2022,w0.6,20220624,-0.0021402825455315083,-0.0006088939921439227,-0.00150110495395914,wf2022A,wf2022,A,0.6
wf2022,w0.6,20220627,0.0010708105251757832,-9.794164437944161e-05,0.0010855306609435706,wf2022A,wf2022,A,0.6
wf2022,w0.6,20220628,0.006046098653197775,0.0026394249007701824,0.0033171594552626944,wf2022A,wf2022,A,0.6
wf2022,w0.6,20220629,0.0013108107466768201,0.0022316545590467364,-0.0009318822731657941,wf2022A,wf2022,A,0.6
wf2022,w0.6,20220630,-0.0005841441853150383,-0.0010117309077359946,0.00043031077053063153,wf2022A,wf2022,A,0.6
wf2022,w0.6,20220701,0.0015456598034865538,0.001566859797278116,-0.0001413659726447248,wf2022A,wf2022,A,0.6
wf2022,w0.6,20220704,0.0018017119445693647,0.0006735374404128135,0.0010656298468158078,wf2022A,wf2022,A,0.6
wf2022,w0.6,20220705,0.0005250200460806629,0.0008366142310075394,-0.0003451708831015614,wf2022A,wf2022,A,0.6
wf2022,w0.6,20220706,-0.0029405361230641996,-0.0016566614763454915,-0.0013290038432244898,wf2022A,wf2022,A,0.6
wf2022,w0.6,20220707,0.00210216117240296,0.000581233785905307,0.0014156940790551464,wf2022A,wf2022,A,0.6
wf2022,w0.6,20220708,0.0009043499997272121,-0.0001890517958761634,0.0010446935302883247,wf2022A,wf2022,A,0.6
wf2022,w0.6,20220711,0.001983048552765985,-0.00020610309027911612,0.0022999173965385926,wf2022A,wf2022,A,0.6
wf2022,w0.6,20220712,-0.0033917430906062526,-0.002482121967243562,-0.0009792322779239584,wf2022A,wf2022,A,0.6
wf2022,w0.6,20220713,0.0017093814787673975,0.004562868564432895,-0.0027113991229346882,wf2022A,wf2022,A,0.6
wf2022,w0.6,20220714,0.0037270208526459583,0.005090088899028838,-0.0011883752466903734,wf2022A,wf2022,A,0.6
wf2022,w0.6,20220715,-0.001175109612839828,-0.000852742369165315,-0.00040359860196944507,wf2022A,wf2022,A,0.6
wf2022,w0.6,20220718,-0.0003878311604391723,-4.5301683788054044e-05,-0.00040308142923536433,wf2022A,wf2022,A,0.6
wf2022,w0.6,20220719,-0.0005674525320809899,-0.00012640968489762005,-0.0003961000755439006,wf2022A,wf2022,A,0.6
wf2022,w0.6,20220720,0.00039566328929125944,0.00024123709889093542,0.00017776439794094784,wf2022A,wf2022,A,0.6
wf2022,w0.6,20220721,1.6250280507998328e-05,-0.0005998035290076856,0.0005783897585325431,wf2022A,wf2022,A,0.6
wf2022,w0.6,20220722,0.0025042094562442397,0.0007104325894961177,0.0018406343021413099,wf2022A,wf2022,A,0.6
wf2022,w0.6,20220725,-0.0011504953337350462,0.0005553744177883152,-0.0017774828409511272,wf2022A,wf2022,A,0.6
wf2022,w0.6,20220726,-0.0010221175352655727,0.0008698992698170816,-0.0019099600191480768,wf2022A,wf2022,A,0.6
wf2022,w0.6,20220727,0.00039770536365805326,0.0006312099315756946,-0.0002868526043997579,wf2022A,wf2022,A,0.6
wf2022,w0.6,20220728,-0.0004050277355725027,0.0001166286383484555,-0.00043801575503963437,wf2022A,wf2022,A,0.6
wf2022,w0.6,20220729,-0.0009191443844854159,0.0003782110730755783,-0.001238506064745665,wf2022A,wf2022,A,0.6
wf2022,w0.6,20220801,0.003702741167742843,0.0013784249728326001,0.002267066872044181,wf2022A,wf2022,A,0.6
wf2022,w0.6,20220802,0.0025517094269998856,0.0016786618677455624,0.0008688321211254419,wf2022A,wf2022,A,0.6
wf2022,w0.6,20220803,0.00043482729801300364,0.0005727311656270119,-0.00011724473322840908,wf2022A,wf2022,A,0.6
wf2022,w0.6,20220804,0.0042826757199338535,0.0018103271796885306,0.0024576643976304833,wf2022A,wf2022,A,0.6
wf2022,w0.6,20220805,-0.002248414404425131,0.0008441077351956511,-0.003125408931639072,wf2022A,wf2022,A,0.6
wf2022,w0.6,20220808,-0.0015283727286424236,-0.00015485508155427925,-0.0013681750616153245,wf2022A,wf2022,A,0.6
wf2022,w0.6,20220809,-0.00044110493484741855,0.0005888011196137426,-0.001090044932068131,wf2022A,wf2022,A,0.6
wf2022,w0.7,20220425,0.001958827611314738,0.0015810823593750132,0.00014559655078250856,wf2022A,wf2022,A,0.7
wf2022,w0.7,20220426,0.004120195913250673,0.005867315767327369,-0.0017625925593202896,wf2022A,wf2022,A,0.7
wf2022,w0.7,20220427,0.000672865716804933,-0.0010534768070122145,0.0016997390186171812,wf2022A,wf2022,A,0.7
wf2022,w0.7,20220428,-0.0004314830560415289,0.0010978064080080093,-0.0015589235646031427,wf2022A,wf2022,A,0.7
wf2022,w0.7,20220429,0.0018030200939810545,0.003279320004553087,-0.0012928363792791856,wf2022A,wf2022,A,0.7
wf2022,w0.7,20220505,0.0007183551855715221,0.001667685872114385,-0.0007197077790700299,wf2022A,wf2022,A,0.7
wf2022,w0.7,20220506,0.001980864637615116,0.0031967379944278806,-0.0010374354914868798,wf2022A,wf2022,A,0.7
wf2022,w0.7,20220509,0.00010505562218857123,0.0016821926436996473,-0.0014943870157169315,wf2022A,wf2022,A,0.7
wf2022,w0.7,20220510,0.0007315035927355528,0.0013820500209360833,-0.0007305716666572914,wf2022A,wf2022,A,0.7
wf2022,w0.7,20220511,0.0006950984192024634,0.0008535947232716744,-0.00031567916113935134,wf2022A,wf2022,A,0.7
wf2022,w0.7,20220512,-0.0009789019727234538,-0.001744064144896849,0.0005770816790391675,wf2022A,wf2022,A,0.7
wf2022,w0.7,20220513,0.0009592793433480609,0.0013542997584221942,-0.0004709693498507617,wf2022A,wf2022,A,0.7
wf2022,w0.7,20220516,0.0014082528549396254,0.0008304893199815881,0.00042170481523079754,wf2022A,wf2022,A,0.7
wf2022,w0.7,20220517,-0.0012414538958545104,-0.0009315716265879175,-0.00032896250407381174,wf2022A,wf2022,A,0.7
wf2022,w0.7,20220518,-0.0018946637400130348,-0.0008946267107618111,-0.0009838845851823472,wf2022A,wf2022,A,0.7
wf2022,w0.7,20220519,0.002276791401111188,0.0017350736736935883,0.0004573481290671621,wf2022A,wf2022,A,0.7
wf2022,w0.7,20220520,0.0008523668323397078,0.00147974188015964,-0.0007051979122670264,wf2022A,wf2022,A,0.7
wf2022,w0.7,20220523,0.0030142803824461453,-0.00038622521660274965,0.0032570412428067357,wf2022A,wf2022,A,0.7
wf2022,w0.7,20220524,0.0007188227997496112,0.0011645890526072941,-0.0004938985784122781,wf2022A,wf2022,A,0.7
wf2022,w0.7,20220525,0.002630019353667733,0.0011091974908789576,0.0014187643004031866,wf2022A,wf2022,A,0.7
wf2022,w0.7,20220526,0.0003931670607408254,0.0004914000808845572,-9.530051267739794e-05,wf2022A,wf2022,A,0.7
wf2022,w0.7,20220527,0.0003976393711266485,4.946170238507636e-05,0.0003890754259318269,wf2022A,wf2022,A,0.7
wf2022,w0.7,20220530,0.0032195988656899127,0.0026465078758655916,0.0005298859776281864,wf2022A,wf2022,A,0.7
wf2022,w0.7,20220531,-0.000616927982520131,-0.0008276675174787235,0.00024244071565926846,wf2022A,wf2022,A,0.7
wf2022,w0.7,20220601,0.000816783914062133,0.0005280963518978424,0.0002739766331075269,wf2022A,wf2022,A,0.7
wf2022,w0.7,20220602,-0.002162334634300357,8.737972126980902e-05,-0.00232469429160035,wf2022A,wf2022,A,0.7
wf2022,w0.7,20220606,0.0018837987729757037,0.0017366224823634833,7.601425836774843e-05,wf2022A,wf2022,A,0.7
wf2022,w0.7,20220607,0.0030240152676780092,0.002324125891084549,0.0006500834419503203,wf2022A,wf2022,A,0.7
wf2022,w0.7,20220608,0.004140552151116776,0.001784430045348978,0.0022655486871486366,wf2022A,wf2022,A,0.7
wf2022,w0.7,20220609,-0.0020345395822711533,-0.0008474909576273333,-0.0012298702136397553,wf2022A,wf2022,A,0.7
wf2022,w0.7,20220610,-0.0025877629350098616,-0.0003206902365964913,-0.0022430832035925576,wf2022A,wf2022,A,0.7
wf2022,w0.7,20220613,0.0019284904423883273,-0.00012801253948234304,0.001999043451533005,wf2022A,wf2022,A,0.7
wf2022,w0.7,20220614,0.005070075719229176,0.0024150933705062096,0.0026135432127345182,wf2022A,wf2022,A,0.7
wf2022,w0.7,20220615,-0.0027142290788191763,0.0001437837050708932,-0.0029008747145412676,wf2022A,wf2022,A,0.7
wf2022,w0.7,20220616,-0.001620669909304376,-0.000841815009411293,-0.0007904300024086895,wf2022A,wf2022,A,0.7
wf2022,w0.7,20220617,-0.0023781004332545427,-0.0013911761715186457,-0.0009906580928933683,wf2022A,wf2022,A,0.7
wf2022,w0.7,20220620,0.00026592971737712454,-0.0016320546049522406,0.0020262300983751183,wf2022A,wf2022,A,0.7
wf2022,w0.7,20220621,-0.0001971017320414603,0.00024140326582475718,-0.00046260908509890264,wf2022A,wf2022,A,0.7
wf2022,w0.7,20220622,-0.0017454445127161773,-0.0006594874293522374,-0.0010631686544778712,wf2022A,wf2022,A,0.7
wf2022,w0.7,20220623,-0.00026803491877279255,0.0007544078502683557,-0.0010410542066065175,wf2022A,wf2022,A,0.7
wf2022,w0.7,20220624,-0.0021139060032199725,-0.0006670266220440422,-0.0014165957817474845,wf2022A,wf2022,A,0.7
wf2022,w0.7,20220627,0.000840270142156067,-0.00028262570707536364,0.0010396743406197774,wf2022A,wf2022,A,0.7
wf2022,w0.7,20220628,0.006011893471707008,0.0028574520397319286,0.003064927134810181,wf2022A,wf2022,A,0.7
wf2022,w0.7,20220629,0.0009059613900978467,0.001720283030455705,-0.0008253601011537334,wf2022A,wf2022,A,0.7
wf2022,w0.7,20220630,-0.000622168307482151,-0.001057380610630473,0.0004379363512579974,wf2022A,wf2022,A,0.7
wf2022,w0.7,20220701,0.0019266329101219858,0.0019323741880179811,-0.00012590725674915777,wf2022A,wf2022,A,0.7
wf2022,w0.7,20220704,0.0012600118413723929,0.0001738773398602265,0.0010235898441714227,wf2022A,wf2022,A,0.7
wf2022,w0.7,20220705,0.0002161487868885259,0.0005172180872500994,-0.0003346459985362583,wf2022A,wf2022,A,0.7
wf2022,w0.7,20220706,-0.003124926908111791,-0.001884895595641035,-0.001285160508976537,wf2022A,wf2022,A,0.7
wf2022,w0.7,20220707,0.0023095907478013302,0.0008433577003747947,0.0013609997399840288,wf2022A,wf2022,A,0.7
wf2022,w0.7,20220708,0.0017780105116708056,0.0007583649040740676,0.0009709373422816857,wf2022A,wf2022,A,0.7
wf2022,w0.7,20220711,0.0018132948242366772,-0.0002625129575671765,0.0021865735352973466,wf2022A,wf2022,A,0.7
wf2022,w0.7,20220712,-0.002501194264387682,-0.0016754554563317664,-0.0008953499626171852,wf2022A,wf2022,A,0.7
wf2022,w0.7,20220713,0.0007519655753906217,0.003374950546502774,-0.002480897008381345,wf2022A,wf2022,A,0.7
wf2022,w0.7,20220714,0.003118622159793487,0.0043895606076141975,-0.001096245648128207,wf2022A,wf2022,A,0.7
wf2022,w0.7,20220715,-0.0008329649093395258,-0.0005919758692183967,-0.0003222203984160612,wf2022A,wf2022,A,0.7
wf2022,w0.7,20220718,-0.0002554739292209979,2.142586634868121e-05,-0.00033745174815392505,wf2022A,wf2022,A,0.7
wf2022,w0.7,20220719,-0.00014733710084705726,0.0002777801425433735,-0.00038017447175095936,wf2022A,wf2022,A,0.7
wf2022,w0.7,20220720,7.084156524757215e-05,-9.465380562818807e-05,0.0001888335784163837,wf2022A,wf2022,A,0.7
wf2022,w0.7,20220721,-0.00014501841023360881,-0.0007440459529789598,0.000561363491762211,wf2022A,wf2022,A,0.7
wf2022,w0.7,20220722,0.0029842130147710987,0.0013199044992675698,0.0017111659508967155,wf2022A,wf2022,A,0.7
wf2022,w0.7,20220725,-0.0007941906086318326,0.0007573633749027047,-0.0016231670729623042,wf2022A,wf2022,A,0.7
wf2022,w0.7,20220726,-0.0016768622323187028,3.630830749077127e-05,-0.0017311137538748977,wf2022A,wf2022,A,0.7
wf2022,w0.7,20220727,0.0010403296337099651,0.0011942107629075546,-0.0002072291656797064,wf2022A,wf2022,A,0.7
wf2022,w0.7,20220728,-0.0011338010088098862,-0.0006537779523435964,-0.00039638243758496466,wf2022A,wf2022,A,0.7
wf2022,w0.7,20220729,-0.0006037979668125446,0.0005325115125990587,-0.001077460086596275,wf2022A,wf2022,A,0.7
wf2022,w0.7,20220801,0.0033463957473648318,0.0012831019728166285,0.002006044451682149,wf2022A,wf2022,A,0.7
wf2022,w0.7,20220802,0.0018192445928905867,0.0009443977354689267,0.0008706314192927787,wf2022A,wf2022,A,0.7
wf2022,w0.7,20220803,0.0013180608936943887,0.001357345612360369,-1.8625584280377775e-05,wf2022A,wf2022,A,0.7
wf2022,w0.7,20220804,0.0052066016435011325,0.002857342866973032,0.0023345746339132603,wf2022A,wf2022,A,0.7
wf2022,w0.7,20220805,-0.0019384307762926687,0.0008775699055695159,-0.0028488874738804744,wf2022A,wf2022,A,0.7
wf2022,w0.7,20220808,-0.0014820905693165817,-0.00022364981104266646,-0.0012530981728010948,wf2022A,wf2022,A,0.7
wf2022,w0.7,20220809,-0.0008476198119283845,6.290165668267764e-05,-0.0009706603462180316,wf2022A,wf2022,A,0.7
wf2022,w0.8,20220425,0.001984366982438382,0.001632691247715462,0.00011952703356570098,wf2022A,wf2022,A,0.8
wf2022,w0.8,20220426,0.0038983194882521756,0.00544568939051177,-0.001562842607503179,wf2022A,wf2022,A,0.8
wf2022,w0.8,20220427,0.0007714004583706489,-0.0007778771590541902,0.0015226741122248736,wf2022A,wf2022,A,0.8
wf2022,w0.8,20220428,0.0006366497858015241,0.002034206806325012,-0.0014271911210770802,wf2022A,wf2022,A,0.8
wf2022,w0.8,20220429,0.002869978785729324,0.004288204277410673,-0.0012347619603885033,wf2022A,wf2022,A,0.8
wf2022,w0.8,20220505,0.0011365316872791811,0.002046519830518072,-0.0006803652357660615,wf2022A,wf2022,A,0.8
wf2022,w0.8,20220506,0.0020112918437799193,0.003181577675392454,-0.00099184796628665,wf2022A,wf2022,A,0.8
wf2022,w0.8,20220509,-0.0011457613615301152,0.0004359659553410294,-0.001498977311077002,wf2022A,wf2022,A,0.8
wf2022,w0.8,20220510,-0.00045312064177707354,0.0001617471576187963,-0.0006948930378526309,wf2022A,wf2022,A,0.8
wf2022,w0.8,20220511,0.0006850801719338563,0.0007847851911249422,-0.00025688787626122636,wf2022A,wf2022,A,0.8
wf2022,w0.8,20220512,-0.00018738453242112072,-0.0009274054373015091,0.0005519404117461605,wf2022A,wf2022,A,0.8
wf2022,w0.8,20220513,0.000405760456148924,0.0007758937235465768,-0.00044608220217428165,wf2022A,wf2022,A,0.8
wf2022,w0.8,20220516,0.0011600205396104645,0.0005753223652917821,0.00042863945459144324,wf2022A,wf2022,A,0.8
wf2022,w0.8,20220517,-0.0009709480830525424,-0.000760026868322026,-0.00023000144953773448,wf2022A,wf2022,A,0.8
wf2022,w0.8,20220518,-0.001708599991314205,-0.000718820977669061,-0.0009736265695762682,wf2022A,wf2022,A,0.8
wf2022,w0.8,20220519,0.0024588206825356743,0.0018566897173993991,0.0005177613667858368,wf2022A,wf2022,A,0.8
wf2022,w0.8,20220520,0.001521955506982007,0.0020835480727064053,-0.0006394154301714971,wf2022A,wf2022,A,0.8
wf2022,w0.8,20220523,0.0029816037229646944,-0.0003118297583320272,0.0031499691250545564,wf2022A,wf2022,A,0.8
wf2022,w0.8,20220524,0.0014838529256378553,0.0019461457696770615,-0.0005104251695938052,wf2022A,wf2022,A,0.8
wf2022,w0.8,20220525,0.0027185925866268033,0.0011406052770438263,0.0014759297471973881,wf2022A,wf2022,A,0.8
wf2022,w0.8,20220526,0.00016703818855391456,0.00025549854536863616,-8.552784934838813e-05,wf2022A,wf2022,A,0.8
wf2022,w0.8,20220527,0.0013599609483343836,0.0010605965095741186,0.0003402621959505184,wf2022A,wf2022,A,0.8
wf2022,w0.8,20220530,0.0025576154527092373,0.001981072590755299,0.0005333378497578037,wf2022A,wf2022,A,0.8
wf2022,w0.8,20220531,-0.0004229287549213003,-0.0006515633198805705,0.00026033574565994546,wf2022A,wf2022,A,0.8
wf2022,w0.8,20220601,0.001531745150671747,0.0012290684090412324,0.0002879658125737493,wf2022A,wf2022,A,0.8
wf2022,w0.8,20220602,-0.0012741754126495142,0.0008646460759189787,-0.002213801424598676,wf2022A,wf2022,A,0.8
wf2022,w0.8,20220606,0.0021880045611300334,0.00201315843068147,0.00010368409820409106,wf2022A,wf2022,A,0.8
wf2022,w0.8,20220607,0.002716438741441966,0.002040310475366944,0.0006263223314318812,wf2022A,wf2022,A,0.8
wf2022,w0.8,20220608,0.00433090633933181,0.002046770349651821,0.002193562571060829,wf2022A,wf2022,A,0.8
wf2022,w0.8,20220609,-0.00213739582252586,-0.00087256200877522,-0.0013076554027465757,wf2022A,wf2022,A,0.8
wf2022,w0.8,20220610,-0.002834215139359983,-0.0005410387035629503,-0.0022691869409762204,wf2022A,wf2022,A,0.8
wf2022,w0.8,20220613,0.001902130594519401,-7.851650065826993e-05,0.0019231875648400068,wf2022A,wf2022,A,0.8
wf2022,w0.8,20220614,0.005043506289016586,0.0024800522198288907,0.002522014933199249,wf2022A,wf2022,A,0.8
wf2022,w0.8,20220615,-0.0026546881547736077,0.00012003583707523595,-0.0028175859225000426,wf2022A,wf2022,A,0.8
wf2022,w0.8,20220616,-0.0019955654240468848,-0.0012078334143530555,-0.0007993071122094349,wf2022A,wf2022,A,0.8
wf2022,w0.8,20220617,-0.0027264741692324124,-0.0017418924150946313,-0.0009883155852952537,wf2022A,wf2022,A,0.8
wf2022,w0.8,20220620,0.0012874265876047022,-0.0006014829956873512,0.0020171553593378065,wf2022A,wf2022,A,0.8
wf2022,w0.8,20220621,0.0006266046260895563,0.0010093036795583783,-0.0004068031407015088,wf2022A,wf2022,A,0.8
wf2022,w0.8,20220622,-0.0017639765962294551,-0.0006440019391979808,-0.0010971862281454062,wf2022A,wf2022,A,0.8
wf2022,w0.8,20220623,-0.0002496109716622532,0.000737670551179869,-0.001005892960407491,wf2022A,wf2022,A,0.8
wf2022,w0.8,20220624,-0.0018434238791139599,-0.000509565531390328,-0.0013035747482951841,wf2022A,wf2022,A,0.8
wf2022,w0.8,20220627,9.523808768393746e-05,-0.0009567531836985515,0.0009687697627708393,wf2022A,wf2022,A,0.8
wf2022,w0.8,20220628,0.006048452134832122,0.0031013661015270987,0.002857571736140128,wf2022A,wf2022,A,0.8
wf2022,w0.8,20220629,0.0008494373444025011,0.0016662794081493655,-0.0008278805245427391,wf2022A,wf2022,A,0.8
wf2022,w0.8,20220630,8.332894788626137e-05,-0.0002642221028573085,0.000350275098853245,wf2022A,wf2022,A,0.8
wf2022,w0.8,20220701,0.0018663169961454671,0.0019014467616441763,-0.00015529574435187366,wf2022A,wf2022,A,0.8
wf2022,w0.8,20220704,0.0011768077093963032,0.00017955580895533533,0.0009347072431002252,wf2022A,wf2022,A,0.8
wf2022,w0.8,20220705,0.00017466313641968483,0.00048328597104991123,-0.00034219953280491006,wf2022A,wf2022,A,0.8
wf2022,w0.8,20220706,-0.004140482535922237,-0.0029964092391492215,-0.0011892024932787968,wf2022A,wf2022,A,0.8
wf2022,w0.8,20220707,0.0021018885018649265,0.0007254614507571244,0.0012711937436652955,wf2022A,wf2022,A,0.8
wf2022,w0.8,20220708,0.0010613204924890419,4.970637074330094e-05,0.0009629058564306896,wf2022A,wf2022,A,0.8
wf2022,w0.8,20220711,0.0015301162307732475,-0.0003705999587989254,0.002011481943065664,wf2022A,wf2022,A,0.8
wf2022,w0.8,20220712,-0.0038351745409169295,-0.003148478303781172,-0.0007563073916970289,wf2022A,wf2022,A,0.8
wf2022,w0.8,20220713,0.0005110357899717035,0.002876527600600131,-0.0022234038478976207,wf2022A,wf2022,A,0.8
wf2022,w0.8,20220714,0.0024192680821447585,0.003631321136348869,-0.0010373602545116064,wf2022A,wf2022,A,0.8
wf2022,w0.8,20220715,-8.832489297434451e-05,-4.6491768446456166e-05,-0.0001230644828228232,wf2022A,wf2022,A,0.8
wf2022,w0.8,20220718,0.00026217693701026043,0.0005347651505916047,-0.00033314016616558894,wf2022A,wf2022,A,0.8
wf2022,w0.8,20220719,-0.00019123462676699267,0.0003317644025453497,-0.0004780562576728707,wf2022A,wf2022,A,0.8
wf2022,w0.8,20220720,0.0005081758271533281,0.0002916342868195781,0.00023987974787437313,wf2022A,wf2022,A,0.8
wf2022,w0.8,20220721,-0.0007558142413968715,-0.0013558882677251495,0.0005624099753451378,wf2022A,wf2022,A,0.8
wf2022,w0.8,20220722,0.002310967989247274,0.0008511444026674442,0.0015066810219730175,wf2022A,wf2022,A,0.8
wf2022,w0.8,20220725,-0.0004630003182659482,0.0009684934031774749,-0.0015031068108711891,wf2022A,wf2022,A,0.8
wf2022,w0.8,20220726,-0.0019983668380633,-0.0004901761552441098,-0.0015261338968846124,wf2022A,wf2022,A,0.8
wf2022,w0.8,20220727,0.0014126542913418475,0.001531831359080399,-0.0001725251042206665,wf2022A,wf2022,A,0.8
wf2022,w0.8,20220728,-0.0018820477274273852,-0.0014195378742995965,-0.00037886923424646396,wf2022A,wf2022,A,0.8
wf2022,w0.8,20220729,-0.0001604238062117595,0.000828591780628698,-0.0009301661940251293,wf2022A,wf2022,A,0.8
wf2022,w0.8,20220801,0.002934147799473867,0.0011328020756375488,0.0017440964009702627,wf2022A,wf2022,A,0.8
wf2022,w0.8,20220802,0.0016911671448451063,0.000988374749983369,0.0006985769567328558,wf2022A,wf2022,A,0.8
wf2022,w0.8,20220803,0.0014969127840459874,0.0015247568817852444,-7.184963353655763e-06,wf2022A,wf2022,A,0.8
wf2022,w0.8,20220804,0.005032528421190688,0.0029971446675387133,0.0020206996110371336,wf2022A,wf2022,A,0.8
wf2022,w0.8,20220805,-0.0018756978672645683,0.0006366319578473183,-0.002545216617130179,wf2022A,wf2022,A,0.8
wf2022,w0.8,20220808,-0.0022684008183105533,-0.0011565720211452462,-0.0011064862116924867,wf2022A,wf2022,A,0.8
wf2022,w0.8,20220809,-0.0011454054786227336,-0.00033477803046624106,-0.0008707663257634625,wf2022A,wf2022,A,0.8
wf2022,w0.9,20220425,0.001650513864932264,0.001247562820742758,0.00017080234303229344,wf2022A,wf2022,A,0.9
wf2022,w0.9,20220426,0.004986154553492186,0.006540834249277033,-0.0015701524010284394,wf2022A,wf2022,A,0.9
wf2022,w0.9,20220427,0.0003768265038128077,-0.0009986603355079753,0.0013488833341208173,wf2022A,wf2022,A,0.9
wf2022,w0.9,20220428,0.0014143049490460344,0.0027128635438078657,-0.0013281926953154246,wf2022A,wf2022,A,0.9
wf2022,w0.9,20220429,0.003134052101122938,0.004366246142607506,-0.0010487305101917217,wf2022A,wf2022,A,0.9
wf2022,w0.9,20220505,0.0016475993459531962,0.0024243688178125274,-0.0005471465643864999,wf2022A,wf2022,A,0.9
wf2022,w0.9,20220506,0.0009485426220340112,0.001990238080879581,-0.0008632575935196873,wf2022A,wf2022,A,0.9
wf2022,w0.9,20220509,-0.0019972654540729926,-0.0003644261890708404,-0.0015500892592080098,wf2022A,wf2022,A,0.9
wf2022,w0.9,20220510,7.605778807834307e-05,0.000735526353801102,-0.0007394938041795201,wf2022A,wf2022,A,0.9
wf2022,w0.9,20220511,7.756924214078701e-05,0.00019218510211788773,-0.00027179871704724077,wf2022A,wf2022,A,0.9
wf2022,w0.9,20220512,-0.0007082367884593873,-0.0014589559299430445,0.0005626386483494278,wf2022A,wf2022,A,0.9
wf2022,w0.9,20220513,0.0005744533548593337,0.0009442718201377256,-0.00044576740005502027,wf2022A,wf2022,A,0.9
wf2022,w0.9,20220516,0.00020794609445656006,-0.00016081982180312526,0.00021270719653244567,wf2022A,wf2022,A,0.9
wf2022,w0.9,20220517,-0.00018632895050536055,1.841097917058398e-05,-0.00022382016448316237,wf2022A,wf2022,A,0.9
wf2022,w0.9,20220518,-0.001074025879396939,-0.0001133605473156293,-0.0009445128880124349,wf2022A,wf2022,A,0.9
wf2022,w0.9,20220519,0.0024020047673724808,0.0017910098388776935,0.0005266253301443486,wf2022A,wf2022,A,0.9
wf2022,w0.9,20220520,0.0017746610069990787,0.002321211536951954,-0.0006243733943999707,wf2022A,wf2022,A,0.9
wf2022,w0.9,20220523,0.0020579475292062943,-0.00113079250609413,0.003045275679058261,wf2022A,wf2022,A,0.9
wf2022,w0.9,20220524,0.0017116404395898198,0.002158827379474665,-0.0004953192654394414,wf2022A,wf2022,A,0.9
wf2022,w0.9,20220525,0.0018533104663561962,0.0003325931630287111,0.0014186597409418973,wf2022A,wf2022,A,0.9
wf2022,w0.9,20220526,0.00015076496214444285,0.00023813921065270828,-8.444174104193172e-05,wf2022A,wf2022,A,0.9
wf2022,w0.9,20220527,0.0007119935406667815,0.0004377202982214525,0.000315170999635583,wf2022A,wf2022,A,0.9
wf2022,w0.9,20220530,0.0027707315149165593,0.0022530912812227595,0.00047443522149766314,wf2022A,wf2022,A,0.9
wf2022,w0.9,20220531,-0.0013336874339019674,-0.0015821507220564206,0.00028016446885512764,wf2022A,wf2022,A,0.9
wf2022,w0.9,20220601,0.0013369915192117162,0.001020242132079005,0.00030203845807594704,wf2022A,wf2022,A,0.9
wf2022,w0.9,20220602,-0.0013804289263205215,0.0006848989273141614,-0.0021403077896648653,wf2022A,wf2022,A,0.9
wf2022,w0.9,20220606,0.0021749784299417863,0.001997324312109262,0.00010649208558805262,wf2022A,wf2022,A,0.9
wf2022,w0.9,20220607,0.002274508497460837,0.001631477182574456,0.0005932253802432406,wf2022A,wf2022,A,0.9
wf2022,w0.9,20220608,0.003803401100089372,0.0016255972582336089,0.0020872304232366,wf2022A,wf2022,A,0.9
wf2022,w0.9,20220609,-0.002011517083944441,-0.0007889496168541063,-0.0012653890560862693,wf2022A,wf2022,A,0.9
wf2022,w0.9,20220610,-0.0031242986743736513,-0.001047591535059583,-0.0020527176444932547,wf2022A,wf2022,A,0.9
wf2022,w0.9,20220613,0.00192669447822644,0.00011466733037207892,0.0017545676175166963,wf2022A,wf2022,A,0.9
wf2022,w0.9,20220614,0.004920426099222079,0.002354340163065895,0.0025246468001677365,wf2022A,wf2022,A,0.9
wf2022,w0.9,20220615,-0.002294409792893192,0.0004104297637450045,-0.0027477014872893946,wf2022A,wf2022,A,0.9
wf2022,w0.9,20220616,-0.00192192555916521,-0.0010936010277044891,-0.0008398996339763276,wf2022A,wf2022,A,0.9
wf2022,w0.9,20220617,-0.0025334382236192002,-0.0015561099393620543,-0.0009810621154146195,wf2022A,wf2022,A,0.9
wf2022,w0.9,20220620,0.001991446342340578,0.00014225011935577989,0.0019774419990305513,wf2022A,wf2022,A,0.9
wf2022,w0.9,20220621,0.0008963821276895198,0.001311002750399136,-0.00043872470994230084,wf2022A,wf2022,A,0.9
wf2022,w0.9,20220622,-0.001415952461014166,-0.00032053120978944676,-0.0010726328223386488,wf2022A,wf2022,A,0.9
wf2022,w0.9,20220623,-0.000516392910202711,0.00041189494172575304,-0.0009468992894938311,wf2022A,wf2022,A,0.9
wf2022,w0.9,20220624,-0.0018272413639861046,-0.0005329055862327418,-0.001264052178324917,wf2022A,wf2022,A,0.9
wf2022,w0.9,20220627,0.0014320207838748392,0.00035161010391569596,0.0009971891713474914,wf2022A,wf2022,A,0.9
wf2022,w0.9,20220628,0.005595117372830085,0.0027428559748433135,0.002762747100821871,wf2022A,wf2022,A,0.9
wf2022,w0.9,20220629,0.0005314945589051621,0.0012776815508967003,-0.0007572254527874139,wf2022A,wf2022,A,0.9
wf2022,w0.9,20220630,0.00030406443800587804,1.7727179551985464e-05,0.00028906130656356773,wf2022A,wf2022,A,0.9
wf2022,w0.9,20220701,0.0028184578467910313,0.0028927590702909687,-0.00019446720235310132,wf2022A,wf2022,A,0.9
wf2022,w0.9,20220704,0.0015116889884893838,0.0006360913197428105,0.0008130530114058311,wf2022A,wf2022,A,0.9
wf2022,w0.9,20220705,0.0002609866003353851,0.0005651593592014546,-0.0003377494570407559,wf2022A,wf2022,A,0.9
wf2022,w0.9,20220706,-0.003455102234935265,-0.0024152525153163682,-0.0010849789161246782,wf2022A,wf2022,A,0.9
wf2022,w0.9,20220707,0.0029957277980160357,0.0017526440803081564,0.0011378504102653737,wf2022A,wf2022,A,0.9
wf2022,w0.9,20220708,0.002066739574310697,0.0010560569512212004,0.0009619743577744461,wf2022A,wf2022,A,0.9
wf2022,w0.9,20220711,0.0021115993324217104,0.00035627857084253147,0.0018660865150726712,wf2022A,wf2022,A,0.9
wf2022,w0.9,20220712,-0.003577663684053104,-0.0029166874736027268,-0.0007305873650116486,wf2022A,wf2022,A,0.9
wf2022,w0.9,20220713,0.0006397556931702873,0.0027490059013127654,-0.0019671622454116703,wf2022A,wf2022,A,0.9
wf2022,w0.9,20220714,0.002925175156057747,0.0039886643337184065,-0.0008887963779681549,wf2022A,wf2022,A,0.9
wf2022,w0.9,20220715,2.251478254749334e-05,2.479816370054848e-05,-8.351473944798907e-05,wf2022A,wf2022,A,0.9
wf2022,w0.9,20220718,-0.0010377841732739975,-0.0007425093622471983,-0.000355826763611046,wf2022A,wf2022,A,0.9
wf2022,w0.9,20220719,-0.00022354773073384078,0.0002999367814054752,-0.0004785417404998451,wf2022A,wf2022,A,0.9
wf2022,w0.9,20220720,0.00015411584668537873,-4.1773431252215085e-05,0.00021922748547821696,wf2022A,wf2022,A,0.9
wf2022,w0.9,20220721,-0.0014183731578855344,-0.001975814698781661,0.0005197774899129861,wf2022A,wf2022,A,0.9
wf2022,w0.9,20220722,0.003402666117050022,0.0020787813857456377,0.0013707421666975727,wf2022A,wf2022,A,0.9
wf2022,w0.9,20220725,0.00034446369190396266,0.001592702672147844,-0.0013198520696716476,wf2022A,wf2022,A,0.9
wf2022,w0.9,20220726,-0.0012863386061949828,6.178778286685665e-05,-0.0013660696031272614,wf2022A,wf2022,A,0.9
wf2022,w0.9,20220727,0.0007021592200010815,0.000823713365293716,-0.00017490218177475066,wf2022A,wf2022,A,0.9
wf2022,w0.9,20220728,-0.0018015012595250035,-0.0014355956651560934,-0.00028226497548758395,wf2022A,wf2022,A,0.9
wf2022,w0.9,20220729,-0.000527523192308736,0.00042101432055218835,-0.0008896881200455962,wf2022A,wf2022,A,0.9
wf2022,w0.9,20220801,0.002902867867709949,0.0011715956586326132,0.0016740228862112798,wf2022A,wf2022,A,0.9
wf2022,w0.9,20220802,0.001040148684258036,0.0006069984268591196,0.0004289348192700356,wf2022A,wf2022,A,0.9
wf2022,w0.9,20220803,0.0003695036299654203,0.0004493995679164819,-5.923680356546104e-05,wf2022A,wf2022,A,0.9
wf2022,w0.9,20220804,0.005012497361383837,0.003351397604364447,0.0016464156144045485,wf2022A,wf2022,A,0.9
wf2022,w0.9,20220805,-0.0023025579053285294,-0.00014289998391932589,-0.002192544713427494,wf2022A,wf2022,A,0.9
wf2022,w0.9,20220808,-0.002469208728511513,-0.0014612707462738834,-0.0010025953967648094,wf2022A,wf2022,A,0.9
wf2022,w0.9,20220809,-0.0021508603426571033,-0.0014857313877703214,-0.0007252678324937519,wf2022A,wf2022,A,0.9
wf2022,w1.0,20220425,0.0032603050274184545,0.002696783160906391,0.00033137316535484444,wf2022A,wf2022,A,1.0
wf2022,w1.0,20220426,0.008072900213115176,0.009497418171446212,-0.0014399906635746234,wf2022A,wf2022,A,1.0
wf2022,w1.0,20220427,-0.0018031312201705757,-0.002629559717915323,0.0007998249925447835,wf2022A,wf2022,A,1.0
wf2022,w1.0,20220428,0.001969481849081141,0.0031228774506499328,-0.001183029702122396,wf2022A,wf2022,A,1.0
wf2022,w1.0,20220429,0.0035494970895823784,0.004608603407854831,-0.0008756427869796006,wf2022A,wf2022,A,1.0
wf2022,w1.0,20220505,0.002346679790518275,0.002968153924794824,-0.00039185122680371955,wf2022A,wf2022,A,1.0
wf2022,w1.0,20220506,0.0009567285859621577,0.0015940313767566737,-0.00045886492546863035,wf2022A,wf2022,A,1.0
wf2022,w1.0,20220509,-0.00015172377304013135,0.0011410265493351538,-0.0012100003165811408,wf2022A,wf2022,A,1.0
wf2022,w1.0,20220510,0.002685224002121526,0.0032603036612007903,-0.0006551048975360257,wf2022A,wf2022,A,1.0
wf2022,w1.0,20220511,0.00024144940262474466,0.00037068785143876533,-0.00028642130588416037,wf2022A,wf2022,A,1.0
wf2022,w1.0,20220512,9.121723732824927e-05,-0.0005204231985901109,0.00042355994278413136,wf2022A,wf2022,A,1.0
wf2022,w1.0,20220513,-0.0007530188217342629,-0.00047204324146484617,-0.0003569245150460452,wf2022A,wf2022,A,1.0
wf2022,w1.0,20220516,0.0019560886940574924,0.0018507451839655737,-5.071520963532077e-05,wf2022A,wf2022,A,1.0
wf2022,w1.0,20220517,6.764823278711946e-05,0.0003467983202454835,-0.00029823032226558246,wf2022A,wf2022,A,1.0
wf2022,w1.0,20220518,0.0012356142303369295,0.0018847907510699826,-0.0006330240766641759,wf2022A,wf2022,A,1.0
wf2022,w1.0,20220519,0.003829543379508551,0.0036254598705175783,0.00011971391064053162,wf2022A,wf2022,A,1.0
wf2022,w1.0,20220520,0.0032636859873043864,0.003783070276886267,-0.0005972071540289758,wf2022A,wf2022,A,1.0
wf2022,w1.0,20220523,-0.000416826616062585,-0.0028033678749064296,0.0022430769026016814,wf2022A,wf2022,A,1.0
wf2022,w1.0,20220524,0.002464035620161356,0.0027850680836210193,-0.00036916478901425796,wf2022A,wf2022,A,1.0
wf2022,w1.0,20220525,0.0008831409968351302,-7.105681940011715e-05,0.0008521402538496583,wf2022A,wf2022,A,1.0
wf2022,w1.0,20220526,-0.00017784371551832245,-0.00016182218828608615,-1.3089019765902603e-05,wf2022A,wf2022,A,1.0
wf2022,w1.0,20220527,-1.8594610233730116e-05,9.362365701755536e-05,-7.132051006102964e-05,wf2022A,wf2022,A,1.0
wf2022,w1.0,20220530,0.002993694449982841,0.0029810998184359463,-3.0610380649238075e-05,wf2022A,wf2022,A,1.0
wf2022,w1.0,20220531,-0.0014489414267684162,-0.0014373184278548752,2.007818178713399e-05,wf2022A,wf2022,A,1.0
wf2022,w1.0,20220601,0.0020850842876562366,0.0022546929213965367,-0.00018431956279706406,wf2022A,wf2022,A,1.0
wf2022,w1.0,20220602,-0.000257116153023082,0.0015472066665498207,-0.0018793027556030838,wf2022A,wf2022,A,1.0
wf2022,w1.0,20220606,0.0017962333050655123,0.001323919663214,0.0004011516096070404,wf2022A,wf2022,A,1.0
wf2022,w1.0,20220607,0.001966529698547413,0.0014417559851730923,0.0004749677787311804,wf2022A,wf2022,A,1.0
wf2022,w1.0,20220608,0.0019670405472776153,0.00020350636909654326,0.0016729607595619086,wf2022A,wf2022,A,1.0
wf2022,w1.0,20220609,-0.0014364865916541847,-0.0003676582648703098,-0.0011116499157798098,wf2022A,wf2022,A,1.0
wf2022,w1.0,20220610,-0.0019444320977492677,-0.00024934257842847254,-0.001671100024499983,wf2022A,wf2022,A,1.0
wf2022,w1.0,20220613,0.0001928400585593593,-0.0013346996779335222,0.0014700802061552163,wf2022A,wf2022,A,1.0
wf2022,w1.0,20220614,0.004619114572430172,0.002890772634135028,0.0016869028023066973,wf2022A,wf2022,A,1.0
wf2022,w1.0,20220615,-0.0002784064159117366,0.0017808947868377472,-0.0021021631334006818,wf2022A,wf2022,A,1.0
wf2022,w1.0,20220616,-0.001277288312799918,-0.000627102510324778,-0.0006617609049907453,wf2022A,wf2022,A,1.0
wf2022,w1.0,20220617,-0.0010686989762455443,-0.00015849255616107955,-0.0009139402512419362,wf2022A,wf2022,A,1.0
wf2022,w1.0,20220620,0.0016649048522485123,0.0005566381182177793,0.001236512510076486,wf2022A,wf2022,A,1.0
wf2022,w1.0,20220621,0.000584545471213371,0.000709812274867378,-0.00014937089088669505,wf2022A,wf2022,A,1.0
wf2022,w1.0,20220622,-0.0021389219500385324,-0.0013182973512218079,-0.0007978361699306573,wf2022A,wf2022,A,1.0
wf2022,w1.0,20220623,0.0004756503840559617,0.0013592801320327984,-0.0009022411855422062,wf2022A,wf2022,A,1.0
wf2022,w1.0,20220624,4.001560519401384e-05,0.0010621890070743672,-0.0009918898024519058,wf2022A,wf2022,A,1.0
wf2022,w1.0,20220627,-0.00030921951803893934,-0.0008984704617889042,0.0005060294351383123,wf2022A,wf2022,A,1.0
wf2022,w1.0,20220628,0.0048192832277102055,0.0027942434567689825,0.0019355254737763279,wf2022A,wf2022,A,1.0
wf2022,w1.0,20220629,0.00013889483286836854,0.0007449004120816677,-0.0006170440400091741,wf2022A,wf2022,A,1.0
wf2022,w1.0,20220630,0.001491290555174074,0.0012994156208345092,0.00019459898244924016,wf2022A,wf2022,A,1.0
wf2022,w1.0,20220701,0.0028377918571051604,0.002980413865077313,-0.00026278798682531504,wf2022A,wf2022,A,1.0
wf2022,w1.0,20220704,0.0012027136145988312,0.0005471083452229994,0.000593060612035089,wf2022A,wf2022,A,1.0
wf2022,w1.0,20220705,8.402145686998291e-07,0.0002062537150917666,-0.0002389901986977547,wf2022A,wf2022,A,1.0
wf2022,w1.0,20220706,-0.003056509297462445,-0.002318699974688431,-0.0007829385192797958,wf2022A,wf2022,A,1.0
wf2022,w1.0,20220707,0.0026524514047072344,0.0018545766388342465,0.0006926414584304808,wf2022A,wf2022,A,1.0
wf2022,w1.0,20220708,-0.0006794474437661797,-0.0015265385527908496,0.0007983828437096178,wf2022A,wf2022,A,1.0
wf2022,w1.0,20220711,8.502511708502122e-05,-0.0013550169224352101,0.0015508077930137258,wf2022A,wf2022,A,1.0
wf2022,w1.0,20220712,-0.0014405531914173982,-0.0009848062523893583,-0.0005253580935893112,wf2022A,wf2022,A,1.0
wf2022,w1.0,20220713,0.0005897836665164575,0.002047173602612502,-0.0013153019733652348,wf2022A,wf2022,A,1.0
wf2022,w1.0,20220714,0.001711467135720325,0.0023392639705890964,-0.00045310403517626535,wf2022A,wf2022,A,1.0
wf2022,w1.0,20220715,0.0007431007294168186,0.0007971021100892159,-0.00013523273896732906,wf2022A,wf2022,A,1.0
wf2022,w1.0,20220718,-0.0008401127295596007,-0.0005396539672182778,-0.00036101071492556855,wf2022A,wf2022,A,1.0
wf2022,w1.0,20220719,-0.0005949186338767339,-5.185640229760183e-05,-0.0004981194599396626,wf2022A,wf2022,A,1.0
wf2022,w1.0,20220720,0.00039648188271542307,0.00025081489206325847,0.00016900519819278912,wf2022A,wf2022,A,1.0
wf2022,w1.0,20220721,0.000819370347797244,0.0004128738380779791,0.00036883245873612464,wf2022A,wf2022,A,1.0
wf2022,w1.0,20220722,0.004187358866245415,0.003262255309214337,0.0009719609924242664,wf2022A,wf2022,A,1.0
wf2022,w1.0,20220725,-0.0011385186521986994,-0.00023196075926336146,-0.0009781709823631038,wf2022A,wf2022,A,1.0
wf2022,w1.0,20220726,-0.002190800127348593,-0.0012160699452826074,-0.0009926733961314097,wf2022A,wf2022,A,1.0
wf2022,w1.0,20220727,0.0011659363599802889,0.0012996542593472398,-0.00018706593584906828,wf2022A,wf2022,A,1.0
wf2022,w1.0,20220728,-0.003696026963216262,-0.0034417979415841205,-0.00017058840275081713,wf2022A,wf2022,A,1.0
wf2022,w1.0,20220729,0.0009922612239729794,0.0017014855492936513,-0.0006503749325053435,wf2022A,wf2022,A,1.0
wf2022,w1.0,20220801,0.0020054471322950088,0.000771880819900022,0.0011763169895289288,wf2022A,wf2022,A,1.0
wf2022,w1.0,20220802,0.001344629983698535,0.001378183226067177,-3.776868049752266e-05,wf2022A,wf2022,A,1.0
wf2022,w1.0,20220803,0.0005596267382406775,0.0006833982028271706,-0.0001031123302008922,wf2022A,wf2022,A,1.0
wf2022,w1.0,20220804,0.00455269510313764,0.0035816531918547692,0.0009563577686680302,wf2022A,wf2022,A,1.0
wf2022,w1.0,20220805,-0.0016438723367922896,-0.00022949461302945793,-0.0014472645157811211,wf2022A,wf2022,A,1.0
wf2022,w1.0,20220808,-0.00125203478150326,-0.0005688965848043642,-0.0006777956112260754,wf2022A,wf2022,A,1.0
wf2022,w1.0,20220809,-0.001543740783368171,-0.0010808797653893776,-0.0005229998955857632,wf2022A,wf2022,A,1.0
wf2022,w0.0,20220810,0.0038073361951741855,0.0016775675818692876,0.0021492328584778726,wf2022B,wf2022,B,0.0
wf2022,w0.0,20220811,0.0012906556924364293,-0.0014189368466790055,0.002686310781731328,wf2022B,wf2022,B,0.0
wf2022,w0.0,20220812,-0.00520290034389782,-0.0013453538102692775,-0.0038997389565893293,wf2022B,wf2022,B,0.0
wf2022,w0.0,20220815,-0.003070122292164217,-0.000794743752792382,-0.0022895936504893754,wf2022B,wf2022,B,0.0
wf2022,w0.0,20220816,0.00044733140468003604,-0.00040015209559177454,0.0008800487618858626,wf2022B,wf2022,B,0.0
wf2022,w0.0,20220817,-0.0013342220818988444,0.0018258388710830895,-0.0031585151251870463,wf2022B,wf2022,B,0.0
wf2022,w0.0,20220818,0.0011728967161072478,-0.0033180265438905376,0.004478447803267549,wf2022B,wf2022,B,0.0
wf2022,w0.0,20220819,-0.000299847878708865,-0.0012164686538581565,0.0009147620676531075,wf2022B,wf2022,B,0.0
wf2022,w0.0,20220822,-0.0014057526606315747,0.00021934343417183747,-0.001618110624020366,wf2022B,wf2022,B,0.0
wf2022,w0.0,20220823,0.003725337191524347,-0.0016467874509380792,0.0053730261707469855,wf2022B,wf2022,B,0.0
wf2022,w0.0,20220824,0.002853611412159507,-0.0011746222859280364,0.004032033370587436,wf2022B,wf2022,B,0.0
wf2022,w0.0,20220825,0.0033295214907661094,0.0015983752375444216,0.0017311462532216882,wf2022B,wf2022,B,0.0
wf2022,w0.0,20220826,-0.0015950488189135862,-0.0013913264291405543,-0.00020372238977303163,wf2022B,wf2022,B,0.0
wf2022,w0.0,20220829,0.004330110223397705,0.0008392803887778803,0.0034908298346198238,wf2022B,wf2022,B,0.0
wf2022,w0.0,20220830,0.005444784206521194,-0.001050886075213999,0.006495670281735185,wf2022B,wf2022,B,0.0
wf2022,w0.0,20220831,-0.00026367744890240345,-0.0014401055198923806,0.0011764280709899771,wf2022B,wf2022,B,0.0
wf2022,w0.0,20220901,0.0004917025859283858,0.0023882579208293142,-0.0018965553349009282,wf2022B,wf2022,B,0.0
wf2022,w0.0,20220902,-0.0005746527972526482,-0.0013814506666373892,0.0008067978693847415,wf2022B,wf2022,B,0.0
wf2022,w0.0,20220905,-0.003800678447564189,-0.0012407315307894694,-0.0025599469167747195,wf2022B,wf2022,B,0.0
wf2022,w0.0,20220906,-0.0030162083075216907,0.0002708239251172069,-0.0032870322326388982,wf2022B,wf2022,B,0.0
wf2022,w0.0,20220907,0.00046421428729653304,-0.001964434557730294,0.0024286488450268266,wf2022B,wf2022,B,0.0
wf2022,w0.0,20220908,0.002061053543627706,-0.0004234268664377273,0.002484480410065433,wf2022B,wf2022,B,0.0
wf2022,w0.0,20220909,-1.7849346600366366e-05,0.00012311446877359745,-0.00014096381537396298,wf2022B,wf2022,B,0.0
wf2022,w0.0,20220913,0.0007905904085888302,-0.0004891880189610943,0.0012797784275499248,wf2022B,wf2022,B,0.0
wf2022,w0.0,20220914,0.0033767942629535017,-0.0021767341289710665,0.0055535283919245695,wf2022B,wf2022,B,0.0
wf2022,w0.0,20220915,0.0011815063498150473,0.002462463185787634,-0.001280956835972586,wf2022B,wf2022,B,0.0
wf2022,w0.0,20220916,0.0001453285137246029,0.0006100021106758289,-0.0004646735969512275,wf2022B,wf2022,B,0.0
wf2022,w0.0,20220919,-0.0022387332918988416,0.000622930429697089,-0.002861663721595931,wf2022B,wf2022,B,0.0
wf2022,w0.0,20220920,0.001854740002979899,0.0002428764936941414,0.001611863509285758,wf2022B,wf2022,B,0.0
wf2022,w0.0,20220921,6.44411213366709e-05,0.0016511563012852372,-0.0015867151799485659,wf2022B,wf2022,B,0.0
wf2022,w0.0,20220922,0.002613078920783607,-0.0006486530922772838,0.0032617320130608946,wf2022B,wf2022,B,0.0
wf2022,w0.0,20220923,-0.003058843983756599,-0.00020583859407065686,-0.002853005389685942,wf2022B,wf2022,B,0.0
wf2022,w0.0,20220926,0.002285464779374545,0.0016419368342287415,0.0006435279451458037,wf2022B,wf2022,B,0.0
wf2022,w0.0,20220927,0.004517928839493635,0.0006463976553212992,0.0038715311841723385,wf2022B,wf2022,B,0.0
wf2022,w0.0,20220928,0.0033022465979607235,0.00359765772863325,-0.0002954111306725264,wf2022B,wf2022,B,0.0
wf2022,w0.0,20220929,0.0030923740760117778,-0.0004215908359670653,0.0035139649119788436,wf2022B,wf2022,B,0.0
wf2022,w0.0,20220930,0.0003276640424095083,-0.0012460498404351472,0.0015737138828446546,wf2022B,wf2022,B,0.0
wf2022,w0.0,20221010,-0.0009290733757353828,0.0004578192581773963,-0.0013868926339127802,wf2022B,wf2022,B,0.0
wf2022,w0.0,20221011,0.00026523085914681443,0.002501073050851273,-0.0022358421917044553,wf2022B,wf2022,B,0.0
wf2022,w0.0,20221012,0.0018298855198348122,0.0021174344307267733,-0.00028754891089195913,wf2022B,wf2022,B,0.0
wf2022,w0.0,20221013,-0.0007651026291325656,0.00029740884888756667,-0.00106251147802013,wf2022B,wf2022,B,0.0
wf2022,w0.0,20221014,0.0032543519672668542,0.0038072480985056403,-0.0005528961312387834,wf2022B,wf2022,B,0.0
wf2022,w0.0,20221017,-0.0013974424876282226,-0.0003165812755608966,-0.0010808612120673262,wf2022B,wf2022,B,0.0
wf2022,w0.0,20221018,0.00021017045735260455,0.0005095847111700729,-0.0002994142538174676,wf2022B,wf2022,B,0.0
wf2022,w0.0,20221019,0.0023770168100080715,0.0014521368367049422,0.0009248799733031282,wf2022B,wf2022,B,0.0
wf2022,w0.0,20221020,0.00035625692243686165,0.0003531394580626716,3.117464374189898e-06,wf2022B,wf2022,B,0.0
wf2022,w0.0,20221021,-0.0013774993819827708,-3.928230174390338e-06,-0.001373571151808385,wf2022B,wf2022,B,0.0
wf2022,w0.0,20221024,-0.0025282273255097984,-0.0020254594489990782,-0.00050276787651072,wf2022B,wf2022,B,0.0
wf2022,w0.0,20221025,0.002453903647270328,0.00280444547781555,-0.00035054183054522315,wf2022B,wf2022,B,0.0
wf2022,w0.0,20221026,0.0037058279948371034,0.0010100624248345035,0.0026957655700026004,wf2022B,wf2022,B,0.0
wf2022,w0.0,20221027,0.0029377203078304465,0.0014542663154356956,0.0014834539923947424,wf2022B,wf2022,B,0.0
wf2022,w0.0,20221028,0.0024654838768626095,0.003136600780173032,-0.0006711169033104219,wf2022B,wf2022,B,0.0
wf2022,w0.0,20221031,0.0008681255864333021,0.0014830651051759669,-0.0006149395187426643,wf2022B,wf2022,B,0.0
wf2022,w0.0,20221101,-0.00039393753286662975,0.0010584904246281868,-0.0014524279574948194,wf2022B,wf2022,B,0.0
wf2022,w0.0,20221102,-0.0014570707890647619,-7.355705443854257e-05,-0.0013358948910818927,wf2022B,wf2022,B,0.0
wf2022,w0.0,20221103,-0.00039072401191602574,0.0010841600004433836,-0.0014748840123594053,wf2022B,wf2022,B,0.0
wf2022,w0.0,20221104,0.0008755839833269035,0.0005873534367416669,0.00029054781202461324,wf2022B,wf2022,B,0.0
wf2022,w0.0,20221107,0.0015034385680864353,0.0008670262153946028,0.000643537293667697,wf2022B,wf2022,B,0.0
wf2022,w0.0,20221108,-0.001971030347458308,-0.0021579184240015413,0.00018276758694232116,wf2022B,wf2022,B,0.0
wf2022,w0.0,20221109,0.0010915391202207456,-0.0015361038649245255,0.0026373423538443275,wf2022B,wf2022,B,0.0
wf2022,w0.0,20221110,0.0026628526584971503,0.0009727177233470889,0.00169173703058801,wf2022B,wf2022,B,0.0
wf2022,w0.0,20221111,0.0041192248063546535,0.001745172338474032,0.0023800634994674444,wf2022B,wf2022,B,0.0
wf2022,w0.0,20221114,-7.640394653540827e-05,0.002109942805227847,-0.0021878145391840457,wf2022B,wf2022,B,0.0
wf2022,w0.0,20221115,0.0013161991453856437,0.0005164654274670366,0.0008138212827988041,wf2022B,wf2022,B,0.0
wf2022,w0.0,20221116,0.0018623616802792807,0.0009896875662600193,0.0008853914785205451,wf2022B,wf2022,B,0.0
wf2022,w0.0,20221117,0.0013807629145747742,0.0007040417213169258,0.0006783742423687718,wf2022B,wf2022,B,0.0
wf2022,w0.0,20221118,-0.0016235689350507457,0.0006914081642600415,-0.0023066234464852514,wf2022B,wf2022,B,0.0
wf2022,w0.0,20221121,0.003740538249110965,0.0001475957090082335,0.003616561582243454,wf2022B,wf2022,B,0.0
wf2022,w0.0,20221122,-0.0021420452202010965,-0.0030871711256990034,0.0009258083007357834,wf2022B,wf2022,B,0.0
wf2022,w0.0,20221123,-0.0017594800920203435,-0.0002740565048455577,-0.0014690619354192156,wf2022B,wf2022,B,0.0
wf2022,w0.0,20221124,0.002304506009047633,-0.0015013802279311274,0.0038148536650111056,wf2022B,wf2022,B,0.0
wf2022,w0.0,20221125,-0.0024231516175988797,-0.002044036921222733,-0.0003902505627831666,wf2022B,wf2022,B,0.0
wf2022,w0.0,20221128,0.0003422191338544947,-0.0004555124279819201,0.0007886871232237305,wf2022B,wf2022,B,0.0
wf2022,w0.0,20221129,-0.001037300194754331,-0.0006950324197796978,-0.0003530189570217741,wf2022B,wf2022,B,0.0
wf2022,w0.0,20221130,0.0008183001182423058,0.0020438647790482216,-0.0012089198618431814,wf2022B,wf2022,B,0.0
wf2022,w0.0,20221201,0.0006901376670013538,0.0008064786639832365,-0.00011774885517771358,wf2022B,wf2022,B,0.0
wf2022,w0.0,20221202,0.0011447932896715106,-0.0019310740375230208,0.0030796176971128876,wf2022B,wf2022,B,0.0
wf2022,w0.0,20221205,0.0008895527798050153,0.0004484173903582951,0.00045528674464831085,wf2022B,wf2022,B,0.0
wf2022,w0.0,20221206,0.0005854883855672915,0.0013047816718065113,-0.0007161036852221806,wf2022B,wf2022,B,0.0
wf2022,w0.0,20221207,-0.0008382062880786054,-0.0014216292303468958,0.0005808321161950152,wf2022B,wf2022,B,0.0
wf2022,w0.0,20221208,-0.00029198511024755634,-0.0002986101646704814,-2.5668675940876255e-06,wf2022B,wf2022,B,0.0
wf2022,w0.0,20221209,0.001619194841504988,0.0030748753184674763,-0.0014604975336629585,wf2022B,wf2022,B,0.0
wf2022,w0.0,20221212,0.001961390798580822,-0.00027338932712637164,0.002233074452147416,wf2022B,wf2022,B,0.0
wf2022,w0.0,20221213,0.001659803570153594,0.0014199878589705166,0.0002293582995000658,wf2022B,wf2022,B,0.0
wf2022,w0.0,20221214,0.00032940314214136143,0.001639638987455609,-0.0013102358453142469,wf2022B,wf2022,B,0.0
wf2022,w0.0,20221215,0.0011156536700740894,-0.00027457937504333813,0.0013902330451174257,wf2022B,wf2022,B,0.0
wf2022,w0.0,20221216,0.0003675576494218784,0.0009957301302303259,-0.0006281724808084491,wf2022B,wf2022,B,0.0
wf2022,w0.0,20221219,0.000882048153997869,-0.00013887593725246227,0.0010209240912503318,wf2022B,wf2022,B,0.0
wf2022,w0.0,20221220,0.0015868630569209697,0.0008243065776393553,0.0007625564792816157,wf2022B,wf2022,B,0.0
wf2022,w0.0,20221221,0.0017699598806789237,0.0014553397785229518,0.00031462010215597074,wf2022B,wf2022,B,0.0
wf2022,w0.0,20221222,0.003408988688851305,0.0030420916477896633,0.0003668970410616412,wf2022B,wf2022,B,0.0
wf2022,w0.0,20221223,-0.004128301794803779,-0.0017742923799069525,-0.0023540094148968276,wf2022B,wf2022,B,0.0
wf2022,w0.0,20221226,0.0013687072400322808,0.0001388169673294284,0.001229890272702853,wf2022B,wf2022,B,0.0
wf2022,w0.0,20221227,0.0006826454310822853,-0.00011535889284595407,0.0007980043239282372,wf2022B,wf2022,B,0.0
wf2022,w0.0,20221228,0.0020468000002969605,0.0024657837159645585,-0.000418983715667597,wf2022B,wf2022,B,0.0
wf2022,w0.0,20221229,0.0004484597167661126,-0.00033272532220443747,0.0007811850389705523,wf2022B,wf2022,B,0.0
wf2022,w0.0,20221230,-0.0008898834066403162,0.0011755781052635674,-0.0020654615119038793,wf2022B,wf2022,B,0.0
wf2022,w0.1,20220810,0.001730669716800623,-0.0004162279059512183,0.002166361867924813,wf2022B,wf2022,B,0.1
wf2022,w0.1,20220811,0.0010810949228419213,-0.0016098707502420972,0.002667683915699912,wf2022B,wf2022,B,0.1
wf2022,w0.1,20220812,-0.00395810404387066,6.542435800811378e-07,-0.004000950710411528,wf2022B,wf2022,B,0.1
wf2022,w0.1,20220815,-0.0038949442959399713,-0.0015173369277538048,-0.002391822479303706,wf2022B,wf2022,B,0.1
wf2022,w0.1,20220816,0.0016839742261852463,0.0008337377865434942,0.0008828017012558044,wf2022B,wf2022,B,0.1
wf2022,w0.1,20220817,-0.0007898102896883165,0.0023679509530780056,-0.0031562154149714335,wf2022B,wf2022,B,0.1
wf2022,w0.1,20220818,0.0019371517238672732,-0.0026481460401155247,0.004572822307252561,wf2022B,wf2022,B,0.1
wf2022,w0.1,20220819,0.00014713770231789772,-0.0008458132168045869,0.0009910922116262994,wf2022B,wf2022,B,0.1
wf2022,w0.1,20220822,-0.0010527572488727103,0.0006457164092814351,-0.0016914881873710992,wf2022B,wf2022,B,0.1
wf2022,w0.1,20220823,0.003389445509755607,-0.0021241908454575622,0.0055145378834977245,wf2022B,wf2022,B,0.1
wf2022,w0.1,20220824,0.0015072727325506534,-0.002447736025996712,0.003958808431047258,wf2022B,wf2022,B,0.1
wf2022,w0.1,20220825,0.0035495735518408776,0.0018145524705274496,0.001735021081313429,wf2022B,wf2022,B,0.1
wf2022,w0.1,20220826,-0.000265396636297684,-7.755849426076359e-05,-0.0001878381420369195,wf2022B,wf2022,B,0.1
wf2022,w0.1,20220829,0.004038753853133698,0.0005022999457033785,0.0035364539074303194,wf2022B,wf2022,B,0.1
wf2022,w0.1,20220830,0.0046960025579954115,-0.0012327368398033006,0.005928739397798709,wf2022B,wf2022,B,0.1
wf2022,w0.1,20220831,0.0005991456911267207,-0.0004891738872929382,0.0010883195784196584,wf2022B,wf2022,B,0.1
wf2022,w0.1,20220901,0.0014245334644326889,0.0032020229258361843,-0.0017774894614034959,wf2022B,wf2022,B,0.1
wf2022,w0.1,20220902,-0.0008420908534774118,-0.0016130570516019395,0.0007709661981245282,wf2022B,wf2022,B,0.1
wf2022,w0.1,20220905,-0.004181545833715671,-0.0017327687643713362,-0.002448777069344335,wf2022B,wf2022,B,0.1
wf2022,w0.1,20220906,-0.002235935687494089,0.000764049028635999,-0.0029999847161300878,wf2022B,wf2022,B,0.1
wf2022,w0.1,20220907,-0.0002815691307023801,-0.002548889479934263,0.0022673203492318814,wf2022B,wf2022,B,0.1
wf2022,w0.1,20220908,0.002983434549784042,0.0006771430553785078,0.0023062914944055346,wf2022B,wf2022,B,0.1
wf2022,w0.1,20220909,0.00032548677658989856,0.0004785008053167612,-0.0001530140287268618,wf2022B,wf2022,B,0.1
wf2022,w0.1,20220913,0.0009755552553972428,-0.00024990302342546604,0.0012254582788227089,wf2022B,wf2022,B,0.1
wf2022,w0.1,20220914,0.0017903183577354584,-0.0032352790091031364,0.005025597366838598,wf2022B,wf2022,B,0.1
wf2022,w0.1,20220915,0.0022172614080169344,0.0032500388176538147,-0.0010327774096368805,wf2022B,wf2022,B,0.1
wf2022,w0.1,20220916,-0.000793544949447925,-0.0004922505037437133,-0.00030129444570421314,wf2022B,wf2022,B,0.1
wf2022,w0.1,20220919,-0.0015794913238567996,0.000696575410244316,-0.0022760667341011156,wf2022B,wf2022,B,0.1
wf2022,w0.1,20220920,0.0004976480235296451,-0.0009198004396281647,0.0014174484631578098,wf2022B,wf2022,B,0.1
wf2022,w0.1,20220921,0.0009974362037304366,0.002325897865804163,-0.0013284616620737265,wf2022B,wf2022,B,0.1
wf2022,w0.1,20220922,0.0023312453497385185,-0.0008798743377115393,0.0032111196874500623,wf2022B,wf2022,B,0.1
wf2022,w0.1,20220923,-0.0022001989233965194,2.3144692449179492e-05,-0.0022233436158456982,wf2022B,wf2022,B,0.1
wf2022,w0.1,20220926,0.0013399013332805985,0.0009829585321324157,0.0003569428011481816,wf2022B,wf2022,B,0.1
wf2022,w0.1,20220927,0.002796180419664899,-0.000497151705488741,0.003293332125153638,wf2022B,wf2022,B,0.1
wf2022,w0.1,20220928,0.003472739573103235,0.0038588325370340127,-0.0003860929639307786,wf2022B,wf2022,B,0.1
wf2022,w0.1,20220929,0.0022849997044671975,-0.0006401077134880104,0.0029251074179552105,wf2022B,wf2022,B,0.1
wf2022,w0.1,20220930,0.0009498428708378109,-0.0005345426777372567,0.0014843855485750692,wf2022B,wf2022,B,0.1
wf2022,w0.1,20221010,-0.0012848791699695975,-0.00014709855959853306,-0.0011377806103710657,wf2022B,wf2022,B,0.1
wf2022,w0.1,20221011,0.0008435157700772376,0.0028003179097585876,-0.0019568021396813543,wf2022B,wf2022,B,0.1
wf2022,w0.1,20221012,0.0015860345721967935,0.002078013621885455,-0.0004919790496886615,wf2022B,wf2022,B,0.1
wf2022,w0.1,20221013,9.43397007932903e-06,0.0011016427333452733,-0.0010922087632659414,wf2022B,wf2022,B,0.1
wf2022,w0.1,20221014,0.003988774683768249,0.004596453388441057,-0.000607678704672806,wf2022B,wf2022,B,0.1
wf2022,w0.1,20221017,-0.0004501437427974304,0.0005884305655683356,-0.0010385743083657659,wf2022B,wf2022,B,0.1
wf2022,w0.1,20221018,0.0003179598179253243,0.0005282991948378537,-0.0002103393769125299,wf2022B,wf2022,B,0.1
wf2022,w0.1,20221019,0.0018898812924001262,0.0012294071667220208,0.0006604741256781045,wf2022B,wf2022,B,0.1
wf2022,w0.1,20221020,0.0001856387230910777,0.00015694256980268982,2.8696153288387715e-05,wf2022B,wf2022,B,0.1
wf2022,w0.1,20221021,-0.0008077164972928579,0.00025356241662650514,-0.001061278913919368,wf2022B,wf2022,B,0.1
wf2022,w0.1,20221024,-0.0014233577538467434,-0.001132226987078173,-0.0002911307667685714,wf2022B,wf2022,B,0.1
wf2022,w0.1,20221025,0.0014383310524451638,0.002122327508555643,-0.0006839964561104819,wf2022B,wf2022,B,0.1
wf2022,w0.1,20221026,0.004621112261437835,0.0022391380742282753,0.00238197418720956,wf2022B,wf2022,B,0.1
wf2022,w0.1,20221027,0.0030064093047138182,0.0014450520208140038,0.0015613572838998092,wf2022B,wf2022,B,0.1
wf2022,w0.1,20221028,0.00285949406875129,0.0036071004830933407,-0.0007476064143420499,wf2022B,wf2022,B,0.1
wf2022,w0.1,20221031,-0.0011709949011574662,-0.0005911286124300585,-0.0005798662887274103,wf2022B,wf2022,B,0.1
wf2022,w0.1,20221101,-0.0001861770850998829,0.0009819477396458554,-0.0011681248247457402,wf2022B,wf2022,B,0.1
wf2022,w0.1,20221102,0.00010798101090618746,0.001286616914256526,-0.001131017059806012,wf2022B,wf2022,B,0.1
wf2022,w0.1,20221103,-0.0008747291887002337,0.000369640680416309,-0.0012443698691165417,wf2022B,wf2022,B,0.1
wf2022,w0.1,20221104,-0.0010251591773201077,-0.0010761363750824236,5.329446320169181e-05,wf2022B,wf2022,B,0.1
wf2022,w0.1,20221107,0.0005638022628088777,0.0001496159752070703,0.000421311228577672,wf2022B,wf2022,B,0.1
wf2022,w0.1,20221108,-0.0018772487891785578,-0.0020232255056648408,0.0001418562268853709,wf2022B,wf2022,B,0.1
wf2022,w0.1,20221109,0.0016060380054418394,-0.0005967552786420864,0.0022124926527829825,wf2022B,wf2022,B,0.1
wf2022,w0.1,20221110,0.0015067471165812205,0.00023347217821326658,0.0012748770338059036,wf2022B,wf2022,B,0.1
wf2022,w0.1,20221111,0.002604816865287347,0.0006738939211765886,0.0019369339756975814,wf2022B,wf2022,B,0.1
wf2022,w0.1,20221114,0.0006981243679271346,0.0026238670595325427,-0.0019272104790261945,wf2022B,wf2022,B,0.1
wf2022,w0.1,20221115,0.0015374681810291053,0.0009436671792813265,0.0006078885666279752,wf2022B,wf2022,B,0.1
wf2022,w0.1,20221116,0.002011184289553626,0.0013497735777249897,0.000674128076329919,wf2022B,wf2022,B,0.1
wf2022,w0.1,20221117,0.0034934831303956282,0.002956480113228847,0.0005386560662777048,wf2022B,wf2022,B,0.1
wf2022,w0.1,20221118,-0.0008320679227870297,0.0012797058860361812,-0.0021034201559976757,wf2022B,wf2022,B,0.1
wf2022,w0.1,20221121,0.003246812472525184,-3.55455207101818e-05,0.0033059770353760865,wf2022B,wf2022,B,0.1
wf2022,w0.1,20221122,-0.001225447513708385,-0.0022500919106753533,0.001005326792204845,wf2022B,wf2022,B,0.1
wf2022,w0.1,20221123,-0.0024516679235083772,-0.0012400086899381133,-0.001195297581814694,wf2022B,wf2022,B,0.1
wf2022,w0.1,20221124,0.0025402268931636234,-0.0009741551495139518,0.003523349470709921,wf2022B,wf2022,B,0.1
wf2022,w0.1,20221125,-0.0029277048544589395,-0.002636031639527399,-0.00030280908133856183,wf2022B,wf2022,B,0.1
wf2022,w0.1,20221128,3.884118951365256e-06,-0.0005645805240099046,0.0005594202043485827,wf2022B,wf2022,B,0.1
wf2022,w0.1,20221129,5.9456972086344276e-05,0.0003668644952692163,-0.00031815870523001276,wf2022B,wf2022,B,0.1
wf2022,w0.1,20221130,0.001105971832004074,0.00221365101005846,-0.0010910343790916516,wf2022B,wf2022,B,0.1
wf2022,w0.1,20221201,0.0014536289203116795,0.0016799099953968084,-0.00022768893328096096,wf2022B,wf2022,B,0.1
wf2022,w0.1,20221202,0.0010474683204052676,-0.0017520538717257553,0.0028032725620493796,wf2022B,wf2022,B,0.1
wf2022,w0.1,20221205,-0.0001735323129785837,-0.0006183543463623503,0.0004589733885853576,wf2022B,wf2022,B,0.1
wf2022,w0.1,20221206,-0.0003838500415549585,0.0002600646747800859,-0.0006407251153180052,wf2022B,wf2022,B,0.1
wf2022,w0.1,20221207,-0.001223312385695,-0.0017663455822648489,0.0005404423704965734,wf2022B,wf2022,B,0.1
wf2022,w0.1,20221208,0.0007896779625262637,0.0008072737448478161,-2.6787704338565187e-05,wf2022B,wf2022,B,0.1
wf2022,w0.1,20221209,0.002153269345220302,0.00360388824580143,-0.0014554359572815975,wf2022B,wf2022,B,0.1
wf2022,w0.1,20221212,0.0005388086104559028,-0.001528949465982427,0.002066052402878552,wf2022B,wf2022,B,0.1
wf2022,w0.1,20221213,0.0022045770269513076,0.001885727961495785,0.00030839165377251153,wf2022B,wf2022,B,0.1
wf2022,w0.1,20221214,-0.0007954443116153995,0.0004981205055001766,-0.001293564817115575,wf2022B,wf2022,B,0.1
wf2022,w0.1,20221215,0.0012558911854679226,-0.00015447238917606164,0.0014103635746439821,wf2022B,wf2022,B,0.1
wf2022,w0.1,20221216,3.118971044292762e-05,0.0005782514577013539,-0.0005470617472584218,wf2022B,wf2022,B,0.1
wf2022,w0.1,20221219,-0.00012568385239692965,-0.0012160511623072585,0.0010903673099103295,wf2022B,wf2022,B,0.1
wf2022,w0.1,20221220,0.0012248697983517067,0.000510442226581341,0.0007144275717703666,wf2022B,wf2022,B,0.1
wf2022,w0.1,20221221,0.0028936025830270454,0.002589817161864825,0.00030378542116222054,wf2022B,wf2022,B,0.1
wf2022,w0.1,20221222,0.0015428350466783643,0.0011911717407275463,0.00035166330595081763,wf2022B,wf2022,B,0.1
wf2022,w0.1,20221223,-0.0025241394938055432,-0.0002763719862012165,-0.0022477675076043252,wf2022B,wf2022,B,0.1
wf2022,w0.1,20221226,-0.0007294986208998084,-0.0020434920024834952,0.0013139933815836877,wf2022B,wf2022,B,0.1
wf2022,w0.1,20221227,0.0014416972028882102,0.0006498188352312732,0.000791878367656935,wf2022B,wf2022,B,0.1
wf2022,w0.1,20221228,0.0017735651064092893,0.002137389449546327,-0.00036382434313703745,wf2022B,wf2022,B,0.1
wf2022,w0.1,20221229,0.00017678598085197044,-0.0006304536026858029,0.0008072395835377725,wf2022B,wf2022,B,0.1
wf2022,w0.1,20221230,7.318144884623651e-05,0.0022441702114718793,-0.0021709887626256462,wf2022B,wf2022,B,0.1
wf2022,w0.2,20220810,0.0023490899444801906,0.00026494457832951815,0.002103609611323643,wf2022B,wf2022,B,0.2
wf2022,w0.2,20220811,0.000215280522732445,-0.0024934986578706085,0.0026854974232189462,wf2022B,wf2022,B,0.2
wf2022,w0.2,20220812,-0.0038684780383658364,0.00015191849302492277,-0.004062588954351546,wf2022B,wf2022,B,0.2
wf2022,w0.2,20220815,-0.004115909008144688,-0.001676900724772562,-0.0024532233944896662,wf2022B,wf2022,B,0.2
wf2022,w0.2,20220816,0.0019242784649315383,0.0010537811979575498,0.0009030625285880409,wf2022B,wf2022,B,0.2
wf2022,w0.2,20220817,-0.0004923473092021218,0.0026226843556669756,-0.003113485837074208,wf2022B,wf2022,B,0.2
wf2022,w0.2,20220818,0.0016881167246102554,-0.002811760477049373,0.004487401744929389,wf2022B,wf2022,B,0.2
wf2022,w0.2,20220819,-0.0006592745919409525,-0.0016900354871899428,0.0010289021877528054,wf2022B,wf2022,B,0.2
wf2022,w0.2,20220822,-0.0011802193186504551,0.0004548013038527463,-0.0016280351517201563,wf2022B,wf2022,B,0.2
wf2022,w0.2,20220823,0.002475382157219236,-0.003008616004549396,0.005484899690053188,wf2022B,wf2022,B,0.2
wf2022,w0.2,20220824,0.0017421050086513423,-0.0022704657735760116,0.0040163704547272455,wf2022B,wf2022,B,0.2
wf2022,w0.2,20220825,0.0028006358844867773,0.0010574219075626938,0.0017432139769240846,wf2022B,wf2022,B,0.2
wf2022,w0.2,20220826,-0.0008849018865641333,-0.000719517855298259,-0.00016538403126587438,wf2022B,wf2022,B,0.2
wf2022,w0.2,20220829,0.004070284371281256,0.00044483689554385803,0.003625447475737397,wf2022B,wf2022,B,0.2
wf2022,w0.2,20220830,0.0037990625256837315,-0.0021090671280396727,0.005908129653723405,wf2022B,wf2022,B,0.2
wf2022,w0.2,20220831,0.0005940964777011812,-0.0004782549617539212,0.0010723514394551021,wf2022B,wf2022,B,0.2
wf2022,w0.2,20220901,0.001991582658923288,0.0037352807616043665,-0.0017436981026810762,wf2022B,wf2022,B,0.2
wf2022,w0.2,20220902,-0.0017155142827383122,-0.002467676434974135,0.0007521621522358235,wf2022B,wf2022,B,0.2
wf2022,w0.2,20220905,-0.004192589899148185,-0.001717573054779664,-0.00247501684436852,wf2022B,wf2022,B,0.2
wf2022,w0.2,20220906,-0.0017823013838807419,0.0013180635528896526,-0.0031003649367703943,wf2022B,wf2022,B,0.2
wf2022,w0.2,20220907,-0.0001547152758494489,-0.0023801489040021218,0.0022254336281526716,wf2022B,wf2022,B,0.2
wf2022,w0.2,20220908,0.0028872064940913106,0.0005800046012385061,0.0023072018928528048,wf2022B,wf2022,B,0.2
wf2022,w0.2,20220909,-0.00026391702265771014,-0.00015071249033734202,-0.00011320453232036813,wf2022B,wf2022,B,0.2
wf2022,w0.2,20220913,0.0011428998291939559,-5.337254566088028e-05,0.001196272374854837,wf2022B,wf2022,B,0.2
wf2022,w0.2,20220914,0.0013234137659205482,-0.00365251782403825,0.0049759315899587965,wf2022B,wf2022,B,0.2
wf2022,w0.2,20220915,0.0016465280720983737,0.0026923359512703716,-0.0010458078791719986,wf2022B,wf2022,B,0.2
wf2022,w0.2,20220916,-0.0009130281302351141,-0.0005485007120729879,-0.000364527418162128,wf2022B,wf2022,B,0.2
wf2022,w0.2,20220919,-0.0015968504282267652,0.0007573091025634525,-0.00235415953079022,wf2022B,wf2022,B,0.2
wf2022,w0.2,20220920,0.0011064052416854316,-0.0002442678974661736,0.0013506731391516058,wf2022B,wf2022,B,0.2
wf2022,w0.2,20220921,0.0012537006471664484,0.0025827369560828465,-0.0013290363089163975,wf2022B,wf2022,B,0.2
wf2022,w0.2,20220922,0.001832819650069005,-0.0013045815720582302,0.0031374012221272386,wf2022B,wf2022,B,0.2
wf2022,w0.2,20220923,-0.0020921331791737448,9.471745277685401e-05,-0.002186850631950601,wf2022B,wf2022,B,0.2
wf2022,w0.2,20220926,0.0011787873376951398,0.0007595069791313299,0.0004192803585638139,wf2022B,wf2022,B,0.2
wf2022,w0.2,20220927,0.0034962153781036287,0.00017116906452261884,0.00332504631358101,wf2022B,wf2022,B,0.2
wf2022,w0.2,20220928,0.004253198902474239,0.004589640107187417,-0.00033644120471317863,wf2022B,wf2022,B,0.2
wf2022,w0.2,20220929,0.003257754678138476,0.0001786742417509593,0.003079080436387519,wf2022B,wf2022,B,0.2
wf2022,w0.2,20220930,0.0006169281542840778,-0.0008185411558392657,0.0014354693101233443,wf2022B,wf2022,B,0.2
wf2022,w0.2,20221010,-0.0010700538168327226,0.00014462168627431382,-0.001214675503107037,wf2022B,wf2022,B,0.2
wf2022,w0.2,20221011,0.000832474874200035,0.00296101375520583,-0.0021285388810057936,wf2022B,wf2022,B,0.2
wf2022,w0.2,20221012,0.0009906014246703707,0.0014375973834048518,-0.0004469959587344809,wf2022B,wf2022,B,0.2
wf2022,w0.2,20221013,0.0006826122637040716,0.0016448684295175546,-0.0009622561658134774,wf2022B,wf2022,B,0.2
wf2022,w0.2,20221014,0.0036317084927696575,0.004216827492600419,-0.0005851189998307634,wf2022B,wf2022,B,0.2
wf2022,w0.2,20221017,-0.0002886998685822746,0.0007030716539853467,-0.0009917715225676218,wf2022B,wf2022,B,0.2
wf2022,w0.2,20221018,-0.00018135886775482932,5.6097549282483296e-05,-0.0002374564170373134,wf2022B,wf2022,B,0.2
wf2022,w0.2,20221019,0.002354180698300381,0.0016087148271371387,0.000745465871163241,wf2022B,wf2022,B,0.2
wf2022,w0.2,20221020,0.00018156248460765334,0.00015490075162554996,2.6661732982103992e-05,wf2022B,wf2022,B,0.2
wf2022,w0.2,20221021,-0.0012628271842084326,-0.00010241657047563199,-0.001160410613732804,wf2022B,wf2022,B,0.2
wf2022,w0.2,20221024,-0.0021903518582941386,-0.0017900934639616488,-0.0004002583943324899,wf2022B,wf2022,B,0.2
wf2022,w0.2,20221025,0.0020488020603660166,0.0026620179353812794,-0.0006132158750152601,wf2022B,wf2022,B,0.2
wf2022,w0.2,20221026,0.0038411667144940802,0.001370822148394292,0.002470344566099788,wf2022B,wf2022,B,0.2
wf2022,w0.2,20221027,0.0028097570538503647,0.0012688465705337406,0.0015409104833166152,wf2022B,wf2022,B,0.2
wf2022,w0.2,20221028,0.003766385503372466,0.0045243604869233105,-0.0007579749835508448,wf2022B,wf2022,B,0.2
wf2022,w0.2,20221031,-0.0007516751213050808,-7.149742979088578e-05,-0.000680177691514197,wf2022B,wf2022,B,0.2
wf2022,w0.2,20221101,-0.00036661898871931907,0.0008661367750104856,-0.001232755763729807,wf2022B,wf2022,B,0.2
wf2022,w0.2,20221102,0.00027694407287613904,0.0014585796507587654,-0.0011340167343382992,wf2022B,wf2022,B,0.2
wf2022,w0.2,20221103,-0.0007883691405522059,0.0004601119220301668,-0.0012484810625823703,wf2022B,wf2022,B,0.2
wf2022,w0.2,20221104,-0.0012524350713931124,-0.0013452960494411254,9.517824348738842e-05,wf2022B,wf2022,B,0.2
wf2022,w0.2,20221107,0.0008515372415607669,0.0003664012775012022,0.000492260905035429,wf2022B,wf2022,B,0.2
wf2022,w0.2,20221108,-0.0017917946309714801,-0.0019035378255921312,0.00010762270501973886,wf2022B,wf2022,B,0.2
wf2022,w0.2,20221109,0.0006629522019981965,-0.00150578548818301,0.0021784370588802636,wf2022B,wf2022,B,0.2
wf2022,w0.2,20221110,0.0019967184512923565,0.0006119883866788349,0.0013863321600514698,wf2022B,wf2022,B,0.2
wf2022,w0.2,20221111,0.002851213001768405,0.000967507679855254,0.0018897163534999735,wf2022B,wf2022,B,0.2
wf2022,w0.2,20221114,0.0002690082962454772,0.002178264844088041,-0.0019107243352633546,wf2022B,wf2022,B,0.2
wf2022,w0.2,20221115,0.0008987500134808081,0.0003908904953039117,0.0005219470830570929,wf2022B,wf2022,B,0.2
wf2022,w0.2,20221116,0.0008638614493740827,0.0002468007672905906,0.000629778046584774,wf2022B,wf2022,B,0.2
wf2022,w0.2,20221117,0.003902814120214351,0.003367027222909867,0.0005374399464154073,wf2022B,wf2022,B,0.2
wf2022,w0.2,20221118,-0.001158888167276282,0.0009191505154410098,-0.0020696850298917574,wf2022B,wf2022,B,0.2
wf2022,w0.2,20221121,0.004035926957323046,0.0008407707849493477,0.003218775214514421,wf2022B,wf2022,B,0.2
wf2022,w0.2,20221122,-0.0011473603352201494,-0.00211748616804746,0.0009508082280651862,wf2022B,wf2022,B,0.2
wf2022,w0.2,20221123,-0.00183015325433279,-0.0005842924996784992,-0.0012294991028987206,wf2022B,wf2022,B,0.2
wf2022,w0.2,20221124,0.0031729199723649656,-0.00022784565364156732,0.0034097330540388774,wf2022B,wf2022,B,0.2
wf2022,w0.2,20221125,-0.0019086475980117242,-0.0015948912449200432,-0.00032489221949870146,wf2022B,wf2022,B,0.2
wf2022,w0.2,20221128,0.0005781328363234743,3.5675325498154458e-06,0.0005655208651609742,wf2022B,wf2022,B,0.2
wf2022,w0.2,20221129,-0.0002456835530078089,7.674819619476797e-05,-0.0003331829312497171,wf2022B,wf2022,B,0.2
wf2022,w0.2,20221130,0.0008043284613569804,0.001800397712013795,-0.0009794244516940808,wf2022B,wf2022,B,0.2
wf2022,w0.2,20221201,0.0012797988692516693,0.0014696573364681661,-0.00019126632541232756,wf2022B,wf2022,B,0.2
wf2022,w0.2,20221202,0.002250011591684713,-0.0004783694603638091,0.002732131421966876,wf2022B,wf2022,B,0.2
wf2022,w0.2,20221205,-0.00055968410343384,-0.0010030962079298814,0.00045756345969763025,wf2022B,wf2022,B,0.2
wf2022,w0.2,20221206,-0.000516808469272913,0.00011088814813266522,-0.0006245070163885389,wf2022B,wf2022,B,0.2
wf2022,w0.2,20221207,-0.0009480009205802093,-0.0014664282449444058,0.000515836498290922,wf2022B,wf2022,B,0.2
wf2022,w0.2,20221208,0.0009325379314455361,0.0009309833296158497,-7.637320187326503e-06,wf2022B,wf2022,B,0.2
wf2022,w0.2,20221209,0.0018398654078011815,0.0032937285421157517,-0.0014586801910150392,wf2022B,wf2022,B,0.2
wf2022,w0.2,20221212,-2.5271683886699762e-05,-0.001976502492556475,0.001949525135109998,wf2022B,wf2022,B,0.2
wf2022,w0.2,20221213,0.002090858803877371,0.001778057015334655,0.0003023443768597047,wf2022B,wf2022,B,0.2
wf2022,w0.2,20221214,-0.000836731325263006,0.0003769662002454616,-0.0012136975255084685,wf2022B,wf2022,B,0.2
wf2022,w0.2,20221215,0.0014611479014759055,0.00012143103620891531,0.0013397168652669877,wf2022B,wf2022,B,0.2
wf2022,w0.2,20221216,2.5391772217091962e-05,0.0005361451103943713,-0.0005107533381772813,wf2022B,wf2022,B,0.2
wf2022,w0.2,20221219,-9.562655522397847e-05,-0.0011731941188155661,0.0010775675635915868,wf2022B,wf2022,B,0.2
wf2022,w0.2,20221220,0.00146998150475185,0.0008109695983495415,0.0006590119064023081,wf2022B,wf2022,B,0.2
wf2022,w0.2,20221221,0.002578973588068939,0.0022818543942396295,0.0002971191938293079,wf2022B,wf2022,B,0.2
wf2022,w0.2,20221222,0.00206508396025252,0.00177314264135128,0.00029194131890124015,wf2022B,wf2022,B,0.2
wf2022,w0.2,20221223,-0.002994493390995504,-0.0008713306460339891,-0.002123162744961513,wf2022B,wf2022,B,0.2
wf2022,w0.2,20221226,-5.851784770293921e-05,-0.0012717020965310828,0.0012131842488281434,wf2022B,wf2022,B,0.2
wf2022,w0.2,20221227,0.0021979742860645454,0.0014413218409542034,0.000756652445110342,wf2022B,wf2022,B,0.2
wf2022,w0.2,20221228,0.0019228781172989625,0.002291944470799111,-0.0003690663535001479,wf2022B,wf2022,B,0.2
wf2022,w0.2,20221229,-0.00028762954488960064,-0.0010670503529529001,0.0007794208080632992,wf2022B,wf2022,B,0.2
wf2022,w0.2,20221230,5.05473083606614e-06,0.002043598358917675,-0.002038543628081609,wf2022B,wf2022,B,0.2
wf2022,w0.3,20220810,0.001878018563835137,-0.00010294007427583666,0.0020004228832839464,wf2022B,wf2022,B,0.3
wf2022,w0.3,20220811,0.0003762915485077353,-0.002011197849579968,0.0023642076407035966,wf2022B,wf2022,B,0.3
wf2022,w0.3,20220812,-0.0029706065232269095,0.000646725783429813,-0.0036595247296175096,wf2022B,wf2022,B,0.3
wf2022,w0.3,20220815,-0.0044034121671264045,-0.002167136785465801,-0.002250490492778142,wf2022B,wf2022,B,0.3
wf2022,w0.3,20220816,0.002237069965963295,0.001442930983914984,0.0008267042436623639,wf2022B,wf2022,B,0.3
wf2022,w0.3,20220817,-0.00023504091482192785,0.002586439123598139,-0.0028199342106251793,wf2022B,wf2022,B,0.3
wf2022,w0.3,20220818,0.0015462969364283975,-0.002722041402378275,0.004255862882076435,wf2022B,wf2022,B,0.3
wf2022,w0.3,20220819,0.00017853925215571918,-0.0007626591086041428,0.0009393396532636778,wf2022B,wf2022,B,0.3
wf2022,w0.3,20220822,-0.0005987273989504069,0.0008663925404522638,-0.0014581344686196251,wf2022B,wf2022,B,0.3
wf2022,w0.3,20220823,0.002598155209272396,-0.002394420981419908,0.004993477718976858,wf2022B,wf2022,B,0.3
wf2022,w0.3,20220824,0.0005600418725125763,-0.0030457027838443527,0.003609544328856822,wf2022B,wf2022,B,0.3
wf2022,w0.3,20220825,0.0025488813392250263,0.0010565809920739082,0.001492300347151119,wf2022B,wf2022,B,0.3
wf2022,w0.3,20220826,-0.0011200743164525868,-0.0009708699588798626,-0.00014920435757272306,wf2022B,wf2022,B,0.3
wf2022,w0.3,20220829,0.00375084201430007,0.0005679374072607819,0.003182904607039287,wf2022B,wf2022,B,0.3
wf2022,w0.3,20220830,0.00340284510340658,-0.0017372169997425587,0.005140062103149135,wf2022B,wf2022,B,0.3
wf2022,w0.3,20220831,0.001060559552017462,0.0001157360721231755,0.0009448234798942865,wf2022B,wf2022,B,0.3
wf2022,w0.3,20220901,0.0014697554525577809,0.00299470325903777,-0.0015249478064799857,wf2022B,wf2022,B,0.3
wf2022,w0.3,20220902,-0.0014818347741052808,-0.0021497912534591355,0.0006679564793538548,wf2022B,wf2022,B,0.3
wf2022,w0.3,20220905,-0.003802810724092113,-0.0017011885911116407,-0.002101622132980472,wf2022B,wf2022,B,0.3
wf2022,w0.3,20220906,-0.0013655060237990676,0.001321786172540929,-0.0026872921963399963,wf2022B,wf2022,B,0.3
wf2022,w0.3,20220907,0.00023867274127668814,-0.001688267809450851,0.0019269405507275365,wf2022B,wf2022,B,0.3
wf2022,w0.3,20220908,0.0032126776200995183,0.0012091393645993498,0.0020035382555001684,wf2022B,wf2022,B,0.3
wf2022,w0.3,20220909,0.0004213688713628396,0.000548151987599903,-0.00012678311623706337,wf2022B,wf2022,B,0.3
wf2022,w0.3,20220913,0.0009418301708253359,-7.356496082020411e-05,0.001015395131645538,wf2022B,wf2022,B,0.3
wf2022,w0.3,20220914,0.0006620346200355808,-0.00382470399492093,0.004486738614956514,wf2022B,wf2022,B,0.3
wf2022,w0.3,20220915,0.0009860817241176337,0.0018469932230013371,-0.0008609114988837019,wf2022B,wf2022,B,0.3
wf2022,w0.3,20220916,-0.0006742717300106879,-0.00040381583406911767,-0.000270455895941569,wf2022B,wf2022,B,0.3
wf2022,w0.3,20220919,-0.0009331135665543375,0.0009887087895680308,-0.00192182235612237,wf2022B,wf2022,B,0.3
wf2022,w0.3,20220920,0.0009720695804594755,-0.00016438973059842478,0.0011364593110579013,wf2022B,wf2022,B,0.3
wf2022,w0.3,20220921,0.0011494539839322832,0.0022700797343817984,-0.0011206257504495147,wf2022B,wf2022,B,0.3
wf2022,w0.3,20220922,0.0016073466018449445,-0.0011587304208438424,0.0027660770226887914,wf2022B,wf2022,B,0.3
wf2022,w0.3,20220923,-0.002085374548829882,-0.00023103066103817666,-0.0018543438877917017,wf2022B,wf2022,B,0.3
wf2022,w0.3,20220926,0.001709341739327963,0.0013570473785016264,0.00035229436082634196,wf2022B,wf2022,B,0.3
wf2022,w0.3,20220927,0.0028868900877564337,-4.202343527342874e-05,0.0029289135230298646,wf2022B,wf2022,B,0.3
wf2022,w0.3,20220928,0.004544169588338618,0.0048517747407088125,-0.0003076051523701937,wf2022B,wf2022,B,0.3
wf2022,w0.3,20220929,0.0026638854374761364,-9.738295336832275e-05,0.00276126839084446,wf2022B,wf2022,B,0.3
wf2022,w0.3,20220930,0.0005174273951007204,-0.0007178090915393558,0.0012352364866400748,wf2022B,wf2022,B,0.3
wf2022,w0.3,20221010,-0.0010234892032740424,2.7435094323501616e-05,-0.0010509242975975442,wf2022B,wf2022,B,0.3
wf2022,w0.3,20221011,0.0013569986540799515,0.0032268932020512995,-0.0018698945479713462,wf2022B,wf2022,B,0.3
wf2022,w0.3,20221012,0.0014373513895745184,0.00185133621244521,-0.00041398482287069124,wf2022B,wf2022,B,0.3
wf2022,w0.3,20221013,0.001630294044868398,0.002510824560718214,-0.0008805305158498157,wf2022B,wf2022,B,0.3
wf2022,w0.3,20221014,0.0028910256910050242,0.0033374044683634296,-0.00044637877735840555,wf2022B,wf2022,B,0.3
wf2022,w0.3,20221017,-0.0007320042998873494,0.00010961075921717315,-0.0008416150591045228,wf2022B,wf2022,B,0.3
wf2022,w0.3,20221018,2.040983064399357e-05,0.00021747542932075157,-0.00019706559867675792,wf2022B,wf2022,B,0.3
wf2022,w0.3,20221019,0.002426148238466803,0.0017871815138555977,0.0006389667246112043,wf2022B,wf2022,B,0.3
wf2022,w0.3,20221020,0.0004735192393612138,0.0004544291663100189,1.9090073051195157e-05,wf2022B,wf2022,B,0.3
wf2022,w0.3,20221021,-0.0007971923974602283,0.00021564915105448527,-0.001012841548514717,wf2022B,wf2022,B,0.3
wf2022,w0.3,20221024,-0.0018792113671921682,-0.0015418110830766813,-0.00033740028411548707,wf2022B,wf2022,B,0.3
wf2022,w0.3,20221025,0.0016745793278779807,0.002193375138436674,-0.000518795810558693,wf2022B,wf2022,B,0.3
wf2022,w0.3,20221026,0.004222859093017024,0.0019967658904197173,0.0022260932025973063,wf2022B,wf2022,B,0.3
wf2022,w0.3,20221027,0.0026568441513633023,0.0012777182464671446,0.0013791259048961599,wf2022B,wf2022,B,0.3
wf2022,w0.3,20221028,0.004930770183754506,0.005546705550504501,-0.0006159353667499938,wf2022B,wf2022,B,0.3
wf2022,w0.3,20221031,-0.0012578426689500571,-0.0006661569431410534,-0.0005916857258090064,wf2022B,wf2022,B,0.3
wf2022,w0.3,20221101,2.4754744739586068e-05,0.00115367073769175,-0.0011289159929521676,wf2022B,wf2022,B,0.3
wf2022,w0.3,20221102,0.0007303804683728558,0.0017948705848364387,-0.0010168712729192557,wf2022B,wf2022,B,0.3
wf2022,w0.3,20221103,-0.0004773194228834994,0.0005898749427553527,-0.0010671943656388476,wf2022B,wf2022,B,0.3
wf2022,w0.3,20221104,-0.001246202278473955,-0.0013042322935058793,6.0347280471301535e-05,wf2022B,wf2022,B,0.3
wf2022,w0.3,20221107,0.0009137714456499244,0.0004563982805088069,0.0004644981061169823,wf2022B,wf2022,B,0.3
wf2022,w0.3,20221108,-0.0013808897197695397,-0.0015280246092037367,0.00014301439983328536,wf2022B,wf2022,B,0.3
wf2022,w0.3,20221109,0.0009321049683706428,-0.0010894056336833008,0.002031209970753,wf2022B,wf2022,B,0.3
wf2022,w0.3,20221110,0.0013339052627111122,6.248794172106432e-05,0.0012730194164279978,wf2022B,wf2022,B,0.3
wf2022,w0.3,20221111,0.0019660315580761656,0.0002144154752200035,0.0017576271144429851,wf2022B,wf2022,B,0.3
wf2022,w0.3,20221114,0.0005748826820344312,0.0022964552010708373,-0.001723040306457199,wf2022B,wf2022,B,0.3
wf2022,w0.3,20221115,0.0005868275029547015,7.991824235595417e-05,0.000520996825478944,wf2022B,wf2022,B,0.3
wf2022,w0.3,20221116,0.0012187306449270635,0.0006333534391473931,0.0005980945702809526,wf2022B,wf2022,B,0.3
wf2022,w0.3,20221117,0.003293311716639582,0.0027965853668781787,0.0004983793988723264,wf2022B,wf2022,B,0.3
wf2022,w0.3,20221118,-0.0006470099953392507,0.001264618466378842,-0.0019032748088925575,wf2022B,wf2022,B,0.3
wf2022,w0.3,20221121,0.003885467741250927,0.0009393127721173296,0.002969774011274319,wf2022B,wf2022,B,0.3
wf2022,w0.3,20221122,-0.0011584305366778387,-0.0019260945242676026,0.0007483463828276392,wf2022B,wf2022,B,0.3
wf2022,w0.3,20221123,-0.0017810539415400234,-0.0005176120269406705,-0.0012470802628437828,wf2022B,wf2022,B,0.3
wf2022,w0.3,20221124,0.002371936790872651,-0.0007434952865624472,0.0031243995054674434,wf2022B,wf2022,B,0.3
wf2022,w0.3,20221125,-0.0018741173311269958,-0.0015880906827284607,-0.0002971625148055552,wf2022B,wf2022,B,0.3
wf2022,w0.3,20221128,-0.00020577669580052263,-0.0008677219643407413,0.0006529008299275312,wf2022B,wf2022,B,0.3
wf2022,w0.3,20221129,-0.00014616859592217458,0.0001564204904403268,-0.00031334026840964244,wf2022B,wf2022,B,0.3
wf2022,w0.3,20221130,0.0012789578468024275,0.0021977984792503533,-0.0009021958334851905,wf2022B,wf2022,B,0.3
wf2022,w0.3,20221201,0.0020446801280284707,0.0021361828326950526,-9.291056286241427e-05,wf2022B,wf2022,B,0.3
wf2022,w0.3,20221202,0.0017072999856177322,-0.0008359892158345493,0.0025470395713706345,wf2022B,wf2022,B,0.3
wf2022,w0.3,20221205,-0.0005512189224014053,-0.0009002884210986974,0.00036322085389888176,wf2022B,wf2022,B,0.3
wf2022,w0.3,20221206,-0.0009120828716664032,-0.0003358726264093254,-0.0005730206442400382,wf2022B,wf2022,B,0.3
wf2022,w0.3,20221207,-0.0007516593562271528,-0.0012012776946660434,0.00044702751236561604,wf2022B,wf2022,B,0.3
wf2022,w0.3,20221208,0.00043989761911589144,0.00037820909235332855,5.249660474555037e-05,wf2022B,wf2022,B,0.3
wf2022,w0.3,20221209,0.001776475280629824,0.003186709333068367,-0.0014150511091390121,wf2022B,wf2022,B,0.3
wf2022,w0.3,20221212,-0.0005215354386716858,-0.0023343480661127463,0.001811106953881283,wf2022B,wf2022,B,0.3
wf2022,w0.3,20221213,0.0008695743444136197,0.0005663509963677142,0.00029276593636289413,wf2022B,wf2022,B,0.3
wf2022,w0.3,20221214,-0.0001545342027458375,0.0009017045172465529,-0.0010562387199923907,wf2022B,wf2022,B,0.3
wf2022,w0.3,20221215,0.0006781224773812784,-0.000514249666615835,0.0011923721439971115,wf2022B,wf2022,B,0.3
wf2022,w0.3,20221216,-0.0005357504942842158,3.6944803614993686e-05,-0.00057269529789921,wf2022B,wf2022,B,0.3
wf2022,w0.3,20221219,-0.0002887292384942588,-0.0013286887681236736,0.001039959529629415,wf2022B,wf2022,B,0.3
wf2022,w0.3,20221220,0.0016196409975503074,0.001019288585992261,0.0006003524115580466,wf2022B,wf2022,B,0.3
wf2022,w0.3,20221221,0.0022805269267661046,0.0020125442922907908,0.00026798263447531175,wf2022B,wf2022,B,0.3
wf2022,w0.3,20221222,0.0020928120108985844,0.0017989391624092512,0.00029387284848933287,wf2022B,wf2022,B,0.3
wf2022,w0.3,20221223,-0.001895614858487953,0.0001382324901022302,-0.0020338473485901802,wf2022B,wf2022,B,0.3
wf2022,w0.3,20221226,-0.0003440419839720295,-0.0015300758982174328,0.0011860339142454029,wf2022B,wf2022,B,0.3
wf2022,w0.3,20221227,0.0013029557395569588,0.0006151093092674205,0.0006878464302895381,wf2022B,wf2022,B,0.3
wf2022,w0.3,20221228,0.0012129377728003613,0.00157954890989385,-0.0003666111370934888,wf2022B,wf2022,B,0.3
wf2022,w0.3,20221229,-0.0002751395542064843,-0.001030661865840153,0.0007555223116336681,wf2022B,wf2022,B,0.3
wf2022,w0.3,20221230,0.00043007876188934716,0.0023328036665529687,-0.0019027249046636185,wf2022B,wf2022,B,0.3
wf2022,w0.4,20220810,0.0020362451244355494,0.0001632935078617845,0.0018924158617467366,wf2022B,wf2022,B,0.4
wf2022,w0.4,20220811,0.0012768196765507878,-0.0010454314807601711,0.002298969399926853,wf2022B,wf2022,B,0.4
wf2022,w0.4,20220812,-0.0030897444486925755,0.0003137268651109327,-0.003445663736764296,wf2022B,wf2022,B,0.4
wf2022,w0.4,20220815,-0.003804199036836018,-0.0016665467162630754,-0.002151867431690481,wf2022B,wf2022,B,0.4
wf2022,w0.4,20220816,0.001169831085271661,0.00042070762000592213,0.000781688726879791,wf2022B,wf2022,B,0.4
wf2022,w0.4,20220817,-0.0009739538613786722,0.0018184338234510532,-0.0027908418570348377,wf2022B,wf2022,B,0.4
wf2022,w0.4,20220818,0.0023932212852994707,-0.0017444130920751591,0.004125158920644393,wf2022B,wf2022,B,0.4
wf2022,w0.4,20220819,-0.000475435336769958,-0.0014411469161207118,0.00096385287185457,wf2022B,wf2022,B,0.4
wf2022,w0.4,20220822,-0.000927817267700535,0.0005667989156370866,-0.0014876307125545763,wf2022B,wf2022,B,0.4
wf2022,w0.4,20220823,0.002643733709951801,-0.002269264093031223,0.004913899331267576,wf2022B,wf2022,B,0.4
wf2022,w0.4,20220824,0.0017754024592736197,-0.0018644459992500915,0.0036436481310236028,wf2022B,wf2022,B,0.4
wf2022,w0.4,20220825,0.00245715584462094,0.0008933724678614056,0.001563783376759535,wf2022B,wf2022,B,0.4
wf2022,w0.4,20220826,-0.0012056107579918136,-0.001001847482479021,-0.0002037632755127934,wf2022B,wf2022,B,0.4
wf2022,w0.4,20220829,0.003753289269282623,0.0006277872078649433,0.003125502061417679,wf2022B,wf2022,B,0.4
wf2022,w0.4,20220830,0.0042242956561546995,-0.0009026163855743185,0.005126912041729014,wf2022B,wf2022,B,0.4
wf2022,w0.4,20220831,0.000571545008634725,-0.00041367275818213103,0.0009852177668168553,wf2022B,wf2022,B,0.4
wf2022,w0.4,20220901,0.0012771096660365057,0.0028191189409086347,-0.0015420092748721272,wf2022B,wf2022,B,0.4
wf2022,w0.4,20220902,-0.0017504663938141072,-0.0023746815537407915,0.0006242151599266842,wf2022B,wf2022,B,0.4
wf2022,w0.4,20220905,-0.004039008597914024,-0.00186399575814172,-0.002175012839772305,wf2022B,wf2022,B,0.4
wf2022,w0.4,20220906,-0.002413989118974169,0.0004058949660205289,-0.002819884084994698,wf2022B,wf2022,B,0.4
wf2022,w0.4,20220907,9.612228915081324e-05,-0.0018789765472659854,0.001975098836416797,wf2022B,wf2022,B,0.4
wf2022,w0.4,20220908,0.004064993113471967,0.0020698631796843125,0.0019951299337876557,wf2022B,wf2022,B,0.4
wf2022,w0.4,20220909,0.001069565354694049,0.001182664685873118,-0.00011309933117906857,wf2022B,wf2022,B,0.4
wf2022,w0.4,20220913,0.0018556645224681034,0.0007994921933631925,0.0010561723291049102,wf2022B,wf2022,B,0.4
wf2022,w0.4,20220914,0.0019260213984840686,-0.00262663214154625,0.004552653540030322,wf2022B,wf2022,B,0.4
wf2022,w0.4,20220915,0.0009992069830673626,0.001999304310171662,-0.0010000973271042967,wf2022B,wf2022,B,0.4
wf2022,w0.4,20220916,-0.00032087539052689205,-1.9952156309468463e-05,-0.0003009232342174239,wf2022B,wf2022,B,0.4
wf2022,w0.4,20220919,-0.0013268405881825453,0.000578245287794206,-0.0019050858759767511,wf2022B,wf2022,B,0.4
wf2022,w0.4,20220920,0.0010927443516931274,-5.2830698968805e-05,0.001145575050661932,wf2022B,wf2022,B,0.4
wf2022,w0.4,20220921,0.0010653311583648738,0.0022224739919560503,-0.0011571428335911754,wf2022B,wf2022,B,0.4
wf2022,w0.4,20220922,0.0016292462907928733,-0.0011151460864199216,0.0027443923772128,wf2022B,wf2022,B,0.4
wf2022,w0.4,20220923,-0.002808571366214742,-0.0008623557805257891,-0.001946215585688953,wf2022B,wf2022,B,0.4
wf2022,w0.4,20220926,0.0031196225552950763,0.0026846879012285213,0.0004349346540665585,wf2022B,wf2022,B,0.4
wf2022,w0.4,20220927,0.0029093971489679953,-0.00016817587378401304,0.0030775730227520126,wf2022B,wf2022,B,0.4
wf2022,w0.4,20220928,0.003994543308931054,0.004237697127347765,-0.0002431538184167105,wf2022B,wf2022,B,0.4
wf2022,w0.4,20220929,0.002921979327872309,5.7608937564219466e-05,0.002864370390308091,wf2022B,wf2022,B,0.4
wf2022,w0.4,20220930,0.0004353542662678504,-0.0007458383923800348,0.001181192658647888,wf2022B,wf2022,B,0.4
wf2022,w0.4,20221010,-0.0018313244202368016,-0.0007852270304628284,-0.0010460973897739737,wf2022B,wf2022,B,0.4
wf2022,w0.4,20221011,0.0013502944662200055,0.003205129444733696,-0.0018548349785136916,wf2022B,wf2022,B,0.4
wf2022,w0.4,20221012,0.002154339856993979,0.0024131024091852936,-0.00025876255219131465,wf2022B,wf2022,B,0.4
wf2022,w0.4,20221013,0.001544418865248809,0.0023896826653835093,-0.0008452638001347001,wf2022B,wf2022,B,0.4
wf2022,w0.4,20221014,0.003152618208957904,0.0035582035854968847,-0.00040558537653897727,wf2022B,wf2022,B,0.4
wf2022,w0.4,20221017,-0.0008157707631230994,1.3390390453521571e-05,-0.0008291611535766214,wf2022B,wf2022,B,0.4
wf2022,w0.4,20221018,-0.00016812768351781061,3.404151756671395e-05,-0.00020216920108452399,wf2022B,wf2022,B,0.4
wf2022,w0.4,20221019,0.0026232179522426317,0.0020101572867646514,0.0006130606654779795,wf2022B,wf2022,B,0.4
wf2022,w0.4,20221020,0.0004808575384389019,0.0004653797517357103,1.5477786703192036e-05,wf2022B,wf2022,B,0.4
wf2022,w0.4,20221021,-0.0013632403292759086,-0.0003605375819585373,-0.0010027027473173745,wf2022B,wf2022,B,0.4
wf2022,w0.4,20221024,-0.001823082007303157,-0.0015334447847072386,-0.00028963722259591927,wf2022B,wf2022,B,0.4
wf2022,w0.4,20221025,0.0020471942795612028,0.0025403902641326723,-0.000493195984571468,wf2022B,wf2022,B,0.4
wf2022,w0.4,20221026,0.0035892540603227633,0.0013435764120210353,0.0022456776483017276,wf2022B,wf2022,B,0.4
wf2022,w0.4,20221027,0.001817920202667217,0.0005116451706304677,0.0013062750320367471,wf2022B,wf2022,B,0.4
wf2022,w0.4,20221028,0.004127522459562919,0.004682163034038586,-0.0005546405744756669,wf2022B,wf2022,B,0.4
wf2022,w0.4,20221031,-0.001642684273058241,-0.001105881685846776,-0.0005368025872114653,wf2022B,wf2022,B,0.4
wf2022,w0.4,20221101,0.00015281745283266673,0.0012060560493211575,-0.001053238596488491,wf2022B,wf2022,B,0.4
wf2022,w0.4,20221102,0.0006122015705694647,0.0016113521034346995,-0.0009515316893209068,wf2022B,wf2022,B,0.4
wf2022,w0.4,20221103,-0.00018446652444998116,0.0008421601331495565,-0.0010266266575995366,wf2022B,wf2022,B,0.4
wf2022,w0.4,20221104,-0.00041139852229160005,-0.00047383270678194524,6.47514499297219e-05,wf2022B,wf2022,B,0.4
wf2022,w0.4,20221107,0.0007750697505545149,0.00034891279198646496,0.00043328189954391374,wf2022B,wf2022,B,0.4
wf2022,w0.4,20221108,-0.00032908005998845153,-0.0005064730585876679,0.00017327250899830464,wf2022B,wf2022,B,0.4
wf2022,w0.4,20221109,0.0015166128250024469,-0.00035343138606939973,0.0018797435797709033,wf2022B,wf2022,B,0.4
wf2022,w0.4,20221110,0.0011903917620910993,3.4499933746745515e-05,0.0011574939237823023,wf2022B,wf2022,B,0.4
wf2022,w0.4,20221111,0.002227864075306847,0.0006408149689089118,0.0015930601379847578,wf2022B,wf2022,B,0.4
wf2022,w0.4,20221114,-0.0005308256403846329,0.0010776573347574673,-0.0016099507625628893,wf2022B,wf2022,B,0.4
wf2022,w0.4,20221115,0.0008212097508777986,0.0003105074025775553,0.0005247899131804398,wf2022B,wf2022,B,0.4
wf2022,w0.4,20221116,0.001872586866148068,0.0013150009245474418,0.0005703033061019103,wf2022B,wf2022,B,0.4
wf2022,w0.4,20221117,0.0031610949975486185,0.0026816262255440113,0.00048112182111553016,wf2022B,wf2022,B,0.4
wf2022,w0.4,20221118,-0.0011094483016622246,0.0006899578125140679,-0.001791052461350757,wf2022B,wf2022,B,0.4
wf2022,w0.4,20221121,0.002532328292435198,-0.0002293829714379589,0.00278533030601388,wf2022B,wf2022,B,0.4
wf2022,w0.4,20221122,-0.0011145797987764609,-0.001793371718942351,0.0006594743154037666,wf2022B,wf2022,B,0.4
wf2022,w0.4,20221123,-0.0017098306013338376,-0.0005658963128750957,-0.0011275726367031718,wf2022B,wf2022,B,0.4
wf2022,w0.4,20221124,0.0021434863615055555,-0.0007775889357521642,0.002930042725290065,wf2022B,wf2022,B,0.4
wf2022,w0.4,20221125,-0.0016421241324590919,-0.001357701688287878,-0.0002955583105782339,wf2022B,wf2022,B,0.4
wf2022,w0.4,20221128,0.00043304859827142383,-0.00020078207661475083,0.0006247862362734927,wf2022B,wf2022,B,0.4
wf2022,w0.4,20221129,-4.2331208241040295e-05,0.00024825083237041927,-0.0003013332226586004,wf2022B,wf2022,B,0.4
wf2022,w0.4,20221130,0.0016069988769354098,0.0024254782134957107,-0.0008018345375975667,wf2022B,wf2022,B,0.4
wf2022,w0.4,20221201,0.0018130983245615686,0.0018859823129976393,-7.429184663190256e-05,wf2022B,wf2022,B,0.4
wf2022,w0.4,20221202,0.002045778805565994,-0.0002636111080756815,0.0023131402835600305,wf2022B,wf2022,B,0.4
wf2022,w0.4,20221205,-0.0008653674645444339,-0.001189735148182005,0.0003385190388391603,wf2022B,wf2022,B,0.4
wf2022,w0.4,20221206,-0.0004088127611240243,8.92267698840367e-05,-0.0004948499299910218,wf2022B,wf2022,B,0.4
wf2022,w0.4,20221207,-0.0013542230241203566,-0.0017606201078449615,0.0004038062576513308,wf2022B,wf2022,B,0.4
wf2022,w0.4,20221208,0.0006582135817027115,0.0005587377212155178,9.028393847018064e-05,wf2022B,wf2022,B,0.4
wf2022,w0.4,20221209,0.001665205430977775,0.0029684565367836726,-0.0013080681625063661,wf2022B,wf2022,B,0.4
wf2022,w0.4,20221212,-0.00034239191131252506,-0.002012327190557863,0.00166822960568556,wf2022B,wf2022,B,0.4
wf2022,w0.4,20221213,0.0008013858821476084,0.000509295205880591,0.0002816332645840061,wf2022B,wf2022,B,0.4
wf2022,w0.4,20221214,-0.00015971785981396197,0.0008185105145925868,-0.0009782283744065494,wf2022B,wf2022,B,0.4
wf2022,w0.4,20221215,0.001248296433920243,0.00019892465497849053,0.0010493717789417524,wf2022B,wf2022,B,0.4
wf2022,w0.4,20221216,-0.0008752980069431614,-0.0003380508113066545,-0.0005372471956365102,wf2022B,wf2022,B,0.4
wf2022,w0.4,20221219,-0.0003185497757603097,-0.0012609227636010416,0.000942372987840733,wf2022B,wf2022,B,0.4
wf2022,w0.4,20221220,0.0013112503505764046,0.0007353528381483676,0.0005758975124280371,wf2022B,wf2022,B,0.4
wf2022,w0.4,20221221,0.0025596042573818537,0.0023132230191661054,0.0002463812382157477,wf2022B,wf2022,B,0.4
wf2022,w0.4,20221222,0.00199631160209265,0.0017376122842276162,0.00025869931786503376,wf2022B,wf2022,B,0.4
wf2022,w0.4,20221223,-0.0026323910558349994,-0.0006937479686190554,-0.0019386430872159435,wf2022B,wf2022,B,0.4
wf2022,w0.4,20221226,-0.0002928347206726748,-0.0015001392092274756,0.0012073044885548005,wf2022B,wf2022,B,0.4
wf2022,w0.4,20221227,0.0011864160412177905,0.00057652774030107,0.0006098883009167194,wf2022B,wf2022,B,0.4
wf2022,w0.4,20221228,0.0016540989848927651,0.0019756823136627896,-0.0003215833287700235,wf2022B,wf2022,B,0.4
wf2022,w0.4,20221229,0.00023321282748076187,-0.0005101140079802136,0.0007433268354609757,wf2022B,wf2022,B,0.4
wf2022,w0.4,20221230,-1.186030416185438e-05,0.0018670095063488459,-0.0018788698105106998,wf2022B,wf2022,B,0.4
wf2022,w0.5,20220810,0.002227942622159902,0.0003641895497227972,0.001883217317610076,wf2022B,wf2022,B,0.5
wf2022,w0.5,20220811,0.0004019871535868402,-0.0018457130666119956,0.002224418462814729,wf2022B,wf2022,B,0.5
wf2022,w0.5,20220812,-0.0028059897763320556,0.0005615870416963155,-0.0034097692409891583,wf2022B,wf2022,B,0.5
wf2022,w0.5,20220815,-0.003664901487305074,-0.001542236629510437,-0.0021368799689121757,wf2022B,wf2022,B,0.5
wf2022,w0.5,20220816,0.0013036504502459377,0.0005820677982055603,0.000754147913654429,wf2022B,wf2022,B,0.5
wf2022,w0.5,20220817,-0.0012528215289919669,0.0015147908796421584,-0.002766066580839237,wf2022B,wf2022,B,0.5
wf2022,w0.5,20220818,0.002123378787927007,-0.0019644961725742384,0.004075399503771007,wf2022B,wf2022,B,0.5
wf2022,w0.5,20220819,-0.0009804948808807366,-0.0019722456650624197,0.0009898920766855002,wf2022B,wf2022,B,0.5
wf2022,w0.5,20220822,-0.0008497428181201295,0.0006591618106444914,-0.0015019191579815749,wf2022B,wf2022,B,0.5
wf2022,w0.5,20220823,0.0027806334815101107,-0.0020887370412299147,0.004870272051024586,wf2022B,wf2022,B,0.5
wf2022,w0.5,20220824,0.0013373137492281254,-0.0023489045714563004,0.003690017993184317,wf2022B,wf2022,B,0.5
wf2022,w0.5,20220825,0.0014388484239303387,-7.606096475934213e-05,0.0015149093886896816,wf2022B,wf2022,B,0.5
wf2022,w0.5,20220826,-0.001474711010377573,-0.0012877925297966782,-0.00018691848058089528,wf2022B,wf2022,B,0.5
wf2022,w0.5,20220829,0.0035797199880117547,0.00034232587587725645,0.003237394112134498,wf2022B,wf2022,B,0.5
wf2022,w0.5,20220830,0.0028709277355708322,-0.002166328919326081,0.005037256654896908,wf2022B,wf2022,B,0.5
wf2022,w0.5,20220831,-7.048766751354286e-05,-0.001058581960044658,0.0009880942925311156,wf2022B,wf2022,B,0.5
wf2022,w0.5,20220901,0.0012668600429788027,0.0027450513588761286,-0.0014781913158973255,wf2022B,wf2022,B,0.5
wf2022,w0.5,20220902,-0.0023944721296823884,-0.0030360650140101937,0.0006415928843278045,wf2022B,wf2022,B,0.5
wf2022,w0.5,20220905,-0.0041527477615208325,-0.0019924549354931086,-0.0021602928260277244,wf2022B,wf2022,B,0.5
wf2022,w0.5,20220906,-0.0018336708943212248,0.0009227209673378385,-0.002756391861659063,wf2022B,wf2022,B,0.5
wf2022,w0.5,20220907,-0.0001369508883613743,-0.002105511407414094,0.0019685605190527177,wf2022B,wf2022,B,0.5
wf2022,w0.5,20220908,0.003504978469215848,0.0015472083928620669,0.001957770076353781,wf2022B,wf2022,B,0.5
wf2022,w0.5,20220909,0.0010620741744893666,0.0011746300976960664,-0.00011255592320670022,wf2022B,wf2022,B,0.5
wf2022,w0.5,20220913,0.001790815506032756,0.0007265299536912496,0.0010642855523415058,wf2022B,wf2022,B,0.5
wf2022,w0.5,20220914,0.0020983854842178025,-0.0025400144728653447,0.00463839995708315,wf2022B,wf2022,B,0.5
wf2022,w0.5,20220915,0.00025481394783734637,0.0012503022737487522,-0.000995488325911411,wf2022B,wf2022,B,0.5
wf2022,w0.5,20220916,-0.000488098005743242,-0.00022740161662752976,-0.00026069638911571235,wf2022B,wf2022,B,0.5
wf2022,w0.5,20220919,-0.0012411006077570688,0.0006830524005683525,-0.0019241530083254218,wf2022B,wf2022,B,0.5
wf2022,w0.5,20220920,0.0014162524005663143,0.00027736278879736794,0.0011388896117689468,wf2022B,wf2022,B,0.5
wf2022,w0.5,20220921,0.0006657096533832533,0.001848777009086777,-0.0011830673557035234,wf2022B,wf2022,B,0.5
wf2022,w0.5,20220922,0.0017002510570583336,-0.0010031340509956237,0.0027033851080539616,wf2022B,wf2022,B,0.5
wf2022,w0.5,20220923,-0.002752068904278881,-0.0008701109169770307,-0.0018819579873018497,wf2022B,wf2022,B,0.5
wf2022,w0.5,20220926,0.002296616674070648,0.001976682161932842,0.00031993451213781123,wf2022B,wf2022,B,0.5
wf2022,w0.5,20220927,0.002226749606205402,-0.0006804392868326428,0.0029071888930380456,wf2022B,wf2022,B,0.5
wf2022,w0.5,20220928,0.0035125626300241616,0.0037683071760228814,-0.00025574454599872054,wf2022B,wf2022,B,0.5
wf2022,w0.5,20220929,0.0030345343384337916,0.00031435281664264495,0.0027201815217911493,wf2022B,wf2022,B,0.5
wf2022,w0.5,20220930,0.0003063373138290637,-0.0007942395672143568,0.001100576881043421,wf2022B,wf2022,B,0.5
wf2022,w0.5,20221010,-0.0007786044752566444,0.00016153112025316585,-0.0009401355955098117,wf2022B,wf2022,B,0.5
wf2022,w0.5,20221011,0.0019808354735507128,0.003749969386944465,-0.0017691339133937539,wf2022B,wf2022,B,0.5
wf2022,w0.5,20221012,0.0018347704960731907,0.002100032069915988,-0.00026526157384279623,wf2022B,wf2022,B,0.5
wf2022,w0.5,20221013,0.0016092831684642595,0.0024643914501735528,-0.0008551082817092919,wf2022B,wf2022,B,0.5
wf2022,w0.5,20221014,0.003286051831879277,0.0037083435587266,-0.0004222917268473241,wf2022B,wf2022,B,0.5
wf2022,w0.5,20221017,-0.0010437709235912415,-0.0002625119075199512,-0.0007812590160712906,wf2022B,wf2022,B,0.5
wf2022,w0.5,20221018,-0.00014386465007862857,3.8990473956466885e-05,-0.00018285512403509475,wf2022B,wf2022,B,0.5
wf2022,w0.5,20221019,0.002571019533670336,0.0020357551996841626,0.000535264333986173,wf2022B,wf2022,B,0.5
wf2022,w0.5,20221020,0.0003331713327180622,0.00031406326149470876,1.9108071223353205e-05,wf2022B,wf2022,B,0.5
wf2022,w0.5,20221021,-0.0014128438334825143,-0.0004101909257334833,-0.001002652907749032,wf2022B,wf2022,B,0.5
wf2022,w0.5,20221024,-0.0016423954672931357,-0.0013933084222732218,-0.0002490870450199135,wf2022B,wf2022,B,0.5
wf2022,w0.5,20221025,0.0015342547516220863,0.0019988467806662355,-0.0004645920290441486,wf2022B,wf2022,B,0.5
wf2022,w0.5,20221026,0.003420133596246474,0.0012691738051044182,0.0021509597911420555,wf2022B,wf2022,B,0.5
wf2022,w0.5,20221027,0.0015546967517747479,0.0002537700750210234,0.0013009266767537184,wf2022B,wf2022,B,0.5
wf2022,w0.5,20221028,0.003916793310292061,0.004475055908361052,-0.0005582625980689886,wf2022B,wf2022,B,0.5
wf2022,w0.5,20221031,-0.001482076936554999,-0.0009736383413427905,-0.0005084385952122077,wf2022B,wf2022,B,0.5
wf2022,w0.5,20221101,-4.861683482866065e-05,0.0009261237216544767,-0.0009747405564831384,wf2022B,wf2022,B,0.5
wf2022,w0.5,20221102,6.635488404314188e-05,0.001013085401061508,-0.0008991116734740387,wf2022B,wf2022,B,0.5
wf2022,w0.5,20221103,0.00034550963024096437,0.0013070744905772586,-0.0009615648603362948,wf2022B,wf2022,B,0.5
wf2022,w0.5,20221104,-0.0007448434539656856,-0.000790598220835988,4.807203230967822e-05,wf2022B,wf2022,B,0.5
wf2022,w0.5,20221107,0.0003700854532294349,-5.0191805273025665e-05,0.0004274021994783248,wf2022B,wf2022,B,0.5
wf2022,w0.5,20221108,-0.00055467383352244,-0.0007459384881181811,0.0001871441649948293,wf2022B,wf2022,B,0.5
wf2022,w0.5,20221109,0.001999205038911103,0.00019453249626022947,0.0018143719113499304,wf2022B,wf2022,B,0.5
wf2022,w0.5,20221110,0.000983106241793561,-0.0001690517171183309,0.0011537600543498406,wf2022B,wf2022,B,0.5
wf2022,w0.5,20221111,0.002218031100976307,0.0006686921246184012,0.001555350007944728,wf2022B,wf2022,B,0.5
wf2022,w0.5,20221114,0.00031216777342447585,0.0018979129082751741,-0.0015872129222714861,wf2022B,wf2022,B,0.5
wf2022,w0.5,20221115,0.00129859447401086,0.000842587990844218,0.0004700940480468389,wf2022B,wf2022,B,0.5
wf2022,w0.5,20221116,0.001799195973885127,0.0012717082883983472,0.0005402050499880629,wf2022B,wf2022,B,0.5
wf2022,w0.5,20221117,0.002584915282467297,0.0021373371591536495,0.0004492311724245713,wf2022B,wf2022,B,0.5
wf2022,w0.5,20221118,-0.0010753514218461496,0.0006405242291998415,-0.001707521998220456,wf2022B,wf2022,B,0.5
wf2022,w0.5,20221121,0.0025471809979222357,-0.00013901156005638086,0.0027098116001193387,wf2022B,wf2022,B,0.5
wf2022,w0.5,20221122,-0.0017974333382775069,-0.0024378055321418804,0.0006210545891022494,wf2022B,wf2022,B,0.5
wf2022,w0.5,20221123,-0.0018596740555970176,-0.0007059695105357279,-0.00113734289330572,wf2022B,wf2022,B,0.5
wf2022,w0.5,20221124,0.0018788620976320346,-0.000957482661280999,0.0028453121869453785,wf2022B,wf2022,B,0.5
wf2022,w0.5,20221125,-0.0013812191275509264,-0.0011230019309938616,-0.0002693530629640839,wf2022B,wf2022,B,0.5
wf2022,w0.5,20221128,0.0010802143975048237,0.00043882823656881667,0.0006323417223233227,wf2022B,wf2022,B,0.5
wf2022,w0.5,20221129,-0.0006686284418628786,-0.0003674713452918147,-0.00031190827861820496,wf2022B,wf2022,B,0.5
wf2022,w0.5,20221130,0.0019523134789899178,0.0027692603325430764,-0.0008003020545904231,wf2022B,wf2022,B,0.5
wf2022,w0.5,20221201,0.0020462728578572913,0.002112789873167962,-6.79248735065013e-05,wf2022B,wf2022,B,0.5
wf2022,w0.5,20221202,0.002811819540347208,0.00047205871601235734,0.002343511194253206,wf2022B,wf2022,B,0.5
wf2022,w0.5,20221205,-0.0003153384760026306,-0.0006436749897740729,0.0003424878689730333,wf2022B,wf2022,B,0.5
wf2022,w0.5,20221206,-0.00010660129343828496,0.00037373972581455293,-0.00047715141823579884,wf2022B,wf2022,B,0.5
wf2022,w0.5,20221207,-0.0015736345487832619,-0.0019934471450745945,0.00041722177021805785,wf2022B,wf2022,B,0.5
wf2022,w0.5,20221208,0.0013475771554148771,0.001241656609137548,9.67286242603165e-05,wf2022B,wf2022,B,0.5
wf2022,w0.5,20221209,0.0015547928060037452,0.002889510295432409,-0.0013395345461291338,wf2022B,wf2022,B,0.5
wf2022,w0.5,20221212,-0.00040854613330859125,-0.002081090790725153,0.001670838983856784,wf2022B,wf2022,B,0.5
wf2022,w0.5,20221213,0.00061104155973199,0.0002788811473821074,0.0003217030006668712,wf2022B,wf2022,B,0.5
wf2022,w0.5,20221214,-5.879645671057719e-06,0.0010082247478117715,-0.0010141043934828295,wf2022B,wf2022,B,0.5
wf2022,w0.5,20221215,0.001964740449986409,0.0008632878680190782,0.0011014525819673287,wf2022B,wf2022,B,0.5
wf2022,w0.5,20221216,-0.0019471956484098107,-0.0013812507138126822,-0.0005659449345971293,wf2022B,wf2022,B,0.5
wf2022,w0.5,20221219,0.00018291287759828172,-0.0008184217399186082,0.001001334617516891,wf2022B,wf2022,B,0.5
wf2022,w0.5,20221220,0.0011612283298955044,0.0005784356843465427,0.0005827926455489615,wf2022B,wf2022,B,0.5
wf2022,w0.5,20221221,0.0018505055194526204,0.0015962672524099369,0.00025423826704268305,wf2022B,wf2022,B,0.5
wf2022,w0.5,20221222,0.0020959292529162087,0.0018289487292576163,0.00026698052365859234,wf2022B,wf2022,B,0.5
wf2022,w0.5,20221223,-0.0020887291568643766,-0.0002609011167225333,-0.0018278280401418422,wf2022B,wf2022,B,0.5
wf2022,w0.5,20221226,-0.00033789220968605174,-0.0015255126691698512,0.0011876204594837999,wf2022B,wf2022,B,0.5
wf2022,w0.5,20221227,0.0007384969898135852,0.00016142634274213198,0.0005770706470714551,wf2022B,wf2022,B,0.5
wf2022,w0.5,20221228,0.0010212460272789538,0.0013383522153526779,-0.0003171061880737236,wf2022B,wf2022,B,0.5
wf2022,w0.5,20221229,0.00010724935750281665,-0.0006302144199257745,0.0007374637774285918,wf2022B,wf2022,B,0.5
wf2022,w0.5,20221230,0.00020885999074682707,0.002005961708512134,-0.001797101717765304,wf2022B,wf2022,B,0.5
wf2022,w0.6,20220810,0.0027895140493622173,0.0010262478622901717,0.0017827304322450156,wf2022B,wf2022,B,0.6
wf2022,w0.6,20220811,0.00020779157099589697,-0.002003553204971994,0.0021880630185837856,wf2022B,wf2022,B,0.6
wf2022,w0.6,20220812,-0.002618998023439645,0.0005047245625198118,-0.0031659150089202444,wf2022B,wf2022,B,0.6
wf2022,w0.6,20220815,-0.003409706641676783,-0.0013345448897075732,-0.0020893768630867483,wf2022B,wf2022,B,0.6
wf2022,w0.6,20220816,0.0015008390927982278,0.0008207449669487191,0.0007126593874635606,wf2022B,wf2022,B,0.6
wf2022,w0.6,20220817,-0.001021600432468784,0.0016077087092210634,-0.0026277633138949595,wf2022B,wf2022,B,0.6
wf2022,w0.6,20220818,0.002229745160891269,-0.0016231895619495344,0.0038404592661105664,wf2022B,wf2022,B,0.6
wf2022,w0.6,20220819,-0.0014497734324660254,-0.002455603484388603,0.0010039713444263921,wf2022B,wf2022,B,0.6
wf2022,w0.6,20220822,-0.0005525957169189091,0.0009420766832515363,-0.0014876869293873997,wf2022B,wf2022,B,0.6
wf2022,w0.6,20220823,0.002743582841242164,-0.0019353356383365779,0.004679820007863294,wf2022B,wf2022,B,0.6
wf2022,w0.6,20220824,0.0016092019974772874,-0.001791526903806118,0.0034045285737832973,wf2022B,wf2022,B,0.6
wf2022,w0.6,20220825,0.0011415044323700007,-0.00027702061655538335,0.0014185250489253847,wf2022B,wf2022,B,0.6
wf2022,w0.6,20220826,-0.0008831420891870657,-0.0007449599846119737,-0.00013818210457509396,wf2022B,wf2022,B,0.6
wf2022,w0.6,20220829,0.0026204580262642677,-0.00047073496903353624,0.003091192995297803,wf2022B,wf2022,B,0.6
wf2022,w0.6,20220830,0.0031026183946305415,-0.0016742169150490383,0.004776835309679577,wf2022B,wf2022,B,0.6
wf2022,w0.6,20220831,-0.00039688904176907614,-0.0012838845450822468,0.0008869955033131703,wf2022B,wf2022,B,0.6
wf2022,w0.6,20220901,0.0013323672425178072,0.0027014573598649143,-0.0013690901173471057,wf2022B,wf2022,B,0.6
wf2022,w0.6,20220902,-0.0023582425824750105,-0.0029401903996627483,0.0005819478171877368,wf2022B,wf2022,B,0.6
wf2022,w0.6,20220905,-0.0034155015528329127,-0.0013981604561245776,-0.0020173410967083334,wf2022B,wf2022,B,0.6
wf2022,w0.6,20220906,-0.0022898230792723177,0.0003492906907752278,-0.002639113770047546,wf2022B,wf2022,B,0.6
wf2022,w0.6,20220907,-0.0005178946434964797,-0.002392143261483198,0.0018742486179867159,wf2022B,wf2022,B,0.6
wf2022,w0.6,20220908,0.0027989422746016097,0.0009535843875810099,0.0018453578870206,wf2022B,wf2022,B,0.6
wf2022,w0.6,20220909,0.0002885877993051701,0.0003819682032173352,-9.338040391216518e-05,wf2022B,wf2022,B,0.6
wf2022,w0.6,20220913,0.0012439073336599025,0.00026168832481724726,0.0009822190088426557,wf2022B,wf2022,B,0.6
wf2022,w0.6,20220914,0.002468833733046353,-0.0018774303173917225,0.004346264050438076,wf2022B,wf2022,B,0.6
wf2022,w0.6,20220915,0.0007390076199881926,0.0016187063216327835,-0.0008796987016445937,wf2022B,wf2022,B,0.6
wf2022,w0.6,20220916,-0.00016989351768859594,6.937324217340163e-05,-0.00023926675986199843,wf2022B,wf2022,B,0.6
wf2022,w0.6,20220919,-0.0016186188805084462,0.0002680612472719127,-0.001886680127780361,wf2022B,wf2022,B,0.6
wf2022,w0.6,20220920,0.0015853813537101977,0.0005840286068965289,0.0010013527468136683,wf2022B,wf2022,B,0.6
wf2022,w0.6,20220921,0.0009448700852735647,0.0020840234608506094,-0.0011391533755770451,wf2022B,wf2022,B,0.6
wf2022,w0.6,20220922,0.001469850799066176,-0.0011799713288411407,0.0026498221279073215,wf2022B,wf2022,B,0.6
wf2022,w0.6,20220923,-0.0029330974821973853,-0.0010712161216314372,-0.0018618813605659448,wf2022B,wf2022,B,0.6
wf2022,w0.6,20220926,0.0026530921156748266,0.0022504912797344586,0.0004026008359403706,wf2022B,wf2022,B,0.6
wf2022,w0.6,20220927,0.0019319177750420635,-0.000968019759604984,0.002899937534647049,wf2022B,wf2022,B,0.6
wf2022,w0.6,20220928,0.0034773761955911326,0.0036828311289597584,-0.00020545493336862592,wf2022B,wf2022,B,0.6
wf2022,w0.6,20220929,0.0031450552410030325,0.0004318167936264724,0.0027132384473765618,wf2022B,wf2022,B,0.6
wf2022,w0.6,20220930,-2.3087463925881846e-05,-0.0010778091338956367,0.0010547216699697563,wf2022B,wf2022,B,0.6
wf2022,w0.6,20221010,-0.0008795561411031484,4.776204029121689e-05,-0.0009273181813943655,wf2022B,wf2022,B,0.6
wf2022,w0.6,20221011,0.002288138250853628,0.003947805600021965,-0.001659667349168331,wf2022B,wf2022,B,0.6
wf2022,w0.6,20221012,0.001904041496215092,0.0021308934930354896,-0.00022685199682039486,wf2022B,wf2022,B,0.6
wf2022,w0.6,20221013,0.0020503037789546576,0.0028189081046452063,-0.0007686043256905447,wf2022B,wf2022,B,0.6
wf2022,w0.6,20221014,0.0032653699512151507,0.0036639766808498598,-0.0003986067296347072,wf2022B,wf2022,B,0.6
wf2022,w0.6,20221017,-0.0011684071417552627,-0.00039063514322668964,-0.0007777719985285732,wf2022B,wf2022,B,0.6
wf2022,w0.6,20221018,0.0003823421589041875,0.0005831222039592417,-0.0002007800450550533,wf2022B,wf2022,B,0.6
wf2022,w0.6,20221019,0.0025748208590019505,0.0020386259857328496,0.0005361948732691,wf2022B,wf2022,B,0.6
wf2022,w0.6,20221020,0.0002403055157774512,0.00023499647333015584,5.309042447294973e-06,wf2022B,wf2022,B,0.6
wf2022,w0.6,20221021,-0.0005685418700610723,0.00038609265730725863,-0.0009546345273683309,wf2022B,wf2022,B,0.6
wf2022,w0.6,20221024,-0.0013755555521474529,-0.0010811648871143556,-0.000294390665033098,wf2022B,wf2022,B,0.6
wf2022,w0.6,20221025,0.0008462556754452386,0.0012464685642285386,-0.0004002128887833037,wf2022B,wf2022,B,0.6
wf2022,w0.6,20221026,0.0034746605547746174,0.0015040323920896682,0.001970628162684949,wf2022B,wf2022,B,0.6
wf2022,w0.6,20221027,0.0009677178314817028,-0.00017494321766295742,0.0011426610491446598,wf2022B,wf2022,B,0.6
wf2022,w0.6,20221028,0.004944345590267969,0.0054116820310117315,-0.00046733644074376185,wf2022B,wf2022,B,0.6
wf2022,w0.6,20221031,-0.0004759227696814368,-2.6492444483517947e-05,-0.00044943032519791803,wf2022B,wf2022,B,0.6
wf2022,w0.6,20221101,-0.0003038654618275332,0.0005348703741035179,-0.0008387358359310526,wf2022B,wf2022,B,0.6
wf2022,w0.6,20221102,0.00022353047232099698,0.0011089435683320921,-0.000837794252466768,wf2022B,wf2022,B,0.6
wf2022,w0.6,20221103,9.48934161805505e-05,0.00099448180854335,-0.0008995883923627994,wf2022B,wf2022,B,0.6
wf2022,w0.6,20221104,-0.0012968936900865482,-0.0013303085435759747,3.5732118928803684e-05,wf2022B,wf2022,B,0.6
wf2022,w0.6,20221107,0.0005243016602474669,0.00011599868777923192,0.00041542791344409923,wf2022B,wf2022,B,0.6
wf2022,w0.6,20221108,-0.0003834228422132359,-0.0005723530555147088,0.00018480972370056117,wf2022B,wf2022,B,0.6
wf2022,w0.6,20221109,0.0018017505586152168,0.00015064275215478552,0.0016608071751594876,wf2022B,wf2022,B,0.6
wf2022,w0.6,20221110,0.000662403277936493,-0.00031769199934389154,0.0009816973727183342,wf2022B,wf2022,B,0.6
wf2022,w0.6,20221111,0.0019004867187694444,0.00039920329370873105,0.0015072944566475364,wf2022B,wf2022,B,0.6
wf2022,w0.6,20221114,0.0006385768873692979,0.002090302345974508,-0.001453193246026001,wf2022B,wf2022,B,0.6
wf2022,w0.6,20221115,0.000626574900948859,0.00014908377238785696,0.0004915786934411985,wf2022B,wf2022,B,0.6
wf2022,w0.6,20221116,0.0021686364043090106,0.001675866597958705,0.0005054871708515897,wf2022B,wf2022,B,0.6
wf2022,w0.6,20221117,0.0020683603966133177,0.0016104933343897231,0.0004595201113345188,wf2022B,wf2022,B,0.6
wf2022,w0.6,20221118,-0.0009128426611712064,0.0006793751290193828,-0.001583864137365054,wf2022B,wf2022,B,0.6
wf2022,w0.6,20221121,0.002128836222924325,-0.000439863357451452,0.002592318622516499,wf2022B,wf2022,B,0.6
wf2022,w0.6,20221122,-0.001568774052347616,-0.0021989504936568783,0.0006108588365471385,wf2022B,wf2022,B,0.6
wf2022,w0.6,20221123,-0.0008869112854838577,0.00020426616489991847,-0.0010748157986282068,wf2022B,wf2022,B,0.6
wf2022,w0.6,20221124,0.0016149867874918353,-0.0010672128529268029,0.002691167068450982,wf2022B,wf2022,B,0.6
wf2022,w0.6,20221125,-0.0014224561202888296,-0.0011675311285261685,-0.0002660608581696811,wf2022B,wf2022,B,0.6
wf2022,w0.6,20221128,-3.861041215769481e-05,-0.0006276620682005324,0.0005800072174301476,wf2022B,wf2022,B,0.6
wf2022,w0.6,20221129,-0.00040266361475198845,-0.00012643474892353964,-0.00028698004787558966,wf2022B,wf2022,B,0.6
wf2022,w0.6,20221130,0.0021847523800139247,0.002977393580782267,-0.0007759964018056073,wf2022B,wf2022,B,0.6
wf2022,w0.6,20221201,0.0014123560807008401,0.0015128143834527976,-0.00010186616094778906,wf2022B,wf2022,B,0.6
wf2022,w0.6,20221202,0.0017887802451902364,-0.00037157837776163026,0.002164108992870222,wf2022B,wf2022,B,0.6
wf2022,w0.6,20221205,0.0006287711819592378,0.00031752351432115907,0.0003253990228396683,wf2022B,wf2022,B,0.6
wf2022,w0.6,20221206,-0.0002600959011196457,0.00020393761055832442,-0.00046084391066093073,wf2022B,wf2022,B,0.6
wf2022,w0.6,20221207,-0.0017505244777262507,-0.002122446539135163,0.0003693312353356365,wf2022B,wf2022,B,0.6
wf2022,w0.6,20221208,0.0014187756666068268,0.001366177703602199,4.340604098761445e-05,wf2022B,wf2022,B,0.6
wf2022,w0.6,20221209,0.0012771069115365412,0.0024170415677940236,-0.001144751712957952,wf2022B,wf2022,B,0.6
wf2022,w0.6,20221212,-0.0010801954801309297,-0.0026364508902680895,0.0015545497365773821,wf2022B,wf2022,B,0.6
wf2022,w0.6,20221213,-0.00013259481490594327,-0.00037566750709497847,0.00023261528050602358,wf2022B,wf2022,B,0.6
wf2022,w0.6,20221214,0.0003473302704486824,0.0012503685406032353,-0.0009030382701545524,wf2022B,wf2022,B,0.6
wf2022,w0.6,20221215,0.0014861881282894982,0.00042148423929155566,0.0010647038889979401,wf2022B,wf2022,B,0.6
wf2022,w0.6,20221216,-0.0004474935426601462,2.6487637501879972e-05,-0.000473981180162029,wf2022B,wf2022,B,0.6
wf2022,w0.6,20221219,0.00040091721183582556,-0.0005106266228388238,0.0009115438346746498,wf2022B,wf2022,B,0.6
wf2022,w0.6,20221220,0.0007792332858250414,0.00024157288657771284,0.0005376603992473296,wf2022B,wf2022,B,0.6
wf2022,w0.6,20221221,0.0013530092503486989,0.0011232562145307998,0.00022975303581789885,wf2022B,wf2022,B,0.6
wf2022,w0.6,20221222,0.001228138077116144,0.00098365768497753,0.00024448039213861443,wf2022B,wf2022,B,0.6
wf2022,w0.6,20221223,-0.0007925537218337001,0.0008679846284302434,-0.0016605383502639429,wf2022B,wf2022,B,0.6
wf2022,w0.6,20221226,-4.768969759242226e-05,-0.0010736717558923465,0.0010259820582999252,wf2022B,wf2022,B,0.6
wf2022,w0.6,20221227,0.0006553294134597088,0.00011061674496358722,0.0005447126684961224,wf2022B,wf2022,B,0.6
wf2022,w0.6,20221228,0.0009987736255568686,0.0013236989262181975,-0.0003249253006613281,wf2022B,wf2022,B,0.6
wf2022,w0.6,20221229,0.0004667029385964942,-0.00021881977157557782,0.0006855227101720721,wf2022B,wf2022,B,0.6
wf2022,w0.6,20221230,9.217415181488747e-06,0.0016328905411074545,-0.0016236731259259645,wf2022B,wf2022,B,0.6
wf2022,w0.7,20220810,0.002653930704288916,0.0009221193193663991,0.001751275630095488,wf2022B,wf2022,B,0.7
wf2022,w0.7,20220811,-0.0002822078733531754,-0.002421740730872597,0.0021162511001353154,wf2022B,wf2022,B,0.7
wf2022,w0.7,20220812,-0.0025107776215786575,0.0004329738157607353,-0.00298594386030018,wf2022B,wf2022,B,0.7
wf2022,w0.7,20220815,-0.0033216286205447094,-0.0013415291688004317,-0.0019943145628618176,wf2022B,wf2022,B,0.7
wf2022,w0.7,20220816,0.0007321975749327099,5.5610073953831765e-05,0.0007091527625929305,wf2022B,wf2022,B,0.7
wf2022,w0.7,20220817,-0.0013248322237907248,0.0012612087140004785,-0.002584495109996315,wf2022B,wf2022,B,0.7
wf2022,w0.7,20220818,0.0016904556346490143,-0.0019509247356951829,0.003628904913613961,wf2022B,wf2022,B,0.7
wf2022,w0.7,20220819,-0.0007988131324599733,-0.0017461430909193286,0.0009454712509631705,wf2022B,wf2022,B,0.7
wf2022,w0.7,20220822,-0.0010400512669759116,0.00037222375899689244,-0.0014052895551897576,wf2022B,wf2022,B,0.7
wf2022,w0.7,20220823,0.0020162170686203705,-0.002497217263330436,0.0045143358602353625,wf2022B,wf2022,B,0.7
wf2022,w0.7,20220824,0.001845555476181392,-0.0013368940314029342,0.0031862491800842183,wf2022B,wf2022,B,0.7
wf2022,w0.7,20220825,0.0007155736140183012,-0.0006258778498629525,0.0013414514638812546,wf2022B,wf2022,B,0.7
wf2022,w0.7,20220826,-0.0005420894398098829,-0.0004174413604212706,-0.00012464807938861262,wf2022B,wf2022,B,0.7
wf2022,w0.7,20220829,0.002053144966627554,-0.000821696894331068,0.002874841860958621,wf2022B,wf2022,B,0.7
wf2022,w0.7,20220830,0.002809885318913949,-0.0016045740615719113,0.004414459380485861,wf2022B,wf2022,B,0.7
wf2022,w0.7,20220831,0.000827144874816237,-6.484420990707424e-07,0.0008277933169153071,wf2022B,wf2022,B,0.7
wf2022,w0.7,20220901,0.0012157902592486117,0.0025628521600721183,-0.0013470619008235066,wf2022B,wf2022,B,0.7
wf2022,w0.7,20220902,-0.0017801156413547335,-0.0023862084854054492,0.000606092844050716,wf2022B,wf2022,B,0.7
wf2022,w0.7,20220905,-0.0034194414431373884,-0.001417500228062921,-0.0020019412150744653,wf2022B,wf2022,B,0.7
wf2022,w0.7,20220906,-0.0022901095024112418,0.00028104008361440753,-0.002571149586025649,wf2022B,wf2022,B,0.7
wf2022,w0.7,20220907,0.00011559711181639148,-0.001760106267867838,0.001875703379684227,wf2022B,wf2022,B,0.7
wf2022,w0.7,20220908,0.0023396041031106276,0.0005129334918010062,0.0018266706113096226,wf2022B,wf2022,B,0.7
wf2022,w0.7,20220909,0.0005955387178591454,0.0006715908042658211,-7.605208640667543e-05,wf2022B,wf2022,B,0.7
wf2022,w0.7,20220913,0.001672238483333483,0.000706206616384029,0.0009660318669494543,wf2022B,wf2022,B,0.7
wf2022,w0.7,20220914,0.001980408586759644,-0.0023425486628123856,0.00432295724957203,wf2022B,wf2022,B,0.7
wf2022,w0.7,20220915,0.0002521135448064066,0.0011475281865752378,-0.0008954146417688305,wf2022B,wf2022,B,0.7
wf2022,w0.7,20220916,0.0002582600422180656,0.00049571977722784,-0.00023745973500977264,wf2022B,wf2022,B,0.7
wf2022,w0.7,20220919,-0.0015198152812608053,0.00030032837172545607,-0.0018201436529862616,wf2022B,wf2022,B,0.7
wf2022,w0.7,20220920,0.001655031769012767,0.0006875960743661541,0.0009674356946466139,wf2022B,wf2022,B,0.7
wf2022,w0.7,20220921,0.0006949351238737184,0.0018197826626119764,-0.0011248475387382578,wf2022B,wf2022,B,0.7
wf2022,w0.7,20220922,0.0017493857879168906,-0.0010238515286249983,0.0027732373165418943,wf2022B,wf2022,B,0.7
wf2022,w0.7,20220923,-0.003147505234459884,-0.001259511306900072,-0.001887993927559813,wf2022B,wf2022,B,0.7
wf2022,w0.7,20220926,0.002617000621133802,0.002290092703089798,0.00032690791804400316,wf2022B,wf2022,B,0.7
wf2022,w0.7,20220927,0.002230297082872916,-0.0007795575877198108,0.0030098546705927265,wf2022B,wf2022,B,0.7
wf2022,w0.7,20220928,0.00359387017094983,0.0038680910827985798,-0.00027422091184874895,wf2022B,wf2022,B,0.7
wf2022,w0.7,20220929,0.0028875499132955586,2.1173044746006686e-05,0.002866376868549553,wf2022B,wf2022,B,0.7
wf2022,w0.7,20220930,0.0003304439121541401,-0.0007963501029856326,0.001126794015139773,wf2022B,wf2022,B,0.7
wf2022,w0.7,20221010,-0.00112421082200574,-8.82708115602656e-05,-0.0010359400104454743,wf2022B,wf2022,B,0.7
wf2022,w0.7,20221011,0.0022071205026346803,0.004042578892424816,-0.0018354583897901371,wf2022B,wf2022,B,0.7
wf2022,w0.7,20221012,0.0017907564890018522,0.002041452557970975,-0.00025069606896911776,wf2022B,wf2022,B,0.7
wf2022,w0.7,20221013,0.0018967004149323223,0.002728311683463676,-0.0008316112685313486,wf2022B,wf2022,B,0.7
wf2022,w0.7,20221014,0.0025246399125012486,0.0030262768426469805,-0.0005016369301457323,wf2022B,wf2022,B,0.7
wf2022,w0.7,20221017,-0.0012869031322459332,-0.00048723113628484514,-0.0007996719959610881,wf2022B,wf2022,B,0.7
wf2022,w0.7,20221018,0.0007901937038530529,0.0009836400696988685,-0.0001934463658458158,wf2022B,wf2022,B,0.7
wf2022,w0.7,20221019,0.00272349915856529,0.002114298450260647,0.0006092007083046422,wf2022B,wf2022,B,0.7
wf2022,w0.7,20221020,0.00037602035426007936,0.0003804467946977434,-4.426440437664314e-06,wf2022B,wf2022,B,0.7
wf2022,w0.7,20221021,-0.0004743757537699605,0.0005098392015947637,-0.0009842149553647263,wf2022B,wf2022,B,0.7
wf2022,w0.7,20221024,-0.0013159225516968204,-0.001044577714384069,-0.00027134483731275155,wf2022B,wf2022,B,0.7
wf2022,w0.7,20221025,0.0006790758051965252,0.0011317601879436822,-0.0004526843827471573,wf2022B,wf2022,B,0.7
wf2022,w0.7,20221026,0.00441478411577101,0.0023407092027605434,0.0020740749130104654,wf2022B,wf2022,B,0.7
wf2022,w0.7,20221027,-0.0006597312043858244,-0.0017716210596187363,0.0011118898552329043,wf2022B,wf2022,B,0.7
wf2022,w0.7,20221028,0.00477522834142239,0.005176840985293393,-0.00040161264387100396,wf2022B,wf2022,B,0.7
wf2022,w0.7,20221031,-0.00016796107805457094,0.0002636915228732638,-0.00043165260092783487,wf2022B,wf2022,B,0.7
wf2022,w0.7,20221101,-0.0011223250664258548,-0.0002131215298443563,-0.0009092035365814994,wf2022B,wf2022,B,0.7
wf2022,w0.7,20221102,0.00028539850117095724,0.0012202165229479338,-0.0008871991782326483,wf2022B,wf2022,B,0.7
wf2022,w0.7,20221103,8.163009694087814e-06,0.0009370841992254833,-0.0009289211895313967,wf2022B,wf2022,B,0.7
wf2022,w0.7,20221104,-0.00152914213700043,-0.0015939610730383404,6.71362014772864e-05,wf2022B,wf2022,B,0.7
wf2022,w0.7,20221107,0.0003304243484042867,-8.747697933406096e-05,0.00042502626871421186,wf2022B,wf2022,B,0.7
wf2022,w0.7,20221108,-0.00036164323636057795,-0.000505293021214741,0.0001395292952532515,wf2022B,wf2022,B,0.7
wf2022,w0.7,20221109,0.001379261436083832,-0.00029033250579679916,0.0016792933105796866,wf2022B,wf2022,B,0.7
wf2022,w0.7,20221110,0.0007429493664143274,-0.00026039057926938907,0.0010049420411216653,wf2022B,wf2022,B,0.7
wf2022,w0.7,20221111,0.002198451371917465,0.0006173003870548122,0.0015871620164494755,wf2022B,wf2022,B,0.7
wf2022,w0.7,20221114,0.00037772738994977517,0.0018974404649245772,-0.0015211808623955868,wf2022B,wf2022,B,0.7
wf2022,w0.7,20221115,0.0007181286989771833,0.00022366464513140865,0.0005085516187259712,wf2022B,wf2022,B,0.7
wf2022,w0.7,20221116,0.001289467608362493,0.0008161774017382419,0.0004860075711255325,wf2022B,wf2022,B,0.7
wf2022,w0.7,20221117,0.0025014248665987974,0.0019995881827173643,0.0005034897329923566,wf2022B,wf2022,B,0.7
wf2022,w0.7,20221118,-0.0006044004411527061,0.001049721650707151,-0.001645768439034322,wf2022B,wf2022,B,0.7
wf2022,w0.7,20221121,0.0019073047706097863,-0.0006359665770309564,0.002566890389781464,wf2022B,wf2022,B,0.7
wf2022,w0.7,20221122,-0.0017566766111132342,-0.002406153149708561,0.0006301589338332027,wf2022B,wf2022,B,0.7
wf2022,w0.7,20221123,-0.0005596010276278725,0.0005335632313378763,-0.001076802607210179,wf2022B,wf2022,B,0.7
wf2022,w0.7,20221124,0.0015371704094551781,-0.0011028288051308577,0.002648966642618379,wf2022B,wf2022,B,0.7
wf2022,w0.7,20221125,-0.0007712799156032661,-0.0004946209638233251,-0.00028779481818696183,wf2022B,wf2022,B,0.7
wf2022,w0.7,20221128,3.3216663933816754e-05,-0.0005985813426256537,0.0006227535679467864,wf2022B,wf2022,B,0.7
wf2022,w0.7,20221129,-0.0009368633801803492,-0.0006765062377136446,-0.00027110832451384504,wf2022B,wf2022,B,0.7
wf2022,w0.7,20221130,0.0017859243666396886,0.0026153097077834097,-0.0008127405421809872,wf2022B,wf2022,B,0.7
wf2022,w0.7,20221201,0.0012362356504282785,0.0013263561386858277,-9.152834645338048e-05,wf2022B,wf2022,B,0.7
wf2022,w0.7,20221202,0.0014108075946931142,-0.0007817788187619914,0.0021963367833734634,wf2022B,wf2022,B,0.7
wf2022,w0.7,20221205,0.0005906319863465629,0.0002519515444204414,0.0003528317971277122,wf2022B,wf2022,B,0.7
wf2022,w0.7,20221206,8.056391762640376e-05,0.0005502237122210733,-0.00046647019357763046,wf2022B,wf2022,B,0.7
wf2022,w0.7,20221207,-0.0011568177883143713,-0.001502247464677093,0.0003428388502894469,wf2022B,wf2022,B,0.7
wf2022,w0.7,20221208,0.0011319651862720032,0.0010757605062144953,4.701275804049507e-05,wf2022B,wf2022,B,0.7
wf2022,w0.7,20221209,0.0015137422950477607,0.002682922718914452,-0.001173997480567161,wf2022B,wf2022,B,0.7
wf2022,w0.7,20221212,-0.0003829908148513814,-0.0019847405568327444,0.0016000440684215862,wf2022B,wf2022,B,0.7
wf2022,w0.7,20221213,0.00033480103263407645,9.419950024759579e-05,0.00023014412070346924,wf2022B,wf2022,B,0.7
wf2022,w0.7,20221214,0.00013880946160849074,0.001050036063562271,-0.0009112266019537798,wf2022B,wf2022,B,0.7
wf2022,w0.7,20221215,0.0018453371823861555,0.000769608095653533,0.0010757290867326212,wf2022B,wf2022,B,0.7
wf2022,w0.7,20221216,-0.0006827702890883601,-0.0002575687433424863,-0.0004252015457458766,wf2022B,wf2022,B,0.7
wf2022,w0.7,20221219,-0.00014490087353022634,-0.0009843822255637005,0.0008394813520334754,wf2022B,wf2022,B,0.7
wf2022,w0.7,20221220,0.0003780029727086156,-0.00016004485572506755,0.0005380478284336836,wf2022B,wf2022,B,0.7
wf2022,w0.7,20221221,0.0013125226606413801,0.0010968603141553106,0.00021566234648606785,wf2022B,wf2022,B,0.7
wf2022,w0.7,20221222,0.0007801437244870704,0.000551165233144081,0.0002289784913429891,wf2022B,wf2022,B,0.7
wf2022,w0.7,20221223,-0.000369263473082488,0.0011596681000595188,-0.0015289315731420066,wf2022B,wf2022,B,0.7
wf2022,w0.7,20221226,0.00023205331034435034,-0.0007397026936780169,0.0009717560040223673,wf2022B,wf2022,B,0.7
wf2022,w0.7,20221227,0.0005834366466303635,8.512715731036286e-06,0.0005749239308993296,wf2022B,wf2022,B,0.7
wf2022,w0.7,20221228,0.000547827448822414,0.0009029840229162074,-0.0003551565740937939,wf2022B,wf2022,B,0.7
wf2022,w0.7,20221229,-0.00011864375501084712,-0.000772211460034506,0.0006535677050236583,wf2022B,wf2022,B,0.7
wf2022,w0.7,20221230,0.0006164097089631122,0.002169474597569496,-0.0015530648886063845,wf2022B,wf2022,B,0.7
wf2022,w0.8,20220810,0.0026486309858854643,0.000970216596449448,0.001697878634608986,wf2022B,wf2022,B,0.8
wf2022,w0.8,20220811,0.0006106166588108685,-0.0014634951418027577,0.00205083004322952,wf2022B,wf2022,B,0.8
wf2022,w0.8,20220812,-0.0005595485425199196,0.0021318998912605363,-0.0027336408567412433,wf2022B,wf2022,B,0.8
wf2022,w0.8,20220815,-0.003284533796487816,-0.0014611262359182752,-0.0018376226716870798,wf2022B,wf2022,B,0.8
wf2022,w0.8,20220816,0.00011163511785291678,-0.000521655296256455,0.0006658556757234236,wf2022B,wf2022,B,0.8
wf2022,w0.8,20220817,-0.0015859188680618721,0.0008720455065261471,-0.002456418546793131,wf2022B,wf2022,B,0.8
wf2022,w0.8,20220818,0.0020441907635226145,-0.0015397859909945385,0.003571501297786917,wf2022B,wf2022,B,0.8
wf2022,w0.8,20220819,-0.0006823442990208772,-0.0015718720267023016,0.0008876690201852398,wf2022B,wf2022,B,0.8
wf2022,w0.8,20220822,-0.0014446273075525195,-4.988146231676334e-05,-0.00138776037445271,wf2022B,wf2022,B,0.8
wf2022,w0.8,20220823,0.002499966662878453,-0.0018061930056677508,0.004307061196830759,wf2022B,wf2022,B,0.8
wf2022,w0.8,20220824,0.0018624217768243112,-0.0010485698492111518,0.002914791298535355,wf2022B,wf2022,B,0.8
wf2022,w0.8,20220825,0.0011874197167396345,-0.00011060896190132443,0.0012980286786409597,wf2022B,wf2022,B,0.8
wf2022,w0.8,20220826,-0.00044409306081025484,-0.00033677938289732197,-0.0001073136779129329,wf2022B,wf2022,B,0.8
wf2022,w0.8,20220829,0.002243494701801765,-0.0004911117316715966,0.0027346064334733606,wf2022B,wf2022,B,0.8
wf2022,w0.8,20220830,0.0030049342202414786,-0.0014718155057210248,0.0044767497259625005,wf2022B,wf2022,B,0.8
wf2022,w0.8,20220831,0.0005619613384179795,-0.00022335830422942903,0.0007853196426474083,wf2022B,wf2022,B,0.8
wf2022,w0.8,20220901,0.0008640967181544734,0.0021555839538349615,-0.0012914872356804882,wf2022B,wf2022,B,0.8
wf2022,w0.8,20220902,-0.0014485576018685516,-0.001999935174096758,0.0005513775722282063,wf2022B,wf2022,B,0.8
wf2022,w0.8,20220905,-0.0036109265240101586,-0.001746629606888788,-0.0018642969171213718,wf2022B,wf2022,B,0.8
wf2022,w0.8,20220906,-0.002119002964948743,0.0002847396261054976,-0.0024037425910542407,wf2022B,wf2022,B,0.8
wf2022,w0.8,20220907,0.0010421188452675052,-0.000646096314228433,0.0016882151594959371,wf2022B,wf2022,B,0.8
wf2022,w0.8,20220908,0.0022185055333835027,0.0004714150566794115,0.0017470904767040913,wf2022B,wf2022,B,0.8
wf2022,w0.8,20220909,0.0012062807886545875,0.0012903395452585884,-8.405875660400095e-05,wf2022B,wf2022,B,0.8
wf2022,w0.8,20220913,0.0014750319617106893,0.0005558602972620138,0.0009191716644486754,wf2022B,wf2022,B,0.8
wf2022,w0.8,20220914,0.002281830186150153,-0.0017123373515930392,0.0039941675377431875,wf2022B,wf2022,B,0.8
wf2022,w0.8,20220915,0.0013952471255257864,0.002199496634433875,-0.0008042495089080883,wf2022B,wf2022,B,0.8
wf2022,w0.8,20220916,0.000486122499982599,0.000663502576495726,-0.0001773800765131294,wf2022B,wf2022,B,0.8
wf2022,w0.8,20220919,-0.00128807384537394,0.00027533798968061736,-0.001563411835054557,wf2022B,wf2022,B,0.8
wf2022,w0.8,20220920,0.0010503732725946945,0.00020278143432751142,0.0008475918382671843,wf2022B,wf2022,B,0.8
wf2022,w0.8,20220921,0.00017368163784186458,0.0012100403584757416,-0.0010363587206338757,wf2022B,wf2022,B,0.8
wf2022,w0.8,20220922,0.00213309062274894,-0.00030944323742418303,0.0024425338601731256,wf2022B,wf2022,B,0.8
wf2022,w0.8,20220923,-0.0031897844558872977,-0.0013790716755593395,-0.0018107127803279571,wf2022B,wf2022,B,0.8
wf2022,w0.8,20220926,0.003230519828081882,0.0028371381107192314,0.0003933817173626495,wf2022B,wf2022,B,0.8
wf2022,w0.8,20220927,0.002676560390353782,-9.071917090941749e-05,0.0027672795612631975,wf2022B,wf2022,B,0.8
wf2022,w0.8,20220928,0.003891906272147871,0.004092885150716223,-0.00020097887856835095,wf2022B,wf2022,B,0.8
wf2022,w0.8,20220929,0.002483959006363211,-9.467556442622344e-05,0.0025786345707894368,wf2022B,wf2022,B,0.8
wf2022,w0.8,20220930,-2.9976313976016328e-05,-0.0009635275634438632,0.0009335512494678439,wf2022B,wf2022,B,0.8
wf2022,w0.8,20221010,-0.0003364632718151619,0.0005271962182818385,-0.0008636594900970005,wf2022B,wf2022,B,0.8
wf2022,w0.8,20221011,0.0024643012100641452,0.00407006423804392,-0.0016057630279797763,wf2022B,wf2022,B,0.8
wf2022,w0.8,20221012,0.0021775974800162003,0.0023892822317990443,-0.00021168475178284308,wf2022B,wf2022,B,0.8
wf2022,w0.8,20221013,0.001994817049075868,0.002783688802326676,-0.0007888717532508029,wf2022B,wf2022,B,0.8
wf2022,w0.8,20221014,0.002397793730711138,0.002793576967638851,-0.00039578323692771467,wf2022B,wf2022,B,0.8
wf2022,w0.8,20221017,-0.000543337139170005,0.00012764430391986643,-0.0006709814430898709,wf2022B,wf2022,B,0.8
wf2022,w0.8,20221018,0.0006453817132874079,0.0008462917872556476,-0.00020091007396823982,wf2022B,wf2022,B,0.8
wf2022,w0.8,20221019,0.002326399776602692,0.001749605569915348,0.0005767942066873436,wf2022B,wf2022,B,0.8
wf2022,w0.8,20221020,-0.00036433008837399806,-0.00034896890797845583,-1.5361180395542272e-05,wf2022B,wf2022,B,0.8
wf2022,w0.8,20221021,-0.0001591283757554681,0.0007751606014285424,-0.0009342889771840131,wf2022B,wf2022,B,0.8
wf2022,w0.8,20221024,-0.0011846925345410093,-0.0009241112419681684,-0.0002605812925728406,wf2022B,wf2022,B,0.8
wf2022,w0.8,20221025,0.0022895577093523314,0.0026113069011869995,-0.00032174919183467117,wf2022B,wf2022,B,0.8
wf2022,w0.8,20221026,0.004757084540541289,0.0028824945684793706,0.0018745899720619182,wf2022B,wf2022,B,0.8
wf2022,w0.8,20221027,0.0005124368012372482,-0.0005272893330490143,0.0010397261342862587,wf2022B,wf2022,B,0.8
wf2022,w0.8,20221028,0.004467035874712377,0.004677063664118107,-0.00021002778940573037,wf2022B,wf2022,B,0.8
wf2022,w0.8,20221031,-0.0007449583403181248,-0.000389494536345012,-0.00035546380397311246,wf2022B,wf2022,B,0.8
wf2022,w0.8,20221101,0.0005662924199548586,0.0013798998552186621,-0.0008136074352638066,wf2022B,wf2022,B,0.8
wf2022,w0.8,20221102,7.654821721203141e-05,0.000966378648795698,-0.0008422115880393393,wf2022B,wf2022,B,0.8
wf2022,w0.8,20221103,-0.0001837176875385954,0.0006536097716439162,-0.0008373274591825107,wf2022B,wf2022,B,0.8
wf2022,w0.8,20221104,-0.0009183794948845877,-0.0010175577685826134,0.00010149553913740225,wf2022B,wf2022,B,0.8
wf2022,w0.8,20221107,0.0008646624028460281,0.00047418880495629916,0.00039759853886559276,wf2022B,wf2022,B,0.8
wf2022,w0.8,20221108,-0.00022560964061013307,-0.00037777536162379765,0.00014804523141275275,wf2022B,wf2022,B,0.8
wf2022,w0.8,20221109,0.00240558303914618,0.0008390255675268545,0.0015762568403183826,wf2022B,wf2022,B,0.8
wf2022,w0.8,20221110,0.0002166648699570813,-0.0006408041908458435,0.0008590711562408726,wf2022B,wf2022,B,0.8
wf2022,w0.8,20221111,0.002490923084157166,0.001116256241027609,0.0013806778747163804,wf2022B,wf2022,B,0.8
wf2022,w0.8,20221114,0.0004985264826036506,0.0017407535096462864,-0.0012436948144634258,wf2022B,wf2022,B,0.8
wf2022,w0.8,20221115,5.6304997026048386e-05,-0.00039543303176320453,0.00046582559366944976,wf2022B,wf2022,B,0.8
wf2022,w0.8,20221116,0.0015734827507132452,0.001129761393195691,0.00045643872201883674,wf2022B,wf2022,B,0.8
wf2022,w0.8,20221117,0.001372318640695056,0.0009273943747359863,0.0004465773150699921,wf2022B,wf2022,B,0.8
wf2022,w0.8,20221118,0.0007232207685398829,0.002183003913541929,-0.0014514294921765115,wf2022B,wf2022,B,0.8
wf2022,w0.8,20221121,0.0011154814725984775,-0.0009564244857711197,0.002095525000510317,wf2022B,wf2022,B,0.8
wf2022,w0.8,20221122,-0.001830372386262766,-0.0024012814947077642,0.0005515915036828724,wf2022B,wf2022,B,0.8
wf2022,w0.8,20221123,-0.0006127427406136137,0.00030283025824995866,-0.000899211347108002,wf2022B,wf2022,B,0.8
wf2022,w0.8,20221124,0.001163151130896053,-0.001200189257610066,0.0023723078165384633,wf2022B,wf2022,B,0.8
wf2022,w0.8,20221125,-0.0004842218100999051,-0.0002454677367721875,-0.0002498899397347381,wf2022B,wf2022,B,0.8
wf2022,w0.8,20221128,-0.0004005567179703913,-0.001007116690435923,0.000597515533852846,wf2022B,wf2022,B,0.8
wf2022,w0.8,20221129,-0.001648767947275031,-0.0014121614439968383,-0.0002473576853253334,wf2022B,wf2022,B,0.8
wf2022,w0.8,20221130,0.0021317002722559073,0.0028835035434603574,-0.0007351584722417162,wf2022B,wf2022,B,0.8
wf2022,w0.8,20221201,0.0012270018338244827,0.0013187567611460454,-9.316278551739328e-05,wf2022B,wf2022,B,0.8
wf2022,w0.8,20221202,0.0015302264464325168,-0.00032852728445441294,0.0018625041008052871,wf2022B,wf2022,B,0.8
wf2022,w0.8,20221205,0.0014696430420214003,0.001190423169428582,0.0002933712277944082,wf2022B,wf2022,B,0.8
wf2022,w0.8,20221206,0.0013793349581559242,0.00177435993412012,-0.00039183537494715676,wf2022B,wf2022,B,0.8
wf2022,w0.8,20221207,-0.0016162340038733368,-0.0018899814494853211,0.0002711566195387091,wf2022B,wf2022,B,0.8
wf2022,w0.8,20221208,0.0007911865371509535,0.000712232159058628,6.976245607531253e-05,wf2022B,wf2022,B,0.8
wf2022,w0.8,20221209,0.003119622978631521,0.004185232408007592,-0.0010704264860765412,wf2022B,wf2022,B,0.8
wf2022,w0.8,20221212,-0.0014283970133931812,-0.00275028731447648,0.0013201846275235213,wf2022B,wf2022,B,0.8
wf2022,w0.8,20221213,-0.00027946463661986326,-0.0005283116508896925,0.00023838960258681764,wf2022B,wf2022,B,0.8
wf2022,w0.8,20221214,7.12763418586706e-05,0.0009185419554884399,-0.0008472656136297698,wf2022B,wf2022,B,0.8
wf2022,w0.8,20221215,0.0010541167448742759,0.00016460887201463596,0.0008895078728596393,wf2022B,wf2022,B,0.8
wf2022,w0.8,20221216,-0.00044913572282863357,-0.00013143518589848216,-0.0003177005369301534,wf2022B,wf2022,B,0.8
wf2022,w0.8,20221219,-0.001039013382732685,-0.001762138372360274,0.0007231249896275895,wf2022B,wf2022,B,0.8
wf2022,w0.8,20221220,0.0006273867951926927,0.0001979285023008102,0.0004294582928918825,wf2022B,wf2022,B,0.8
wf2022,w0.8,20221221,0.0014110722358763525,0.0012568372736988824,0.00015423496217746986,wf2022B,wf2022,B,0.8
wf2022,w0.8,20221222,0.0013212789876558895,0.0011326414153193828,0.00018863757233650652,wf2022B,wf2022,B,0.8
wf2022,w0.8,20221223,-0.0006196988482125194,0.0006406163458213925,-0.001260315194033913,wf2022B,wf2022,B,0.8
wf2022,w0.8,20221226,-0.0004680920666853376,-0.0013018076593343357,0.0008337155926489988,wf2022B,wf2022,B,0.8
wf2022,w0.8,20221227,-0.00033954278264167366,-0.0008069887223329626,0.00046744593969128836,wf2022B,wf2022,B,0.8
wf2022,w0.8,20221228,0.001112097567742091,0.0013621991693312102,-0.00025010160158911877,wf2022B,wf2022,B,0.8
wf2022,w0.8,20221229,0.0009813179070748924,0.0003906339984363951,0.0005906839086384947,wf2022B,wf2022,B,0.8
wf2022,w0.8,20221230,0.0003597029439315058,0.0015868632161918023,-0.001227160272260294,wf2022B,wf2022,B,0.8
wf2022,w0.9,20220810,0.003547590780472296,0.002304716247627528,0.0012623387780177414,wf2022B,wf2022,B,0.9
wf2022,w0.9,20220811,0.00033747365146326964,-0.0013927411961114947,0.0017069330901906582,wf2022B,wf2022,B,0.9
wf2022,w0.9,20220812,-0.0002420927616964795,0.0018458497021936224,-0.0021301348868508897,wf2022B,wf2022,B,0.9
wf2022,w0.9,20220815,-0.002542975712646907,-0.0011053584869588468,-0.0014518323368055992,wf2022B,wf2022,B,0.9
wf2022,w0.9,20220816,0.0005804588126218993,0.00010651226450640805,0.000506511809729543,wf2022B,wf2022,B,0.9
wf2022,w0.9,20220817,-0.0017033794276944511,0.00023538554496566367,-0.0019372191448652268,wf2022B,wf2022,B,0.9
wf2022,w0.9,20220818,0.0015350052602658704,-0.0013911072698803743,0.002913637073416007,wf2022B,wf2022,B,0.9
wf2022,w0.9,20220819,4.111283831529939e-05,-0.0006231305273841114,0.0006623846582032273,wf2022B,wf2022,B,0.9
wf2022,w0.9,20220822,-0.001848842527508139,-0.0007837334970595975,-0.0010581235596654952,wf2022B,wf2022,B,0.9
wf2022,w0.9,20220823,0.003315236590580927,-0.00018382377350515387,0.00349996189237064,wf2022B,wf2022,B,0.9
wf2022,w0.9,20220824,0.0016459464549815322,-0.0004693346741286798,0.002119080801610104,wf2022B,wf2022,B,0.9
wf2022,w0.9,20220825,-0.00020388841096477973,-0.0011333979368236004,0.000929509525858823,wf2022B,wf2022,B,0.9
wf2022,w0.9,20220826,-0.0008935139447777208,-0.0008754702362202521,-1.8043708557468805e-05,wf2022B,wf2022,B,0.9
wf2022,w0.9,20220829,0.0022422501393117543,5.0642035224279054e-05,0.0021916081040874746,wf2022B,wf2022,B,0.9
wf2022,w0.9,20220830,0.0020266901580552124,-0.0014057803490057099,0.00343247050706092,wf2022B,wf2022,B,0.9
wf2022,w0.9,20220831,0.0015065519953931126,0.0009421792091612372,0.0005643727862318745,wf2022B,wf2022,B,0.9
wf2022,w0.9,20220901,0.00045633274952336725,0.0015486769403760526,-0.0010923441908526831,wf2022B,wf2022,B,0.9
wf2022,w0.9,20220902,-0.0015697960906557768,-0.0020461902445811113,0.0004763941539253337,wf2022B,wf2022,B,0.9
wf2022,w0.9,20220905,-0.0029475532246656735,-0.0015453547649002953,-0.001402198459765377,wf2022B,wf2022,B,0.9
wf2022,w0.9,20220906,-0.002186924953817262,-0.00035422166975056745,-0.001832703284066694,wf2022B,wf2022,B,0.9
wf2022,w0.9,20220907,0.0001388550064191224,-0.0012883556165645058,0.0014272106229836262,wf2022B,wf2022,B,0.9
wf2022,w0.9,20220908,0.0020862333155307017,0.0007912024287795257,0.0012950308867511772,wf2022B,wf2022,B,0.9
wf2022,w0.9,20220909,0.00011343156294620852,0.000236877656054677,-0.00012344609310846873,wf2022B,wf2022,B,0.9
wf2022,w0.9,20220913,0.0006221632524293034,-4.4376126435890915e-05,0.0006665393788651942,wf2022B,wf2022,B,0.9
wf2022,w0.9,20220914,0.0011627328666188388,-0.0017406855281886318,0.0029034183948074685,wf2022B,wf2022,B,0.9
wf2022,w0.9,20220915,0.0002769014061913058,0.0007648577541847851,-0.0004879563479934828,wf2022B,wf2022,B,0.9
wf2022,w0.9,20220916,0.0005033619507175385,0.0005106048987982937,-7.242948080754335e-06,wf2022B,wf2022,B,0.9
wf2022,w0.9,20220919,-0.00036243302983359274,0.0006531339537887049,-0.001015566983622299,wf2022B,wf2022,B,0.9
wf2022,w0.9,20220920,0.0005276752194841505,-7.267287860690476e-05,0.0006003480980910567,wf2022B,wf2022,B,0.9
wf2022,w0.9,20220921,-0.0002818497907281529,0.0004098524240801007,-0.0006917022148082539,wf2022B,wf2022,B,0.9
wf2022,w0.9,20220922,0.0014334182122415703,-0.00029637279958498594,0.0017297910118265593,wf2022B,wf2022,B,0.9
wf2022,w0.9,20220923,-0.001907679544384859,-0.0007815681906654633,-0.0011261113537193957,wf2022B,wf2022,B,0.9
wf2022,w0.9,20220926,0.003252885001774685,0.003178881420152098,7.400358162258744e-05,wf2022B,wf2022,B,0.9
wf2022,w0.9,20220927,0.0017721695428397355,-0.0003191099763369007,0.002091279519176635,wf2022B,wf2022,B,0.9
wf2022,w0.9,20220928,0.0030510805586169793,0.003236916067036433,-0.0001858355084194538,wf2022B,wf2022,B,0.9
wf2022,w0.9,20220929,0.001959101130629543,8.868312974323015e-05,0.0018704180008863162,wf2022B,wf2022,B,0.9
wf2022,w0.9,20220930,-0.00038188014519847935,-0.0010646080846413565,0.0006827279394428758,wf2022B,wf2022,B,0.9
wf2022,w0.9,20221010,-0.0003558008462592587,0.0002016216136091889,-0.0005574224598684482,wf2022B,wf2022,B,0.9
wf2022,w0.9,20221011,0.00243278490576649,0.003603161658033949,-0.0011703767522674594,wf2022B,wf2022,B,0.9
wf2022,w0.9,20221012,0.0015874115184494244,0.0018975619780149788,-0.0003101504595655519,wf2022B,wf2022,B,0.9
wf2022,w0.9,20221013,0.0028688304486507374,0.003520005041984447,-0.0006511745933337034,wf2022B,wf2022,B,0.9
wf2022,w0.9,20221014,0.0013549726521862229,0.0016409163024777326,-0.000285943650291508,wf2022B,wf2022,B,0.9
wf2022,w0.9,20221017,-0.0005452946335289632,3.881172622014319e-05,-0.0005841063597491064,wf2022B,wf2022,B,0.9
wf2022,w0.9,20221018,0.001194037885771622,0.0013413231071130885,-0.0001472852213414661,wf2022B,wf2022,B,0.9
wf2022,w0.9,20221019,0.0008635747239912504,0.0003826464689944371,0.00048092825499681266,wf2022B,wf2022,B,0.9
wf2022,w0.9,20221020,-0.0005017004965745845,-0.0005398100129578403,3.810951638325564e-05,wf2022B,wf2022,B,0.9
wf2022,w0.9,20221021,-0.0002917956603883196,0.0005133604749587304,-0.0008051561353470538,wf2022B,wf2022,B,0.9
wf2022,w0.9,20221024,0.0002689547387557307,0.0004358764374455142,-0.00016692169868978362,wf2022B,wf2022,B,0.9
wf2022,w0.9,20221025,0.0016144190956191191,0.0020288801229686863,-0.00041446102734956177,wf2022B,wf2022,B,0.9
wf2022,w0.9,20221026,0.0050742723010403805,0.0035264722778747884,0.0015478000231655912,wf2022B,wf2022,B,0.9
wf2022,w0.9,20221027,0.0009794920695023676,8.995061010003147e-05,0.00088954145940233,wf2022B,wf2022,B,0.9
wf2022,w0.9,20221028,0.0036960672364419536,0.003971431658182924,-0.00027536442174096816,wf2022B,wf2022,B,0.9
wf2022,w0.9,20221031,0.0008166572397006154,0.00114546790097114,-0.00032881066127052295,wf2022B,wf2022,B,0.9
wf2022,w0.9,20221101,0.0012635157182397487,0.0019575964473007874,-0.0006940807290610437,wf2022B,wf2022,B,0.9
wf2022,w0.9,20221102,0.0003261662261961097,0.0010957109729081314,-0.0007219259031676943,wf2022B,wf2022,B,0.9
wf2022,w0.9,20221103,0.0006881177144625571,0.00139770661780954,-0.0007095889033469829,wf2022B,wf2022,B,0.9
wf2022,w0.9,20221104,-0.00030349610659661554,-0.00036226052661309996,6.108168545586104e-05,wf2022B,wf2022,B,0.9
wf2022,w0.9,20221107,3.318322964516253e-05,-0.0002855113182758455,0.0003258194888968721,wf2022B,wf2022,B,0.9
wf2022,w0.9,20221108,1.8304147882121065e-05,-0.00015568323260598915,0.00016986689088719834,wf2022B,wf2022,B,0.9
wf2022,w0.9,20221109,0.0031124310248140602,0.001776051679309326,0.0013460787142037917,wf2022B,wf2022,B,0.9
wf2022,w0.9,20221110,5.2956317290821925e-05,-0.0007673208402761535,0.0008218792530049236,wf2022B,wf2022,B,0.9
wf2022,w0.9,20221111,0.000654486180302831,-0.000527098389975631,0.0011875956018652842,wf2022B,wf2022,B,0.9
wf2022,w0.9,20221114,0.0005626479392666951,0.0016412670512781279,-0.0010800868994322243,wf2022B,wf2022,B,0.9
wf2022,w0.9,20221115,0.00017134349983853625,-0.00023165349707528925,0.00041708456179402175,wf2022B,wf2022,B,0.9
wf2022,w0.9,20221116,0.000339601410668626,-4.750021481747128e-05,0.00039981898998738013,wf2022B,wf2022,B,0.9
wf2022,w0.9,20221117,0.0012640113208683993,0.0007998865438385228,0.0004657778261407992,wf2022B,wf2022,B,0.9
wf2022,w0.9,20221118,0.0007717667875671826,0.0021334908731522684,-0.0013533704327595513,wf2022B,wf2022,B,0.9
wf2022,w0.9,20221121,0.0005099689279064196,-0.0014795801257220056,0.0020131680957691453,wf2022B,wf2022,B,0.9
wf2022,w0.9,20221122,-0.0008697053380089777,-0.0014459222955971343,0.0005568993528260334,wf2022B,wf2022,B,0.9
wf2022,w0.9,20221123,-0.0009344259928771833,-2.5738998443745043e-05,-0.0008923253426778678,wf2022B,wf2022,B,0.9
wf2022,w0.9,20221124,0.0002711689053125563,-0.0019032068760788667,0.0021833432094237673,wf2022B,wf2022,B,0.9
wf2022,w0.9,20221125,-0.0017181577297380132,-0.0014861968309528555,-0.00024309676519217784,wf2022B,wf2022,B,0.9
wf2022,w0.9,20221128,0.00014689824344353564,-0.0003477531365074077,0.0004856069413382569,wf2022B,wf2022,B,0.9
wf2022,w0.9,20221129,-0.0009282659507478769,-0.0007454681758068631,-0.00019354895698815442,wf2022B,wf2022,B,0.9
wf2022,w0.9,20221130,0.0019888398396550842,0.0026870237225600476,-0.0006815390839422294,wf2022B,wf2022,B,0.9
wf2022,w0.9,20221201,0.0011263099589158441,0.0012127368292005002,-8.78347284804882e-05,wf2022B,wf2022,B,0.9
wf2022,w0.9,20221202,0.0004864240611531685,-0.0012994757198433436,0.0017896501509148675,wf2022B,wf2022,B,0.9
wf2022,w0.9,20221205,0.0013899675922590285,0.001078974089783853,0.00032514485767676574,wf2022B,wf2022,B,0.9
wf2022,w0.9,20221206,0.002180977388003372,0.002552398135768645,-0.000368231146748234,wf2022B,wf2022,B,0.9
wf2022,w0.9,20221207,-0.0010562462882484124,-0.0013235516310588556,0.00026471451673716796,wf2022B,wf2022,B,0.9
wf2022,w0.9,20221208,-0.0003870240804085235,-0.00042561950014016487,2.9403497714628276e-05,wf2022B,wf2022,B,0.9
wf2022,w0.9,20221209,0.0023146433718952307,0.003269806149653522,-0.0009599798344587612,wf2022B,wf2022,B,0.9
wf2022,w0.9,20221212,-0.0020883199719325877,-0.003362433431507643,0.0012724077860152777,wf2022B,wf2022,B,0.9
wf2022,w0.9,20221213,-1.9631268464420388e-05,-0.0002581520526067686,0.0002280633724593364,wf2022B,wf2022,B,0.9
wf2022,w0.9,20221214,0.0003307771999350754,0.0010831992751037668,-0.0007524220751686916,wf2022B,wf2022,B,0.9
wf2022,w0.9,20221215,0.0012234867940026442,0.00043516081702931505,0.0007883259769733285,wf2022B,wf2022,B,0.9
wf2022,w0.9,20221216,-9.346985245494571e-05,0.0002672358071261965,-0.00036070565958114503,wf2022B,wf2022,B,0.9
wf2022,w0.9,20221219,0.000301441957073211,-0.00036406519610166356,0.0006655071531748746,wf2022B,wf2022,B,0.9
wf2022,w0.9,20221220,-0.0002769195756421152,-0.0006820092071202232,0.00040508963147810806,wf2022B,wf2022,B,0.9
wf2022,w0.9,20221221,0.0015142400647862354,0.0013565871565780461,0.00015765290820818708,wf2022B,wf2022,B,0.9
wf2022,w0.9,20221222,5.514912516582562e-05,-0.00018167020533762054,0.0002368193305034459,wf2022B,wf2022,B,0.9
wf2022,w0.9,20221223,0.0012160634718705304,0.002520648852921724,-0.0013045853810511958,wf2022B,wf2022,B,0.9
wf2022,w0.9,20221226,2.732095430092469e-05,-0.0008020503017134664,0.000829371256014393,wf2022B,wf2022,B,0.9
wf2022,w0.9,20221227,-0.0006487135409139286,-0.001031716739625142,0.00038300319871121304,wf2022B,wf2022,B,0.9
wf2022,w0.9,20221228,4.1564460483847245e-05,0.0002635170301599186,-0.00022195256967606997,wf2022B,wf2022,B,0.9
wf2022,w0.9,20221229,0.000164106250627084,-0.000371667818672365,0.0005357740692994491,wf2022B,wf2022,B,0.9
wf2022,w0.9,20221230,0.001856300420888985,0.00302360903068263,-0.0011673086097936452,wf2022B,wf2022,B,0.9
wf2022,w1.0,20220810,0.0033091271502376767,0.002600899556302664,0.0007276918391079841,wf2022B,wf2022,B,1.0
wf2022,w1.0,20220811,0.0007038152655812326,-0.0005090163223756785,0.0011895498305728046,wf2022B,wf2022,B,1.0
wf2022,w1.0,20220812,-0.0011076673760405079,0.00047262507964579865,-0.001622484878647093,wf2022B,wf2022,B,1.0
wf2022,w1.0,20220815,-0.0019860234379149994,-0.0009236467293444663,-0.0010765918196880713,wf2022B,wf2022,B,1.0
wf2022,w1.0,20220816,0.0005528763865979935,0.0002704132854838147,0.00031502836272822974,wf2022B,wf2022,B,1.0
wf2022,w1.0,20220817,-0.0022845904349546157,-0.0008443641264887877,-0.0014386804806709402,wf2022B,wf2022,B,1.0
wf2022,w1.0,20220818,0.002154595623394288,-4.033362952273164e-05,0.002182453796186783,wf2022B,wf2022,B,1.0
wf2022,w1.0,20220819,0.0010074820840364441,0.0005140117920109545,0.0004916115845293061,wf2022B,wf2022,B,1.0
wf2022,w1.0,20220822,-0.0005719060571265731,0.0001853310130531496,-0.0007502515993966768,wf2022B,wf2022,B,1.0
wf2022,w1.0,20220823,0.005257151470870622,0.0026383690655257626,0.0026196839336294128,wf2022B,wf2022,B,1.0
wf2022,w1.0,20220824,0.002874884372735634,0.0016195460197886255,0.0012591380254469015,wf2022B,wf2022,B,1.0
wf2022,w1.0,20220825,-0.0002570305230988716,-0.0008574752647771673,0.0006004447416782958,wf2022B,wf2022,B,1.0
wf2022,w1.0,20220826,0.0006618105316056897,0.000759483704059837,-9.767317245414816e-05,wf2022B,wf2022,B,1.0
wf2022,w1.0,20220829,0.0010543965989745594,-0.00025306374966850586,0.0013074603486430642,wf2022B,wf2022,B,1.0
wf2022,w1.0,20220830,0.003964352343394671,0.0019938824859482536,0.0019704698574464123,wf2022B,wf2022,B,1.0
wf2022,w1.0,20220831,0.0025337260179865554,0.0021176313118017927,0.0004160947061847622,wf2022B,wf2022,B,1.0
wf2022,w1.0,20220901,-0.0003980010536983238,0.0004043900658323898,-0.0008023911195307098,wf2022B,wf2022,B,1.0
wf2022,w1.0,20220902,-0.0005826015010506652,-0.0009485994584370631,0.00036599795738639836,wf2022B,wf2022,B,1.0
wf2022,w1.0,20220905,-0.0019387655962624529,-0.0009745676719276257,-0.0009641979243348267,wf2022B,wf2022,B,1.0
wf2022,w1.0,20220906,-0.0014224233765234044,-0.00014745491143522302,-0.0012749684650881807,wf2022B,wf2022,B,1.0
wf2022,w1.0,20220907,0.0003902404389242199,-0.0007062585750124883,0.0010964990139367076,wf2022B,wf2022,B,1.0
wf2022,w1.0,20220908,0.003206028303194091,0.002256183458070993,0.0009498448451230978,wf2022B,wf2022,B,1.0
wf2022,w1.0,20220909,-0.0009362639716883985,-0.0008371796349436141,-9.908433674478393e-05,wf2022B,wf2022,B,1.0
wf2022,w1.0,20220913,0.0009780250755590698,0.0004497765456712982,0.0005282485298877709,wf2022B,wf2022,B,1.0
wf2022,w1.0,20220914,0.0013793062365502484,-0.0006197880443946899,0.001999094280944939,wf2022B,wf2022,B,1.0
wf2022,w1.0,20220915,0.0017324458752846633,0.0018871471552537335,-0.00015470127996907015,wf2022B,wf2022,B,1.0
wf2022,w1.0,20220916,0.0019426679610019069,0.0018204250147906002,0.00012224294621130446,wf2022B,wf2022,B,1.0
wf2022,w1.0,20220919,-0.0012489587184011334,-0.0006727049328701594,-0.0005762537855309732,wf2022B,wf2022,B,1.0
wf2022,w1.0,20220920,-0.0006115937298752771,-0.0010285657476436316,0.0004169720177683554,wf2022B,wf2022,B,1.0
wf2022,w1.0,20220921,6.085667409255757e-06,0.000510257640408787,-0.0005041719729995311,wf2022B,wf2022,B,1.0
wf2022,w1.0,20220922,0.0015235686835155526,-3.948892920936772e-05,0.001563057612724919,wf2022B,wf2022,B,1.0
wf2022,w1.0,20220923,0.0006138062259650641,0.0014284676946396107,-0.0008146614686745479,wf2022B,wf2022,B,1.0
wf2022,w1.0,20220926,0.0027672566558488362,0.0027888493258315396,-2.1592669982697406e-05,wf2022B,wf2022,B,1.0
wf2022,w1.0,20220927,-7.182268513505896e-05,-0.0019308936636306994,0.0018590709784956385,wf2022B,wf2022,B,1.0
wf2022,w1.0,20220928,0.003750728569595458,0.003864965893670431,-0.0001142373240749732,wf2022B,wf2022,B,1.0
wf2022,w1.0,20220929,0.0013222807715170242,-5.00368902050575e-05,0.0013723176617220839,wf2022B,wf2022,B,1.0
wf2022,w1.0,20220930,0.0002769081127099553,-0.0002758203635413496,0.0005527284762513052,wf2022B,wf2022,B,1.0
wf2022,w1.0,20221010,-0.0012542320006715766,-0.0008397213944280541,-0.00041451060624352206,wf2022B,wf2022,B,1.0
wf2022,w1.0,20221011,0.0009580856660444635,0.0019084799725784646,-0.0009503943065340034,wf2022B,wf2022,B,1.0
wf2022,w1.0,20221012,0.0017878216769062066,0.0021241507987372096,-0.0003363291218310009,wf2022B,wf2022,B,1.0
wf2022,w1.0,20221013,0.0017792430272856735,0.0024274720881495844,-0.0006482290608639063,wf2022B,wf2022,B,1.0
wf2022,w1.0,20221014,0.0008456833400207683,0.001163366525573432,-0.00031768318555266316,wf2022B,wf2022,B,1.0
wf2022,w1.0,20221017,-0.0007253807276868516,-6.0956442240017864e-05,-0.000664424285446834,wf2022B,wf2022,B,1.0
wf2022,w1.0,20221018,-0.0009687049377489886,-0.0008310762989550242,-0.0001376286387939639,wf2022B,wf2022,B,1.0
wf2022,w1.0,20221019,0.0007903808083581207,0.0003295164592829273,0.0004608643490751926,wf2022B,wf2022,B,1.0
wf2022,w1.0,20221020,-0.0004482218905016731,-0.0004585040902127526,1.0282199711079418e-05,wf2022B,wf2022,B,1.0
wf2022,w1.0,20221021,-8.955678360703795e-05,0.0006388152262774687,-0.0007283720098845087,wf2022B,wf2022,B,1.0
wf2022,w1.0,20221024,-0.0004020827063535848,-0.0001454923928825276,-0.0002565903134710574,wf2022B,wf2022,B,1.0
wf2022,w1.0,20221025,0.0019295038613473085,0.002352224978404963,-0.0004227211170576588,wf2022B,wf2022,B,1.0
wf2022,w1.0,20221026,0.002288667079454382,0.0008006491304872524,0.0014880179489671305,wf2022B,wf2022,B,1.0
wf2022,w1.0,20221027,0.002716983291974631,0.00168072591529169,0.001036257376682932,wf2022B,wf2022,B,1.0
wf2022,w1.0,20221028,0.0006148685615891044,0.0011128958688028695,-0.0004980273072137645,wf2022B,wf2022,B,1.0
wf2022,w1.0,20221031,0.0024798255599312174,0.0028991036311688564,-0.0004192780712376405,wf2022B,wf2022,B,1.0
wf2022,w1.0,20221101,0.0008706136788034346,0.0015981057709626397,-0.000727492092159208,wf2022B,wf2022,B,1.0
wf2022,w1.0,20221102,-0.00040010781654522274,0.0003882708289079136,-0.0007407598019088093,wf2022B,wf2022,B,1.0
wf2022,w1.0,20221103,0.0015007953084345202,0.0022361037540345402,-0.0007353084456000195,wf2022B,wf2022,B,1.0
wf2022,w1.0,20221104,0.0005451456701891094,0.0004625567637661293,8.490617186235676e-05,wf2022B,wf2022,B,1.0
wf2022,w1.0,20221107,-0.0004434030751608283,-0.000824494930686952,0.0003882167965019878,wf2022B,wf2022,B,1.0
wf2022,w1.0,20221108,0.0009214124306591927,0.0007693405199123353,0.0001479514211459459,wf2022B,wf2022,B,1.0
wf2022,w1.0,20221109,0.000802338482331836,-0.0006149445240704384,0.0014269823751013302,wf2022B,wf2022,B,1.0
wf2022,w1.0,20221110,0.001356908478966811,0.00041284267443387194,0.0009456678999708879,wf2022B,wf2022,B,1.0
wf2022,w1.0,20221111,0.0005614525375598051,-0.0006946790402674529,0.0012621426094140808,wf2022B,wf2022,B,1.0
wf2022,w1.0,20221114,0.0009941789510251632,0.002248073877040417,-0.0012553627134360445,wf2022B,wf2022,B,1.0
wf2022,w1.0,20221115,-0.0011703657658032902,-0.0014613653565758139,0.00030508715565272026,wf2022B,wf2022,B,1.0
wf2022,w1.0,20221116,0.0007837902393909354,0.0004145702598867934,0.0003819373440054242,wf2022B,wf2022,B,1.0
wf2022,w1.0,20221117,0.000657648623118642,0.0002460343749670226,0.0004132672972625421,wf2022B,wf2022,B,1.0
wf2022,w1.0,20221118,-0.0005171638115466063,0.0007068608985235134,-0.0012156710572445838,wf2022B,wf2022,B,1.0
wf2022,w1.0,20221121,0.0007183470389887855,-0.001251610773704266,0.001993576854833773,wf2022B,wf2022,B,1.0
wf2022,w1.0,20221122,-0.00039703795917296527,-0.0011094013476030883,0.0006930457836679997,wf2022B,wf2022,B,1.0
wf2022,w1.0,20221123,0.0002549918491374049,0.000984220290907059,-0.0007128667900140839,wf2022B,wf2022,B,1.0
wf2022,w1.0,20221124,-5.378479806023191e-05,-0.0019035157492132762,0.0018586983791853866,wf2022B,wf2022,B,1.0
wf2022,w1.0,20221125,-0.0014736907458468783,-0.001250362560667378,-0.00023446405158651938,wf2022B,wf2022,B,1.0
wf2022,w1.0,20221128,-0.0006352148205866458,-0.0010576397134622626,0.00041338045426292825,wf2022B,wf2022,B,1.0
wf2022,w1.0,20221129,-0.0013915007199531905,-0.00123035529863194,-0.00017189660336839214,wf2022B,wf2022,B,1.0
wf2022,w1.0,20221130,0.0026699947880325665,0.0032285378337938227,-0.0005418982467985202,wf2022B,wf2022,B,1.0
wf2022,w1.0,20221201,-0.0012464648323671224,-0.0011900767977357316,-5.779589282722175e-05,wf2022B,wf2022,B,1.0
wf2022,w1.0,20221202,0.00044160085281716097,-0.001021553557031562,0.0014669047797670797,wf2022B,wf2022,B,1.0
wf2022,w1.0,20221205,0.00258940696754392,0.0023200034580584945,0.0002835548646870153,wf2022B,wf2022,B,1.0
wf2022,w1.0,20221206,0.001863374201634238,0.002151458644975501,-0.0002848948423242231,wf2022B,wf2022,B,1.0
wf2022,w1.0,20221207,0.0002957929954620132,5.622200039508585e-05,0.0002369801689936517,wf2022B,wf2022,B,1.0
wf2022,w1.0,20221208,0.0014588372542903964,0.001446889444379354,2.7558878940292113e-06,wf2022B,wf2022,B,1.0
wf2022,w1.0,20221209,0.0014067952563915935,0.0021471057305654066,-0.0007451275308742831,wf2022B,wf2022,B,1.0
wf2022,w1.0,20221212,0.000827652675559506,-0.0001465083514683754,0.0009724553534681041,wf2022B,wf2022,B,1.0
wf2022,w1.0,20221213,0.0005136084730522879,0.00032796532486916786,0.00017518573650010828,wf2022B,wf2022,B,1.0
wf2022,w1.0,20221214,-0.0005808903412100018,1.838222132652975e-05,-0.0005992725625365312,wf2022B,wf2022,B,1.0
wf2022,w1.0,20221215,0.0013170680117982614,0.0006730056546972783,0.0006440623571009813,wf2022B,wf2022,B,1.0
wf2022,w1.0,20221216,0.000382799269534613,0.0006534164358374798,-0.0002706171663028719,wf2022B,wf2022,B,1.0
wf2022,w1.0,20221219,0.0007881476865463444,0.0004129765345102151,0.0003751711520361294,wf2022B,wf2022,B,1.0
wf2022,w1.0,20221220,0.000532739571205457,0.00018321441153003638,0.00034952515967542083,wf2022B,wf2022,B,1.0
wf2022,w1.0,20221221,0.0012916521370746163,0.0011872391057143271,0.00010441303136028899,wf2022B,wf2022,B,1.0
wf2022,w1.0,20221222,-0.0008053306128974281,-0.000898917224323583,9.358661142615532e-05,wf2022B,wf2022,B,1.0
wf2022,w1.0,20221223,0.0012132030856711867,0.0021017761352938253,-0.0008885730496226367,wf2022B,wf2022,B,1.0
wf2022,w1.0,20221226,0.0009162329396169878,0.00020948906021779515,0.0007067438793991936,wf2022B,wf2022,B,1.0
wf2022,w1.0,20221227,0.0006975274054040956,0.0004233389869049242,0.0002741884184991699,wf2022B,wf2022,B,1.0
wf2022,w1.0,20221228,0.0004498995272849563,0.0005747949455569552,-0.00012489541827199837,wf2022B,wf2022,B,1.0
wf2022,w1.0,20221229,-0.0007695955371601892,-0.0011395591056262049,0.0003699635684660169,wf2022B,wf2022,B,1.0
wf2022,w1.0,20221230,0.0007831451533982896,0.0018126102246782425,-0.0010294650712799488,wf2022B,wf2022,B,1.0
wf2023,w0.0,20230421,0.0025045522895031196,0.002624142888012801,-0.00011959059850968112,wf2023A,wf2023,A,0.0
wf2023,w0.0,20230424,-0.0017988789426405735,-0.0018583943699597865,5.9515427319212135e-05,wf2023A,wf2023,A,0.0
wf2023,w0.0,20230425,0.0001288277663930911,-0.0014382464078459632,0.001567074174239055,wf2023A,wf2023,A,0.0
wf2023,w0.0,20230426,0.0038878903708846604,0.002326332180793343,0.0015615581900913175,wf2023A,wf2023,A,0.0
wf2023,w0.0,20230427,0.007325350586680161,0.008134209786297194,-0.0008088591996170285,wf2023A,wf2023,A,0.0
wf2023,w0.0,20230428,0.001298892905919869,0.0010675945441626666,0.00023063408861730906,wf2023A,wf2023,A,0.0
wf2023,w0.0,20230504,0.0021900616785547854,0.002084280001309493,0.00013260169638152608,wf2023A,wf2023,A,0.0
wf2023,w0.0,20230505,0.002778759139335228,0.003033985673138598,-0.0002592284054867402,wf2023A,wf2023,A,0.0
wf2023,w0.0,20230508,-0.0003921983726369923,-0.0011650334166670166,0.0007763798442833335,wf2023A,wf2023,A,0.0
wf2023,w0.0,20230509,0.0034847264681378753,0.0034221029016073164,5.695822260501471e-05,wf2023A,wf2023,A,0.0
wf2023,w0.0,20230510,0.0037076008252733697,0.003485405095001233,0.00022472182946572784,wf2023A,wf2023,A,0.0
wf2023,w0.0,20230511,0.0016174840929273644,0.0010527408951973509,0.000565208072702913,wf2023A,wf2023,A,0.0
wf2023,w0.0,20230512,0.0006008196136438144,6.688049296486832e-05,0.0005208677791929974,wf2023A,wf2023,A,0.0
wf2023,w0.0,20230515,0.0035731989963755095,0.002416437414585615,0.0011716830525649298,wf2023A,wf2023,A,0.0
wf2023,w0.0,20230516,0.006948821560723009,0.007097528019072878,-0.0001452053046342332,wf2023A,wf2023,A,0.0
wf2023,w0.0,20230517,0.00565753467105549,0.006970355191031001,-0.0013138217376184836,wf2023A,wf2023,A,0.0
wf2023,w0.0,20230518,0.001805012205369824,0.0015561082648214803,0.00024802142707849775,wf2023A,wf2023,A,0.0
wf2023,w0.0,20230519,0.00024931251093574316,-0.0005417484046121712,0.0007827863250917798,wf2023A,wf2023,A,0.0
wf2023,w0.0,20230522,0.00045992615002259096,-0.00030644420718377893,0.0007638230326952825,wf2023A,wf2023,A,0.0
wf2023,w0.0,20230523,0.005654497672611853,0.006062858014517874,-0.00040836034190602083,wf2023A,wf2023,A,0.0
wf2023,w0.0,20230524,0.004421254914999956,0.004131709411013363,0.00028954550398659345,wf2023A,wf2023,A,0.0
wf2023,w0.0,20230525,0.0024290741609001073,0.0032205965616794114,-0.0007915224007793026,wf2023A,wf2023,A,0.0
wf2023,w0.0,20230526,0.0004689352247104518,0.001162559607210708,-0.000693624382500256,wf2023A,wf2023,A,0.0
wf2023,w0.0,20230529,0.001065630936946945,0.0020191347520446515,-0.0009535038150977058,wf2023A,wf2023,A,0.0
wf2023,w0.0,20230530,-0.0005960521261614421,0.0006841560335795001,-0.001280208159740942,wf2023A,wf2023,A,0.0
wf2023,w0.0,20230531,0.0004467787545837402,0.0013782099937487788,-0.0009314312391650385,wf2023A,wf2023,A,0.0
wf2023,w0.0,20230601,-0.0013113165945884712,-0.0021576662260035383,0.0008463496314150673,wf2023A,wf2023,A,0.0
wf2023,w0.0,20230602,0.0012123850853343098,0.0024086129292397807,-0.0011962278439054698,wf2023A,wf2023,A,0.0
wf2023,w0.0,20230605,-0.002569455864632548,-0.002501784149073417,-6.7671715559127e-05,wf2023A,wf2023,A,0.0
wf2023,w0.0,20230606,-0.000260304667963257,0.0005902745922890735,-0.0008505792602523305,wf2023A,wf2023,A,0.0
wf2023,w0.0,20230607,-0.0005320917121510674,-0.0014103750261739553,0.0008782833140228879,wf2023A,wf2023,A,0.0
wf2023,w0.0,20230608,-0.0008807641051100318,5.200058041789626e-05,-0.0009327646855279279,wf2023A,wf2023,A,0.0
wf2023,w0.0,20230609,0.004900688650442747,0.0044447985235313795,0.0004558901269113672,wf2023A,wf2023,A,0.0
wf2023,w0.0,20230612,0.0034757589013252673,0.0041072501495874,-0.0006314912482621327,wf2023A,wf2023,A,0.0
wf2023,w0.0,20230613,-0.0013080560378859075,-0.0008908869382705957,-0.0004171690996153119,wf2023A,wf2023,A,0.0
wf2023,w0.0,20230614,-0.0013245164512737414,-0.002069409935452976,0.0007448934841792344,wf2023A,wf2023,A,0.0
wf2023,w0.0,20230615,0.0008008492998485819,0.0013954413730373797,-0.0005621306930792774,wf2023A,wf2023,A,0.0
wf2023,w0.0,20230616,0.0019057658116670366,0.00357770970981905,-0.0016715225123493818,wf2023A,wf2023,A,0.0
wf2023,w0.0,20230619,0.002131816226521168,0.0022515713592481694,-0.0002473418524194462,wf2023A,wf2023,A,0.0
wf2023,w0.0,20230620,0.0024788712232385376,0.0009759140228992015,0.0013387195748127648,wf2023A,wf2023,A,0.0
wf2023,w0.0,20230621,-0.001114422447592623,-0.0021253589128356677,0.0010105134632910832,wf2023A,wf2023,A,0.0
wf2023,w0.0,20230626,0.002649318178275302,0.002006351918679376,0.00025730381082183807,wf2023A,wf2023,A,0.0
wf2023,w0.0,20230627,0.0010404279952753934,4.996318594043317e-05,0.000677362184189984,wf2023A,wf2023,A,0.0
wf2023,w0.0,20230628,0.0049503332857112805,0.0055155740139735355,-0.00025313904587274917,wf2023A,wf2023,A,0.0
wf2023,w0.0,20230629,0.0012079069934395788,0.0010037384126845613,9.133111433858599e-05,wf2023A,wf2023,A,0.0
wf2023,w0.0,20230630,-0.0019039799385538224,-0.0028257623315957967,0.000496404199946434,wf2023A,wf2023,A,0.0
wf2023,w0.0,20230703,0.003660135672954222,0.0039583411142497206,-0.00015190444471814205,wf2023A,wf2023,A,0.0
wf2023,w0.0,20230704,6.452908524160958e-06,-0.0005779294882632289,0.0005081976399706443,wf2023A,wf2023,A,0.0
wf2023,w0.0,20230705,0.0011057765907467312,0.0015007313189745037,-0.00025635567290929545,wf2023A,wf2023,A,0.0
wf2023,w0.0,20230706,-0.0011110343573283946,-0.0021052620176736205,0.0006591954193810938,wf2023A,wf2023,A,0.0
wf2023,w0.0,20230707,-5.984101195717173e-05,-0.0002939210485659252,0.00027557270534286606,wf2023A,wf2023,A,0.0
wf2023,w0.0,20230710,0.003662086358777861,0.0037858074987142665,0.00013448529234350156,wf2023A,wf2023,A,0.0
wf2023,w0.0,20230711,-0.0020991931197076007,-0.0027969667109096906,0.0006378016739828925,wf2023A,wf2023,A,0.0
wf2023,w0.0,20230712,0.0011651730326230694,0.002027249848059915,-0.0004813256485566011,wf2023A,wf2023,A,0.0
wf2023,w0.0,20230713,0.003898696570571651,0.004673896337216158,-0.0005125042791495314,wf2023A,wf2023,A,0.0
wf2023,w0.0,20230714,0.0019381018850313841,0.0013358561628230266,0.00028795102183990667,wf2023A,wf2023,A,0.0
wf2023,w0.0,20230717,0.0005039983107546989,-0.00039531131412267934,0.0006874072440406844,wf2023A,wf2023,A,0.0
wf2023,w0.0,20230718,-0.0016872872026441033,-0.0014987197451528827,0.0001450433014532645,wf2023A,wf2023,A,0.0
wf2023,w0.0,20230719,-0.0023410554565124093,-0.0032535729839528837,0.0006606770825300702,wf2023A,wf2023,A,0.0
wf2023,w0.0,20230720,-0.0014511854359036754,-0.0027436795798613835,0.0007927795797037146,wf2023A,wf2023,A,0.0
wf2023,w0.0,20230721,0.0038665814611748,0.003742301661569106,-0.0001083256266333085,wf2023A,wf2023,A,0.0
wf2023,w0.0,20230724,-0.00027137506182258256,-0.0002541646036312232,0.00018219889898003403,wf2023A,wf2023,A,0.0
wf2023,w0.0,20230725,-0.0014200802754689539,-0.0030008166979078365,0.0014218677302023936,wf2023A,wf2023,A,0.0
wf2023,w0.0,20230726,0.002302022925073256,0.0017106021016875948,0.0004039412216180067,wf2023A,wf2023,A,0.0
wf2023,w0.0,20230727,-0.0006345336617185789,-0.0015353378131252177,0.000754238431788476,wf2023A,wf2023,A,0.0
wf2023,w0.0,20230728,-0.0015607393604400426,-0.0016447390350628282,-0.00020686243853275233,wf2023A,wf2023,A,0.0
wf2023,w0.0,20230731,0.000809065448664964,0.00021373496710114492,0.0002894969723572896,wf2023A,wf2023,A,0.0
wf2023,w0.0,20230801,0.0022783883218164937,0.002456064783411124,-0.0001597530075016537,wf2023A,wf2023,A,0.0
wf2023,w0.0,20230802,-0.004320194393497835,-0.004560951914218286,0.00022755358571334352,wf2023A,wf2023,A,0.0
wf2023,w0.0,20230803,0.0016265507371274039,0.0023758131338710866,-0.0008378511725232274,wf2023A,wf2023,A,0.0
wf2023,w0.0,20230804,-0.0010937781266736413,-0.0002761837427501282,-0.0007715192774354557,wf2023A,wf2023,A,0.0
wf2023,w0.0,20230807,8.419713614407848e-05,0.0001928000849794011,9.552774042959872e-05,wf2023A,wf2023,A,0.0
wf2023,w0.0,20230808,-0.0016671821412416413,-0.0020123279089675635,0.0005878071430923756,wf2023A,wf2023,A,0.0
wf2023,w0.1,20230421,0.0014548885887083517,0.0015048260036329927,-4.993741492464006e-05,wf2023A,wf2023,A,0.1
wf2023,w0.1,20230424,-0.002365677515930663,-0.002510284800424515,0.00014460728449385007,wf2023A,wf2023,A,0.1
wf2023,w0.1,20230425,0.001967644144385019,0.0008202704241158035,0.0011473737202692177,wf2023A,wf2023,A,0.1
wf2023,w0.1,20230426,0.004030428473055982,0.002875397389852158,0.0011550310832038248,wf2023A,wf2023,A,0.1
wf2023,w0.1,20230427,0.007185981817480012,0.007457504766141791,-0.0002715229486617766,wf2023A,wf2023,A,0.1
wf2023,w0.1,20230428,-0.00018674827478954055,-0.00045913778661265596,0.00027172523868322076,wf2023A,wf2023,A,0.1
wf2023,w0.1,20230504,0.00276132140942411,0.0025680145114402387,0.00022012691712010337,wf2023A,wf2023,A,0.1
wf2023,w0.1,20230505,0.0019512812476094312,0.0020010682741554227,-5.3788898229361896e-05,wf2023A,wf2023,A,0.1
wf2023,w0.1,20230508,-0.00018273427446247395,-0.0010060727227298714,0.000826883248520705,wf2023A,wf2023,A,0.1
wf2023,w0.1,20230509,0.004377105300544635,0.004458766150463629,-8.73261938445386e-05,wf2023A,wf2023,A,0.1
wf2023,w0.1,20230510,0.0033747567218874843,0.00315385209866776,0.00022343072241331677,wf2023A,wf2023,A,0.1
wf2023,w0.1,20230511,0.0017484979977103517,0.0014416503125729053,0.00030731256011034516,wf2023A,wf2023,A,0.1
wf2023,w0.1,20230512,0.0010166700871852624,0.0008081290240626096,0.00019546972163670223,wf2023A,wf2023,A,0.1
wf2023,w0.1,20230515,0.0023834731751458194,0.0016933365389501854,0.0007050581069706692,wf2023A,wf2023,A,0.1
wf2023,w0.1,20230516,0.007234206245927589,0.0072500080905030986,-1.2300690859870465e-05,wf2023A,wf2023,A,0.1
wf2023,w0.1,20230517,0.004512100671471017,0.005271876207503668,-0.0007607767536756225,wf2023A,wf2023,A,0.1
wf2023,w0.1,20230518,0.002049300915613629,0.0018723518793566777,0.00017606652278710511,wf2023A,wf2023,A,0.1
wf2023,w0.1,20230519,0.0002932470847358173,-0.00011333930409676324,0.0003983117983764456,wf2023A,wf2023,A,0.1
wf2023,w0.1,20230522,-8.843636112978309e-05,-0.00044108392814942206,0.0003501002425085518,wf2023A,wf2023,A,0.1
wf2023,w0.1,20230523,0.005356542572976174,0.005472464744809277,-0.00011592217183310359,wf2023A,wf2023,A,0.1
wf2023,w0.1,20230524,0.003724456867291551,0.003470071525890346,0.0002543853414012052,wf2023A,wf2023,A,0.1
wf2023,w0.1,20230525,0.002376716380528188,0.0026586366086346906,-0.0002819202281065022,wf2023A,wf2023,A,0.1
wf2023,w0.1,20230526,0.0011996081642104118,0.00161038170945034,-0.00041077354523992755,wf2023A,wf2023,A,0.1
wf2023,w0.1,20230529,0.0016076007084280721,0.002297468690985495,-0.000689867982557422,wf2023A,wf2023,A,0.1
wf2023,w0.1,20230530,-0.0005488965495283838,0.00039155288793976916,-0.0009404494374681526,wf2023A,wf2023,A,0.1
wf2023,w0.1,20230531,0.0010361274639009242,0.0017099810387798885,-0.0006738535748789645,wf2023A,wf2023,A,0.1
wf2023,w0.1,20230601,-0.0009352908717821986,-0.0015695151963736873,0.0006342243245914881,wf2023A,wf2023,A,0.1
wf2023,w0.1,20230602,0.0013314709165850027,0.002233789410109192,-0.000902318493524189,wf2023A,wf2023,A,0.1
wf2023,w0.1,20230605,-0.0019528645127242887,-0.001919191599720376,-3.367291300391391e-05,wf2023A,wf2023,A,0.1
wf2023,w0.1,20230606,0.001134691534609886,0.0013748934088918694,-0.00024020187428198242,wf2023A,wf2023,A,0.1
wf2023,w0.1,20230607,-0.0002718748117464648,-0.0010204095711958696,0.0007485347594494057,wf2023A,wf2023,A,0.1
wf2023,w0.1,20230608,0.0004624885646210405,0.0008983762471576125,-0.0004358876825365721,wf2023A,wf2023,A,0.1
wf2023,w0.1,20230609,0.004400114731468067,0.004103945287006032,0.0002961694444620348,wf2023A,wf2023,A,0.1
wf2023,w0.1,20230612,0.0031836091139100992,0.003506226418311247,-0.0003226173044011469,wf2023A,wf2023,A,0.1
wf2023,w0.1,20230613,-0.001246746631014836,-0.0009615842812249202,-0.0002851623497899159,wf2023A,wf2023,A,0.1
wf2023,w0.1,20230614,-5.332707020186053e-05,-0.00046483993457013524,0.00041151286436827444,wf2023A,wf2023,A,0.1
wf2023,w0.1,20230615,0.0007593409006178943,0.0011987221451397662,-0.0004069198644123514,wf2023A,wf2023,A,0.1
wf2023,w0.1,20230616,0.0013467584296963271,0.0024421832946074752,-0.001095003479108516,wf2023A,wf2023,A,0.1
wf2023,w0.1,20230619,0.0019439081284604517,0.0019622961910446975,-0.00014597478227669074,wf2023A,wf2023,A,0.1
wf2023,w0.1,20230620,0.0009808993788128426,0.00019281172539722046,0.0006238500278890505,wf2023A,wf2023,A,0.1
wf2023,w0.1,20230621,-0.0018944362071420494,-0.0019593755264291704,6.45163173351567e-05,wf2023A,wf2023,A,0.1
wf2023,w0.1,20230626,0.002786423038300921,0.002383078313428201,1.7682276098627398e-05,wf2023A,wf2023,A,0.1
wf2023,w0.1,20230627,0.0007241525773463715,0.0004482979069511878,-3.724795474979137e-05,wf2023A,wf2023,A,0.1
wf2023,w0.1,20230628,0.0049082170175380885,0.005276552472370072,-5.62337724424759e-05,wf2023A,wf2023,A,0.1
wf2023,w0.1,20230629,-0.00038108902028871107,-0.0004760541612647173,-1.7872325440426097e-05,wf2023A,wf2023,A,0.1
wf2023,w0.1,20230630,-0.001996519364379392,-0.0026125112572894676,0.00019061369981453473,wf2023A,wf2023,A,0.1
wf2023,w0.1,20230703,0.00236735756924817,0.002600911368575651,-8.725280275012406e-05,wf2023A,wf2023,A,0.1
wf2023,w0.1,20230704,-0.0006205691650300752,-0.0009337152268845354,0.0002369613050377147,wf2023A,wf2023,A,0.1
wf2023,w0.1,20230705,0.0010499592234223057,0.001213435100810721,-2.487682206993859e-05,wf2023A,wf2023,A,0.1
wf2023,w0.1,20230706,-0.0014600619073889516,-0.0020301213585820067,0.00023502721022892293,wf2023A,wf2023,A,0.1
wf2023,w0.1,20230707,0.0008737633323402129,0.000901961556092599,1.3294444981726629e-05,wf2023A,wf2023,A,0.1
wf2023,w0.1,20230710,0.0016557668992967503,0.0019536887601940243,-3.9715428617369165e-05,wf2023A,wf2023,A,0.1
wf2023,w0.1,20230711,-0.0013905796816421016,-0.0015959809623200569,0.00014542936345875897,wf2023A,wf2023,A,0.1
wf2023,w0.1,20230712,0.00159289534933987,0.0020954330511273873,-0.00012178653490727259,wf2023A,wf2023,A,0.1
wf2023,w0.1,20230713,0.005368627077620767,0.005833580934584072,-0.0002022583694683288,wf2023A,wf2023,A,0.1
wf2023,w0.1,20230714,0.0023667888365392444,0.0019104536768952281,0.0001420404592755648,wf2023A,wf2023,A,0.1
wf2023,w0.1,20230717,-0.0006701948070494377,-0.0010239224177907174,0.0001418252299045861,wf2023A,wf2023,A,0.1
wf2023,w0.1,20230718,-0.001423980252782205,-0.0012017701023225521,0.00011140060848483248,wf2023A,wf2023,A,0.1
wf2023,w0.1,20230719,-0.0030686728417797984,-0.003577207612152746,0.0002566943254625435,wf2023A,wf2023,A,0.1
wf2023,w0.1,20230720,-0.0028342078791719527,-0.0036432957484701634,0.0003093733050442178,wf2023A,wf2023,A,0.1
wf2023,w0.1,20230721,0.004430409136178258,0.004228766126318659,-3.0962416379403435e-05,wf2023A,wf2023,A,0.1
wf2023,w0.1,20230724,-0.0009782992420253184,-0.000797841610023619,1.895172516969365e-05,wf2023A,wf2023,A,0.1
wf2023,w0.1,20230725,-0.0030002758854589563,-0.003998955474435488,0.0008398108967400418,wf2023A,wf2023,A,0.1
wf2023,w0.1,20230726,0.00221167443633934,0.0017509574751998873,0.0002732373593717981,wf2023A,wf2023,A,0.1
wf2023,w0.1,20230727,-0.0008521246190536149,-0.00136112905421456,0.00036243871554278125,wf2023A,wf2023,A,0.1
wf2023,w0.1,20230728,-0.00134281131213646,-0.0015528313325871453,-8.084209270485327e-05,wf2023A,wf2023,A,0.1
wf2023,w0.1,20230731,0.0015864239681429157,0.0010870553150978536,0.00019353514383853277,wf2023A,wf2023,A,0.1
wf2023,w0.1,20230801,0.0014497220132116604,0.0015485079124107528,-8.08624451061161e-05,wf2023A,wf2023,A,0.1
wf2023,w0.1,20230802,-0.003307631324240356,-0.0035483490649935463,0.00022751380574608334,wf2023A,wf2023,A,0.1
wf2023,w0.1,20230803,0.0021308823180617212,0.002682508646536597,-0.0006402151042544189,wf2023A,wf2023,A,0.1
wf2023,w0.1,20230804,-0.0009283614565776576,-0.00034361062845171243,-0.0005386757216378873,wf2023A,wf2023,A,0.1
wf2023,w0.1,20230807,-0.00028018119782862437,-0.0001706539602007967,9.460345163709345e-05,wf2023A,wf2023,A,0.1
wf2023,w0.1,20230808,-0.0015644825791993437,-0.0017135969704448206,0.0003917757666119291,wf2023A,wf2023,A,0.1
wf2023,w0.2,20230421,0.0016192439020496655,0.0016489827987767104,-2.97388967270446e-05,wf2023A,wf2023,A,0.2
wf2023,w0.2,20230424,-0.0033172772579785764,-0.0034242638726059904,0.00010698661462741147,wf2023A,wf2023,A,0.2
wf2023,w0.2,20230425,0.0021508929596732417,0.0014140110217830293,0.0007368819378902141,wf2023A,wf2023,A,0.2
wf2023,w0.2,20230426,0.003405142744034431,0.0025061607163951614,0.0008989820276392704,wf2023A,wf2023,A,0.2
wf2023,w0.2,20230427,0.005886170446192263,0.006037526289364513,-0.00015135584317224892,wf2023A,wf2023,A,0.2
wf2023,w0.2,20230428,0.0007778506402728504,0.0006359958028521585,0.0001411905642807981,wf2023A,wf2023,A,0.2
wf2023,w0.2,20230504,0.0019136881630574271,0.0017541337821643326,0.00018637440002932762,wf2023A,wf2023,A,0.2
wf2023,w0.2,20230505,0.0013116783679164683,0.0014036163820650709,-9.593988583197253e-05,wf2023A,wf2023,A,0.2
wf2023,w0.2,20230508,-0.000631470164272209,-0.0013012553637908614,0.0006733299997719604,wf2023A,wf2023,A,0.2
wf2023,w0.2,20230509,0.0052173102120322695,0.005256730642335383,-4.508577422865506e-05,wf2023A,wf2023,A,0.2
wf2023,w0.2,20230510,0.0020215132655167934,0.001794285179346418,0.00022975418536396784,wf2023A,wf2023,A,0.2
wf2023,w0.2,20230511,0.0014438214437208462,0.0011657877351951746,0.00027849858349856974,wf2023A,wf2023,A,0.2
wf2023,w0.2,20230512,0.0015895880458288653,0.0013959549019407925,0.00018056180240212395,wf2023A,wf2023,A,0.2
wf2023,w0.2,20230515,0.003321160634927607,0.0027494103252254025,0.0005866717804772395,wf2023A,wf2023,A,0.2
wf2023,w0.2,20230516,0.007402141841909482,0.007346667398394372,5.8975597230750406e-05,wf2023A,wf2023,A,0.2
wf2023,w0.2,20230517,0.0050095777913376814,0.005698207012325468,-0.0006896304386307549,wf2023A,wf2023,A,0.2
wf2023,w0.2,20230518,0.0029985755422301382,0.0028225967238007534,0.00017509630495954022,wf2023A,wf2023,A,0.2
wf2023,w0.2,20230519,0.0005110771611779412,4.060946448702396e-05,0.0004621931062347822,wf2023A,wf2023,A,0.2
wf2023,w0.2,20230522,0.0007477250332353271,0.00029972238182589223,0.00044545532689834605,wf2023A,wf2023,A,0.2
wf2023,w0.2,20230523,0.005127277333936184,0.005231471541021276,-0.00010419420708509106,wf2023A,wf2023,A,0.2
wf2023,w0.2,20230524,0.00393955656757669,0.0037148709440307207,0.00022468562354596862,wf2023A,wf2023,A,0.2
wf2023,w0.2,20230525,0.002790359683261229,0.003019407768932838,-0.00022904808567160765,wf2023A,wf2023,A,0.2
wf2023,w0.2,20230526,0.001201846480019279,0.0014919758272442778,-0.0002901293472249987,wf2023A,wf2023,A,0.2
wf2023,w0.2,20230529,0.0012785101269744033,0.001891328397495107,-0.0006128182705207037,wf2023A,wf2023,A,0.2
wf2023,w0.2,20230530,-0.0005630144841223777,0.00021783285244912642,-0.0007808473365715037,wf2023A,wf2023,A,0.2
wf2023,w0.2,20230531,0.0016252511432221055,0.002106841824666487,-0.0004815906814443807,wf2023A,wf2023,A,0.2
wf2023,w0.2,20230601,-0.0009742686185890727,-0.0014830751065943255,0.0005088064880052526,wf2023A,wf2023,A,0.2
wf2023,w0.2,20230602,0.0014094327645986088,0.0021635747364726937,-0.000754141971874085,wf2023A,wf2023,A,0.2
wf2023,w0.2,20230605,-0.001705961126707782,-0.0016615213650066445,-4.4439761701141294e-05,wf2023A,wf2023,A,0.2
wf2023,w0.2,20230606,0.0013649027886069925,0.0013692015104086975,-4.298721801705948e-06,wf2023A,wf2023,A,0.2
wf2023,w0.2,20230607,0.0004619786111075912,-7.696089130859013e-06,0.00046967470023845,wf2023A,wf2023,A,0.2
wf2023,w0.2,20230608,0.0008773937991045427,0.0011506935028263172,-0.00027329970372177347,wf2023A,wf2023,A,0.2
wf2023,w0.2,20230609,0.005796926364457739,0.005628611123490313,0.00016831524096742848,wf2023A,wf2023,A,0.2
wf2023,w0.2,20230612,0.004057377773628133,0.004259784062128273,-0.0002024062885001407,wf2023A,wf2023,A,0.2
wf2023,w0.2,20230613,-0.0013990197331981509,-0.0011365460058660377,-0.0002624737273321133,wf2023A,wf2023,A,0.2
wf2023,w0.2,20230614,0.000740297332259136,0.00043989309308179765,0.000300404239177339,wf2023A,wf2023,A,0.2
wf2023,w0.2,20230615,4.88372953802085e-05,0.00022649018816159837,-0.0001451915126718696,wf2023A,wf2023,A,0.2
wf2023,w0.2,20230616,0.001506211905940674,0.002280416639429703,-0.0007737833476863974,wf2023A,wf2023,A,0.2
wf2023,w0.2,20230619,0.0013787663363711978,0.001374964960173821,-0.00012378534349506763,wf2023A,wf2023,A,0.2
wf2023,w0.2,20230620,0.00043845609184471786,3.1620703777622495e-05,0.0002425977625405253,wf2023A,wf2023,A,0.2
wf2023,w0.2,20230621,-0.0021653078861970307,-0.0019453400436285323,-0.00022039084452046332,wf2023A,wf2023,A,0.2
wf2023,w0.2,20230626,0.0029380872442959782,0.002601472173352269,-4.90473778303815e-05,wf2023A,wf2023,A,0.2
wf2023,w0.2,20230627,0.0001802210468932119,0.0002129310300246559,-0.0003458126082764195,wf2023A,wf2023,A,0.2
wf2023,w0.2,20230628,0.004613018473934661,0.004955506912926383,-3.0386756602215213e-05,wf2023A,wf2023,A,0.2
wf2023,w0.2,20230629,0.00024842677837316057,0.00020043358785770216,-6.484427590097252e-05,wf2023A,wf2023,A,0.2
wf2023,w0.2,20230630,-0.0018847408539077542,-0.0023140307272592276,3.911680255931876e-06,wf2023A,wf2023,A,0.2
wf2023,w0.2,20230703,0.002963730472443287,0.003097196804140251,1.2834664880393573e-05,wf2023A,wf2023,A,0.2
wf2023,w0.2,20230704,-0.0016051954853670983,-0.001720239963076846,3.885972089300236e-05,wf2023A,wf2023,A,0.2
wf2023,w0.2,20230705,0.0013045512943080939,0.0014344732115557403,8.677138070830558e-06,wf2023A,wf2023,A,0.2
wf2023,w0.2,20230706,-0.002199196110547851,-0.0025225856348275004,-1.1642716684482019e-05,wf2023A,wf2023,A,0.2
wf2023,w0.2,20230707,0.0005230170692424217,0.0006044253113454735,-3.9915573368938855e-05,wf2023A,wf2023,A,0.2
wf2023,w0.2,20230710,0.002157880078913381,0.0024456569340474076,-2.9570422854123566e-05,wf2023A,wf2023,A,0.2
wf2023,w0.2,20230711,-0.001671195088544639,-0.0017168043026325312,-1.4362703131305345e-05,wf2023A,wf2023,A,0.2
wf2023,w0.2,20230712,0.0017115550669469463,0.0021755446770438743,-8.323844321668279e-05,wf2023A,wf2023,A,0.2
wf2023,w0.2,20230713,0.0044712744825937635,0.0048315077203247465,-9.753775023600692e-05,wf2023A,wf2023,A,0.2
wf2023,w0.2,20230714,0.00278423471085501,0.0024116597177123527,5.828029277420591e-05,wf2023A,wf2023,A,0.2
wf2023,w0.2,20230717,-0.0005305652543741636,-0.0007463036300461275,3.83599483527001e-06,wf2023A,wf2023,A,0.2
wf2023,w0.2,20230718,-0.0014798036447048442,-0.0011592368709954872,1.3043985235128016e-05,wf2023A,wf2023,A,0.2
wf2023,w0.2,20230719,-0.003286686687354337,-0.003632541215398986,9.401408313424543e-05,wf2023A,wf2023,A,0.2
wf2023,w0.2,20230720,-0.0031051656950901118,-0.0036954384298715144,9.055817052740975e-05,wf2023A,wf2023,A,0.2
wf2023,w0.2,20230721,0.0043333158784419025,0.0041611522547491155,-6.044180254621479e-05,wf2023A,wf2023,A,0.2
wf2023,w0.2,20230724,-0.0006868214129120871,-0.0005549960033380797,6.758394759738755e-05,wf2023A,wf2023,A,0.2
wf2023,w0.2,20230725,-0.0034386807206251077,-0.004162206198237387,0.0005646567853757908,wf2023A,wf2023,A,0.2
wf2023,w0.2,20230726,0.001830014865703492,0.001507384451575496,0.00013515081236034087,wf2023A,wf2023,A,0.2
wf2023,w0.2,20230727,-0.0012050381642629221,-0.0014906140439010368,0.00013901016001995306,wf2023A,wf2023,A,0.2
wf2023,w0.2,20230728,-0.0008224001106027345,-0.00107865711139091,-3.460511236736332e-05,wf2023A,wf2023,A,0.2
wf2023,w0.2,20230731,0.001075483437081914,0.0006462756559119335,0.00012337427196345102,wf2023A,wf2023,A,0.2
wf2023,w0.2,20230801,0.0011983238864762072,0.0012368773515411945,-2.0630010972010444e-05,wf2023A,wf2023,A,0.2
wf2023,w0.2,20230802,-0.0027470831074484755,-0.0028982170421755,0.00013792999971991637,wf2023A,wf2023,A,0.2
wf2023,w0.2,20230803,0.0019189868728814166,0.002200973802489412,-0.00037057570538753955,wf2023A,wf2023,A,0.2
wf2023,w0.2,20230804,-0.0008107865609233746,-0.0004336709126057689,-0.00033104054182954846,wf2023A,wf2023,A,0.2
wf2023,w0.2,20230807,-0.0011878891398114837,-0.0010250905240857429,4.133207353918044e-05,wf2023A,wf2023,A,0.2
wf2023,w0.2,20230808,-0.0018064196910906362,-0.0017901103626638687,0.00022635204693968345,wf2023A,wf2023,A,0.2
wf2023,w0.3,20230421,0.0029476313544955167,0.0030020525227085885,-5.44211682130706e-05,wf2023A,wf2023,A,0.3
wf2023,w0.3,20230424,-0.0026744642716937453,-0.0027875197809861772,0.00011305550929243126,wf2023A,wf2023,A,0.3
wf2023,w0.3,20230425,0.002434121457941762,0.0017532371291512565,0.0006808843287905034,wf2023A,wf2023,A,0.3
wf2023,w0.3,20230426,0.0029613214518610202,0.002039034677455226,0.0009222867744057932,wf2023A,wf2023,A,0.3
wf2023,w0.3,20230427,0.006664620021317347,0.006770966383355648,-0.00010634636203829869,wf2023A,wf2023,A,0.3
wf2023,w0.3,20230428,0.0007629409106184436,0.0006419160060002985,0.00012036063147825133,wf2023A,wf2023,A,0.3
wf2023,w0.3,20230504,0.001534031387296954,0.0014592967715970626,0.00010155463483612305,wf2023A,wf2023,A,0.3
wf2023,w0.3,20230505,0.0025217648985962305,0.0026983233380233973,-0.00018056031111053612,wf2023A,wf2023,A,0.3
wf2023,w0.3,20230508,-0.0008098150578626003,-0.0013911459898356439,0.0005848757322263541,wf2023A,wf2023,A,0.3
wf2023,w0.3,20230509,0.005335297467146982,0.005341763561064676,-1.2131437843241558e-05,wf2023A,wf2023,A,0.3
wf2023,w0.3,20230510,0.0026850760753868034,0.002464976315938508,0.00022262585864188595,wf2023A,wf2023,A,0.3
wf2023,w0.3,20230511,0.0015259385741929147,0.001327807192742165,0.00019859625642364815,wf2023A,wf2023,A,0.3
wf2023,w0.3,20230512,0.0011343145626474148,0.0011079739703115212,1.3269250849942663e-05,wf2023A,wf2023,A,0.3
wf2023,w0.3,20230515,0.003843096738279775,0.003372044126177608,0.0004859740828772014,wf2023A,wf2023,A,0.3
wf2023,w0.3,20230516,0.006492717736974945,0.006374308061557006,0.0001219108291335781,wf2023A,wf2023,A,0.3
wf2023,w0.3,20230517,0.0056799540724782735,0.0060785085021155,-0.00039955564728019733,wf2023A,wf2023,A,0.3
wf2023,w0.3,20230518,0.0037457491172960614,0.0035764353534204346,0.0001684312504057811,wf2023A,wf2023,A,0.3
wf2023,w0.3,20230519,0.0005823280604047498,0.00032658557318553886,0.00024746789676307506,wf2023A,wf2023,A,0.3
wf2023,w0.3,20230522,0.0009577328499685376,0.0006401464725528281,0.0003150390529046205,wf2023A,wf2023,A,0.3
wf2023,w0.3,20230523,0.005098096011172511,0.005006766970464337,9.13290407081739e-05,wf2023A,wf2023,A,0.3
wf2023,w0.3,20230524,0.0037306156627900417,0.0035613936778718055,0.00016922198491823567,wf2023A,wf2023,A,0.3
wf2023,w0.3,20230525,0.0026846625850702127,0.0028195153925652085,-0.00013485280749499391,wf2023A,wf2023,A,0.3
wf2023,w0.3,20230526,0.0014518018942060386,0.0016982419725871168,-0.0002464400783810772,wf2023A,wf2023,A,0.3
wf2023,w0.3,20230529,0.0014033316709345456,0.0018027157001317914,-0.0003993840291972448,wf2023A,wf2023,A,0.3
wf2023,w0.3,20230530,-0.0010373024706922802,-0.00038415297336509807,-0.0006531494973271824,wf2023A,wf2023,A,0.3
wf2023,w0.3,20230531,0.0020810919427718495,0.0025045176825113347,-0.0004234257397394852,wf2023A,wf2023,A,0.3
wf2023,w0.3,20230601,-0.0011612395887434061,-0.00152640282819192,0.00036516323944851386,wf2023A,wf2023,A,0.3
wf2023,w0.3,20230602,0.0016555785903990409,0.002121508349125411,-0.00046592975872637016,wf2023A,wf2023,A,0.3
wf2023,w0.3,20230605,-0.002034320947053192,-0.0019948675914223607,-3.9453355630834605e-05,wf2023A,wf2023,A,0.3
wf2023,w0.3,20230606,0.001698039133624157,0.0014969029924217924,0.00020113614120236562,wf2023A,wf2023,A,0.3
wf2023,w0.3,20230607,0.00014019692915275082,-0.00021890350595496738,0.0003591004351077196,wf2023A,wf2023,A,0.3
wf2023,w0.3,20230608,0.0013907798032188542,0.0014943648824786385,-0.00010358507925978517,wf2023A,wf2023,A,0.3
wf2023,w0.3,20230609,0.0061719416501819155,0.006019204124960529,0.0001527375252213831,wf2023A,wf2023,A,0.3
wf2023,w0.3,20230612,0.00447916603535334,0.004559518203770745,-8.035216841740637e-05,wf2023A,wf2023,A,0.3
wf2023,w0.3,20230613,-0.0013362974143821323,-0.0011394919867364634,-0.0001968054276456689,wf2023A,wf2023,A,0.3
wf2023,w0.3,20230614,-0.0005522339223986705,-0.0007253182208276372,0.00017308429842896665,wf2023A,wf2023,A,0.3
wf2023,w0.3,20230615,-5.8208117784360955e-05,-2.5458520919362888e-05,-2.882167554762434e-07,wf2023A,wf2023,A,0.3
wf2023,w0.3,20230616,0.002181359540536451,0.00266879155314514,-0.00048701062680605814,wf2023A,wf2023,A,0.3
wf2023,w0.3,20230619,0.0009567514058219009,0.0008888617928027926,-5.969710667333676e-05,wf2023A,wf2023,A,0.3
wf2023,w0.3,20230620,-0.00047539892749531333,-0.0006225091803150122,-1.7127372706871686e-05,wf2023A,wf2023,A,0.3
wf2023,w0.3,20230621,-0.002897579881138524,-0.00233517670573315,-0.0005628261773573357,wf2023A,wf2023,A,0.3
wf2023,w0.3,20230626,0.00240961949872626,0.002125431658057812,-0.00010147460810564453,wf2023A,wf2023,A,0.3
wf2023,w0.3,20230627,-0.0005743170931009327,-0.0003344857827855035,-0.0005529339354604043,wf2023A,wf2023,A,0.3
wf2023,w0.3,20230628,0.004912791337901104,0.0051338197968061805,9.107322348443225e-05,wf2023A,wf2023,A,0.3
wf2023,w0.3,20230629,-0.00018519288980690767,-0.00020536619989338875,-9.26641563299526e-05,wf2023A,wf2023,A,0.3
wf2023,w0.3,20230630,-0.0019285482729801007,-0.002136761272302083,-0.00021716519377355798,wf2023A,wf2023,A,0.3
wf2023,w0.3,20230703,0.0032791464273562373,0.003348788917984801,7.665850594879344e-05,wf2023A,wf2023,A,0.3
wf2023,w0.3,20230704,-0.0014606883501537696,-0.0014022396061273272,-0.00013463350084318837,wf2023A,wf2023,A,0.3
wf2023,w0.3,20230705,0.0009718799774537042,0.0010675647611055913,4.291427166658968e-05,wf2023A,wf2023,A,0.3
wf2023,w0.3,20230706,-0.0023438665689519394,-0.0024833933082299498,-0.00019550550168612115,wf2023A,wf2023,A,0.3
wf2023,w0.3,20230707,0.00026289869572337855,0.00039520429598297784,-9.081293152548638e-05,wf2023A,wf2023,A,0.3
wf2023,w0.3,20230710,0.001655896091179893,0.0019194103423621483,-5.307818902352143e-06,wf2023A,wf2023,A,0.3
wf2023,w0.3,20230711,-0.00112628268768355,-0.0010436380867903524,-0.0001426165181123933,wf2023A,wf2023,A,0.3
wf2023,w0.3,20230712,0.003148632390741103,0.003552537731561677,-2.3154173940328062e-05,wf2023A,wf2023,A,0.3
wf2023,w0.3,20230713,0.004904392731808968,0.005237683669755583,-7.05954504516398e-05,wf2023A,wf2023,A,0.3
wf2023,w0.3,20230714,0.003475769676165927,0.003196063608820336,-3.458863302286126e-05,wf2023A,wf2023,A,0.3
wf2023,w0.3,20230717,-0.0010092864184503818,-0.0009927681515717519,-0.00022842064771532304,wf2023A,wf2023,A,0.3
wf2023,w0.3,20230718,-0.0015029032444858455,-0.0010948984761511775,-7.43940093901824e-05,wf2023A,wf2023,A,0.3
wf2023,w0.3,20230719,-0.003373233473484191,-0.00351248490732299,-0.00011258901107160567,wf2023A,wf2023,A,0.3
wf2023,w0.3,20230720,-0.0034242139371302685,-0.0036935757243696295,-0.00023035277701463153,wf2023A,wf2023,A,0.3
wf2023,w0.3,20230721,0.004240968666428445,0.00407135003471876,-6.298679452931781e-05,wf2023A,wf2023,A,0.3
wf2023,w0.3,20230724,-0.0009767280542090848,-0.0008415996204687911,6.42809234311005e-05,wf2023A,wf2023,A,0.3
wf2023,w0.3,20230725,-0.00318615035604644,-0.0036270406360061993,0.00028202158772327036,wf2023A,wf2023,A,0.3
wf2023,w0.3,20230726,0.0014781224016572466,0.0012567097138707808,3.39330860188108e-05,wf2023A,wf2023,A,0.3
wf2023,w0.3,20230727,-0.0015293868303251322,-0.0016507050423988866,-2.524750754440703e-05,wf2023A,wf2023,A,0.3
wf2023,w0.3,20230728,-0.00114800515775985,-0.0014700661259731723,3.11988550577835e-05,wf2023A,wf2023,A,0.3
wf2023,w0.3,20230731,0.0009852321167803833,0.0006613520669497311,1.8046540624122926e-05,wf2023A,wf2023,A,0.3
wf2023,w0.3,20230801,0.0012497136293291046,0.0012601512708413742,7.485812580706976e-06,wf2023A,wf2023,A,0.3
wf2023,w0.3,20230802,-0.002309319829374442,-0.002383474369062047,6.09506046804976e-05,wf2023A,wf2023,A,0.3
wf2023,w0.3,20230803,0.002034628869287764,0.0020854061938484045,-0.00013936610034018487,wf2023A,wf2023,A,0.3
wf2023,w0.3,20230804,-0.00036757932962613177,-8.781569828700126e-05,-0.0002336885248510726,wf2023A,wf2023,A,0.3
wf2023,w0.3,20230807,-0.0012572905238491384,-0.0010402972092186302,-1.2862625365586457e-05,wf2023A,wf2023,A,0.3
wf2023,w0.3,20230808,-0.0019211497060365908,-0.0018786579640136091,0.00020016963334347235,wf2023A,wf2023,A,0.3
wf2023,w0.4,20230421,0.0028539512565760442,0.0029664681916606655,-0.0001125169350846203,wf2023A,wf2023,A,0.4
wf2023,w0.4,20230424,-0.0035119525564272017,-0.00338473984594368,-0.00012721271048352415,wf2023A,wf2023,A,0.4
wf2023,w0.4,20230425,0.0017741410749749914,0.0013349986535806228,0.00043914242139436965,wf2023A,wf2023,A,0.4
wf2023,w0.4,20230426,0.0030151045611677115,0.0022968809619480306,0.0007182235992196809,wf2023A,wf2023,A,0.4
wf2023,w0.4,20230427,0.006540836556298793,0.006710299484061376,-0.0001694629277625833,wf2023A,wf2023,A,0.4
wf2023,w0.4,20230428,0.0005546712204746928,0.0006557160159566659,-0.0001017090686218674,wf2023A,wf2023,A,0.4
wf2023,w0.4,20230504,0.0015258593986431325,0.0016182186712177026,-6.553925343833756e-05,wf2023A,wf2023,A,0.4
wf2023,w0.4,20230505,0.0026384090694151763,0.002912091514274449,-0.00027768431654264354,wf2023A,wf2023,A,0.4
wf2023,w0.4,20230508,-0.001145596447541664,-0.0014298934736922898,0.00028784182640393535,wf2023A,wf2023,A,0.4
wf2023,w0.4,20230509,0.00553107170217404,0.005420353002225608,0.00010505335602288932,wf2023A,wf2023,A,0.4
wf2023,w0.4,20230510,0.002188993390400357,0.002015710978212357,0.0001758085113815921,wf2023A,wf2023,A,0.4
wf2023,w0.4,20230511,0.0007709355433498169,0.0007214932973172421,4.990712100547332e-05,wf2023A,wf2023,A,0.4
wf2023,w0.4,20230512,0.0015765540391173881,0.0014110387562172935,0.0001524439414141459,wf2023A,wf2023,A,0.4
wf2023,w0.4,20230515,0.0038721201309004265,0.003558484885237229,0.000328556716438233,wf2023A,wf2023,A,0.4
wf2023,w0.4,20230516,0.00651237361668121,0.006254642121938782,0.00026123264845806575,wf2023A,wf2023,A,0.4
wf2023,w0.4,20230517,0.005592292393095049,0.0058906389138300335,-0.000299347738377954,wf2023A,wf2023,A,0.4
wf2023,w0.4,20230518,0.0038386046094846214,0.003513375022001511,0.00032434707401326546,wf2023A,wf2023,A,0.4
wf2023,w0.4,20230519,0.00036018087949338945,6.882453237531761e-05,0.00028308175666193734,wf2023A,wf2023,A,0.4
wf2023,w0.4,20230522,0.0008255959348970193,0.0005536009429873206,0.00026944766739861025,wf2023A,wf2023,A,0.4
wf2023,w0.4,20230523,0.0049280082241326285,0.004703245035486395,0.0002247631886462339,wf2023A,wf2023,A,0.4
wf2023,w0.4,20230524,0.004149509673877836,0.003990354912927549,0.00015915476095028702,wf2023A,wf2023,A,0.4
wf2023,w0.4,20230525,0.0022789619363872554,0.0023985571201792927,-0.00011959518379203748,wf2023A,wf2023,A,0.4
wf2023,w0.4,20230526,0.0012990852016808879,0.0015703535491532604,-0.0002712683474723727,wf2023A,wf2023,A,0.4
wf2023,w0.4,20230529,0.001170725006907904,0.001622567499241247,-0.00045184249233334276,wf2023A,wf2023,A,0.4
wf2023,w0.4,20230530,-0.0011707641127381425,-0.0005626715101309812,-0.0006080926026071613,wf2023A,wf2023,A,0.4
wf2023,w0.4,20230531,0.0024612391448892643,0.0028340534371947257,-0.0003728142923054618,wf2023A,wf2023,A,0.4
wf2023,w0.4,20230601,-0.0010769207520582554,-0.0015518131150270243,0.00047489236296876993,wf2023A,wf2023,A,0.4
wf2023,w0.4,20230602,0.0015488447634025458,0.0019749895731718,-0.00042614480976925246,wf2023A,wf2023,A,0.4
wf2023,w0.4,20230605,-0.002158279764544826,-0.002059104944742984,-9.91748198018446e-05,wf2023A,wf2023,A,0.4
wf2023,w0.4,20230606,0.0016822186057095624,0.001526056917573839,0.0001561616881357227,wf2023A,wf2023,A,0.4
wf2023,w0.4,20230607,9.131725294156314e-05,-4.383926838457796e-05,0.000135156521326142,wf2023A,wf2023,A,0.4
wf2023,w0.4,20230608,0.0022232025180489575,0.002230497484870626,-7.294966821667789e-06,wf2023A,wf2023,A,0.4
wf2023,w0.4,20230609,0.006221205759747456,0.005914251502190951,0.0003069542575565052,wf2023A,wf2023,A,0.4
wf2023,w0.4,20230612,0.004238179641156746,0.004266602337804471,-2.84226966477254e-05,wf2023A,wf2023,A,0.4
wf2023,w0.4,20230613,-0.001402572252463254,-0.001252330371531617,-0.0001502418809316378,wf2023A,wf2023,A,0.4
wf2023,w0.4,20230614,0.000478284399791311,0.0002494467635179603,0.00022883763627335043,wf2023A,wf2023,A,0.4
wf2023,w0.4,20230615,0.0005815567859534937,0.0004499240538460356,0.00016409411221697897,wf2023A,wf2023,A,0.4
wf2023,w0.4,20230616,0.0022366103368813787,0.0025520450766014346,-0.0003150133539174247,wf2023A,wf2023,A,0.4
wf2023,w0.4,20230619,0.0010961852934621421,0.0009327235546341816,3.5875019135515314e-05,wf2023A,wf2023,A,0.4
wf2023,w0.4,20230620,-0.00013362673576947787,-8.817784737569326e-05,-0.00020968651392035538,wf2023A,wf2023,A,0.4
wf2023,w0.4,20230621,-0.0032033744752739367,-0.0024537303800457946,-0.0007500670971801026,wf2023A,wf2023,A,0.4
wf2023,w0.4,20230626,0.0023464723754363648,0.002021467580870904,-6.0657654208629644e-05,wf2023A,wf2023,A,0.4
wf2023,w0.4,20230627,-0.0014613207930323268,-0.0011462802408686045,-0.0006281431773086988,wf2023A,wf2023,A,0.4
wf2023,w0.4,20230628,0.005837693174763311,0.00595678226815079,0.0001930125890020295,wf2023A,wf2023,A,0.4
wf2023,w0.4,20230629,0.0006986082769190084,0.0006722061430335408,-8.643533253096194e-05,wf2023A,wf2023,A,0.4
wf2023,w0.4,20230630,-0.0018329600916087195,-0.0020128601908774423,-0.0002454780938268179,wf2023A,wf2023,A,0.4
wf2023,w0.4,20230703,0.004163044272037501,0.004198129843220754,0.00011121542539410629,wf2023A,wf2023,A,0.4
wf2023,w0.4,20230704,-0.0019991726238311313,-0.0018854244729028546,-0.000189932907745023,wf2023A,wf2023,A,0.4
wf2023,w0.4,20230705,0.0007751937183402723,0.000832884878945204,8.090789471354475e-05,wf2023A,wf2023,A,0.4
wf2023,w0.4,20230706,-0.002801572584092595,-0.0028105414482472993,-0.00032606337680942895,wf2023A,wf2023,A,0.4
wf2023,w0.4,20230707,-0.00024636540869737533,-0.00011105404814671299,-9.381869181655005e-05,wf2023A,wf2023,A,0.4
wf2023,w0.4,20230710,0.002055346998484738,0.0023020563785294277,1.1497052235216856e-05,wf2023A,wf2023,A,0.4
wf2023,w0.4,20230711,-0.001466689508297963,-0.001292553787448632,-0.00023410763806852792,wf2023A,wf2023,A,0.4
wf2023,w0.4,20230712,0.003674109647700881,0.003978546394781136,7.63144197999869e-05,wf2023A,wf2023,A,0.4
wf2023,w0.4,20230713,0.003561500491214748,0.003874366539775101,-5.017056106537732e-05,wf2023A,wf2023,A,0.4
wf2023,w0.4,20230714,0.0024730293577655492,0.0022129216296785377,-5.418697228144026e-05,wf2023A,wf2023,A,0.4
wf2023,w0.4,20230717,-0.00034477459618584516,-0.00029525788526003265,-0.00026141909176250627,wf2023A,wf2023,A,0.4
wf2023,w0.4,20230718,-0.0021102047107123905,-0.0016812001830528263,-9.539376871507923e-05,wf2023A,wf2023,A,0.4
wf2023,w0.4,20230719,-0.0037217525175039616,-0.0037749177935140423,-0.0001986751689003268,wf2023A,wf2023,A,0.4
wf2023,w0.4,20230720,-0.0037480114498671412,-0.0038900324793884984,-0.00035769353473263563,wf2023A,wf2023,A,0.4
wf2023,w0.4,20230721,0.004730279681495949,0.00454657706521388,-4.8902809956932396e-05,wf2023A,wf2023,A,0.4
wf2023,w0.4,20230724,-0.0006031939322293685,-0.00043415299077617805,3.0368415718205443e-05,wf2023A,wf2023,A,0.4
wf2023,w0.4,20230725,-0.0027691595417901043,-0.0029369693409719007,8.941106945308106e-06,wf2023A,wf2023,A,0.4
wf2023,w0.4,20230726,0.0015142746539172436,0.0013549350880890157,-2.8140035939426885e-05,wf2023A,wf2023,A,0.4
wf2023,w0.4,20230727,-0.0018116413662363157,-0.0018828499792978579,-7.535710655661996e-05,wf2023A,wf2023,A,0.4
wf2023,w0.4,20230728,-0.0008355912167596537,-0.0011512115434301271,2.4758213514935362e-05,wf2023A,wf2023,A,0.4
wf2023,w0.4,20230731,0.0016028706766010182,0.0013540083196645519,-5.6971152270063075e-05,wf2023A,wf2023,A,0.4
wf2023,w0.4,20230801,0.0009764389223418538,0.0009803480779401615,1.4014298494669315e-05,wf2023A,wf2023,A,0.4
wf2023,w0.4,20230802,-0.0020322207872578452,-0.0020441907226747646,-1.2339995901884097e-06,wf2023A,wf2023,A,0.4
wf2023,w0.4,20230803,0.002545412829225671,0.0025509575838918767,-9.413353044574992e-05,wf2023A,wf2023,A,0.4
wf2023,w0.4,20230804,3.746826778079724e-05,0.00020324372485067246,-0.00011970035058181768,wf2023A,wf2023,A,0.4
wf2023,w0.4,20230807,-0.0008793680148028447,-0.0006362025642303507,-3.9034761307572836e-05,wf2023A,wf2023,A,0.4
wf2023,w0.4,20230808,-0.0022523891220548077,-0.0021333170188955735,0.00012358927220721872,wf2023A,wf2023,A,0.4
wf2023,w0.5,20230421,0.0025017310300560784,0.002625389905157417,-0.0001236588751013376,wf2023A,wf2023,A,0.5
wf2023,w0.5,20230424,-0.004092893223885893,-0.00385984343998978,-0.0002330497838961141,wf2023A,wf2023,A,0.5
wf2023,w0.5,20230425,0.0014758852803905455,0.0013370410226305098,0.00013884425776003464,wf2023A,wf2023,A,0.5
wf2023,w0.5,20230426,0.004286752508258921,0.003960929008020654,0.00032582350023826616,wf2023A,wf2023,A,0.5
wf2023,w0.5,20230427,0.00616418310227684,0.006026983738941136,0.00013719936333570127,wf2023A,wf2023,A,0.5
wf2023,w0.5,20230428,4.6760656946889974e-05,0.0003498158452292471,-0.0003037194614222507,wf2023A,wf2023,A,0.5
wf2023,w0.5,20230504,0.0008635954914714087,0.0010492677059347577,-0.00015885219532711626,wf2023A,wf2023,A,0.5
wf2023,w0.5,20230505,0.002991580978518626,0.0032213467168357556,-0.00023376761000049916,wf2023A,wf2023,A,0.5
wf2023,w0.5,20230508,-0.0017439978760867229,-0.0016248352867388152,-0.00011561778909459808,wf2023A,wf2023,A,0.5
wf2023,w0.5,20230509,0.005386075806950894,0.005264606987347496,0.00011580347567785343,wf2023A,wf2023,A,0.5
wf2023,w0.5,20230510,0.001167531358119615,0.001066655827649271,0.00010340162966393489,wf2023A,wf2023,A,0.5
wf2023,w0.5,20230511,0.0009726459422938396,0.001051433675452132,-7.832285818539326e-05,wf2023A,wf2023,A,0.5
wf2023,w0.5,20230512,0.0015959126790294287,0.0013886701743980427,0.00019417116314543502,wf2023A,wf2023,A,0.5
wf2023,w0.5,20230515,0.003729348006531636,0.003402102218180743,0.00034216725912592844,wf2023A,wf2023,A,0.5
wf2023,w0.5,20230516,0.0073208702945929145,0.007045088699017062,0.0002792827492914918,wf2023A,wf2023,A,0.5
wf2023,w0.5,20230517,0.004813495153579321,0.0049612171028929515,-0.00014872316695660224,wf2023A,wf2023,A,0.5
wf2023,w0.5,20230518,0.004755416604773006,0.0043704828726983894,0.0003840512186047713,wf2023A,wf2023,A,0.5
wf2023,w0.5,20230519,0.0009298806696540337,0.000604983338733685,0.00031662274046421346,wf2023A,wf2023,A,0.5
wf2023,w0.5,20230522,0.00121653705383222,0.001025240336567504,0.000188749392753627,wf2023A,wf2023,A,0.5
wf2023,w0.5,20230523,0.004682187335269417,0.004355343091341335,0.00032684424392808337,wf2023A,wf2023,A,0.5
wf2023,w0.5,20230524,0.0036198694674990303,0.0034835928448259767,0.00013627662267305416,wf2023A,wf2023,A,0.5
wf2023,w0.5,20230525,0.0014247031926395044,0.0015387791623286341,-0.00011407596968912828,wf2023A,wf2023,A,0.5
wf2023,w0.5,20230526,0.0013977445793350789,0.0017421894767810128,-0.0003444448974459351,wf2023A,wf2023,A,0.5
wf2023,w0.5,20230529,0.0019563189885273904,0.0023976464404008367,-0.00044132745187344647,wf2023A,wf2023,A,0.5
wf2023,w0.5,20230530,-0.0010335514607722539,-0.0005244168150340034,-0.0005091346457382496,wf2023A,wf2023,A,0.5
wf2023,w0.5,20230531,0.0020814024209403316,0.0023592444915513343,-0.0002778420706110031,wf2023A,wf2023,A,0.5
wf2023,w0.5,20230601,-0.0010282442456973715,-0.0014476879639025485,0.00041944371820517765,wf2023A,wf2023,A,0.5
wf2023,w0.5,20230602,0.0011198103394346034,0.001388292823281333,-0.00026848248384672946,wf2023A,wf2023,A,0.5
wf2023,w0.5,20230605,-0.002565918349813831,-0.0024120175787738685,-0.00015390077103996782,wf2023A,wf2023,A,0.5
wf2023,w0.5,20230606,0.0019277115381787745,0.0016584099389227401,0.000269301599256035,wf2023A,wf2023,A,0.5
wf2023,w0.5,20230607,-0.0010365953790034766,-0.0011160722402430352,7.94768612395583e-05,wf2023A,wf2023,A,0.5
wf2023,w0.5,20230608,0.0024903759349351106,0.0024174085739551293,7.296736097998118e-05,wf2023A,wf2023,A,0.5
wf2023,w0.5,20230609,0.005650914242510066,0.005284444544720686,0.0003664696977893784,wf2023A,wf2023,A,0.5
wf2023,w0.5,20230612,0.0039058713840990655,0.003892610894768213,1.3260489330853484e-05,wf2023A,wf2023,A,0.5
wf2023,w0.5,20230613,-0.0023185370226526288,-0.0021245054315960406,-0.00019403159105658817,wf2023A,wf2023,A,0.5
wf2023,w0.5,20230614,0.0012580103599207325,0.0009022351034624846,0.00035577525645824897,wf2023A,wf2023,A,0.5
wf2023,w0.5,20230615,0.0010978480931581056,0.0010596594039702961,7.065006929732874e-05,wf2023A,wf2023,A,0.5
wf2023,w0.5,20230616,0.002947143925372096,0.0032877707526424364,-0.00034020544146771004,wf2023A,wf2023,A,0.5
wf2023,w0.5,20230619,0.0016994505905340712,0.0014907112263659885,8.115264447563872e-05,wf2023A,wf2023,A,0.5
wf2023,w0.5,20230620,-0.0011703266448401407,-0.0013419300675297525,7.365797163040068e-06,wf2023A,wf2023,A,0.5
wf2023,w0.5,20230621,-0.0032846993276096463,-0.0027231261034118912,-0.0005619962261497217,wf2023A,wf2023,A,0.5
wf2023,w0.5,20230626,0.0016310063103475748,0.001219756993023736,2.558686854974607e-05,wf2023A,wf2023,A,0.5
wf2023,w0.5,20230627,-0.0017766004939780231,-0.0014729705166875544,-0.0006167326024354436,wf2023A,wf2023,A,0.5
wf2023,w0.5,20230628,0.0056484969683058255,0.005702076907347305,0.0002585217433480279,wf2023A,wf2023,A,0.5
wf2023,w0.5,20230629,0.00016320220945861483,0.00011561997211417016,-6.525522907198725e-05,wf2023A,wf2023,A,0.5
wf2023,w0.5,20230630,-0.0025767270655566465,-0.0026729862572701817,-0.0003291190013820053,wf2023A,wf2023,A,0.5
wf2023,w0.5,20230703,0.004592163367318894,0.004495490797309544,0.00024297356658670714,wf2023A,wf2023,A,0.5
wf2023,w0.5,20230704,-0.0015435420859421936,-0.0012644348889901474,-0.0003552919537687916,wf2023A,wf2023,A,0.5
wf2023,w0.5,20230705,0.00038956008676409033,0.00045563200318911843,7.25271388934486e-05,wf2023A,wf2023,A,0.5
wf2023,w0.5,20230706,-0.003890231129690492,-0.003719434456325551,-0.0005058289143290735,wf2023A,wf2023,A,0.5
wf2023,w0.5,20230707,-0.0005031292332427325,-0.00036861771867614487,-9.301884583247503e-05,wf2023A,wf2023,A,0.5
wf2023,w0.5,20230710,0.00220339602609984,0.0024192958557915705,4.2306602588176105e-05,wf2023A,wf2023,A,0.5
wf2023,w0.5,20230711,-0.0017155408082166184,-0.0014979590441007097,-0.00027755368133510475,wf2023A,wf2023,A,0.5
wf2023,w0.5,20230712,0.00424050318460927,0.004460578701570786,0.00016067564991872977,wf2023A,wf2023,A,0.5
wf2023,w0.5,20230713,0.003703135144922399,0.004019154679133619,-5.332404671624415e-05,wf2023A,wf2023,A,0.5
wf2023,w0.5,20230714,0.0010976206565691685,0.0009044356983223087,-0.00012110974212159227,wf2023A,wf2023,A,0.5
wf2023,w0.5,20230717,-0.00036012049928648,-0.00019582696655068635,-0.0003761959135724876,wf2023A,wf2023,A,0.5
wf2023,w0.5,20230718,-0.003212195749257573,-0.0026609169373473236,-0.00021766805296576336,wf2023A,wf2023,A,0.5
wf2023,w0.5,20230719,-0.0037706233447507807,-0.003713860451764134,-0.00030860333789705237,wf2023A,wf2023,A,0.5
wf2023,w0.5,20230720,-0.004054311919843281,-0.0040562647270567555,-0.0004977617570405171,wf2023A,wf2023,A,0.5
wf2023,w0.5,20230721,0.004512248613946008,0.004321845231363029,-4.2202043656024705e-05,wf2023A,wf2023,A,0.5
wf2023,w0.5,20230724,-0.0008104920647612687,-0.0007427052482041547,0.00013162254061428275,wf2023A,wf2023,A,0.5
wf2023,w0.5,20230725,-0.004194443447013983,-0.004135192705470181,-0.00021811943378029124,wf2023A,wf2023,A,0.5
wf2023,w0.5,20230726,0.001042946133408846,0.0009764315248470481,-0.00012096499320585707,wf2023A,wf2023,A,0.5
wf2023,w0.5,20230727,-0.0023458613982553335,-0.0023296783083532977,-0.00016274880952019705,wf2023A,wf2023,A,0.5
wf2023,w0.5,20230728,-0.0006447141137453372,-0.0009349917957710953,-5.844311297812371e-07,wf2023A,wf2023,A,0.5
wf2023,w0.5,20230731,0.0010584788602749323,0.0007990233558465862,-4.6378004778183703e-05,wf2023A,wf2023,A,0.5
wf2023,w0.5,20230801,0.0013116533416684764,0.0013309725082749147,-1.3957125134614729e-06,wf2023A,wf2023,A,0.5
wf2023,w0.5,20230802,-0.001507071937843161,-0.0014992494183718803,-2.1026454478387634e-05,wf2023A,wf2023,A,0.5
wf2023,w0.5,20230803,0.003235023338485365,0.003167169843083421,-2.0735280377599597e-05,wf2023A,wf2023,A,0.5
wf2023,w0.5,20230804,0.00020233038358520843,0.0003478402231338149,-9.943473306055041e-05,wf2023A,wf2023,A,0.5
wf2023,w0.5,20230807,-0.0013089251474080804,-0.001042547477546652,-6.224698059650731e-05,wf2023A,wf2023,A,0.5
wf2023,w0.5,20230808,-0.001593799362889824,-0.0014566936236394886,0.00010555563611611841,wf2023A,wf2023,A,0.5
wf2023,w0.6,20230421,0.003409775406257788,0.0035160855489473632,-0.00010631014268957428,wf2023A,wf2023,A,0.6
wf2023,w0.6,20230424,-0.004819261023454872,-0.004414378065390351,-0.0004048829580645234,wf2023A,wf2023,A,0.6
wf2023,w0.6,20230425,0.0007938364316603802,0.0007838927116477374,9.94372001264469e-06,wf2023A,wf2023,A,0.6
wf2023,w0.6,20230426,0.004573841196799464,0.004461777713043791,0.00011206348375567265,wf2023A,wf2023,A,0.6
wf2023,w0.6,20230427,0.005684621811422631,0.005388439744150274,0.0002961820672723586,wf2023A,wf2023,A,0.6
wf2023,w0.6,20230428,0.0001643553618500774,0.0006295229608465447,-0.0004658318721363603,wf2023A,wf2023,A,0.6
wf2023,w0.6,20230504,0.0005097842055117058,0.0008453903938152288,-0.0003087861691672908,wf2023A,wf2023,A,0.6
wf2023,w0.6,20230505,0.0023097169815150488,0.0025943954850214824,-0.00028868037518980477,wf2023A,wf2023,A,0.6
wf2023,w0.6,20230508,-0.0022949407293390792,-0.002007046849040646,-0.00028434908004512134,wf2023A,wf2023,A,0.6
wf2023,w0.6,20230509,0.006148045536521981,0.005968513691603607,0.00017386650099283015,wf2023A,wf2023,A,0.6
wf2023,w0.6,20230510,0.0010008648246523618,0.0009589070429359686,4.448388090998519e-05,wf2023A,wf2023,A,0.6
wf2023,w0.6,20230511,0.0010082247952520312,0.0011589999747696356,-0.00015031030454470623,wf2023A,wf2023,A,0.6
wf2023,w0.6,20230512,0.0009979878300130163,0.0006975355405391239,0.0002873809479879438,wf2023A,wf2023,A,0.6
wf2023,w0.6,20230515,0.003797071817638137,0.003551522735799376,0.0002604705526137962,wf2023A,wf2023,A,0.6
wf2023,w0.6,20230516,0.00692627560979229,0.006614025566486936,0.00031575119702099367,wf2023A,wf2023,A,0.6
wf2023,w0.6,20230517,0.005440985091731017,0.005564094169818929,-0.00012411029573088225,wf2023A,wf2023,A,0.6
wf2023,w0.6,20230518,0.005246896768113976,0.004809866455434582,0.00043614779920954935,wf2023A,wf2023,A,0.6
wf2023,w0.6,20230519,0.0015227146196855421,0.0012613239275087893,0.000253116101720618,wf2023A,wf2023,A,0.6
wf2023,w0.6,20230522,0.0018241063079922253,0.001714028161307246,0.00010753082217388954,wf2023A,wf2023,A,0.6
wf2023,w0.6,20230523,0.004280413702719389,0.0038470265372094604,0.00043338716550992914,wf2023A,wf2023,A,0.6
wf2023,w0.6,20230524,0.003360021037616767,0.003273167336465344,8.685370115142353e-05,wf2023A,wf2023,A,0.6
wf2023,w0.6,20230525,0.002391263573174229,0.0024544882045869514,-6.322463141272144e-05,wf2023A,wf2023,A,0.6
wf2023,w0.6,20230526,0.0012199734984466195,0.001382255972489645,-0.00016228247404302546,wf2023A,wf2023,A,0.6
wf2023,w0.6,20230529,0.001077133116889571,0.0012474625528492752,-0.00017032943595970403,wf2023A,wf2023,A,0.6
wf2023,w0.6,20230530,-0.0014201493970068613,-0.0010420023512778946,-0.00037814704572896744,wf2023A,wf2023,A,0.6
wf2023,w0.6,20230531,0.0022527895451497993,0.0024431999109738893,-0.00019041036582408903,wf2023A,wf2023,A,0.6
wf2023,w0.6,20230601,-0.001010923595400429,-0.0013953146994736937,0.0003843911040732651,wf2023A,wf2023,A,0.6
wf2023,w0.6,20230602,0.0015455502619362172,0.0017013860620046536,-0.00015583580006843674,wf2023A,wf2023,A,0.6
wf2023,w0.6,20230605,-0.0029117727660089646,-0.002756816047027843,-0.00015495671898112373,wf2023A,wf2023,A,0.6
wf2023,w0.6,20230606,0.0014266303358878383,0.0011326520601240592,0.00029397827576377854,wf2023A,wf2023,A,0.6
wf2023,w0.6,20230607,-0.00212671040190217,-0.0019968698004033513,-0.00012984060149881936,wf2023A,wf2023,A,0.6
wf2023,w0.6,20230608,0.0030861223890724177,0.002853068033466395,0.00023305435560602386,wf2023A,wf2023,A,0.6
wf2023,w0.6,20230609,0.005364113215487073,0.004999675891440649,0.0003644373240464226,wf2023A,wf2023,A,0.6
wf2023,w0.6,20230612,0.003669733645930764,0.0035695186244422937,0.0001002150214884692,wf2023A,wf2023,A,0.6
wf2023,w0.6,20230613,-0.0019438008242848282,-0.0017927313905573864,-0.0001510694337274418,wf2023A,wf2023,A,0.6
wf2023,w0.6,20230614,0.0023881165900326946,0.0020640731282407037,0.00032404346179199114,wf2023A,wf2023,A,0.6
wf2023,w0.6,20230615,0.0009206068642993621,0.0008153767789681749,0.00013769146544070625,wf2023A,wf2023,A,0.6
wf2023,w0.6,20230616,0.0031854435952297505,0.0031563750241923694,2.9489956840012715e-05,wf2023A,wf2023,A,0.6
wf2023,w0.6,20230619,0.0017031632145057744,0.001423969741302473,0.0001516067535108575,wf2023A,wf2023,A,0.6
wf2023,w0.6,20230620,-0.0009392181395228155,-0.0007664485550967734,-0.0003370072099526145,wf2023A,wf2023,A,0.6
wf2023,w0.6,20230621,-0.002551842748663463,-0.00158983398370788,-0.0009624317669075467,wf2023A,wf2023,A,0.6
wf2023,w0.6,20230626,0.0009915863746908678,0.0006479915887765991,-4.206766285982671e-05,wf2023A,wf2023,A,0.6
wf2023,w0.6,20230627,-0.0017675415148412556,-0.0012509484103138098,-0.0008296957296724212,wf2023A,wf2023,A,0.6
wf2023,w0.6,20230628,0.00555033468009666,0.005506676225595909,0.00035576013689025867,wf2023A,wf2023,A,0.6
wf2023,w0.6,20230629,0.0003846606399915426,0.00034962660873622063,-7.780343516111253e-05,wf2023A,wf2023,A,0.6
wf2023,w0.6,20230630,-0.0031752911447519546,-0.003148294100945542,-0.00045237523690195344,wf2023A,wf2023,A,0.6
wf2023,w0.6,20230703,0.0048311633912962205,0.0046732233083913504,0.0003042410794822283,wf2023A,wf2023,A,0.6
wf2023,w0.6,20230704,-0.002292720669322508,-0.0019437153455082647,-0.00042519008063098874,wf2023A,wf2023,A,0.6
wf2023,w0.6,20230705,0.0008508175871826679,0.0009107583657327052,7.865827676843957e-05,wf2023A,wf2023,A,0.6
wf2023,w0.6,20230706,-0.003960445383456652,-0.0036927619531773857,-0.000602715671243399,wf2023A,wf2023,A,0.6
wf2023,w0.6,20230707,-0.000874398317789607,-0.0007213800808942434,-0.00011152556816125131,wf2023A,wf2023,A,0.6
wf2023,w0.6,20230710,0.002426422166984744,0.0026211574055993924,6.347119366525761e-05,wf2023A,wf2023,A,0.6
wf2023,w0.6,20230711,-0.0016980366206724093,-0.0013379877650562058,-0.0004200207728354008,wf2023A,wf2023,A,0.6
wf2023,w0.6,20230712,0.003141132783867937,0.003297766628099632,0.00022411732264854988,wf2023A,wf2023,A,0.6
wf2023,w0.6,20230713,0.0031609455498065827,0.003384948694207675,3.869234309388432e-05,wf2023A,wf2023,A,0.6
wf2023,w0.6,20230714,0.0007843388638563793,0.0006684949197037,-0.00019845075621577237,wf2023A,wf2023,A,0.6
wf2023,w0.6,20230717,-0.00040899842858148133,-6.776162957881628e-05,-0.0005531391798393583,wf2023A,wf2023,A,0.6
wf2023,w0.6,20230718,-0.0034970403766305816,-0.0029224351341198074,-0.00024099448356628973,wf2023A,wf2023,A,0.6
wf2023,w0.6,20230719,-0.004150933855734689,-0.003991160314564864,-0.00041161398608022964,wf2023A,wf2023,A,0.6
wf2023,w0.6,20230720,-0.004033434001143815,-0.003920703265342041,-0.0006124453000557663,wf2023A,wf2023,A,0.6
wf2023,w0.6,20230721,0.004190839833323794,0.003972818806392938,-1.4584399308147479e-05,wf2023A,wf2023,A,0.6
wf2023,w0.6,20230724,-6.012931564584878e-05,6.907640180007184e-05,7.02036397254761e-05,wf2023A,wf2023,A,0.6
wf2023,w0.6,20230725,-0.004975373034034479,-0.004686281328878512,-0.0004479603973924538,wf2023A,wf2023,A,0.6
wf2023,w0.6,20230726,0.001471535039112173,0.0015015040127011377,-0.0002174485753566188,wf2023A,wf2023,A,0.6
wf2023,w0.6,20230727,-0.0023275076812798506,-0.002123831561566038,-0.00035024183933197593,wf2023A,wf2023,A,0.6
wf2023,w0.6,20230728,-0.00048712629561581053,-0.0008432462975193991,6.525788874804982e-05,wf2023A,wf2023,A,0.6
wf2023,w0.6,20230731,0.00013471852695506794,-3.8820471161431374e-05,-0.00013229451109003054,wf2023A,wf2023,A,0.6
wf2023,w0.6,20230801,0.0011720943889596443,0.001125855586861124,6.416225619149723e-05,wf2023A,wf2023,A,0.6
wf2023,w0.6,20230802,-0.0014250698204554396,-0.0013614694447055147,-7.680431075703253e-05,wf2023A,wf2023,A,0.6
wf2023,w0.6,20230803,0.0032586915925856006,0.0029918818719085897,0.0001782209448974676,wf2023A,wf2023,A,0.6
wf2023,w0.6,20230804,0.0009560774642467622,0.0009271929520996272,7.495961863519259e-05,wf2023A,wf2023,A,0.6
wf2023,w0.6,20230807,-0.000684202176761363,-0.0003946878649033555,-8.53836225930868e-05,wf2023A,wf2023,A,0.6
wf2023,w0.6,20230808,-0.0011489703184272022,-0.0009321293647615821,2.5820421700831718e-05,wf2023A,wf2023,A,0.6
wf2023,w0.7,20230421,0.0027644809541147422,0.0028831578765559627,-0.00011867692244121993,wf2023A,wf2023,A,0.7
wf2023,w0.7,20230424,-0.003942381923891257,-0.003404125353471726,-0.0005382565704195341,wf2023A,wf2023,A,0.7
wf2023,w0.7,20230425,0.0004470393874196066,0.00042934740706660835,1.7691980353000884e-05,wf2023A,wf2023,A,0.7
wf2023,w0.7,20230426,0.0042992134066992165,0.004225301340349898,7.391206634931738e-05,wf2023A,wf2023,A,0.7
wf2023,w0.7,20230427,0.005043152349155009,0.0046694678782152384,0.0003736844709397732,wf2023A,wf2023,A,0.7
wf2023,w0.7,20230428,-0.00099996678724267,-0.0006005800619076349,-0.0004000509984749305,wf2023A,wf2023,A,0.7
wf2023,w0.7,20230504,-0.00018712665712322316,0.0001150065104484814,-0.00027531314843547193,wf2023A,wf2023,A,0.7
wf2023,w0.7,20230505,0.001846009975189104,0.0020961186122398397,-0.00025411050873410583,wf2023A,wf2023,A,0.7
wf2023,w0.7,20230508,-0.002123931181875415,-0.0017258677093245861,-0.0003945186722975159,wf2023A,wf2023,A,0.7
wf2023,w0.7,20230509,0.004904037914208802,0.00473515492367358,0.0001632176466096795,wf2023A,wf2023,A,0.7
wf2023,w0.7,20230510,0.0004845379789918747,0.00039806502855662843,8.89990496288381e-05,wf2023A,wf2023,A,0.7
wf2023,w0.7,20230511,0.0008096578373237833,0.0009610987545830235,-0.0001509760422863431,wf2023A,wf2023,A,0.7
wf2023,w0.7,20230512,0.0016900457504710415,0.0014509323188807873,0.00022604209010430474,wf2023A,wf2023,A,0.7
wf2023,w0.7,20230515,0.003695943415351114,0.0034807307325415556,0.0002301341535845935,wf2023A,wf2023,A,0.7
wf2023,w0.7,20230516,0.007286155856759064,0.006968194211331917,0.00032146279914278694,wf2023A,wf2023,A,0.7
wf2023,w0.7,20230517,0.004442886477530721,0.004535378905980887,-9.349364609313821e-05,wf2023A,wf2023,A,0.7
wf2023,w0.7,20230518,0.004634285254115263,0.00426920672661995,0.0003641960140254661,wf2023A,wf2023,A,0.7
wf2023,w0.7,20230519,0.001283499993948548,0.0010587019883114403,0.00021652341518097208,wf2023A,wf2023,A,0.7
wf2023,w0.7,20230522,0.0021362265998541644,0.001994545498307548,0.00013913377703552753,wf2023A,wf2023,A,0.7
wf2023,w0.7,20230523,0.004508018625744107,0.004107301409520321,0.0004007172162237845,wf2023A,wf2023,A,0.7
wf2023,w0.7,20230524,0.003904005735956018,0.0037982872130065417,0.00010571852294947626,wf2023A,wf2023,A,0.7
wf2023,w0.7,20230525,0.0015074896693186282,0.0014877297627253609,1.975990659326747e-05,wf2023A,wf2023,A,0.7
wf2023,w0.7,20230526,9.885977080671595e-05,0.00019492254771601928,-9.606277690930436e-05,wf2023A,wf2023,A,0.7
wf2023,w0.7,20230529,0.000892245992811052,0.0010069845683638437,-0.00011473857555279154,wf2023A,wf2023,A,0.7
wf2023,w0.7,20230530,-0.0010612166742345538,-0.0006612303994961237,-0.0003999862747384304,wf2023A,wf2023,A,0.7
wf2023,w0.7,20230531,0.0023748563395796134,0.002585670065756441,-0.00021081372617682794,wf2023A,wf2023,A,0.7
wf2023,w0.7,20230601,-0.0015348076424463305,-0.0019240768744932923,0.00038926923204696186,wf2023A,wf2023,A,0.7
wf2023,w0.7,20230602,0.002183805758052754,0.002388932935848196,-0.00020512717779544285,wf2023A,wf2023,A,0.7
wf2023,w0.7,20230605,-0.003196382557992903,-0.003063382360247787,-0.00013300019774511714,wf2023A,wf2023,A,0.7
wf2023,w0.7,20230606,0.0014376194277897986,0.001149256500599355,0.00028836292719044374,wf2023A,wf2023,A,0.7
wf2023,w0.7,20230607,-0.002817541070382468,-0.0027577240221064924,-5.9817048275975624e-05,wf2023A,wf2023,A,0.7
wf2023,w0.7,20230608,0.0029276598760184834,0.0027427724588153348,0.00018488741720314704,wf2023A,wf2023,A,0.7
wf2023,w0.7,20230609,0.004923755743064754,0.004636943762222965,0.0002868119808417891,wf2023A,wf2023,A,0.7
wf2023,w0.7,20230612,0.003643559951075645,0.0035629805051139813,8.057944596166269e-05,wf2023A,wf2023,A,0.7
wf2023,w0.7,20230613,-0.0021740116838281564,-0.001985480102746053,-0.0001885315810821037,wf2023A,wf2023,A,0.7
wf2023,w0.7,20230614,0.002349123772094219,0.002012761315887303,0.00033636245620691745,wf2023A,wf2023,A,0.7
wf2023,w0.7,20230615,0.0013039436494474846,0.0012433363388165664,9.306869074043845e-05,wf2023A,wf2023,A,0.7
wf2023,w0.7,20230616,0.002882713083819593,0.0029079294657020074,-2.479499607978302e-05,wf2023A,wf2023,A,0.7
wf2023,w0.7,20230619,0.002000272788042248,0.0017356677944594082,0.00013701827389039477,wf2023A,wf2023,A,0.7
wf2023,w0.7,20230620,-0.000981961287958322,-0.0009633861642826137,-0.00018281274920228208,wf2023A,wf2023,A,0.7
wf2023,w0.7,20230621,-0.0032739306981111466,-0.0023569566416205214,-0.0009173970584425866,wf2023A,wf2023,A,0.7
wf2023,w0.7,20230626,0.0012593489332023491,0.0009211084981203054,-4.742201369205103e-05,wf2023A,wf2023,A,0.7
wf2023,w0.7,20230627,-0.0012564027518815026,-0.0007550270030071359,-0.0008144783740193424,wf2023A,wf2023,A,0.7
wf2023,w0.7,20230628,0.005305692465775273,0.005278649244999891,0.00033914490316489014,wf2023A,wf2023,A,0.7
wf2023,w0.7,20230629,0.0006444160473351914,0.0006154957873128874,-8.391720639412688e-05,wf2023A,wf2023,A,0.7
wf2023,w0.7,20230630,-0.002330892260626951,-0.0022942448643035775,-0.0004620255894189154,wf2023A,wf2023,A,0.7
wf2023,w0.7,20230703,0.004267804885801325,0.0041620029460579565,0.00025210293632072335,wf2023A,wf2023,A,0.7
wf2023,w0.7,20230704,-0.002388381268079053,-0.002093239921358595,-0.0003713261035372046,wf2023A,wf2023,A,0.7
wf2023,w0.7,20230705,0.00028543653800847265,0.00030408661899319146,0.00011994897433375784,wf2023A,wf2023,A,0.7
wf2023,w0.7,20230706,-0.003733619081192366,-0.003519047341663595,-0.0005496039804929038,wf2023A,wf2023,A,0.7
wf2023,w0.7,20230707,-0.00025462298723034405,-8.783546640616486e-05,-0.00012529485209006682,wf2023A,wf2023,A,0.7
wf2023,w0.7,20230710,0.0018406343973213128,0.0020445956689156826,5.4245160685535204e-05,wf2023A,wf2023,A,0.7
wf2023,w0.7,20230711,-0.00228621239958879,-0.002004013858388422,-0.00034217045841956336,wf2023A,wf2023,A,0.7
wf2023,w0.7,20230712,0.002932039264378251,0.0030724495711151626,0.00024034086014333142,wf2023A,wf2023,A,0.7
wf2023,w0.7,20230713,0.0026424195200268614,0.0029605313635783516,-5.541635605651409e-05,wf2023A,wf2023,A,0.7
wf2023,w0.7,20230714,0.000706393275421615,0.0005555622051193149,-0.00016346363006615211,wf2023A,wf2023,A,0.7
wf2023,w0.7,20230717,-1.1690190444021357e-05,0.0002378246746993992,-0.00046141724598011403,wf2023A,wf2023,A,0.7
wf2023,w0.7,20230718,-0.0029905546167723835,-0.002407791215789831,-0.000249152642038067,wf2023A,wf2023,A,0.7
wf2023,w0.7,20230719,-0.0036259959821545364,-0.0034577789676196596,-0.00042005745944527994,wf2023A,wf2023,A,0.7
wf2023,w0.7,20230720,-0.003493185519013508,-0.0034277968954160272,-0.0005651031878514747,wf2023A,wf2023,A,0.7
wf2023,w0.7,20230721,0.004509871908192654,0.004295603746597873,-1.8337264644221695e-05,wf2023A,wf2023,A,0.7
wf2023,w0.7,20230724,-0.0005144718969625449,-0.0004006408495731366,8.557830978198789e-05,wf2023A,wf2023,A,0.7
wf2023,w0.7,20230725,-0.00461473168134843,-0.004382720501713849,-0.0003908798718710709,wf2023A,wf2023,A,0.7
wf2023,w0.7,20230726,0.0012601519270004843,0.0012774436829905043,-0.0002047713577576752,wf2023A,wf2023,A,0.7
wf2023,w0.7,20230727,-0.002562645106923424,-0.002325298716573075,-0.00038391210996851165,wf2023A,wf2023,A,0.7
wf2023,w0.7,20230728,-0.0008053057431022803,-0.0011778614242728494,8.169356801503074e-05,wf2023A,wf2023,A,0.7
wf2023,w0.7,20230731,0.0005445467657631893,0.0003785536643917332,-0.00013984040783507362,wf2023A,wf2023,A,0.7
wf2023,w0.7,20230801,0.0008723211760182573,0.0008318420184372187,5.840261167401561e-05,wf2023A,wf2023,A,0.7
wf2023,w0.7,20230802,-0.001310904607792202,-0.0012918678444712307,-3.224069832807858e-05,wf2023A,wf2023,A,0.7
wf2023,w0.7,20230803,0.0029628747253018675,0.0027818496750751124,9.243627444721174e-05,wf2023A,wf2023,A,0.7
wf2023,w0.7,20230804,0.0011307746632463834,0.0012159660025977189,-3.911623286327756e-05,wf2023A,wf2023,A,0.7
wf2023,w0.7,20230807,5.090634249927187e-05,0.00030787563392427537,-5.28386021600824e-05,wf2023A,wf2023,A,0.7
wf2023,w0.7,20230808,-0.0014400112037066676,-0.0012531844342469802,5.583460590676361e-05,wf2023A,wf2023,A,0.7
wf2023,w0.8,20230421,0.003147743544432263,0.0032828208846259086,-0.00013507734019364484,wf2023A,wf2023,A,0.8
wf2023,w0.8,20230424,-0.0048089827727867684,-0.004311208760962898,-0.0004977740118238745,wf2023A,wf2023,A,0.8
wf2023,w0.8,20230425,0.0025796801554738083,0.00217640094385543,0.0004032792116183823,wf2023A,wf2023,A,0.8
wf2023,w0.8,20230426,0.003455269672433791,0.0031730265908663,0.0002822430815674898,wf2023A,wf2023,A,0.8
wf2023,w0.8,20230427,0.0039077381414810985,0.0037891524546628625,0.00011858568681823166,wf2023A,wf2023,A,0.8
wf2023,w0.8,20230428,-0.0006371244060550995,-0.0003007199740141177,-0.00033706870518087457,wf2023A,wf2023,A,0.8
wf2023,w0.8,20230504,-0.00022931293508556688,7.33051851837883e-05,-0.00027579810113312055,wf2023A,wf2023,A,0.8
wf2023,w0.8,20230505,0.0020572639247455364,0.002314255287291474,-0.00026099323422930614,wf2023A,wf2023,A,0.8
wf2023,w0.8,20230508,-0.002277148364294686,-0.001924090617732203,-0.00034951294630917204,wf2023A,wf2023,A,0.8
wf2023,w0.8,20230509,0.00533790888510075,0.005184223119458334,0.00014802042171687202,wf2023A,wf2023,A,0.8
wf2023,w0.8,20230510,7.117863815680418e-05,2.6559421936319923e-05,4.7145315414075944e-05,wf2023A,wf2023,A,0.8
wf2023,w0.8,20230511,0.00034843630258313274,0.0003882574623986452,-3.9356284842614956e-05,wf2023A,wf2023,A,0.8
wf2023,w0.8,20230512,0.002179476670041389,0.001860265152849028,0.00030614017570641263,wf2023A,wf2023,A,0.8
wf2023,w0.8,20230515,0.0034903730807512665,0.003195409485482819,0.00030988506604348197,wf2023A,wf2023,A,0.8
wf2023,w0.8,20230516,0.005812602972705128,0.005536296646085279,0.00027980748033549244,wf2023A,wf2023,A,0.8
wf2023,w0.8,20230517,0.003528745071863749,0.0037127873167998467,-0.00018504346257906703,wf2023A,wf2023,A,0.8
wf2023,w0.8,20230518,0.004309454761579287,0.00393195672287232,0.00037661552523712036,wf2023A,wf2023,A,0.8
wf2023,w0.8,20230519,0.0007939892072468917,0.000558625957653763,0.00022708865913699397,wf2023A,wf2023,A,0.8
wf2023,w0.8,20230522,0.0027879702426661336,0.0025843472867815545,0.00020107563137348946,wf2023A,wf2023,A,0.8
wf2023,w0.8,20230523,0.004347710433286866,0.004048649366092868,0.00029906106719399645,wf2023A,wf2023,A,0.8
wf2023,w0.8,20230524,0.0027688687612512524,0.0026453818597012746,0.0001234869015499772,wf2023A,wf2023,A,0.8
wf2023,w0.8,20230525,0.0017461536846547134,0.0016989012401746142,4.725244448009944e-05,wf2023A,wf2023,A,0.8
wf2023,w0.8,20230526,-0.0005395355597820877,-0.0003971421202503976,-0.00014239343953168984,wf2023A,wf2023,A,0.8
wf2023,w0.8,20230529,0.0018550744332287098,0.0019213079829437868,-6.623354971507626e-05,wf2023A,wf2023,A,0.8
wf2023,w0.8,20230530,-0.0013065266579208867,-0.0007701188337980598,-0.0005364078241228272,wf2023A,wf2023,A,0.8
wf2023,w0.8,20230531,0.0013287817397923457,0.001634089565454962,-0.0003053078256626171,wf2023A,wf2023,A,0.8
wf2023,w0.8,20230601,-0.00011960591830238038,-0.0006271686616201392,0.0005075627433177581,wf2023A,wf2023,A,0.8
wf2023,w0.8,20230602,0.0016173549084777042,0.0019084617380006952,-0.0002911068295229906,wf2023A,wf2023,A,0.8
wf2023,w0.8,20230605,-0.003084507831496504,-0.002982943758630471,-0.00010156407286603737,wf2023A,wf2023,A,0.8
wf2023,w0.8,20230606,0.0006235059058704384,0.0004999827059899912,0.00012352319988044775,wf2023A,wf2023,A,0.8
wf2023,w0.8,20230607,-0.0034762096456152766,-0.0035608059213730063,8.459627575772902e-05,wf2023A,wf2023,A,0.8
wf2023,w0.8,20230608,0.002471304412549443,0.002318491399273717,0.00015281301327572583,wf2023A,wf2023,A,0.8
wf2023,w0.8,20230609,0.0052118411956226865,0.004873856250748864,0.00033798494487382273,wf2023A,wf2023,A,0.8
wf2023,w0.8,20230612,0.0028188200276668776,0.002783189627256297,3.563040041058141e-05,wf2023A,wf2023,A,0.8
wf2023,w0.8,20230613,-0.0017724507392367196,-0.0015780079433781618,-0.00019444279585855768,wf2023A,wf2023,A,0.8
wf2023,w0.8,20230614,0.0028412420450485325,0.002521140965154289,0.0003201010798942439,wf2023A,wf2023,A,0.8
wf2023,w0.8,20230615,0.001848354406088202,0.0018674525246571596,1.3363261540563242e-05,wf2023A,wf2023,A,0.8
wf2023,w0.8,20230616,0.0023291251137477786,0.002479949188406462,-0.00015040268885605098,wf2023A,wf2023,A,0.8
wf2023,w0.8,20230619,0.002402204288775695,0.0020976384506652913,0.00017697911841795916,wf2023A,wf2023,A,0.8
wf2023,w0.8,20230620,-0.0016292199187232532,-0.0015428212021735695,-0.00025063634207625544,wf2023A,wf2023,A,0.8
wf2023,w0.8,20230621,-0.0032699320025578703,-0.0023451968631082037,-0.0009251581414016288,wf2023A,wf2023,A,0.8
wf2023,w0.8,20230626,0.0011328749505241098,0.0008461673580752102,-9.895485632519313e-05,wf2023A,wf2023,A,0.8
wf2023,w0.8,20230627,-0.0010008528494659485,-0.0005707770499450424,-0.0007431784246658816,wf2023A,wf2023,A,0.8
wf2023,w0.8,20230628,0.004696356412877235,0.004648032397885093,0.0003604256973816491,wf2023A,wf2023,A,0.8
wf2023,w0.8,20230629,0.0005107150034026862,0.0004688555575092388,-7.097802052298489e-05,wf2023A,wf2023,A,0.8
wf2023,w0.8,20230630,-0.001956820918915122,-0.0018776374358892936,-0.0005045616761213699,wf2023A,wf2023,A,0.8
wf2023,w0.8,20230703,0.004067157688447301,0.00396930892786195,0.0002441497571627092,wf2023A,wf2023,A,0.8
wf2023,w0.8,20230704,-0.002744603241843331,-0.002499673654957428,-0.00032111434370264876,wf2023A,wf2023,A,0.8
wf2023,w0.8,20230705,-6.0224901795324394e-05,-5.794875711610991e-05,0.00013632291063926208,wf2023A,wf2023,A,0.8
wf2023,w0.8,20230706,-0.003317012495795164,-0.00317184609957799,-0.00048019863718130667,wf2023A,wf2023,A,0.8
wf2023,w0.8,20230707,-0.0006104585718936758,-0.00045760909602445704,-0.00011135680713510597,wf2023A,wf2023,A,0.8
wf2023,w0.8,20230710,0.002083935972490459,0.0023016681648782376,4.047423989212745e-05,wf2023A,wf2023,A,0.8
wf2023,w0.8,20230711,-0.0017351695671618088,-0.001490905131295221,-0.00030423635308578386,wf2023A,wf2023,A,0.8
wf2023,w0.8,20230712,0.0030568901806486293,0.0031383271114215436,0.0002993142361073305,wf2023A,wf2023,A,0.8
wf2023,w0.8,20230713,0.0021885711593492454,0.002426194770862219,2.5071875982002997e-05,wf2023A,wf2023,A,0.8
wf2023,w0.8,20230714,0.0010605278224001524,0.0009287667878309765,-0.000182533665799276,wf2023A,wf2023,A,0.8
wf2023,w0.8,20230717,-7.093241977866821e-05,0.00015728958114164142,-0.0004401243817570027,wf2023A,wf2023,A,0.8
wf2023,w0.8,20230718,-0.0028203786019224734,-0.0022547914990002317,-0.0002319763439777557,wf2023A,wf2023,A,0.8
wf2023,w0.8,20230719,-0.003728140997632693,-0.0034446106414971803,-0.0005353708010459184,wf2023A,wf2023,A,0.8
wf2023,w0.8,20230720,-0.00367609300664104,-0.0034953316073691723,-0.0006804759635258601,wf2023A,wf2023,A,0.8
wf2023,w0.8,20230721,0.003920319168500313,0.0036386098026945425,4.9103939566767325e-05,wf2023A,wf2023,A,0.8
wf2023,w0.8,20230724,3.7498322168608156e-05,0.00017624226447424468,6.0665414865758015e-05,wf2023A,wf2023,A,0.8
wf2023,w0.8,20230725,-0.005510215152582972,-0.004987268305773102,-0.0006818155390463587,wf2023A,wf2023,A,0.8
wf2023,w0.8,20230726,0.0013517920796563736,0.0014214665224149532,-0.0002571540445262346,wf2023A,wf2023,A,0.8
wf2023,w0.8,20230727,-0.002303831401221878,-0.001981021414503671,-0.0004693757063363685,wf2023A,wf2023,A,0.8
wf2023,w0.8,20230728,-0.0012033728156041644,-0.0015855260328649025,9.129110410519964e-05,wf2023A,wf2023,A,0.8
wf2023,w0.8,20230731,-0.00030050744826017745,-0.00047197725385642584,-0.00013436370361028205,wf2023A,wf2023,A,0.8
wf2023,w0.8,20230801,0.001031120167878528,0.0009910555222749332,5.798809969657191e-05,wf2023A,wf2023,A,0.8
wf2023,w0.8,20230802,-0.001029693047750504,-0.0009573624633938006,-8.553451936381102e-05,wf2023A,wf2023,A,0.8
wf2023,w0.8,20230803,0.0020980564758003584,0.001923116507164008,8.635119285680765e-05,wf2023A,wf2023,A,0.8
wf2023,w0.8,20230804,0.0009047328993268735,0.0008586574445042896,9.215056131064043e-05,wf2023A,wf2023,A,0.8
wf2023,w0.8,20230807,-5.421546479143801e-05,0.00016592060889548878,-1.6005384422005584e-05,wf2023A,wf2023,A,0.8
wf2023,w0.8,20230808,-0.0022542799216258066,-0.002000754244119522,-1.0864302139831806e-05,wf2023A,wf2023,A,0.8
wf2023,w0.9,20230421,0.002386288621953371,0.002571406208717342,-0.00018511758676397036,wf2023A,wf2023,A,0.9
wf2023,w0.9,20230424,-0.004190296511475719,-0.003602331076486319,-0.0005879654349893995,wf2023A,wf2023,A,0.9
wf2023,w0.9,20230425,0.0033814021733353412,0.0024386234498589817,0.0009427787234763613,wf2023A,wf2023,A,0.9
wf2023,w0.9,20230426,0.0029856091867353366,0.0022234628259946987,0.0007621463607406369,wf2023A,wf2023,A,0.9
wf2023,w0.9,20230427,0.0012958285682613258,0.0015309406211304697,-0.00023511205286914314,wf2023A,wf2023,A,0.9
wf2023,w0.9,20230428,-0.0017489786916114356,-0.0014579323429893124,-0.000291710621762016,wf2023A,wf2023,A,0.9
wf2023,w0.9,20230504,-0.002353702411580942,-0.0019809773704922975,-0.0003459050219524112,wf2023A,wf2023,A,0.9
wf2023,w0.9,20230505,0.001681363320464247,0.0019806591109705054,-0.00030329766218962687,wf2023A,wf2023,A,0.9
wf2023,w0.9,20230508,-0.0026906125249566686,-0.0023281744619827044,-0.00035889326272065263,wf2023A,wf2023,A,0.9
wf2023,w0.9,20230509,0.005574035009359643,0.005384557509376303,0.00018381215605779735,wf2023A,wf2023,A,0.9
wf2023,w0.9,20230510,-0.00029849114740247446,-0.00035215706890894937,5.619202070006654e-05,wf2023A,wf2023,A,0.9
wf2023,w0.9,20230511,0.0006434508123556778,0.0007301200754055337,-8.620438807695874e-05,wf2023A,wf2023,A,0.9
wf2023,w0.9,20230512,0.00305676819566767,0.002696103645851124,0.000347593208330597,wf2023A,wf2023,A,0.9
wf2023,w0.9,20230515,0.0031019631603700967,0.002690556540108954,0.00042632809103617834,wf2023A,wf2023,A,0.9
wf2023,w0.9,20230516,0.005333749648701048,0.005052588696437369,0.0002846621059793181,wf2023A,wf2023,A,0.9
wf2023,w0.9,20230517,0.003956415318166854,0.004246732489150201,-0.00029131838862631607,wf2023A,wf2023,A,0.9
wf2023,w0.9,20230518,0.004516128583532799,0.004033589541137279,0.00048165652892567367,wf2023A,wf2023,A,0.9
wf2023,w0.9,20230519,0.001929579409099486,0.0015195384303378064,0.00040176638830554485,wf2023A,wf2023,A,0.9
wf2023,w0.9,20230522,0.002476885321011789,0.0022374132223744398,0.0002369247741262586,wf2023A,wf2023,A,0.9
wf2023,w0.9,20230523,0.002745259225974627,0.002560620642088516,0.0001846385838861109,wf2023A,wf2023,A,0.9
wf2023,w0.9,20230524,0.0031974880545985575,0.0030807893611383193,0.00011669869346023779,wf2023A,wf2023,A,0.9
wf2023,w0.9,20230525,0.0012600904893240363,0.0013399052300017184,-7.981474067768103e-05,wf2023A,wf2023,A,0.9
wf2023,w0.9,20230526,-0.0004634896289167209,-0.0001995556429257709,-0.0002639339859909499,wf2023A,wf2023,A,0.9
wf2023,w0.9,20230529,0.0016627517738422486,0.0017474376133514128,-8.46858395091642e-05,wf2023A,wf2023,A,0.9
wf2023,w0.9,20230530,-0.001838062343618661,-0.001259865166493623,-0.0005781971771250379,wf2023A,wf2023,A,0.9
wf2023,w0.9,20230531,0.0015043590527954818,0.0017815130003988138,-0.000277153947603332,wf2023A,wf2023,A,0.9
wf2023,w0.9,20230601,0.0006541214161347557,0.00013343492993683021,0.0005206864861979246,wf2023A,wf2023,A,0.9
wf2023,w0.9,20230602,0.0010095076679400104,0.001336873813844229,-0.00032736614590421823,wf2023A,wf2023,A,0.9
wf2023,w0.9,20230605,-0.002935692857827698,-0.002827912908156079,-0.00010777994967161812,wf2023A,wf2023,A,0.9
wf2023,w0.9,20230606,-0.0005454676090183822,-0.0006345720923345121,8.91044833161291e-05,wf2023A,wf2023,A,0.9
wf2023,w0.9,20230607,-0.003798196934594807,-0.003831830830885151,3.363389629034394e-05,wf2023A,wf2023,A,0.9
wf2023,w0.9,20230608,0.0017978598839751845,0.0016538845362118967,0.0001439753477632879,wf2023A,wf2023,A,0.9
wf2023,w0.9,20230609,0.005762740256083261,0.005397779484332711,0.00036496077175055024,wf2023A,wf2023,A,0.9
wf2023,w0.9,20230612,0.0033833486864382535,0.003258874790727572,0.0001244738957106832,wf2023A,wf2023,A,0.9
wf2023,w0.9,20230613,-0.0012697157415792698,-0.0010949208176834013,-0.00017479492389586892,wf2023A,wf2023,A,0.9
wf2023,w0.9,20230614,0.002801574969256238,0.0025234016857782838,0.0002781732834779547,wf2023A,wf2023,A,0.9
wf2023,w0.9,20230615,0.0023364677524683993,0.0022664105207429487,0.00010251861183496951,wf2023A,wf2023,A,0.9
wf2023,w0.9,20230616,0.0021471222090980366,0.0021546283411205984,-7.084746219929844e-06,wf2023A,wf2023,A,0.9
wf2023,w0.9,20230619,0.0021938137875875023,0.0018918123016695109,0.00017441476622554727,wf2023A,wf2023,A,0.9
wf2023,w0.9,20230620,-0.0008139109732190411,-0.0005584577768523168,-0.00041969082189329573,wf2023A,wf2023,A,0.9
wf2023,w0.9,20230621,-0.002004935410039089,-0.0009608418275865282,-0.0010445165844045186,wf2023A,wf2023,A,0.9
wf2023,w0.9,20230626,0.0010356040111446814,0.0007764671210497228,-0.00012652555867913133,wf2023A,wf2023,A,0.9
wf2023,w0.9,20230627,-0.0016473894952302144,-0.0011936606710541045,-0.0007668314493210852,wf2023A,wf2023,A,0.9
wf2023,w0.9,20230628,0.003535374380435977,0.0034434141392851733,0.0004040619235403096,wf2023A,wf2023,A,0.9
wf2023,w0.9,20230629,0.001984862386923974,0.0019678462807897817,-9.582136028224058e-05,wf2023A,wf2023,A,0.9
wf2023,w0.9,20230630,-0.0018816678575141856,-0.0018633773702765365,-0.0004436686803331894,wf2023A,wf2023,A,0.9
wf2023,w0.9,20230703,0.004157511667128057,0.004029062081216466,0.00027475058248894796,wf2023A,wf2023,A,0.9
wf2023,w0.9,20230704,-0.002072406975331814,-0.0018283100146866938,-0.0003202817174618656,wf2023A,wf2023,A,0.9
wf2023,w0.9,20230705,-0.00023615323598169362,-0.0002408476205323124,0.00014329343986909553,wf2023A,wf2023,A,0.9
wf2023,w0.9,20230706,-0.0037912713267250087,-0.0036361981905633474,-0.0004901053771257923,wf2023A,wf2023,A,0.9
wf2023,w0.9,20230707,-0.0012090659057837465,-0.001076654203997134,-9.091903305249981e-05,wf2023A,wf2023,A,0.9
wf2023,w0.9,20230710,0.0017958062280840062,0.00199092114260143,6.309151776248176e-05,wf2023A,wf2023,A,0.9
wf2023,w0.9,20230711,-0.0011455338262266902,-0.000918695131872683,-0.0002868106115732042,wf2023A,wf2023,A,0.9
wf2023,w0.9,20230712,0.0028277417883297,0.002770422730715846,0.00043807022449410043,wf2023A,wf2023,A,0.9
wf2023,w0.9,20230713,0.002964971575988413,0.003177146160845285,5.052090263810343e-05,wf2023A,wf2023,A,0.9
wf2023,w0.9,20230714,0.0013609757221700455,0.0012381326676145833,-0.0001914516458129899,wf2023A,wf2023,A,0.9
wf2023,w0.9,20230717,8.911216311783914e-05,0.00029655055372081906,-0.00041934077143967324,wf2023A,wf2023,A,0.9
wf2023,w0.9,20230718,-0.0033777849631556477,-0.002755064926158994,-0.00028910927805216805,wf2023A,wf2023,A,0.9
wf2023,w0.9,20230719,-0.003794062655667627,-0.0034908919031328206,-0.000555011197445211,wf2023A,wf2023,A,0.9
wf2023,w0.9,20230720,-0.0030063337015836457,-0.0028847682332615392,-0.0006212800325760995,wf2023A,wf2023,A,0.9
wf2023,w0.9,20230721,0.002693052049721576,0.002449507752472394,1.0938871010178746e-05,wf2023A,wf2023,A,0.9
wf2023,w0.9,20230724,0.00013170433179075097,0.00024950135239578764,8.161233656635548e-05,wf2023A,wf2023,A,0.9
wf2023,w0.9,20230725,-0.004801159929881906,-0.004149079379069802,-0.0008109492430485952,wf2023A,wf2023,A,0.9
wf2023,w0.9,20230726,0.0012272054769841122,0.00134098241067254,-0.00030125653545608276,wf2023A,wf2023,A,0.9
wf2023,w0.9,20230727,-0.002559923356195126,-0.0022236936449892305,-0.00048279543082405867,wf2023A,wf2023,A,0.9
wf2023,w0.9,20230728,-0.000718920551539064,-0.0011359980025340917,0.00012621533783948742,wf2023A,wf2023,A,0.9
wf2023,w0.9,20230731,-1.0047405491864485e-05,-0.000119985544078952,-0.00019589537061944127,wf2023A,wf2023,A,0.9
wf2023,w0.9,20230801,0.0009658636803679945,0.0009208325695657924,6.295456489517948e-05,wf2023A,wf2023,A,0.9
wf2023,w0.9,20230802,-0.001380514515802936,-0.0012895466486086782,-0.00010417180220136532,wf2023A,wf2023,A,0.9
wf2023,w0.9,20230803,0.0016862800418246662,0.0014725392463872322,0.00012515201965789007,wf2023A,wf2023,A,0.9
wf2023,w0.9,20230804,0.00019266954117898825,0.0002026052900454867,3.613935762155816e-05,wf2023A,wf2023,A,0.9
wf2023,w0.9,20230807,9.013937740705682e-05,0.00032460303777447866,-3.0332971102500873e-05,wf2023A,wf2023,A,0.9
wf2023,w0.9,20230808,-0.0016631967735862459,-0.0014539827928172276,3.344739459743442e-05,wf2023A,wf2023,A,0.9
wf2023,w1.0,20230421,0.0028666951186050557,0.0029665046402434603,-9.980952163840368e-05,wf2023A,wf2023,A,1.0
wf2023,w1.0,20230424,-0.006172522141367518,-0.005380325419728476,-0.0007921967216390398,wf2023A,wf2023,A,1.0
wf2023,w1.0,20230425,0.004610406210113048,0.004053563393553529,0.0005568428165595204,wf2023A,wf2023,A,1.0
wf2023,w1.0,20230426,0.0021773546064127645,0.00221299194745422,-3.56373410414558e-05,wf2023A,wf2023,A,1.0
wf2023,w1.0,20230427,-0.0005800923152929419,-0.0005469743732578622,-3.3117942035079434e-05,wf2023A,wf2023,A,1.0
wf2023,w1.0,20230428,-0.0024428528987892953,-0.00186311799671734,-0.000580399175211849,wf2023A,wf2023,A,1.0
wf2023,w1.0,20230504,-0.0020017550122449646,-0.0014664224607924422,-0.0005085125323162899,wf2023A,wf2023,A,1.0
wf2023,w1.0,20230505,0.0012485668442590702,0.0016682141701392838,-0.00042364919756358226,wf2023A,wf2023,A,1.0
wf2023,w1.0,20230508,-0.0027527133831997206,-0.0020068917434247525,-0.0007422768395216561,wf2023A,wf2023,A,1.0
wf2023,w1.0,20230509,0.0062720361374119255,0.005919622109062423,0.00034674868442395736,wf2023A,wf2023,A,1.0
wf2023,w1.0,20230510,0.00043453582574601735,0.00046450228072018754,-2.7440355780578414e-05,wf2023A,wf2023,A,1.0
wf2023,w1.0,20230511,0.0001436981857543887,0.0003842469222947834,-0.0002400838615674952,wf2023A,wf2023,A,1.0
wf2023,w1.0,20230512,0.0046732575089964935,0.004201239424691259,0.0004589467428192834,wf2023A,wf2023,A,1.0
wf2023,w1.0,20230515,0.003926164612939496,0.003541266228254172,0.00039981985546036014,wf2023A,wf2023,A,1.0
wf2023,w1.0,20230516,0.0049319634191219465,0.004585863389417507,0.00034960118342007823,wf2023A,wf2023,A,1.0
wf2023,w1.0,20230517,0.0022504808661602113,0.002245525390347656,3.954258169583662e-06,wf2023A,wf2023,A,1.0
wf2023,w1.0,20230518,0.00535120672239624,0.004716345604636256,0.0006339786042901363,wf2023A,wf2023,A,1.0
wf2023,w1.0,20230519,0.0027981197685512677,0.0027496764258807885,4.0168752214345024e-05,wf2023A,wf2023,A,1.0
wf2023,w1.0,20230522,0.0033676154063649096,0.003216090968634744,0.00014897711321907648,wf2023A,wf2023,A,1.0
wf2023,w1.0,20230523,0.0030154230517886486,0.0026161883749637794,0.00039923467682486963,wf2023A,wf2023,A,1.0
wf2023,w1.0,20230524,0.0024321997637318173,0.002403829435624758,2.837032810705917e-05,wf2023A,wf2023,A,1.0
wf2023,w1.0,20230525,0.000438839808473878,0.0005967725046965324,-0.00015793269622265267,wf2023A,wf2023,A,1.0
wf2023,w1.0,20230526,-0.0018173092102760826,-0.0014824676844189867,-0.0003348415258570969,wf2023A,wf2023,A,1.0
wf2023,w1.0,20230529,0.00026485187049359645,0.00029912104185648655,-3.426917136289067e-05,wf2023A,wf2023,A,1.0
wf2023,w1.0,20230530,-0.0015437566610866172,-0.001319015668114192,-0.00022474099297242533,wf2023A,wf2023,A,1.0
wf2023,w1.0,20230531,0.0008469792654163147,0.0007078906061132324,0.00013908865930308196,wf2023A,wf2023,A,1.0
wf2023,w1.0,20230601,0.00073814914215602,0.0005182690386801264,0.0002198801034758952,wf2023A,wf2023,A,1.0
wf2023,w1.0,20230602,7.487863921352804e-05,5.711701671312061e-05,1.7761622500408434e-05,wf2023A,wf2023,A,1.0
wf2023,w1.0,20230605,-0.0031359097476895796,-0.0029399073297884603,-0.00019600241790111944,wf2023A,wf2023,A,1.0
wf2023,w1.0,20230606,-0.0014139596183494747,-0.0018419336994648318,0.00042797408111535696,wf2023A,wf2023,A,1.0
wf2023,w1.0,20230607,-0.00391309706728573,-0.0035072164051745762,-0.00040588066211115264,wf2023A,wf2023,A,1.0
wf2023,w1.0,20230608,4.433608690694764e-05,-0.0002685371240248787,0.00031287321093182634,wf2023A,wf2023,A,1.0
wf2023,w1.0,20230609,0.005195967321952221,0.004780623486404811,0.00041534383554741043,wf2023A,wf2023,A,1.0
wf2023,w1.0,20230612,0.0026114666422914832,0.00243116593048361,0.0001803007118078729,wf2023A,wf2023,A,1.0
wf2023,w1.0,20230613,0.00023618476956987892,0.0003051488032592381,-6.896403368935881e-05,wf2023A,wf2023,A,1.0
wf2023,w1.0,20230614,0.005195920879121266,0.004763737446849913,0.000432183432271353,wf2023A,wf2023,A,1.0
wf2023,w1.0,20230615,0.002941812716715228,0.0026508200338138162,0.0003234540630109328,wf2023A,wf2023,A,1.0
wf2023,w1.0,20230616,0.0017320092797767708,0.0011894956830625792,0.0005429349825168235,wf2023A,wf2023,A,1.0
wf2023,w1.0,20230619,0.004476499233097037,0.004002277940944217,0.00034663457246037496,wf2023A,wf2023,A,1.0
wf2023,w1.0,20230620,0.0008529069062357952,0.0015192287907292064,-0.0008305595100199833,wf2023A,wf2023,A,1.0
wf2023,w1.0,20230621,0.0016508761536527094,0.0029442891103049935,-0.0012938359586042436,wf2023A,wf2023,A,1.0
wf2023,w1.0,20230626,0.001896698083051776,0.0015964277266070036,-8.539209232931748e-05,wf2023A,wf2023,A,1.0
wf2023,w1.0,20230627,-0.0014681656137448557,-0.0004909436293342182,-0.0012903246095556135,wf2023A,wf2023,A,1.0
wf2023,w1.0,20230628,0.0038143925602891933,0.0035277153684574176,0.0005987788742212826,wf2023A,wf2023,A,1.0
wf2023,w1.0,20230629,0.0025297490157979857,0.0025012443670380025,-8.43328176564472e-05,wf2023A,wf2023,A,1.0
wf2023,w1.0,20230630,-0.002365840289663156,-0.002055266928171275,-0.0007359515545874221,wf2023A,wf2023,A,1.0
wf2023,w1.0,20230703,0.005142043928609995,0.0047964500725945405,0.0004918948525928145,wf2023A,wf2023,A,1.0
wf2023,w1.0,20230704,-0.0024436999436987543,-0.0016251661110412972,-0.0008947185894742017,wf2023A,wf2023,A,1.0
wf2023,w1.0,20230705,-0.0008843696593212149,-0.0009843314663713148,0.00023856086236857685,wf2023A,wf2023,A,1.0
wf2023,w1.0,20230706,-0.003233621713012687,-0.002552030221225794,-0.0010166237327510264,wf2023A,wf2023,A,1.0
wf2023,w1.0,20230707,-0.0005526872447641497,-0.00028165248480793557,-0.00022954209122210155,wf2023A,wf2023,A,1.0
wf2023,w1.0,20230710,0.002023996098913899,0.0021717391247432437,0.00011046340645055902,wf2023A,wf2023,A,1.0
wf2023,w1.0,20230711,-0.0020751689682244976,-0.0013720560655132031,-0.0007630848199304909,wf2023A,wf2023,A,1.0
wf2023,w1.0,20230712,0.0010644399359160204,0.0010483703673176297,0.0003968207354786364,wf2023A,wf2023,A,1.0
wf2023,w1.0,20230713,0.0010129577777670134,0.000994726917000811,0.0002809263482611787,wf2023A,wf2023,A,1.0
wf2023,w1.0,20230714,0.0005937528642207229,0.0006844728124028502,-0.0004050146485505793,wf2023A,wf2023,A,1.0
wf2023,w1.0,20230717,-0.0003127929873761376,0.00045198371962070166,-0.0009766790878335324,wf2023A,wf2023,A,1.0
wf2023,w1.0,20230718,-0.004449657307887102,-0.003598920640617618,-0.0005171259083249987,wf2023A,wf2023,A,1.0
wf2023,w1.0,20230719,-0.003189057159788849,-0.0024919346791268293,-0.0009489629255724243,wf2023A,wf2023,A,1.0
wf2023,w1.0,20230720,-0.0025729839784067892,-0.001899871352057302,-0.0011728271906034807,wf2023A,wf2023,A,1.0
wf2023,w1.0,20230721,0.0014684072050048418,0.0012842319450508302,-4.8430166284991265e-05,wf2023A,wf2023,A,1.0
wf2023,w1.0,20230724,-0.00031979032755379694,-0.00027128526653194264,0.0001509042961495425,wf2023A,wf2023,A,1.0
wf2023,w1.0,20230725,-0.004304846115216545,-0.0027961836531803065,-0.0016675311542727277,wf2023A,wf2023,A,1.0
wf2023,w1.0,20230726,0.002451513988339847,0.002828411820814602,-0.0005643774342424102,wf2023A,wf2023,A,1.0
wf2023,w1.0,20230727,-0.0012485735521008002,-0.0005069999449093581,-0.0008881393268096044,wf2023A,wf2023,A,1.0
wf2023,w1.0,20230728,-0.0019528111127216034,-0.0023456071460073746,0.0001019339201302329,wf2023A,wf2023,A,1.0
wf2023,w1.0,20230731,0.00048032167281438116,0.0006375702877470484,-0.0004630821241391969,wf2023A,wf2023,A,1.0
wf2023,w1.0,20230801,0.0013789651894038366,0.00128708569518507,0.00010980294831174353,wf2023A,wf2023,A,1.0
wf2023,w1.0,20230802,0.0004263645830261336,0.0006895676584129649,-0.0002764070103939388,wf2023A,wf2023,A,1.0
wf2023,w1.0,20230803,0.003038053348790651,0.0022141674648986976,0.0007352971081124108,wf2023A,wf2023,A,1.0
wf2023,w1.0,20230804,-0.0007209884985414821,-0.0012134597094947497,0.0005385463174413248,wf2023A,wf2023,A,1.0
wf2023,w1.0,20230807,-9.207490876054114e-05,0.00023950976331774658,-0.0001274539828133663,wf2023A,wf2023,A,1.0
wf2023,w1.0,20230808,-0.0015888217274889638,-0.0009646826935015109,-0.00038147765862099994,wf2023A,wf2023,A,1.0
wf2023,w0.0,20230809,0.0024426587569781138,0.0018005916751571553,0.000515932400604973,wf2023B,wf2023,B,0.0
wf2023,w0.0,20230810,-0.00024935677507517337,-0.00024712464461295485,0.00013955634534309021,wf2023B,wf2023,B,0.0
wf2023,w0.0,20230811,0.002820236358926263,0.003683251092236231,-0.0008349997917295952,wf2023B,wf2023,B,0.0
wf2023,w0.0,20230814,-0.00016873065757493783,-0.0008713995203797818,0.0006359167839674964,wf2023B,wf2023,B,0.0
wf2023,w0.0,20230815,-0.0013173053607938457,-0.0017519210871367755,0.0005443979859733202,wf2023B,wf2023,B,0.0
wf2023,w0.0,20230816,0.005957031411189969,0.006447473825472832,-0.0005370415561398215,wf2023B,wf2023,B,0.0
wf2023,w0.0,20230817,0.004393768791039613,0.0037856242741177272,0.0008118317304830584,wf2023B,wf2023,B,0.0
wf2023,w0.0,20230818,0.0015592503974616988,0.0019547359994439364,-0.0004249194440614231,wf2023B,wf2023,B,0.0
wf2023,w0.0,20230821,0.0025001642729627475,0.0033652963983326987,-0.0013128848937265802,wf2023B,wf2023,B,0.0
wf2023,w0.0,20230822,0.002513853913201197,0.0019098671136447863,0.00037266276703816595,wf2023B,wf2023,B,0.0
wf2023,w0.0,20230823,-0.00021649624864733064,-0.0006908229838130622,0.0003433207157459444,wf2023B,wf2023,B,0.0
wf2023,w0.0,20230824,-0.003212133763918587,-0.004790463352200897,0.001298389742851668,wf2023B,wf2023,B,0.0
wf2023,w0.0,20230825,0.0003430470365789577,-9.417498010934255e-05,0.0005540217297058263,wf2023B,wf2023,B,0.0
wf2023,w0.0,20230828,0.009145332175601761,0.010925958003557681,-0.0015013900956745352,wf2023B,wf2023,B,0.0
wf2023,w0.0,20230829,0.008170158827411136,0.008332056460726253,-0.0002426599689691363,wf2023B,wf2023,B,0.0
wf2023,w0.0,20230830,0.0005468189507500136,0.0005269806178970825,9.874284960894672e-05,wf2023B,wf2023,B,0.0
wf2023,w0.0,20230831,-0.00014523683063663497,-0.0008529677148276617,0.000533153518408197,wf2023B,wf2023,B,0.0
wf2023,w0.0,20230901,0.0012798096623563605,0.0008836932170225049,0.0003124805163739002,wf2023B,wf2023,B,0.0
wf2023,w0.0,20230904,0.003191876839153279,0.0026303797934577656,0.000594755801352958,wf2023B,wf2023,B,0.0
wf2023,w0.0,20230905,0.005905574000160419,0.005860055170070373,0.00010133925069838896,wf2023B,wf2023,B,0.0
wf2023,w0.0,20230906,0.0007118328773455009,0.0003757963414539639,0.00013596115627740728,wf2023B,wf2023,B,0.0
wf2023,w0.0,20230907,0.0027060762313587715,0.0025744989159782626,0.00021849720942903524,wf2023B,wf2023,B,0.0
wf2023,w0.0,20230908,-0.0009108230277483937,-0.001319326524053461,0.0002526718469979981,wf2023B,wf2023,B,0.0
wf2023,w0.0,20230911,-0.00196077044567234,-0.0021890269136024226,0.00019236009130601682,wf2023B,wf2023,B,0.0
wf2023,w0.0,20230912,-0.003020484118712705,-0.0030194054612270164,4.970497016104117e-05,wf2023B,wf2023,B,0.0
wf2023,w0.0,20230913,-0.0008981757912616094,-0.0015577525789257556,0.0004561260952508857,wf2023B,wf2023,B,0.0
wf2023,w0.0,20230914,-0.00020580842210203,-0.0008583809058243686,0.0005382574789790055,wf2023B,wf2023,B,0.0
wf2023,w0.0,20230915,0.0042829863993088585,0.004186431492257673,0.00010640369008937165,wf2023B,wf2023,B,0.0
wf2023,w0.0,20230918,-0.0036343099533680985,-0.0038265588165536666,0.000260333458079949,wf2023B,wf2023,B,0.0
wf2023,w0.0,20230919,-0.00020078952180754492,-0.00012214624173556037,-5.957967040729195e-05,wf2023B,wf2023,B,0.0
wf2023,w0.0,20230920,0.0039750058888295536,0.003998675981360304,-0.0001710591931289533,wf2023B,wf2023,B,0.0
wf2023,w0.0,20230921,0.0045116960701457424,0.0048688899170211955,-0.0004487678183607822,wf2023B,wf2023,B,0.0
wf2023,w0.0,20230922,-0.0005932564673726357,-0.0004033432204996321,-0.0001594910660011761,wf2023B,wf2023,B,0.0
wf2023,w0.0,20230925,0.0007565380958514624,0.0008098712938068537,-7.172517113028706e-06,wf2023B,wf2023,B,0.0
wf2023,w0.0,20230926,0.000504393621710706,-0.00019051214350652534,0.0006744449506072629,wf2023B,wf2023,B,0.0
wf2023,w0.0,20230927,0.006288570481708736,0.006411035200042957,-0.00019809001915056058,wf2023B,wf2023,B,0.0
wf2023,w0.0,20230928,0.0011470347698479084,0.0015948018970279706,-0.0005513350518064493,wf2023B,wf2023,B,0.0
wf2023,w0.0,20231009,0.0037384433891181996,0.003940546203707739,-0.00025640101418116835,wf2023B,wf2023,B,0.0
wf2023,w0.0,20231010,0.0011221069362736683,0.00134147909640377,-0.00018540514254420664,wf2023B,wf2023,B,0.0
wf2023,w0.0,20231011,-0.0019006332204508092,-0.002615244835098441,0.000620902338077037,wf2023B,wf2023,B,0.0
wf2023,w0.0,20231012,-0.0008623666634471547,-0.000618887536709981,-0.0002710890371536493,wf2023B,wf2023,B,0.0
wf2023,w0.0,20231013,0.0005309771154310573,0.000529979129867255,1.344462118268781e-05,wf2023B,wf2023,B,0.0
wf2023,w0.0,20231016,0.0017104618109957683,0.001390709703199093,0.0002751857738715495,wf2023B,wf2023,B,0.0
wf2023,w0.0,20231017,-0.0018881420725909911,-0.001992748488572058,4.330818603624947e-06,wf2023B,wf2023,B,0.0
wf2023,w0.0,20231018,0.004738825054926719,0.004405231074109424,0.00037738138614658653,wf2023B,wf2023,B,0.0
wf2023,w0.0,20231019,-0.0025996953245684597,-0.0031677579525358768,0.0005733448053057281,wf2023B,wf2023,B,0.0
wf2023,w0.0,20231020,-0.0024676279753047294,-0.0024903104358823067,-4.199439299344691e-05,wf2023B,wf2023,B,0.0
wf2023,w0.0,20231023,0.007426638149357415,0.007494691553955781,-9.712044533270376e-05,wf2023B,wf2023,B,0.0
wf2023,w0.0,20231024,0.0015972004985043697,0.0020221488826073068,-0.0002183976394382376,wf2023B,wf2023,B,0.0
wf2023,w0.0,20231025,0.0014286562007223146,0.0016427438223630612,-3.9714051661878415e-05,wf2023B,wf2023,B,0.0
wf2023,w0.0,20231026,-0.0032643938354455105,-0.00409554887251751,0.0008652431361439565,wf2023B,wf2023,B,0.0
wf2023,w0.0,20231027,0.00527655679416731,0.005360178554213063,-0.00019363065770965153,wf2023B,wf2023,B,0.0
wf2023,w0.0,20231030,-0.0004528815569349808,-0.0008128240752798165,0.00031149451581697095,wf2023B,wf2023,B,0.0
wf2023,w0.0,20231031,0.003665415298499585,0.0030742703519801434,0.0004693519940031606,wf2023B,wf2023,B,0.0
wf2023,w0.0,20231101,0.00045347826474836754,0.00019247258117226476,0.0001845377377541868,wf2023B,wf2023,B,0.0
wf2023,w0.0,20231102,0.005130341300021362,0.005116850146957404,-6.872704791442732e-05,wf2023B,wf2023,B,0.0
wf2023,w0.0,20231103,0.0009873585661398614,0.0019170382411328735,-0.000970528046170894,wf2023B,wf2023,B,0.0
wf2023,w0.0,20231106,0.003043621017898528,0.0036226445997938213,-0.0005959471790175293,wf2023B,wf2023,B,0.0
wf2023,w0.0,20231107,3.111721872882736e-05,0.000179198563570652,-0.00018373478822263914,wf2023B,wf2023,B,0.0
wf2023,w0.0,20231108,0.0017032599188894883,0.001074017887479929,0.0005568491131322507,wf2023B,wf2023,B,0.0
wf2023,w0.0,20231109,0.002731217909012527,0.002279075218233631,0.0005210543325873662,wf2023B,wf2023,B,0.0
wf2023,w0.0,20231110,0.0027968312681403307,0.003044875367930486,-0.00023482085994824567,wf2023B,wf2023,B,0.0
wf2023,w0.0,20231113,4.3325636826145944e-05,0.0007041194670984704,-0.000736822922577988,wf2023B,wf2023,B,0.0
wf2023,w0.0,20231114,0.00014030051611056173,-0.0002186507465412875,0.00033424565627865094,wf2023B,wf2023,B,0.0
wf2023,w0.0,20231115,0.0006698405841366398,0.0008402534443480421,-0.00021608170021286433,wf2023B,wf2023,B,0.0
wf2023,w0.0,20231116,0.0034208484367800017,0.0029885186078007567,0.00039810256519987015,wf2023B,wf2023,B,0.0
wf2023,w0.0,20231117,0.0012074471893228425,0.0013892682902944937,-0.0001047730193474624,wf2023B,wf2023,B,0.0
wf2023,w0.0,20231120,-0.0036454022600285367,-0.004155521068733731,0.0004728367057037677,wf2023B,wf2023,B,0.0
wf2023,w0.0,20231121,-0.0007133148804618628,-0.0011809778743250851,0.000477760077646946,wf2023B,wf2023,B,0.0
wf2023,w0.0,20231122,0.002671077618859862,0.0022928117405810176,0.000395829741490355,wf2023B,wf2023,B,0.0
wf2023,w0.0,20231123,-0.002462421260175632,-0.003133246221304919,0.0005861918395736229,wf2023B,wf2023,B,0.0
wf2023,w0.0,20231124,0.004062778519291517,0.003999370591711441,1.3288149618711394e-05,wf2023B,wf2023,B,0.0
wf2023,w0.0,20231127,0.004218017296885225,0.0037682717013291503,0.0004465690828368966,wf2023B,wf2023,B,0.0
wf2023,w0.0,20231128,0.0031272886872202995,0.0029486680264972955,0.0001549424035135172,wf2023B,wf2023,B,0.0
wf2023,w0.0,20231129,-0.003333048539086207,-0.0036851275978443928,0.0002621677213730046,wf2023B,wf2023,B,0.0
wf2023,w0.0,20231130,0.0004979875138306014,0.0013573491369083001,-0.0008863038570856953,wf2023B,wf2023,B,0.0
wf2023,w0.0,20231201,0.0013198044052738056,0.0012963417084326878,1.8916810926108476e-05,wf2023B,wf2023,B,0.0
wf2023,w0.0,20231204,-0.00129472090225468,-0.0020493535805828095,0.0007264452155445185,wf2023B,wf2023,B,0.0
wf2023,w0.0,20231205,0.0022403734273956236,0.0014115370249821126,0.0008005158083152766,wf2023B,wf2023,B,0.0
wf2023,w0.0,20231206,0.0008422546353552304,0.0008571904957374877,-6.23361156207556e-05,wf2023B,wf2023,B,0.0
wf2023,w0.0,20231207,-0.0020577994568893865,-0.0012789022854033023,-0.0007698995902245531,wf2023B,wf2023,B,0.0
wf2023,w0.0,20231208,0.00011357642832878628,0.0005313525938751814,-0.0004522162640631153,wf2023B,wf2023,B,0.0
wf2023,w0.0,20231211,-0.0007797057318025095,-0.0007675425349866935,-4.75302738015731e-05,wf2023B,wf2023,B,0.0
wf2023,w0.0,20231212,0.0021635652880962414,0.0018283793898816224,0.000327998650828591,wf2023B,wf2023,B,0.0
wf2023,w0.0,20231213,0.0015055211737699816,0.0004737620779264801,0.0009623200171405587,wf2023B,wf2023,B,0.0
wf2023,w0.0,20231214,0.0009215882825782235,0.00047743533761968434,0.0004150502900565441,wf2023B,wf2023,B,0.0
wf2023,w0.0,20231215,0.0004587254164251809,0.0006276251401567418,-0.00021682130745352219,wf2023B,wf2023,B,0.0
wf2023,w0.0,20231218,0.005431419901045284,0.005108526526051802,0.0003626625754256107,wf2023B,wf2023,B,0.0
wf2023,w0.0,20231219,0.0021554576699781107,0.0017922850306357327,0.00037650773966354904,wf2023B,wf2023,B,0.0
wf2023,w0.0,20231220,0.00022642497893703324,-0.0003000712720857075,0.0004855502670488967,wf2023B,wf2023,B,0.0
wf2023,w0.0,20231221,-0.002817878356114297,-0.0037207384777049814,0.000944539455787738,wf2023B,wf2023,B,0.0
wf2023,w0.0,20231222,8.801682350742437e-06,0.00016222034995381032,-0.0003023085885364603,wf2023B,wf2023,B,0.0
wf2023,w0.0,20231225,-0.004539140039787315,-0.004574997426202951,3.891197450301158e-05,wf2023B,wf2023,B,0.0
wf2023,w0.0,20231226,0.002243463951915223,0.0022308535276387496,1.447152802492133e-05,wf2023B,wf2023,B,0.0
wf2023,w0.0,20231227,0.003224204749879285,0.0018818971531192688,0.0013340365969434804,wf2023B,wf2023,B,0.0
wf2023,w0.0,20231228,0.0047640223818976365,0.004897546755043394,-0.00017435957492705558,wf2023B,wf2023,B,0.0
wf2023,w0.0,20231229,0.0021692772819329183,0.0011198779395195128,0.0010528125734859935,wf2023B,wf2023,B,0.0
wf2023,w0.1,20230809,0.0013668445922431307,0.0009821573996997067,0.00025855251132743694,wf2023B,wf2023,B,0.1
wf2023,w0.1,20230810,-0.0009998472325382785,-0.0008408558165060337,-1.7202940226940503e-05,wf2023B,wf2023,B,0.1
wf2023,w0.1,20230811,0.0029337593188573843,0.0034323266706642714,-0.0004705524102265147,wf2023B,wf2023,B,0.1
wf2023,w0.1,20230814,-0.0014230801741784895,-0.0016654034012152084,0.00017557114819937136,wf2023B,wf2023,B,0.1
wf2023,w0.1,20230815,-0.0014639053931449347,-0.0015119089778106534,0.00015778584429611183,wf2023B,wf2023,B,0.1
wf2023,w0.1,20230816,0.0061772466514783755,0.0062939936131218,-0.00016334610350037765,wf2023B,wf2023,B,0.1
wf2023,w0.1,20230817,0.0027409051258832536,0.002573026712196507,0.0003715656272479153,wf2023B,wf2023,B,0.1
wf2023,w0.1,20230818,0.00014336019677457183,0.00044320773933950356,-0.0003292813846441175,wf2023B,wf2023,B,0.1
wf2023,w0.1,20230821,0.003282358177833546,0.003392960019649815,-0.0005583546101728993,wf2023B,wf2023,B,0.1
wf2023,w0.1,20230822,0.0019508242885970667,0.0017395945710449575,-2.0094314966137062e-05,wf2023B,wf2023,B,0.1
wf2023,w0.1,20230823,0.0005644431818087033,2.267475789839322e-05,0.0004107624044905228,wf2023B,wf2023,B,0.1
wf2023,w0.1,20230824,-0.003767712741120869,-0.004346040387186704,0.00029838780063520023,wf2023B,wf2023,B,0.1
wf2023,w0.1,20230825,0.0007693988559602499,0.000736060428542932,0.00015013814043484463,wf2023B,wf2023,B,0.1
wf2023,w0.1,20230828,0.010036145706815568,0.01045251697287915,-0.00013713553378220066,wf2023B,wf2023,B,0.1
wf2023,w0.1,20230829,0.007999891985979137,0.007689244776711269,0.0002298848736138499,wf2023B,wf2023,B,0.1
wf2023,w0.1,20230830,0.0005980797728087281,0.0005832885208044848,9.369576876025918e-05,wf2023B,wf2023,B,0.1
wf2023,w0.1,20230831,-0.00023642523424501852,-0.0005886706336474773,0.00017766803361962916,wf2023B,wf2023,B,0.1
wf2023,w0.1,20230901,1.0829241824224234e-05,-0.00023796928928138193,0.00016516260214564997,wf2023B,wf2023,B,0.1
wf2023,w0.1,20230904,0.0035762891900504947,0.0031071089375259765,0.000502439008181963,wf2023B,wf2023,B,0.1
wf2023,w0.1,20230905,0.004385703987641312,0.004192981654077904,0.0002485427541717511,wf2023B,wf2023,B,0.1
wf2023,w0.1,20230906,0.0003560981961308659,0.00021881166723088663,-6.278885071414855e-05,wf2023B,wf2023,B,0.1
wf2023,w0.1,20230907,0.0028801195553696066,0.0026584997485715233,0.0003085397008466091,wf2023B,wf2023,B,0.1
wf2023,w0.1,20230908,0.0003446610001340538,8.716110115421677e-05,0.00010166824967276852,wf2023B,wf2023,B,0.1
wf2023,w0.1,20230911,-0.0019729777664797615,-0.0020453467929091875,3.647264980535933e-05,wf2023B,wf2023,B,0.1
wf2023,w0.1,20230912,-0.0032727876775501194,-0.0029499579800126214,-0.0002720460698907673,wf2023B,wf2023,B,0.1
wf2023,w0.1,20230913,-0.0017305224684174593,-0.002001643473917453,6.767031308673203e-05,wf2023B,wf2023,B,0.1
wf2023,w0.1,20230914,-0.0005283991219156149,-0.0009439533598518554,0.0003012392331929075,wf2023B,wf2023,B,0.1
wf2023,w0.1,20230915,0.004073371551867814,0.003941286097436586,0.00014193423746941352,wf2023B,wf2023,B,0.1
wf2023,w0.1,20230918,-0.0035518472443315605,-0.003395621965204229,-8.814068423295269e-05,wf2023B,wf2023,B,0.1
wf2023,w0.1,20230919,-0.0009199702669332819,-0.0006883870931856207,-0.00021251956408296926,wf2023B,wf2023,B,0.1
wf2023,w0.1,20230920,0.003564074141007404,0.003520342056293873,-0.00010365701588467191,wf2023B,wf2023,B,0.1
wf2023,w0.1,20230921,0.005293583738225631,0.005200689846501911,1.3199202383898357e-06,wf2023B,wf2023,B,0.1
wf2023,w0.1,20230922,-9.470914252704323e-05,5.03050140992145e-05,-0.00011459197575443132,wf2023B,wf2023,B,0.1
wf2023,w0.1,20230925,0.0026611773837490475,0.0026543710384625612,5.2967026128848586e-05,wf2023B,wf2023,B,0.1
wf2023,w0.1,20230926,0.0010291843104720836,0.0004472018707648434,0.0005615216250972723,wf2023B,wf2023,B,0.1
wf2023,w0.1,20230927,0.004810916134517751,0.00465579586099272,7.94949727086944e-05,wf2023B,wf2023,B,0.1
wf2023,w0.1,20230928,0.002432512230960082,0.0025410123074884393,-0.00021206800115474358,wf2023B,wf2023,B,0.1
wf2023,w0.1,20231009,0.0034247913132316953,0.0034090251338645674,-3.8532020224500625e-05,wf2023B,wf2023,B,0.1
wf2023,w0.1,20231010,0.0011534031520302086,0.001113152052516301,7.421811709980284e-05,wf2023B,wf2023,B,0.1
wf2023,w0.1,20231011,-0.0011258661718523003,-0.0015885164676998345,0.00036894101927693965,wf2023B,wf2023,B,0.1
wf2023,w0.1,20231012,-0.00114162702674739,-0.0010276092427870386,-0.00014162769437682646,wf2023B,wf2023,B,0.1
wf2023,w0.1,20231013,-0.00037853395404760515,-0.00015562522601117833,-0.000210462092417542,wf2023B,wf2023,B,0.1
wf2023,w0.1,20231016,0.001622075805895339,0.0014158370108632795,0.00016167246110693344,wf2023B,wf2023,B,0.1
wf2023,w0.1,20231017,-0.002508353659803765,-0.0025318775392851336,-7.675171789607253e-05,wf2023B,wf2023,B,0.1
wf2023,w0.1,20231018,0.004104935593031381,0.0038461310111262965,0.00030259198723437753,wf2023B,wf2023,B,0.1
wf2023,w0.1,20231019,-0.0033866980014324675,-0.0035632073353793585,0.00018179151128520183,wf2023B,wf2023,B,0.1
wf2023,w0.1,20231020,-0.0017437066884145522,-0.0017232359676730858,-8.51475743124907e-05,wf2023B,wf2023,B,0.1
wf2023,w0.1,20231023,0.005629073390333389,0.005640009631863993,-4.000328226493724e-05,wf2023B,wf2023,B,0.1
wf2023,w0.1,20231024,0.0015897228394546221,0.0020511589138515014,-0.00025488532973217586,wf2023B,wf2023,B,0.1
wf2023,w0.1,20231025,0.0011303586055984457,0.0013813289737906645,-7.65967982133507e-05,wf2023B,wf2023,B,0.1
wf2023,w0.1,20231026,-0.002649124542350856,-0.0033843328577128893,0.0007692964144339893,wf2023B,wf2023,B,0.1
wf2023,w0.1,20231027,0.005074534169182611,0.0048818791195564095,8.264615196230252e-05,wf2023B,wf2023,B,0.1
wf2023,w0.1,20231030,-0.0009089653417991409,-0.0011349182629746934,0.00017750491864768756,wf2023B,wf2023,B,0.1
wf2023,w0.1,20231031,0.00254996924185946,0.0020216189819317995,0.00040655730741137944,wf2023B,wf2023,B,0.1
wf2023,w0.1,20231101,-0.0007835734570467087,-0.000987089473374455,0.00012704807050582822,wf2023B,wf2023,B,0.1
wf2023,w0.1,20231102,0.005559645112904514,0.005289440101074868,0.00018798681085126516,wf2023B,wf2023,B,0.1
wf2023,w0.1,20231103,0.0013137710742673475,0.0017264134390586041,-0.00045349073596913614,wf2023B,wf2023,B,0.1
wf2023,w0.1,20231106,0.0039570618315933675,0.004439493822217063,-0.0004993555877459303,wf2023B,wf2023,B,0.1
wf2023,w0.1,20231107,0.0006661339783831162,0.0005607670807032895,6.971345429901182e-05,wf2023B,wf2023,B,0.1
wf2023,w0.1,20231108,0.001381034433416549,0.0010144504529541595,0.00029419106218508127,wf2023B,wf2023,B,0.1
wf2023,w0.1,20231109,0.0026360009150268177,0.0023876805750121556,0.00031723198182313236,wf2023B,wf2023,B,0.1
wf2023,w0.1,20231110,0.0020590567523735923,0.0021826172109494432,-0.00011033721873394121,wf2023B,wf2023,B,0.1
wf2023,w0.1,20231113,0.0014321338766518123,0.0018889675074768623,-0.0005328627231307152,wf2023B,wf2023,B,0.1
wf2023,w0.1,20231114,0.00038894747564431186,2.8526060204800053e-05,0.0003357158090663152,wf2023B,wf2023,B,0.1
wf2023,w0.1,20231115,0.00015209034950728565,0.0002952961437252472,-0.00018887463421942243,wf2023B,wf2023,B,0.1
wf2023,w0.1,20231116,0.002638276440347944,0.002211646004330379,0.00039240317223819315,wf2023B,wf2023,B,0.1
wf2023,w0.1,20231117,0.0017937210105472886,0.0019138009376081437,-4.30318454366653e-05,wf2023B,wf2023,B,0.1
wf2023,w0.1,20231120,-0.0033310513875346214,-0.0036812686165327447,0.00031293512599669525,wf2023B,wf2023,B,0.1
wf2023,w0.1,20231121,-0.0015546505156642468,-0.0018093552109211485,0.0002648017790406264,wf2023B,wf2023,B,0.1
wf2023,w0.1,20231122,0.0024677291843665794,0.0020375393019529345,0.00044775374562515847,wf2023B,wf2023,B,0.1
wf2023,w0.1,20231123,-0.0025889887698055027,-0.003108794965094714,0.000435173073733549,wf2023B,wf2023,B,0.1
wf2023,w0.1,20231124,0.004307695765215188,0.004236567139676536,2.1008847577285754e-05,wf2023B,wf2023,B,0.1
wf2023,w0.1,20231127,0.0038743284743279318,0.0035195452148348806,0.0003516067467738738,wf2023B,wf2023,B,0.1
wf2023,w0.1,20231128,0.0015572821312079908,0.0013931474155466687,0.00014045645845183385,wf2023B,wf2023,B,0.1
wf2023,w0.1,20231129,-0.003330993426814058,-0.0035619635781039016,0.00014105881390466226,wf2023B,wf2023,B,0.1
wf2023,w0.1,20231130,0.0003496696386831111,0.0010219602476269048,-0.0006992328429517895,wf2023B,wf2023,B,0.1
wf2023,w0.1,20231201,-6.203788333119858e-05,-8.285839684602116e-05,1.6274627599813282e-05,wf2023B,wf2023,B,0.1
wf2023,w0.1,20231204,-0.0023918143234851336,-0.0028259641913830303,0.00040596240511428614,wf2023B,wf2023,B,0.1
wf2023,w0.1,20231205,0.001301668955837232,0.0007548657325049437,0.0005184826292340553,wf2023B,wf2023,B,0.1
wf2023,w0.1,20231206,0.002135884844642079,0.0021565466881431662,-6.806209873958584e-05,wf2023B,wf2023,B,0.1
wf2023,w0.1,20231207,-6.373377009307075e-05,0.0004931689727174114,-0.0005479051615489498,wf2023B,wf2023,B,0.1
wf2023,w0.1,20231208,0.0008084555457466697,0.0011429080666812085,-0.00036889261945126096,wf2023B,wf2023,B,0.1
wf2023,w0.1,20231211,-0.0013653604504573476,-0.0013286439334498628,-7.208359399324177e-05,wf2023B,wf2023,B,0.1
wf2023,w0.1,20231212,0.0023934707028691474,0.0021405201762575285,0.00024576327922559216,wf2023B,wf2023,B,0.1
wf2023,w0.1,20231213,0.0009054493667159022,5.312743809210419e-05,0.0007828828499208555,wf2023B,wf2023,B,0.1
wf2023,w0.1,20231214,0.0011872536390301982,0.0007817725462331,0.0003763784378951031,wf2023B,wf2023,B,0.1
wf2023,w0.1,20231215,5.078426703212027e-05,0.00022949000770580138,-0.0002266273243956429,wf2023B,wf2023,B,0.1
wf2023,w0.1,20231218,0.006064448824695514,0.005823627664562072,0.00028059036056556915,wf2023B,wf2023,B,0.1
wf2023,w0.1,20231219,0.0021573820478260567,0.0018893730476746864,0.0002813441004725414,wf2023B,wf2023,B,0.1
wf2023,w0.1,20231220,-0.00015432939578000678,-0.0006340890553951497,0.0004388136756412991,wf2023B,wf2023,B,0.1
wf2023,w0.1,20231221,-0.003222582361081184,-0.003960728457935416,0.0007798254310512863,wf2023B,wf2023,B,0.1
wf2023,w0.1,20231222,0.0010926078486105328,0.0012104310406432792,-0.0002667131129661379,wf2023B,wf2023,B,0.1
wf2023,w0.1,20231225,-0.004763402395569412,-0.004793886490275763,3.3538682793726076e-05,wf2023B,wf2023,B,0.1
wf2023,w0.1,20231226,0.003540511777034629,0.0034998217007687193,4.2551180014357986e-05,wf2023B,wf2023,B,0.1
wf2023,w0.1,20231227,0.002965615902062589,0.0018906779205709976,0.0010666669816750602,wf2023B,wf2023,B,0.1
wf2023,w0.1,20231228,0.004643726357877112,0.004670371068205363,-6.747991210955218e-05,wf2023B,wf2023,B,0.1
wf2023,w0.1,20231229,0.0012890312284534835,0.0005670860095791377,0.0007253584499469343,wf2023B,wf2023,B,0.1
wf2023,w0.2,20230809,0.0010127265228253913,0.0006375946703306621,0.00024899717127874264,wf2023B,wf2023,B,0.2
wf2023,w0.2,20230810,-0.00021370310680852989,-5.6794148185439924e-05,-1.512048281778533e-05,wf2023B,wf2023,B,0.2
wf2023,w0.2,20230811,0.0025267292856014046,0.00302208201544393,-0.00046733778826215343,wf2023B,wf2023,B,0.2
wf2023,w0.2,20230814,-0.0020941316627707427,-0.002364867937137227,0.00020398419552913405,wf2023B,wf2023,B,0.2
wf2023,w0.2,20230815,-0.002149442636727252,-0.0022074527232267696,0.0001677923461299107,wf2023B,wf2023,B,0.2
wf2023,w0.2,20230816,0.005953002602861818,0.006074757948345694,-0.0001683544873408329,wf2023B,wf2023,B,0.2
wf2023,w0.2,20230817,0.002978446703912214,0.0027523603863975443,0.00042977353107583884,wf2023B,wf2023,B,0.2
wf2023,w0.2,20230818,0.0007416925248200541,0.001042653705119387,-0.00033039502237851813,wf2023B,wf2023,B,0.2
wf2023,w0.2,20230821,0.003569029451023068,0.0038779504652117864,-0.0007566737825453496,wf2023B,wf2023,B,0.2
wf2023,w0.2,20230822,0.0018806672072866817,0.0016527516705260802,-3.4084957576433438e-06,wf2023B,wf2023,B,0.2
wf2023,w0.2,20230823,0.0010303790520664502,0.0004688910369955074,0.00043048199565115535,wf2023B,wf2023,B,0.2
wf2023,w0.2,20230824,-0.003712843447165451,-0.004322707270792528,0.0003299239781964418,wf2023B,wf2023,B,0.2
wf2023,w0.2,20230825,-0.0001344810206105919,-0.00015811587299172883,0.0001404345653986641,wf2023B,wf2023,B,0.2
wf2023,w0.2,20230828,0.00993464223756095,0.010362651038157363,-0.00014877306831503152,wf2023B,wf2023,B,0.2
wf2023,w0.2,20230829,0.00937472001346993,0.00886733114396476,0.00042662653385115473,wf2023B,wf2023,B,0.2
wf2023,w0.2,20230830,0.0006385000290779251,0.0005703320535599046,0.0001470724922740359,wf2023B,wf2023,B,0.2
wf2023,w0.2,20230831,-0.0006411541842912157,-0.0010243147815863474,0.00020858323151230217,wf2023B,wf2023,B,0.2
wf2023,w0.2,20230901,0.0005039063442506229,0.0002517657942635729,0.0001685046210270924,wf2023B,wf2023,B,0.2
wf2023,w0.2,20230904,0.004363944263335909,0.003775372341516473,0.0006218306774768807,wf2023B,wf2023,B,0.2
wf2023,w0.2,20230905,0.00588506446647933,0.005662344551047518,0.0002785403360401561,wf2023B,wf2023,B,0.2
wf2023,w0.2,20230906,9.630325671723672e-05,-5.057104827762569e-06,-9.871501806913059e-05,wf2023B,wf2023,B,0.2
wf2023,w0.2,20230907,0.0029939746617760454,0.002756177611720311,0.00032471694410426114,wf2023B,wf2023,B,0.2
wf2023,w0.2,20230908,8.30050576047757e-05,-0.00018519341245980497,0.00011236682075751108,wf2023B,wf2023,B,0.2
wf2023,w0.2,20230911,-0.0023683404910956074,-0.0023689338849002197,-3.53029828194535e-05,wf2023B,wf2023,B,0.2
wf2023,w0.2,20230912,-0.0028521920142445378,-0.0024586035595005554,-0.00034280482709725293,wf2023B,wf2023,B,0.2
wf2023,w0.2,20230913,-0.0011861148274426338,-0.00133255863605759,-5.700688379830246e-05,wf2023B,wf2023,B,0.2
wf2023,w0.2,20230914,-0.000538597232098817,-0.0008705808235997998,0.00021766858675764992,wf2023B,wf2023,B,0.2
wf2023,w0.2,20230915,0.004341052197763716,0.004147879601323572,0.00020302137947833193,wf2023B,wf2023,B,0.2
wf2023,w0.2,20230918,-0.004344506809636725,-0.003963691454713263,-0.00031273076002908263,wf2023B,wf2023,B,0.2
wf2023,w0.2,20230919,-0.0009342247393027787,-0.0006830261712771759,-0.00023213495836091108,wf2023B,wf2023,B,0.2
wf2023,w0.2,20230920,0.0037102917259017524,0.003613258055089323,-5.035542978577355e-05,wf2023B,wf2023,B,0.2
wf2023,w0.2,20230921,0.005871045747089278,0.005553312919124578,0.00022615885647937002,wf2023B,wf2023,B,0.2
wf2023,w0.2,20230922,0.0004851251919758834,0.000641035763001972,-0.00012548839015426153,wf2023B,wf2023,B,0.2
wf2023,w0.2,20230925,0.0028656387926893874,0.0027903831497090793,0.00012141632382267011,wf2023B,wf2023,B,0.2
wf2023,w0.2,20230926,0.0008789318329169241,0.0004206385253900958,0.00043783249291685987,wf2023B,wf2023,B,0.2
wf2023,w0.2,20230927,0.0047750688831625365,0.004500581799545724,0.0001988617828004739,wf2023B,wf2023,B,0.2
wf2023,w0.2,20230928,0.0030373347279639344,0.0029593617331102793,-2.5594929772731014e-05,wf2023B,wf2023,B,0.2
wf2023,w0.2,20231009,0.0034719424963906404,0.00337671011019582,4.093418660319078e-05,wf2023B,wf2023,B,0.2
wf2023,w0.2,20231010,0.0006799158125691735,0.0005456218889008362,0.0001682609412542323,wf2023B,wf2023,B,0.2
wf2023,w0.2,20231011,-0.0017062125276670588,-0.002011223229297415,0.00021130142505976264,wf2023B,wf2023,B,0.2
wf2023,w0.2,20231012,-0.000997277454663435,-0.000943686934323658,-8.120043075625371e-05,wf2023B,wf2023,B,0.2
wf2023,w0.2,20231013,0.0005035577491563836,0.0008116169666623172,-0.00029561258188704826,wf2023B,wf2023,B,0.2
wf2023,w0.2,20231016,0.0020223318281317373,0.0019147067220269922,6.305877217961909e-05,wf2023B,wf2023,B,0.2
wf2023,w0.2,20231017,-0.0027252433654968503,-0.0027299339363430074,-9.558502653128238e-05,wf2023B,wf2023,B,0.2
wf2023,w0.2,20231018,0.004771213080092484,0.004539277994091145,0.0002757224913306327,wf2023B,wf2023,B,0.2
wf2023,w0.2,20231019,-0.0035819565606518434,-0.0035418040913552853,-3.4870291958248074e-05,wf2023B,wf2023,B,0.2
wf2023,w0.2,20231020,-0.0010655265050117137,-0.0010262147718480869,-0.00010398858673465162,wf2023B,wf2023,B,0.2
wf2023,w0.2,20231023,0.005320714519198404,0.005160882466020524,0.00013076501244354324,wf2023B,wf2023,B,0.2
wf2023,w0.2,20231024,0.0017092955301818286,0.0021172900152563985,-0.0002014437404098687,wf2023B,wf2023,B,0.2
wf2023,w0.2,20231025,0.001013687701665655,0.0013198758835721075,-0.00013181461192758603,wf2023B,wf2023,B,0.2
wf2023,w0.2,20231026,-0.0031800631967712437,-0.003728969439534972,0.0005829943418356856,wf2023B,wf2023,B,0.2
wf2023,w0.2,20231027,0.004469532177455977,0.004021526724628083,0.0003379965551639966,wf2023B,wf2023,B,0.2
wf2023,w0.2,20231030,-0.0015861116588309731,-0.0016026592913270176,-3.190037003181998e-05,wf2023B,wf2023,B,0.2
wf2023,w0.2,20231031,0.0021971741337588296,0.001804111199145439,0.0002712699820971096,wf2023B,wf2023,B,0.2
wf2023,w0.2,20231101,-0.0006093639663217031,-0.0005940197414312841,-9.181217071233544e-05,wf2023B,wf2023,B,0.2
wf2023,w0.2,20231102,0.005399816705691125,0.004894139897647488,0.00042345860706525406,wf2023B,wf2023,B,0.2
wf2023,w0.2,20231103,0.0030476802385529904,0.002932602876868044,7.422899050706333e-05,wf2023B,wf2023,B,0.2
wf2023,w0.2,20231106,0.0035906717494938152,0.003790261061801537,-0.00021651290942995645,wf2023B,wf2023,B,0.2
wf2023,w0.2,20231107,0.0012157907729262018,0.0009462485541643119,0.00023388877538107529,wf2023B,wf2023,B,0.2
wf2023,w0.2,20231108,0.0009799023504481327,0.0008062088829387619,0.00010130054923206203,wf2023B,wf2023,B,0.2
wf2023,w0.2,20231109,0.002138496452607194,0.002083960950792568,0.00012344714362309548,wf2023B,wf2023,B,0.2
wf2023,w0.2,20231110,0.0023783186088676255,0.0023396772026829426,5.1864646026594216e-05,wf2023B,wf2023,B,0.2
wf2023,w0.2,20231113,0.0015882413181035823,0.0018019581297663554,-0.0002897459039684382,wf2023B,wf2023,B,0.2
wf2023,w0.2,20231114,-0.0006500558872794913,-0.0010071688590157966,0.0003324073653631071,wf2023B,wf2023,B,0.2
wf2023,w0.2,20231115,0.0003409287261277082,0.0004949143453878532,-0.00019965445926160591,wf2023B,wf2023,B,0.2
wf2023,w0.2,20231116,0.002724666628578707,0.002305464842963545,0.0003849745218357887,wf2023B,wf2023,B,0.2
wf2023,w0.2,20231117,0.001836212911227918,0.0018069369031269251,0.00010632408972518063,wf2023B,wf2023,B,0.2
wf2023,w0.2,20231120,-0.003086933973234682,-0.0031966913570356443,7.247528079953414e-05,wf2023B,wf2023,B,0.2
wf2023,w0.2,20231121,-0.0011885264764968633,-0.0012063954350356254,2.796604232248648e-05,wf2023B,wf2023,B,0.2
wf2023,w0.2,20231122,0.002005147980485884,0.0015533882964953736,0.0004693235472020238,wf2023B,wf2023,B,0.2
wf2023,w0.2,20231123,-0.003263842587218447,-0.003430434812938466,8.195910416435752e-05,wf2023B,wf2023,B,0.2
wf2023,w0.2,20231124,0.005514993921999167,0.005383901390551218,8.097275348658347e-05,wf2023B,wf2023,B,0.2
wf2023,w0.2,20231127,0.0033710353953466535,0.0029940940732988697,0.0003737648093286066,wf2023B,wf2023,B,0.2
wf2023,w0.2,20231128,0.0020287077374136183,0.0018798097239603447,0.0001252197562437858,wf2023B,wf2023,B,0.2
wf2023,w0.2,20231129,-0.003977367680265712,-0.004073142493229648,5.863475578755245e-06,wf2023B,wf2023,B,0.2
wf2023,w0.2,20231130,0.0007693018184213975,0.0012352302193035611,-0.00049287063489016,wf2023B,wf2023,B,0.2
wf2023,w0.2,20231201,-0.0004848458342096735,-0.00046856664746230535,-2.082507266237736e-05,wf2023B,wf2023,B,0.2
wf2023,w0.2,20231204,-0.0030267923774938664,-0.003208747690163125,0.00015376784988564403,wf2023B,wf2023,B,0.2
wf2023,w0.2,20231205,0.0012503743480689038,0.0007711855640696785,0.000450868189900992,wf2023B,wf2023,B,0.2
wf2023,w0.2,20231206,0.0023244865166484846,0.0023515239524010724,-7.443769099108644e-05,wf2023B,wf2023,B,0.2
wf2023,w0.2,20231207,0.00021868055266102693,0.000644946106560923,-0.00041726797263836663,wf2023B,wf2023,B,0.2
wf2023,w0.2,20231208,0.0008928426437166629,0.001073374269690488,-0.00021497172449054606,wf2023B,wf2023,B,0.2
wf2023,w0.2,20231211,-0.0012889489880375227,-0.0012489779540019448,-7.533811102133567e-05,wf2023B,wf2023,B,0.2
wf2023,w0.2,20231212,0.0010960991091754054,0.0009480773070763969,0.00014083455471298098,wf2023B,wf2023,B,0.2
wf2023,w0.2,20231213,0.001044571850271253,0.00041781762743276006,0.0005573151441355506,wf2023B,wf2023,B,0.2
wf2023,w0.2,20231214,0.0011521193306112667,0.0007845142781063852,0.00033850239760288624,wf2023B,wf2023,B,0.2
wf2023,w0.2,20231215,-0.00034704259945274665,-0.00014447977538079455,-0.0002504844077939125,wf2023B,wf2023,B,0.2
wf2023,w0.2,20231218,0.006267818890874791,0.0059566963941882455,0.00035089169711867484,wf2023B,wf2023,B,0.2
wf2023,w0.2,20231219,0.001828130624901973,0.0017349616065934171,0.00010650411862972645,wf2023B,wf2023,B,0.2
wf2023,w0.2,20231220,0.000786158645042714,0.00036722566086093596,0.00037798700020793565,wf2023B,wf2023,B,0.2
wf2023,w0.2,20231221,-0.005066546111802083,-0.0054324556322854645,0.0004075888546804326,wf2023B,wf2023,B,0.2
wf2023,w0.2,20231222,0.001196372755260174,0.0012258298551071042,-0.00017834702078032134,wf2023B,wf2023,B,0.2
wf2023,w0.2,20231225,-0.004236764042077486,-0.004032051360058444,-0.00020165809393166468,wf2023B,wf2023,B,0.2
wf2023,w0.2,20231226,0.0035316422884227802,0.0035069005746625552,2.6602817508671713e-05,wf2023B,wf2023,B,0.2
wf2023,w0.2,20231227,0.0034148538109191225,0.002506386682074715,0.0009001961290278741,wf2023B,wf2023,B,0.2
wf2023,w0.2,20231228,0.005032600338784448,0.004871809123688157,0.00011995601331499559,wf2023B,wf2023,B,0.2
wf2023,w0.2,20231229,0.001015374733610332,0.0006200300594841356,0.0003987579051987844,wf2023B,wf2023,B,0.2
wf2023,w0.3,20230809,0.0008446624768610072,0.0005430493246555079,0.00017547847098951246,wf2023B,wf2023,B,0.3
wf2023,w0.3,20230810,6.266468623325819e-05,0.00024182055256834352,-3.7367390529776835e-05,wf2023B,wf2023,B,0.3
wf2023,w0.3,20230811,0.0028504586832982758,0.0032654424236010556,-0.00038696879872240615,wf2023B,wf2023,B,0.3
wf2023,w0.3,20230814,-0.001963549492540053,-0.002168114146055094,0.00013781257467769146,wf2023B,wf2023,B,0.3
wf2023,w0.3,20230815,-0.0024775913653751203,-0.0025011703833667095,0.00013336127762198204,wf2023B,wf2023,B,0.3
wf2023,w0.3,20230816,0.00584158484492861,0.0059084300626496816,-0.00011344435957802115,wf2023B,wf2023,B,0.3
wf2023,w0.3,20230817,0.0022470391217340527,0.0021279394463849166,0.0003227868889103049,wf2023B,wf2023,B,0.3
wf2023,w0.3,20230818,0.0003390360350870453,0.0005686277623711232,-0.0002590255693632642,wf2023B,wf2023,B,0.3
wf2023,w0.3,20230821,0.0031962875689214363,0.003262029413000623,-0.0005134946124358162,wf2023B,wf2023,B,0.3
wf2023,w0.3,20230822,0.0016407332084713792,0.0014665720067552853,-5.716283080215108e-05,wf2023B,wf2023,B,0.3
wf2023,w0.3,20230823,0.0012564885899371521,0.0007952983472048375,0.00033018422331252783,wf2023B,wf2023,B,0.3
wf2023,w0.3,20230824,-0.004039646042108883,-0.004450948771751573,0.0001313628842120503,wf2023B,wf2023,B,0.3
wf2023,w0.3,20230825,-0.00013901886158075583,-3.520798955579819e-05,1.2988840992570171e-05,wf2023B,wf2023,B,0.3
wf2023,w0.3,20230828,0.009993591974776374,0.01001291505532729,0.0002599126517304649,wf2023B,wf2023,B,0.3
wf2023,w0.3,20230829,0.008625568542301426,0.008069065501888567,0.000475740704758837,wf2023B,wf2023,B,0.3
wf2023,w0.3,20230830,0.0001316431798722463,8.087547122333073e-05,0.00012967222540493146,wf2023B,wf2023,B,0.3
wf2023,w0.3,20230831,-0.0005358190187584779,-0.0008752055688462223,0.00016480918430491397,wf2023B,wf2023,B,0.3
wf2023,w0.3,20230901,0.0007849979909261111,0.0005677462090153945,0.0001336158529507594,wf2023B,wf2023,B,0.3
wf2023,w0.3,20230904,0.0036791921492079858,0.003141392432349885,0.0005710584725155457,wf2023B,wf2023,B,0.3
wf2023,w0.3,20230905,0.004766839124350759,0.004511477198969383,0.00031118234598971736,wf2023B,wf2023,B,0.3
wf2023,w0.3,20230906,-1.8305323116207112e-05,-8.284987298450117e-05,-0.00013553082974583148,wf2023B,wf2023,B,0.3
wf2023,w0.3,20230907,0.002368653819557835,0.002100329412701716,0.00035524430090464593,wf2023B,wf2023,B,0.3
wf2023,w0.3,20230908,0.00041732622471209874,0.00020822660407843283,5.326797132659698e-05,wf2023B,wf2023,B,0.3
wf2023,w0.3,20230911,-0.0022524008634775103,-0.002228891257474837,-5.940598262673969e-05,wf2023B,wf2023,B,0.3
wf2023,w0.3,20230912,-0.0030705595326511095,-0.0025665414173603367,-0.0004532344876440414,wf2023B,wf2023,B,0.3
wf2023,w0.3,20230913,-0.001114624707000163,-0.0011909399862740032,-0.00012713541313941911,wf2023B,wf2023,B,0.3
wf2023,w0.3,20230914,-0.000633604354355234,-0.0009513206754069444,0.000203401316308378,wf2023B,wf2023,B,0.3
wf2023,w0.3,20230915,0.0035098721231208016,0.003333963428148539,0.00018575747801044892,wf2023B,wf2023,B,0.3
wf2023,w0.3,20230918,-0.004091004070405906,-0.0036613123886075657,-0.00036160708690396006,wf2023B,wf2023,B,0.3
wf2023,w0.3,20230919,-6.420979741150398e-05,0.0002405120191295193,-0.0002856582068763308,wf2023B,wf2023,B,0.3
wf2023,w0.3,20230920,0.003640746198006444,0.0035431089033103663,-4.9751805902124974e-05,wf2023B,wf2023,B,0.3
wf2023,w0.3,20230921,0.005695138796904465,0.0052899315441579595,0.0003136332812611781,wf2023B,wf2023,B,0.3
wf2023,w0.3,20230922,0.0003151123217866878,0.00046172924505701594,-0.0001161947423985015,wf2023B,wf2023,B,0.3
wf2023,w0.3,20230925,0.0019312363831839488,0.001865118721872297,0.00011227834215401448,wf2023B,wf2023,B,0.3
wf2023,w0.3,20230926,0.0009367641770370904,0.0003782800261993246,0.0005380233362277977,wf2023B,wf2023,B,0.3
wf2023,w0.3,20230927,0.004512606962056668,0.004253050797359136,0.00018393086388119247,wf2023B,wf2023,B,0.3
wf2023,w0.3,20230928,0.0030513998237518916,0.0028555921948922257,9.223970423327966e-05,wf2023B,wf2023,B,0.3
wf2023,w0.3,20231009,0.00325632268852743,0.003125252125408706,7.677236352709501e-05,wf2023B,wf2023,B,0.3
wf2023,w0.3,20231010,0.000815182066323932,0.0006423261086919007,0.00020682297521792633,wf2023B,wf2023,B,0.3
wf2023,w0.3,20231011,-0.0011055594926773432,-0.0014145040219081767,0.00021523525266023893,wf2023B,wf2023,B,0.3
wf2023,w0.3,20231012,-0.0007910651446012239,-0.0007330784864906841,-8.559656852701617e-05,wf2023B,wf2023,B,0.3
wf2023,w0.3,20231013,0.0002953738853857194,0.0006356462101516558,-0.0003278256891470515,wf2023B,wf2023,B,0.3
wf2023,w0.3,20231016,0.0019065736368007824,0.0017541627936007963,0.0001078445092748606,wf2023B,wf2023,B,0.3
wf2023,w0.3,20231017,-0.002471252506693288,-0.0024681068432371818,-0.00010342126083354725,wf2023B,wf2023,B,0.3
wf2023,w0.3,20231018,0.004016604807994365,0.003702328096950555,0.0003580641163731036,wf2023B,wf2023,B,0.3
wf2023,w0.3,20231019,-0.002602561432067581,-0.0026564425635625345,5.916330883326402e-05,wf2023B,wf2023,B,0.3
wf2023,w0.3,20231020,-0.001881353343721661,-0.0018324058802829176,-0.00011362431700977026,wf2023B,wf2023,B,0.3
wf2023,w0.3,20231023,0.0049395668170025275,0.004842753466297074,6.774630997111961e-05,wf2023B,wf2023,B,0.3
wf2023,w0.3,20231024,0.000984022992098113,0.0014943873963385948,-0.0003038136595757773,wf2023B,wf2023,B,0.3
wf2023,w0.3,20231025,0.0017236844527184227,0.0020430358161895594,-0.00014497779349226947,wf2023B,wf2023,B,0.3
wf2023,w0.3,20231026,-0.0027225138848655274,-0.003322274923538752,0.0006338491377451813,wf2023B,wf2023,B,0.3
wf2023,w0.3,20231027,0.004210666882237016,0.0037823561933327506,0.0003183017912403675,wf2023B,wf2023,B,0.3
wf2023,w0.3,20231030,-0.0007481531017496279,-0.0008129590428246469,1.6357938547154158e-05,wf2023B,wf2023,B,0.3
wf2023,w0.3,20231031,0.002815246909754292,0.0023850276950084875,0.0003084262622295238,wf2023B,wf2023,B,0.3
wf2023,w0.3,20231101,-0.00012351118036280605,-0.0001429871029251614,-5.6992023259560035e-05,wf2023B,wf2023,B,0.3
wf2023,w0.3,20231102,0.0054126160027014175,0.004843918221123572,0.0004864795805994619,wf2023B,wf2023,B,0.3
wf2023,w0.3,20231103,0.00333333442317104,0.003146392624787721,0.00014609342720543316,wf2023B,wf2023,B,0.3
wf2023,w0.3,20231106,0.0036710892638422967,0.0038331331762005683,-0.00017896750948050616,wf2023B,wf2023,B,0.3
wf2023,w0.3,20231107,0.0008780449813888883,0.000555057587133304,0.00028733395087476995,wf2023B,wf2023,B,0.3
wf2023,w0.3,20231108,0.0008313933493936223,0.000769540731210011,-1.0540300093697251e-05,wf2023B,wf2023,B,0.3
wf2023,w0.3,20231109,0.0017686219477773474,0.0017887639847801867,4.8769604805630674e-05,wf2023B,wf2023,B,0.3
wf2023,w0.3,20231110,0.0026428839872401425,0.0025539745025571626,0.00010213272452489161,wf2023B,wf2023,B,0.3
wf2023,w0.3,20231113,0.0018092616858608268,0.0019618560914361266,-0.00022862349788096327,wf2023B,wf2023,B,0.3
wf2023,w0.3,20231114,-0.0007328358923479918,-0.0011131994221331568,0.0003556579234119662,wf2023B,wf2023,B,0.3
wf2023,w0.3,20231115,-0.00017812551660307142,2.5189815546002915e-05,-0.0002489841721505355,wf2023B,wf2023,B,0.3
wf2023,w0.3,20231116,0.0023070231045744308,0.0018683500298721705,0.00040444581092288767,wf2023B,wf2023,B,0.3
wf2023,w0.3,20231117,0.0014150644150667437,0.0014308098953892423,6.13026013016906e-05,wf2023B,wf2023,B,0.3
wf2023,w0.3,20231120,-0.002970471511468698,-0.003119712714045662,0.00011195909957553653,wf2023B,wf2023,B,0.3
wf2023,w0.3,20231121,-0.0010636439326465446,-0.0010923062101986826,3.8759361335863275e-05,wf2023B,wf2023,B,0.3
wf2023,w0.3,20231122,0.0020236434758811265,0.001582661704780121,0.0004585456343125184,wf2023B,wf2023,B,0.3
wf2023,w0.3,20231123,-0.002866613538791649,-0.002981435083966652,3.018842361934127e-05,wf2023B,wf2023,B,0.3
wf2023,w0.3,20231124,0.004585846904108204,0.00441751899648603,0.00011820812966080964,wf2023B,wf2023,B,0.3
wf2023,w0.3,20231127,0.004056455060671055,0.0036766659297158663,0.0003766126182360124,wf2023B,wf2023,B,0.3
wf2023,w0.3,20231128,0.0015413645549017278,0.0014120685262385677,0.00010561777145367095,wf2023B,wf2023,B,0.3
wf2023,w0.3,20231129,-0.003800200643466458,-0.0038575415079560704,-3.2570472895567074e-05,wf2023B,wf2023,B,0.3
wf2023,w0.3,20231130,0.001636096823705616,0.0020765951262682043,-0.0004674405365705846,wf2023B,wf2023,B,0.3
wf2023,w0.3,20231201,-0.00018756187643922414,-0.00017209074281015802,-2.0017019544074666e-05,wf2023B,wf2023,B,0.3
wf2023,w0.3,20231204,-0.0026032931859663287,-0.002705812413078302,7.433176432836386e-05,wf2023B,wf2023,B,0.3
wf2023,w0.3,20231205,0.0013641204328926123,0.000934963155054003,0.0004008366837403778,wf2023B,wf2023,B,0.3
wf2023,w0.3,20231206,0.0018329168790403483,0.0018407457820623272,-5.522915826047753e-05,wf2023B,wf2023,B,0.3
wf2023,w0.3,20231207,-0.00018560438106808574,0.0001760881693070891,-0.00035269496911364466,wf2023B,wf2023,B,0.3
wf2023,w0.3,20231208,0.0009263397783176568,0.001081592955416939,-0.00018969327561600338,wf2023B,wf2023,B,0.3
wf2023,w0.3,20231211,-0.00055545850034989,-0.0005105614063073388,-8.026417102830815e-05,wf2023B,wf2023,B,0.3
wf2023,w0.3,20231212,0.0009646990224351842,0.0008759216653623773,8.159010968677934e-05,wf2023B,wf2023,B,0.3
wf2023,w0.3,20231213,-2.4653546772824414e-06,-0.0005162185038706851,0.0004443140704904608,wf2023B,wf2023,B,0.3
wf2023,w0.3,20231214,0.0011980936951731472,0.0008731337967346172,0.0002958572435365351,wf2023B,wf2023,B,0.3
wf2023,w0.3,20231215,-2.2734677692221733e-05,0.00018616058461935035,-0.0002568168460335336,wf2023B,wf2023,B,0.3
wf2023,w0.3,20231218,0.005899537070577504,0.005562165362269944,0.0003771409087396883,wf2023B,wf2023,B,0.3
wf2023,w0.3,20231219,0.0010254112311831771,0.0010328895827408824,5.856748763465773e-06,wf2023B,wf2023,B,0.3
wf2023,w0.3,20231220,0.00026770774721878235,-0.00012530300197610038,0.0003520647652210392,wf2023B,wf2023,B,0.3
wf2023,w0.3,20231221,-0.0045287414446265085,-0.004770050083307223,0.00028298797287776837,wf2023B,wf2023,B,0.3
wf2023,w0.3,20231222,0.0016493626770293511,0.0016169881560898014,-0.00011651539999384121,wf2023B,wf2023,B,0.3
wf2023,w0.3,20231225,-0.0047174443779179984,-0.0044597560788939535,-0.0002546337109366685,wf2023B,wf2023,B,0.3
wf2023,w0.3,20231226,0.002737135375477982,0.002673881955897582,6.51145233288475e-05,wf2023B,wf2023,B,0.3
wf2023,w0.3,20231227,0.0038287480108756718,0.0030503541605143803,0.0007701228505447599,wf2023B,wf2023,B,0.3
wf2023,w0.3,20231228,0.004951735375298251,0.004597162946008835,0.00031373722750812206,wf2023B,wf2023,B,0.3
wf2023,w0.3,20231229,0.0009347335291243863,0.0008524020481340116,8.574471206296169e-05,wf2023B,wf2023,B,0.3
wf2023,w0.4,20230809,0.0007609421053111401,0.0005763727229228165,5.8434701172336145e-05,wf2023B,wf2023,B,0.4
wf2023,w0.4,20230810,0.0003922034871641049,0.0006138471582915624,-7.985519532215081e-05,wf2023B,wf2023,B,0.4
wf2023,w0.4,20230811,0.0026480782504609054,0.00281422977695811,-0.00013813658491683282,wf2023B,wf2023,B,0.4
wf2023,w0.4,20230814,-0.002165301462175746,-0.0022277601703904197,-4.293370622675014e-06,wf2023B,wf2023,B,0.4
wf2023,w0.4,20230815,-0.002072593215335766,-0.0019418567413274626,-2.0954214377912042e-05,wf2023B,wf2023,B,0.4
wf2023,w0.4,20230816,0.006281736029083402,0.006205541307147596,2.959558007885041e-05,wf2023B,wf2023,B,0.4
wf2023,w0.4,20230817,0.0015028373945479463,0.0016452845575182068,6.124005059091175e-05,wf2023B,wf2023,B,0.4
wf2023,w0.4,20230818,0.0007770560765116971,0.000930759646439797,-0.00018313741200728608,wf2023B,wf2023,B,0.4
wf2023,w0.4,20230821,0.004010541475718258,0.003582975356270374,-2.0186648908744338e-05,wf2023B,wf2023,B,0.4
wf2023,w0.4,20230822,0.0010413567584873513,0.0010110200403240024,-0.00020098731435489803,wf2023B,wf2023,B,0.4
wf2023,w0.4,20230823,0.0020854408264822074,0.0016770248180227707,0.0002774099890396496,wf2023B,wf2023,B,0.4
wf2023,w0.4,20230824,-0.004581009383050033,-0.00450685462042578,-0.0003540946080548883,wf2023B,wf2023,B,0.4
wf2023,w0.4,20230825,0.0002542155714762833,0.0005522536991517626,-0.0001812384146579528,wf2023B,wf2023,B,0.4
wf2023,w0.4,20230828,0.010339195914146171,0.009829874081039108,0.0007885575653884582,wf2023B,wf2023,B,0.4
wf2023,w0.4,20230829,0.008860369105921629,0.008084411565854776,0.0006951952044128351,wf2023B,wf2023,B,0.4
wf2023,w0.4,20230830,0.0007207725057825354,0.0006978459228564988,0.00010183109968205174,wf2023B,wf2023,B,0.4
wf2023,w0.4,20230831,-0.0006337759819043775,-0.00080055035813335,-7.802989553857371e-06,wf2023B,wf2023,B,0.4
wf2023,w0.4,20230901,0.0005139765182868884,0.0003584092472761702,7.193134205075968e-05,wf2023B,wf2023,B,0.4
wf2023,w0.4,20230904,0.003934363676015286,0.003468602024086029,0.0004990204075867005,wf2023B,wf2023,B,0.4
wf2023,w0.4,20230905,0.005179488773746731,0.004887084815864405,0.00034822437849066834,wf2023B,wf2023,B,0.4
wf2023,w0.4,20230906,-0.0007043825460298046,-0.0007117690975262452,-0.00019268882811768976,wf2023B,wf2023,B,0.4
wf2023,w0.4,20230907,0.002660350076462618,0.0023465738544816875,0.00040069611602945723,wf2023B,wf2023,B,0.4
wf2023,w0.4,20230908,0.001149534419261371,0.0009883837493155066,5.31902063879591e-06,wf2023B,wf2023,B,0.4
wf2023,w0.4,20230911,-0.0017875587002996476,-0.0017088375945195089,-0.00011461748240420478,wf2023B,wf2023,B,0.4
wf2023,w0.4,20230912,-0.0030552390674493963,-0.0024670333630949512,-0.000537422076707714,wf2023B,wf2023,B,0.4
wf2023,w0.4,20230913,-0.001103920592502635,-0.0010379546914587303,-0.0002694165934571643,wf2023B,wf2023,B,0.4
wf2023,w0.4,20230914,0.0001939845126687858,-6.433609679560388e-06,8.610311760501421e-05,wf2023B,wf2023,B,0.4
wf2023,w0.4,20230915,0.0024029827752914236,0.002212016567649822,0.00020081499067978916,wf2023B,wf2023,B,0.4
wf2023,w0.4,20230918,-0.00391473447902389,-0.0033159163787116696,-0.0005307335054178404,wf2023B,wf2023,B,0.4
wf2023,w0.4,20230919,-0.0004285642068592903,-8.420063962434406e-05,-0.0003252999575702537,wf2023B,wf2023,B,0.4
wf2023,w0.4,20230920,0.0037723033842901464,0.003639369141986806,-1.4454858294862043e-05,wf2023B,wf2023,B,0.4
wf2023,w0.4,20230921,0.005635157814047824,0.005025399627749032,0.0005181842148134625,wf2023B,wf2023,B,0.4
wf2023,w0.4,20230922,0.0008879244973349501,0.0010181783846321803,-9.983170642540343e-05,wf2023B,wf2023,B,0.4
wf2023,w0.4,20230925,0.0023947191259643457,0.0022839700924367225,0.00015690971436998566,wf2023B,wf2023,B,0.4
wf2023,w0.4,20230926,0.0008471615967358403,0.0004539596399358099,0.000372741142190062,wf2023B,wf2023,B,0.4
wf2023,w0.4,20230927,0.00478289985221581,0.0043686171221634686,0.000338657429236002,wf2023B,wf2023,B,0.4
wf2023,w0.4,20230928,0.0038289498336174306,0.0034866329090382205,0.0002387489999528232,wf2023B,wf2023,B,0.4
wf2023,w0.4,20231009,0.0036431733323500754,0.0034053033249696087,0.00018357180778883668,wf2023B,wf2023,B,0.4
wf2023,w0.4,20231010,0.001537198866406068,0.001271970658607858,0.00029919522538410486,wf2023B,wf2023,B,0.4
wf2023,w0.4,20231011,-0.0013270918226875967,-0.0014327984916669278,1.1997392408737666e-05,wf2023B,wf2023,B,0.4
wf2023,w0.4,20231012,0.00019533587418129467,0.00018235900343484344,-1.4633039670025532e-05,wf2023B,wf2023,B,0.4
wf2023,w0.4,20231013,-0.00036243870863003885,3.9709725370909573e-05,-0.00038970179838206337,wf2023B,wf2023,B,0.4
wf2023,w0.4,20231016,0.001958457257758145,0.001893426569489077,2.0464354343942174e-05,wf2023B,wf2023,B,0.4
wf2023,w0.4,20231017,-0.003061254636227896,-0.003042416990851623,-0.00011911324275371592,wf2023B,wf2023,B,0.4
wf2023,w0.4,20231018,0.00469681842763487,0.00444597072963981,0.00029463510332435386,wf2023B,wf2023,B,0.4
wf2023,w0.4,20231019,-0.003031961150783514,-0.002894663824653286,-0.00013201514879191648,wf2023B,wf2023,B,0.4
wf2023,w0.4,20231020,-0.0017961467781081666,-0.001780191695730838,-8.063193594835457e-05,wf2023B,wf2023,B,0.4
wf2023,w0.4,20231023,0.004835291902561316,0.004645805750100979,0.00016041911172600125,wf2023B,wf2023,B,0.4
wf2023,w0.4,20231024,0.001337168364877038,0.0017767451527488977,-0.00023302604320715677,wf2023B,wf2023,B,0.4
wf2023,w0.4,20231025,0.002568170561245983,0.0028913265489362693,-0.00014878241771141808,wf2023B,wf2023,B,0.4
wf2023,w0.4,20231026,-0.0033650630706584216,-0.0037884910933795235,0.0004575161217930586,wf2023B,wf2023,B,0.4
wf2023,w0.4,20231027,0.005364500547624593,0.00483239269239137,0.00042209895756932666,wf2023B,wf2023,B,0.4
wf2023,w0.4,20231030,-0.0010448766075337314,-0.0009661945671559024,-0.0001271300429056932,wf2023B,wf2023,B,0.4
wf2023,w0.4,20231031,0.002889321742130082,0.002569881454656703,0.00019764733495709712,wf2023B,wf2023,B,0.4
wf2023,w0.4,20231101,-0.0005665711383679578,-0.000470737490823189,-0.00017230159336668289,wf2023B,wf2023,B,0.4
wf2023,w0.4,20231102,0.0052938004118205095,0.004569131764951193,0.0006424504458909302,wf2023B,wf2023,B,0.4
wf2023,w0.4,20231103,0.0037720887024038884,0.003249435098776807,0.00048180523244919983,wf2023B,wf2023,B,0.4
wf2023,w0.4,20231106,0.0035817832532321113,0.003538040955059745,2.6818701050132103e-05,wf2023B,wf2023,B,0.4
wf2023,w0.4,20231107,0.0017862520640469738,0.0013464768745849553,0.000404121746081204,wf2023B,wf2023,B,0.4
wf2023,w0.4,20231108,0.0008248880166768467,0.0009112199990440533,-0.00015872490064451367,wf2023B,wf2023,B,0.4
wf2023,w0.4,20231109,0.00150181391448129,0.0017091395723209859,-0.00013841401603122605,wf2023B,wf2023,B,0.4
wf2023,w0.4,20231110,0.00284795841362819,0.0026570133767535387,0.00020416827671656114,wf2023B,wf2023,B,0.4
wf2023,w0.4,20231113,0.002022806708610941,0.0019005312923017976,4.6246324003479e-05,wf2023B,wf2023,B,0.4
wf2023,w0.4,20231114,-0.0005799309456534073,-0.0008931975964853531,0.0002885610444587458,wf2023B,wf2023,B,0.4
wf2023,w0.4,20231115,-0.00014951842928511913,3.294105164632145e-05,-0.0002281283209329011,wf2023B,wf2023,B,0.4
wf2023,w0.4,20231116,0.0026894746598629792,0.0022980538624983926,0.00035719353358521264,wf2023B,wf2023,B,0.4
wf2023,w0.4,20231117,0.0011917590119058605,0.0011378021447901103,0.00013100494873993898,wf2023B,wf2023,B,0.4
wf2023,w0.4,20231120,-0.0032751380624606993,-0.003228734123345833,-8.368604211629423e-05,wf2023B,wf2023,B,0.4
wf2023,w0.4,20231121,-0.0013290824442201785,-0.0011529236458326416,-0.0001660617146038132,wf2023B,wf2023,B,0.4
wf2023,w0.4,20231122,0.0023013407662792317,0.0019473414758029743,0.0003715631536877696,wf2023B,wf2023,B,0.4
wf2023,w0.4,20231123,-0.003344469484855549,-0.0030937686863085696,-0.00033533392010264056,wf2023B,wf2023,B,0.4
wf2023,w0.4,20231124,0.004920489172554857,0.004720229196558664,0.000150140198034827,wf2023B,wf2023,B,0.4
wf2023,w0.4,20231127,0.004882146984438272,0.004560613729165693,0.00031835674255340245,wf2023B,wf2023,B,0.4
wf2023,w0.4,20231128,0.000989632835954165,0.0008839728174516966,8.198176129298048e-05,wf2023B,wf2023,B,0.4
wf2023,w0.4,20231129,-0.002764027334642584,-0.0027198590943769206,-0.00013407957765084334,wf2023B,wf2023,B,0.4
wf2023,w0.4,20231130,0.0032631915655316115,0.0034183654356096985,-0.00018211610408608512,wf2023B,wf2023,B,0.4
wf2023,w0.4,20231201,-8.897936715771763e-05,-6.054112292826796e-05,-3.298413014445861e-05,wf2023B,wf2023,B,0.4
wf2023,w0.4,20231204,-0.003410396447214553,-0.0032783623912774544,-0.00016022151872071338,wf2023B,wf2023,B,0.4
wf2023,w0.4,20231205,0.0009446005371927515,0.0006178923696688932,0.0002983875734256262,wf2023B,wf2023,B,0.4
wf2023,w0.4,20231206,0.002593980731051928,0.0026104209379253962,-6.384046211196736e-05,wf2023B,wf2023,B,0.4
wf2023,w0.4,20231207,0.0005887650258527485,0.0008292396988630879,-0.00023147709174880894,wf2023B,wf2023,B,0.4
wf2023,w0.4,20231208,0.0012972802168240653,0.0013620450532571624,-9.920493494981731e-05,wf2023B,wf2023,B,0.4
wf2023,w0.4,20231211,-0.0009967838304153808,-0.000939798017144267,-9.235289025687037e-05,wf2023B,wf2023,B,0.4
wf2023,w0.4,20231212,0.0009508732185232252,0.0009464251074762663,-2.7391363390676825e-06,wf2023B,wf2023,B,0.4
wf2023,w0.4,20231213,-0.0005413043870688937,-0.0008763934076307322,0.00026564994185889574,wf2023B,wf2023,B,0.4
wf2023,w0.4,20231214,0.0011462068928729846,0.0008615620543922671,0.00025554218357872166,wf2023B,wf2023,B,0.4
wf2023,w0.4,20231215,-0.0001260609771538846,7.158828438283078e-05,-0.00024557084525867763,wf2023B,wf2023,B,0.4
wf2023,w0.4,20231218,0.006072099016548243,0.005713881868589517,0.00039798634839085525,wf2023B,wf2023,B,0.4
wf2023,w0.4,20231219,0.0006048224072908431,0.0007077866336655153,-8.962912605350274e-05,wf2023B,wf2023,B,0.4
wf2023,w0.4,20231220,0.0002676287537819724,-7.622419759294353e-05,0.0003029069674010716,wf2023B,wf2023,B,0.4
wf2023,w0.4,20231221,-0.0054878954147435655,-0.005538083941939123,9.186786139261607e-05,wf2023B,wf2023,B,0.4
wf2023,w0.4,20231222,0.0020949289173155224,0.002008700107267119,-6.26611108849883e-05,wf2023B,wf2023,B,0.4
wf2023,w0.4,20231225,-0.004801217546151331,-0.004496131273559277,-0.0003020316845046759,wf2023B,wf2023,B,0.4
wf2023,w0.4,20231226,0.0027487988395452946,0.0027078016320538113,4.285831123992709e-05,wf2023B,wf2023,B,0.4
wf2023,w0.4,20231227,0.003135356140833132,0.002460477391428135,0.0006666077495884612,wf2023B,wf2023,B,0.4
wf2023,w0.4,20231228,0.005205751909385893,0.004758782858877203,0.00040613384872739504,wf2023B,wf2023,B,0.4
wf2023,w0.4,20231229,0.0001508250617085951,0.0002449202118914626,-9.06819191102803e-05,wf2023B,wf2023,B,0.4
wf2023,w0.5,20230809,0.0005572095691642478,0.0004733334596764676,-4.225857172820737e-05,wf2023B,wf2023,B,0.5
wf2023,w0.5,20230810,0.0003939285099748592,0.0006509663977837688,-0.00011524941200359924,wf2023B,wf2023,B,0.5
wf2023,w0.5,20230811,0.002872853770291721,0.002822040474061546,7.882823781054708e-05,wf2023B,wf2023,B,0.5
wf2023,w0.5,20230814,-0.0021503423388742346,-0.0020942332733199,-0.00012286114439168263,wf2023B,wf2023,B,0.5
wf2023,w0.5,20230815,-0.0024327300706760615,-0.002152078713502481,-0.00017086909754318775,wf2023B,wf2023,B,0.5
wf2023,w0.5,20230816,0.006048393817476624,0.005851450301561127,0.00015034437405854253,wf2023B,wf2023,B,0.5
wf2023,w0.5,20230817,0.000985675864033907,0.0012805369863329078,-9.117390873782943e-05,wf2023B,wf2023,B,0.5
wf2023,w0.5,20230818,0.001135504366733188,0.0012867336744131882,-0.0001806631497591866,wf2023B,wf2023,B,0.5
wf2023,w0.5,20230821,0.0033787244267336693,0.002872928400696246,5.8043257680794725e-05,wf2023B,wf2023,B,0.5
wf2023,w0.5,20230822,0.0008788909998929118,0.0008966187516475062,-0.0002490517842728387,wf2023B,wf2023,B,0.5
wf2023,w0.5,20230823,0.002183957116433379,0.0017873410462692601,0.00026561005074433213,wf2023B,wf2023,B,0.5
wf2023,w0.5,20230824,-0.005065794952201837,-0.004897754366119905,-0.0004479804315125684,wf2023B,wf2023,B,0.5
wf2023,w0.5,20230825,4.992111439585181e-05,0.00038321138316562965,-0.00021649055575224946,wf2023B,wf2023,B,0.5
wf2023,w0.5,20230828,0.01056229398147334,0.009918984401087967,0.0009225453126667649,wf2023B,wf2023,B,0.5
wf2023,w0.5,20230829,0.008540480345017806,0.007674723681013784,0.000784994328350002,wf2023B,wf2023,B,0.5
wf2023,w0.5,20230830,0.0004695674446114238,0.00047106748387780825,7.740447748963e-05,wf2023B,wf2023,B,0.5
wf2023,w0.5,20230831,-0.0006651796188438944,-0.0007272390863375158,-0.0001125178982892091,wf2023B,wf2023,B,0.5
wf2023,w0.5,20230901,8.554649774969968e-05,-2.880815057946433e-05,3.0718719369206076e-05,wf2023B,wf2023,B,0.5
wf2023,w0.5,20230904,0.0035164352317367384,0.003076493402727493,0.00047320058466668926,wf2023B,wf2023,B,0.5
wf2023,w0.5,20230905,0.005279492711823569,0.005016971839189112,0.0003183412932427994,wf2023B,wf2023,B,0.5
wf2023,w0.5,20230906,-0.0002564711652275273,-0.0002456779394032197,-0.00021086860543843914,wf2023B,wf2023,B,0.5
wf2023,w0.5,20230907,0.0028734919305295967,0.0026192184269960774,0.0003411933975820457,wf2023B,wf2023,B,0.5
wf2023,w0.5,20230908,0.0011450977701456672,0.0009982959292450103,-9.029808406410645e-06,wf2023B,wf2023,B,0.5
wf2023,w0.5,20230911,-0.0012506201045960645,-0.0011815311757994397,-0.00010498530542069177,wf2023B,wf2023,B,0.5
wf2023,w0.5,20230912,-0.0033203580879144923,-0.002764811624416598,-0.0005047628358511655,wf2023B,wf2023,B,0.5
wf2023,w0.5,20230913,-0.0008597893870046208,-0.0008198711046447632,-0.00024336897477311812,wf2023B,wf2023,B,0.5
wf2023,w0.5,20230914,0.00015449732057155842,-5.361616810424508e-05,9.379848393247067e-05,wf2023B,wf2023,B,0.5
wf2023,w0.5,20230915,0.0011469764018574363,0.0009580430651551201,0.00019878211974050383,wf2023B,wf2023,B,0.5
wf2023,w0.5,20230918,-0.004231330017840479,-0.003648743718008949,-0.0005145017049371487,wf2023B,wf2023,B,0.5
wf2023,w0.5,20230919,-8.261268904598447e-05,0.0002576745619975062,-0.0003212236413787983,wf2023B,wf2023,B,0.5
wf2023,w0.5,20230920,0.0034267154292057568,0.003295202401883805,-1.587607327625233e-05,wf2023B,wf2023,B,0.5
wf2023,w0.5,20230921,0.005870475830699943,0.0052928003237344215,0.0004861015354801914,wf2023B,wf2023,B,0.5
wf2023,w0.5,20230922,-8.823217408850635e-05,7.391403584464007e-05,-0.0001317240290613192,wf2023B,wf2023,B,0.5
wf2023,w0.5,20230925,0.0028713632855327216,0.0028112600153190268,0.00010626395105605662,wf2023B,wf2023,B,0.5
wf2023,w0.5,20230926,0.000743856088523817,0.00032763168624775,0.0003957635876660979,wf2023B,wf2023,B,0.5
wf2023,w0.5,20230927,0.004773100550187185,0.004401626735012117,0.0002958485143587299,wf2023B,wf2023,B,0.5
wf2023,w0.5,20230928,0.0038501856581888714,0.003572930755494624,0.0001736869780678611,wf2023B,wf2023,B,0.5
wf2023,w0.5,20231009,0.0039840139217997145,0.0037712565698305714,0.00015845915237751388,wf2023B,wf2023,B,0.5
wf2023,w0.5,20231010,0.0011122024685160884,0.0009360619579973745,0.00021010752810460859,wf2023B,wf2023,B,0.5
wf2023,w0.5,20231011,-0.0009207424364995713,-0.0011278231743926596,0.00011337146132249456,wf2023B,wf2023,B,0.5
wf2023,w0.5,20231012,-1.7126100990136513e-05,1.038494443697524e-05,-5.512095584358755e-05,wf2023B,wf2023,B,0.5
wf2023,w0.5,20231013,-0.0007167084285420507,-0.0003487501441530161,-0.0003555116487701504,wf2023B,wf2023,B,0.5
wf2023,w0.5,20231016,0.0027818561725938915,0.002716445275189646,2.084456347912014e-05,wf2023B,wf2023,B,0.5
wf2023,w0.5,20231017,-0.0025973632462402835,-0.00258460295423592,-0.00011303588938180496,wf2023B,wf2023,B,0.5
wf2023,w0.5,20231018,0.004750005674746218,0.004504483897796228,0.00028930918227928413,wf2023B,wf2023,B,0.5
wf2023,w0.5,20231019,-0.0030412055505065934,-0.002949563477621265,-8.635989554701701e-05,wf2023B,wf2023,B,0.5
wf2023,w0.5,20231020,-0.002834100681400345,-0.002851667608743247,-4.710992622812062e-05,wf2023B,wf2023,B,0.5
wf2023,w0.5,20231023,0.0038616113610399037,0.0037460326716482256,8.651164865734629e-05,wf2023B,wf2023,B,0.5
wf2023,w0.5,20231024,0.001360542551286783,0.0018142025798289882,-0.0002471092838775008,wf2023B,wf2023,B,0.5
wf2023,w0.5,20231025,0.002813852616067806,0.0031138589430737625,-0.00012563275702708846,wf2023B,wf2023,B,0.5
wf2023,w0.5,20231026,-0.003511252067119063,-0.00394946113077466,0.00047229716272755403,wf2023B,wf2023,B,0.5
wf2023,w0.5,20231027,0.005275200451766701,0.004821688927598713,0.0003435026265040892,wf2023B,wf2023,B,0.5
wf2023,w0.5,20231030,-0.00024731711510328535,-0.000230119405203785,-6.564571242736474e-05,wf2023B,wf2023,B,0.5
wf2023,w0.5,20231031,0.0028814635232383055,0.002492315112169311,0.0002673554585527148,wf2023B,wf2023,B,0.5
wf2023,w0.5,20231101,-0.0008971438238146532,-0.0008562862118882215,-0.00011732555774834631,wf2023B,wf2023,B,0.5
wf2023,w0.5,20231102,0.005005648677870428,0.004411568697363322,0.0005118617795287214,wf2023B,wf2023,B,0.5
wf2023,w0.5,20231103,0.004036534928479538,0.003710194519882394,0.0002854920374192609,wf2023B,wf2023,B,0.5
wf2023,w0.5,20231106,0.004032022885556186,0.004107785965620606,-9.268667718665463e-05,wf2023B,wf2023,B,0.5
wf2023,w0.5,20231107,0.0016536103352384037,0.0012852059344708269,0.0003327509573867619,wf2023B,wf2023,B,0.5
wf2023,w0.5,20231108,0.000828089819467452,0.0008043105858001059,-4.861368460996158e-05,wf2023B,wf2023,B,0.5
wf2023,w0.5,20231109,0.0010638045618966419,0.0011533267522768152,-2.0610548571703532e-05,wf2023B,wf2023,B,0.5
wf2023,w0.5,20231110,0.0032631817276090914,0.0031298191538919142,0.00014658581355908798,wf2023B,wf2023,B,0.5
wf2023,w0.5,20231113,0.00208352425200878,0.00205577925377804,-4.828409407492339e-05,wf2023B,wf2023,B,0.5
wf2023,w0.5,20231114,0.0006622131145924475,0.0003692989559201754,0.00026820855229907256,wf2023B,wf2023,B,0.5
wf2023,w0.5,20231115,0.0002167009361726379,0.0003780548645161871,-0.00020702276834501019,wf2023B,wf2023,B,0.5
wf2023,w0.5,20231116,0.0024526333794983868,0.0020470718288157354,0.00037133428690327714,wf2023B,wf2023,B,0.5
wf2023,w0.5,20231117,0.0011674709332703554,0.001108462822012067,0.00013605619288247823,wf2023B,wf2023,B,0.5
wf2023,w0.5,20231120,-0.0028259252846628983,-0.002816974794450553,-4.6232593213773975e-05,wf2023B,wf2023,B,0.5
wf2023,w0.5,20231121,-0.0007457184287200935,-0.0006625278858666624,-7.30934590697071e-05,wf2023B,wf2023,B,0.5
wf2023,w0.5,20231122,0.0020134901092418375,0.0016656057225206665,0.0003654482499326842,wf2023B,wf2023,B,0.5
wf2023,w0.5,20231123,-0.0035139606393490355,-0.0034441527290228623,-0.0001544410318818356,wf2023B,wf2023,B,0.5
wf2023,w0.5,20231124,0.004101644048176199,0.003919234073847702,0.00013229019636713059,wf2023B,wf2023,B,0.5
wf2023,w0.5,20231127,0.004448013479247721,0.004084699254323927,0.0003601377122046177,wf2023B,wf2023,B,0.5
wf2023,w0.5,20231128,0.0016780032546541415,0.0015529875118392286,0.00010133748560542524,wf2023B,wf2023,B,0.5
wf2023,w0.5,20231129,-0.002779853902035611,-0.0027949941602621437,-7.477107915864641e-05,wf2023B,wf2023,B,0.5
wf2023,w0.5,20231130,0.0032022025415931396,0.0034840459912179405,-0.0003087856836327972,wf2023B,wf2023,B,0.5
wf2023,w0.5,20231201,-0.00010904599991057963,-0.00011515505901056232,1.5631731849732034e-06,wf2023B,wf2023,B,0.5
wf2023,w0.5,20231204,-0.0030212119320841904,-0.003010514198548193,-3.888519631961145e-05,wf2023B,wf2023,B,0.5
wf2023,w0.5,20231205,0.0009282939382505989,0.0005632530397438604,0.000336720304408506,wf2023B,wf2023,B,0.5
wf2023,w0.5,20231206,0.0025066336901732158,0.002535942239681876,-7.670880474715876e-05,wf2023B,wf2023,B,0.5
wf2023,w0.5,20231207,0.0006241356250849834,0.0009710936458551725,-0.00033796043950865646,wf2023B,wf2023,B,0.5
wf2023,w0.5,20231208,0.0016807666228645188,0.0018302726799689626,-0.00018394615562116362,wf2023B,wf2023,B,0.5
wf2023,w0.5,20231211,-0.0016281772427626001,-0.0015748017741609196,-8.874254558743699e-05,wf2023B,wf2023,B,0.5
wf2023,w0.5,20231212,0.0006776666437837498,0.0005701923600178742,0.00010028703637984686,wf2023B,wf2023,B,0.5
wf2023,w0.5,20231213,-0.0006709782762817171,-0.0011315506145241775,0.0003911332595395176,wf2023B,wf2023,B,0.5
wf2023,w0.5,20231214,0.0016191732574065312,0.001298238672103845,0.0002918319304006905,wf2023B,wf2023,B,0.5
wf2023,w0.5,20231215,-0.0003580400362937844,-0.00016268548537868045,-0.0002432761346370637,wf2023B,wf2023,B,0.5
wf2023,w0.5,20231218,0.006069980737698533,0.005773628444502788,0.00033612149362787386,wf2023B,wf2023,B,0.5
wf2023,w0.5,20231219,0.0011933868378771178,0.0011604135178411238,4.6308420357164595e-05,wf2023B,wf2023,B,0.5
wf2023,w0.5,20231220,-0.0002757544610185736,-0.0006432727227987077,0.00032657227780629003,wf2023B,wf2023,B,0.5
wf2023,w0.5,20231221,-0.004628782123680796,-0.0049333228246816775,0.00034622003519793577,wf2023B,wf2023,B,0.5
wf2023,w0.5,20231222,0.002614607721040543,0.0026069335990641677,-0.00014121579895701593,wf2023B,wf2023,B,0.5
wf2023,w0.5,20231225,-0.003972206415679346,-0.003828010944770725,-0.00014114088282124273,wf2023B,wf2023,B,0.5
wf2023,w0.5,20231226,0.002761776291155326,0.0027580026792523465,5.6347156514271745e-06,wf2023B,wf2023,B,0.5
wf2023,w0.5,20231227,0.0030570967008256775,0.0022146563199462992,0.0008341693810628456,wf2023B,wf2023,B,0.5
wf2023,w0.5,20231228,0.005204083267303481,0.005043427158065268,0.00011982090745691319,wf2023B,wf2023,B,0.5
wf2023,w0.5,20231229,0.0005492519249118205,0.0002606568202344249,0.00029200833574998246,wf2023B,wf2023,B,0.5
wf2023,w0.6,20230809,0.00037722029009935095,0.0003014652002736617,-5.037959139029713e-05,wf2023B,wf2023,B,0.6
wf2023,w0.6,20230810,0.0004328139913734909,0.0007206443108206989,-0.0001460418436418991,wf2023B,wf2023,B,0.6
wf2023,w0.6,20230811,0.0023091273623345523,0.002214144289497338,0.000122998014417587,wf2023B,wf2023,B,0.6
wf2023,w0.6,20230814,-0.0019710323768738543,-0.001849440099887713,-0.00018834435582349096,wf2023B,wf2023,B,0.6
wf2023,w0.6,20230815,-0.002519385261126949,-0.0021994836803609155,-0.00021011932113564234,wf2023B,wf2023,B,0.6
wf2023,w0.6,20230816,0.005864639419285802,0.0056109852703547835,0.00020705500707406617,wf2023B,wf2023,B,0.6
wf2023,w0.6,20230817,0.001394543013140957,0.0018224416417567905,-0.00022421141505466315,wf2023B,wf2023,B,0.6
wf2023,w0.6,20230818,0.0008074222899282718,0.0009463095910464091,-0.00016832114319732285,wf2023B,wf2023,B,0.6
wf2023,w0.6,20230821,0.002704423033560406,0.0020186901362477857,0.00023798012895599142,wf2023B,wf2023,B,0.6
wf2023,w0.6,20230822,0.0004844710356944129,0.0005937430183849156,-0.0003405960152087508,wf2023B,wf2023,B,0.6
wf2023,w0.6,20230823,0.0021605627009021033,0.0017564382917335537,0.0002731183897487626,wf2023B,wf2023,B,0.6
wf2023,w0.6,20230824,-0.004191925077184251,-0.003792735927524293,-0.0006791289950905939,wf2023B,wf2023,B,0.6
wf2023,w0.6,20230825,0.0007275172522363052,0.001124755435568588,-0.0002804384703147562,wf2023B,wf2023,B,0.6
wf2023,w0.6,20230828,0.010161313423389287,0.009291865286420172,0.0011486838692504994,wf2023B,wf2023,B,0.6
wf2023,w0.6,20230829,0.007908304989933172,0.0070461320053700665,0.0007814106489090834,wf2023B,wf2023,B,0.6
wf2023,w0.6,20230830,0.00037186314702051734,0.0004251056014640988,2.5662062312433214e-05,wf2023B,wf2023,B,0.6
wf2023,w0.6,20230831,-0.00034846028712832923,-0.00038825083033429224,-0.0001347868225768672,wf2023B,wf2023,B,0.6
wf2023,w0.6,20230901,0.0004077731578910459,0.00026121785306936233,6.291937586172617e-05,wf2023B,wf2023,B,0.6
wf2023,w0.6,20230904,0.003768622177500933,0.0033857761079259434,0.0004161048252324337,wf2023B,wf2023,B,0.6
wf2023,w0.6,20230905,0.00451148485349632,0.004272952015243155,0.0002943532588615076,wf2023B,wf2023,B,0.6
wf2023,w0.6,20230906,-0.00015091917349516204,-0.00012787421983894521,-0.00022312033327034607,wf2023B,wf2023,B,0.6
wf2023,w0.6,20230907,0.0028494456358701785,0.0026441468537448656,0.0002922186761738395,wf2023B,wf2023,B,0.6
wf2023,w0.6,20230908,0.001188538979747673,0.0010778096125785104,-4.5102282137904785e-05,wf2023B,wf2023,B,0.6
wf2023,w0.6,20230911,-0.0005090665601376621,-0.0004302018184714312,-0.00011476111829029704,wf2023B,wf2023,B,0.6
wf2023,w0.6,20230912,-0.0030941314521096084,-0.002534956551027558,-0.0005083912734353199,wf2023B,wf2023,B,0.6
wf2023,w0.6,20230913,-0.0010515236659118504,-0.0009621283446813641,-0.0002928460136437463,wf2023B,wf2023,B,0.6
wf2023,w0.6,20230914,0.0003418757065788817,0.00019553713803868088,3.2023563796867836e-05,wf2023B,wf2023,B,0.6
wf2023,w0.6,20230915,0.0012670228737980916,0.0010726114232715526,0.0002042602335647266,wf2023B,wf2023,B,0.6
wf2023,w0.6,20230918,-0.004090751798331304,-0.0034688363982069035,-0.0005538308052300226,wf2023B,wf2023,B,0.6
wf2023,w0.6,20230919,-0.000172074180457101,0.0001997228129972917,-0.0003527333837897006,wf2023B,wf2023,B,0.6
wf2023,w0.6,20230920,0.002641408522933468,0.002468614209742147,2.5405212593117804e-05,wf2023B,wf2023,B,0.6
wf2023,w0.6,20230921,0.0059089530054905505,0.005221631193986075,0.0005957478400191501,wf2023B,wf2023,B,0.6
wf2023,w0.6,20230922,7.854705891402903e-05,0.00019659648199078398,-8.762724220492904e-05,wf2023B,wf2023,B,0.6
wf2023,w0.6,20230925,0.002941856843099955,0.002841486004019005,0.00014653151992331188,wf2023B,wf2023,B,0.6
wf2023,w0.6,20230926,0.0008144405814997993,0.0005503420286511055,0.00024363773823872622,wf2023B,wf2023,B,0.6
wf2023,w0.6,20230927,0.0043803790518461404,0.003925500902262301,0.000379252848767502,wf2023B,wf2023,B,0.6
wf2023,w0.6,20230928,0.0033646741548490526,0.0030751492404322285,0.0001859569897904378,wf2023B,wf2023,B,0.6
wf2023,w0.6,20231009,0.0037262524023234204,0.0034240030091184674,0.00024795119361332323,wf2023B,wf2023,B,0.6
wf2023,w0.6,20231010,0.0009896888780788478,0.0007666648732644822,0.0002569910224002603,wf2023B,wf2023,B,0.6
wf2023,w0.6,20231011,-0.0008768034526542966,-0.0009873835535823034,1.6870824357413054e-05,wf2023B,wf2023,B,0.6
wf2023,w0.6,20231012,4.103377346365185e-05,3.09631696797948e-05,-1.75393066326207e-05,wf2023B,wf2023,B,0.6
wf2023,w0.6,20231013,-0.0002125958866011175,0.00014983782688133445,-0.0003499870778635667,wf2023B,wf2023,B,0.6
wf2023,w0.6,20231016,0.0028884623132619377,0.0029504181826546785,-0.00010652220331786708,wf2023B,wf2023,B,0.6
wf2023,w0.6,20231017,-0.001996208563349866,-0.0019782818596144718,-0.00011820230111283564,wf2023B,wf2023,B,0.6
wf2023,w0.6,20231018,0.004096803724002645,0.003970441157875673,0.00017014997145626615,wf2023B,wf2023,B,0.6
wf2023,w0.6,20231019,-0.003597804056592326,-0.0033047453631094943,-0.00028777651614452285,wf2023B,wf2023,B,0.6
wf2023,w0.6,20231020,-0.0031111131167322684,-0.003134675714177467,-4.1114256125826073e-05,wf2023B,wf2023,B,0.6
wf2023,w0.6,20231023,0.0042777542621134645,0.003973016882719007,0.00027567033866012034,wf2023B,wf2023,B,0.6
wf2023,w0.6,20231024,-0.0001645931427300268,0.00018153060368168527,-0.00013957300174700905,wf2023B,wf2023,B,0.6
wf2023,w0.6,20231025,0.0029243858937317894,0.0032491000887130556,-0.00015034062500239833,wf2023B,wf2023,B,0.6
wf2023,w0.6,20231026,-0.0031111045259126936,-0.0033073930690214605,0.00023037664218072387,wf2023B,wf2023,B,0.6
wf2023,w0.6,20231027,0.0041005343285777825,0.0034711952649324118,0.0005193301659814714,wf2023B,wf2023,B,0.6
wf2023,w0.6,20231030,-0.0005798357106873001,-0.00045333481551698983,-0.00017494889769817498,wf2023B,wf2023,B,0.6
wf2023,w0.6,20231031,0.0025555455821325286,0.0022683075712614685,0.00016544505835478036,wf2023B,wf2023,B,0.6
wf2023,w0.6,20231101,-0.0011841728690009622,-0.0010785945382040863,-0.0001820462766187908,wf2023B,wf2023,B,0.6
wf2023,w0.6,20231102,0.005065177880317767,0.004352356150844801,0.0006306035284945823,wf2023B,wf2023,B,0.6
wf2023,w0.6,20231103,0.004180626100833102,0.003511294423037013,0.0006284833066182104,wf2023B,wf2023,B,0.6
wf2023,w0.6,20231106,0.004254259327406743,0.004061140388027597,0.00017619534225691254,wf2023B,wf2023,B,0.6
wf2023,w0.6,20231107,0.00236262685647764,0.0019166494001571987,0.00041032401293962636,wf2023B,wf2023,B,0.6
wf2023,w0.6,20231108,0.0005856455224064428,0.0007253520216890271,-0.00021209941755989098,wf2023B,wf2023,B,0.6
wf2023,w0.6,20231109,0.0010971275937846283,0.0013052227750300026,-0.00013918353943690457,wf2023B,wf2023,B,0.6
wf2023,w0.6,20231110,0.0028559523501592923,0.002624472057343627,0.00024470353265757585,wf2023B,wf2023,B,0.6
wf2023,w0.6,20231113,0.002109690918744164,0.0018900137601640555,0.00014364806627444458,wf2023B,wf2023,B,0.6
wf2023,w0.6,20231114,0.0003521798967672995,7.718803206856003e-05,0.00025028625832553995,wf2023B,wf2023,B,0.6
wf2023,w0.6,20231115,1.8856265369918135e-05,0.00016832048000003295,-0.00019513305463157496,wf2023B,wf2023,B,0.6
wf2023,w0.6,20231116,0.0033746843327420502,0.0029787081867048986,0.00036174888225777574,wf2023B,wf2023,B,0.6
wf2023,w0.6,20231117,0.001070253546636514,0.0009531010832875933,0.00019420054497310755,wf2023B,wf2023,B,0.6
wf2023,w0.6,20231120,-0.00341740948004477,-0.003249823115414995,-0.0002048684676312036,wf2023B,wf2023,B,0.6
wf2023,w0.6,20231121,-0.001504753438215935,-0.0012405896895147904,-0.0002540666649174193,wf2023B,wf2023,B,0.6
wf2023,w0.6,20231122,0.0024364534332296534,0.002131000042842228,0.00032301725359893687,wf2023B,wf2023,B,0.6
wf2023,w0.6,20231123,-0.0030291553372426977,-0.0027582073980202257,-0.00035558106077813393,wf2023B,wf2023,B,0.6
wf2023,w0.6,20231124,0.004483445196763059,0.004264509357984092,0.00016881606081760255,wf2023B,wf2023,B,0.6
wf2023,w0.6,20231127,0.004258729600602995,0.003956215393896683,0.0002993376939871364,wf2023B,wf2023,B,0.6
wf2023,w0.6,20231128,0.0013105328654183747,0.0012030332074208473,8.382140078804032e-05,wf2023B,wf2023,B,0.6
wf2023,w0.6,20231129,-0.0026493307784317315,-0.0025644863730631736,-0.00017475574275373863,wf2023B,wf2023,B,0.6
wf2023,w0.6,20231130,0.003070830686627229,0.0031489136576614914,-0.00010502520504225927,wf2023B,wf2023,B,0.6
wf2023,w0.6,20231201,-0.0002288636303636512,-0.0002452906980660272,1.1881181787367127e-05,wf2023B,wf2023,B,0.6
wf2023,w0.6,20231204,-0.0027673298886726587,-0.002552469814195874,-0.00024304753726039238,wf2023B,wf2023,B,0.6
wf2023,w0.6,20231205,0.000999396948693677,0.0007664962477280682,0.00020458010686737692,wf2023B,wf2023,B,0.6
wf2023,w0.6,20231206,0.001912522388671884,0.0019537538578639885,-8.86317244306026e-05,wf2023B,wf2023,B,0.6
wf2023,w0.6,20231207,0.0009888582480097087,0.0012120786408711922,-0.00021422281159995393,wf2023B,wf2023,B,0.6
wf2023,w0.6,20231208,0.0014765840803588944,0.0015282950009434034,-8.615101910122762e-05,wf2023B,wf2023,B,0.6
wf2023,w0.6,20231211,-0.0015103256149924219,-0.0014617611346038725,-8.39315573743059e-05,wf2023B,wf2023,B,0.6
wf2023,w0.6,20231212,0.0009640242753450601,0.0009532821716152272,3.5548563438059385e-06,wf2023B,wf2023,B,0.6
wf2023,w0.6,20231213,-0.0006054042420204496,-0.000846860765651524,0.00017201744492813253,wf2023B,wf2023,B,0.6
wf2023,w0.6,20231214,0.0015330397089323333,0.001252045379997854,0.00025189167403248463,wf2023B,wf2023,B,0.6
wf2023,w0.6,20231215,-0.0004059041756497867,-0.00015812392249483283,-0.00029570183687691607,wf2023B,wf2023,B,0.6
wf2023,w0.6,20231218,0.005822398029374229,0.005489879859161503,0.00037228737064485455,wf2023B,wf2023,B,0.6
wf2023,w0.6,20231219,0.00124184432134904,0.0013614869120762165,-0.00010630749040600484,wf2023B,wf2023,B,0.6
wf2023,w0.6,20231220,0.0005602159497345395,0.0002398605921503117,0.00027940937361038514,wf2023B,wf2023,B,0.6
wf2023,w0.6,20231221,-0.005142144204117391,-0.005091245669505509,-9.219200414830979e-06,wf2023B,wf2023,B,0.6
wf2023,w0.6,20231222,0.002435785874625294,0.0023638769951222606,-7.698104143035814e-05,wf2023B,wf2023,B,0.6
wf2023,w0.6,20231225,-0.004571980420350749,-0.004240085805870106,-0.00032884002639326594,wf2023B,wf2023,B,0.6
wf2023,w0.6,20231226,0.003039925067511372,0.0030053592418647,3.642692939511746e-05,wf2023B,wf2023,B,0.6
wf2023,w0.6,20231227,0.0032152065397352304,0.002508748920353049,0.0006981866195656481,wf2023B,wf2023,B,0.6
wf2023,w0.6,20231228,0.004960941037144161,0.0045679198991149675,0.00035218593624789245,wf2023B,wf2023,B,0.6
wf2023,w0.6,20231229,0.00026126817804555296,0.00028090649377683684,-1.622508465869653e-05,wf2023B,wf2023,B,0.6
wf2023,w0.7,20230809,2.3513551437087145e-05,-0.00022261513401654944,0.00011999400423764908,wf2023B,wf2023,B,0.7
wf2023,w0.7,20230810,0.0008864612845998817,0.001076498132386165,-4.8248371980976765e-05,wf2023B,wf2023,B,0.7
wf2023,w0.7,20230811,0.001588332913350297,0.0017457711822256375,-0.00012942332729496724,wf2023B,wf2023,B,0.7
wf2023,w0.7,20230814,-0.0017485455222035207,-0.0018568591627260715,4.1561561685203385e-05,wf2023B,wf2023,B,0.7
wf2023,w0.7,20230815,-0.0028353477782043363,-0.002681761341048186,-4.380417752575575e-05,wf2023B,wf2023,B,0.7
wf2023,w0.7,20230816,0.0057127714108128475,0.005626933326208967,3.923894274692814e-05,wf2023B,wf2023,B,0.7
wf2023,w0.7,20230817,0.001318178873947605,0.0014848110691190704,3.705501838970491e-05,wf2023B,wf2023,B,0.7
wf2023,w0.7,20230818,0.0007698434719822216,0.0009784685452096879,-0.00023805891530665228,wf2023B,wf2023,B,0.7
wf2023,w0.7,20230821,0.0017704986335428628,0.0015370206997271114,-0.0002142748345408775,wf2023B,wf2023,B,0.7
wf2023,w0.7,20230822,-5.8598896960485036e-05,-0.00013723044625667477,-0.00015269248322205808,wf2023B,wf2023,B,0.7
wf2023,w0.7,20230823,0.0024377451738456348,0.002072064948173361,0.00023467420625248648,wf2023B,wf2023,B,0.7
wf2023,w0.7,20230824,-0.0037858934327560864,-0.003870340191485383,-0.0001954930867013369,wf2023B,wf2023,B,0.7
wf2023,w0.7,20230825,0.0006789652260726139,0.0008551304431104474,-5.936550402030516e-05,wf2023B,wf2023,B,0.7
wf2023,w0.7,20230828,0.010086620760820876,0.009805734007234366,0.0005601224858678997,wf2023B,wf2023,B,0.7
wf2023,w0.7,20230829,0.0072770398083097,0.006631749074156612,0.0005645283984990684,wf2023B,wf2023,B,0.7
wf2023,w0.7,20230830,0.001041967936914686,0.0011076514441442386,1.3221009526462902e-05,wf2023B,wf2023,B,0.7
wf2023,w0.7,20230831,-0.0008049022987780788,-0.0010257963430091582,4.6316678448249724e-05,wf2023B,wf2023,B,0.7
wf2023,w0.7,20230901,-0.00036699454638774824,-0.0005946305809131936,0.00014400010556548748,wf2023B,wf2023,B,0.7
wf2023,w0.7,20230904,0.004130017378957494,0.0037403206046307215,0.0004229555299842165,wf2023B,wf2023,B,0.7
wf2023,w0.7,20230905,0.0043227439576403286,0.004174075371127996,0.00020448900712067563,wf2023B,wf2023,B,0.7
wf2023,w0.7,20230906,-1.1527261859951149e-05,-5.469249255244188e-05,-0.00015691014892164074,wf2023B,wf2023,B,0.7
wf2023,w0.7,20230907,0.00263326916914467,0.00250466395417276,0.0002155251090204365,wf2023B,wf2023,B,0.7
wf2023,w0.7,20230908,0.0010829675147297074,0.0009271665938148175,-3.072839218053327e-08,wf2023B,wf2023,B,0.7
wf2023,w0.7,20230911,-0.0002663172349580248,-0.0002718059431686794,-3.040766841341153e-05,wf2023B,wf2023,B,0.7
wf2023,w0.7,20230912,-0.0029122675222812457,-0.0025063483931766204,-0.00035513550145789465,wf2023B,wf2023,B,0.7
wf2023,w0.7,20230913,-0.0006445541150241155,-0.0006817777376285458,-0.00016622706980882844,wf2023B,wf2023,B,0.7
wf2023,w0.7,20230914,0.0005596514438006032,0.0003093469015083956,0.00013598953754887462,wf2023B,wf2023,B,0.7
wf2023,w0.7,20230915,0.0012190744739997489,0.0010523703079258699,0.00017655294911206586,wf2023B,wf2023,B,0.7
wf2023,w0.7,20230918,-0.004418434882660806,-0.004003135551960798,-0.0003472147358056292,wf2023B,wf2023,B,0.7
wf2023,w0.7,20230919,5.892993615778854e-05,0.0003309311771682308,-0.0002529376313457502,wf2023B,wf2023,B,0.7
wf2023,w0.7,20230920,0.002701642601140918,0.0025748046758886727,-2.0551175345958365e-05,wf2023B,wf2023,B,0.7
wf2023,w0.7,20230921,0.005179258330558729,0.004715507224439635,0.00037217713463376357,wf2023B,wf2023,B,0.7
wf2023,w0.7,20230922,0.00032542288714240784,0.000436232777098225,-8.038770908399095e-05,wf2023B,wf2023,B,0.7
wf2023,w0.7,20230925,0.001649006280249798,0.0016112484214508998,8.391853964126016e-05,wf2023B,wf2023,B,0.7
wf2023,w0.7,20230926,0.0016281311301528335,0.0013553644351050672,0.0002523058804377983,wf2023B,wf2023,B,0.7
wf2023,w0.7,20230927,0.004195302488697858,0.0038866746876193153,0.0002330025002622054,wf2023B,wf2023,B,0.7
wf2023,w0.7,20230928,0.0032210555901342848,0.0031797216646319605,-6.223399912406113e-05,wf2023B,wf2023,B,0.7
wf2023,w0.7,20231009,0.003017123078381985,0.0028359514395457416,0.00012687343924461375,wf2023B,wf2023,B,0.7
wf2023,w0.7,20231010,0.0006305696722690198,0.000576311168251482,8.822552160343222e-05,wf2023B,wf2023,B,0.7
wf2023,w0.7,20231011,-0.000860766552144788,-0.0010407885769072459,8.631274819186305e-05,wf2023B,wf2023,B,0.7
wf2023,w0.7,20231012,-3.267197611387437e-05,1.9299664351619256e-05,-7.958155088196894e-05,wf2023B,wf2023,B,0.7
wf2023,w0.7,20231013,0.0003276177669551865,0.0005591621485793835,-0.00021909774600531212,wf2023B,wf2023,B,0.7
wf2023,w0.7,20231016,0.003590726944906945,0.003628024211375953,-8.186360039413405e-05,wf2023B,wf2023,B,0.7
wf2023,w0.7,20231017,-0.0018775563095736227,-0.001891294072125509,-8.653783482555617e-05,wf2023B,wf2023,B,0.7
wf2023,w0.7,20231018,0.0032702586209477835,0.0031871208098358476,0.00012692521644122926,wf2023B,wf2023,B,0.7
wf2023,w0.7,20231019,-0.0018794354173963471,-0.0016770873424729413,-0.00019706589758509537,wf2023B,wf2023,B,0.7
wf2023,w0.7,20231020,-0.002244008098632476,-0.0022721225299263672,-3.6562422277139444e-05,wf2023B,wf2023,B,0.7
wf2023,w0.7,20231023,0.0030058106670134456,0.0027370456030630175,0.0002396980232160879,wf2023B,wf2023,B,0.7
wf2023,w0.7,20231024,-0.0004099731457275248,-0.00016065785902927735,-4.2764542033545475e-05,wf2023B,wf2023,B,0.7
wf2023,w0.7,20231025,0.0027365288654825804,0.003008992617686233,-9.809018222478499e-05,wf2023B,wf2023,B,0.7
wf2023,w0.7,20231026,-0.0027975758675333143,-0.00299584628816949,0.00023235851970813113,wf2023B,wf2023,B,0.7
wf2023,w0.7,20231027,0.0038507665733795073,0.0034780344378827284,0.0002627232378328795,wf2023B,wf2023,B,0.7
wf2023,w0.7,20231030,-0.0006557427891803638,-0.0005914916820754854,-0.00011269910963274215,wf2023B,wf2023,B,0.7
wf2023,w0.7,20231031,0.002572746397357863,0.002286400770926755,0.0001645526739148273,wf2023B,wf2023,B,0.7
wf2023,w0.7,20231101,-0.0015443653149408865,-0.0015213130315387046,-9.95202292240987e-05,wf2023B,wf2023,B,0.7
wf2023,w0.7,20231102,0.004704668200656313,0.004251074162478388,0.0003713758371995405,wf2023B,wf2023,B,0.7
wf2023,w0.7,20231103,0.0033116423678849066,0.002950997770692571,0.000319796226014454,wf2023B,wf2023,B,0.7
wf2023,w0.7,20231106,0.003222822817863443,0.003144884176170664,6.101504457054426e-05,wf2023B,wf2023,B,0.7
wf2023,w0.7,20231107,0.002115319600850023,0.00182240544622885,0.00025726071124035805,wf2023B,wf2023,B,0.7
wf2023,w0.7,20231108,-3.207129830482946e-05,-2.305489942170942e-05,-8.140931716042781e-05,wf2023B,wf2023,B,0.7
wf2023,w0.7,20231109,0.0011906179469932641,0.001270017670266786,-1.0488081465051974e-05,wf2023B,wf2023,B,0.7
wf2023,w0.7,20231110,0.0024982000400069187,0.0023793528128010157,0.000132070467047815,wf2023B,wf2023,B,0.7
wf2023,w0.7,20231113,0.0018757111476426303,0.0018815338818798225,-8.185182654285702e-05,wf2023B,wf2023,B,0.7
wf2023,w0.7,20231114,0.0012948266884544105,0.001050051527805918,0.00022006955427529502,wf2023B,wf2023,B,0.7
wf2023,w0.7,20231115,-0.00043883988932052163,-0.00031889446260130824,-0.00016561426672067413,wf2023B,wf2023,B,0.7
wf2023,w0.7,20231116,0.002930351266712738,0.0025770005050906484,0.0003191234978427153,wf2023B,wf2023,B,0.7
wf2023,w0.7,20231117,0.0017865131141054768,0.001755244276729751,0.00010831691899991464,wf2023B,wf2023,B,0.7
wf2023,w0.7,20231120,-0.0031794203143737914,-0.003173648806403735,-4.3053610971485273e-05,wf2023B,wf2023,B,0.7
wf2023,w0.7,20231121,-0.0019123175050943866,-0.0018146850722990234,-8.753534901163767e-05,wf2023B,wf2023,B,0.7
wf2023,w0.7,20231122,0.0027135979223372794,0.0024523956517625424,0.00027876613378624994,wf2023B,wf2023,B,0.7
wf2023,w0.7,20231123,-0.0028285494619488503,-0.0028286198783468606,-8.456270515765248e-05,wf2023B,wf2023,B,0.7
wf2023,w0.7,20231124,0.004700530592031477,0.0045532582192491546,9.715259482095668e-05,wf2023B,wf2023,B,0.7
wf2023,w0.7,20231127,0.003854384144930139,0.0035487967535984804,0.00030241087861248336,wf2023B,wf2023,B,0.7
wf2023,w0.7,20231128,0.0012205221873730241,0.0011113460411651648,8.549788899837178e-05,wf2023B,wf2023,B,0.7
wf2023,w0.7,20231129,-0.002206300231882558,-0.0022569193173900617,-3.929225187767691e-05,wf2023B,wf2023,B,0.7
wf2023,w0.7,20231130,0.002596452114829676,0.0028227463712184667,-0.0002532364903967875,wf2023B,wf2023,B,0.7
wf2023,w0.7,20231201,0.0002700216067611208,0.00026940458795063273,-3.928867104521142e-06,wf2023B,wf2023,B,0.7
wf2023,w0.7,20231204,-0.0026684840504726907,-0.0026563691551227788,-4.030235813352366e-05,wf2023B,wf2023,B,0.7
wf2023,w0.7,20231205,0.00019361468123055801,-3.157572874988674e-05,0.0001968698158822132,wf2023B,wf2023,B,0.7
wf2023,w0.7,20231206,0.0021236614106852946,0.0021379370640410207,-6.167590859422419e-05,wf2023B,wf2023,B,0.7
wf2023,w0.7,20231207,0.0007735237083541808,0.0010120007887722611,-0.00022947949915655028,wf2023B,wf2023,B,0.7
wf2023,w0.7,20231208,0.0022361466392438693,0.0023597448660642945,-0.00015803832533714437,wf2023B,wf2023,B,0.7
wf2023,w0.7,20231211,-0.0014602519447872112,-0.001415703667289841,-7.991535448312743e-05,wf2023B,wf2023,B,0.7
wf2023,w0.7,20231212,0.0012309599251555782,0.001147566143183231,7.620653458632029e-05,wf2023B,wf2023,B,0.7
wf2023,w0.7,20231213,-0.0014817619872125138,-0.001853509492020873,0.00030230842610541695,wf2023B,wf2023,B,0.7
wf2023,w0.7,20231214,0.0009739096140848921,0.0006793671303531618,0.00026543982882973544,wf2023B,wf2023,B,0.7
wf2023,w0.7,20231215,-0.0002989928018850962,-0.00012258863040501083,-0.0002243257552020452,wf2023B,wf2023,B,0.7
wf2023,w0.7,20231218,0.005021353634523687,0.004797361505301694,0.00026376132965412057,wf2023B,wf2023,B,0.7
wf2023,w0.7,20231219,0.001464881218102258,0.0014274687063584933,5.0747612064935214e-05,wf2023B,wf2023,B,0.7
wf2023,w0.7,20231220,-0.00011014529783709946,-0.00042612867304376624,0.0002750373912328239,wf2023B,wf2023,B,0.7
wf2023,w0.7,20231221,-0.0030296885405378254,-0.003265929563661436,0.0002779203573206654,wf2023B,wf2023,B,0.7
wf2023,w0.7,20231222,0.003492095887423994,0.0034827839703104324,-0.0001395780038198295,wf2023B,wf2023,B,0.7
wf2023,w0.7,20231225,-0.0037833154859841876,-0.0036077887949057096,-0.00017247210299110272,wf2023B,wf2023,B,0.7
wf2023,w0.7,20231226,0.0022198216952938783,0.0022251869270648273,-3.5041280225042246e-06,wf2023B,wf2023,B,0.7
wf2023,w0.7,20231227,0.0029434662467038818,0.0022693480421277163,0.000665847204759634,wf2023B,wf2023,B,0.7
wf2023,w0.7,20231228,0.005095120310134772,0.004834768010145873,0.0002195170982075994,wf2023B,wf2023,B,0.7
wf2023,w0.7,20231229,0.0006150228853772262,0.0004315699146379962,0.00018686620181181771,wf2023B,wf2023,B,0.7
wf2023,w0.8,20230809,-9.786680308207724e-05,-0.0003056940182650142,8.169253396694926e-05,wf2023B,wf2023,B,0.8
wf2023,w0.8,20230810,0.00027253384510214987,0.00039228446977610394,2.2037851131350138e-05,wf2023B,wf2023,B,0.8
wf2023,w0.8,20230811,0.001882552992673008,0.0019112221128509122,-6.541785975319178e-07,wf2023B,wf2023,B,0.8
wf2023,w0.8,20230814,-0.0016733385908121977,-0.0017383459132146945,-1.7447564348510182e-06,wf2023B,wf2023,B,0.8
wf2023,w0.8,20230815,-0.0022725801509938855,-0.0020581042304828583,-0.00010469366088063396,wf2023B,wf2023,B,0.8
wf2023,w0.8,20230816,0.005356839423107763,0.005259595088736867,5.0645192513941116e-05,wf2023B,wf2023,B,0.8
wf2023,w0.8,20230817,0.001391391318698752,0.0016103648465368677,-1.5286314276947337e-05,wf2023B,wf2023,B,0.8
wf2023,w0.8,20230818,0.00025842148283020637,0.00039355081786704015,-0.0001645631771160199,wf2023B,wf2023,B,0.8
wf2023,w0.8,20230821,0.0015211084226424854,0.0009913683470800768,8.198730720577876e-05,wf2023B,wf2023,B,0.8
wf2023,w0.8,20230822,-0.000978071422904632,-0.001046717710437736,-0.00016267774498514363,wf2023B,wf2023,B,0.8
wf2023,w0.8,20230823,0.002153844794375746,0.0018687715348992104,0.0001540672400567483,wf2023B,wf2023,B,0.8
wf2023,w0.8,20230824,-0.0036719819808013823,-0.0035653341139189393,-0.0003865877123130819,wf2023B,wf2023,B,0.8
wf2023,w0.8,20230825,0.0008819461963650542,0.0011902709061671585,-0.00019152499678457745,wf2023B,wf2023,B,0.8
wf2023,w0.8,20230828,0.009349864495655329,0.00897433195128377,0.0006547682766529442,wf2023B,wf2023,B,0.8
wf2023,w0.8,20230829,0.00646582727900667,0.005819573366560055,0.0005654915767925926,wf2023B,wf2023,B,0.8
wf2023,w0.8,20230830,0.0009628928429372173,0.001002049972882653,3.974738681058058e-05,wf2023B,wf2023,B,0.8
wf2023,w0.8,20230831,-0.0006261314646954228,-0.0007536284022892584,-4.7080428188994586e-05,wf2023B,wf2023,B,0.8
wf2023,w0.8,20230901,-0.00023448052027649942,-0.00038572411073773565,6.760766150127871e-05,wf2023B,wf2023,B,0.8
wf2023,w0.8,20230904,0.003746988091772173,0.003490414917095582,0.00028983193033403566,wf2023B,wf2023,B,0.8
wf2023,w0.8,20230905,0.003376528529864612,0.0032721382074662885,0.0001602107430066666,wf2023B,wf2023,B,0.8
wf2023,w0.8,20230906,0.00018284984260850956,0.00011592115678461925,-0.0001331466937902404,wf2023B,wf2023,B,0.8
wf2023,w0.8,20230907,0.003022924355792069,0.0029728609310391463,0.00013698331880144932,wf2023B,wf2023,B,0.8
wf2023,w0.8,20230908,0.001554878761774037,0.0013714393786298123,2.7607733837155415e-05,wf2023B,wf2023,B,0.8
wf2023,w0.8,20230911,-0.0003616287393140852,-0.00035028305302262346,-4.724206291552886e-05,wf2023B,wf2023,B,0.8
wf2023,w0.8,20230912,-0.0026587030364648677,-0.002356516677024352,-0.0002514027317937833,wf2023B,wf2023,B,0.8
wf2023,w0.8,20230913,-0.0011856944472976097,-0.0012457596108016275,-0.00014338552890924179,wf2023B,wf2023,B,0.8
wf2023,w0.8,20230914,0.001098621117462467,0.0008843166228817241,9.998948983740993e-05,wf2023B,wf2023,B,0.8
wf2023,w0.8,20230915,0.0006676112409756954,0.00048367413657755267,0.00019378588743633004,wf2023B,wf2023,B,0.8
wf2023,w0.8,20230918,-0.004022863193701504,-0.0036494153957756298,-0.0003053632030314948,wf2023B,wf2023,B,0.8
wf2023,w0.8,20230919,-0.00030963799503599,-0.00011438578578954373,-0.00017618859958175423,wf2023B,wf2023,B,0.8
wf2023,w0.8,20230920,0.0020819082879304906,0.0019700959299087653,-3.557674257647844e-05,wf2023B,wf2023,B,0.8
wf2023,w0.8,20230921,0.005292602469496012,0.004844662836772386,0.00035636566123829413,wf2023B,wf2023,B,0.8
wf2023,w0.8,20230922,0.000423091785301157,0.0005431733278007338,-8.96593616277495e-05,wf2023B,wf2023,B,0.8
wf2023,w0.8,20230925,0.0019099029815048325,0.0018662113419562216,8.985232039097272e-05,wf2023B,wf2023,B,0.8
wf2023,w0.8,20230926,0.00168419124450512,0.0014172390045789935,0.00024649142531615805,wf2023B,wf2023,B,0.8
wf2023,w0.8,20230927,0.0046032757260658416,0.004335184404549894,0.00019246602069960977,wf2023B,wf2023,B,0.8
wf2023,w0.8,20230928,0.004048739116101517,0.0039065904711580056,3.8580720317125953e-05,wf2023B,wf2023,B,0.8
wf2023,w0.8,20231009,0.0023763406815077667,0.002228300412926624,9.374206898951313e-05,wf2023B,wf2023,B,0.8
wf2023,w0.8,20231010,0.001462353461565476,0.0013792920352288939,0.00011702844392247669,wf2023B,wf2023,B,0.8
wf2023,w0.8,20231011,-0.0017109676450557812,-0.0017988756438148536,-5.801277811521774e-06,wf2023B,wf2023,B,0.8
wf2023,w0.8,20231012,0.0009643243613304871,0.0009778467497763201,-4.1132298862309316e-05,wf2023B,wf2023,B,0.8
wf2023,w0.8,20231013,0.00036873078843264583,0.000591273024103917,-0.00021009560005238692,wf2023B,wf2023,B,0.8
wf2023,w0.8,20231016,0.0028838337626628384,0.0029959915908998997,-0.00015672416216218712,wf2023B,wf2023,B,0.8
wf2023,w0.8,20231017,-0.0026087653869336543,-0.0026464283016163818,-6.261268269471375e-05,wf2023B,wf2023,B,0.8
wf2023,w0.8,20231018,0.0027092956430208323,0.002692018669674949,6.106437867517663e-05,wf2023B,wf2023,B,0.8
wf2023,w0.8,20231019,-0.002355763740366893,-0.0019746109438868783,-0.0003758706191417025,wf2023B,wf2023,B,0.8
wf2023,w0.8,20231020,-0.002314552165661541,-0.0023656074305428614,-1.3621588689705355e-05,wf2023B,wf2023,B,0.8
wf2023,w0.8,20231023,0.00225079715858479,0.0018542317612022718,0.0003674983566481785,wf2023B,wf2023,B,0.8
wf2023,w0.8,20231024,0.00015508316900910216,0.00031966035534483617,4.197355832897146e-05,wf2023B,wf2023,B,0.8
wf2023,w0.8,20231025,0.00260193441207617,0.0028909384979422413,-0.0001146305158872037,wf2023B,wf2023,B,0.8
wf2023,w0.8,20231026,-0.002187144540708395,-0.002216749997782187,6.36935561457477e-05,wf2023B,wf2023,B,0.8
wf2023,w0.8,20231027,0.005236577166185082,0.004761109556749419,0.0003654587117717659,wf2023B,wf2023,B,0.8
wf2023,w0.8,20231030,-0.0009306225334833151,-0.0007667297188282935,-0.00021234081718288678,wf2023B,wf2023,B,0.8
wf2023,w0.8,20231031,0.002249100325219353,0.0021037455168916004,2.3561855811472934e-05,wf2023B,wf2023,B,0.8
wf2023,w0.8,20231101,-0.0018193595669586757,-0.0016466137503847943,-0.00024921376239579794,wf2023B,wf2023,B,0.8
wf2023,w0.8,20231102,0.004364843736384013,0.0037619967131567174,0.0005206288222489113,wf2023B,wf2023,B,0.8
wf2023,w0.8,20231103,0.002971346427680325,0.002259134820718714,0.0006713632357837329,wf2023B,wf2023,B,0.8
wf2023,w0.8,20231106,0.0033542642542178534,0.0030884082057093397,0.0002489324513862796,wf2023B,wf2023,B,0.8
wf2023,w0.8,20231107,0.0019174024069970714,0.0015321422554661125,0.000349606708150144,wf2023B,wf2023,B,0.8
wf2023,w0.8,20231108,0.0006432003378355053,0.0007945533745511043,-0.00022374595499290699,wf2023B,wf2023,B,0.8
wf2023,w0.8,20231109,0.0008827644413759205,0.001073121417616378,-0.00012144533443198769,wf2023B,wf2023,B,0.8
wf2023,w0.8,20231110,0.002488988944900048,0.0022694171471373007,0.00023279503760465742,wf2023B,wf2023,B,0.8
wf2023,w0.8,20231113,0.0015988223931747807,0.0013817366191385563,0.0001410566817305595,wf2023B,wf2023,B,0.8
wf2023,w0.8,20231114,0.0007231614001362418,0.0005331930085362413,0.00016526278522680237,wf2023B,wf2023,B,0.8
wf2023,w0.8,20231115,-0.0007475959405270549,-0.0006568584268525066,-0.0001364063536760082,wf2023B,wf2023,B,0.8
wf2023,w0.8,20231116,0.0025187503635138025,0.0022115156615755433,0.0002730074381588853,wf2023B,wf2023,B,0.8
wf2023,w0.8,20231117,0.0015906314333901002,0.0014977236492062572,0.00016995586580803175,wf2023B,wf2023,B,0.8
wf2023,w0.8,20231120,-0.0033786934488374233,-0.0032515312600276364,-0.00016444429181121522,wf2023B,wf2023,B,0.8
wf2023,w0.8,20231121,-0.0017732652711327321,-0.0016370099617806569,-0.00012615822556835183,wf2023B,wf2023,B,0.8
wf2023,w0.8,20231122,0.0028708007716567365,0.0026665567677573547,0.00022180786711089461,wf2023B,wf2023,B,0.8
wf2023,w0.8,20231123,-0.003079085101325929,-0.0029650813471078187,-0.00019863687577377444,wf2023B,wf2023,B,0.8
wf2023,w0.8,20231124,0.004622296721730986,0.004443176370109186,0.00012900057366043328,wf2023B,wf2023,B,0.8
wf2023,w0.8,20231127,0.00349513399908668,0.003219408435757117,0.0002725490506103848,wf2023B,wf2023,B,0.8
wf2023,w0.8,20231128,0.000977507561307333,0.000918610455956187,3.521884814165829e-05,wf2023B,wf2023,B,0.8
wf2023,w0.8,20231129,-0.002363744226568803,-0.0023689519059023026,-8.4703658051682e-05,wf2023B,wf2023,B,0.8
wf2023,w0.8,20231130,0.002616488970415184,0.002677965214079312,-8.841847767212515e-05,wf2023B,wf2023,B,0.8
wf2023,w0.8,20231201,0.00031427554138378614,0.00031290585840220667,-3.1762029334294674e-06,wf2023B,wf2023,B,0.8
wf2023,w0.8,20231204,-0.0025667480077287627,-0.0025160898361610644,-7.884563435130951e-05,wf2023B,wf2023,B,0.8
wf2023,w0.8,20231205,0.00025983773355214585,8.760728391361453e-05,0.00014390985554029815,wf2023B,wf2023,B,0.8
wf2023,w0.8,20231206,0.0018916990844999486,0.001901540865723172,-5.724203646172148e-05,wf2023B,wf2023,B,0.8
wf2023,w0.8,20231207,0.001622504359009928,0.0017587823090007663,-0.00012728036872930795,wf2023B,wf2023,B,0.8
wf2023,w0.8,20231208,0.0014587358405963018,0.0015392071231499498,-0.00011491138107036841,wf2023B,wf2023,B,0.8
wf2023,w0.8,20231211,-0.00168991687334781,-0.0016266967362015044,-9.858721413206264e-05,wf2023B,wf2023,B,0.8
wf2023,w0.8,20231212,0.001034089037973117,0.0009800334934954552,4.686829709163425e-05,wf2023B,wf2023,B,0.8
wf2023,w0.8,20231213,-0.0016432464977472,-0.0018615254743619173,0.0001488398979117759,wf2023B,wf2023,B,0.8
wf2023,w0.8,20231214,0.000527379570358485,0.00028687217294857633,0.00021140474250791453,wf2023B,wf2023,B,0.8
wf2023,w0.8,20231215,-0.0010189289925457527,-0.0008264093121890225,-0.0002404412640786921,wf2023B,wf2023,B,0.8
wf2023,w0.8,20231218,0.004794491848749268,0.004594190135490674,0.00024007091369072133,wf2023B,wf2023,B,0.8
wf2023,w0.8,20231219,0.000941916378609204,0.0010304923343501327,-7.524085541975779e-05,wf2023B,wf2023,B,0.8
wf2023,w0.8,20231220,0.0005704702248454877,0.0002913883630762911,0.00023813587779535251,wf2023B,wf2023,B,0.8
wf2023,w0.8,20231221,-0.0029082978621402626,-0.002975440583783542,0.0001088220558403341,wf2023B,wf2023,B,0.8
wf2023,w0.8,20231222,0.0029846670248196714,0.0029839216913792248,-0.00014814458749294458,wf2023B,wf2023,B,0.8
wf2023,w0.8,20231225,-0.0037103434278686533,-0.003492781987540247,-0.00021450685224102918,wf2023B,wf2023,B,0.8
wf2023,w0.8,20231226,0.001833478126920007,0.0018183540045452744,1.6985226123177245e-05,wf2023B,wf2023,B,0.8
wf2023,w0.8,20231227,0.004312863079333602,0.003760969243963917,0.0005436228355531522,wf2023B,wf2023,B,0.8
wf2023,w0.8,20231228,0.004376225149963624,0.00399872486365661,0.0003366650845257149,wf2023B,wf2023,B,0.8
wf2023,w0.8,20231229,-0.0007510619905475801,-0.0006862786566179061,-6.137010285708647e-05,wf2023B,wf2023,B,0.8
wf2023,w0.9,20230809,-0.000575327874195342,-0.0006830578283800491,-1.840472703128089e-05,wf2023B,wf2023,B,0.9
wf2023,w0.9,20230810,-0.0003375210056588279,-0.00017998072847891033,-1.5751801374612088e-05,wf2023B,wf2023,B,0.9
wf2023,w0.9,20230811,0.0020935672849698005,0.0018392259114959851,0.0002823563150541876,wf2023B,wf2023,B,0.9
wf2023,w0.9,20230814,-0.0017392913701291353,-0.001647167710405053,-0.0001588757385614304,wf2023B,wf2023,B,0.9
wf2023,w0.9,20230815,-0.002333837392498794,-0.001968629492887102,-0.00025542563998130107,wf2023B,wf2023,B,0.9
wf2023,w0.9,20230816,0.004848027740967084,0.004619158328155696,0.00018227027095443256,wf2023B,wf2023,B,0.9
wf2023,w0.9,20230817,0.0002796432214180553,0.0007806734264170632,-0.0002973429914378392,wf2023B,wf2023,B,0.9
wf2023,w0.9,20230818,0.00012224985292567936,0.00018096032167911062,-8.814431083261731e-05,wf2023B,wf2023,B,0.9
wf2023,w0.9,20230821,0.002715957167971701,0.0018600357145435284,0.00040816868507154245,wf2023B,wf2023,B,0.9
wf2023,w0.9,20230822,-0.0013129330940888813,-0.0012052110910159824,-0.00033904603559114355,wf2023B,wf2023,B,0.9
wf2023,w0.9,20230823,0.0021453661819715053,0.0018423318513470727,0.00017202831120464524,wf2023B,wf2023,B,0.9
wf2023,w0.9,20230824,-0.0033721713479381056,-0.0029365224607451404,-0.0007155887326236061,wf2023B,wf2023,B,0.9
wf2023,w0.9,20230825,-0.0008828061269652993,-0.00039593555282635103,-0.0003700708611214217,wf2023B,wf2023,B,0.9
wf2023,w0.9,20230828,0.008656519418905682,0.007754168742273012,0.0011815864089140494,wf2023B,wf2023,B,0.9
wf2023,w0.9,20230829,0.006650589015057748,0.0057772040051876335,0.0007926226742160934,wf2023B,wf2023,B,0.9
wf2023,w0.9,20230830,0.0020064679932833606,0.0020031838110851213,8.218869895425424e-05,wf2023B,wf2023,B,0.9
wf2023,w0.9,20230831,-0.0002795320286518811,-0.00032547555297598253,-0.0001286338414587293,wf2023B,wf2023,B,0.9
wf2023,w0.9,20230901,-0.0002918996296621991,-0.00032349074054168316,-5.20448180804759e-05,wf2023B,wf2023,B,0.9
wf2023,w0.9,20230904,0.0033979467819636932,0.003205188494449479,0.0002260170431716589,wf2023B,wf2023,B,0.9
wf2023,w0.9,20230905,0.0025155368875922368,0.002372238050862395,0.0001991192573381846,wf2023B,wf2023,B,0.9
wf2023,w0.9,20230906,-0.0002985671767941622,-0.0003049091579766204,-0.00019373339843166925,wf2023B,wf2023,B,0.9
wf2023,w0.9,20230907,0.002984666478433845,0.002883600111890153,0.00018798626059221942,wf2023B,wf2023,B,0.9
wf2023,w0.9,20230908,0.002583545694205951,0.0024534456677967973,-2.5731622897915575e-05,wf2023B,wf2023,B,0.9
wf2023,w0.9,20230911,0.0005816547980093663,0.0006409358831504027,-9.517746176510243e-05,wf2023B,wf2023,B,0.9
wf2023,w0.9,20230912,-0.003354376753869206,-0.002932641727735362,-0.0003709513984871144,wf2023B,wf2023,B,0.9
wf2023,w0.9,20230913,4.954537639898296e-05,0.00010857964612532591,-0.0002624849621396027,wf2023B,wf2023,B,0.9
wf2023,w0.9,20230914,0.00020716091011612012,3.1305513500524775e-05,6.154039187226273e-05,wf2023B,wf2023,B,0.9
wf2023,w0.9,20230915,-0.0002530451785952249,-0.0004328158656296111,0.0001896194700725737,wf2023B,wf2023,B,0.9
wf2023,w0.9,20230918,-0.0036456514483872923,-0.0031781340921516145,-0.00039943276134129916,wf2023B,wf2023,B,0.9
wf2023,w0.9,20230919,0.0004381928428898122,0.0006887259577293464,-0.0002314695051748428,wf2023B,wf2023,B,0.9
wf2023,w0.9,20230920,0.0019680058619377357,0.0018589750218330505,-3.835826049351852e-05,wf2023B,wf2023,B,0.9
wf2023,w0.9,20230921,0.005648724795768299,0.005087910812722489,0.0004692400115604803,wf2023B,wf2023,B,0.9
wf2023,w0.9,20230922,0.0005245703107754325,0.0006276325711989099,-7.264007955165179e-05,wf2023B,wf2023,B,0.9
wf2023,w0.9,20230925,0.0010119937499748245,0.0008948635988354463,0.00016329083198174035,wf2023B,wf2023,B,0.9
wf2023,w0.9,20230926,0.0019372068705397804,0.0016671465204164224,0.00024959953551339045,wf2023B,wf2023,B,0.9
wf2023,w0.9,20230927,0.00410943821132507,0.0037512899914267,0.0002825229190820328,wf2023B,wf2023,B,0.9
wf2023,w0.9,20230928,0.00541553015518817,0.005142477458020333,0.000169484772541452,wf2023B,wf2023,B,0.9
wf2023,w0.9,20231009,0.0014033996212818758,0.001170472446477876,0.0001786289752123705,wf2023B,wf2023,B,0.9
wf2023,w0.9,20231010,0.0012671546073841013,0.0010746038710720742,0.00022651775389792198,wf2023B,wf2023,B,0.9
wf2023,w0.9,20231011,-0.0015709175990106664,-0.0015483293237509228,-0.00011629755183033852,wf2023B,wf2023,B,0.9
wf2023,w0.9,20231012,0.0010816483587427666,0.00106919130473794,-1.5152856411649669e-05,wf2023B,wf2023,B,0.9
wf2023,w0.9,20231013,0.0011833174365746112,0.0014040962699404568,-0.00020833219774696015,wf2023B,wf2023,B,0.9
wf2023,w0.9,20231016,0.0024432356194622703,0.00255763840437144,-0.00015896911883429556,wf2023B,wf2023,B,0.9
wf2023,w0.9,20231017,-0.003020661102939186,-0.0030783172674912736,-4.261943282535248e-05,wf2023B,wf2023,B,0.9
wf2023,w0.9,20231018,0.0017551643349375048,0.0017390009751519853,5.995076511481325e-05,wf2023B,wf2023,B,0.9
wf2023,w0.9,20231019,-0.0034181488547050908,-0.0030307950416701332,-0.0003820716356966492,wf2023B,wf2023,B,0.9
wf2023,w0.9,20231020,-0.0031066705288213363,-0.0031592991430884,-1.2048239303961684e-05,wf2023B,wf2023,B,0.9
wf2023,w0.9,20231023,0.0007888674781256003,0.00035410371994096696,0.0004056967174502929,wf2023B,wf2023,B,0.9
wf2023,w0.9,20231024,0.001388442309475775,0.0015604593337730501,3.453372036742538e-05,wf2023B,wf2023,B,0.9
wf2023,w0.9,20231025,0.0029724827485680424,0.0032730140603610017,-0.0001261577418140926,wf2023B,wf2023,B,0.9
wf2023,w0.9,20231026,-0.0010665107613832998,-0.0010213788608119372,-1.1043801499405225e-05,wf2023B,wf2023,B,0.9
wf2023,w0.9,20231027,0.004106376433805724,0.003629758614868766,0.0003666089212730597,wf2023B,wf2023,B,0.9
wf2023,w0.9,20231030,-0.0010572835601468807,-0.000932025923402401,-0.00017370563927234374,wf2023B,wf2023,B,0.9
wf2023,w0.9,20231031,0.0018155051077047017,0.0016716893964584738,2.202275872994774e-05,wf2023B,wf2023,B,0.9
wf2023,w0.9,20231101,-0.0019413180761767984,-0.0018080296579122677,-0.0002097563640864464,wf2023B,wf2023,B,0.9
wf2023,w0.9,20231102,0.004506361010322651,0.0038664167684647893,0.0005577260408794754,wf2023B,wf2023,B,0.9
wf2023,w0.9,20231103,0.004628803420349565,0.003932514737977136,0.0006554403111945483,wf2023B,wf2023,B,0.9
wf2023,w0.9,20231106,0.0031634246774189948,0.0028634623658448147,0.0002830387144519452,wf2023B,wf2023,B,0.9
wf2023,w0.9,20231107,0.0016254551967053378,0.0012625047388004139,0.0003272970145241096,wf2023B,wf2023,B,0.9
wf2023,w0.9,20231108,0.0013454354191951923,0.001521206752647315,-0.00024816425172943,wf2023B,wf2023,B,0.9
wf2023,w0.9,20231109,0.0003852547302199186,0.0006065034306244714,-0.00015233705859608258,wf2023B,wf2023,B,0.9
wf2023,w0.9,20231110,0.0019428281841975988,0.0016965783714226379,0.00025947305261687123,wf2023B,wf2023,B,0.9
wf2023,w0.9,20231113,0.002446327099005121,0.0022146646585506913,0.00015563334814876537,wf2023B,wf2023,B,0.9
wf2023,w0.9,20231114,0.001170586704817616,0.0009578499539655267,0.00018803114447889013,wf2023B,wf2023,B,0.9
wf2023,w0.9,20231115,-0.0008366727438620615,-0.0007683702872001907,-0.00011397129666333098,wf2023B,wf2023,B,0.9
wf2023,w0.9,20231116,0.0029753571695617983,0.0027094409173120254,0.00023168898847039898,wf2023B,wf2023,B,0.9
wf2023,w0.9,20231117,0.0015972122251955104,0.0015335817615495734,0.00014067854527012504,wf2023B,wf2023,B,0.9
wf2023,w0.9,20231120,-0.00276044471701389,-0.00260077287165407,-0.0001969539483612484,wf2023B,wf2023,B,0.9
wf2023,w0.9,20231121,-0.0017769707753440816,-0.0015745966153048953,-0.000192277076255464,wf2023B,wf2023,B,0.9
wf2023,w0.9,20231122,0.0031926093727564116,0.0029737292726614573,0.00023644396330646788,wf2023B,wf2023,B,0.9
wf2023,w0.9,20231123,-0.0032494059449811007,-0.002954845399334698,-0.0003791936672020673,wf2023B,wf2023,B,0.9
wf2023,w0.9,20231124,0.0051163305351165185,0.004912550143124522,0.00015366061403062958,wf2023B,wf2023,B,0.9
wf2023,w0.9,20231127,0.003629800155111245,0.0033855983988665813,0.00024102524352548823,wf2023B,wf2023,B,0.9
wf2023,w0.9,20231128,0.0005509703685293516,0.0005041453089727997,2.3146802347063895e-05,wf2023B,wf2023,B,0.9
wf2023,w0.9,20231129,-0.002188599985025218,-0.0021426597723372917,-0.0001358515500731081,wf2023B,wf2023,B,0.9
wf2023,w0.9,20231130,0.00224877351343287,0.0021984392811848575,2.3391998240015815e-05,wf2023B,wf2023,B,0.9
wf2023,w0.9,20231201,0.00047331964105199386,0.0004931663499476654,-2.4392594810680476e-05,wf2023B,wf2023,B,0.9
wf2023,w0.9,20231204,-0.0034954998873319466,-0.003326909930645252,-0.00019677741947030374,wf2023B,wf2023,B,0.9
wf2023,w0.9,20231205,0.00029954309108420115,0.00016879342080375136,0.00010242907618221665,wf2023B,wf2023,B,0.9
wf2023,w0.9,20231206,0.0015592381148898447,0.0015726329785999277,-6.079511894858144e-05,wf2023B,wf2023,B,0.9
wf2023,w0.9,20231207,0.0028250442054815715,0.0029165679565168307,-8.25261697737276e-05,wf2023B,wf2023,B,0.9
wf2023,w0.9,20231208,0.0014020091736766088,0.0014217708309666446,-5.4201755806756514e-05,wf2023B,wf2023,B,0.9
wf2023,w0.9,20231211,-0.0018778381806121625,-0.0018137717246397111,-9.943353295820874e-05,wf2023B,wf2023,B,0.9
wf2023,w0.9,20231212,-2.7155009402787637e-05,-5.397094686804266e-05,1.962869007922759e-05,wf2023B,wf2023,B,0.9
wf2023,w0.9,20231213,-0.0019328272490057139,-0.0020945963814052045,9.233005369654884e-05,wf2023B,wf2023,B,0.9
wf2023,w0.9,20231214,-0.0002730820687276603,-0.0005141886971825067,0.00021200397355285205,wf2023B,wf2023,B,0.9
wf2023,w0.9,20231215,-0.0012684386489700602,-0.0010754313876189586,-0.00024092884507306142,wf2023B,wf2023,B,0.9
wf2023,w0.9,20231218,0.004162145986254931,0.0039726037222348205,0.00022931146445223758,wf2023B,wf2023,B,0.9
wf2023,w0.9,20231219,-0.00024530606832033966,-0.00013661270587487357,-9.535826212429619e-05,wf2023B,wf2023,B,0.9
wf2023,w0.9,20231220,-4.1628696258178e-06,-0.00024851096125825167,0.00020340210765858969,wf2023B,wf2023,B,0.9
wf2023,w0.9,20231221,-0.00286258845457283,-0.002756619938968173,-6.428918140760143e-05,wf2023B,wf2023,B,0.9
wf2023,w0.9,20231222,0.00287749325611523,0.00283324419100842,-0.00010464085582658168,wf2023B,wf2023,B,0.9
wf2023,w0.9,20231225,-0.004037974442320147,-0.0037526178352936417,-0.00028230201893913044,wf2023B,wf2023,B,0.9
wf2023,w0.9,20231226,0.0012225647153315151,0.0011801457276517692,4.428009142819286e-05,wf2023B,wf2023,B,0.9
wf2023,w0.9,20231227,0.003876778205624005,0.003399994368190772,0.0004685128376167028,wf2023B,wf2023,B,0.9
wf2023,w0.9,20231228,0.00447715561711705,0.003985937926713155,0.00045038248862259956,wf2023B,wf2023,B,0.9
wf2023,w0.9,20231229,-0.0012391827503020465,-0.0011398673562904138,-9.590216293904572e-05,wf2023B,wf2023,B,0.9
wf2023,w1.0,20230809,-0.0014414566188195256,-0.001287590913195407,-0.00028000038684010636,wf2023B,wf2023,B,1.0
wf2023,w1.0,20230810,0.00033834260871361266,0.0006265788956959127,-0.00014644781117699007,wf2023B,wf2023,B,1.0
wf2023,w1.0,20230811,0.001017107764542685,0.0004998083170288218,0.0005453143890942363,wf2023B,wf2023,B,1.0
wf2023,w1.0,20230814,-0.002102247849008282,-0.00157302615502868,-0.0005959737728169505,wf2023B,wf2023,B,1.0
wf2023,w1.0,20230815,-0.002298186393892577,-0.0015276470546800314,-0.0006607570795821542,wf2023B,wf2023,B,1.0
wf2023,w1.0,20230816,0.004189937442104601,0.0036160246296993064,0.0005273136705483372,wf2023B,wf2023,B,1.0
wf2023,w1.0,20230817,-0.0024772972126278422,-0.0013462906788895904,-0.0009273193201770842,wf2023B,wf2023,B,1.0
wf2023,w1.0,20230818,0.0002454281612588793,0.0003467378527171735,-0.00013074353353747956,wf2023B,wf2023,B,1.0
wf2023,w1.0,20230821,0.0046156346437849025,0.002827199963414863,0.0013406819120134086,wf2023B,wf2023,B,1.0
wf2023,w1.0,20230822,-0.0014574336842110847,-0.0009097848360500481,-0.0007789728806792824,wf2023B,wf2023,B,1.0
wf2023,w1.0,20230823,0.0025298753259889086,0.0021830186728964977,0.00021585063367262345,wf2023B,wf2023,B,1.0
wf2023,w1.0,20230824,-0.0025544090714881944,-0.0012862734796471073,-0.0015480754372717246,wf2023B,wf2023,B,1.0
wf2023,w1.0,20230825,-0.0024209208778095586,-0.001560193883372554,-0.0007439272814194776,wf2023B,wf2023,B,1.0
wf2023,w1.0,20230828,0.008501903310939633,0.006167054953752676,0.0026140840894683425,wf2023B,wf2023,B,1.0
wf2023,w1.0,20230829,0.0059096391661386605,0.0045852085656631755,0.0012436682648214639,wf2023B,wf2023,B,1.0
wf2023,w1.0,20230830,0.000505940224336603,0.0005676542001087976,1.7190540983820813e-05,wf2023B,wf2023,B,1.0
wf2023,w1.0,20230831,-0.0016052755729065935,-0.0011878030062102774,-0.0005920499324791466,wf2023B,wf2023,B,1.0
wf2023,w1.0,20230901,-0.0002451483183998505,-0.00015674646830441752,-0.0001720377790553891,wf2023B,wf2023,B,1.0
wf2023,w1.0,20230904,0.002704295933415887,0.0025501975925346127,0.00018735709653871835,wf2023B,wf2023,B,1.0
wf2023,w1.0,20230905,0.0020913850539562334,0.0017882058915796616,0.0003589995829849139,wf2023B,wf2023,B,1.0
wf2023,w1.0,20230906,-0.00017699344941307996,-5.873408757899805e-06,-0.00037119542026930785,wf2023B,wf2023,B,1.0
wf2023,w1.0,20230907,0.0026450945066507697,0.002403617430872522,0.0003283969698267748,wf2023B,wf2023,B,1.0
wf2023,w1.0,20230908,0.0023575211529761556,0.00230902689570604,-0.00010733739203695378,wf2023B,wf2023,B,1.0
wf2023,w1.0,20230911,0.0009155119529368129,0.001138787249066527,-0.0002591716727537803,wf2023B,wf2023,B,1.0
wf2023,w1.0,20230912,-0.0029783249033003,-0.002315610573529704,-0.0006119307021238661,wf2023B,wf2023,B,1.0
wf2023,w1.0,20230913,-0.0006101961181012288,-0.00016233520897800883,-0.0006513116015364798,wf2023B,wf2023,B,1.0
wf2023,w1.0,20230914,-0.0003631176599654374,-0.0002466674741241287,-0.00023076519058464178,wf2023B,wf2023,B,1.0
wf2023,w1.0,20230915,0.0005669886830384713,0.00030885674588958457,0.0002679807201870737,wf2023B,wf2023,B,1.0
wf2023,w1.0,20230918,-0.0027745029826709237,-0.0018380775778270727,-0.0008683408099494698,wf2023B,wf2023,B,1.0
wf2023,w1.0,20230919,-0.0007820316765380503,-0.0004295655124753112,-0.0003334025543980477,wf2023B,wf2023,B,1.0
wf2023,w1.0,20230920,0.0012748610749294311,0.0010642801246505322,6.319184968069614e-05,wf2023B,wf2023,B,1.0
wf2023,w1.0,20230921,0.0063813802847569705,0.005212244289362204,0.0010775620239094376,wf2023B,wf2023,B,1.0
wf2023,w1.0,20230922,0.0004720804904875418,0.0005621244957295774,-5.9621824370209754e-05,wf2023B,wf2023,B,1.0
wf2023,w1.0,20230925,0.001490681205489256,0.0012610097336152913,0.00027583215271632694,wf2023B,wf2023,B,1.0
wf2023,w1.0,20230926,0.0021897493657133515,0.002121476258626243,4.7812292477139833e-05,wf2023B,wf2023,B,1.0
wf2023,w1.0,20230927,0.0018624142867236671,0.0011872838703835065,0.0005995051155238245,wf2023B,wf2023,B,1.0
wf2023,w1.0,20230928,0.004427070954740691,0.0037031211830384518,0.0006203818470758531,wf2023B,wf2023,B,1.0
wf2023,w1.0,20231009,0.0009526965029435616,0.0004564286224872339,0.00044196968086469796,wf2023B,wf2023,B,1.0
wf2023,w1.0,20231010,0.0018225008304620124,0.0013263863477584689,0.0005300815002894383,wf2023B,wf2023,B,1.0
wf2023,w1.0,20231011,-0.0019800195781719005,-0.001626269428565238,-0.0004474594261772565,wf2023B,wf2023,B,1.0
wf2023,w1.0,20231012,0.0007092215429154959,0.0005205857666062688,0.00016102586589275208,wf2023B,wf2023,B,1.0
wf2023,w1.0,20231013,-0.000496228657364422,7.43747548417279e-05,-0.0005581567765872653,wf2023B,wf2023,B,1.0
wf2023,w1.0,20231016,0.0011274853867424403,0.0014061962892866345,-0.00032327723646932043,wf2023B,wf2023,B,1.0
wf2023,w1.0,20231017,-0.002740448858352413,-0.0026866546789861404,-0.00015406977674371064,wf2023B,wf2023,B,1.0
wf2023,w1.0,20231018,0.0012588902509317098,0.0012948521315334894,7.825524727514763e-06,wf2023B,wf2023,B,1.0
wf2023,w1.0,20231019,-0.0017320090987551738,-0.0009913190316518424,-0.0007354078897650216,wf2023B,wf2023,B,1.0
wf2023,w1.0,20231020,-0.003198085651130108,-0.003215402891960032,-4.735961274110088e-05,wf2023B,wf2023,B,1.0
wf2023,w1.0,20231023,6.691021779129183e-05,-0.0006312338587642879,0.0006690770358212465,wf2023B,wf2023,B,1.0
wf2023,w1.0,20231024,-0.002725829757683946,-0.002536555592992956,1.7276579973712368e-05,wf2023B,wf2023,B,1.0
wf2023,w1.0,20231025,0.002144337586785583,0.0025458480309837415,-0.00022713687421929015,wf2023B,wf2023,B,1.0
wf2023,w1.0,20231026,0.0013734767193903097,0.0018308118520976727,-0.00042324703363540617,wf2023B,wf2023,B,1.0
wf2023,w1.0,20231027,0.0040032615636412285,0.0029085967238497486,0.0009846559421275818,wf2023B,wf2023,B,1.0
wf2023,w1.0,20231030,-0.002457911082845703,-0.001890125435379309,-0.0006162336499942584,wf2023B,wf2023,B,1.0
wf2023,w1.0,20231031,-0.0006712062785811982,-0.0005880469141904017,-0.00020495231690707656,wf2023B,wf2023,B,1.0
wf2023,w1.0,20231101,-0.001659934270471954,-0.0011643881381388469,-0.0005720140781550225,wf2023B,wf2023,B,1.0
wf2023,w1.0,20231102,0.005993079074218744,0.004796938771936819,0.0011139221013035424,wf2023B,wf2023,B,1.0
wf2023,w1.0,20231103,0.005481135058431737,0.003740049326502997,0.0017002373607508583,wf2023B,wf2023,B,1.0
wf2023,w1.0,20231106,0.002973822112548166,0.002068940323217491,0.0008879581922084407,wf2023B,wf2023,B,1.0
wf2023,w1.0,20231107,0.0006808077895440866,-8.247651322719032e-05,0.0007276308593904626,wf2023B,wf2023,B,1.0
wf2023,w1.0,20231108,0.0007283956175303937,0.0014758923131600724,-0.0008198896139069857,wf2023B,wf2023,B,1.0
wf2023,w1.0,20231109,0.0003572590051600039,0.0009452465169535274,-0.0005190758699850535,wf2023B,wf2023,B,1.0
wf2023,w1.0,20231110,0.0014647346539212788,0.000880426126360213,0.000597531767402976,wf2023B,wf2023,B,1.0
wf2023,w1.0,20231113,0.0013398819941469768,0.0005603928286699027,0.0007034600731714093,wf2023B,wf2023,B,1.0
wf2023,w1.0,20231114,0.001140525492585167,0.0009239327440521037,0.00019188714215986424,wf2023B,wf2023,B,1.0
wf2023,w1.0,20231115,-0.002101028711446208,-0.00197313905366489,-0.00017355849778277884,wf2023B,wf2023,B,1.0
wf2023,w1.0,20231116,0.002915702218820636,0.0025461193825792403,0.00033535557246202165,wf2023B,wf2023,B,1.0
wf2023,w1.0,20231117,0.0006547599587990779,0.0003104581947837763,0.00042134984563949095,wf2023B,wf2023,B,1.0
wf2023,w1.0,20231120,-0.0029804596883578893,-0.0022680127962256126,-0.0007497289951337052,wf2023B,wf2023,B,1.0
wf2023,w1.0,20231121,-0.0022328676948446136,-0.0015029366518130886,-0.0007198339592478001,wf2023B,wf2023,B,1.0
wf2023,w1.0,20231122,0.002484789727131788,0.0023353686333284236,0.0001669849570148788,wf2023B,wf2023,B,1.0
wf2023,w1.0,20231123,-0.0031651227728428048,-0.0018267902590687751,-0.0014229656353296918,wf2023B,wf2023,B,1.0
wf2023,w1.0,20231124,0.0041153905634539545,0.0037221411474072583,0.00034312963808532987,wf2023B,wf2023,B,1.0
wf2023,w1.0,20231127,0.0015553708703568278,0.001335412493010035,0.00021678186462761677,wf2023B,wf2023,B,1.0
wf2023,w1.0,20231128,0.00025486642797330813,0.0002870617311227813,-5.5873560358961284e-05,wf2023B,wf2023,B,1.0
wf2023,w1.0,20231129,-0.0025858919324583344,-0.0021248644644089533,-0.0005509388054345617,wf2023B,wf2023,B,1.0
wf2023,w1.0,20231130,0.003370514241006574,0.0026081608189665807,0.000735411188031998,wf2023B,wf2023,B,1.0
wf2023,w1.0,20231201,-0.0015329476178369647,-0.0014410833442497885,-9.641015950218492e-05,wf2023B,wf2023,B,1.0
wf2023,w1.0,20231204,-0.004431291577841404,-0.0035279720937988488,-0.0009315069468261671,wf2023B,wf2023,B,1.0
wf2023,w1.0,20231205,0.0002579039236982241,0.00034386042129336486,-0.00011427709169337421,wf2023B,wf2023,B,1.0
wf2023,w1.0,20231206,0.0004589661164269361,0.0005125153207637611,-0.00010094945957532338,wf2023B,wf2023,B,1.0
wf2023,w1.0,20231207,0.003190926085134992,0.003020037308952765,0.00017988635744375838,wf2023B,wf2023,B,1.0
wf2023,w1.0,20231208,0.00043878585044215476,4.87485063924946e-05,0.0003555972455329385,wf2023B,wf2023,B,1.0
wf2023,w1.0,20231211,-0.0013783922885838812,-0.0013013329891701346,-0.00011242637639950385,wf2023B,wf2023,B,1.0
wf2023,w1.0,20231212,-0.0014874448937246178,-0.001201769136954582,-0.000292863004156063,wf2023B,wf2023,B,1.0
wf2023,w1.0,20231213,-0.002836232385840792,-0.0022050453762168585,-0.0007006260883268761,wf2023B,wf2023,B,1.0
wf2023,w1.0,20231214,-0.0011198542019148334,-0.0011960741786583937,4.7117321841565005e-05,wf2023B,wf2023,B,1.0
wf2023,w1.0,20231215,-0.00010073736339097014,0.00020259183415665685,-0.0003512507812695879,wf2023B,wf2023,B,1.0
wf2023,w1.0,20231218,0.002280092990209751,0.0018516159782574959,0.00046824621238438386,wf2023B,wf2023,B,1.0
wf2023,w1.0,20231219,-5.180101729206424e-05,0.0005578842346657354,-0.0005963501516366311,wf2023B,wf2023,B,1.0
wf2023,w1.0,20231220,0.000791756309127355,0.000686942890988404,6.386743416510684e-05,wf2023B,wf2023,B,1.0
wf2023,w1.0,20231221,-0.0013352896871610277,-8.10576414738828e-05,-0.0012125527114900927,wf2023B,wf2023,B,1.0
wf2023,w1.0,20231222,0.0036412258555986766,0.003278282150794243,0.00021405378387104242,wf2023B,wf2023,B,1.0
wf2023,w1.0,20231225,-0.0031591688296512006,-0.002446693923101535,-0.000709420318462291,wf2023B,wf2023,B,1.0
wf2023,w1.0,20231226,0.00042962969940701923,0.0003455309025045033,8.595990065096353e-05,wf2023B,wf2023,B,1.0
wf2023,w1.0,20231227,0.005046843186765355,0.0048758247465274735,0.00016274744042134694,wf2023B,wf2023,B,1.0
wf2023,w1.0,20231228,0.0036949883712441237,0.002471727100820111,0.0011824260686427177,wf2023B,wf2023,B,1.0
wf2023,w1.0,20231229,-0.0019794031210158287,-0.0008841732082955664,-0.0010918166816476747,wf2023B,wf2023,B,1.0
confirm2024,w0.0,20240423,0.004678797126719508,0.003750228550748443,0.0009560069135991264,confirm2024A,confirm2024,A,0.0
confirm2024,w0.0,20240424,0.0014280438365465156,0.0013481295501452432,7.980200314068807e-05,confirm2024A,confirm2024,A,0.0
confirm2024,w0.0,20240425,-0.003123272332746053,-0.0026816017587019095,-0.00047929582613887223,confirm2024A,confirm2024,A,0.0
confirm2024,w0.0,20240426,0.004341546122097979,0.004971517952687119,-0.0006549446904674317,confirm2024A,confirm2024,A,0.0
confirm2024,w0.0,20240429,-0.0008005093085171368,-0.0004208339983847409,-0.0004062081438554368,confirm2024A,confirm2024,A,0.0
confirm2024,w0.0,20240430,0.0006206359653099305,0.0007894029297126526,-0.0001295868875886773,confirm2024A,confirm2024,A,0.0
confirm2024,w0.0,20240506,0.0006731592701949415,0.0006087703412958089,5.87117961816508e-05,confirm2024A,confirm2024,A,0.0
confirm2024,w0.0,20240507,0.0007155860765050807,0.0006546739526610107,9.908340692855034e-05,confirm2024A,confirm2024,A,0.0
confirm2024,w0.0,20240508,0.0029094555215644236,0.0035140334999492024,-0.0006222395023249253,confirm2024A,confirm2024,A,0.0
confirm2024,w0.0,20240509,-0.0016229501581903616,-0.0013611822412342338,-0.00030061864984960653,confirm2024A,confirm2024,A,0.0
confirm2024,w0.0,20240510,-0.0015056329791049462,-0.0016593326974690113,0.00013369224788044017,confirm2024A,confirm2024,A,0.0
confirm2024,w0.0,20240513,0.0037147239419670908,0.0038320223304828902,-4.144074918247274e-05,confirm2024A,confirm2024,A,0.0
confirm2024,w0.0,20240514,0.0010729982562074905,0.0010121686609803296,6.845390787369356e-05,confirm2024A,confirm2024,A,0.0
confirm2024,w0.0,20240515,0.000857000834544294,0.0005636452144896869,0.0003418705798732069,confirm2024A,confirm2024,A,0.0
confirm2024,w0.0,20240516,-0.0007834577340983546,-0.0009396847220894918,0.00017046304675646175,confirm2024A,confirm2024,A,0.0
confirm2024,w0.0,20240517,0.0006175290647804053,0.0006954906825722017,-8.276216467915359e-05,confirm2024A,confirm2024,A,0.0
confirm2024,w0.0,20240520,-0.0002970523812423041,-0.0005949854056263972,0.00032401850992878873,confirm2024A,confirm2024,A,0.0
confirm2024,w0.0,20240521,0.002135225628791259,0.0023962462375479304,-0.00021385815091495597,confirm2024A,confirm2024,A,0.0
confirm2024,w0.0,20240522,0.0015488314183408902,0.0010638624455548658,0.0004928083615079555,confirm2024A,confirm2024,A,0.0
confirm2024,w0.0,20240523,0.0023630078878302584,0.0018932043809013056,0.00043621644276354687,confirm2024A,confirm2024,A,0.0
confirm2024,w0.0,20240524,0.002098490164746081,0.00202578347836701,5.827090284650986e-05,confirm2024A,confirm2024,A,0.0
confirm2024,w0.0,20240527,-0.0002593334626865649,-0.0005058815932604906,0.00023047781575263253,confirm2024A,confirm2024,A,0.0
confirm2024,w0.0,20240528,0.0003344165103949773,0.000446078154047778,-0.00010313494495431235,confirm2024A,confirm2024,A,0.0
confirm2024,w0.0,20240529,0.003066758399017393,0.002933070694337412,0.00011380846226228297,confirm2024A,confirm2024,A,0.0
confirm2024,w0.0,20240530,0.0021630976018773476,0.002534031414098587,-0.0003582443451711858,confirm2024A,confirm2024,A,0.0
confirm2024,w0.0,20240531,-0.005250589376278116,-0.005710017141706492,0.0004774977006305619,confirm2024A,confirm2024,A,0.0
confirm2024,w0.0,20240603,-0.004316995072522404,-0.0052207850876073575,0.0008960193834476846,confirm2024A,confirm2024,A,0.0
confirm2024,w0.0,20240604,0.0027844805680227007,0.0022577543991895224,0.0005066356387695063,confirm2024A,confirm2024,A,0.0
confirm2024,w0.0,20240605,-0.0032771565633979566,-0.0049414360654525,0.0016575840517018485,confirm2024A,confirm2024,A,0.0
confirm2024,w0.0,20240606,0.008386298515423881,0.008928087899804362,-0.0005500998589991705,confirm2024A,confirm2024,A,0.0
confirm2024,w0.0,20240607,-0.00036509945595950607,0.0002833529835802378,-0.0006450671020692633,confirm2024A,confirm2024,A,0.0
confirm2024,w0.0,20240611,0.003638832337343526,0.00428298121219191,-0.0006446468875919628,confirm2024A,confirm2024,A,0.0
confirm2024,w0.0,20240612,0.00044352207300205147,0.0006994295493151571,-0.000249193500350911,confirm2024A,confirm2024,A,0.0
confirm2024,w0.0,20240613,-0.0015942334634086609,-0.001578536718485735,-1.201777624366463e-06,confirm2024A,confirm2024,A,0.0
confirm2024,w0.0,20240614,-0.0015478364142965176,-0.0015912509684733297,3.65990312058634e-05,confirm2024A,confirm2024,A,0.0
confirm2024,w0.0,20240617,0.0024465914578381057,0.00269793260354854,-0.0002710446747743618,confirm2024A,confirm2024,A,0.0
confirm2024,w0.0,20240618,0.0028649895685499364,0.002756385072216211,6.373506243837791e-05,confirm2024A,confirm2024,A,0.0
confirm2024,w0.0,20240619,-2.9516972456376106e-05,-0.00034988479128417573,0.0003278610830728369,confirm2024A,confirm2024,A,0.0
confirm2024,w0.0,20240620,0.0020451027243960475,0.00198803862011446,2.1644399441405677e-05,confirm2024A,confirm2024,A,0.0
confirm2024,w0.0,20240621,0.00018804012032407058,-0.0008569423829288891,0.0010449825032529613,confirm2024A,confirm2024,A,0.0
confirm2024,w0.0,20240624,0.002071842905865635,0.002017433207122352,5.440969874328195e-05,confirm2024A,confirm2024,A,0.0
confirm2024,w0.0,20240625,0.0037219896001182175,0.0047826739256506,-0.0010881203432774236,confirm2024A,confirm2024,A,0.0
confirm2024,w0.0,20240626,0.0033819020090328587,0.0030668957122839775,0.0003524704479897425,confirm2024A,confirm2024,A,0.0
confirm2024,w0.0,20240627,-0.0009476707543919763,-0.0009172507518807679,-5.316259054969081e-05,confirm2024A,confirm2024,A,0.0
confirm2024,w0.0,20240628,-0.00011974187764853678,-0.0003541674297600563,0.00018470320498620887,confirm2024A,confirm2024,A,0.0
confirm2024,w0.0,20240701,0.006014032457264614,0.006043661958088076,-7.076783327050037e-05,confirm2024A,confirm2024,A,0.0
confirm2024,w0.0,20240702,0.0034922795332250735,0.0032942202172100343,0.0001861644824625122,confirm2024A,confirm2024,A,0.0
confirm2024,w0.0,20240703,-0.0009371782454357137,-0.0014561391659784792,0.0005827143946284523,confirm2024A,confirm2024,A,0.0
confirm2024,w0.0,20240704,0.005305482139478181,0.0056154578299085125,-0.00040310029445655683,confirm2024A,confirm2024,A,0.0
confirm2024,w0.0,20240705,7.797268357009196e-05,-0.0004313211864062702,0.0005135300969279036,confirm2024A,confirm2024,A,0.0
confirm2024,w0.0,20240708,-0.00022809797502332946,-0.00014397885995573803,-0.0001321830990112805,confirm2024A,confirm2024,A,0.0
confirm2024,w0.0,20240709,7.818034196275733e-06,-0.00018189707391050712,5.653419252477849e-05,confirm2024A,confirm2024,A,0.0
confirm2024,w0.0,20240710,0.0017575170071538922,0.002470634331207337,-0.0008104790613067377,confirm2024A,confirm2024,A,0.0
confirm2024,w0.0,20240711,0.0012930280987185853,0.0010362923573119381,0.00012208921093136393,confirm2024A,confirm2024,A,0.0
confirm2024,w0.0,20240712,-0.0004833431603418741,-0.0012941290971449366,0.0007328838037708119,confirm2024A,confirm2024,A,0.0
confirm2024,w0.0,20240715,3.9090159226042216e-05,0.00011069213143641277,-0.00012808806775949062,confirm2024A,confirm2024,A,0.0
confirm2024,w0.0,20240716,0.0005282022358520464,-0.0003659461730729941,0.0008318011358530502,confirm2024A,confirm2024,A,0.0
confirm2024,w0.0,20240717,0.002458192153683736,0.002045316446334373,0.00035683070100622614,confirm2024A,confirm2024,A,0.0
confirm2024,w0.0,20240718,0.000595481490038607,0.0007207151824892566,-0.0002582502268354809,confirm2024A,confirm2024,A,0.0
confirm2024,w0.0,20240719,0.002133544903226578,0.0026403332917033203,-0.0005627219708418265,confirm2024A,confirm2024,A,0.0
confirm2024,w0.0,20240722,0.001299348680223661,0.0011164991699028908,0.0001471983075578106,confirm2024A,confirm2024,A,0.0
confirm2024,w0.0,20240723,0.00025556604202221257,-0.0003515860040776242,0.0005556671747565492,confirm2024A,confirm2024,A,0.0
confirm2024,w0.0,20240724,-0.000656364243902331,-0.0007488957752195865,3.952867951280615e-05,confirm2024A,confirm2024,A,0.0
confirm2024,w0.0,20240725,0.0013802769682539871,0.0016932850003015137,-0.0003773658414470536,confirm2024A,confirm2024,A,0.0
confirm2024,w0.0,20240726,-0.00065122223056711,-1.3097149573259269e-05,-0.0006669138183825501,confirm2024A,confirm2024,A,0.0
confirm2024,w0.0,20240729,-0.00034991863065382545,-1.3218550477253686e-05,-0.00031613890846196265,confirm2024A,confirm2024,A,0.0
confirm2024,w0.0,20240730,0.00048729663433449283,0.000520417368365246,-8.643900413065749e-05,confirm2024A,confirm2024,A,0.0
confirm2024,w0.0,20240731,0.000863012370487172,0.0012583316974058964,-0.000462209734707934,confirm2024A,confirm2024,A,0.0
confirm2024,w0.0,20240801,0.0024924796385066145,0.0016956380476444808,0.0008513455980772722,confirm2024A,confirm2024,A,0.0
confirm2024,w0.0,20240802,0.0019253340869583198,0.0004918729994373764,0.0014108838804383161,confirm2024A,confirm2024,A,0.0
confirm2024,w0.0,20240805,0.0016544874508467207,0.0024685082436887037,-0.0008243259917272332,confirm2024A,confirm2024,A,0.0
confirm2024,w0.0,20240806,-0.00023258780896787416,1.0772514939993137e-05,-0.0002668267937298973,confirm2024A,confirm2024,A,0.0
confirm2024,w0.0,20240807,0.0015093524150475808,0.0005164016279271778,0.0009019429038788786,confirm2024A,confirm2024,A,0.0
confirm2024,w0.1,20240423,0.004089009565832993,0.003238637159632956,0.0008778107438280963,confirm2024A,confirm2024,A,0.1
confirm2024,w0.1,20240424,0.0025470444675220246,0.002331577836993291,0.00021535434726814982,confirm2024A,confirm2024,A,0.1
confirm2024,w0.1,20240425,-0.003110199037811224,-0.0028271162290044306,-0.0003207080609015231,confirm2024A,confirm2024,A,0.1
confirm2024,w0.1,20240426,0.005728499265365984,0.006026918244308302,-0.0003233918388206076,confirm2024A,confirm2024,A,0.1
confirm2024,w0.1,20240429,-0.0001905388101644959,3.434836690783909e-05,-0.0002514200107953758,confirm2024A,confirm2024,A,0.1
confirm2024,w0.1,20240430,0.0012614741393191173,0.0013709146071824267,-7.026039104926191e-05,confirm2024A,confirm2024,A,0.1
confirm2024,w0.1,20240506,-0.0003708155247739049,-0.00033334002723297646,-4.315263025841262e-05,confirm2024A,confirm2024,A,0.1
confirm2024,w0.1,20240507,-0.0001121912970185393,-0.00015718456843319135,8.316455449913445e-05,confirm2024A,confirm2024,A,0.1
confirm2024,w0.1,20240508,0.003873878979668602,0.004318142043236981,-0.0004619245875085228,confirm2024A,confirm2024,A,0.1
confirm2024,w0.1,20240509,-0.0021914598984538475,-0.0021326589341429452,-9.765169720438204e-05,confirm2024A,confirm2024,A,0.1
confirm2024,w0.1,20240510,-0.0018852160043481732,-0.002095469558003548,0.00019024608317174947,confirm2024A,confirm2024,A,0.1
confirm2024,w0.1,20240513,0.0035213142792562113,0.00365362177095478,-5.644985236524322e-05,confirm2024A,confirm2024,A,0.1
confirm2024,w0.1,20240514,0.0021810587585389144,0.0021604472310908034,2.8235840094644688e-05,confirm2024A,confirm2024,A,0.1
confirm2024,w0.1,20240515,0.0018290812028532444,0.0017848325705858033,9.276359208604009e-05,confirm2024A,confirm2024,A,0.1
confirm2024,w0.1,20240516,-0.00032695557372559685,-0.00033027587597818923,1.7556361017917176e-05,confirm2024A,confirm2024,A,0.1
confirm2024,w0.1,20240517,-0.0007123875611342043,-0.00069277985927337,-2.440824874819047e-05,confirm2024A,confirm2024,A,0.1
confirm2024,w0.1,20240520,-0.0005443235072982444,-0.0009340688431559535,0.00041583082140240357,confirm2024A,confirm2024,A,0.1
confirm2024,w0.1,20240521,0.0030630114615000587,0.0033558998079555816,-0.00024572588861380805,confirm2024A,confirm2024,A,0.1
confirm2024,w0.1,20240522,0.0008832900017283069,0.0004374704011730251,0.00045365898927721707,confirm2024A,confirm2024,A,0.1
confirm2024,w0.1,20240523,0.0016752774768941745,0.0010634462762700537,0.0005782441364587139,confirm2024A,confirm2024,A,0.1
confirm2024,w0.1,20240524,0.0012962508335486404,0.0011163486657074712,0.00016546638430860812,confirm2024A,confirm2024,A,0.1
confirm2024,w0.1,20240527,-0.0010808366230045541,-0.001367792111252447,0.0002708851734266,confirm2024A,confirm2024,A,0.1
confirm2024,w0.1,20240528,0.0005932384310783443,0.0007284565697387879,-0.00012669143996195482,confirm2024A,confirm2024,A,0.1
confirm2024,w0.1,20240529,0.002680206129750856,0.0024473742243564587,0.00021295266297670026,confirm2024A,confirm2024,A,0.1
confirm2024,w0.1,20240530,0.0027919777557183136,0.0033394017516932377,-0.0005347345289248673,confirm2024A,confirm2024,A,0.1
confirm2024,w0.1,20240531,-0.0043611377430970225,-0.004925682759560119,0.0005826149516652813,confirm2024A,confirm2024,A,0.1
confirm2024,w0.1,20240603,-0.004038336863521976,-0.005089031538232706,0.0010429240430734614,confirm2024A,confirm2024,A,0.1
confirm2024,w0.1,20240604,0.002813330454825,0.0022773102911694794,0.0005159296335918479,confirm2024A,confirm2024,A,0.1
confirm2024,w0.1,20240605,-0.003537798295137881,-0.0051706129803255774,0.0016261192348350085,confirm2024A,confirm2024,A,0.1
confirm2024,w0.1,20240606,0.00842260408164126,0.009063595617646407,-0.0006493020106238376,confirm2024A,confirm2024,A,0.1
confirm2024,w0.1,20240607,0.0006022907935156262,0.0013530962158449897,-0.000747420084858883,confirm2024A,confirm2024,A,0.1
confirm2024,w0.1,20240611,0.001873782972328571,0.0025929024889816336,-0.0007196175293966416,confirm2024A,confirm2024,A,0.1
confirm2024,w0.1,20240612,0.0004005064864830441,0.000660321485844217,-0.00025310102339897843,confirm2024A,confirm2024,A,0.1
confirm2024,w0.1,20240613,-0.0014890631222919811,-0.001480544996698113,5.976841704690957e-06,confirm2024A,confirm2024,A,0.1
confirm2024,w0.1,20240614,-0.0009628321715893246,-0.0011054025099548489,0.00013575481539457416,confirm2024A,confirm2024,A,0.1
confirm2024,w0.1,20240617,0.002973138477707391,0.0033175831354789725,-0.0003641481868355111,confirm2024A,confirm2024,A,0.1
confirm2024,w0.1,20240618,0.002842863554426088,0.002737499238653995,6.049488187674495e-05,confirm2024A,confirm2024,A,0.1
confirm2024,w0.1,20240619,-0.0009088321316471498,-0.0012197748547635046,0.0003184359873613877,confirm2024A,confirm2024,A,0.1
confirm2024,w0.1,20240620,0.002302400663017518,0.002211586356072823,5.5394602104513686e-05,confirm2024A,confirm2024,A,0.1
confirm2024,w0.1,20240621,-3.1123680821330824e-05,-0.0013059525430976116,0.0012748288622762788,confirm2024A,confirm2024,A,0.1
confirm2024,w0.1,20240624,-8.34839103578712e-06,-5.828510318082097e-05,4.993671214503358e-05,confirm2024A,confirm2024,A,0.1
confirm2024,w0.1,20240625,0.0026562681296243493,0.003824849244538532,-0.0011960171326592288,confirm2024A,confirm2024,A,0.1
confirm2024,w0.1,20240626,0.002290469566589433,0.0019864464339706483,0.00034148728385964506,confirm2024A,confirm2024,A,0.1
confirm2024,w0.1,20240627,-0.0009976510964206714,-0.0010183990576477606,-1.9946268113917124e-06,confirm2024A,confirm2024,A,0.1
confirm2024,w0.1,20240628,-0.0013859048392651976,-0.0016480436428617624,0.00021241645647125285,confirm2024A,confirm2024,A,0.1
confirm2024,w0.1,20240701,0.006332706992091196,0.006419914639350908,-0.000128345979706749,confirm2024A,confirm2024,A,0.1
confirm2024,w0.1,20240702,0.005809072208524032,0.00546795679295547,0.0003292205820160352,confirm2024A,confirm2024,A,0.1
confirm2024,w0.1,20240703,-0.0020876391013412918,-0.002783536282123935,0.0007596506548683264,confirm2024A,confirm2024,A,0.1
confirm2024,w0.1,20240704,0.0038860149896489515,0.00434232634259263,-0.0005494359569699049,confirm2024A,confirm2024,A,0.1
confirm2024,w0.1,20240705,0.00042878262459762617,-0.00032209587895715164,0.0007551147305063222,confirm2024A,confirm2024,A,0.1
confirm2024,w0.1,20240708,-0.0003669610337558235,-0.0002025217353755919,-0.0002125032823239203,confirm2024A,confirm2024,A,0.1
confirm2024,w0.1,20240709,0.0009644282236004218,0.0007346727210983529,9.657458692006333e-05,confirm2024A,confirm2024,A,0.1
confirm2024,w0.1,20240710,0.0023968177208231363,0.003340100547724757,-0.0010406445641549138,confirm2024A,confirm2024,A,0.1
confirm2024,w0.1,20240711,0.00192219436468888,0.0016344017825052624,0.00015314605170833483,confirm2024A,confirm2024,A,0.1
confirm2024,w0.1,20240712,-0.0015004608243749593,-0.0024771852235797834,0.0008988222661725736,confirm2024A,confirm2024,A,0.1
confirm2024,w0.1,20240715,0.001245166332516045,0.0013397185263265845,-0.00015103828935965943,confirm2024A,confirm2024,A,0.1
confirm2024,w0.1,20240716,0.0023514154016819333,0.0015450651650705015,0.0007440029635394417,confirm2024A,confirm2024,A,0.1
confirm2024,w0.1,20240717,0.0016251470245264273,0.0011943179900576815,0.00037478402812560793,confirm2024A,confirm2024,A,0.1
confirm2024,w0.1,20240718,3.3444240952758275e-05,0.00020923600793684564,-0.00030880830136891804,confirm2024A,confirm2024,A,0.1
confirm2024,w0.1,20240719,0.001657514014479138,0.0020314934874514513,-0.0004299130553373964,confirm2024A,confirm2024,A,0.1
confirm2024,w0.1,20240722,0.002758317146525892,0.0023729025005918454,0.0003497634431710885,confirm2024A,confirm2024,A,0.1
confirm2024,w0.1,20240723,0.00019404733623341712,-0.00044115450274134164,0.0005837169676314742,confirm2024A,confirm2024,A,0.1
confirm2024,w0.1,20240724,0.0006048340481961826,0.0006028618890278461,-5.103069263611221e-05,confirm2024A,confirm2024,A,0.1
confirm2024,w0.1,20240725,0.0003836401475414211,0.0008744015752665816,-0.0005551192371246912,confirm2024A,confirm2024,A,0.1
confirm2024,w0.1,20240726,-0.0003555482041014658,-9.645024587854337e-05,-0.00028788669561162223,confirm2024A,confirm2024,A,0.1
confirm2024,w0.1,20240729,-0.0002944523204607384,-5.0858614481203096e-05,-0.00022303253426492637,confirm2024A,confirm2024,A,0.1
confirm2024,w0.1,20240730,0.000166318186835622,0.00043058924057424054,-0.00031758932383852014,confirm2024A,confirm2024,A,0.1
confirm2024,w0.1,20240731,0.00046185850542553427,0.0007731985222871624,-0.0003782304246508381,confirm2024A,confirm2024,A,0.1
confirm2024,w0.1,20240801,0.0017054823378696952,0.0009112481748016078,0.0008487381702832272,confirm2024A,confirm2024,A,0.1
confirm2024,w0.1,20240802,0.0018646773993647725,0.0003782033690658065,0.001463896823216335,confirm2024A,confirm2024,A,0.1
confirm2024,w0.1,20240805,0.0009436038520923042,0.002005538857423311,-0.0010722402042162562,confirm2024A,confirm2024,A,0.1
confirm2024,w0.1,20240806,-0.00024135653603484658,-3.0069872446686807e-05,-0.00023475313341018967,confirm2024A,confirm2024,A,0.1
confirm2024,w0.1,20240807,0.001279940620180556,0.00031091278026052134,0.0008780199566785098,confirm2024A,confirm2024,A,0.1
confirm2024,w0.2,20240423,0.0035991020929211012,0.003149413063655744,0.00047712736689341483,confirm2024A,confirm2024,A,0.2
confirm2024,w0.2,20240424,0.0029145566019229442,0.002720264032612022,0.0001941802860503383,confirm2024A,confirm2024,A,0.2
confirm2024,w0.2,20240425,-0.002707988527977644,-0.0025187430502507865,-0.00022687072982158603,confirm2024A,confirm2024,A,0.2
confirm2024,w0.2,20240426,0.004998249214329259,0.005218755870743854,-0.0002454795162928827,confirm2024A,confirm2024,A,0.2
confirm2024,w0.2,20240429,0.00023986467713858848,0.00023912801177628168,-2.5796168360734305e-05,confirm2024A,confirm2024,A,0.2
confirm2024,w0.2,20240430,0.0015279996078293619,0.0016223542061637028,-5.517452152029058e-05,confirm2024A,confirm2024,A,0.2
confirm2024,w0.2,20240506,-0.0008026445846867677,-0.0006727281011466378,-0.00013559361625761236,confirm2024A,confirm2024,A,0.2
confirm2024,w0.2,20240507,0.0005616064296479831,0.00041667045419735156,0.00018310725853511154,confirm2024A,confirm2024,A,0.2
confirm2024,w0.2,20240508,0.00404069158751858,0.0042236609419890265,-0.00020063087841059153,confirm2024A,confirm2024,A,0.2
confirm2024,w0.2,20240509,-0.0017932093130538888,-0.002081633380779644,0.0002495733348322756,confirm2024A,confirm2024,A,0.2
confirm2024,w0.2,20240510,-0.0015590285798616384,-0.001945266822710674,0.000366230772365412,confirm2024A,confirm2024,A,0.2
confirm2024,w0.2,20240513,0.0030248238552415003,0.0031943010998683927,-9.361960529356642e-05,confirm2024A,confirm2024,A,0.2
confirm2024,w0.2,20240514,0.0015846441714063133,0.001646099548400785,-5.3831064347938904e-05,confirm2024A,confirm2024,A,0.2
confirm2024,w0.2,20240515,0.0007228150862769005,0.0009974509411034313,-0.0002261208950079312,confirm2024A,confirm2024,A,0.2
confirm2024,w0.2,20240516,0.00024467222392211656,0.00033963287375900263,-8.072459107155892e-05,confirm2024A,confirm2024,A,0.2
confirm2024,w0.2,20240517,-0.00042132008262518337,-0.00048221573516513204,5.609510565259191e-05,confirm2024A,confirm2024,A,0.2
confirm2024,w0.2,20240520,-0.00047154955816522404,-0.0007993770225627708,0.00035391294994224076,confirm2024A,confirm2024,A,0.2
confirm2024,w0.2,20240521,0.0019003628904426268,0.0023090559104553304,-0.0003615305621709902,confirm2024A,confirm2024,A,0.2
confirm2024,w0.2,20240522,0.00044355683214891,0.00011898646325506123,0.00033240975761578763,confirm2024A,confirm2024,A,0.2
confirm2024,w0.2,20240523,0.0022680132378469523,0.0016897671819506648,0.0005446589917308814,confirm2024A,confirm2024,A,0.2
confirm2024,w0.2,20240524,0.0021812011547144676,0.0019480633313745236,0.0002187020398073828,confirm2024A,confirm2024,A,0.2
confirm2024,w0.2,20240527,-0.0011313562991397737,-0.0014925842145427624,0.0003451576005816966,confirm2024A,confirm2024,A,0.2
confirm2024,w0.2,20240528,-0.00028535910186881655,-0.00028731831663295965,1.048591346263178e-05,confirm2024A,confirm2024,A,0.2
confirm2024,w0.2,20240529,0.003132616612633396,0.002684352126986417,0.00042838524322928083,confirm2024A,confirm2024,A,0.2
confirm2024,w0.2,20240530,0.002622249389207262,0.0030502444909674973,-0.0004153056347101803,confirm2024A,confirm2024,A,0.2
confirm2024,w0.2,20240531,-0.003464250218150243,-0.0040356925922817605,0.0005895123093337059,confirm2024A,confirm2024,A,0.2
confirm2024,w0.2,20240603,-0.004357182759161757,-0.005434697563142505,0.0010697441723434785,confirm2024A,confirm2024,A,0.2
confirm2024,w0.2,20240604,0.00178840159544413,0.0012034062954100334,0.0005649047699704226,confirm2024A,confirm2024,A,0.2
confirm2024,w0.2,20240605,-0.002679414588577886,-0.004346776225856457,0.0016606661869258761,confirm2024A,confirm2024,A,0.2
confirm2024,w0.2,20240606,0.008656764343803885,0.009194585020805572,-0.0005461311516203836,confirm2024A,confirm2024,A,0.2
confirm2024,w0.2,20240607,0.003179566391433183,0.003842646353240004,-0.0006596946243363421,confirm2024A,confirm2024,A,0.2
confirm2024,w0.2,20240611,0.0020784573860259305,0.002856282340100157,-0.0007783229668178018,confirm2024A,confirm2024,A,0.2
confirm2024,w0.2,20240612,0.0011015456795681966,0.001313928482041694,-0.00020566882651130145,confirm2024A,confirm2024,A,0.2
confirm2024,w0.2,20240613,-0.0008066946350842362,-0.0007600514594283864,-3.214820835729132e-05,confirm2024A,confirm2024,A,0.2
confirm2024,w0.2,20240614,0.0003217986194899141,0.0001744083303023735,0.0001405747662165921,confirm2024A,confirm2024,A,0.2
confirm2024,w0.2,20240617,0.0028540164999094828,0.003237408983055315,-0.0004030960122097601,confirm2024A,confirm2024,A,0.2
confirm2024,w0.2,20240618,0.0027676907850373786,0.0027976474530247335,-7.482610188270275e-05,confirm2024A,confirm2024,A,0.2
confirm2024,w0.2,20240619,-0.0007711112065599129,-0.0011259301509631335,0.0003623122086482521,confirm2024A,confirm2024,A,0.2
confirm2024,w0.2,20240620,0.0023174775765160346,0.0021693654252638887,0.00011269244641196451,confirm2024A,confirm2024,A,0.2
confirm2024,w0.2,20240621,-0.0008724567458229943,-0.0019349053628240785,0.00106244861700108,confirm2024A,confirm2024,A,0.2
confirm2024,w0.2,20240624,-0.0001492725109308985,-0.0001236134106371475,-2.5659100293751405e-05,confirm2024A,confirm2024,A,0.2
confirm2024,w0.2,20240625,0.0022289448738999455,0.0030914833934098276,-0.0008899745372549293,confirm2024A,confirm2024,A,0.2
confirm2024,w0.2,20240626,0.0026298579726982286,0.0024517921982570895,0.0002155299256819985,confirm2024A,confirm2024,A,0.2
confirm2024,w0.2,20240627,-0.00018360902817970894,-0.00014374029609930854,-6.261132011888058e-05,confirm2024A,confirm2024,A,0.2
confirm2024,w0.2,20240628,-0.0013293233256046772,-0.001612284709765282,0.0002332390370352938,confirm2024A,confirm2024,A,0.2
confirm2024,w0.2,20240701,0.005732238170100932,0.005919044873465626,-0.0002279450358117304,confirm2024A,confirm2024,A,0.2
confirm2024,w0.2,20240702,0.005719606675596296,0.005402147094275722,0.00030556474776804717,confirm2024A,confirm2024,A,0.2
confirm2024,w0.2,20240703,-0.0017567384382930137,-0.002364564613322794,0.0006715796491154664,confirm2024A,confirm2024,A,0.2
confirm2024,w0.2,20240704,0.002959764653857392,0.0032511167369536765,-0.00038447668712251066,confirm2024A,confirm2024,A,0.2
confirm2024,w0.2,20240705,0.00013410819623651052,-0.0004431702464081374,0.0005815146695961903,confirm2024A,confirm2024,A,0.2
confirm2024,w0.2,20240708,0.00030852761165560405,0.0005217516763691986,-0.00026128804865728906,confirm2024A,confirm2024,A,0.2
confirm2024,w0.2,20240709,0.0008068543656573769,0.0005417316176096661,0.00013194183246570523,confirm2024A,confirm2024,A,0.2
confirm2024,w0.2,20240710,0.0023384955464125536,0.0031224402514942184,-0.0008813064423349613,confirm2024A,confirm2024,A,0.2
confirm2024,w0.2,20240711,0.0025824150947582137,0.0023385417033795876,0.00010922686090334311,confirm2024A,confirm2024,A,0.2
confirm2024,w0.2,20240712,-0.0012991390261286855,-0.0021113210827817326,0.000734279923620799,confirm2024A,confirm2024,A,0.2
confirm2024,w0.2,20240715,0.0017875982454736662,0.001908054949712869,-0.0001769427997883219,confirm2024A,confirm2024,A,0.2
confirm2024,w0.2,20240716,0.001378309332735141,0.0006280106983837488,0.0006879513612793997,confirm2024A,confirm2024,A,0.2
confirm2024,w0.2,20240717,0.0025180219432308663,0.0021375353221096127,0.00032444161477811624,confirm2024A,confirm2024,A,0.2
confirm2024,w0.2,20240718,0.00029139289271101244,0.00043935291379216656,-0.0002809765554659847,confirm2024A,confirm2024,A,0.2
confirm2024,w0.2,20240719,0.0018147837879055441,0.002244041386195697,-0.00048519118065523616,confirm2024A,confirm2024,A,0.2
confirm2024,w0.2,20240722,0.002435116959816276,0.002208557281562578,0.00019090847549074202,confirm2024A,confirm2024,A,0.2
confirm2024,w0.2,20240723,0.00029292777273054113,-0.0002484737562991479,0.0004899166576864014,confirm2024A,confirm2024,A,0.2
confirm2024,w0.2,20240724,0.00022416810705803546,0.00014989363611709954,2.1271619136488033e-05,confirm2024A,confirm2024,A,0.2
confirm2024,w0.2,20240725,0.0010855973153364208,0.0014559913078686505,-0.00043475180193176523,confirm2024A,confirm2024,A,0.2
confirm2024,w0.2,20240726,-0.0003327470086733097,7.841070078432905e-05,-0.0004399464468463387,confirm2024A,confirm2024,A,0.2
confirm2024,w0.2,20240729,-0.0005623184139544723,-0.00029813829921676214,-0.00024361894302310147,confirm2024A,confirm2024,A,0.2
confirm2024,w0.2,20240730,0.00015393984668851668,0.0002850252153869345,-0.00018440363879832216,confirm2024A,confirm2024,A,0.2
confirm2024,w0.2,20240731,0.0004704539023652364,0.0008321295545943276,-0.00042856606001830046,confirm2024A,confirm2024,A,0.2
confirm2024,w0.2,20240801,0.002308890580978192,0.0014988906095561145,0.0008645039786372154,confirm2024A,confirm2024,A,0.2
confirm2024,w0.2,20240802,0.0014754811322571885,1.0516390033558313e-06,0.0014518522861711961,confirm2024A,confirm2024,A,0.2
confirm2024,w0.2,20240805,0.000852206565566338,0.0017581960605083527,-0.0009162946938272638,confirm2024A,confirm2024,A,0.2
confirm2024,w0.2,20240806,-0.0006337764059325598,-0.00040237386551885513,-0.00025486901023573426,confirm2024A,confirm2024,A,0.2
confirm2024,w0.2,20240807,0.0010602093315931521,-2.6945400904743438e-05,0.000996146849256371,confirm2024A,confirm2024,A,0.2
confirm2024,w0.3,20240423,0.0020304492605689693,0.0014254469024046147,0.0006324406957924178,confirm2024A,confirm2024,A,0.3
confirm2024,w0.3,20240424,0.0027517827328763815,0.002521149037982167,0.0002305214116336302,confirm2024A,confirm2024,A,0.3
confirm2024,w0.3,20240425,-0.0018820925167421423,-0.0018052250104477593,-0.00011449275838911182,confirm2024A,confirm2024,A,0.3
confirm2024,w0.3,20240426,0.005846289836989635,0.005865720724630048,-4.440374751870408e-05,confirm2024A,confirm2024,A,0.3
confirm2024,w0.3,20240429,-0.00052234768960196,-0.00045614960193084695,-9.273092139415355e-05,confirm2024A,confirm2024,A,0.3
confirm2024,w0.3,20240430,0.0018008963794676758,0.0018327783970709108,7.2980592108142575e-06,confirm2024A,confirm2024,A,0.3
confirm2024,w0.3,20240506,-0.0013611427288114054,-0.0013281192049369402,-3.870065659194793e-05,confirm2024A,confirm2024,A,0.3
confirm2024,w0.3,20240507,0.0006058073553820188,0.000536665518980216,0.0001073131194862835,confirm2024A,confirm2024,A,0.3
confirm2024,w0.3,20240508,0.0029530872872415726,0.0030948658479440986,-0.00015944008464266983,confirm2024A,confirm2024,A,0.3
confirm2024,w0.3,20240509,-0.001706711751100376,-0.0018792644246859841,0.0001337019406921295,confirm2024A,confirm2024,A,0.3
confirm2024,w0.3,20240510,-0.0011243415877359685,-0.0013046438411063468,0.0001602947828867528,confirm2024A,confirm2024,A,0.3
confirm2024,w0.3,20240513,0.0031831795353246487,0.0032894300182120632,-3.039284355408521e-05,confirm2024A,confirm2024,A,0.3
confirm2024,w0.3,20240514,0.0009452545958877406,0.001028134074883343,-7.525516634906897e-05,confirm2024A,confirm2024,A,0.3
confirm2024,w0.3,20240515,0.0001694313303829218,0.00048180934405909267,-0.00026386305385757045,confirm2024A,confirm2024,A,0.3
confirm2024,w0.3,20240516,-0.000535019698877641,-0.00041200203475002725,-0.00010878160536228805,confirm2024A,confirm2024,A,0.3
confirm2024,w0.3,20240517,-0.0004598219617582286,-0.0005338960975989214,6.927358895333547e-05,confirm2024A,confirm2024,A,0.3
confirm2024,w0.3,20240520,-0.00026163898117014146,-0.0005025184709510196,0.000266964975325573,confirm2024A,confirm2024,A,0.3
confirm2024,w0.3,20240521,0.002227800112649573,0.002611466576702504,-0.00033650400621121725,confirm2024A,confirm2024,A,0.3
confirm2024,w0.3,20240522,-0.00047232020426453067,-0.0007025416706061968,0.00023806085506359998,confirm2024A,confirm2024,A,0.3
confirm2024,w0.3,20240523,0.00247681090763533,0.001953638442787382,0.0004895854006825414,confirm2024A,confirm2024,A,0.3
confirm2024,w0.3,20240524,0.0013948840655416987,0.0011765672672901665,0.00020388101471897189,confirm2024A,confirm2024,A,0.3
confirm2024,w0.3,20240527,-0.001245488109889845,-0.0016048567407263086,0.00034329831601517206,confirm2024A,confirm2024,A,0.3
confirm2024,w0.3,20240528,-0.00031993928032783255,-0.0003578142268232571,4.640164519391321e-05,confirm2024A,confirm2024,A,0.3
confirm2024,w0.3,20240529,0.003305832163843809,0.0028855192752541585,0.00040043364617195276,confirm2024A,confirm2024,A,0.3
confirm2024,w0.3,20240530,0.0018682168627295551,0.0021868514844237807,-0.0003059451546441702,confirm2024A,confirm2024,A,0.3
confirm2024,w0.3,20240531,-0.0033804593930693502,-0.0038429936937376718,0.00048060423587050833,confirm2024A,confirm2024,A,0.3
confirm2024,w0.3,20240603,-0.004168322369940181,-0.004993243323844047,0.000817150322266597,confirm2024A,confirm2024,A,0.3
confirm2024,w0.3,20240604,0.0025086350980801572,0.0020571266383126703,0.0004314179297038179,confirm2024A,confirm2024,A,0.3
confirm2024,w0.3,20240605,-0.003115107443738878,-0.00442642054901112,0.0013046176549195445,confirm2024A,confirm2024,A,0.3
confirm2024,w0.3,20240606,0.007524945025716479,0.007916849924520528,-0.0004002153734227446,confirm2024A,confirm2024,A,0.3
confirm2024,w0.3,20240607,0.00235506814209204,0.0028608507632999474,-0.0005023972837374283,confirm2024A,confirm2024,A,0.3
confirm2024,w0.3,20240611,0.0010152301546912778,0.001678603257194779,-0.0006638711152470782,confirm2024A,confirm2024,A,0.3
confirm2024,w0.3,20240612,0.001402222732825217,0.0015842490773984616,-0.00017531236861104867,confirm2024A,confirm2024,A,0.3
confirm2024,w0.3,20240613,-0.0008739085896692065,-0.0008437192362347652,-1.5694386135882467e-05,confirm2024A,confirm2024,A,0.3
confirm2024,w0.3,20240614,-0.001159742206852765,-0.0012115190699350127,4.4961340111299095e-05,confirm2024A,confirm2024,A,0.3
confirm2024,w0.3,20240617,0.0025124401652266877,0.002893058564193411,-0.00040032192803065106,confirm2024A,confirm2024,A,0.3
confirm2024,w0.3,20240618,0.002145456740160988,0.0022058587693296505,-0.00010527146306401078,confirm2024A,confirm2024,A,0.3
confirm2024,w0.3,20240619,-0.0007507382863040403,-0.0010440997006416653,0.0003008546785826581,confirm2024A,confirm2024,A,0.3
confirm2024,w0.3,20240620,0.0017227864969208322,0.0016018267759439317,8.554001613671863e-05,confirm2024A,confirm2024,A,0.3
confirm2024,w0.3,20240621,-0.0010598777593258876,-0.0018371682795839798,0.0007772905202580909,confirm2024A,confirm2024,A,0.3
confirm2024,w0.3,20240624,-0.00030671703835965743,-0.00031593633856217033,9.219300202512733e-06,confirm2024A,confirm2024,A,0.3
confirm2024,w0.3,20240625,0.003364707823246115,0.003949177218956299,-0.0006119054134552311,confirm2024A,confirm2024,A,0.3
confirm2024,w0.3,20240626,0.0025904647156896592,0.0024814289929417943,0.00014649987398872278,confirm2024A,confirm2024,A,0.3
confirm2024,w0.3,20240627,-0.00021220673544347212,-0.00013526759623606356,-9.968172724588928e-05,confirm2024A,confirm2024,A,0.3
confirm2024,w0.3,20240628,-0.0008878838920868878,-0.0011126151121130057,0.00017500887290080686,confirm2024A,confirm2024,A,0.3
confirm2024,w0.3,20240701,0.0054772298869840055,0.005631572087172067,-0.00019548053263509924,confirm2024A,confirm2024,A,0.3
confirm2024,w0.3,20240702,0.005637900335601745,0.0053316817116123814,0.0002943237904368356,confirm2024A,confirm2024,A,0.3
confirm2024,w0.3,20240703,-0.0015928280993805811,-0.002095586228361615,0.0005665116030667215,confirm2024A,confirm2024,A,0.3
confirm2024,w0.3,20240704,0.0030899667441893833,0.0032944856020375238,-0.0002976434618743648,confirm2024A,confirm2024,A,0.3
confirm2024,w0.3,20240705,0.00021549587376385598,-0.00021288961526845084,0.00043262171598385185,confirm2024A,confirm2024,A,0.3
confirm2024,w0.3,20240708,-0.0002882689164757056,-0.00010718469254904618,-0.00022914820787035044,confirm2024A,confirm2024,A,0.3
confirm2024,w0.3,20240709,0.0016491116874819862,0.0014224999265020197,9.343084539796142e-05,confirm2024A,confirm2024,A,0.3
confirm2024,w0.3,20240710,0.0022379865557238636,0.00283902094058976,-0.0006983961221191957,confirm2024A,confirm2024,A,0.3
confirm2024,w0.3,20240711,0.0022822206465246244,0.002022261097734377,0.00012531301831496464,confirm2024A,confirm2024,A,0.3
confirm2024,w0.3,20240712,-0.0014721500487461982,-0.0021512170759632717,0.0006011648941848259,confirm2024A,confirm2024,A,0.3
confirm2024,w0.3,20240715,0.0019079083703976221,0.0019877336752260133,-0.0001363114003775124,confirm2024A,confirm2024,A,0.3
confirm2024,w0.3,20240716,0.0016846817510632224,0.0010097367794377901,0.0006125976985534415,confirm2024A,confirm2024,A,0.3
confirm2024,w0.3,20240717,0.0028121137215183153,0.002491220901566631,0.00026484781360854666,confirm2024A,confirm2024,A,0.3
confirm2024,w0.3,20240718,0.0003184882839701326,0.00043553563508183805,-0.00025006388549653734,confirm2024A,confirm2024,A,0.3
confirm2024,w0.3,20240719,0.0021333502931899723,0.0025321441043578553,-0.0004547273935329658,confirm2024A,confirm2024,A,0.3
confirm2024,w0.3,20240722,0.0014350308182008512,0.0012296106319836162,0.00016976898345427843,confirm2024A,confirm2024,A,0.3
confirm2024,w0.3,20240723,8.084307385724729e-06,-0.00044564841917830696,0.000402247855220746,confirm2024A,confirm2024,A,0.3
confirm2024,w0.3,20240724,0.00025047092218124893,0.00016321330555725143,3.425476481954838e-05,confirm2024A,confirm2024,A,0.3
confirm2024,w0.3,20240725,0.0003859156560785844,0.0007107271188813609,-0.00038916927220230695,confirm2024A,confirm2024,A,0.3
confirm2024,w0.3,20240726,-0.00016927346640675995,0.00020020018011058176,-0.0003982623839060413,confirm2024A,confirm2024,A,0.3
confirm2024,w0.3,20240729,-0.000604637975601144,-0.0003258212999937154,-0.00025825550389282144,confirm2024A,confirm2024,A,0.3
confirm2024,w0.3,20240730,0.0001410219393496448,0.0001860039829705155,-9.830031372077423e-05,confirm2024A,confirm2024,A,0.3
confirm2024,w0.3,20240731,0.0007525052291993289,0.001083279287501026,-0.0003976644660909059,confirm2024A,confirm2024,A,0.3
confirm2024,w0.3,20240801,0.0015661344095262864,0.0007801633144238958,0.0008404751023175292,confirm2024A,confirm2024,A,0.3
confirm2024,w0.3,20240802,0.0017713359062221726,0.0003219482250890703,0.0014268104740504694,confirm2024A,confirm2024,A,0.3
confirm2024,w0.3,20240805,0.0006481070407673914,0.001466769195147624,-0.000828967353265481,confirm2024A,confirm2024,A,0.3
confirm2024,w0.3,20240806,-0.0004319282026056457,-0.00020955166366106175,-0.0002458430087666135,confirm2024A,confirm2024,A,0.3
confirm2024,w0.3,20240807,0.0006448409655224112,-0.00036180007131174775,0.0009156331535926342,confirm2024A,confirm2024,A,0.3
confirm2024,w0.4,20240423,0.003442283869655321,0.002019645055513652,0.0014500771517697308,confirm2024A,confirm2024,A,0.4
confirm2024,w0.4,20240424,0.0028475265664827786,0.002600008947899493,0.00024740533532270235,confirm2024A,confirm2024,A,0.4
confirm2024,w0.4,20240425,-0.0012302012204124038,-0.001424586762098396,0.000156760289591262,confirm2024A,confirm2024,A,0.4
confirm2024,w0.4,20240426,0.006451018991427568,0.005653411226816641,0.0007726349047326377,confirm2024A,confirm2024,A,0.4
confirm2024,w0.4,20240429,-0.001395013459657389,-0.000970756451477078,-0.0004507898419033524,confirm2024A,confirm2024,A,0.4
confirm2024,w0.4,20240430,0.002023655618895479,0.001828191794665491,0.00023464390104403516,confirm2024A,confirm2024,A,0.4
confirm2024,w0.4,20240506,-0.00034226835129153987,-0.0006682164764646056,0.00032027099245558375,confirm2024A,confirm2024,A,0.4
confirm2024,w0.4,20240507,-0.0006875683245181168,-0.00044420436261610274,-0.0002051926788175293,confirm2024A,confirm2024,A,0.4
confirm2024,w0.4,20240508,0.004067283541626799,0.004197189075554845,-0.0001475670578681918,confirm2024A,confirm2024,A,0.4
confirm2024,w0.4,20240509,-0.0018880237523036941,-0.0013349891695325898,-0.000591885315664584,confirm2024A,confirm2024,A,0.4
confirm2024,w0.4,20240510,-0.001747679748724973,-0.0009715284546646002,-0.0007961587645440002,confirm2024A,confirm2024,A,0.4
confirm2024,w0.4,20240513,0.0028811030520115386,0.002623204669987142,0.0003337560213577213,confirm2024A,confirm2024,A,0.4
confirm2024,w0.4,20240514,0.000971931012400464,0.000998679498630548,-1.9124173583550693e-05,confirm2024A,confirm2024,A,0.4
confirm2024,w0.4,20240515,0.0006036959517231729,0.0005958739271699981,5.633698437177516e-05,confirm2024A,confirm2024,A,0.4
confirm2024,w0.4,20240516,4.665272376768066e-05,7.460929333378684e-05,-1.3720510800781688e-05,confirm2024A,confirm2024,A,0.4
confirm2024,w0.4,20240517,-3.9810463151887434e-05,-0.0001337984103180717,8.918740027882691e-05,confirm2024A,confirm2024,A,0.4
confirm2024,w0.4,20240520,-0.00030625612903387514,-0.00023379968971320528,-4.637095377597563e-05,confirm2024A,confirm2024,A,0.4
confirm2024,w0.4,20240521,0.003245266472622998,0.0033449488869189098,-5.251995645419817e-05,confirm2024A,confirm2024,A,0.4
confirm2024,w0.4,20240522,0.0005081490188579216,0.0005121076634735829,3.880744106272835e-06,confirm2024A,confirm2024,A,0.4
confirm2024,w0.4,20240523,0.0014402934052714037,0.0013135360318047478,9.317030930124998e-05,confirm2024A,confirm2024,A,0.4
confirm2024,w0.4,20240524,0.0005484775654741305,0.0004943654166664037,3.967636527516742e-05,confirm2024A,confirm2024,A,0.4
confirm2024,w0.4,20240527,-0.00030583976336551535,-0.0005065615540420166,0.00018465147585520892,confirm2024A,confirm2024,A,0.4
confirm2024,w0.4,20240528,0.0006529758968502595,0.0004711547458598775,0.00019034784968887137,confirm2024A,confirm2024,A,0.4
confirm2024,w0.4,20240529,0.003545186851279804,0.003285576479159921,0.0002397311297021863,confirm2024A,confirm2024,A,0.4
confirm2024,w0.4,20240530,0.0018979374776220588,0.0019224002252549099,-1.1773280582794963e-05,confirm2024A,confirm2024,A,0.4
confirm2024,w0.4,20240531,-0.002568644636752094,-0.0026767941623341987,0.00012621946078428955,confirm2024A,confirm2024,A,0.4
confirm2024,w0.4,20240603,-0.00424808447779788,-0.004259333901784926,3.4787923497790058e-06,confirm2024A,confirm2024,A,0.4
confirm2024,w0.4,20240604,0.002546077542664723,0.0024267066218249386,9.928039077611603e-05,confirm2024A,confirm2024,A,0.4
confirm2024,w0.4,20240605,-0.0035156576407772283,-0.0036923288632632247,0.00016997577213330087,confirm2024A,confirm2024,A,0.4
confirm2024,w0.4,20240606,0.006599162070622482,0.0066095864510246315,-1.8734855020844288e-05,confirm2024A,confirm2024,A,0.4
confirm2024,w0.4,20240607,0.004035696620960014,0.0039687869565313855,7.029500189910836e-05,confirm2024A,confirm2024,A,0.4
confirm2024,w0.4,20240611,0.0012812200616264952,0.0012919937561162913,-1.1271707233374682e-05,confirm2024A,confirm2024,A,0.4
confirm2024,w0.4,20240612,0.0017136742321195633,0.001754466039444836,-3.407783136307744e-05,confirm2024A,confirm2024,A,0.4
confirm2024,w0.4,20240613,-0.0012973854286617969,-0.001158840304530753,-0.0001240501568324851,confirm2024A,confirm2024,A,0.4
confirm2024,w0.4,20240614,-0.0003294272935131116,-0.0004496869351180041,0.00011344411863394409,confirm2024A,confirm2024,A,0.4
confirm2024,w0.4,20240617,0.0024800846479746674,0.0023921912274005815,6.818989151015812e-05,confirm2024A,confirm2024,A,0.4
confirm2024,w0.4,20240618,0.001881676846230901,0.001876782385414691,-3.997497307913835e-05,confirm2024A,confirm2024,A,0.4
confirm2024,w0.4,20240619,-0.0019051578262650679,-0.001722643838544991,-0.0001750207234750395,confirm2024A,confirm2024,A,0.4
confirm2024,w0.4,20240620,0.0008399444390213523,0.0008914812296654214,-8.695649548425127e-05,confirm2024A,confirm2024,A,0.4
confirm2024,w0.4,20240621,-0.002179346789008489,-0.0022370490836682104,5.7702294659718714e-05,confirm2024A,confirm2024,A,0.4
confirm2024,w0.4,20240624,-0.0009448624994840556,-0.0009473783633771099,2.5158638930542373e-06,confirm2024A,confirm2024,A,0.4
confirm2024,w0.4,20240625,0.00514431778434828,0.005041193620864149,7.568814573907915e-05,confirm2024A,confirm2024,A,0.4
confirm2024,w0.4,20240626,0.002625629852499879,0.0027859488339645353,-0.0001228548302237966,confirm2024A,confirm2024,A,0.4
confirm2024,w0.4,20240627,0.00038138651414509114,0.0003939253050042335,-3.5281378897624704e-05,confirm2024A,confirm2024,A,0.4
confirm2024,w0.4,20240628,-0.0027003911272329845,-0.0027769763680121004,2.686289365380528e-05,confirm2024A,confirm2024,A,0.4
confirm2024,w0.4,20240701,0.004801131868018898,0.004921357962826332,-0.00016136442725447133,confirm2024A,confirm2024,A,0.4
confirm2024,w0.4,20240702,0.00431857166185,0.004293067998661967,1.3608829635506449e-05,confirm2024A,confirm2024,A,0.4
confirm2024,w0.4,20240703,-0.0014844379954071438,-0.0014716405081618374,5.095598684038537e-05,confirm2024A,confirm2024,A,0.4
confirm2024,w0.4,20240704,0.0033993491258887884,0.0032887076119958005,1.7516909866762604e-05,confirm2024A,confirm2024,A,0.4
confirm2024,w0.4,20240705,-0.0010615490100447135,-0.0010370634412196042,-2.024934187356944e-05,confirm2024A,confirm2024,A,0.4
confirm2024,w0.4,20240708,-5.266642863867993e-05,-0.0001370852003679218,3.635478778555505e-05,confirm2024A,confirm2024,A,0.4
confirm2024,w0.4,20240709,0.0018582492288177809,0.0016856550951847963,3.941321805097993e-05,confirm2024A,confirm2024,A,0.4
confirm2024,w0.4,20240710,0.003480694260348121,0.0034850176478246828,-0.00010168512472985755,confirm2024A,confirm2024,A,0.4
confirm2024,w0.4,20240711,0.0018957933302476888,0.0018049117490213436,-4.3764949248938205e-05,confirm2024A,confirm2024,A,0.4
confirm2024,w0.4,20240712,-0.0020212001329592937,-0.0021611146267120776,6.201236072053301e-05,confirm2024A,confirm2024,A,0.4
confirm2024,w0.4,20240715,0.0026205487554772167,0.0025622808288078285,1.7818311202675039e-06,confirm2024A,confirm2024,A,0.4
confirm2024,w0.4,20240716,0.001736670956125506,0.001755414674872578,-8.109099181906085e-05,confirm2024A,confirm2024,A,0.4
confirm2024,w0.4,20240717,0.0012717886800929755,0.0011685882423166786,4.715543143315947e-05,confirm2024A,confirm2024,A,0.4
confirm2024,w0.4,20240718,0.0015733635530009527,0.0014233659081796524,1.6981110436470596e-05,confirm2024A,confirm2024,A,0.4
confirm2024,w0.4,20240719,0.0021207154940217996,0.0020676934828801645,-2.911571223447244e-06,confirm2024A,confirm2024,A,0.4
confirm2024,w0.4,20240722,0.0004520886142690521,0.000393321482480478,2.3115929025613842e-05,confirm2024A,confirm2024,A,0.4
confirm2024,w0.4,20240723,6.786394333043594e-06,-7.877509705200844e-05,3.4076620041765954e-05,confirm2024A,confirm2024,A,0.4
confirm2024,w0.4,20240724,0.00038801822886938217,0.00034229352541411307,-7.2781483491787635e-06,confirm2024A,confirm2024,A,0.4
confirm2024,w0.4,20240725,0.0008103274226711997,0.0008283242473545993,-8.235463408292796e-05,confirm2024A,confirm2024,A,0.4
confirm2024,w0.4,20240726,-0.0005183037090738226,-0.00046808497970900057,-7.900746675352195e-05,confirm2024A,confirm2024,A,0.4
confirm2024,w0.4,20240729,0.00014223551049495284,0.0002547293665110355,-9.193268430147451e-05,confirm2024A,confirm2024,A,0.4
confirm2024,w0.4,20240730,0.0005557600684713074,0.00037723277361345083,0.00012520902475794988,confirm2024A,confirm2024,A,0.4
confirm2024,w0.4,20240731,0.0013850846623238472,0.0014630480114847769,-0.00014485375695013922,confirm2024A,confirm2024,A,0.4
confirm2024,w0.4,20240801,0.0009371212967643101,0.0006028148321303239,0.0003888104718491253,confirm2024A,confirm2024,A,0.4
confirm2024,w0.4,20240802,0.0012372824171015227,0.000541125717095746,0.000673579492923143,confirm2024A,confirm2024,A,0.4
confirm2024,w0.4,20240805,0.001932558002052557,0.0022023598528145426,-0.0002801070496472346,confirm2024A,confirm2024,A,0.4
confirm2024,w0.4,20240806,0.0002661086713341475,0.00038343601877524505,-0.00014079381726312735,confirm2024A,confirm2024,A,0.4
confirm2024,w0.4,20240807,-0.0002949295109658681,-0.0007944932271537434,0.00040855583294635057,confirm2024A,confirm2024,A,0.4
confirm2024,w0.5,20240423,0.004638474248181215,0.00238746380973409,0.0022784487760751848,confirm2024A,confirm2024,A,0.5
confirm2024,w0.5,20240424,0.002846729524498044,0.0025116582403290812,0.0003349590009083784,confirm2024A,confirm2024,A,0.5
confirm2024,w0.5,20240425,-0.0005409485261383355,-0.0010910094425248386,0.0005124356642917719,confirm2024A,confirm2024,A,0.5
confirm2024,w0.5,20240426,0.0075504382531386555,0.005927929617606624,0.0015975357756537406,confirm2024A,confirm2024,A,0.5
confirm2024,w0.5,20240429,-0.002195240028725282,-0.0016364166459873091,-0.0005853562164610126,confirm2024A,confirm2024,A,0.5
confirm2024,w0.5,20240430,0.0014225283760155721,0.0009832468719523256,0.00047846158087729094,confirm2024A,confirm2024,A,0.5
confirm2024,w0.5,20240506,0.0005744360244645252,-8.451739667611675e-05,0.0006532762884231593,confirm2024A,confirm2024,A,0.5
confirm2024,w0.5,20240507,-0.00010699692761136081,0.0005155138323021822,-0.0005843394768290623,confirm2024A,confirm2024,A,0.5
confirm2024,w0.5,20240508,0.003759916932122182,0.0038469204818101944,-0.00010466507362815623,confirm2024A,confirm2024,A,0.5
confirm2024,w0.5,20240509,-0.0022119430569216645,-0.0009460189621085854,-0.0013047748277065627,confirm2024A,confirm2024,A,0.5
confirm2024,w0.5,20240510,-0.0021906052718009064,-0.00031609664441869395,-0.0018945160978658376,confirm2024A,confirm2024,A,0.5
confirm2024,w0.5,20240513,0.0022812118095118326,0.001687639578514266,0.0006694298703308908,confirm2024A,confirm2024,A,0.5
confirm2024,w0.5,20240514,8.823924621555786e-05,8.926144368232697e-05,6.6021151797650605e-06,confirm2024A,confirm2024,A,0.5
confirm2024,w0.5,20240515,0.0018446608232071948,0.0014272013044966407,0.0004659744785291534,confirm2024A,confirm2024,A,0.5
confirm2024,w0.5,20240516,4.717357762183336e-05,2.65339285491522e-05,3.487570783800527e-05,confirm2024A,confirm2024,A,0.5
confirm2024,w0.5,20240517,0.0003840761453352084,0.00032316086812241593,5.6114730325435054e-05,confirm2024A,confirm2024,A,0.5
confirm2024,w0.5,20240520,-0.000608407464914848,-0.00024624348804357126,-0.00033607849132658165,confirm2024A,confirm2024,A,0.5
confirm2024,w0.5,20240521,0.003746838527140542,0.0036120532146222462,0.0001819477703600126,confirm2024A,confirm2024,A,0.5
confirm2024,w0.5,20240522,0.0012521079939817707,0.0015217593752107435,-0.00026181199250703655,confirm2024A,confirm2024,A,0.5
confirm2024,w0.5,20240523,0.001089089015803779,0.0013462641323443167,-0.0002907621807059437,confirm2024A,confirm2024,A,0.5
confirm2024,w0.5,20240524,0.0017231989079380386,0.0017277857327133107,-1.9022608307832622e-05,confirm2024A,confirm2024,A,0.5
confirm2024,w0.5,20240527,0.0005161778146407087,0.00038705759381860725,0.00011304990600080947,confirm2024A,confirm2024,A,0.5
confirm2024,w0.5,20240528,0.0007992318868282689,0.0003922358584230248,0.00041552272710373273,confirm2024A,confirm2024,A,0.5
confirm2024,w0.5,20240529,0.0028352100456456256,0.0025905996719600903,0.0002247311312678385,confirm2024A,confirm2024,A,0.5
confirm2024,w0.5,20240530,0.002057214730937878,0.001696517322721506,0.00037338687526642674,confirm2024A,confirm2024,A,0.5
confirm2024,w0.5,20240531,-0.0016972279408169234,-0.001367605901823428,-0.0003115521037913134,confirm2024A,confirm2024,A,0.5
confirm2024,w0.5,20240603,-0.004155900285953522,-0.0031739745156222797,-0.0009896964019685114,confirm2024A,confirm2024,A,0.5
confirm2024,w0.5,20240604,0.0026419380654755242,0.0029518185737483806,-0.0003299710383365275,confirm2024A,confirm2024,A,0.5
confirm2024,w0.5,20240605,-0.0039807444269293266,-0.0029407074044506525,-0.0010467324728313716,confirm2024A,confirm2024,A,0.5
confirm2024,w0.5,20240606,0.005746978955449903,0.005082649153153311,0.000656019327677897,confirm2024A,confirm2024,A,0.5
confirm2024,w0.5,20240607,0.005148454191817984,0.004596196069148027,0.0005556434601404341,confirm2024A,confirm2024,A,0.5
confirm2024,w0.5,20240611,0.0013616928375781243,0.0007666010986182026,0.0005945937262163434,confirm2024A,confirm2024,A,0.5
confirm2024,w0.5,20240612,0.0025699052171348777,0.00247337514735544,0.00010324404574163222,confirm2024A,confirm2024,A,0.5
confirm2024,w0.5,20240613,-0.0014117108992869048,-0.0012917102865819,-0.00010550564540644549,confirm2024A,confirm2024,A,0.5
confirm2024,w0.5,20240614,0.0004979560345993997,0.0005156714870598474,-2.4530975431395707e-05,confirm2024A,confirm2024,A,0.5
confirm2024,w0.5,20240617,0.003122134600329507,0.002552600331137428,0.0005498307401281499,confirm2024A,confirm2024,A,0.5
confirm2024,w0.5,20240618,0.0011286606209553384,0.0010294938416882194,5.429734537177114e-05,confirm2024A,confirm2024,A,0.5
confirm2024,w0.5,20240619,-0.001992645874823791,-0.0014119621811796042,-0.0005731904293991512,confirm2024A,confirm2024,A,0.5
confirm2024,w0.5,20240620,0.0008374272052270496,0.0010501982896639194,-0.00024819078927705167,confirm2024A,confirm2024,A,0.5
confirm2024,w0.5,20240621,-0.0027069139581554352,-0.0018270038791707841,-0.0008799100789846508,confirm2024A,confirm2024,A,0.5
confirm2024,w0.5,20240624,-0.0012759572699756279,-0.0012560664752274261,-1.9890794748201956e-05,confirm2024A,confirm2024,A,0.5
confirm2024,w0.5,20240625,0.006113192030061335,0.005160376889656373,0.0009253791226599145,confirm2024A,confirm2024,A,0.5
confirm2024,w0.5,20240626,0.0020485023857297266,0.0024073536620983107,-0.0003213871251277251,confirm2024A,confirm2024,A,0.5
confirm2024,w0.5,20240627,0.0009330989402948518,0.0008250608767437023,8.529547551266787e-05,confirm2024A,confirm2024,A,0.5
confirm2024,w0.5,20240628,-0.0028321053057273927,-0.002775473070566037,-0.00010635458228666678,confirm2024A,confirm2024,A,0.5
confirm2024,w0.5,20240701,0.005431154741239423,0.00530029940416663,8.971700462575508e-05,confirm2024A,confirm2024,A,0.5
confirm2024,w0.5,20240702,0.003536326024278333,0.0037387282666982886,-0.00021429707597248274,confirm2024A,confirm2024,A,0.5
confirm2024,w0.5,20240703,-0.0023317865558937396,-0.0017558216896990334,-0.0005122113921090208,confirm2024A,confirm2024,A,0.5
confirm2024,w0.5,20240704,0.0031576506633088294,0.0027336534537988613,0.00033087260548373977,confirm2024A,confirm2024,A,0.5
confirm2024,w0.5,20240705,-0.0008502455814501132,-0.0004393527642313541,-0.0004066565902672217,confirm2024A,confirm2024,A,0.5
confirm2024,w0.5,20240708,0.001561058644352093,0.0012608273023138102,0.00025216735809459534,confirm2024A,confirm2024,A,0.5
confirm2024,w0.5,20240709,0.0028113902806714344,0.002727780481302399,-4.957111621297041e-05,confirm2024A,confirm2024,A,0.5
confirm2024,w0.5,20240710,0.004128618068361321,0.0035518868763742013,0.00047936945473382503,confirm2024A,confirm2024,A,0.5
confirm2024,w0.5,20240711,0.0014163997320484458,0.001459047502751982,-0.00017729430117881928,confirm2024A,confirm2024,A,0.5
confirm2024,w0.5,20240712,-0.0032076732876726924,-0.0028059681582704808,-0.0004796072624344607,confirm2024A,confirm2024,A,0.5
confirm2024,w0.5,20240715,0.0032474869629637378,0.0030073696655494417,0.00018363120186517566,confirm2024A,confirm2024,A,0.5
confirm2024,w0.5,20240716,0.001258161873893224,0.0018713872208467458,-0.0006755726200255136,confirm2024A,confirm2024,A,0.5
confirm2024,w0.5,20240717,0.0008733506581183174,0.0010455527619570256,-0.00022824711018184571,confirm2024A,confirm2024,A,0.5
confirm2024,w0.5,20240718,0.001473121449257461,0.001108397533752342,0.00023170738112028745,confirm2024A,confirm2024,A,0.5
confirm2024,w0.5,20240719,0.003061861665174202,0.002637713537198578,0.00036821454561053945,confirm2024A,confirm2024,A,0.5
confirm2024,w0.5,20240722,0.0012669467969803339,0.0013396831203385498,-0.00010838752612117744,confirm2024A,confirm2024,A,0.5
confirm2024,w0.5,20240723,-0.00020506164814346715,8.662765879249391e-05,-0.00034317417827924506,confirm2024A,confirm2024,A,0.5
confirm2024,w0.5,20240724,0.000539114515856056,0.0005097362611071747,-2.362459705556745e-05,confirm2024A,confirm2024,A,0.5
confirm2024,w0.5,20240725,0.0009347211608008305,0.0006984279327270756,0.00017193541867422443,confirm2024A,confirm2024,A,0.5
confirm2024,w0.5,20240726,0.000305133456891669,9.170453411688753e-05,0.00018464018538608194,confirm2024A,confirm2024,A,0.5
confirm2024,w0.5,20240729,0.00019836013156123398,0.0001387768166763076,8.014448659953456e-05,confirm2024A,confirm2024,A,0.5
confirm2024,w0.5,20240730,0.0010867160408330537,0.0006681190668828441,0.00036527870385030326,confirm2024A,confirm2024,A,0.5
confirm2024,w0.5,20240731,0.001728326369335331,0.0016160775696755498,4.535839187057172e-05,confirm2024A,confirm2024,A,0.5
confirm2024,w0.5,20240801,-9.644258230625397e-05,-4.558873617805455e-05,3.650161086938704e-06,confirm2024A,confirm2024,A,0.5
confirm2024,w0.5,20240802,-1.452281824503715e-05,-8.220582657752855e-05,4.510580124986167e-05,confirm2024A,confirm2024,A,0.5
confirm2024,w0.5,20240805,0.0025463441628114057,0.0023716400162548607,0.00016439894767129255,confirm2024A,confirm2024,A,0.5
confirm2024,w0.5,20240806,0.0007870983822704858,0.0008108975596639429,-4.726564721548687e-05,confirm2024A,confirm2024,A,0.5
confirm2024,w0.5,20240807,-0.00029806085090643445,-0.00039863089253696737,9.56215838900833e-06,confirm2024A,confirm2024,A,0.5
confirm2024,w0.6,20240423,0.005821226524266771,0.003391347995831661,0.00245731686606317,confirm2024A,confirm2024,A,0.6
confirm2024,w0.6,20240424,0.002838839580504066,0.002469128500262586,0.0003695987969808959,confirm2024A,confirm2024,A,0.6
confirm2024,w0.6,20240425,0.0007980436295735322,0.00013402758461644176,0.0006263907928623596,confirm2024A,confirm2024,A,0.6
confirm2024,w0.6,20240426,0.00805125540096071,0.006114799776151583,0.001911482764930836,confirm2024A,confirm2024,A,0.6
confirm2024,w0.6,20240429,-0.0005394950108236034,-1.4634839824094296e-06,-0.000564564360564236,confirm2024A,confirm2024,A,0.6
confirm2024,w0.6,20240430,0.0015065852843010978,0.0010403794494747095,0.0005053859116404385,confirm2024A,confirm2024,A,0.6
confirm2024,w0.6,20240506,0.0007336842459569337,6.187148009000401e-06,0.0007218199652304492,confirm2024A,confirm2024,A,0.6
confirm2024,w0.6,20240507,0.00039182102803162963,0.0010693813851623054,-0.0006393890740461938,confirm2024A,confirm2024,A,0.6
confirm2024,w0.6,20240508,0.0036649314141055014,0.003647904995139184,-6.351049738281189e-07,confirm2024A,confirm2024,A,0.6
confirm2024,w0.6,20240509,-0.00278253125728415,-0.0015075693067461192,-0.001313812683431512,confirm2024A,confirm2024,A,0.6
confirm2024,w0.6,20240510,-0.002193337799536576,-0.0001930105757613847,-0.0020203346942588153,confirm2024A,confirm2024,A,0.6
confirm2024,w0.6,20240513,0.0024773124277844647,0.0018907857469683748,0.0006623843201494154,confirm2024A,confirm2024,A,0.6
confirm2024,w0.6,20240514,-0.00044139492164099563,-0.00040672530970947934,-2.7045299284981708e-05,confirm2024A,confirm2024,A,0.6
confirm2024,w0.6,20240515,0.0015528265406023955,0.0012470687608522636,0.000354272739568732,confirm2024A,confirm2024,A,0.6
confirm2024,w0.6,20240516,0.000554811864299537,0.0005864236412542861,-1.7375718189423597e-05,confirm2024A,confirm2024,A,0.6
confirm2024,w0.6,20240517,0.0006115608488184237,0.0005210557590040021,8.570454292706442e-05,confirm2024A,confirm2024,A,0.6
confirm2024,w0.6,20240520,0.00035013872807741937,0.0007532988023141016,-0.00037707458869198863,confirm2024A,confirm2024,A,0.6
confirm2024,w0.6,20240521,0.0037915723651708744,0.003633633013612694,0.00020510180939989668,confirm2024A,confirm2024,A,0.6
confirm2024,w0.6,20240522,0.0017884677498213805,0.0021382035500299365,-0.0003418964114866188,confirm2024A,confirm2024,A,0.6
confirm2024,w0.6,20240523,0.0017033080704356189,0.0019215641034138267,-0.0002518430971436138,confirm2024A,confirm2024,A,0.6
confirm2024,w0.6,20240524,0.002112095925201082,0.0020546879373653983,4.297220430312198e-05,confirm2024A,confirm2024,A,0.6
confirm2024,w0.6,20240527,0.000601960300471785,0.0004137558153629742,0.00017213417028751917,confirm2024A,confirm2024,A,0.6
confirm2024,w0.6,20240528,0.0013255793848196322,0.0008830150064532364,0.00045109107706488473,confirm2024A,confirm2024,A,0.6
confirm2024,w0.6,20240529,0.0035167548234160398,0.0031390493649266975,0.0003578262160716455,confirm2024A,confirm2024,A,0.6
confirm2024,w0.6,20240530,0.001977970647545676,0.0016222655844514418,0.0003683945301442899,confirm2024A,confirm2024,A,0.6
confirm2024,w0.6,20240531,-0.001243430077821843,-0.0009189370771774965,-0.00030642306544216704,confirm2024A,confirm2024,A,0.6
confirm2024,w0.6,20240603,-0.004029564638465379,-0.003168131423323934,-0.0008692038467787156,confirm2024A,confirm2024,A,0.6
confirm2024,w0.6,20240604,0.002569000586606574,0.002833877879029905,-0.00028496782248700413,confirm2024A,confirm2024,A,0.6
confirm2024,w0.6,20240605,-0.0020001605510534537,-0.0009787752420110081,-0.0010280807593951418,confirm2024A,confirm2024,A,0.6
confirm2024,w0.6,20240606,0.004918137545200114,0.004275462317472189,0.0006343647531092364,confirm2024A,confirm2024,A,0.6
confirm2024,w0.6,20240607,0.005386119362216052,0.0047912527535744435,0.0005982519461120879,confirm2024A,confirm2024,A,0.6
confirm2024,w0.6,20240611,0.0012409419585637498,0.0007858359827862575,0.00045460796303391357,confirm2024A,confirm2024,A,0.6
confirm2024,w0.6,20240612,0.0024750172585776787,0.002386400751662039,9.533048287783515e-05,confirm2024A,confirm2024,A,0.6
confirm2024,w0.6,20240613,-0.0013032997500823868,-0.0012176413570019443,-7.11634257818835e-05,confirm2024A,confirm2024,A,0.6
confirm2024,w0.6,20240614,0.0009565676820031946,0.0010231718090506,-7.34196500183532e-05,confirm2024A,confirm2024,A,0.6
confirm2024,w0.6,20240617,0.0024289866369634205,0.002006946853421312,0.00040233625447818195,confirm2024A,confirm2024,A,0.6
confirm2024,w0.6,20240618,0.0006703528173606617,0.0007189354318720577,-9.345204840674355e-05,confirm2024A,confirm2024,A,0.6
confirm2024,w0.6,20240619,-0.0021621245176205554,-0.0016929280831853013,-0.0004617031701902195,confirm2024A,confirm2024,A,0.6
confirm2024,w0.6,20240620,0.0006481527593491267,0.0007695831336926383,-0.00015685007918369328,confirm2024A,confirm2024,A,0.6
confirm2024,w0.6,20240621,-0.003637819852659839,-0.002649818631780731,-0.0009880012208791137,confirm2024A,confirm2024,A,0.6
confirm2024,w0.6,20240624,-0.002083498391423016,-0.0020659569101752814,-1.7541481247734826e-05,confirm2024A,confirm2024,A,0.6
confirm2024,w0.6,20240625,0.005751325605922283,0.004677262723336514,0.0010466268648407172,confirm2024A,confirm2024,A,0.6
confirm2024,w0.6,20240626,0.0005190233627440054,0.0009776146676448748,-0.0004211271536600125,confirm2024A,confirm2024,A,0.6
confirm2024,w0.6,20240627,0.0005165020081154175,0.0004443632289384109,4.9396191138524854e-05,confirm2024A,confirm2024,A,0.6
confirm2024,w0.6,20240628,-0.002602727052857615,-0.0024924700064081033,-0.00015997939357482196,confirm2024A,confirm2024,A,0.6
confirm2024,w0.6,20240701,0.005546392794159024,0.005537100394566763,-3.184593285477694e-05,confirm2024A,confirm2024,A,0.6
confirm2024,w0.6,20240702,0.004085551249431287,0.0042810004059540595,-0.0002073439900753001,confirm2024A,confirm2024,A,0.6
confirm2024,w0.6,20240703,-0.0017278292741419315,-0.0012273825218935262,-0.00043669327816271816,confirm2024A,confirm2024,A,0.6
confirm2024,w0.6,20240704,0.00228155391518153,0.0017622717952831663,0.0004261575158721369,confirm2024A,confirm2024,A,0.6
confirm2024,w0.6,20240705,-0.0008249643289831646,-0.00033077799932890693,-0.0004899501027027197,confirm2024A,confirm2024,A,0.6
confirm2024,w0.6,20240708,0.002200897102948258,0.0019593001412485577,0.00019353297775601304,confirm2024A,confirm2024,A,0.6
confirm2024,w0.6,20240709,0.002011426108399287,0.0018802165191117537,-1.971326294471408e-06,confirm2024A,confirm2024,A,0.6
confirm2024,w0.6,20240710,0.003590012583762344,0.0029067544357827364,0.0005858964107263151,confirm2024A,confirm2024,A,0.6
confirm2024,w0.6,20240711,0.0014171729138348762,0.001480858428947621,-0.00019833204558802826,confirm2024A,confirm2024,A,0.6
confirm2024,w0.6,20240712,-0.003512107413488525,-0.0030731642200469453,-0.0005168453264738275,confirm2024A,confirm2024,A,0.6
confirm2024,w0.6,20240715,0.0032216957760087257,0.0030010975292475675,0.00016411215121203788,confirm2024A,confirm2024,A,0.6
confirm2024,w0.6,20240716,0.001344071516576853,0.0019549391043729315,-0.0006732148608680708,confirm2024A,confirm2024,A,0.6
confirm2024,w0.6,20240717,0.0002278178290777359,0.00047070180362749747,-0.0002989289808928987,confirm2024A,confirm2024,A,0.6
confirm2024,w0.6,20240718,0.0010556099996937634,0.0006843622139035288,0.00023823125140540338,confirm2024A,confirm2024,A,0.6
confirm2024,w0.6,20240719,0.0028183566792286206,0.002322383160341959,0.0004400399365215777,confirm2024A,confirm2024,A,0.6
confirm2024,w0.6,20240722,0.000599543372726951,0.000794646023664231,-0.00023075385370023864,confirm2024A,confirm2024,A,0.6
confirm2024,w0.6,20240723,-0.001018255796257998,-0.0005925304266480804,-0.0004772102409532029,confirm2024A,confirm2024,A,0.6
confirm2024,w0.6,20240724,0.0008148231519474382,0.0007734050445397354,-1.1584744396746636e-05,confirm2024A,confirm2024,A,0.6
confirm2024,w0.6,20240725,0.0006694881059187904,0.00031497996694103886,0.00029015032957822336,confirm2024A,confirm2024,A,0.6
confirm2024,w0.6,20240726,0.000501918111883405,0.00045944720169976646,1.368217279493874e-05,confirm2024A,confirm2024,A,0.6
confirm2024,w0.6,20240729,-2.1293410574366525e-06,-2.99592589200837e-05,4.839108957725588e-05,confirm2024A,confirm2024,A,0.6
confirm2024,w0.6,20240730,0.002248501139475771,0.0016126417646391545,0.0005825411047367094,confirm2024A,confirm2024,A,0.6
confirm2024,w0.6,20240731,0.0007646311948802736,0.0006961840421703643,1.5567449206994452e-06,confirm2024A,confirm2024,A,0.6
confirm2024,w0.6,20240801,0.00044672454067175293,0.0004979966453869578,3.2319024999343165e-06,confirm2024A,confirm2024,A,0.6
confirm2024,w0.6,20240802,-0.0002774621256886843,-0.00032524542126117074,2.5206088489852763e-05,confirm2024A,confirm2024,A,0.6
confirm2024,w0.6,20240805,0.0033144835445997264,0.0030044587222721494,0.00029971962344232836,confirm2024A,confirm2024,A,0.6
confirm2024,w0.6,20240806,0.000650624818441647,0.0006947579838023101,-6.759963518269346e-05,confirm2024A,confirm2024,A,0.6
confirm2024,w0.6,20240807,-0.0007993350433521476,-0.0009388533454809792,4.851041888730559e-05,confirm2024A,confirm2024,A,0.6
confirm2024,w0.7,20240423,0.004439879296002581,0.0019913847516528052,0.002475932881977838,confirm2024A,confirm2024,A,0.7
confirm2024,w0.7,20240424,0.0014991792140975199,0.0010904334718715952,0.00040863345896534185,confirm2024A,confirm2024,A,0.7
confirm2024,w0.7,20240425,0.002446466677751457,0.001657105745515977,0.0007517356801407489,confirm2024A,confirm2024,A,0.7
confirm2024,w0.7,20240426,0.008058121848567391,0.005823595431738601,0.0022095535569504974,confirm2024A,confirm2024,A,0.7
confirm2024,w0.7,20240429,-0.0015660450457108833,-0.0010937884126059664,-0.0004987894668279566,confirm2024A,confirm2024,A,0.7
confirm2024,w0.7,20240430,0.0011624586622850965,0.0005528443356374066,0.0006487944034617417,confirm2024A,confirm2024,A,0.7
confirm2024,w0.7,20240506,0.001378448094448816,0.0005979215350802843,0.0007748494266510498,confirm2024A,confirm2024,A,0.7
confirm2024,w0.7,20240507,-0.0005090233312179913,0.0002704427084317144,-0.0007412947565652268,confirm2024A,confirm2024,A,0.7
confirm2024,w0.7,20240508,0.00402482901617132,0.0038584505416267177,0.00014871695060445807,confirm2024A,confirm2024,A,0.7
confirm2024,w0.7,20240509,-0.0027068067798465614,-0.0013456119668599417,-0.0014000455458801004,confirm2024A,confirm2024,A,0.7
confirm2024,w0.7,20240510,-0.0025815121137837994,-0.0003300415782502606,-0.0022714780060171655,confirm2024A,confirm2024,A,0.7
confirm2024,w0.7,20240513,0.0020230492348791967,0.0013118374163345501,0.0007870694578779743,confirm2024A,confirm2024,A,0.7
confirm2024,w0.7,20240514,-0.0012524556161681204,-0.001260655018749345,1.5823715227756023e-05,confirm2024A,confirm2024,A,0.7
confirm2024,w0.7,20240515,0.001306503796229968,0.0009345800345348494,0.00042043872151371886,confirm2024A,confirm2024,A,0.7
confirm2024,w0.7,20240516,0.0008905675954157272,0.0008858728054523754,1.8930848728675702e-05,confirm2024A,confirm2024,A,0.7
confirm2024,w0.7,20240517,8.059797802844465e-05,-5.2553277981892276e-05,0.0001283507091229793,confirm2024A,confirm2024,A,0.7
confirm2024,w0.7,20240520,0.0004481112059915998,0.0009946461781953394,-0.0005204494866590423,confirm2024A,confirm2024,A,0.7
confirm2024,w0.7,20240521,0.0045013592086155085,0.004255008629036045,0.00029351303742117837,confirm2024A,confirm2024,A,0.7
confirm2024,w0.7,20240522,0.001292565858283537,0.0018139664204198825,-0.0005135611734144076,confirm2024A,confirm2024,A,0.7
confirm2024,w0.7,20240523,0.0017796210052051656,0.002137754459634892,-0.00039172051859513306,confirm2024A,confirm2024,A,0.7
confirm2024,w0.7,20240524,0.000991517477297815,0.0009365444046686352,4.05372890966199e-05,confirm2024A,confirm2024,A,0.7
confirm2024,w0.7,20240527,0.0006004372763270729,0.0004781859953311481,0.00010618096617463348,confirm2024A,confirm2024,A,0.7
confirm2024,w0.7,20240528,0.0015387041024392256,0.0009829362549627707,0.0005642945461749427,confirm2024A,confirm2024,A,0.7
confirm2024,w0.7,20240529,0.0033801606258032895,0.003045474930932729,0.0003148064524528629,confirm2024A,confirm2024,A,0.7
confirm2024,w0.7,20240530,0.0026770005701284624,0.002104197185090004,0.0005854928520885139,confirm2024A,confirm2024,A,0.7
confirm2024,w0.7,20240531,-0.0015661506405063724,-0.0010307110466818835,-0.0005173696586223032,confirm2024A,confirm2024,A,0.7
confirm2024,w0.7,20240603,-0.003477513800905843,-0.00225822096707777,-0.0012270634654653425,confirm2024A,confirm2024,A,0.7
confirm2024,w0.7,20240604,0.0026913084501270744,0.003130239945741598,-0.000459022025678196,confirm2024A,confirm2024,A,0.7
confirm2024,w0.7,20240605,-0.002146372418516576,-0.00046606221243801536,-0.0016870056564312487,confirm2024A,confirm2024,A,0.7
confirm2024,w0.7,20240606,0.004026861222385065,0.003119723052598635,0.0008988276951677388,confirm2024A,confirm2024,A,0.7
confirm2024,w0.7,20240607,0.006783335285879006,0.005860988311444078,0.0009257323119054044,confirm2024A,confirm2024,A,0.7
confirm2024,w0.7,20240611,0.0015646156457554232,0.0007902633893899125,0.0007738542436219308,confirm2024A,confirm2024,A,0.7
confirm2024,w0.7,20240612,0.0029321300197931513,0.0027141326279836843,0.00022471136777166287,confirm2024A,confirm2024,A,0.7
confirm2024,w0.7,20240613,-0.0012804769806248856,-0.0011785143228131786,-8.746769051314762e-05,confirm2024A,confirm2024,A,0.7
confirm2024,w0.7,20240614,0.001404575743526087,0.0014086343819051568,-1.0874161350017837e-05,confirm2024A,confirm2024,A,0.7
confirm2024,w0.7,20240617,0.0013506046374274633,0.0007325195150580744,0.0005983815933054587,confirm2024A,confirm2024,A,0.7
confirm2024,w0.7,20240618,-6.4226809066971965e-06,-4.226894753272545e-06,-4.706522004877232e-05,confirm2024A,confirm2024,A,0.7
confirm2024,w0.7,20240619,-0.0013105610677607814,-0.0005527738524611446,-0.0007502939510546058,confirm2024A,confirm2024,A,0.7
confirm2024,w0.7,20240620,-0.00024761383586346876,-2.1266429586176564e-05,-0.00026176711111747404,confirm2024A,confirm2024,A,0.7
confirm2024,w0.7,20240621,-0.0032047624159600996,-0.0017927742440127937,-0.0014119881719473085,confirm2024A,confirm2024,A,0.7
confirm2024,w0.7,20240624,-0.0029047746398555892,-0.0028135505750575655,-9.122406479802309e-05,confirm2024A,confirm2024,A,0.7
confirm2024,w0.7,20240625,0.006595381706856359,0.005152425622060216,0.0014155200670510916,confirm2024A,confirm2024,A,0.7
confirm2024,w0.7,20240626,4.582061239576107e-05,0.0006509733944964091,-0.0005676886308597881,confirm2024A,confirm2024,A,0.7
confirm2024,w0.7,20240627,0.0010829283535091442,0.0009937130953470879,6.647267012357428e-05,confirm2024A,confirm2024,A,0.7
confirm2024,w0.7,20240628,-0.0033732907760905826,-0.0031831906455077824,-0.0002398224777081109,confirm2024A,confirm2024,A,0.7
confirm2024,w0.7,20240701,0.0043429129425732425,0.004257645243134368,4.412936699183785e-05,confirm2024A,confirm2024,A,0.7
confirm2024,w0.7,20240702,0.0035525391307961104,0.0038784053273259386,-0.00033776103008235545,confirm2024A,confirm2024,A,0.7
confirm2024,w0.7,20240703,-0.0020888438152277707,-0.0013102231684194877,-0.000714867172722596,confirm2024A,confirm2024,A,0.7
confirm2024,w0.7,20240704,0.002615687385616315,0.001982427306674749,0.0005401354749153399,confirm2024A,confirm2024,A,0.7
confirm2024,w0.7,20240705,-0.0013183442525892784,-0.0005810626573350512,-0.0007330453683026862,confirm2024A,confirm2024,A,0.7
confirm2024,w0.7,20240708,0.0025504691504647826,0.0021694964290483224,0.0003329087374727724,confirm2024A,confirm2024,A,0.7
confirm2024,w0.7,20240709,0.0014031979338877624,0.001313541251157266,-4.352423285150948e-05,confirm2024A,confirm2024,A,0.7
confirm2024,w0.7,20240710,0.004270606578076468,0.003316356837771271,0.0008568880030519028,confirm2024A,confirm2024,A,0.7
confirm2024,w0.7,20240711,0.0018825355553734955,0.0020217888140488523,-0.0002738997891506387,confirm2024A,confirm2024,A,0.7
confirm2024,w0.7,20240712,-0.0026804331975118292,-0.001964617463635453,-0.000793717866908624,confirm2024A,confirm2024,A,0.7
confirm2024,w0.7,20240715,0.002757416510825396,0.002453913533081924,0.0002470168821943521,confirm2024A,confirm2024,A,0.7
confirm2024,w0.7,20240716,0.0013704513188924298,0.0023269777654854823,-0.0010188737196650426,confirm2024A,confirm2024,A,0.7
confirm2024,w0.7,20240717,0.00033181205869842493,0.0007051954165657151,-0.0004294283642104283,confirm2024A,confirm2024,A,0.7
confirm2024,w0.7,20240718,0.0029788553337332553,0.002454315830224343,0.0003915229691240807,confirm2024A,confirm2024,A,0.7
confirm2024,w0.7,20240719,0.003312762956529436,0.0024760322934636843,0.0007807970807006671,confirm2024A,confirm2024,A,0.7
confirm2024,w0.7,20240722,-0.0008676884552788165,-0.0006213586299052297,-0.0002819810281365489,confirm2024A,confirm2024,A,0.7
confirm2024,w0.7,20240723,-0.0008665185735717337,-0.0002661710234039632,-0.0006518324215110555,confirm2024A,confirm2024,A,0.7
confirm2024,w0.7,20240724,0.0010214064552360172,0.0010134792216526362,-4.507561822106772e-05,confirm2024A,confirm2024,A,0.7
confirm2024,w0.7,20240725,0.0010333832128467217,0.0005570877370645045,0.00041193766638268777,confirm2024A,confirm2024,A,0.7
confirm2024,w0.7,20240726,0.0005259181658345317,0.00026592952538056385,0.00023119990306526815,confirm2024A,confirm2024,A,0.7
confirm2024,w0.7,20240729,0.00024623215637923756,0.00012463126605594642,0.00014216206203789943,confirm2024A,confirm2024,A,0.7
confirm2024,w0.7,20240730,0.0028464895314832678,0.002143542874572893,0.0006496283868104744,confirm2024A,confirm2024,A,0.7
confirm2024,w0.7,20240731,0.0014194409666348229,0.0011560330649172128,0.00019651749392840095,confirm2024A,confirm2024,A,0.7
confirm2024,w0.7,20240801,0.00020413255644048667,0.000537353562597114,-0.00027871699894148984,confirm2024A,confirm2024,A,0.7
confirm2024,w0.7,20240802,-0.00011436586754547465,0.00041902297174691537,-0.0005559660463750238,confirm2024A,confirm2024,A,0.7
confirm2024,w0.7,20240805,0.003716092621953524,0.0030808156965514938,0.0006249717265167813,confirm2024A,confirm2024,A,0.7
confirm2024,w0.7,20240806,0.0014229159744730887,0.0013760037713890915,2.3445733261967648e-05,confirm2024A,confirm2024,A,0.7
confirm2024,w0.7,20240807,-0.0016717489774798614,-0.0015112824666556914,-0.00025147439406569426,confirm2024A,confirm2024,A,0.7
confirm2024,w0.8,20240423,0.0037385169808180803,0.0017986818085961153,0.0019672735098500245,confirm2024A,confirm2024,A,0.8
confirm2024,w0.8,20240424,0.0015220184461543253,0.0012124276845554688,0.0003094784783382728,confirm2024A,confirm2024,A,0.8
confirm2024,w0.8,20240425,0.003743296180288116,0.0029684639003005513,0.0007372070278928364,confirm2024A,confirm2024,A,0.8
confirm2024,w0.8,20240426,0.007306528586598499,0.005218865181780264,0.0020626905449399437,confirm2024A,confirm2024,A,0.8
confirm2024,w0.8,20240429,-0.000535523422774394,-0.00018122078199260603,-0.0003808354745048286,confirm2024A,confirm2024,A,0.8
confirm2024,w0.8,20240430,0.0012663721110830403,0.0007087701247064572,0.0005967820631906335,confirm2024A,confirm2024,A,0.8
confirm2024,w0.8,20240506,0.0013997433597600145,0.0007365003435115108,0.0006575658835310212,confirm2024A,confirm2024,A,0.8
confirm2024,w0.8,20240507,-0.0013936774000534377,-0.0007123258225340354,-0.0006431802944349218,confirm2024A,confirm2024,A,0.8
confirm2024,w0.8,20240508,0.0042653341084566785,0.003942035987177496,0.0003056365973390365,confirm2024A,confirm2024,A,0.8
confirm2024,w0.8,20240509,-0.0018772943769696446,-0.0007559101877696394,-0.0011602349220934858,confirm2024A,confirm2024,A,0.8
confirm2024,w0.8,20240510,-0.0020237156529022034,-2.466041381264585e-06,-0.0020412570820045653,confirm2024A,confirm2024,A,0.8
confirm2024,w0.8,20240513,0.0019824892388198914,0.0013980974330978948,0.000660249445055324,confirm2024A,confirm2024,A,0.8
confirm2024,w0.8,20240514,-0.0016511473656178393,-0.0015849994379349773,-5.852361503633105e-05,confirm2024A,confirm2024,A,0.8
confirm2024,w0.8,20240515,0.001475054960182457,0.0013772079489511406,0.00014636197104991703,confirm2024A,confirm2024,A,0.8
confirm2024,w0.8,20240516,0.00041915285478532315,0.00048524076735393686,-5.185185380328841e-05,confirm2024A,confirm2024,A,0.8
confirm2024,w0.8,20240517,0.000552069600349145,0.00033078377424680477,0.00021648527921498358,confirm2024A,confirm2024,A,0.8
confirm2024,w0.8,20240520,0.000930973365111238,0.0014652809067249597,-0.0005082220560690262,confirm2024A,confirm2024,A,0.8
confirm2024,w0.8,20240521,0.005013484481778196,0.00488412840988515,0.00017651852973476042,confirm2024A,confirm2024,A,0.8
confirm2024,w0.8,20240522,0.000966113241588646,0.001485892564004826,-0.000511939933694243,confirm2024A,confirm2024,A,0.8
confirm2024,w0.8,20240523,0.0009332601875753858,0.001186972445651805,-0.00028729932224182467,confirm2024A,confirm2024,A,0.8
confirm2024,w0.8,20240524,0.0009659162531946751,0.0008753764794337705,7.610399022834453e-05,confirm2024A,confirm2024,A,0.8
confirm2024,w0.8,20240527,0.0010296322769338968,0.000910661399938583,0.00010290056217402132,confirm2024A,confirm2024,A,0.8
confirm2024,w0.8,20240528,0.000587347177282955,0.00011770931249671668,0.00047816456348472773,confirm2024A,confirm2024,A,0.8
confirm2024,w0.8,20240529,0.0030827229693693014,0.002694123209056553,0.0003687205178950517,confirm2024A,confirm2024,A,0.8
confirm2024,w0.8,20240530,0.001670590527297889,0.001147849883678324,0.0005354301106696196,confirm2024A,confirm2024,A,0.8
confirm2024,w0.8,20240531,-0.00042783472355066576,5.365578371023137e-05,-0.0004634205720587149,confirm2024A,confirm2024,A,0.8
confirm2024,w0.8,20240603,-0.0010524972918854831,-6.266413470225611e-05,-0.0009976037888204952,confirm2024A,confirm2024,A,0.8
confirm2024,w0.8,20240604,0.0031346365024520137,0.0034697149187734953,-0.0003551689463851524,confirm2024A,confirm2024,A,0.8
confirm2024,w0.8,20240605,-0.0015982117404834129,-0.00018805194209669434,-0.001416855248739417,confirm2024A,confirm2024,A,0.8
confirm2024,w0.8,20240606,0.0028813713049020556,0.002113945850532665,0.0007591149797506988,confirm2024A,confirm2024,A,0.8
confirm2024,w0.8,20240607,0.007046198547031776,0.00609435863990451,0.0009552252445977432,confirm2024A,confirm2024,A,0.8
confirm2024,w0.8,20240611,0.0014446571972142226,0.0008555040168326382,0.0005886551676380072,confirm2024A,confirm2024,A,0.8
confirm2024,w0.8,20240612,0.0030532811171856784,0.002889572670263197,0.00017042242288467613,confirm2024A,confirm2024,A,0.8
confirm2024,w0.8,20240613,-0.000635327187031125,-0.00047128393249323765,-0.00014954828723932838,confirm2024A,confirm2024,A,0.8
confirm2024,w0.8,20240614,0.0014498516834787678,0.001410093674746982,3.294248576083763e-05,confirm2024A,confirm2024,A,0.8
confirm2024,w0.8,20240617,0.0008884015724980668,0.0004543092153553445,0.000414388828078794,confirm2024A,confirm2024,A,0.8
confirm2024,w0.8,20240618,-0.0009132911662905405,-0.0007596505384875991,-0.0001985100616982891,confirm2024A,confirm2024,A,0.8
confirm2024,w0.8,20240619,-0.0011909194526565497,-0.000556258304000639,-0.0006271678844108765,confirm2024A,confirm2024,A,0.8
confirm2024,w0.8,20240620,-8.242962568306262e-05,5.443765459322593e-05,-0.00017228698511647042,confirm2024A,confirm2024,A,0.8
confirm2024,w0.8,20240621,-0.003180260955749213,-0.0019009728629240735,-0.001279288092825139,confirm2024A,confirm2024,A,0.8
confirm2024,w0.8,20240624,-0.00399769734548853,-0.0038720110259932686,-0.0001256863194952613,confirm2024A,confirm2024,A,0.8
confirm2024,w0.8,20240625,0.0067373748765029405,0.0054403961745869344,0.0012695426841709627,confirm2024A,confirm2024,A,0.8
confirm2024,w0.8,20240626,0.0006213712923116357,0.0013069655533221507,-0.0006481301097696569,confirm2024A,confirm2024,A,0.8
confirm2024,w0.8,20240627,0.0009350527229701668,0.0008772264283955181,3.5083706536167757e-05,confirm2024A,confirm2024,A,0.8
confirm2024,w0.8,20240628,-0.0037303698574473283,-0.0035800196950753404,-0.00020007250949729803,confirm2024A,confirm2024,A,0.8
confirm2024,w0.8,20240701,0.004572385909969825,0.004634064992035445,-0.00010281741451265791,confirm2024A,confirm2024,A,0.8
confirm2024,w0.8,20240702,0.0036612473831963577,0.0039038019998014054,-0.0002544494501575764,confirm2024A,confirm2024,A,0.8
confirm2024,w0.8,20240703,-0.002025006703824002,-0.0014416319161213915,-0.0005196213136169247,confirm2024A,confirm2024,A,0.8
confirm2024,w0.8,20240704,0.002904722803661391,0.0023481040145401635,0.00046349418509500216,confirm2024A,confirm2024,A,0.8
confirm2024,w0.8,20240705,-0.0010342157369405205,-0.0003727173064254109,-0.0006572622035635671,confirm2024A,confirm2024,A,0.8
confirm2024,w0.8,20240708,0.0013772245522339424,0.0010838775536086503,0.0002452830146816094,confirm2024A,confirm2024,A,0.8
confirm2024,w0.8,20240709,0.002319068388563366,0.002196752611507715,-1.0865138526354228e-05,confirm2024A,confirm2024,A,0.8
confirm2024,w0.8,20240710,0.004033474715835653,0.0032528828963017584,0.0006832300822806019,confirm2024A,confirm2024,A,0.8
confirm2024,w0.8,20240711,0.0017069438620913038,0.0018669530684915427,-0.00029465573687552203,confirm2024A,confirm2024,A,0.8
confirm2024,w0.8,20240712,-0.002937963940585632,-0.002321622400967128,-0.0006942436726507525,confirm2024A,confirm2024,A,0.8
confirm2024,w0.8,20240715,0.00323087613727283,0.0029556272966729893,0.00021876274505072053,confirm2024A,confirm2024,A,0.8
confirm2024,w0.8,20240716,0.001001322247947356,0.0018555478479760606,-0.0009165728731006941,confirm2024A,confirm2024,A,0.8
confirm2024,w0.8,20240717,-0.0004764629653636831,-0.00010679608362346767,-0.00042571188808335306,confirm2024A,confirm2024,A,0.8
confirm2024,w0.8,20240718,0.0030408019880227956,0.0025439661064732113,0.00036381934716475434,confirm2024A,confirm2024,A,0.8
confirm2024,w0.8,20240719,0.0023818034728910406,0.001599130728791859,0.0007267391617340977,confirm2024A,confirm2024,A,0.8
confirm2024,w0.8,20240722,-0.002179699963446937,-0.0018303977310346973,-0.0003849534351752004,confirm2024A,confirm2024,A,0.8
confirm2024,w0.8,20240723,-0.0008123092380269634,-0.0001850505760904325,-0.0006787435332798166,confirm2024A,confirm2024,A,0.8
confirm2024,w0.8,20240724,0.0007565737530890043,0.000731015414807862,-2.7444513523306963e-05,confirm2024A,confirm2024,A,0.8
confirm2024,w0.8,20240725,0.00048032506325690685,-1.5871221100081966e-05,0.0004318384749574583,confirm2024A,confirm2024,A,0.8
confirm2024,w0.8,20240726,-0.0005859661732251539,-0.0007871411603939727,0.00017238624978011875,confirm2024A,confirm2024,A,0.8
confirm2024,w0.8,20240729,0.00033878219189980695,0.00018727994624440688,0.0001720634173700077,confirm2024A,confirm2024,A,0.8
confirm2024,w0.8,20240730,0.0042794173313323094,0.0035930432998505595,0.0006330557613818381,confirm2024A,confirm2024,A,0.8
confirm2024,w0.8,20240731,0.0006772288770798352,0.0004739629705319012,0.00013637549875872477,confirm2024A,confirm2024,A,0.8
confirm2024,w0.8,20240801,0.00038614635413302366,0.0007254083058042815,-0.0002847579444561179,confirm2024A,confirm2024,A,0.8
confirm2024,w0.8,20240802,-6.750140841351934e-05,0.00039429236119015165,-0.00048437097668630467,confirm2024A,confirm2024,A,0.8
confirm2024,w0.8,20240805,0.0038153957793292358,0.003158868364015305,0.0006462222164286822,confirm2024A,confirm2024,A,0.8
confirm2024,w0.8,20240806,0.0013744391054287288,0.001332250247675884,1.8722387930814413e-05,confirm2024A,confirm2024,A,0.8
confirm2024,w0.8,20240807,-0.0013921595319233893,-0.0012235029841672542,-0.00025966443099766025,confirm2024A,confirm2024,A,0.8
confirm2024,w0.9,20240423,0.0042898435796755036,0.002191796874649557,0.0021254850426540095,confirm2024A,confirm2024,A,0.9
confirm2024,w0.9,20240424,0.0016857226835871623,0.0014493014163363407,0.00023630898399023707,confirm2024A,confirm2024,A,0.9
confirm2024,w0.9,20240425,0.005691427540477448,0.004847472781148358,0.0008063295072343606,confirm2024A,confirm2024,A,0.9
confirm2024,w0.9,20240426,0.007887288399782387,0.00567405854697965,0.0021882569929244557,confirm2024A,confirm2024,A,0.9
confirm2024,w0.9,20240429,-0.002090695352397729,-0.0015916159976957836,-0.0005256121884249859,confirm2024A,confirm2024,A,0.9
confirm2024,w0.9,20240430,0.0007900140325050424,0.00019891644501988384,0.0006302776642992087,confirm2024A,confirm2024,A,0.9
confirm2024,w0.9,20240506,0.0016478771393827179,0.0008995193360610113,0.0007426806706042244,confirm2024A,confirm2024,A,0.9
confirm2024,w0.9,20240507,-0.0015603158928347103,-0.0007860844317406591,-0.0007360601780095703,confirm2024A,confirm2024,A,0.9
confirm2024,w0.9,20240508,0.004480606543612193,0.0041798143695193244,0.00028313065015272434,confirm2024A,confirm2024,A,0.9
confirm2024,w0.9,20240509,-0.0021231863740578324,-0.0008748595510692876,-0.0012871775558820255,confirm2024A,confirm2024,A,0.9
confirm2024,w0.9,20240510,-0.002001480270953062,0.00010613455572733977,-0.0021276222971640265,confirm2024A,confirm2024,A,0.9
confirm2024,w0.9,20240513,0.002052983855915111,0.0013872515714078311,0.000741589923840607,confirm2024A,confirm2024,A,0.9
confirm2024,w0.9,20240514,-0.0016247654393779917,-0.0015870016215579345,-3.0139505173523988e-05,confirm2024A,confirm2024,A,0.9
confirm2024,w0.9,20240515,0.0018861116317924684,0.0016911686215794592,0.00024345797003160808,confirm2024A,confirm2024,A,0.9
confirm2024,w0.9,20240516,0.001002523336053938,0.0010553757309289074,-3.8616336109643885e-05,confirm2024A,confirm2024,A,0.9
confirm2024,w0.9,20240517,0.00021580784609536623,-3.600191883925628e-05,0.0002470092180472649,confirm2024A,confirm2024,A,0.9
confirm2024,w0.9,20240520,0.0008906695515222812,0.0015517846848986567,-0.0006350296478316822,confirm2024A,confirm2024,A,0.9
confirm2024,w0.9,20240521,0.0058645644677682626,0.005599332688808405,0.0003123942368015726,confirm2024A,confirm2024,A,0.9
confirm2024,w0.9,20240522,0.00048707261819591965,0.0010840810095360796,-0.0005891690026182268,confirm2024A,confirm2024,A,0.9
confirm2024,w0.9,20240523,0.00026224343385492996,0.0006103934028396235,-0.00038173703315009985,confirm2024A,confirm2024,A,0.9
confirm2024,w0.9,20240524,0.00034734611361325694,0.0003389655429754962,-6.055212894800295e-06,confirm2024A,confirm2024,A,0.9
confirm2024,w0.9,20240527,0.002418257243663669,0.002358452370950161,4.373455789221631e-05,confirm2024A,confirm2024,A,0.9
confirm2024,w0.9,20240528,0.0017021467390883884,0.0012701183459390814,0.00044055509184779556,confirm2024A,confirm2024,A,0.9
confirm2024,w0.9,20240529,0.0029343784465365097,0.002675290407234805,0.00023920879688400757,confirm2024A,confirm2024,A,0.9
confirm2024,w0.9,20240530,0.000573379399473853,-7.679075090197534e-06,0.000593747941614106,confirm2024A,confirm2024,A,0.9
confirm2024,w0.9,20240531,-0.0004130037368933574,0.00019733814716801,-0.0005922719488591822,confirm2024A,confirm2024,A,0.9
confirm2024,w0.9,20240603,-0.0016299982961136047,-0.0003991585187498256,-0.0012386104090010479,confirm2024A,confirm2024,A,0.9
confirm2024,w0.9,20240604,0.002897082770401904,0.003360098283852477,-0.00048310604351424507,confirm2024A,confirm2024,A,0.9
confirm2024,w0.9,20240605,-0.002304328458215127,-0.0004477710356075147,-0.0018632528729603162,confirm2024A,confirm2024,A,0.9
confirm2024,w0.9,20240606,0.0026427543377247308,0.0017330119401774912,0.0009014319229285471,confirm2024A,confirm2024,A,0.9
confirm2024,w0.9,20240607,0.007734285906124461,0.006684306562541367,0.0010533646810535712,confirm2024A,confirm2024,A,0.9
confirm2024,w0.9,20240611,0.0010271967150654367,0.00017847919859526564,0.0008482195037265931,confirm2024A,confirm2024,A,0.9
confirm2024,w0.9,20240612,0.002844921387658867,0.002677216227602954,0.00017441913601810784,confirm2024A,confirm2024,A,0.9
confirm2024,w0.9,20240613,-0.001465000707364627,-0.0012989434655202418,-0.00015156227454582628,confirm2024A,confirm2024,A,0.9
confirm2024,w0.9,20240614,0.002219291126157071,0.00221128085742164,1.1947457644827497e-06,confirm2024A,confirm2024,A,0.9
confirm2024,w0.9,20240617,0.00042704072285585856,-0.0001499377974445108,0.0005572749912364418,confirm2024A,confirm2024,A,0.9
confirm2024,w0.9,20240618,-0.0014857311161424113,-0.0013549134778925924,-0.00017568707214516674,confirm2024A,confirm2024,A,0.9
confirm2024,w0.9,20240619,-0.00033670186194129786,0.000418837070290804,-0.0007480456679870721,confirm2024A,confirm2024,A,0.9
confirm2024,w0.9,20240620,-0.0004825071636744209,-0.00030762767293513577,-0.00021029919557946696,confirm2024A,confirm2024,A,0.9
confirm2024,w0.9,20240621,-0.0032147850247051593,-0.0016879569550224077,-0.0015268280696827492,confirm2024A,confirm2024,A,0.9
confirm2024,w0.9,20240624,-0.0047630014225087105,-0.00468817128214634,-7.48301403623706e-05,confirm2024A,confirm2024,A,0.9
confirm2024,w0.9,20240625,0.006617946012461382,0.00510238036879398,0.0014881296259223597,confirm2024A,confirm2024,A,0.9
confirm2024,w0.9,20240626,-0.00010066082658311687,0.0006634671370085803,-0.00072666381235084,confirm2024A,confirm2024,A,0.9
confirm2024,w0.9,20240627,0.0018426306453456203,0.0017804047296058046,3.9483327701335565e-05,confirm2024A,confirm2024,A,0.9
confirm2024,w0.9,20240628,-0.00399606271507469,-0.0038078984871816666,-0.00023788657501833512,confirm2024A,confirm2024,A,0.9
confirm2024,w0.9,20240701,0.0013857485831667584,0.001503170050163993,-0.00015855979944427183,confirm2024A,confirm2024,A,0.9
confirm2024,w0.9,20240702,0.0033685846301009384,0.0035931937816394955,-0.00023650398509108563,confirm2024A,confirm2024,A,0.9
confirm2024,w0.9,20240703,-0.001168353278906041,-0.0005003848971051575,-0.0006042149077151945,confirm2024A,confirm2024,A,0.9
confirm2024,w0.9,20240704,0.003426410062696294,0.002742013729340056,0.0005912717293300129,confirm2024A,confirm2024,A,0.9
confirm2024,w0.9,20240705,-0.0009468585885048335,-0.00014425453394998966,-0.0007983678276033001,confirm2024A,confirm2024,A,0.9
confirm2024,w0.9,20240708,0.0018729522692068692,0.0015680635497579642,0.00025682473550521647,confirm2024A,confirm2024,A,0.9
confirm2024,w0.9,20240709,0.0018981519214535461,0.0017812943291882215,-1.6323323316679608e-05,confirm2024A,confirm2024,A,0.9
confirm2024,w0.9,20240710,0.0035038637777545407,0.0025305867741889612,0.0008759152663122882,confirm2024A,confirm2024,A,0.9
confirm2024,w0.9,20240711,0.0019695665676252045,0.002115368825704287,-0.00028044878855436556,confirm2024A,confirm2024,A,0.9
confirm2024,w0.9,20240712,-0.003309816732829738,-0.0024736883078029168,-0.0009140305580590694,confirm2024A,confirm2024,A,0.9
confirm2024,w0.9,20240715,0.0043780125304021126,0.004085614912820031,0.00023591152203296105,confirm2024A,confirm2024,A,0.9
confirm2024,w0.9,20240716,0.0018059219540153479,0.0027991126944265955,-0.0010555380134832381,confirm2024A,confirm2024,A,0.9
confirm2024,w0.9,20240717,0.00029749771108261453,0.000725521589031609,-0.00048406888429213224,confirm2024A,confirm2024,A,0.9
confirm2024,w0.9,20240718,0.002957279485158305,0.002390273859361171,0.00043398909141230434,confirm2024A,confirm2024,A,0.9
confirm2024,w0.9,20240719,0.0018485962689385104,0.0010045939419612764,0.00078806874461215,confirm2024A,confirm2024,A,0.9
confirm2024,w0.9,20240722,-0.0029681723263397172,-0.002564991099752371,-0.00043883242935030623,confirm2024A,confirm2024,A,0.9
confirm2024,w0.9,20240723,-0.0008518532651252044,-0.00015105611493586817,-0.000752282021532624,confirm2024A,confirm2024,A,0.9
confirm2024,w0.9,20240724,0.00041755913919539617,0.0003760615863924436,-1.1505299001496894e-05,confirm2024A,confirm2024,A,0.9
confirm2024,w0.9,20240725,0.0004113993324730107,-0.00021223217220743705,0.0005592736952809184,confirm2024A,confirm2024,A,0.9
confirm2024,w0.9,20240726,2.6676452726967677e-05,-0.0001840153167680717,0.00018190303210633912,confirm2024A,confirm2024,A,0.9
confirm2024,w0.9,20240729,0.0001784562548773818,-1.2173770888653998e-05,0.0002111911974806423,confirm2024A,confirm2024,A,0.9
confirm2024,w0.9,20240730,0.004947519976641494,0.0041751673335159,0.000719034373025693,confirm2024A,confirm2024,A,0.9
confirm2024,w0.9,20240731,0.00017043200836837314,-0.0001430811171624993,0.00024662271774166346,confirm2024A,confirm2024,A,0.9
confirm2024,w0.9,20240801,0.00025743817344021404,0.0007377571545426152,-0.0004258149738872622,confirm2024A,confirm2024,A,0.9
confirm2024,w0.9,20240802,-0.001599169325832473,-0.0008371428596823307,-0.0007846036732327797,confirm2024A,confirm2024,A,0.9
confirm2024,w0.9,20240805,0.0035229856184245643,0.0026211666146421695,0.0008915138048971455,confirm2024A,confirm2024,A,0.9
confirm2024,w0.9,20240806,0.0015402681659084409,0.0014721990404982746,4.460265558813661e-05,confirm2024A,confirm2024,A,0.9
confirm2024,w0.9,20240807,-0.001426831788495644,-0.0011737777121804392,-0.0003440619595567296,confirm2024A,confirm2024,A,0.9
confirm2024,w1.0,20240423,0.004194566819765891,0.0021450399709155984,0.0020769651864783524,confirm2024A,confirm2024,A,1.0
confirm2024,w1.0,20240424,0.0027130934249168324,0.0026489321686515017,6.40489730047473e-05,confirm2024A,confirm2024,A,1.0
confirm2024,w1.0,20240425,0.0034242783772108574,0.0025661617758166787,0.0008204913492994458,confirm2024A,confirm2024,A,1.0
confirm2024,w1.0,20240426,0.006928807808469599,0.004912145393264377,0.0019916895553269277,confirm2024A,confirm2024,A,1.0
confirm2024,w1.0,20240429,-0.002544768115002769,-0.002211328589414803,-0.0003599723593110069,confirm2024A,confirm2024,A,1.0
confirm2024,w1.0,20240430,0.0017749057584736903,0.0011564062432975243,0.0006576795919902169,confirm2024A,confirm2024,A,1.0
confirm2024,w1.0,20240506,0.0026928800992398064,0.0020156148969473577,0.0006715880695749682,confirm2024A,confirm2024,A,1.0
confirm2024,w1.0,20240507,-0.0005234776463334014,0.00013421878051254643,-0.0006195251437614665,confirm2024A,confirm2024,A,1.0
confirm2024,w1.0,20240508,0.0038212021671003484,0.0034405105563502054,0.0003630300868099994,confirm2024A,confirm2024,A,1.0
confirm2024,w1.0,20240509,-0.0006429424352278057,0.00021081667730734005,-0.0008926098454286269,confirm2024A,confirm2024,A,1.0
confirm2024,w1.0,20240510,-0.0016473850766763679,-4.684481559217039e-05,-0.0016205477315678213,confirm2024A,confirm2024,A,1.0
confirm2024,w1.0,20240513,0.0025129498270369498,0.002075954767536487,0.0005128526988337889,confirm2024A,confirm2024,A,1.0
confirm2024,w1.0,20240514,-0.0011868513325292438,-0.001113260884564544,-6.59661353181674e-05,confirm2024A,confirm2024,A,1.0
confirm2024,w1.0,20240515,0.00038376846534190004,0.00046119362945632505,-2.891020429582618e-05,confirm2024A,confirm2024,A,1.0
confirm2024,w1.0,20240516,0.0006921550881519682,0.0007367823010092261,-3.0391154091931788e-05,confirm2024A,confirm2024,A,1.0
confirm2024,w1.0,20240517,0.0006360317357697598,0.00044435747797606486,0.0001868737109063378,confirm2024A,confirm2024,A,1.0
confirm2024,w1.0,20240520,0.0011113491406394508,0.0016683678124172876,-0.0005309331862331434,confirm2024A,confirm2024,A,1.0
confirm2024,w1.0,20240521,0.004687462041830844,0.004442493844176943,0.00029213065549561746,confirm2024A,confirm2024,A,1.0
confirm2024,w1.0,20240522,0.002708331448715774,0.0033338112651238095,-0.0006176404276860992,confirm2024A,confirm2024,A,1.0
confirm2024,w1.0,20240523,0.0010633821550568726,0.001498084686311275,-0.0004682895954198089,confirm2024A,confirm2024,A,1.0
confirm2024,w1.0,20240524,-0.0002201748966624041,-0.0002707333600179061,3.612267982294183e-05,confirm2024A,confirm2024,A,1.0
confirm2024,w1.0,20240527,0.0009829216280048056,0.000996477194218227,-2.9625881034712798e-05,confirm2024A,confirm2024,A,1.0
confirm2024,w1.0,20240528,0.0018667227795445768,0.0014816832451591427,0.00039356623308392286,confirm2024A,confirm2024,A,1.0
confirm2024,w1.0,20240529,0.0029331544074939226,0.002798150164759233,0.00011512500031699226,confirm2024A,confirm2024,A,1.0
confirm2024,w1.0,20240530,0.0013130323307614863,0.0006880216890242649,0.0006377001087872767,confirm2024A,confirm2024,A,1.0
confirm2024,w1.0,20240531,-0.0007458653930745643,-0.00012213845869933257,-0.000605656999173046,confirm2024A,confirm2024,A,1.0
confirm2024,w1.0,20240603,0.000734312372572609,0.0019182494383173743,-0.001191707697382034,confirm2024A,confirm2024,A,1.0
confirm2024,w1.0,20240604,0.003670010111394048,0.004102511786504639,-0.00045259220517426135,confirm2024A,confirm2024,A,1.0
confirm2024,w1.0,20240605,-0.0022437002277192197,-0.00040891873355006507,-0.001841476944521853,confirm2024A,confirm2024,A,1.0
confirm2024,w1.0,20240606,0.002490277367725554,0.0015168269106109603,0.0009651399824959038,confirm2024A,confirm2024,A,1.0
confirm2024,w1.0,20240607,0.00631273801348455,0.005319402459063141,0.0009967208918918898,confirm2024A,confirm2024,A,1.0
confirm2024,w1.0,20240611,0.000622125645068701,-0.0001930959601519733,0.0008147235924770967,confirm2024A,confirm2024,A,1.0
confirm2024,w1.0,20240612,0.002841915449143157,0.002600632427701427,0.0002479969974039254,confirm2024A,confirm2024,A,1.0
confirm2024,w1.0,20240613,-0.002106944084721665,-0.0019229087012963913,-0.00016954041612671474,confirm2024A,confirm2024,A,1.0
confirm2024,w1.0,20240614,0.002617657024903447,0.0026506099641781383,-3.976846224563953e-05,confirm2024A,confirm2024,A,1.0
confirm2024,w1.0,20240617,-0.0006793861831743721,-0.001135634958180932,0.0004365452459426337,confirm2024A,confirm2024,A,1.0
confirm2024,w1.0,20240618,-0.0016159793373883725,-0.0012967961542406595,-0.0003640526170430611,confirm2024A,confirm2024,A,1.0
confirm2024,w1.0,20240619,3.309140973697944e-06,0.000372448606903091,-0.0003616462016843623,confirm2024A,confirm2024,A,1.0
confirm2024,w1.0,20240620,0.0003777064174162062,0.00045404844738133947,-0.00011176173480531492,confirm2024A,confirm2024,A,1.0
confirm2024,w1.0,20240621,-0.0023083678394662244,-0.000788612944285064,-0.001519754895181166,confirm2024A,confirm2024,A,1.0
confirm2024,w1.0,20240624,-0.00440385174945649,-0.004290803833599619,-0.00011304791585687029,confirm2024A,confirm2024,A,1.0
confirm2024,w1.0,20240625,0.0031397351647303,0.0014393669990770803,0.0016729321479081757,confirm2024A,confirm2024,A,1.0
confirm2024,w1.0,20240626,5.2278528070749675e-05,0.0007320419222891842,-0.0006422992429775738,confirm2024A,confirm2024,A,1.0
confirm2024,w1.0,20240627,0.0013566386131652905,0.0013607098386712933,-2.6813813544484237e-05,confirm2024A,confirm2024,A,1.0
confirm2024,w1.0,20240628,-0.0031269911926546153,-0.003064299297026051,-0.0001124142427538759,confirm2024A,confirm2024,A,1.0
confirm2024,w1.0,20240701,-0.0012318850811156576,-0.0010453914310096686,-0.00022763198255302652,confirm2024A,confirm2024,A,1.0
confirm2024,w1.0,20240702,0.0031194931024399793,0.003212177058613692,-0.00010457878972623929,confirm2024A,confirm2024,A,1.0
confirm2024,w1.0,20240703,-3.336136219664679e-05,0.0005978360011703837,-0.0005674438892813384,confirm2024A,confirm2024,A,1.0
confirm2024,w1.0,20240704,0.0032164539599986997,0.0023468454767470353,0.0007764838792254389,confirm2024A,confirm2024,A,1.0
confirm2024,w1.0,20240705,-0.001309876414307052,-0.0005480245487435373,-0.0007576156386119759,confirm2024A,confirm2024,A,1.0
confirm2024,w1.0,20240708,0.001409283374539303,0.0012970983779504682,6.41210126451461e-05,confirm2024A,confirm2024,A,1.0
confirm2024,w1.0,20240709,0.00205961744666825,0.0019152253236392482,1.1211207446996218e-05,confirm2024A,confirm2024,A,1.0
confirm2024,w1.0,20240710,0.003933083043700259,0.0029116952125031624,0.0009240260939438044,confirm2024A,confirm2024,A,1.0
confirm2024,w1.0,20240711,0.0013739705381719885,0.0013783907176011607,-0.00013906670990445526,confirm2024A,confirm2024,A,1.0
confirm2024,w1.0,20240712,-0.002526341286654195,-0.0014510889304424623,-0.0011531544892439839,confirm2024A,confirm2024,A,1.0
confirm2024,w1.0,20240715,0.00368585707809435,0.0034825126728537923,0.00014685830969143784,confirm2024A,confirm2024,A,1.0
confirm2024,w1.0,20240716,0.0009636204665164627,0.0015795640828607724,-0.0006782908894163008,confirm2024A,confirm2024,A,1.0
confirm2024,w1.0,20240717,-0.0002842454040136118,0.00010947121106954689,-0.0004497616214262965,confirm2024A,confirm2024,A,1.0
confirm2024,w1.0,20240718,0.0039014704344078003,0.003364966355219444,0.00040348754480352543,confirm2024A,confirm2024,A,1.0
confirm2024,w1.0,20240719,0.002011349024590765,0.0014713731160140076,0.0004840423262116731,confirm2024A,confirm2024,A,1.0
confirm2024,w1.0,20240722,-0.003383331845486382,-0.002719362055046898,-0.0006996209932024403,confirm2024A,confirm2024,A,1.0
confirm2024,w1.0,20240723,-0.0010960767643212396,-0.00040900701802865303,-0.0007385546176358705,confirm2024A,confirm2024,A,1.0
confirm2024,w1.0,20240724,0.0016836637808242353,0.0014771510076985084,0.00015350992132127765,confirm2024A,confirm2024,A,1.0
confirm2024,w1.0,20240725,0.0012623059471051981,0.00044885419973010723,0.000749093937975562,confirm2024A,confirm2024,A,1.0
confirm2024,w1.0,20240726,-0.001732805054539509,-0.0014334701053824801,-0.0003281236865457296,confirm2024A,confirm2024,A,1.0
confirm2024,w1.0,20240729,0.0012789179143585638,0.0012529445564473636,4.6534529625807524e-05,confirm2024A,confirm2024,A,1.0
confirm2024,w1.0,20240730,0.004864547209235362,0.0036646544386504504,0.0011465745004850024,confirm2024A,confirm2024,A,1.0
confirm2024,w1.0,20240731,0.00034880090417312707,0.00019148083952278403,9.04296568611336e-05,confirm2024A,confirm2024,A,1.0
confirm2024,w1.0,20240801,-0.0004709056522398409,-8.36582449356615e-05,-0.0003327434000890403,confirm2024A,confirm2024,A,1.0
confirm2024,w1.0,20240802,-0.0009099261438826889,-0.00020663574830016255,-0.0007258676026651567,confirm2024A,confirm2024,A,1.0
confirm2024,w1.0,20240805,0.0036529783111006707,0.002465337616964829,0.0011773354952505943,confirm2024A,confirm2024,A,1.0
confirm2024,w1.0,20240806,0.0020695231640665696,0.0020171464983198104,2.8910195924729233e-05,confirm2024A,confirm2024,A,1.0
confirm2024,w1.0,20240807,-0.001982216145614471,-0.0018132263484677811,-0.0002599976803882145,confirm2024A,confirm2024,A,1.0
confirm2024,w0.0,20240808,0.0027089179704063455,0.0025166528149405407,0.0001492357627646847,confirm2024B,confirm2024,B,0.0
confirm2024,w0.0,20240809,0.0025826898997403664,0.001459187807640911,0.0010972907036459869,confirm2024B,confirm2024,B,0.0
confirm2024,w0.0,20240812,0.002437828512835526,0.002968992357095537,-0.0005865439279246442,confirm2024B,confirm2024,B,0.0
confirm2024,w0.0,20240813,-0.0005788816355276399,0.00015616057374285934,-0.0007577152959967601,confirm2024B,confirm2024,B,0.0
confirm2024,w0.0,20240814,0.0008077959135630881,0.0012118802973629817,-0.0004173113908102359,confirm2024B,confirm2024,B,0.0
confirm2024,w0.0,20240815,0.0014624346895273739,0.0013675536559350884,7.654342845389242e-05,confirm2024B,confirm2024,B,0.0
confirm2024,w0.0,20240816,0.0029649371394853516,0.0019319351231268163,0.0009940799425552952,confirm2024B,confirm2024,B,0.0
confirm2024,w0.0,20240819,-0.0009426397381356276,-0.0012022622926697649,0.00029482233141110996,confirm2024B,confirm2024,B,0.0
confirm2024,w0.0,20240820,-0.0008165721434614738,-0.00028934355218701927,-0.0005335067922230504,confirm2024B,confirm2024,B,0.0
confirm2024,w0.0,20240821,0.0034734836904582525,0.002430126634682637,0.0010159239031230889,confirm2024B,confirm2024,B,0.0
confirm2024,w0.0,20240822,-0.0003699057005473313,-0.0008373047108935658,0.00048539279408006284,confirm2024B,confirm2024,B,0.0
confirm2024,w0.0,20240823,0.0020217107312894937,0.0024827902989444017,-0.0004716277032835503,confirm2024B,confirm2024,B,0.0
confirm2024,w0.0,20240826,0.00398295643286283,0.002856831722596838,0.0011318203213166286,confirm2024B,confirm2024,B,0.0
confirm2024,w0.0,20240827,0.00023042494039811432,0.0005908435935305571,-0.0003402473766677853,confirm2024B,confirm2024,B,0.0
confirm2024,w0.0,20240828,-0.0019523593530804476,-0.0006262044749105382,-0.001305709311404932,confirm2024B,confirm2024,B,0.0
confirm2024,w0.0,20240829,-0.0019165200993678903,-0.0005329341106875846,-0.0014160881359347951,confirm2024B,confirm2024,B,0.0
confirm2024,w0.0,20240830,0.0009646216403676154,0.0005267051861355368,0.00037403326167689805,confirm2024B,confirm2024,B,0.0
confirm2024,w0.0,20240902,0.0006672630536050592,0.0016052588086041672,-0.0009255062582376859,confirm2024B,confirm2024,B,0.0
confirm2024,w0.0,20240903,0.0006536689063371759,-8.839233644764282e-05,0.0007148418018839918,confirm2024B,confirm2024,B,0.0
confirm2024,w0.0,20240904,-0.0002969291943299701,0.0003017676671030933,-0.0006104405610072555,confirm2024B,confirm2024,B,0.0
confirm2024,w0.0,20240905,-0.0003030498367752911,-0.0013703606231010223,0.0010620598216833836,confirm2024B,confirm2024,B,0.0
confirm2024,w0.0,20240906,-0.0007771704809569385,-0.00026483773650177176,-0.0005448591895066619,confirm2024B,confirm2024,B,0.0
confirm2024,w0.0,20240909,0.0015144544401392204,0.0023001683335591916,-0.0008016231744234234,confirm2024B,confirm2024,B,0.0
confirm2024,w0.0,20240910,0.0015053803700864525,0.001546457440116458,-6.268938218038513e-05,confirm2024B,confirm2024,B,0.0
confirm2024,w0.0,20240911,0.0017777930887288137,0.0012827948154374908,0.0004570655751121222,confirm2024B,confirm2024,B,0.0
confirm2024,w0.0,20240912,0.001492619682395573,0.00018760911707803573,0.0012726982264781906,confirm2024B,confirm2024,B,0.0
confirm2024,w0.0,20240913,-0.0019502160290383944,-0.0027553499438287147,0.0008254122898938606,confirm2024B,confirm2024,B,0.0
confirm2024,w0.0,20240918,0.0004940582721826327,0.0010189815575086664,-0.0005637878249559123,confirm2024B,confirm2024,B,0.0
confirm2024,w0.0,20240919,-0.0014460911912320368,-0.0013528793754271327,-0.00011496354783322276,confirm2024B,confirm2024,B,0.0
confirm2024,w0.0,20240920,0.0008000241624073071,0.0008008845196397936,-3.048283353787352e-06,confirm2024B,confirm2024,B,0.0
confirm2024,w0.0,20240923,0.0035726460803924553,0.003129264081032364,0.00044195067384918466,confirm2024B,confirm2024,B,0.0
confirm2024,w0.0,20240924,0.0014020911427126814,0.0014690792538198994,-7.037866763124983e-05,confirm2024B,confirm2024,B,0.0
confirm2024,w0.0,20240925,0.0018022471347631588,0.0014974075771606679,0.0002821048560066469,confirm2024B,confirm2024,B,0.0
confirm2024,w0.0,20240926,-0.0002434602536687397,0.0023832846933183474,-0.002576422049026736,confirm2024B,confirm2024,B,0.0
confirm2024,w0.0,20240927,0.006226759177361693,0.01137256497443847,-0.005038358296143254,confirm2024B,confirm2024,B,0.0
confirm2024,w0.0,20240930,0.007417241563045449,0.013842210462552422,-0.006424968899506987,confirm2024B,confirm2024,B,0.0
confirm2024,w0.0,20241008,-0.003223110326830869,-0.005417073624409272,0.002193963297578402,confirm2024B,confirm2024,B,0.0
confirm2024,w0.0,20241009,0.009556684128894828,0.007980323711335348,0.0014704430194648747,confirm2024B,confirm2024,B,0.0
confirm2024,w0.0,20241010,0.0013760346574956603,-0.00010424479082809038,0.0014159123105589384,confirm2024B,confirm2024,B,0.0
confirm2024,w0.0,20241011,-0.003450514129373524,-0.001227861003679149,-0.0021315489899975965,confirm2024B,confirm2024,B,0.0
confirm2024,w0.0,20241014,-0.0008954063038062281,-0.0005169113490053773,-0.00035744333706768614,confirm2024B,confirm2024,B,0.0
confirm2024,w0.0,20241015,-0.00019512235398037783,-0.0007158762366726108,0.0004692319715533707,confirm2024B,confirm2024,B,0.0
confirm2024,w0.0,20241016,-0.002115206833443648,-0.000849752575138948,-0.001288543163475665,confirm2024B,confirm2024,B,0.0
confirm2024,w0.0,20241017,-0.0022380883670993085,-0.00017861739274156385,-0.002053062669164981,confirm2024B,confirm2024,B,0.0
confirm2024,w0.0,20241018,-0.0032314501844591687,-0.00038332409746665475,-0.002868321819207446,confirm2024B,confirm2024,B,0.0
confirm2024,w0.0,20241021,0.0018284240139467643,0.0004954640444064141,0.0013516994664197297,confirm2024B,confirm2024,B,0.0
confirm2024,w0.0,20241022,0.00040411349933745094,-0.0006726566786412787,0.0010325893831276288,confirm2024B,confirm2024,B,0.0
confirm2024,w0.0,20241023,-0.0003811127997661373,-0.0014774523368526584,0.0010635196526527853,confirm2024B,confirm2024,B,0.0
confirm2024,w0.0,20241024,-0.0019517414776807455,-0.0011356908506251573,-0.0008340728602985719,confirm2024B,confirm2024,B,0.0
confirm2024,w0.0,20241025,-0.0023304800177020198,-0.0021212524241085136,-0.0002335972059135786,confirm2024B,confirm2024,B,0.0
confirm2024,w0.0,20241028,9.97874596735393e-05,-0.00048569868572556944,0.0005554238684030489,confirm2024B,confirm2024,B,0.0
confirm2024,w0.0,20241029,-0.0028725909187604618,-0.0028681235884003052,-6.320764454259957e-05,confirm2024B,confirm2024,B,0.0
confirm2024,w0.0,20241030,-0.00346293249714655,-0.0023629988842032512,-0.001113860960546344,confirm2024B,confirm2024,B,0.0
confirm2024,w0.0,20241031,0.01062090052268545,0.005028932633275473,0.005610367403519646,confirm2024B,confirm2024,B,0.0
confirm2024,w0.0,20241101,0.0017304549191583286,0.001999363849005916,-0.0003123871988291831,confirm2024B,confirm2024,B,0.0
confirm2024,w0.0,20241104,-0.0054922711896593784,-0.00283892548053738,-0.002568816759655396,confirm2024B,confirm2024,B,0.0
confirm2024,w0.0,20241105,-0.0005506521560813002,-0.00034640694041915114,-0.0002274562335887439,confirm2024B,confirm2024,B,0.0
confirm2024,w0.0,20241106,0.0007592178377053248,0.00040480264877429796,0.0002934878088363004,confirm2024B,confirm2024,B,0.0
confirm2024,w0.0,20241107,-0.0028062404556192452,-0.0014489444854364547,-0.0013154408125533128,confirm2024B,confirm2024,B,0.0
confirm2024,w0.0,20241108,-0.002452403458110687,-0.0006591790174272286,-0.0017268660357238823,confirm2024B,confirm2024,B,0.0
confirm2024,w0.0,20241111,0.0024615991701831246,0.001386424741908956,0.0010730763618719257,confirm2024B,confirm2024,B,0.0
confirm2024,w0.0,20241112,0.00119081180194956,0.0011279921521490958,0.00018158939913914165,confirm2024B,confirm2024,B,0.0
confirm2024,w0.0,20241113,0.00363018122889942,0.0018061201651189572,0.001775172745101668,confirm2024B,confirm2024,B,0.0
confirm2024,w0.0,20241114,0.004845114704165279,0.0029063161946482202,0.0018840491220682945,confirm2024B,confirm2024,B,0.0
confirm2024,w0.0,20241115,0.0075895338743630705,0.0026430112785553197,0.004976926727941948,confirm2024B,confirm2024,B,0.0
confirm2024,w0.0,20241118,-0.001647824615131556,0.0007174033480842746,-0.002403307547075694,confirm2024B,confirm2024,B,0.0
confirm2024,w0.0,20241119,-0.002571542958451325,-0.0012533218695041514,-0.0013246959501805764,confirm2024B,confirm2024,B,0.0
confirm2024,w0.0,20241120,-0.0007051651038381488,-0.0012870390335111511,0.0005805556733168497,confirm2024B,confirm2024,B,0.0
confirm2024,w0.0,20241121,-0.0006511289794818229,-0.0018392850618256316,0.0011842169661712841,confirm2024B,confirm2024,B,0.0
confirm2024,w0.0,20241122,0.0017628262410782618,0.0015076825712736616,0.00018968895432747875,confirm2024B,confirm2024,B,0.0
confirm2024,w0.0,20241125,0.0031505599854086607,0.0010200460365098743,0.002142538881710205,confirm2024B,confirm2024,B,0.0
confirm2024,w0.0,20241126,-0.0005337594790898337,0.001147886990026532,-0.0017284330238135524,confirm2024B,confirm2024,B,0.0
confirm2024,w0.0,20241127,-0.00021719552162301095,-0.0007672353498151069,0.0005431191992074125,confirm2024B,confirm2024,B,0.0
confirm2024,w0.0,20241128,0.0005242131838787654,0.0017336170341252137,-0.0012489142960010787,confirm2024B,confirm2024,B,0.0
confirm2024,w0.0,20241129,-0.0015566641820336444,-0.00031274749792625615,-0.0012651657831071026,confirm2024B,confirm2024,B,0.0
confirm2024,w0.0,20241202,-0.0010613536834322697,-0.0010830183923853894,3.384139229190724e-06,confirm2024B,confirm2024,B,0.0
confirm2024,w0.0,20241203,0.002581259763965286,0.0014695049476604013,0.001058068920936778,confirm2024B,confirm2024,B,0.0
confirm2024,w0.0,20241204,-0.001706357306165751,5.8074383476341786e-05,-0.0017444881326015935,confirm2024B,confirm2024,B,0.0
confirm2024,w0.0,20241205,0.001545376541758103,0.0008047970699239928,0.0007218629157218216,confirm2024B,confirm2024,B,0.0
confirm2024,w0.0,20241206,0.0026502660878806265,0.0018963166443625916,0.0008043354121860171,confirm2024B,confirm2024,B,0.0
confirm2024,w0.0,20241209,-0.0011245688462868083,9.085606418549752e-05,-0.0012400130426530715,confirm2024B,confirm2024,B,0.0
confirm2024,w0.0,20241210,-0.0011300330746337704,-0.0011852250757518018,1.645370618078625e-05,confirm2024B,confirm2024,B,0.0
confirm2024,w0.0,20241211,0.0008415106650678673,0.000449010611380984,0.0003689427076231664,confirm2024B,confirm2024,B,0.0
confirm2024,w0.0,20241212,-0.000981727346129408,-0.0012578703016779733,0.0002665919219053778,confirm2024B,confirm2024,B,0.0
confirm2024,w0.0,20241213,0.001806584245431782,-4.906489759647276e-07,0.0018457292371766789,confirm2024B,confirm2024,B,0.0
confirm2024,w0.0,20241216,0.007744975908109256,0.004691483328790219,0.003071700606867456,confirm2024B,confirm2024,B,0.0
confirm2024,w0.0,20241217,-0.0015391128229571911,-0.0006691286159488174,-0.00090151838865088,confirm2024B,confirm2024,B,0.0
confirm2024,w0.0,20241218,0.0015032377316595024,0.0022228066359481686,-0.0007510833395039674,confirm2024B,confirm2024,B,0.0
confirm2024,w0.0,20241219,-0.0011474011101910223,0.0009018091692740797,-0.0020508896169743277,confirm2024B,confirm2024,B,0.0
confirm2024,w0.0,20241220,0.008784349504953402,0.004208576476687348,0.0045749600266067605,confirm2024B,confirm2024,B,0.0
confirm2024,w0.0,20241223,0.002268093884503582,0.0010626495120098383,0.0012204525440392179,confirm2024B,confirm2024,B,0.0
confirm2024,w0.0,20241224,0.004785438964289854,0.0019942719999535784,0.00278688858721066,confirm2024B,confirm2024,B,0.0
confirm2024,w0.0,20241225,-0.0037028455835353144,-0.0018107855737029735,-0.0018819786614181807,confirm2024B,confirm2024,B,0.0
confirm2024,w0.0,20241226,-0.0008149876928022666,-0.0018582818325558637,0.001026878289693054,confirm2024B,confirm2024,B,0.0
confirm2024,w0.0,20241227,0.0016130689037634274,-4.938082186868977e-06,0.001576862325239737,confirm2024B,confirm2024,B,0.0
confirm2024,w0.0,20241230,0.0036112365219587474,0.0007483151273538189,0.002884497992593088,confirm2024B,confirm2024,B,0.0
confirm2024,w0.0,20241231,-0.0013084115315594516,0.00010850603931198763,-0.0014336684758726737,confirm2024B,confirm2024,B,0.0
confirm2024,w0.1,20240808,0.0023766064802893646,0.0021643723826785333,0.00016920470490971038,confirm2024B,confirm2024,B,0.1
confirm2024,w0.1,20240809,0.0029128936810084143,0.0023409926090857823,0.0005456896834691631,confirm2024B,confirm2024,B,0.1
confirm2024,w0.1,20240812,0.0036723486126217933,0.003926930118560877,-0.00030996158960371533,confirm2024B,confirm2024,B,0.1
confirm2024,w0.1,20240813,-0.00041628695685485845,-7.186408310481104e-05,-0.0003670959604763093,confirm2024B,confirm2024,B,0.1
confirm2024,w0.1,20240814,0.0006712792936264637,0.0009203341151307098,-0.00026228182851458827,confirm2024B,confirm2024,B,0.1
confirm2024,w0.1,20240815,0.003474472250304797,0.003402186696433554,5.3947948732848796e-05,confirm2024B,confirm2024,B,0.1
confirm2024,w0.1,20240816,0.003011427438460363,0.0022269518488798458,0.0007455535157772772,confirm2024B,confirm2024,B,0.1
confirm2024,w0.1,20240819,0.0012618460234016908,0.0010836429643227522,0.00021340283595590954,confirm2024B,confirm2024,B,0.1
confirm2024,w0.1,20240820,-0.0009747441693074422,-0.0005946501620704001,-0.0003863722081856383,confirm2024B,confirm2024,B,0.1
confirm2024,w0.1,20240821,0.0021477351751140704,0.0015047861914813452,0.0006155158309801982,confirm2024B,confirm2024,B,0.1
confirm2024,w0.1,20240822,-0.0006963549862440809,-0.0009856869605894363,0.0003073257580791844,confirm2024B,confirm2024,B,0.1
confirm2024,w0.1,20240823,0.002022846903910058,0.0023447997536781215,-0.0003325009853967057,confirm2024B,confirm2024,B,0.1
confirm2024,w0.1,20240826,0.0032371403279299674,0.002579925664840804,0.0006629102741398012,confirm2024B,confirm2024,B,0.1
confirm2024,w0.1,20240827,-0.000285090026448569,0.00011679614027364937,-0.00038171489025756185,confirm2024B,confirm2024,B,0.1
confirm2024,w0.1,20240828,-0.0019160959913793341,-0.0008510363713472985,-0.001044614053267056,confirm2024B,confirm2024,B,0.1
confirm2024,w0.1,20240829,-0.000495503383114132,0.00024287331752976645,-0.0007708788478983889,confirm2024B,confirm2024,B,0.1
confirm2024,w0.1,20240830,0.0015468731975749068,0.0011152270629203329,0.0003677629420993923,confirm2024B,confirm2024,B,0.1
confirm2024,w0.1,20240902,0.0016875904388281328,0.0024093809600500456,-0.0007093010244604909,confirm2024B,confirm2024,B,0.1
confirm2024,w0.1,20240903,-0.0012912893514622206,-0.001669115943263867,0.00035060715090081795,confirm2024B,confirm2024,B,0.1
confirm2024,w0.1,20240904,1.6008221482174262e-05,0.00040933309748093327,-0.00040506857557295076,confirm2024B,confirm2024,B,0.1
confirm2024,w0.1,20240905,-0.0002479863071277906,-0.0010144387195534159,0.0007612014477832789,confirm2024B,confirm2024,B,0.1
confirm2024,w0.1,20240906,-0.0003449890546116932,-7.032402989810301e-06,-0.0003704830966733787,confirm2024B,confirm2024,B,0.1
confirm2024,w0.1,20240909,0.0010151239265578467,0.0015793652326861417,-0.0005801505871317458,confirm2024B,confirm2024,B,0.1
confirm2024,w0.1,20240910,0.0005298112087133051,0.0006381574723692981,-0.00012995857580637183,confirm2024B,confirm2024,B,0.1
confirm2024,w0.1,20240911,-0.00020560639004991,-0.000583172522175596,0.0003396334339464847,confirm2024B,confirm2024,B,0.1
confirm2024,w0.1,20240912,0.001092763947066035,0.0002032695307578082,0.0008571820774688801,confirm2024B,confirm2024,B,0.1
confirm2024,w0.1,20240913,-0.0015817790130230203,-0.0020928129339488305,0.0005313122960293508,confirm2024B,confirm2024,B,0.1
confirm2024,w0.1,20240918,0.0008014977751548032,0.0011660303360382005,-0.0004033971005132772,confirm2024B,confirm2024,B,0.1
confirm2024,w0.1,20240919,-0.0006162639741755715,-0.0005244809675517324,-0.00011353473865215749,confirm2024B,confirm2024,B,0.1
confirm2024,w0.1,20240920,0.0005573833873101725,0.0005303021105155567,2.48933506733149e-05,confirm2024B,confirm2024,B,0.1
confirm2024,w0.1,20240923,0.0022369923743564696,0.0019223261903509687,0.00031323485849457774,confirm2024B,confirm2024,B,0.1
confirm2024,w0.1,20240924,0.0019956977927464287,0.001973706371951688,1.8600864270706128e-05,confirm2024B,confirm2024,B,0.1
confirm2024,w0.1,20240925,0.0010016471843874303,0.0008782175213790364,0.00010069496141254861,confirm2024B,confirm2024,B,0.1
confirm2024,w0.1,20240926,0.0013268274056733934,0.0033211438549675086,-0.0019439935513337768,confirm2024B,confirm2024,B,0.1
confirm2024,w0.1,20240927,0.008536884299607264,0.01242125167704695,-0.0037769198765061416,confirm2024B,confirm2024,B,0.1
confirm2024,w0.1,20240930,0.011993720733647018,0.015270091783699754,-0.003276371050052734,confirm2024B,confirm2024,B,0.1
confirm2024,w0.1,20241008,-0.004870360951672537,-0.005085285174489813,0.00021492422281726617,confirm2024B,confirm2024,B,0.1
confirm2024,w0.1,20241009,0.009984324554659713,0.00886689484267678,0.0010115123138883294,confirm2024B,confirm2024,B,0.1
confirm2024,w0.1,20241010,0.0012459975140794999,0.00031837433028869853,0.0008632560460259872,confirm2024B,confirm2024,B,0.1
confirm2024,w0.1,20241011,-0.0025040571891459355,-0.0007941227639795428,-0.0016188302894696173,confirm2024B,confirm2024,B,0.1
confirm2024,w0.1,20241014,0.0004158062749339501,0.0007855537565200033,-0.00034869586385288614,confirm2024B,confirm2024,B,0.1
confirm2024,w0.1,20241015,-0.00018211266903665237,-0.000646898468237601,0.0004132638880620873,confirm2024B,confirm2024,B,0.1
confirm2024,w0.1,20241016,-0.002782437864154836,-0.0017266569129979416,-0.0010788698563278596,confirm2024B,confirm2024,B,0.1
confirm2024,w0.1,20241017,-0.002860132587000578,-0.0010027593284469786,-0.0018509649533608363,confirm2024B,confirm2024,B,0.1
confirm2024,w0.1,20241018,-0.0027687256982681964,-0.00026077329306046013,-0.0025281481374226696,confirm2024B,confirm2024,B,0.1
confirm2024,w0.1,20241021,0.0026819953192050404,0.001432489381588771,0.0012682454344956485,confirm2024B,confirm2024,B,0.1
confirm2024,w0.1,20241022,-2.225227540191303e-05,-0.0010098986072897254,0.0009434655370367115,confirm2024B,confirm2024,B,0.1
confirm2024,w0.1,20241023,0.0010731109639225017,6.4275943383716066e-06,0.001033863485150394,confirm2024B,confirm2024,B,0.1
confirm2024,w0.1,20241024,-0.0028459309596118344,-0.0021247480518817715,-0.0007392051409730483,confirm2024B,confirm2024,B,0.1
confirm2024,w0.1,20241025,-0.0025593696519768706,-0.002366477582503327,-0.00021726168179361273,confirm2024B,confirm2024,B,0.1
confirm2024,w0.1,20241028,-0.0011010620043823346,-0.001657402953959334,0.0005262786725809378,confirm2024B,confirm2024,B,0.1
confirm2024,w0.1,20241029,-0.003304885237148345,-0.003292614267727948,-7.10112836028395e-05,confirm2024B,confirm2024,B,0.1
confirm2024,w0.1,20241030,-0.00457546236969931,-0.003555661901894463,-0.0010337278154078906,confirm2024B,confirm2024,B,0.1
confirm2024,w0.1,20241031,0.009431594123543677,0.004463029226577555,0.004986964411075788,confirm2024B,confirm2024,B,0.1
confirm2024,w0.1,20241101,0.0028837511668944743,0.003125645180803407,-0.0002853722828905316,confirm2024B,confirm2024,B,0.1
confirm2024,w0.1,20241104,-0.003806536873527805,-0.0012802658925376432,-0.0024417420315235618,confirm2024B,confirm2024,B,0.1
confirm2024,w0.1,20241105,-0.0005381225156265521,-0.00044393918501594995,-0.00011739434853719709,confirm2024B,confirm2024,B,0.1
confirm2024,w0.1,20241106,-4.7373833855827996e-05,-0.00044680589076971986,0.0003385046768191662,confirm2024B,confirm2024,B,0.1
confirm2024,w0.1,20241107,-0.0019652302972255915,-0.0006200499622558545,-0.001303325177340259,confirm2024B,confirm2024,B,0.1
confirm2024,w0.1,20241108,-0.0024695573220493983,-0.0006800720937790261,-0.0017231268233107934,confirm2024B,confirm2024,B,0.1
confirm2024,w0.1,20241111,0.004990280468953941,0.003851009488082134,0.0011371729144695644,confirm2024B,confirm2024,B,0.1
confirm2024,w0.1,20241112,0.0007270958269651796,0.0006723902346950942,0.00017347534160876268,confirm2024B,confirm2024,B,0.1
confirm2024,w0.1,20241113,0.0028923714086522036,0.0012332356543309135,0.0016102474356424943,confirm2024B,confirm2024,B,0.1
confirm2024,w0.1,20241114,0.004639757621992336,0.0028384951911068932,0.0017465130434366797,confirm2024B,confirm2024,B,0.1
confirm2024,w0.1,20241115,0.0052395301736711634,0.0005014278826846545,0.004768506423120703,confirm2024B,confirm2024,B,0.1
confirm2024,w0.1,20241118,-0.0005925489048874202,0.001496655450234273,-0.0021272839389815546,confirm2024B,confirm2024,B,0.1
confirm2024,w0.1,20241119,-0.002085622731989801,-0.000857417015762445,-0.0012346805774607595,confirm2024B,confirm2024,B,0.1
confirm2024,w0.1,20241120,0.0013712092691923602,0.0007369724685173647,0.0006329185443188427,confirm2024B,confirm2024,B,0.1
confirm2024,w0.1,20241121,-0.0007472987497303962,-0.0017861725079240081,0.0010349346420210916,confirm2024B,confirm2024,B,0.1
confirm2024,w0.1,20241122,0.002634135598241657,0.0022893384145806065,0.0002793424681839276,confirm2024B,confirm2024,B,0.1
confirm2024,w0.1,20241125,0.0036283059948566034,0.0018329624918623662,0.0018073684358056563,confirm2024B,confirm2024,B,0.1
confirm2024,w0.1,20241126,-0.0010871994211873234,0.0003890776176657711,-0.0015230635935502763,confirm2024B,confirm2024,B,0.1
confirm2024,w0.1,20241127,0.0003395203565549805,-0.00012806565365205687,0.000460665381222354,confirm2024B,confirm2024,B,0.1
confirm2024,w0.1,20241128,0.0008223267233537727,0.0018166406926925466,-0.0010338244150934059,confirm2024B,confirm2024,B,0.1
confirm2024,w0.1,20241129,-0.0016634023417955064,-0.0006834689930859377,-0.0010011824477092843,confirm2024B,confirm2024,B,0.1
confirm2024,w0.1,20241202,-0.0009744757884419582,-0.0009320322273542244,-6.072413081166306e-05,confirm2024B,confirm2024,B,0.1
confirm2024,w0.1,20241203,0.003196045261691729,0.002184944531004656,0.000957414835318967,confirm2024B,confirm2024,B,0.1
confirm2024,w0.1,20241204,-0.0010424011419502173,0.000682091173460909,-0.0017045487583706269,confirm2024B,confirm2024,B,0.1
confirm2024,w0.1,20241205,0.0011913828439495018,0.00042185317895661507,0.0007508131088805987,confirm2024B,confirm2024,B,0.1
confirm2024,w0.1,20241206,0.0028415774340865988,0.002179191309625764,0.000712772093128817,confirm2024B,confirm2024,B,0.1
confirm2024,w0.1,20241209,-0.0008612689921709878,0.00033810542048527106,-0.0012239625448370237,confirm2024B,confirm2024,B,0.1
confirm2024,w0.1,20241210,0.000570386943492528,0.0004300800131435912,0.00010156863541169365,confirm2024B,confirm2024,B,0.1
confirm2024,w0.1,20241211,0.0018428663953086906,0.0014095144519320982,0.0004097945973128756,confirm2024B,confirm2024,B,0.1
confirm2024,w0.1,20241212,-0.0005479963710232835,-0.0007396205070701808,0.00018207310240371123,confirm2024B,confirm2024,B,0.1
confirm2024,w0.1,20241213,0.0032870077063903644,0.0014153886274165198,0.001910273421742777,confirm2024B,confirm2024,B,0.1
confirm2024,w0.1,20241216,0.006066488744426973,0.0029214351303147477,0.0031632616416606483,confirm2024B,confirm2024,B,0.1
confirm2024,w0.1,20241217,-0.002199130504619911,-0.001367379663675768,-0.0008632850225866497,confirm2024B,confirm2024,B,0.1
confirm2024,w0.1,20241218,0.00100914675241817,0.0016529633721347468,-0.0006753310549318779,confirm2024B,confirm2024,B,0.1
confirm2024,w0.1,20241219,-0.0006942784588672164,0.001287441389162795,-0.0019833991855392353,confirm2024B,confirm2024,B,0.1
confirm2024,w0.1,20241220,0.00821404689981478,0.003844442175935682,0.004368791722219802,confirm2024B,confirm2024,B,0.1
confirm2024,w0.1,20241223,0.001218769957782407,5.685525502803631e-05,0.0011769228742998445,confirm2024B,confirm2024,B,0.1
confirm2024,w0.1,20241224,0.003006155984765821,0.0004449295062100554,0.002556948101430148,confirm2024B,confirm2024,B,0.1
confirm2024,w0.1,20241225,-0.0029183496145527947,-0.0011548110108655627,-0.0017534572552730708,confirm2024B,confirm2024,B,0.1
confirm2024,w0.1,20241226,-0.0008897068431595835,-0.0019140342743795289,0.001007911581159402,confirm2024B,confirm2024,B,0.1
confirm2024,w0.1,20241227,0.0014325501917070698,-0.00012470627557173073,0.00151611180656824,confirm2024B,confirm2024,B,0.1
confirm2024,w0.1,20241230,0.00533754918075206,0.002591574152675432,0.002767551626064788,confirm2024B,confirm2024,B,0.1
confirm2024,w0.1,20241231,0.0002650652278672061,0.001462030028778453,-0.0012137157059124823,confirm2024B,confirm2024,B,0.1
confirm2024,w0.2,20240808,0.002540029729816903,0.002280288103432923,0.0002167122336828616,confirm2024B,confirm2024,B,0.2
confirm2024,w0.2,20240809,0.0013062512594953762,0.000889140493378912,0.00039089937766299636,confirm2024B,confirm2024,B,0.2
confirm2024,w0.2,20240812,0.003523162810542207,0.003651021198172996,-0.00018323847129541956,confirm2024B,confirm2024,B,0.2
confirm2024,w0.2,20240813,-0.0008276754096701372,-0.0005814700467908019,-0.00026887844960559826,confirm2024B,confirm2024,B,0.2
confirm2024,w0.2,20240814,-0.00023121335143892925,-1.1795011168243134e-05,-0.00023264534728102855,confirm2024B,confirm2024,B,0.2
confirm2024,w0.2,20240815,0.0032367789290337293,0.0030623759287521013,0.00015606539514323496,confirm2024B,confirm2024,B,0.2
confirm2024,w0.2,20240816,0.002830963612811852,0.0020617063577521005,0.0007303351812565108,confirm2024B,confirm2024,B,0.2
confirm2024,w0.2,20240819,0.0006751549470158866,0.0005042317415442032,0.00020612298234865825,confirm2024B,confirm2024,B,0.2
confirm2024,w0.2,20240820,-0.0009951728910601219,-0.0006616178943657966,-0.0003398331976429211,confirm2024B,confirm2024,B,0.2
confirm2024,w0.2,20240821,0.0018336607203818644,0.0012626388028911723,0.0005435887648381649,confirm2024B,confirm2024,B,0.2
confirm2024,w0.2,20240822,-0.000400878435426499,-0.0007489462722749481,0.00036606162058227794,confirm2024B,confirm2024,B,0.2
confirm2024,w0.2,20240823,0.0013087975185258303,0.001537315619754539,-0.00023906623685735105,confirm2024B,confirm2024,B,0.2
confirm2024,w0.2,20240826,0.0034312190267343605,0.0028192144176471343,0.0006177002201378629,confirm2024B,confirm2024,B,0.2
confirm2024,w0.2,20240827,0.0006383251634872206,0.000954593317597654,-0.00029609687764577743,confirm2024B,confirm2024,B,0.2
confirm2024,w0.2,20240828,-0.0016678753232740647,-0.000642969339305161,-0.001004460417203927,confirm2024B,confirm2024,B,0.2
confirm2024,w0.2,20240829,-0.000807523839212846,-5.453701936098234e-05,-0.0007854889671063535,confirm2024B,confirm2024,B,0.2
confirm2024,w0.2,20240830,0.0009469218495554484,0.0005924624575248001,0.00029057619947546806,confirm2024B,confirm2024,B,0.2
confirm2024,w0.2,20240902,0.00275457952811394,0.003319547422657456,-0.000552478397782097,confirm2024B,confirm2024,B,0.2
confirm2024,w0.2,20240903,-0.0008665912111761398,-0.00124442441784216,0.00035061376576519203,confirm2024B,confirm2024,B,0.2
confirm2024,w0.2,20240904,0.00017108995881448714,0.0005248676483742064,-0.0003655213891339134,confirm2024B,confirm2024,B,0.2
confirm2024,w0.2,20240905,-0.0007091720203435577,-0.0014298865054832265,0.0007154635204973206,confirm2024B,confirm2024,B,0.2
confirm2024,w0.2,20240906,-0.0010305183193693164,-0.0007096851130445512,-0.0003533596513762609,confirm2024B,confirm2024,B,0.2
confirm2024,w0.2,20240909,0.0016043040664896402,0.0021599438711976393,-0.0005715490857114501,confirm2024B,confirm2024,B,0.2
confirm2024,w0.2,20240910,0.0006581310083186498,0.0007601254980268103,-0.00012360680185854035,confirm2024B,confirm2024,B,0.2
confirm2024,w0.2,20240911,-0.00017589994464326268,-0.0005540223714740807,0.00034018972865161617,confirm2024B,confirm2024,B,0.2
confirm2024,w0.2,20240912,0.0007567896705478038,-0.00011218153304398367,0.0008366588647524436,confirm2024B,confirm2024,B,0.2
confirm2024,w0.2,20240913,-0.0022853439843601216,-0.0028020597723753264,0.0005369941631187459,confirm2024B,confirm2024,B,0.2
confirm2024,w0.2,20240918,0.0009579340419154647,0.0013231347745907007,-0.00040406527230511146,confirm2024B,confirm2024,B,0.2
confirm2024,w0.2,20240919,-9.305223899049638e-05,-2.3106887013642934e-05,-9.169708400517243e-05,confirm2024B,confirm2024,B,0.2
confirm2024,w0.2,20240920,0.0017659204528963635,0.001750449410835693,1.3283115939369662e-05,confirm2024B,confirm2024,B,0.2
confirm2024,w0.2,20240923,0.001976719242148456,0.0017125178920168124,0.00026277002462073493,confirm2024B,confirm2024,B,0.2
confirm2024,w0.2,20240924,0.000648732383218149,0.0006307677000955204,1.4574126598591527e-05,confirm2024B,confirm2024,B,0.2
confirm2024,w0.2,20240925,0.0011066615899642668,0.0009985869648833907,8.533992348503129e-05,confirm2024B,confirm2024,B,0.2
confirm2024,w0.2,20240926,0.002074278465221936,0.003979137038790768,-0.0018545356756084887,confirm2024B,confirm2024,B,0.2
confirm2024,w0.2,20240927,0.009589941161084109,0.013290704917322243,-0.0035933162553046017,confirm2024B,confirm2024,B,0.2
confirm2024,w0.2,20240930,0.013659098157135383,0.016847304242616067,-0.003188206085480688,confirm2024B,confirm2024,B,0.2
confirm2024,w0.2,20241008,-0.0027015069464155217,-0.00276645227190244,6.494532548693159e-05,confirm2024B,confirm2024,B,0.2
confirm2024,w0.2,20241009,0.00995492398498983,0.00868549047437085,0.001163516112524372,confirm2024B,confirm2024,B,0.2
confirm2024,w0.2,20241010,0.0024470307313478323,0.0012367612155605727,0.0011459023780224496,confirm2024B,confirm2024,B,0.2
confirm2024,w0.2,20241011,-0.0024648065590429993,-0.0006663821878779855,-0.0017073202354682387,confirm2024B,confirm2024,B,0.2
confirm2024,w0.2,20241014,0.0007140146881513473,0.0011212634988156517,-0.0003861971929311362,confirm2024B,confirm2024,B,0.2
confirm2024,w0.2,20241015,0.0001782372749878046,-0.00034946480198454004,0.0004761801658334828,confirm2024B,confirm2024,B,0.2
confirm2024,w0.2,20241016,-0.00309693432765104,-0.0018617101429730014,-0.0012583130898490029,confirm2024B,confirm2024,B,0.2
confirm2024,w0.2,20241017,-0.0028036396694096632,-0.0007720300011517917,-0.002025201363065107,confirm2024B,confirm2024,B,0.2
confirm2024,w0.2,20241018,-0.0029248433463028092,-0.000151306195876927,-0.0027937328826408174,confirm2024B,confirm2024,B,0.2
confirm2024,w0.2,20241021,0.0029640011465370698,0.0016525220531029435,0.0013302185903135042,confirm2024B,confirm2024,B,0.2
confirm2024,w0.2,20241022,0.0012918568407302823,0.00023437308687207102,0.001013302959007111,confirm2024B,confirm2024,B,0.2
confirm2024,w0.2,20241023,0.0008582494258838323,-0.00016604208599062514,0.000991471627440722,confirm2024B,confirm2024,B,0.2
confirm2024,w0.2,20241024,-0.0030384237010822983,-0.0022317418128235526,-0.0008247041215017328,confirm2024B,confirm2024,B,0.2
confirm2024,w0.2,20241025,-0.0027599435350925197,-0.002592211000826632,-0.00019210214658595872,confirm2024B,confirm2024,B,0.2
confirm2024,w0.2,20241028,-0.0003025597860536744,-0.0008377546828358776,0.0005051326197861437,confirm2024B,confirm2024,B,0.2
confirm2024,w0.2,20241029,-0.0029317514707480107,-0.0029020845545408196,-8.84072303896351e-05,confirm2024B,confirm2024,B,0.2
confirm2024,w0.2,20241030,-0.004392646568678877,-0.003221861950938613,-0.0011847119653433096,confirm2024B,confirm2024,B,0.2
confirm2024,w0.2,20241031,0.009189292033324567,0.0036791945175144503,0.005528497029919784,confirm2024B,confirm2024,B,0.2
confirm2024,w0.2,20241101,0.0029463995335448565,0.003196292667299395,-0.0002933714027361339,confirm2024B,confirm2024,B,0.2
confirm2024,w0.2,20241104,-0.0030704824564628842,-0.0003042535085299328,-0.0026816999984663505,confirm2024B,confirm2024,B,0.2
confirm2024,w0.2,20241105,-0.0002488960962514705,-0.0001140725211334078,-0.0001580345930446556,confirm2024B,confirm2024,B,0.2
confirm2024,w0.2,20241106,-0.0010319525416954585,-0.001477121124245815,0.0003842412024556344,confirm2024B,confirm2024,B,0.2
confirm2024,w0.2,20241107,-0.0009720348144135738,0.0005404418372463852,-0.0014706214940304815,confirm2024B,confirm2024,B,0.2
confirm2024,w0.2,20241108,-0.003114768022003689,-0.0009490996907526077,-0.0020993099262915033,confirm2024B,confirm2024,B,0.2
confirm2024,w0.2,20241111,0.0034220790110662605,0.0020883042536021315,0.0013316766910618848,confirm2024B,confirm2024,B,0.2
confirm2024,w0.2,20241112,0.0014933336638354448,0.0013720302765733335,0.0002400731366007887,confirm2024B,confirm2024,B,0.2
confirm2024,w0.2,20241113,0.003231073329579018,0.001326475463873113,0.0018557095470271086,confirm2024B,confirm2024,B,0.2
confirm2024,w0.2,20241114,0.003925984239618119,0.0018391256846876493,0.0020321091674817067,confirm2024B,confirm2024,B,0.2
confirm2024,w0.2,20241115,0.006037933129678888,0.0008936936335439646,0.005174643628269118,confirm2024B,confirm2024,B,0.2
confirm2024,w0.2,20241118,-0.0001868855415642981,0.0022034878242149455,-0.0024284529496390985,confirm2024B,confirm2024,B,0.2
confirm2024,w0.2,20241119,-0.0013994367013915668,2.836680540636372e-05,-0.001434278368031336,confirm2024B,confirm2024,B,0.2
confirm2024,w0.2,20241120,0.001788556254679784,0.0011387609574826725,0.0006484770408409586,confirm2024B,confirm2024,B,0.2
confirm2024,w0.2,20241121,-0.0011543382293723939,-0.0024315123900683607,0.0012732350445234454,confirm2024B,confirm2024,B,0.2
confirm2024,w0.2,20241122,0.002344010601808711,0.0020078468046249983,0.00027070908170659147,confirm2024B,confirm2024,B,0.2
confirm2024,w0.2,20241125,0.0025526855256981177,0.0005458831860717501,0.0020188272724377876,confirm2024B,confirm2024,B,0.2
confirm2024,w0.2,20241126,-0.0007584609421121147,0.0009457575951006233,-0.0017510050919099223,confirm2024B,confirm2024,B,0.2
confirm2024,w0.2,20241127,-1.3033207408781524e-05,-0.0005621060119934809,0.0005421521756000156,confirm2024B,confirm2024,B,0.2
confirm2024,w0.2,20241128,0.0014350646101964955,0.002545225201200862,-0.001149671036758995,confirm2024B,confirm2024,B,0.2
confirm2024,w0.2,20241129,-0.0017638263092918834,-0.0005853664529494884,-0.00119970895534211,confirm2024B,confirm2024,B,0.2
confirm2024,w0.2,20241202,-0.0006384247355490102,-0.0006535111491418667,-3.194156131072491e-06,confirm2024B,confirm2024,B,0.2
confirm2024,w0.2,20241203,0.003250472342103029,0.0021590863958611335,0.0010377000508737884,confirm2024B,confirm2024,B,0.2
confirm2024,w0.2,20241204,-0.002397311308307405,-0.0003638385313985167,-0.002013529219868388,confirm2024B,confirm2024,B,0.2
confirm2024,w0.2,20241205,0.0005051155862382285,-0.0004051222112066059,0.0008915212413325472,confirm2024B,confirm2024,B,0.2
confirm2024,w0.2,20241206,0.003348847651868897,0.002576369646296594,0.0008228639742402851,confirm2024B,confirm2024,B,0.2
confirm2024,w0.2,20241209,-0.0010288213005584367,0.0004090377120668677,-0.0014624471448060699,confirm2024B,confirm2024,B,0.2
confirm2024,w0.2,20241210,0.0003129295790901404,0.00023536121611621117,3.8830068036683444e-05,confirm2024B,confirm2024,B,0.2
confirm2024,w0.2,20241211,0.002125626427116856,0.0015721173438372142,0.0005299517372159226,confirm2024B,confirm2024,B,0.2
confirm2024,w0.2,20241212,-0.0007313571941314073,-0.0009453136026247418,0.00020440537485014884,confirm2024B,confirm2024,B,0.2
confirm2024,w0.2,20241213,0.0038224374365404493,0.001741008681163816,0.0021200830981455655,confirm2024B,confirm2024,B,0.2
confirm2024,w0.2,20241216,0.006411052728280603,0.002721112522499193,0.0037081482333298312,confirm2024B,confirm2024,B,0.2
confirm2024,w0.2,20241217,-0.0022278196222342466,-0.0013056804917358947,-0.0009536733121408587,confirm2024B,confirm2024,B,0.2
confirm2024,w0.2,20241218,0.001064365426224771,0.0018340534933262052,-0.0008012025023167351,confirm2024B,confirm2024,B,0.2
confirm2024,w0.2,20241219,-0.0011331056143038132,0.001170934377826446,-0.0023057193296394836,confirm2024B,confirm2024,B,0.2
confirm2024,w0.2,20241220,0.009942616576997729,0.004689654342397517,0.005252149232940921,confirm2024B,confirm2024,B,0.2
confirm2024,w0.2,20241223,0.0016858660202222937,0.0003605645606966124,0.0013403096310711559,confirm2024B,confirm2024,B,0.2
confirm2024,w0.2,20241224,0.0041116357390309725,0.0010883870489307337,0.003018970312974622,confirm2024B,confirm2024,B,0.2
confirm2024,w0.2,20241225,-0.0022656572139545215,-0.000110308828044895,-0.0021452670374954644,confirm2024B,confirm2024,B,0.2
confirm2024,w0.2,20241226,-0.0008339781612813138,-0.0019660879532949946,0.0011156939419531393,confirm2024B,confirm2024,B,0.2
confirm2024,w0.2,20241227,0.0013292868481336196,-0.00045615319326471537,0.0017442953806877748,confirm2024B,confirm2024,B,0.2
confirm2024,w0.2,20241230,0.0051722760336960355,0.0021032109218600157,0.0030906417098241798,confirm2024B,confirm2024,B,0.2
confirm2024,w0.2,20241231,-0.0004085761509242704,0.0008259094829624154,-0.0012512365388879247,confirm2024B,confirm2024,B,0.2
confirm2024,w0.3,20240808,0.00244219319548192,0.0022010660124991074,0.00019809779028169214,confirm2024B,confirm2024,B,0.3
confirm2024,w0.3,20240809,0.0008116680201878104,0.0005300911690879018,0.00025536546264643973,confirm2024B,confirm2024,B,0.3
confirm2024,w0.3,20240812,0.003854324856097004,0.003952338640750034,-0.0001533938683176606,confirm2024B,confirm2024,B,0.3
confirm2024,w0.3,20240813,-0.00012874213047271797,0.00010532399983544273,-0.0002567392170344223,confirm2024B,confirm2024,B,0.3
confirm2024,w0.3,20240814,0.0007112477112085607,0.0008510321273762207,-0.00015301142317800356,confirm2024B,confirm2024,B,0.3
confirm2024,w0.3,20240815,0.003246003373694456,0.0030472556838821315,0.0001804100846739299,confirm2024B,confirm2024,B,0.3
confirm2024,w0.3,20240816,0.0016385703758170496,0.0011038628728629444,0.0004957854291508647,confirm2024B,confirm2024,B,0.3
confirm2024,w0.3,20240819,0.0004922391806018965,0.00046311127437441494,6.432768310445496e-05,confirm2024B,confirm2024,B,0.3
confirm2024,w0.3,20240820,-9.2485596989475e-05,0.00010554606529822471,-0.0002043098632362952,confirm2024B,confirm2024,B,0.3
confirm2024,w0.3,20240821,0.0012891034615454024,0.0009604971391596574,0.00030117316973321957,confirm2024B,confirm2024,B,0.3
confirm2024,w0.3,20240822,-0.0009314295558800444,-0.0011280218916638962,0.0002145861195176796,confirm2024B,confirm2024,B,0.3
confirm2024,w0.3,20240823,0.0006521250001467992,0.0007906940889117193,-0.00014911722439356218,confirm2024B,confirm2024,B,0.3
confirm2024,w0.3,20240826,0.0019219622718004929,0.0015598419333697944,0.0003678159494813353,confirm2024B,confirm2024,B,0.3
confirm2024,w0.3,20240827,0.0007860707582628343,0.0009939775726223303,-0.00018773553789483899,confirm2024B,confirm2024,B,0.3
confirm2024,w0.3,20240828,-0.0007906045097146337,-0.00011884267503958686,-0.0006513162679100684,confirm2024B,confirm2024,B,0.3
confirm2024,w0.3,20240829,-0.00023887737587419827,0.00020829812413243333,-0.00047967764726112227,confirm2024B,confirm2024,B,0.3
confirm2024,w0.3,20240830,0.0009293539208740879,0.0007084200705802018,0.00015705065773870836,confirm2024B,confirm2024,B,0.3
confirm2024,w0.3,20240902,0.002716124852316655,0.0030666184720653106,-0.0003380041229872318,confirm2024B,confirm2024,B,0.3
confirm2024,w0.3,20240903,4.379888807535051e-05,-0.0003511565536610484,0.00036773600083557273,confirm2024B,confirm2024,B,0.3
confirm2024,w0.3,20240904,0.0004647417858694037,0.0007412418440993477,-0.00028824375780413746,confirm2024B,confirm2024,B,0.3
confirm2024,w0.3,20240905,-0.00043334347413533786,-0.0009300321229405265,0.0004914376841628425,confirm2024B,confirm2024,B,0.3
confirm2024,w0.3,20240906,2.461236900522289e-05,0.0002544839156401464,-0.0002623979916864188,confirm2024B,confirm2024,B,0.3
confirm2024,w0.3,20240909,0.0017600146933593125,0.002157996367564046,-0.0004138909552081847,confirm2024B,confirm2024,B,0.3
confirm2024,w0.3,20240910,0.00030381140240488564,0.00030665633734560814,-2.4457247091101892e-05,confirm2024B,confirm2024,B,0.3
confirm2024,w0.3,20240911,-0.000796915113217363,-0.0010944567569460967,0.0002596089455495326,confirm2024B,confirm2024,B,0.3
confirm2024,w0.3,20240912,0.0006123856545590146,9.074560437918053e-06,0.0005709987552817507,confirm2024B,confirm2024,B,0.3
confirm2024,w0.3,20240913,-0.002026439936139851,-0.002420627799192664,0.00041446623815635385,confirm2024B,confirm2024,B,0.3
confirm2024,w0.3,20240918,0.0011129819519202881,0.0013440269763839716,-0.0002699095640935631,confirm2024B,confirm2024,B,0.3
confirm2024,w0.3,20240919,-0.0011464326885962336,-0.0010450316500957841,-0.00012315277052876752,confirm2024B,confirm2024,B,0.3
confirm2024,w0.3,20240920,0.001686194246654035,0.0017085224272855753,-2.4516106752840746e-05,confirm2024B,confirm2024,B,0.3
confirm2024,w0.3,20240923,0.0018937353864043951,0.0016082257330545166,0.00028407832783896854,confirm2024B,confirm2024,B,0.3
confirm2024,w0.3,20240924,0.0008820009053554251,0.0009202541976911513,-4.164384885976091e-05,confirm2024B,confirm2024,B,0.3
confirm2024,w0.3,20240925,0.00029033228812639506,0.0001061466563871183,0.00016145093014343216,confirm2024B,confirm2024,B,0.3
confirm2024,w0.3,20240926,0.0016674616209023455,0.0033158026289146856,-0.001598018110051997,confirm2024B,confirm2024,B,0.3
confirm2024,w0.3,20240927,0.010328665481674812,0.013751044166865336,-0.003314931184256976,confirm2024B,confirm2024,B,0.3
confirm2024,w0.3,20240930,0.014921689619884396,0.017623600781464674,-0.002701911161580287,confirm2024B,confirm2024,B,0.3
confirm2024,w0.3,20241008,-0.0020696461627505575,-0.0019463126560503455,-0.00012333350670022225,confirm2024B,confirm2024,B,0.3
confirm2024,w0.3,20241009,0.00894422144140231,0.0074235822531049395,0.001414721790202766,confirm2024B,confirm2024,B,0.3
confirm2024,w0.3,20241010,0.0028429297550698757,0.0015795256233541342,0.0011990369939509345,confirm2024B,confirm2024,B,0.3
confirm2024,w0.3,20241011,-0.0022490542765727997,-0.0002547156322255614,-0.0019032345086504613,confirm2024B,confirm2024,B,0.3
confirm2024,w0.3,20241014,0.0012118293243903074,0.0016831098822420493,-0.0004502289401185726,confirm2024B,confirm2024,B,0.3
confirm2024,w0.3,20241015,0.00023409602062845602,-0.0002920573418480081,0.00047463145133760167,confirm2024B,confirm2024,B,0.3
confirm2024,w0.3,20241016,-0.0024342670857914377,-0.0011340999140433262,-0.0013232560769190725,confirm2024B,confirm2024,B,0.3
confirm2024,w0.3,20241017,-0.0035120203492244005,-0.0013286315417640766,-0.00217698050226756,confirm2024B,confirm2024,B,0.3
confirm2024,w0.3,20241018,-0.002717786038470022,0.00022570313529673443,-0.002963684905981691,confirm2024B,confirm2024,B,0.3
confirm2024,w0.3,20241021,0.0025763582779254664,0.0011082526675612685,0.0014868451072435785,confirm2024B,confirm2024,B,0.3
confirm2024,w0.3,20241022,0.0014236654596584495,0.0003349832544531743,0.0010445014103541749,confirm2024B,confirm2024,B,0.3
confirm2024,w0.3,20241023,0.0009565136693591939,-0.0001287245618714396,0.001052418346796898,confirm2024B,confirm2024,B,0.3
confirm2024,w0.3,20241024,-0.002586808414834066,-0.001723744601231512,-0.0008810860468455352,confirm2024B,confirm2024,B,0.3
confirm2024,w0.3,20241025,-0.0029298753364372446,-0.0027985169224862523,-0.0001557280262710611,confirm2024B,confirm2024,B,0.3
confirm2024,w0.3,20241028,-0.0006419972442470584,-0.001188920502487285,0.0005168609812441652,confirm2024B,confirm2024,B,0.3
confirm2024,w0.3,20241029,-0.0021381473826298245,-0.0020835708578050708,-0.00011331683900719686,confirm2024B,confirm2024,B,0.3
confirm2024,w0.3,20241030,-0.004297106514716506,-0.003054778104794093,-0.0012562557575254564,confirm2024B,confirm2024,B,0.3
confirm2024,w0.3,20241031,0.008000986304798497,0.0021417578436423936,0.005877627975265771,confirm2024B,confirm2024,B,0.3
confirm2024,w0.3,20241101,0.002111408563394951,0.002434470698887386,-0.00036654040447403364,confirm2024B,confirm2024,B,0.3
confirm2024,w0.3,20241104,-0.0031084974113384962,-0.0001614181316598733,-0.0028625503302120224,confirm2024B,confirm2024,B,0.3
confirm2024,w0.3,20241105,-0.00035485580490704407,-0.0002652425911676967,-0.00011282423166594072,confirm2024B,confirm2024,B,0.3
confirm2024,w0.3,20241106,-0.0007099831552247332,-0.0011959205692965733,0.00042501003397711124,confirm2024B,confirm2024,B,0.3
confirm2024,w0.3,20241107,-0.0019191550044302618,-0.00031128524012019566,-0.0015660146066805874,confirm2024B,confirm2024,B,0.3
confirm2024,w0.3,20241108,-0.002169137913376258,0.0001909954976384436,-0.0022937750060551265,confirm2024B,confirm2024,B,0.3
confirm2024,w0.3,20241111,0.002620490882554478,0.0011294974711471416,0.0014888953450050931,confirm2024B,confirm2024,B,0.3
confirm2024,w0.3,20241112,0.002521161668246484,0.0023423148344163514,0.00029761658316881023,confirm2024B,confirm2024,B,0.3
confirm2024,w0.3,20241113,0.002893042951838662,0.0008331708466214843,0.002010983786538379,confirm2024B,confirm2024,B,0.3
confirm2024,w0.3,20241114,0.004336634029735151,0.0020814165449218516,0.002200468097364537,confirm2024B,confirm2024,B,0.3
confirm2024,w0.3,20241115,0.005699082280184432,0.0002485929820899611,0.005480893430228666,confirm2024B,confirm2024,B,0.3
confirm2024,w0.3,20241118,-0.00011077721115987718,0.0024708443436023057,-0.002619701138622043,confirm2024B,confirm2024,B,0.3
confirm2024,w0.3,20241119,-0.0019765844027132343,-0.0004180223931828281,-0.001565036870763812,confirm2024B,confirm2024,B,0.3
confirm2024,w0.3,20241120,0.002193259162757016,0.0014929558737368377,0.0006989850326640258,confirm2024B,confirm2024,B,0.3
confirm2024,w0.3,20241121,-0.0009022151507750084,-0.0022810474287858493,0.0013748931618383226,confirm2024B,confirm2024,B,0.3
confirm2024,w0.3,20241122,0.0026904967509583204,0.0023846330734612385,0.00024040896201995638,confirm2024B,confirm2024,B,0.3
confirm2024,w0.3,20241125,0.002279273433725997,0.00020362391392267918,0.0020876744526147372,confirm2024B,confirm2024,B,0.3
confirm2024,w0.3,20241126,-0.0009865309075691928,0.0008729239018996219,-0.0019062413641659994,confirm2024B,confirm2024,B,0.3
confirm2024,w0.3,20241127,1.0068568365717134e-05,-0.0005538732919961435,0.0005570212313771772,confirm2024B,confirm2024,B,0.3
confirm2024,w0.3,20241128,0.0010279027858983956,0.0021698486347770016,-0.0011814562946332366,confirm2024B,confirm2024,B,0.3
confirm2024,w0.3,20241129,-0.0016636300778417254,-0.0003840651365730748,-0.0013008140402683648,confirm2024B,confirm2024,B,0.3
confirm2024,w0.3,20241202,-0.00023851948028142094,-0.00027325327921438284,1.6453229209032518e-05,confirm2024B,confirm2024,B,0.3
confirm2024,w0.3,20241203,0.002898138249501003,0.001726961888024019,0.0011174904661088814,confirm2024B,confirm2024,B,0.3
confirm2024,w0.3,20241204,-0.0022300435946443244,-2.9194549047373096e-06,-0.002207180582699086,confirm2024B,confirm2024,B,0.3
confirm2024,w0.3,20241205,0.0006748363773849929,-0.00029745683167879824,0.0009535766529515021,confirm2024B,confirm2024,B,0.3
confirm2024,w0.3,20241206,0.0032824330314856474,0.0024829981611958576,0.0008498208389577718,confirm2024B,confirm2024,B,0.3
confirm2024,w0.3,20241209,-0.0006788347858888337,0.0008532235445738159,-0.0015566464626434154,confirm2024B,confirm2024,B,0.3
confirm2024,w0.3,20241210,-9.488178314906101e-05,-0.00014373970503228205,1.0119626945975335e-05,confirm2024B,confirm2024,B,0.3
confirm2024,w0.3,20241211,0.00204338575440572,0.001430531140531621,0.0005892972678103813,confirm2024B,confirm2024,B,0.3
confirm2024,w0.3,20241212,0.00042652922992800213,0.00019349274042846585,0.00022348545585635138,confirm2024B,confirm2024,B,0.3
confirm2024,w0.3,20241213,0.004202835041434432,0.0019690729499068486,0.0022724164342965156,confirm2024B,confirm2024,B,0.3
confirm2024,w0.3,20241216,0.006017061280775612,0.0020214833823624136,0.004013785925961616,confirm2024B,confirm2024,B,0.3
confirm2024,w0.3,20241217,-0.00191238276364363,-0.0009498766538734793,-0.0009940402914126573,confirm2024B,confirm2024,B,0.3
confirm2024,w0.3,20241218,0.0007977236792950731,0.0016358964591530948,-0.0008696872150733231,confirm2024B,confirm2024,B,0.3
confirm2024,w0.3,20241219,-0.0005766240579986297,0.0018932578309740233,-0.002471561226481878,confirm2024B,confirm2024,B,0.3
confirm2024,w0.3,20241220,0.010811594428373743,0.005116260896122048,0.005694520530592398,confirm2024B,confirm2024,B,0.3
confirm2024,w0.3,20241223,0.001799502124526571,0.0003646234984937992,0.0014498867975782492,confirm2024B,confirm2024,B,0.3
confirm2024,w0.3,20241224,0.0039256049105758795,0.0005762640336139208,0.00334506249983634,confirm2024B,confirm2024,B,0.3
confirm2024,w0.3,20241225,-0.002057433888149109,0.00024927374665221125,-0.0022966262863871596,confirm2024B,confirm2024,B,0.3
confirm2024,w0.3,20241226,-0.0001420153730412911,-0.0012797745486300173,0.0011213433255281844,confirm2024B,confirm2024,B,0.3
confirm2024,w0.3,20241227,0.00089878097319495,-0.0009661208517867622,0.0018237571642711514,confirm2024B,confirm2024,B,0.3
confirm2024,w0.3,20241230,0.004830622133019102,0.0016556903915458207,0.0031965083394614384,confirm2024B,confirm2024,B,0.3
confirm2024,w0.3,20241231,-0.0009179965858797899,0.0003297937501690823,-0.0012645412410501097,confirm2024B,confirm2024,B,0.3
confirm2024,w0.4,20240808,0.002078535720991888,0.0018754267441319307,0.00016007958415883676,confirm2024B,confirm2024,B,0.4
confirm2024,w0.4,20240809,0.0006690962877088482,0.0005420110619751216,0.00010087383728025676,confirm2024B,confirm2024,B,0.4
confirm2024,w0.4,20240812,0.0032947368958751175,0.003267306700574954,-2.7949888364469592e-05,confirm2024B,confirm2024,B,0.4
confirm2024,w0.4,20240813,-0.0006897431705174374,-0.0004760537220907069,-0.000236362535152991,confirm2024B,confirm2024,B,0.4
confirm2024,w0.4,20240814,0.000330831413564648,0.0003899600403511421,-7.235563379683578e-05,confirm2024B,confirm2024,B,0.4
confirm2024,w0.4,20240815,0.0022778700387053132,0.0020084595298147955,0.00025107290375212335,confirm2024B,confirm2024,B,0.4
confirm2024,w0.4,20240816,0.0016303146731012795,0.0012699007969468798,0.0003214918023511597,confirm2024B,confirm2024,B,0.4
confirm2024,w0.4,20240819,-0.0003350153454926112,-0.00023026492598457465,-6.955064263106258e-05,confirm2024B,confirm2024,B,0.4
confirm2024,w0.4,20240820,0.00010631563845422357,0.0001364302039630005,-3.63927664573727e-05,confirm2024B,confirm2024,B,0.4
confirm2024,w0.4,20240821,0.001777320952431289,0.0017019123561599935,4.797544361877066e-05,confirm2024B,confirm2024,B,0.4
confirm2024,w0.4,20240822,-0.0017452800309407353,-0.0019061727266761967,0.00017888647946928972,confirm2024B,confirm2024,B,0.4
confirm2024,w0.4,20240823,0.0014347565189942492,0.001332921821483821,9.128656188178147e-05,confirm2024B,confirm2024,B,0.4
confirm2024,w0.4,20240826,0.00029652403024759896,0.00026858510254749383,3.3634538750742644e-05,confirm2024B,confirm2024,B,0.4
confirm2024,w0.4,20240827,0.0016966738237280251,0.0016601348946873064,5.671020550537598e-05,confirm2024B,confirm2024,B,0.4
confirm2024,w0.4,20240828,0.000515358024788231,0.0006550389576913281,-0.00011923536613812091,confirm2024B,confirm2024,B,0.4
confirm2024,w0.4,20240829,0.0003008128806865386,0.0003094083144296552,-4.109758099760335e-05,confirm2024B,confirm2024,B,0.4
confirm2024,w0.4,20240830,-0.0005455311165485695,-0.0005732676188317512,-3.6146690271995476e-05,confirm2024B,confirm2024,B,0.4
confirm2024,w0.4,20240902,0.003173963044858579,0.0030524728503839517,0.00013397969123604749,confirm2024B,confirm2024,B,0.4
confirm2024,w0.4,20240903,0.00014716191293981037,-0.0001771520535517382,0.00029709452559072174,confirm2024B,confirm2024,B,0.4
confirm2024,w0.4,20240904,0.0012149952338915086,0.0013162113397732695,-0.00011295980545595596,confirm2024B,confirm2024,B,0.4
confirm2024,w0.4,20240905,-0.0013909736894047002,-0.001438457164969433,4.2232510922386435e-05,confirm2024B,confirm2024,B,0.4
confirm2024,w0.4,20240906,-0.00013362228902525936,-8.28627867227941e-05,-8.328594735396147e-05,confirm2024B,confirm2024,B,0.4
confirm2024,w0.4,20240909,0.002971336377778716,0.0029967993524279172,-4.1372255652652446e-05,confirm2024B,confirm2024,B,0.4
confirm2024,w0.4,20240910,0.0013364138749788826,0.0012141666974992214,0.00010063486532928127,confirm2024B,confirm2024,B,0.4
confirm2024,w0.4,20240911,-0.0007987520044593541,-0.0009377589926061714,0.00010107428996761561,confirm2024B,confirm2024,B,0.4
confirm2024,w0.4,20240912,-0.0009221019731054294,-0.0012100662958955304,0.0002556519839507545,confirm2024B,confirm2024,B,0.4
confirm2024,w0.4,20240913,-0.002507359024151048,-0.0027311733698542244,0.00024409272080671724,confirm2024B,confirm2024,B,0.4
confirm2024,w0.4,20240918,0.0005294348723442754,0.0006515649839269824,-0.00016099465121258903,confirm2024B,confirm2024,B,0.4
confirm2024,w0.4,20240919,-0.0014701610524712658,-0.0014110891235479942,-8.082366095159044e-05,confirm2024B,confirm2024,B,0.4
confirm2024,w0.4,20240920,0.001085157464828577,0.0010975358630280077,-1.4566324320731472e-05,confirm2024B,confirm2024,B,0.4
confirm2024,w0.4,20240923,0.002117822965908532,0.0019612307949246764,0.00015516084547293867,confirm2024B,confirm2024,B,0.4
confirm2024,w0.4,20240924,0.00039096167492374233,0.0004360157775022547,-4.844465910254984e-05,confirm2024B,confirm2024,B,0.4
confirm2024,w0.4,20240925,0.000475101252557307,0.0002503712648105862,0.00020199528615088438,confirm2024B,confirm2024,B,0.4
confirm2024,w0.4,20240926,0.003419418097204689,0.00420730976675682,-0.0007375687715917822,confirm2024B,confirm2024,B,0.4
confirm2024,w0.4,20240927,0.013052691816095724,0.014992237867873313,-0.0018320985508440627,confirm2024B,confirm2024,B,0.4
confirm2024,w0.4,20240930,0.01987593175095652,0.019552929515281436,0.00032300223567507225,confirm2024B,confirm2024,B,0.4
confirm2024,w0.4,20241008,-0.004111627640090182,-0.0019802342238381824,-0.0021313934162519965,confirm2024B,confirm2024,B,0.4
confirm2024,w0.4,20241009,0.010170609377514194,0.009276450233631611,0.0007882417457879781,confirm2024B,confirm2024,B,0.4
confirm2024,w0.4,20241010,0.0013853478504929212,0.0008706696914677529,0.0004503110212603586,confirm2024B,confirm2024,B,0.4
confirm2024,w0.4,20241011,-0.0012221534898198966,-4.239657363211229e-05,-0.0010886527804910048,confirm2024B,confirm2024,B,0.4
confirm2024,w0.4,20241014,0.0009739696919939343,0.0012826629527973401,-0.00028764164307024055,confirm2024B,confirm2024,B,0.4
confirm2024,w0.4,20241015,0.00032072391935919486,1.1715355689155462e-05,0.00025748665253117793,confirm2024B,confirm2024,B,0.4
confirm2024,w0.4,20241016,-0.0025609238259797296,-0.001763829927697838,-0.0008201828034528553,confirm2024B,confirm2024,B,0.4
confirm2024,w0.4,20241017,-0.0026398741911706804,-0.0011945647363452096,-0.0014389011496327066,confirm2024B,confirm2024,B,0.4
confirm2024,w0.4,20241018,-0.00235350626228115,-0.00042193946954685775,-0.0019517625249492279,confirm2024B,confirm2024,B,0.4
confirm2024,w0.4,20241021,0.002564516780451411,0.0014092447010125395,0.0011740115763182522,confirm2024B,confirm2024,B,0.4
confirm2024,w0.4,20241022,0.002435636284995409,0.0016480255019144636,0.0007434299882298446,confirm2024B,confirm2024,B,0.4
confirm2024,w0.4,20241023,0.0004314657054154433,-0.0004849811919943278,0.0008836270129760354,confirm2024B,confirm2024,B,0.4
confirm2024,w0.4,20241024,-0.00022430199552119987,0.00023801165623074173,-0.00048033588499492503,confirm2024B,confirm2024,B,0.4
confirm2024,w0.4,20241025,-0.00374787758038779,-0.0037302734118087296,-4.197378089912905e-05,confirm2024B,confirm2024,B,0.4
confirm2024,w0.4,20241028,-0.0015366934586917222,-0.001966334950012949,0.00039957921432516325,confirm2024B,confirm2024,B,0.4
confirm2024,w0.4,20241029,-0.002225751188733066,-0.002224550932882245,-5.994057003326442e-05,confirm2024B,confirm2024,B,0.4
confirm2024,w0.4,20241030,-0.0037409591602896135,-0.0028303994575471303,-0.0009244870503455269,confirm2024B,confirm2024,B,0.4
confirm2024,w0.4,20241031,0.007433652684794501,0.0028292486111613476,0.00462280358774282,confirm2024B,confirm2024,B,0.4
confirm2024,w0.4,20241101,0.0025057744280476413,0.0025174560696659526,-5.515991059990653e-05,confirm2024B,confirm2024,B,0.4
confirm2024,w0.4,20241104,-0.0024587328204377507,-4.479995307988414e-05,-0.0023294039178912663,confirm2024B,confirm2024,B,0.4
confirm2024,w0.4,20241105,0.0004145346371122469,0.00032933193183410346,6.199168735154987e-05,confirm2024B,confirm2024,B,0.4
confirm2024,w0.4,20241106,-0.0005361550700194034,-0.0010097815303128756,0.00041269908019874715,confirm2024B,confirm2024,B,0.4
confirm2024,w0.4,20241107,-0.0016854640466502971,-0.00036533607670017205,-0.0012782728123206467,confirm2024B,confirm2024,B,0.4
confirm2024,w0.4,20241108,-0.001306717393073132,0.00037859603112577056,-0.0016189550192393222,confirm2024B,confirm2024,B,0.4
confirm2024,w0.4,20241111,0.0021169321739635885,0.0009248711634161287,0.001189962944145217,confirm2024B,confirm2024,B,0.4
confirm2024,w0.4,20241112,0.0028202407461603027,0.0027440340413822746,0.00019497645411670694,confirm2024B,confirm2024,B,0.4
confirm2024,w0.4,20241113,0.002557026336028591,0.0008652438282358348,0.0016428941891139595,confirm2024B,confirm2024,B,0.4
confirm2024,w0.4,20241114,0.004268837206253595,0.002513689203299229,0.0017003986155056023,confirm2024B,confirm2024,B,0.4
confirm2024,w0.4,20241115,0.0044917450131072775,0.0001065875693265948,0.004415561575914878,confirm2024B,confirm2024,B,0.4
confirm2024,w0.4,20241118,0.0007605675833044709,0.002835300719050965,-0.0021128127196063497,confirm2024B,confirm2024,B,0.4
confirm2024,w0.4,20241119,-0.0019040733032347316,-0.0007230333370683675,-0.001187514827399767,confirm2024B,confirm2024,B,0.4
confirm2024,w0.4,20241120,0.002906098372528891,0.0022631766183833987,0.0006416034977893403,confirm2024B,confirm2024,B,0.4
confirm2024,w0.4,20241121,-0.0010259371175137671,-0.0020775798741082857,0.0010477036404220035,confirm2024B,confirm2024,B,0.4
confirm2024,w0.4,20241122,0.0022654329489987073,0.0017692439505737204,0.0004307342829478648,confirm2024B,confirm2024,B,0.4
confirm2024,w0.4,20241125,0.0017888902603196448,3.054769588575095e-05,0.0017703674972453123,confirm2024B,confirm2024,B,0.4
confirm2024,w0.4,20241126,-0.00010149434600806306,0.0014430093756770954,-0.001591290276382342,confirm2024B,confirm2024,B,0.4
confirm2024,w0.4,20241127,0.00043859957173750957,-5.4237194491278554e-05,0.00048591613724410456,confirm2024B,confirm2024,B,0.4
confirm2024,w0.4,20241128,0.0008267456984566556,0.0017467864991711742,-0.0009595512464691492,confirm2024B,confirm2024,B,0.4
confirm2024,w0.4,20241129,-0.0011556939708706714,-0.00016824858244552244,-0.0010086944874248627,confirm2024B,confirm2024,B,0.4
confirm2024,w0.4,20241202,-0.00019748710338066394,-0.00017213836203713753,-4.3629311067455965e-05,confirm2024B,confirm2024,B,0.4
confirm2024,w0.4,20241203,0.002356697027078459,0.0013995324643958224,0.0009034786673145315,confirm2024B,confirm2024,B,0.4
confirm2024,w0.4,20241204,-0.0019142588297023262,-0.00013720194001357183,-0.001757113332648253,confirm2024B,confirm2024,B,0.4
confirm2024,w0.4,20241205,0.001112312028560299,0.000281583043230994,0.0008120124292170165,confirm2024B,confirm2024,B,0.4
confirm2024,w0.4,20241206,0.0029680147142305113,0.0023093090222048697,0.0007090916606936242,confirm2024B,confirm2024,B,0.4
confirm2024,w0.4,20241209,-0.0001952152014590711,0.0010545294897066344,-0.0012743328233464715,confirm2024B,confirm2024,B,0.4
confirm2024,w0.4,20241210,-0.00013743144541830503,-0.00029098318546951353,0.00011481344511396529,confirm2024B,confirm2024,B,0.4
confirm2024,w0.4,20241211,0.000861170929105308,0.00035324015551670113,0.00048437342752488736,confirm2024B,confirm2024,B,0.4
confirm2024,w0.4,20241212,0.0006645420911889147,0.0004582227424354344,0.00019676831511029495,confirm2024B,confirm2024,B,0.4
confirm2024,w0.4,20241213,0.003563874481609877,0.0016420641290855317,0.0019604646952932777,confirm2024B,confirm2024,B,0.4
confirm2024,w0.4,20241216,0.005188264109781321,0.001927044194527865,0.003279427942801875,confirm2024B,confirm2024,B,0.4
confirm2024,w0.4,20241217,-0.00184018199261374,-0.0009613707395631373,-0.0009103454346931094,confirm2024B,confirm2024,B,0.4
confirm2024,w0.4,20241218,0.0009757838669556716,0.0016516377269111416,-0.0007073682951707708,confirm2024B,confirm2024,B,0.4
confirm2024,w0.4,20241219,-0.0007178002207684723,0.0013476243431277577,-0.0020671039014054536,confirm2024B,confirm2024,B,0.4
confirm2024,w0.4,20241220,0.009860443089331827,0.005389962878070841,0.004469667209601692,confirm2024B,confirm2024,B,0.4
confirm2024,w0.4,20241223,0.002048986219092856,0.0008325634367141301,0.001231430953924199,confirm2024B,confirm2024,B,0.4
confirm2024,w0.4,20241224,0.0035548478758459894,0.0008051034408740078,0.0027454660578463672,confirm2024B,confirm2024,B,0.4
confirm2024,w0.4,20241225,-0.00185442466973567,-4.2313664307861934e-05,-0.0018020296570136457,confirm2024B,confirm2024,B,0.4
confirm2024,w0.4,20241226,-0.00037468770801689366,-0.0014557437339535882,0.00106464017587615,confirm2024B,confirm2024,B,0.4
confirm2024,w0.4,20241227,0.0007565638194281226,-0.0007681407098683724,0.0014835598685859343,confirm2024B,confirm2024,B,0.4
confirm2024,w0.4,20241230,0.00399431785398071,0.0013543338383016643,0.002661560613667205,confirm2024B,confirm2024,B,0.4
confirm2024,w0.4,20241231,-0.001035537778748645,0.00011071869329505081,-0.0011630073770449332,confirm2024B,confirm2024,B,0.4
confirm2024,w0.5,20240808,0.00238151067916604,0.0022374546120578504,0.00010102667440706922,confirm2024B,confirm2024,B,0.5
confirm2024,w0.5,20240809,0.0009037952504939665,0.0011523643537200577,-0.0002747804916795591,confirm2024B,confirm2024,B,0.5
confirm2024,w0.5,20240812,0.002516110304968052,0.0023331768112024786,0.00012755341010094008,confirm2024B,confirm2024,B,0.5
confirm2024,w0.5,20240813,-0.0011007017859852282,-0.0010368922571925446,-8.648261551894468e-05,confirm2024B,confirm2024,B,0.5
confirm2024,w0.5,20240814,0.00012722056782899123,6.091079156537733e-05,5.3082769253272604e-05,confirm2024B,confirm2024,B,0.5
confirm2024,w0.5,20240815,0.0017168147371732917,0.0014718844978473527,0.00022659263418754494,confirm2024B,confirm2024,B,0.5
confirm2024,w0.5,20240816,0.0008315535795352185,0.000775365711850641,1.7265793881337356e-05,confirm2024B,confirm2024,B,0.5
confirm2024,w0.5,20240819,-0.0008258338554534457,-0.0005813377743578314,-0.0002092963042186391,confirm2024B,confirm2024,B,0.5
confirm2024,w0.5,20240820,0.00038513624873678584,0.00020283063392476488,0.00017602741386342523,confirm2024B,confirm2024,B,0.5
confirm2024,w0.5,20240821,0.0006194151666968958,0.0008497667474884824,-0.0002577847334441127,confirm2024B,confirm2024,B,0.5
confirm2024,w0.5,20240822,-0.0015369167855197857,-0.001611742151874757,9.281915008879963e-05,confirm2024B,confirm2024,B,0.5
confirm2024,w0.5,20240823,0.0011220580442623303,0.0007776902127185539,0.0003338196959151306,confirm2024B,confirm2024,B,0.5
confirm2024,w0.5,20240826,0.00042630896278304103,0.0007477234939645196,-0.00031571892013084043,confirm2024B,confirm2024,B,0.5
confirm2024,w0.5,20240827,0.0028459763615901667,0.0025688748863210275,0.0002972727517337961,confirm2024B,confirm2024,B,0.5
confirm2024,w0.5,20240828,0.001907417650748859,0.0014041659749172823,0.0005236972425965557,confirm2024B,confirm2024,B,0.5
confirm2024,w0.5,20240829,0.00148595241284067,0.0010353094143008689,0.00041814085128531384,confirm2024B,confirm2024,B,0.5
confirm2024,w0.5,20240830,-0.00028309672491808394,-0.00013818122594659165,-0.00020879869152666994,confirm2024B,confirm2024,B,0.5
confirm2024,w0.5,20240902,0.003850068311512869,0.0034089073618161596,0.00045365044645813044,confirm2024B,confirm2024,B,0.5
confirm2024,w0.5,20240903,0.0001256968524035052,-6.15902343701532e-05,0.00016006764587283092,confirm2024B,confirm2024,B,0.5
confirm2024,w0.5,20240904,0.001765042525816234,0.0017028893190944839,5.040950714755493e-05,confirm2024B,confirm2024,B,0.5
confirm2024,w0.5,20240905,-0.002178220702917781,-0.0018290262531143004,-0.0003544454144458312,confirm2024B,confirm2024,B,0.5
confirm2024,w0.5,20240906,0.00014427569932520855,2.2645146764194287e-05,8.910410750951852e-05,confirm2024B,confirm2024,B,0.5
confirm2024,w0.5,20240909,0.0035777383870685703,0.003330436353208163,0.00023139275285695519,confirm2024B,confirm2024,B,0.5
confirm2024,w0.5,20240910,0.0017447615187341976,0.0014550415697866792,0.000268107636797138,confirm2024B,confirm2024,B,0.5
confirm2024,w0.5,20240911,-0.000765555503348191,-0.0007308702973093446,-7.261790421804747e-05,confirm2024B,confirm2024,B,0.5
confirm2024,w0.5,20240912,-0.0015522139069172585,-0.0014466392829056733,-0.0001378869628509325,confirm2024B,confirm2024,B,0.5
confirm2024,w0.5,20240913,-0.0031064589883175436,-0.0031212228993893155,3.5042286175312845e-05,confirm2024B,confirm2024,B,0.5
confirm2024,w0.5,20240918,0.0003226657190714896,0.000248798843142911,3.50023362986998e-05,confirm2024B,confirm2024,B,0.5
confirm2024,w0.5,20240919,-0.0012555927108161605,-0.0011374693990367129,-0.00013987504380776706,confirm2024B,confirm2024,B,0.5
confirm2024,w0.5,20240920,0.0016721235467022678,0.001713827550239357,-4.389192965839e-05,confirm2024B,confirm2024,B,0.5
confirm2024,w0.5,20240923,0.0014672302325800107,0.0013666279433599132,9.917096370918408e-05,confirm2024B,confirm2024,B,0.5
confirm2024,w0.5,20240924,0.00031584987281279946,0.0004395512568273851,-0.00012709194053862031,confirm2024B,confirm2024,B,0.5
confirm2024,w0.5,20240925,0.0003897906863565975,6.680104667877425e-05,0.0003002549380819796,confirm2024B,confirm2024,B,0.5
confirm2024,w0.5,20240926,0.004811604415994104,0.004900748830797615,-3.882151684316872e-05,confirm2024B,confirm2024,B,0.5
confirm2024,w0.5,20240927,0.01405048405831466,0.015042535614433226,-0.0008846040551850158,confirm2024B,confirm2024,B,0.5
confirm2024,w0.5,20240930,0.021770294613896887,0.01954024510707341,0.002230049506823473,confirm2024B,confirm2024,B,0.5
confirm2024,w0.5,20241008,-0.004668881519920523,-0.0018883901048782742,-0.0027804914150422397,confirm2024B,confirm2024,B,0.5
confirm2024,w0.5,20241009,0.00900033593251882,0.008522625315121246,0.0003717932193029683,confirm2024B,confirm2024,B,0.5
confirm2024,w0.5,20241010,0.001709267693779222,0.0014370970993897647,0.0002078034566246519,confirm2024B,confirm2024,B,0.5
confirm2024,w0.5,20241011,-0.0011878335172853978,-0.00023629704624426943,-0.0008604323353443535,confirm2024B,confirm2024,B,0.5
confirm2024,w0.5,20241014,0.0012376487457301643,0.0015164564350266473,-0.0002577560715633139,confirm2024B,confirm2024,B,0.5
confirm2024,w0.5,20241015,0.00017596673090593175,-3.903415982221473e-05,0.00016347897958928506,confirm2024B,confirm2024,B,0.5
confirm2024,w0.5,20241016,-0.0015914261825016396,-0.0009393212827749672,-0.0006751938048976368,confirm2024B,confirm2024,B,0.5
confirm2024,w0.5,20241017,-0.0021860378975938205,-0.0009370527422534615,-0.0012425768501475947,confirm2024B,confirm2024,B,0.5
confirm2024,w0.5,20241018,-0.0016190145885826759,5.180091373070537e-05,-0.0016910112345283148,confirm2024B,confirm2024,B,0.5
confirm2024,w0.5,20241021,0.0031184672659577937,0.0019505719136610885,0.001186634849176082,confirm2024B,confirm2024,B,0.5
confirm2024,w0.5,20241022,0.0019402851256646939,0.0012476691132803552,0.0006484352175332394,confirm2024B,confirm2024,B,0.5
confirm2024,w0.5,20241023,0.00022551396658687575,-0.0005986421376457371,0.0007913362197988771,confirm2024B,confirm2024,B,0.5
confirm2024,w0.5,20241024,0.00016504578557302585,0.00044169061276235725,-0.0002946670604323133,confirm2024B,confirm2024,B,0.5
confirm2024,w0.5,20241025,-0.003210777134347524,-0.0032439037457567136,8.756999089117354e-06,confirm2024B,confirm2024,B,0.5
confirm2024,w0.5,20241028,-0.001404529139225015,-0.0017873602334458345,0.0003527688172247527,confirm2024B,confirm2024,B,0.5
confirm2024,w0.5,20241029,-0.001735790478799379,-0.0017521056622642334,-4.242513071758912e-05,confirm2024B,confirm2024,B,0.5
confirm2024,w0.5,20241030,-0.0038934285367089923,-0.0031490375599513604,-0.0007583183243606769,confirm2024B,confirm2024,B,0.5
confirm2024,w0.5,20241031,0.006769292770653038,0.002651183176964202,0.004136509107798504,confirm2024B,confirm2024,B,0.5
confirm2024,w0.5,20241101,0.002528315064161981,0.0023294334210708424,0.0001554033741095433,confirm2024B,confirm2024,B,0.5
confirm2024,w0.5,20241104,-0.0018577638314127218,0.0002376143258130059,-0.0020108492077591258,confirm2024B,confirm2024,B,0.5
confirm2024,w0.5,20241105,-3.84370443732877e-05,-0.00023297248534423438,0.00017132442304435293,confirm2024B,confirm2024,B,0.5
confirm2024,w0.5,20241106,-0.0008708231583825672,-0.0013594612144028468,0.0004277106759255499,confirm2024B,confirm2024,B,0.5
confirm2024,w0.5,20241107,-0.001329930288508753,-6.80656959794052e-05,-0.0012200094348998698,confirm2024B,confirm2024,B,0.5
confirm2024,w0.5,20241108,-0.0005838732292988841,0.0008042654237914286,-0.001321780248130734,confirm2024B,confirm2024,B,0.5
confirm2024,w0.5,20241111,0.0021898430526118536,0.001038527233668981,0.0011492177525406304,confirm2024B,confirm2024,B,0.5
confirm2024,w0.5,20241112,0.0018895134655933952,0.0018492020191015557,0.00015908119583051735,confirm2024B,confirm2024,B,0.5
confirm2024,w0.5,20241113,0.0029423268805095423,0.0015457977341815634,0.001347640827649183,confirm2024B,confirm2024,B,0.5
confirm2024,w0.5,20241114,0.003993530068199394,0.002590398976008488,0.0013483817047421427,confirm2024B,confirm2024,B,0.5
confirm2024,w0.5,20241115,0.00375908802958062,-3.9729403888168365e-05,0.0038292215656029823,confirm2024B,confirm2024,B,0.5
confirm2024,w0.5,20241118,0.0015748497237261377,0.003244959350969982,-0.0017081892111037054,confirm2024B,confirm2024,B,0.5
confirm2024,w0.5,20241119,-0.0018308976214897986,-0.0008580586900264945,-0.0009793137926967124,confirm2024B,confirm2024,B,0.5
confirm2024,w0.5,20241120,0.003136347950705667,0.0024760477810792446,0.0006589819132702694,confirm2024B,confirm2024,B,0.5
confirm2024,w0.5,20241121,-0.0008991043140368429,-0.0017286087154184016,0.0008255652852090423,confirm2024B,confirm2024,B,0.5
confirm2024,w0.5,20241122,0.0028873340834148324,0.002153472176746684,0.000668407191191027,confirm2024B,confirm2024,B,0.5
confirm2024,w0.5,20241125,0.0020674810206576773,0.0005302767076274953,0.001549229245841601,confirm2024B,confirm2024,B,0.5
confirm2024,w0.5,20241126,-0.000340075314442561,0.0011143001187457085,-0.0015011619878854536,confirm2024B,confirm2024,B,0.5
confirm2024,w0.5,20241127,0.000328900878360654,-0.00015531144462533665,0.00047729169400130696,confirm2024B,confirm2024,B,0.5
confirm2024,w0.5,20241128,0.001377933867099593,0.0021571981872750582,-0.0008187747659300943,confirm2024B,confirm2024,B,0.5
confirm2024,w0.5,20241129,-0.001001631116262388,-0.000232293302830406,-0.0007905869124316975,confirm2024B,confirm2024,B,0.5
confirm2024,w0.5,20241202,0.00019434084534846862,0.00025017125179265594,-7.411097616811599e-05,confirm2024B,confirm2024,B,0.5
confirm2024,w0.5,20241203,0.002526493852863562,0.0017568740327842032,0.0007159339247112548,confirm2024B,confirm2024,B,0.5
confirm2024,w0.5,20241204,-0.001810099482407429,-0.0002556517464751998,-0.0015345041788917288,confirm2024B,confirm2024,B,0.5
confirm2024,w0.5,20241205,0.0009073731336002051,0.00019112751908530862,0.0006975290584026069,confirm2024B,confirm2024,B,0.5
confirm2024,w0.5,20241206,0.003019099524969642,0.0024136784185884623,0.0006558070750491616,confirm2024B,confirm2024,B,0.5
confirm2024,w0.5,20241209,0.00047951048603977944,0.001662139247262369,-0.0012072168934033566,confirm2024B,confirm2024,B,0.5
confirm2024,w0.5,20241210,-0.0006881069262414056,-0.0009617931419651468,0.00023494792078649674,confirm2024B,confirm2024,B,0.5
confirm2024,w0.5,20241211,0.00018919768909817294,-0.00023638171946157782,0.00040202206249603296,confirm2024B,confirm2024,B,0.5
confirm2024,w0.5,20241212,0.0008855017115563871,0.0006745542751445952,0.00020139640276860626,confirm2024B,confirm2024,B,0.5
confirm2024,w0.5,20241213,0.003099704604884084,0.0013901305178987413,0.001748228429754275,confirm2024B,confirm2024,B,0.5
confirm2024,w0.5,20241216,0.005073848340705008,0.002322724134935759,0.002769332233317671,confirm2024B,confirm2024,B,0.5
confirm2024,w0.5,20241217,-0.0015938404772301313,-0.0007263907592768988,-0.0008989838995957396,confirm2024B,confirm2024,B,0.5
confirm2024,w0.5,20241218,0.0013863480840793643,0.0019288447823603346,-0.0005740111334962716,confirm2024B,confirm2024,B,0.5
confirm2024,w0.5,20241219,-0.0004670648113190585,0.0013068337860783796,-0.001775577934906662,confirm2024B,confirm2024,B,0.5
confirm2024,w0.5,20241220,0.00966099209074198,0.005864074776595778,0.003796104312486915,confirm2024B,confirm2024,B,0.5
confirm2024,w0.5,20241223,0.0022916206040052046,0.001155318441191908,0.0011513103343587711,confirm2024B,confirm2024,B,0.5
confirm2024,w0.5,20241224,0.0036216283689088254,0.001232283549349972,0.002385066442433234,confirm2024B,confirm2024,B,0.5
confirm2024,w0.5,20241225,-0.00041039416199493105,0.0011046174462269883,-0.001504930259807758,confirm2024B,confirm2024,B,0.5
confirm2024,w0.5,20241226,-0.001202080983755783,-0.0022838235096068445,0.0010653266757905183,confirm2024B,confirm2024,B,0.5
confirm2024,w0.5,20241227,0.0008342281981971646,-0.0005581818659288096,0.0013512654034154126,confirm2024B,confirm2024,B,0.5
confirm2024,w0.5,20241230,0.0030116988452429834,0.0005194943509724684,0.0025137810922586747,confirm2024B,confirm2024,B,0.5
confirm2024,w0.5,20241231,-0.0013907549150830277,-0.00020417671488847,-0.0012033291051957967,confirm2024B,confirm2024,B,0.5
confirm2024,w0.6,20240808,0.002590503490250704,0.0024297607938678525,0.00011771330368173296,confirm2024B,confirm2024,B,0.6
confirm2024,w0.6,20240809,0.0006568936226370899,0.001250622646426658,-0.0006199404122430357,confirm2024B,confirm2024,B,0.6
confirm2024,w0.6,20240812,0.0027810634094721136,0.002360617842512095,0.000365065483295388,confirm2024B,confirm2024,B,0.6
confirm2024,w0.6,20240813,-0.0004718851142682494,-0.0007026168413231064,0.00020805864032859584,confirm2024B,confirm2024,B,0.6
confirm2024,w0.6,20240814,0.0005359154348259128,0.00029818228499000645,0.0002245061428255655,confirm2024B,confirm2024,B,0.6
confirm2024,w0.6,20240815,0.002052842673392626,0.0017407994139569565,0.0002937056542972756,confirm2024B,confirm2024,B,0.6
confirm2024,w0.6,20240816,0.00010445839467326063,0.0003860078781340528,-0.00032047155726403186,confirm2024B,confirm2024,B,0.6
confirm2024,w0.6,20240819,-0.00028587126371806826,1.463957203310046e-05,-0.0002653110588741932,confirm2024B,confirm2024,B,0.6
confirm2024,w0.6,20240820,0.00021649267142306037,-0.00013925139054385378,0.00034946586101831917,confirm2024B,confirm2024,B,0.6
confirm2024,w0.6,20240821,0.0009452696223729139,0.00148366507304265,-0.0005658286033222603,confirm2024B,confirm2024,B,0.6
confirm2024,w0.6,20240822,-0.0016309925269375157,-0.0015180822411141148,-9.491650208957273e-05,confirm2024B,confirm2024,B,0.6
confirm2024,w0.6,20240823,0.000987418790435693,0.0004632965291288761,0.0005135741256781714,confirm2024B,confirm2024,B,0.6
confirm2024,w0.6,20240826,-0.0014187940835440373,-0.0005915810629678259,-0.000821517409525573,confirm2024B,confirm2024,B,0.6
confirm2024,w0.6,20240827,0.002845942982894781,0.002400467056333718,0.0004656472030257195,confirm2024B,confirm2024,B,0.6
confirm2024,w0.6,20240828,0.0030399829993888842,0.0020348353206348204,0.0010255932455190422,confirm2024B,confirm2024,B,0.6
confirm2024,w0.6,20240829,0.001683052505691323,0.0007199067011334899,0.0009306436573033461,confirm2024B,confirm2024,B,0.6
confirm2024,w0.6,20240830,-0.0006421779028445602,-0.0002952141913854316,-0.00041084690401430843,confirm2024B,confirm2024,B,0.6
confirm2024,w0.6,20240902,0.003949854294640481,0.003110521147865257,0.0008518226435366427,confirm2024B,confirm2024,B,0.6
confirm2024,w0.6,20240903,0.0001574653280574682,7.374323340429023e-05,5.65026537523526e-05,confirm2024B,confirm2024,B,0.6
confirm2024,w0.6,20240904,0.0012997191088216578,0.0009984158190495863,0.0002895595901978769,confirm2024B,confirm2024,B,0.6
confirm2024,w0.6,20240905,-0.0024448998435488145,-0.0016900766604406744,-0.000760074147750488,confirm2024B,confirm2024,B,0.6
confirm2024,w0.6,20240906,0.0007270665919222109,0.0004056816803717513,0.00028885846649896393,confirm2024B,confirm2024,B,0.6
confirm2024,w0.6,20240909,0.003769786812585973,0.0031466186116938283,0.0006072589198886933,confirm2024B,confirm2024,B,0.6
confirm2024,w0.6,20240910,0.0022221021993731735,0.0018711108172797025,0.000329379069943091,confirm2024B,confirm2024,B,0.6
confirm2024,w0.6,20240911,-0.0009306891912789312,-0.0007408959975350109,-0.00022772589192312134,confirm2024B,confirm2024,B,0.6
confirm2024,w0.6,20240912,-0.001773895018484125,-0.0012970111012721303,-0.00050919625605134,confirm2024B,confirm2024,B,0.6
confirm2024,w0.6,20240913,-0.0023330161862078046,-0.0021111439128155226,-0.00020159389828874208,confirm2024B,confirm2024,B,0.6
confirm2024,w0.6,20240918,0.00041037602239624854,0.00018626609365515702,0.0001852453891112129,confirm2024B,confirm2024,B,0.6
confirm2024,w0.6,20240919,-0.0007149756025641215,-0.0006559135242766865,-8.081381031575423e-05,confirm2024B,confirm2024,B,0.6
confirm2024,w0.6,20240920,0.0009642300608090101,0.0009972922000340545,-3.5250065346345586e-05,confirm2024B,confirm2024,B,0.6
confirm2024,w0.6,20240923,0.0016122033605942415,0.0016440903374737327,-3.3318302390406025e-05,confirm2024B,confirm2024,B,0.6
confirm2024,w0.6,20240924,8.8013303303075e-06,0.00014663236297462302,-0.00014122158916835074,confirm2024B,confirm2024,B,0.6
confirm2024,w0.6,20240925,9.744794850290173e-05,-0.00016092391844531686,0.00023563716535237415,confirm2024B,confirm2024,B,0.6
confirm2024,w0.6,20240926,0.006740430646338183,0.006012295824246314,0.0007784577200522212,confirm2024B,confirm2024,B,0.6
confirm2024,w0.6,20240927,0.016910153896727176,0.016362025573363942,0.0006555758242967634,confirm2024B,confirm2024,B,0.6
confirm2024,w0.6,20240930,0.025889831476398784,0.020368611589733104,0.005521219886665665,confirm2024B,confirm2024,B,0.6
confirm2024,w0.6,20241008,-0.005186270945276628,-0.0010299771457690215,-0.004156293799507602,confirm2024B,confirm2024,B,0.6
confirm2024,w0.6,20241009,0.009696478374961976,0.009439498794711692,0.00015106218215567806,confirm2024B,confirm2024,B,0.6
confirm2024,w0.6,20241010,0.0010657280039399128,0.0013125547727158302,-0.0003111939065407242,confirm2024B,confirm2024,B,0.6
confirm2024,w0.6,20241011,-0.0011828755828814236,-0.0006099229735188749,-0.00048184847366577284,confirm2024B,confirm2024,B,0.6
confirm2024,w0.6,20241014,0.0017154371856255134,0.001978199924169764,-0.00024171112081108632,confirm2024B,confirm2024,B,0.6
confirm2024,w0.6,20241015,-0.0010728804815404239,-0.001176526093298764,5.212370061947864e-05,confirm2024B,confirm2024,B,0.6
confirm2024,w0.6,20241016,-0.0007354402099326619,-0.0003243081950734367,-0.0004342209200301896,confirm2024B,confirm2024,B,0.6
confirm2024,w0.6,20241017,-0.0019197554187348302,-0.0010964834888813177,-0.000816863624660751,confirm2024B,confirm2024,B,0.6
confirm2024,w0.6,20241018,-0.0018286497999869117,-0.0006908455178056284,-0.001158000014396218,confirm2024B,confirm2024,B,0.6
confirm2024,w0.6,20241021,0.0026149226626242736,0.0014797018610630728,0.0011539602984405799,confirm2024B,confirm2024,B,0.6
confirm2024,w0.6,20241022,0.001554698471297986,0.0009190341785241883,0.0005914834979226974,confirm2024B,confirm2024,B,0.6
confirm2024,w0.6,20241023,3.605300872739411e-05,-0.0006813289997583104,0.0006845621240519698,confirm2024B,confirm2024,B,0.6
confirm2024,w0.6,20241024,-0.0005009923356516927,-0.00044272219395428356,-7.629237494039285e-05,confirm2024B,confirm2024,B,0.6
confirm2024,w0.6,20241025,-0.0031138575933402912,-0.003244887321671572,0.00010666011601121096,confirm2024B,confirm2024,B,0.6
confirm2024,w0.6,20241028,-0.0006991388017310238,-0.000983192834600909,0.000253991755873824,confirm2024B,confirm2024,B,0.6
confirm2024,w0.6,20241029,-0.0013740668780203567,-0.0014110755826548644,-2.173160954793531e-05,confirm2024B,confirm2024,B,0.6
confirm2024,w0.6,20241030,-0.003730570093659593,-0.0031617620587486885,-0.0005827353825139503,confirm2024B,confirm2024,B,0.6
confirm2024,w0.6,20241031,0.00553629523907646,0.0022889897724880414,0.003265704980698084,confirm2024B,confirm2024,B,0.6
confirm2024,w0.6,20241101,0.003966339203002454,0.0035425580839046175,0.0003803028501162374,confirm2024B,confirm2024,B,0.6
confirm2024,w0.6,20241104,-0.0007754703197983201,0.000814381331100759,-0.0015053227014324828,confirm2024B,confirm2024,B,0.6
confirm2024,w0.6,20241105,0.0005256836063586602,0.00023127724009469272,0.00027119534833737295,confirm2024B,confirm2024,B,0.6
confirm2024,w0.6,20241106,-0.0018087699388652512,-0.0022524244822336678,0.0003827271632736894,confirm2024B,confirm2024,B,0.6
confirm2024,w0.6,20241107,-9.683410680091866e-05,0.0008857265009352327,-0.000940705450106674,confirm2024B,confirm2024,B,0.6
confirm2024,w0.6,20241108,0.0009666031613737441,0.001761424113517031,-0.0007284625471837094,confirm2024B,confirm2024,B,0.6
confirm2024,w0.6,20241111,0.0029263929839407716,0.0019485043639395827,0.0009757905535989458,confirm2024B,confirm2024,B,0.6
confirm2024,w0.6,20241112,0.002090894437525496,0.002095678450768612,0.00011398573609556237,confirm2024B,confirm2024,B,0.6
confirm2024,w0.6,20241113,0.0023176415321009523,0.0013484992736759712,0.0009202539397461854,confirm2024B,confirm2024,B,0.6
confirm2024,w0.6,20241114,0.003302408842129437,0.0023247612075009225,0.0009228982471797491,confirm2024B,confirm2024,B,0.6
confirm2024,w0.6,20241115,0.0014937038665630703,-0.0014695796544537372,0.0029936876531510013,confirm2024B,confirm2024,B,0.6
confirm2024,w0.6,20241118,0.0029055101007146207,0.004083810605084115,-0.0012163800882293557,confirm2024B,confirm2024,B,0.6
confirm2024,w0.6,20241119,-0.0016541450703922954,-0.0009518180706254117,-0.0007088018610002904,confirm2024B,confirm2024,B,0.6
confirm2024,w0.6,20241120,0.003679145273902101,0.0030918746321290714,0.0005859523854168773,confirm2024B,confirm2024,B,0.6
confirm2024,w0.6,20241121,-0.0006308865488365914,-0.001241989665451344,0.0006071640004422319,confirm2024B,confirm2024,B,0.6
confirm2024,w0.6,20241122,0.0024178874984323306,0.0016653651167293935,0.0006870676662258152,confirm2024B,confirm2024,B,0.6
confirm2024,w0.6,20241125,0.0018745073822126123,0.0006529088220176712,0.0012336234930063594,confirm2024B,confirm2024,B,0.6
confirm2024,w0.6,20241126,0.0006129499260217677,0.001813924756808056,-0.0012477613854834728,confirm2024B,confirm2024,B,0.6
confirm2024,w0.6,20241127,-0.0005001859646541487,-0.0009333669189500575,0.00042626032531122525,confirm2024B,confirm2024,B,0.6
confirm2024,w0.6,20241128,0.0016436595878914963,0.002242230776065086,-0.0006380816339282185,confirm2024B,confirm2024,B,0.6
confirm2024,w0.6,20241129,-0.0007543076437900309,-0.00022385691245689968,-0.0005516998303328462,confirm2024B,confirm2024,B,0.6
confirm2024,w0.6,20241202,0.0005071352158481602,0.0005781430409523804,-8.928839482814886e-05,confirm2024B,confirm2024,B,0.6
confirm2024,w0.6,20241203,0.002714448448881428,0.0020907113289856077,0.0005700512245277148,confirm2024B,confirm2024,B,0.6
confirm2024,w0.6,20241204,-0.0013747974505075276,-0.00016045831271330462,-0.0011943955807537233,confirm2024B,confirm2024,B,0.6
confirm2024,w0.6,20241205,-0.0002644828924370339,-0.0008427063927455775,0.0005595069441962533,confirm2024B,confirm2024,B,0.6
confirm2024,w0.6,20241206,0.0035815534775763967,0.003111391510057602,0.0005205479361867764,confirm2024B,confirm2024,B,0.6
confirm2024,w0.6,20241209,0.00099451192047738,0.0019429246592255495,-0.0009730008709289361,confirm2024B,confirm2024,B,0.6
confirm2024,w0.6,20241210,-0.0006253902645902056,-0.0009604074446605047,0.00029627888513305607,confirm2024B,confirm2024,B,0.6
confirm2024,w0.6,20241211,0.0005217176018591976,0.00016531533365941536,0.00033284492213606716,confirm2024B,confirm2024,B,0.6
confirm2024,w0.6,20241212,0.0006613935152354755,0.0004733218372855975,0.00017852064430669515,confirm2024B,confirm2024,B,0.6
confirm2024,w0.6,20241213,0.002523731027060282,0.0010726649868851637,0.0014897203829440505,confirm2024B,confirm2024,B,0.6
confirm2024,w0.6,20241216,0.005439917156464698,0.003188943257100083,0.002269181926913036,confirm2024B,confirm2024,B,0.6
confirm2024,w0.6,20241217,-0.0012788494271785836,-0.0005071724103779232,-0.0008032111984431674,confirm2024B,confirm2024,B,0.6
confirm2024,w0.6,20241218,0.0027809957015402093,0.003162815360402282,-0.0004133340940773737,confirm2024B,confirm2024,B,0.6
confirm2024,w0.6,20241219,-9.340559281589833e-05,0.001337538677865026,-0.0014326236081901474,confirm2024B,confirm2024,B,0.6
confirm2024,w0.6,20241220,0.009245759051444556,0.00626708477820496,0.002977861271580301,confirm2024B,confirm2024,B,0.6
confirm2024,w0.6,20241223,0.002176346179964421,0.00125052591889529,0.0009408284326146061,confirm2024B,confirm2024,B,0.6
confirm2024,w0.6,20241224,0.0037362497170867447,0.0018032660969363088,0.0019287052430248144,confirm2024B,confirm2024,B,0.6
confirm2024,w0.6,20241225,-0.0005510264704820314,0.0006157637698214597,-0.0011567088918893284,confirm2024B,confirm2024,B,0.6
confirm2024,w0.6,20241226,-0.0012255365378774988,-0.0021465796329897544,0.0009046272450517116,confirm2024B,confirm2024,B,0.6
confirm2024,w0.6,20241227,0.0005433122452985929,-0.0005232900451829018,0.0010254576297709331,confirm2024B,confirm2024,B,0.6
confirm2024,w0.6,20241230,0.0033152854524662496,0.0013206398317888838,0.002016222218665528,confirm2024B,confirm2024,B,0.6
confirm2024,w0.6,20241231,-0.001045988087268801,-3.250133017537607e-05,-0.0010302376620946608,confirm2024B,confirm2024,B,0.6
confirm2024,w0.7,20240808,0.0018379327830781262,0.001792971524381859,1.9318659951466854e-06,confirm2024B,confirm2024,B,0.7
confirm2024,w0.7,20240809,0.0005241158894324412,0.0012033547891505893,-0.0007054502881716174,confirm2024B,confirm2024,B,0.7
confirm2024,w0.7,20240812,0.003324023839732948,0.0028962440499060898,0.0003723997061622258,confirm2024B,confirm2024,B,0.7
confirm2024,w0.7,20240813,-0.0014406045922193715,-0.0016877694253219747,0.00022449174637634143,confirm2024B,confirm2024,B,0.7
confirm2024,w0.7,20240814,0.001334235789136634,0.001044091001800208,0.0002769177803260858,confirm2024B,confirm2024,B,0.7
confirm2024,w0.7,20240815,0.0018810968602997569,0.001567152305899082,0.00029560694926228083,confirm2024B,confirm2024,B,0.7
confirm2024,w0.7,20240816,-0.0008834135878686296,-0.00046075475161758595,-0.00046158091005428324,confirm2024B,confirm2024,B,0.7
confirm2024,w0.7,20240819,-0.00020832382067762986,0.00016439697219340844,-0.0003375210159940641,confirm2024B,confirm2024,B,0.7
confirm2024,w0.7,20240820,-0.0003260455230958831,-0.0008259947548967844,0.0004936710308523058,confirm2024B,confirm2024,B,0.7
confirm2024,w0.7,20240821,0.0006466276290882939,0.0013249751328940676,-0.0007057806564583003,confirm2024B,confirm2024,B,0.7
confirm2024,w0.7,20240822,-0.0013075341690147214,-0.0011201838672394888,-0.00016935651804140557,confirm2024B,confirm2024,B,0.7
confirm2024,w0.7,20240823,0.0008182737685276612,0.00013940824441137622,0.0006683173884876423,confirm2024B,confirm2024,B,0.7
confirm2024,w0.7,20240826,-0.002497334523418821,-0.0015752509799906735,-0.0009163879323775082,confirm2024B,confirm2024,B,0.7
confirm2024,w0.7,20240827,0.0028530455418253947,0.0022585705799696124,0.00061464623832044,confirm2024B,confirm2024,B,0.7
confirm2024,w0.7,20240828,0.003500317474033697,0.002178470249433455,0.0013422927913652222,confirm2024B,confirm2024,B,0.7
confirm2024,w0.7,20240829,0.0021215994304801256,0.0009556036167133433,0.0011334936665122963,confirm2024B,confirm2024,B,0.7
confirm2024,w0.7,20240830,-0.0011722739277975226,-0.0007257626261319832,-0.0005103944942207206,confirm2024B,confirm2024,B,0.7
confirm2024,w0.7,20240902,0.0050623600519941695,0.004027912651527362,0.0010469368972282284,confirm2024B,confirm2024,B,0.7
confirm2024,w0.7,20240903,0.0013658539975129986,0.0013594382700926454,-2.0803713480474263e-05,confirm2024B,confirm2024,B,0.7
confirm2024,w0.7,20240904,0.0005699253547656706,0.00018509211138784663,0.00037308954380363044,confirm2024B,confirm2024,B,0.7
confirm2024,w0.7,20240905,-0.002194637476088151,-0.0012209592102761565,-0.0009789292304543426,confirm2024B,confirm2024,B,0.7
confirm2024,w0.7,20240906,-0.00018422056365319456,-0.0005948665248268984,0.0003781195161222073,confirm2024B,confirm2024,B,0.7
confirm2024,w0.7,20240909,0.003179296549691261,0.0024282821081379326,0.0007351051605498779,confirm2024B,confirm2024,B,0.7
confirm2024,w0.7,20240910,0.0030369060149299854,0.002535471360067058,0.00047982234271254777,confirm2024B,confirm2024,B,0.7
confirm2024,w0.7,20240911,-0.00138194042412938,-0.0010904079491435349,-0.0003294651731650459,confirm2024B,confirm2024,B,0.7
confirm2024,w0.7,20240912,-0.0025073546870491552,-0.0018207180737718968,-0.0007189489521166064,confirm2024B,confirm2024,B,0.7
confirm2024,w0.7,20240913,-0.002396649174038921,-0.002130270698246404,-0.00024610010068897703,confirm2024B,confirm2024,B,0.7
confirm2024,w0.7,20240918,-0.0003569220582692219,-0.0006968704550780463,0.0003010838571789416,confirm2024B,confirm2024,B,0.7
confirm2024,w0.7,20240919,-0.0012499343689614142,-0.0011200942684928385,-0.0001515918324968945,confirm2024B,confirm2024,B,0.7
confirm2024,w0.7,20240920,0.0005576683047272472,0.0006335470240442329,-7.806664543828621e-05,confirm2024B,confirm2024,B,0.7
confirm2024,w0.7,20240923,0.0018361379011594542,0.001872699048301073,-3.7992472652536804e-05,confirm2024B,confirm2024,B,0.7
confirm2024,w0.7,20240924,0.0003145965351425018,0.0005591006699923668,-0.0002478946913739014,confirm2024B,confirm2024,B,0.7
confirm2024,w0.7,20240925,0.00015241166771619297,-0.0001598992620023168,0.00028957622812266957,confirm2024B,confirm2024,B,0.7
confirm2024,w0.7,20240926,0.009585757314034507,0.008505950806479385,0.0011301294055154631,confirm2024B,confirm2024,B,0.7
confirm2024,w0.7,20240927,0.019567847516941156,0.018393440055193038,0.0012818549626816506,confirm2024B,confirm2024,B,0.7
confirm2024,w0.7,20240930,0.03193047641426032,0.024165422119647013,0.0077650542946132856,confirm2024B,confirm2024,B,0.7
confirm2024,w0.7,20241008,-0.0072235237978652556,-0.0017055825375195733,-0.005517941260345693,confirm2024B,confirm2024,B,0.7
confirm2024,w0.7,20241009,0.007606832442680503,0.007699875731771264,-0.00019896068718536626,confirm2024B,confirm2024,B,0.7
confirm2024,w0.7,20241010,0.000596367018734438,0.0013257917164385706,-0.0007937918354689481,confirm2024B,confirm2024,B,0.7
confirm2024,w0.7,20241011,-0.0010639375706101642,-0.0010515834534180822,7.875001850469684e-05,confirm2024B,confirm2024,B,0.7
confirm2024,w0.7,20241014,0.001965424006405073,0.0021147963858049994,-0.00012832076166675974,confirm2024B,confirm2024,B,0.7
confirm2024,w0.7,20241015,-0.0019921171203239655,-0.001956337261024085,-8.730177043874258e-05,confirm2024B,confirm2024,B,0.7
confirm2024,w0.7,20241016,-0.00022674094454063713,-0.00010935421584991823,-0.00014047563386168302,confirm2024B,confirm2024,B,0.7
confirm2024,w0.7,20241017,-0.0005894765623638901,-0.00017338391124766315,-0.0004096843459234662,confirm2024B,confirm2024,B,0.7
confirm2024,w0.7,20241018,-0.0004592805916959503,0.00012763411095368147,-0.0006071104348645673,confirm2024B,confirm2024,B,0.7
confirm2024,w0.7,20241021,0.0034020572277010438,0.0024834129529164944,0.0009373837716639297,confirm2024B,confirm2024,B,0.7
confirm2024,w0.7,20241022,0.0011559881303258432,0.0007376523430160701,0.00037415499245867234,confirm2024B,confirm2024,B,0.7
confirm2024,w0.7,20241023,0.0003440141545274769,-0.0002576067228990092,0.0005688009929927499,confirm2024B,confirm2024,B,0.7
confirm2024,w0.7,20241024,0.0004850386769989154,0.00033848038216050945,0.0001285360615954234,confirm2024B,confirm2024,B,0.7
confirm2024,w0.7,20241025,-0.004053294546870388,-0.004249076105363734,0.00017141194617327604,confirm2024B,confirm2024,B,0.7
confirm2024,w0.7,20241028,-0.0010197719869347727,-0.0012312753057561307,0.0001814410418252996,confirm2024B,confirm2024,B,0.7
confirm2024,w0.7,20241029,-0.0006471858172344995,-0.000711944839818705,6.018708401762901e-06,confirm2024B,confirm2024,B,0.7
confirm2024,w0.7,20241030,-0.003371467390778038,-0.002971945773932933,-0.0004134489644481496,confirm2024B,confirm2024,B,0.7
confirm2024,w0.7,20241031,0.005611631400371436,0.003020752412172236,0.002609278502308864,confirm2024B,confirm2024,B,0.7
confirm2024,w0.7,20241101,0.003824649216042874,0.0032595731243897663,0.0005215978226715062,confirm2024B,confirm2024,B,0.7
confirm2024,w0.7,20241104,-0.0011707227832596263,0.00013715357054402863,-0.0012233474043370548,confirm2024B,confirm2024,B,0.7
confirm2024,w0.7,20241105,0.00045732621714367205,0.00010757739135059259,0.00032653780786648585,confirm2024B,confirm2024,B,0.7
confirm2024,w0.7,20241106,-0.002160608442884418,-0.0025779620460687647,0.00035642622308961944,confirm2024B,confirm2024,B,0.7
confirm2024,w0.7,20241107,0.0009753422487269632,0.001819419463901318,-0.0008022220575448773,confirm2024B,confirm2024,B,0.7
confirm2024,w0.7,20241108,0.002091091041658732,0.0026671412609653826,-0.0005096918143470702,confirm2024B,confirm2024,B,0.7
confirm2024,w0.7,20241111,0.0022734626906223175,0.0013639802212641542,0.0009073844029559197,confirm2024B,confirm2024,B,0.7
confirm2024,w0.7,20241112,0.0024750831356012207,0.002495656742585795,9.819614235410324e-05,confirm2024B,confirm2024,B,0.7
confirm2024,w0.7,20241113,0.0020506084653125513,0.0012918307332693189,0.0007098894133644378,confirm2024B,confirm2024,B,0.7
confirm2024,w0.7,20241114,0.0026971097939914937,0.0019263977369650591,0.0007159626695776737,confirm2024B,confirm2024,B,0.7
confirm2024,w0.7,20241115,0.000722990009790269,-0.0019929763358367634,0.0027463704777612253,confirm2024B,confirm2024,B,0.7
confirm2024,w0.7,20241118,0.0030718574489925765,0.004034382280980914,-0.0010006044158481955,confirm2024B,confirm2024,B,0.7
confirm2024,w0.7,20241119,-0.00209719691949083,-0.0014954871005513522,-0.0006081846801728823,confirm2024B,confirm2024,B,0.7
confirm2024,w0.7,20241120,0.00268421124764856,0.0021603619487691557,0.0005225310425232511,confirm2024B,confirm2024,B,0.7
confirm2024,w0.7,20241121,-0.0009907481095709283,-0.0015278433620645045,0.0005331561363210524,confirm2024B,confirm2024,B,0.7
confirm2024,w0.7,20241122,0.0025715837671491278,0.0018198345671317998,0.0006862944845402056,confirm2024B,confirm2024,B,0.7
confirm2024,w0.7,20241125,0.0010736109846232076,1.936101276025972e-05,0.0010662749046743668,confirm2024B,confirm2024,B,0.7
confirm2024,w0.7,20241126,0.00044081815537804284,0.0016002620385166602,-0.0012062304378357997,confirm2024B,confirm2024,B,0.7
confirm2024,w0.7,20241127,-0.0005914730421185419,-0.0009981403746769993,0.00039974670357377387,confirm2024B,confirm2024,B,0.7
confirm2024,w0.7,20241128,0.00239300592407741,0.0028941675888267296,-0.0005406721105039511,confirm2024B,confirm2024,B,0.7
confirm2024,w0.7,20241129,-0.0010747247229231857,-0.0006009651170814226,-0.0004950087048414796,confirm2024B,confirm2024,B,0.7
confirm2024,w0.7,20241202,0.0011034028934874401,0.0011707027438098343,-8.558042004632386e-05,confirm2024B,confirm2024,B,0.7
confirm2024,w0.7,20241203,0.0022630399878928054,0.001765873370869383,0.00044348072165531727,confirm2024B,confirm2024,B,0.7
confirm2024,w0.7,20241204,-0.001602624302578808,-0.0005590686341917716,-0.001023612111346535,confirm2024B,confirm2024,B,0.7
confirm2024,w0.7,20241205,-0.0005958642646499823,-0.0011038466046512881,0.0004892657838890173,confirm2024B,confirm2024,B,0.7
confirm2024,w0.7,20241206,0.002558993504880598,0.002107795651541228,0.0005015838220073518,confirm2024B,confirm2024,B,0.7
confirm2024,w0.7,20241209,0.0017592691713701342,0.002649211159304032,-0.000914530120114665,confirm2024B,confirm2024,B,0.7
confirm2024,w0.7,20241210,-0.0005082465087027782,-0.0008694056483999156,0.0003224208447598922,confirm2024B,confirm2024,B,0.7
confirm2024,w0.7,20241211,0.00011507114848603901,-0.00018589272741484128,0.0002774065298371616,confirm2024B,confirm2024,B,0.7
confirm2024,w0.7,20241212,-0.00029855406976180346,-0.00048634752456592454,0.0001782424211609372,confirm2024B,confirm2024,B,0.7
confirm2024,w0.7,20241213,0.002605311556730915,0.0012844964269069555,0.0013594694725928918,confirm2024B,confirm2024,B,0.7
confirm2024,w0.7,20241216,0.006133693661285355,0.004154372793823373,0.0019975288950103993,confirm2024B,confirm2024,B,0.7
confirm2024,w0.7,20241217,-0.001015202564677395,-0.0002829886279160337,-0.000763748118403868,confirm2024B,confirm2024,B,0.7
confirm2024,w0.7,20241218,0.0027758158899265205,0.0030892741203404706,-0.00034497266562925145,confirm2024B,confirm2024,B,0.7
confirm2024,w0.7,20241219,-0.00017470894497726742,0.0010351758288451652,-0.0012115641113316575,confirm2024B,confirm2024,B,0.7
confirm2024,w0.7,20241220,0.00841880070627312,0.00593818837491273,0.0024797993297010993,confirm2024B,confirm2024,B,0.7
confirm2024,w0.7,20241223,0.0016857407323917911,0.0008447327671877335,0.0008560161367495311,confirm2024B,confirm2024,B,0.7
confirm2024,w0.7,20241224,0.0029142961118372272,0.0012472218279912031,0.0016627959067204044,confirm2024B,confirm2024,B,0.7
confirm2024,w0.7,20241225,-2.070879662352705e-05,0.0009871633074768245,-0.000997790755686191,confirm2024B,confirm2024,B,0.7
confirm2024,w0.7,20241226,-0.0016788188482615334,-0.002557474763613202,0.0008622400652911267,confirm2024B,confirm2024,B,0.7
confirm2024,w0.7,20241227,0.0006784373131410292,-0.0002743956923429949,0.0009116883447734642,confirm2024B,confirm2024,B,0.7
confirm2024,w0.7,20241230,0.002763092439783503,0.0009429563182949752,0.0018417127194766854,confirm2024B,confirm2024,B,0.7
confirm2024,w0.7,20241231,-0.0011744712050895563,-0.00023928042537922048,-0.0009519416847115721,confirm2024B,confirm2024,B,0.7
confirm2024,w0.8,20240808,0.001451913872979554,0.0014395146186177265,-3.063013833929069e-05,confirm2024B,confirm2024,B,0.8
confirm2024,w0.8,20240809,0.0009032338942453061,0.001487776894616205,-0.0006107543888243675,confirm2024B,confirm2024,B,0.8
confirm2024,w0.8,20240812,0.0016687516199168423,0.00135709727786015,0.0002562742583920595,confirm2024B,confirm2024,B,0.8
confirm2024,w0.8,20240813,-0.0010394424925074053,-0.0011554474179279416,9.333183869427415e-05,confirm2024B,confirm2024,B,0.8
confirm2024,w0.8,20240814,0.0012202180805668157,0.0009452709289620932,0.0002617201445943802,confirm2024B,confirm2024,B,0.8
confirm2024,w0.8,20240815,0.0016536578582474317,0.0013359786023928674,0.00029934165071617095,confirm2024B,confirm2024,B,0.8
confirm2024,w0.8,20240816,-0.0010210144457306002,-0.00063597979358174,-0.00042395672595209994,confirm2024B,confirm2024,B,0.8
confirm2024,w0.8,20240819,0.0004565430052968118,0.0009209934763407097,-0.0004292506941669246,confirm2024B,confirm2024,B,0.8
confirm2024,w0.8,20240820,4.1080494610718464e-05,-0.00042770832296468354,0.0004625106166268072,confirm2024B,confirm2024,B,0.8
confirm2024,w0.8,20240821,0.0001785284715137593,0.0009107870327919744,-0.0007596917139307415,confirm2024B,confirm2024,B,0.8
confirm2024,w0.8,20240822,-0.0006845134032601409,-0.0005355995371828914,-0.0001309200823434206,confirm2024B,confirm2024,B,0.8
confirm2024,w0.8,20240823,0.0001324480419871519,-0.0005424895457326122,0.0006643894520911222,confirm2024B,confirm2024,B,0.8
confirm2024,w0.8,20240826,-0.002159912741549733,-0.0012812483619172154,-0.000872968768581878,confirm2024B,confirm2024,B,0.8
confirm2024,w0.8,20240827,0.0021489683302536216,0.001491352343451411,0.0006777872632668672,confirm2024B,confirm2024,B,0.8
confirm2024,w0.8,20240828,0.004416676359338425,0.0029454111128471086,0.0014917108132562957,confirm2024B,confirm2024,B,0.8
confirm2024,w0.8,20240829,0.002749222457957348,0.0016447587355464645,0.0010719615751563982,confirm2024B,confirm2024,B,0.8
confirm2024,w0.8,20240830,-0.0017498765103009396,-0.001254265635905618,-0.0005594940669505004,confirm2024B,confirm2024,B,0.8
confirm2024,w0.8,20240902,0.00474075446806054,0.003634365027215378,0.0011188789376065818,confirm2024B,confirm2024,B,0.8
confirm2024,w0.8,20240903,0.0020010432310913,0.0019950041607524507,-2.1180370561978408e-05,confirm2024B,confirm2024,B,0.8
confirm2024,w0.8,20240904,0.0014521703353881678,0.0010419790292117029,0.0003984476066022735,confirm2024B,confirm2024,B,0.8
confirm2024,w0.8,20240905,-0.0015689493906591405,-0.0005479896727735155,-0.0010262106825279723,confirm2024B,confirm2024,B,0.8
confirm2024,w0.8,20240906,0.00021454200032838822,-0.00019828452674491306,0.0003803000820218044,confirm2024B,confirm2024,B,0.8
confirm2024,w0.8,20240909,0.0032402120997634763,0.0024634589875584885,0.000760843831201536,confirm2024B,confirm2024,B,0.8
confirm2024,w0.8,20240910,0.0030310304646241704,0.0024641766206106746,0.0005452415318631161,confirm2024B,confirm2024,B,0.8
confirm2024,w0.8,20240911,-0.001188263851481932,-0.0008963342230919059,-0.0003298623265692271,confirm2024B,confirm2024,B,0.8
confirm2024,w0.8,20240912,-0.0028886095047297375,-0.002246367176136271,-0.0006745546674328139,confirm2024B,confirm2024,B,0.8
confirm2024,w0.8,20240913,-0.002417433582594221,-0.0021683899690640085,-0.00022876523842667296,confirm2024B,confirm2024,B,0.8
confirm2024,w0.8,20240918,-0.00041082097508375257,-0.000800238451381288,0.0003505529366676563,confirm2024B,confirm2024,B,0.8
confirm2024,w0.8,20240919,-0.0018360105997845947,-0.001722520675862467,-0.00013524165595044622,confirm2024B,confirm2024,B,0.8
confirm2024,w0.8,20240920,0.0003434638406936063,0.0004302938528977148,-8.901793832540935e-05,confirm2024B,confirm2024,B,0.8
confirm2024,w0.8,20240923,0.002808861835848664,0.0028286717027609974,-2.1241192423250706e-05,confirm2024B,confirm2024,B,0.8
confirm2024,w0.8,20240924,0.00019642630803967664,0.00041617757885675614,-0.00022314182734111513,confirm2024B,confirm2024,B,0.8
confirm2024,w0.8,20240925,0.0011152516334016482,0.0008024574179625723,0.000290059513843231,confirm2024B,confirm2024,B,0.8
confirm2024,w0.8,20240926,0.010590506742898048,0.009437992971457233,0.00120283666940116,confirm2024B,confirm2024,B,0.8
confirm2024,w0.8,20240927,0.018496250000675438,0.01711858113222963,0.001485116369379346,confirm2024B,confirm2024,B,0.8
confirm2024,w0.8,20240930,0.027772208891541708,0.02040939764746126,0.007362811244080446,confirm2024B,confirm2024,B,0.8
confirm2024,w0.8,20241008,-0.005604291995296107,-0.0010220865950959172,-0.004582205400200194,confirm2024B,confirm2024,B,0.8
confirm2024,w0.8,20241009,0.007389965000426684,0.0071534341505470524,0.00013061345178502564,confirm2024B,confirm2024,B,0.8
confirm2024,w0.8,20241010,0.0002898573782209521,0.0006981937098746543,-0.0004727034694185071,confirm2024B,confirm2024,B,0.8
confirm2024,w0.8,20241011,-0.0016216235774015667,-0.0011578110333579988,-0.0003727084083467872,confirm2024B,confirm2024,B,0.8
confirm2024,w0.8,20241014,0.0016399534679813078,0.001932124227519308,-0.00027111914180483356,confirm2024B,confirm2024,B,0.8
confirm2024,w0.8,20241015,-0.0020101866854087326,-0.002057028554129556,-4.680042418038201e-06,confirm2024B,confirm2024,B,0.8
confirm2024,w0.8,20241016,0.0006797631774771743,0.000984695459599866,-0.00032802118729365537,confirm2024B,confirm2024,B,0.8
confirm2024,w0.8,20241017,-0.0008978741832947439,-0.0002243110294050384,-0.0006671548486969427,confirm2024B,confirm2024,B,0.8
confirm2024,w0.8,20241018,-0.0012148452759727837,-0.00033390678500547173,-0.000901134223182246,confirm2024B,confirm2024,B,0.8
confirm2024,w0.8,20241021,0.0034156680476750325,0.002478245393376417,0.0009561621511779961,confirm2024B,confirm2024,B,0.8
confirm2024,w0.8,20241022,0.0009113869324422082,0.00046840399254798683,0.0003988021450431204,confirm2024B,confirm2024,B,0.8
confirm2024,w0.8,20241023,0.0007148123103272947,9.817342162531562e-06,0.0006721750837310274,confirm2024B,confirm2024,B,0.8
confirm2024,w0.8,20241024,-0.0001029792728357952,-7.102717249839424e-05,-4.9974333580389026e-05,confirm2024B,confirm2024,B,0.8
confirm2024,w0.8,20241025,-0.00365527868712481,-0.003820694808352172,0.0001410465089072943,confirm2024B,confirm2024,B,0.8
confirm2024,w0.8,20241028,0.00035069405029796233,5.813987087778256e-05,0.0002624919024241179,confirm2024B,confirm2024,B,0.8
confirm2024,w0.8,20241029,-0.0006605564697074414,-0.0006931922828453403,-2.6104501044544294e-05,confirm2024B,confirm2024,B,0.8
confirm2024,w0.8,20241030,-0.002859757365960223,-0.002244417774366174,-0.0006292669391970935,confirm2024B,confirm2024,B,0.8
confirm2024,w0.8,20241031,0.0054041398044838845,0.0020222061906791954,0.003400333127914357,confirm2024B,confirm2024,B,0.8
confirm2024,w0.8,20241101,0.003387706579185218,0.0030133977294263857,0.0003308305807772365,confirm2024B,confirm2024,B,0.8
confirm2024,w0.8,20241104,-0.001356810033984173,0.00034870592010688255,-0.001620987004624457,confirm2024B,confirm2024,B,0.8
confirm2024,w0.8,20241105,0.0008662371360147634,0.0005927825734539616,0.00025024354463420734,confirm2024B,confirm2024,B,0.8
confirm2024,w0.8,20241106,-0.0032229765233617383,-0.0036433118757577855,0.00035940797230132296,confirm2024B,confirm2024,B,0.8
confirm2024,w0.8,20241107,0.00044137045703904025,0.0015277828416893422,-0.0010445572270208247,confirm2024B,confirm2024,B,0.8
confirm2024,w0.8,20241108,0.0017309853163866885,0.0026921884252977517,-0.0008948447039514832,confirm2024B,confirm2024,B,0.8
confirm2024,w0.8,20241111,0.0022714482486087036,0.0011386728270443125,0.0011306773551621493,confirm2024B,confirm2024,B,0.8
confirm2024,w0.8,20241112,0.002719894812822119,0.0026985940097221826,0.00014007055243861355,confirm2024B,confirm2024,B,0.8
confirm2024,w0.8,20241113,0.0027442921247375386,0.001712897737734306,0.0009825060683244374,confirm2024B,confirm2024,B,0.8
confirm2024,w0.8,20241114,0.0036641190574962356,0.0025377560569093353,0.001071613613138136,confirm2024B,confirm2024,B,0.8
confirm2024,w0.8,20241115,0.0011456375322115783,-0.0022983574741968545,0.0034743991385426257,confirm2024B,confirm2024,B,0.8
confirm2024,w0.8,20241118,0.0033683189148689743,0.004698139394556056,-0.0013679000635469407,confirm2024B,confirm2024,B,0.8
confirm2024,w0.8,20241119,-0.0018634847844283056,-0.0010479771048879072,-0.0008219825407738018,confirm2024B,confirm2024,B,0.8
confirm2024,w0.8,20241120,0.0018891975454547604,0.001336096468797797,0.0005517828203008112,confirm2024B,confirm2024,B,0.8
confirm2024,w0.8,20241121,-0.0003879642796509042,-0.0010890506113969847,0.0006971472155735623,confirm2024B,confirm2024,B,0.8
confirm2024,w0.8,20241122,0.003006119496960148,0.0023019539894835054,0.0006387107919995187,confirm2024B,confirm2024,B,0.8
confirm2024,w0.8,20241125,0.0011075215401388054,-8.142207837696079e-05,0.0012009685513271846,confirm2024B,confirm2024,B,0.8
confirm2024,w0.8,20241126,8.132053973594275e-05,0.0013755298900472173,-0.0013409959050084575,confirm2024B,confirm2024,B,0.8
confirm2024,w0.8,20241127,-0.0015170851688564302,-0.0019449913347779778,0.0004209855369368636,confirm2024B,confirm2024,B,0.8
confirm2024,w0.8,20241128,0.00249348923808654,0.003151193477308302,-0.0006972146849763913,confirm2024B,confirm2024,B,0.8
confirm2024,w0.8,20241129,-0.0013772462044132142,-0.0006993941983754659,-0.0006991011050374656,confirm2024B,confirm2024,B,0.8
confirm2024,w0.8,20241202,0.000455075177148552,0.00045876375088103264,-2.196914345640964e-05,confirm2024B,confirm2024,B,0.8
confirm2024,w0.8,20241203,0.001974913540003651,0.001337470306068486,0.0005837573385670581,confirm2024B,confirm2024,B,0.8
confirm2024,w0.8,20241204,-0.0011736158026240603,0.00019282044697317095,-0.0013464926925567308,confirm2024B,confirm2024,B,0.8
confirm2024,w0.8,20241205,-0.0011045161877898668,-0.001741831226147211,0.000618598482245055,confirm2024B,confirm2024,B,0.8
confirm2024,w0.8,20241206,0.002756304645181162,0.0022198327849311766,0.000586857828917967,confirm2024B,confirm2024,B,0.8
confirm2024,w0.8,20241209,0.0009791497722960868,0.0020868161131548492,-0.0011322544730395282,confirm2024B,confirm2024,B,0.8
confirm2024,w0.8,20241210,-0.0013316949296056473,-0.0016408910906347439,0.00027045786609185225,confirm2024B,confirm2024,B,0.8
confirm2024,w0.8,20241211,0.00034262142445244496,4.038074920286185e-05,0.00027868332918586384,confirm2024B,confirm2024,B,0.8
confirm2024,w0.8,20241212,0.000293267903589238,5.478746609328516e-05,0.00022892940385276802,confirm2024B,confirm2024,B,0.8
confirm2024,w0.8,20241213,0.0018489116697362421,0.0002592417843554186,0.001628324228149756,confirm2024B,confirm2024,B,0.8
confirm2024,w0.8,20241216,0.006747275741892489,0.00426390042074343,0.0025015833486974805,confirm2024B,confirm2024,B,0.8
confirm2024,w0.8,20241217,-0.0009919325693070694,-0.00010735080824944293,-0.0009161159427001329,confirm2024B,confirm2024,B,0.8
confirm2024,w0.8,20241218,0.002614525187396522,0.003069293766138019,-0.0004862830139567981,confirm2024B,confirm2024,B,0.8
confirm2024,w0.8,20241219,-0.0002912534223218008,0.0011543101997173984,-0.0014472429595484225,confirm2024B,confirm2024,B,0.8
confirm2024,w0.8,20241220,0.00905087905370533,0.00593610251887206,0.0031139635331739763,confirm2024B,confirm2024,B,0.8
confirm2024,w0.8,20241223,0.002175471377954586,0.0012673860017687996,0.0009230935477312611,confirm2024B,confirm2024,B,0.8
confirm2024,w0.8,20241224,0.0037044287614768356,0.0017894469855405854,0.0019107033988106314,confirm2024B,confirm2024,B,0.8
confirm2024,w0.8,20241225,-0.0009320435593126591,0.0003348558397726645,-0.0012568180506711607,confirm2024B,confirm2024,B,0.8
confirm2024,w0.8,20241226,-0.001576302484394461,-0.002529477603779454,0.0009367592693244498,confirm2024B,confirm2024,B,0.8
confirm2024,w0.8,20241227,0.0007724534231673876,-0.0003812234687806216,0.0011125322312374479,confirm2024B,confirm2024,B,0.8
confirm2024,w0.8,20241230,0.003047925838397164,0.0008449504857375213,0.002224551950647802,confirm2024B,confirm2024,B,0.8
confirm2024,w0.8,20241231,-0.0007121112055464597,0.00028811479495921457,-0.0010169769055069142,confirm2024B,confirm2024,B,0.8
confirm2024,w0.9,20240808,0.0017115600627550694,0.0017175205185526443,-4.89898484986952e-05,confirm2024B,confirm2024,B,0.9
confirm2024,w0.9,20240809,0.00043594172466209294,0.0008469792190359767,-0.0004372488828273523,confirm2024B,confirm2024,B,0.9
confirm2024,w0.9,20240812,0.001914639270055419,0.0017318366230157534,0.00012742256337503507,confirm2024B,confirm2024,B,0.9
confirm2024,w0.9,20240813,-0.0012621289781794874,-0.0012589308793538637,-2.5871185551886068e-05,confirm2024B,confirm2024,B,0.9
confirm2024,w0.9,20240814,0.0009496940282453827,0.0007560052407715645,0.0001804617804634765,confirm2024B,confirm2024,B,0.9
confirm2024,w0.9,20240815,0.0015702888150267722,0.0012551829174693037,0.00029676829241907457,confirm2024B,confirm2024,B,0.9
confirm2024,w0.9,20240816,-0.0018758602902680661,-0.0015784553603006304,-0.0003363270037706752,confirm2024B,confirm2024,B,0.9
confirm2024,w0.9,20240819,0.0007512142499995142,0.0011778285045018282,-0.00039141447762533786,confirm2024B,confirm2024,B,0.9
confirm2024,w0.9,20240820,0.00018759705815756715,-0.00024164388367957953,0.00042296274088855123,confirm2024B,confirm2024,B,0.9
confirm2024,w0.9,20240821,-0.0005743353499611907,0.00013129188380213712,-0.0007330603864158518,confirm2024B,confirm2024,B,0.9
confirm2024,w0.9,20240822,-0.0006492629787381915,-0.0005342448349381477,-9.702436006621625e-05,confirm2024B,confirm2024,B,0.9
confirm2024,w0.9,20240823,0.00019940788454983135,-0.0003965670755991008,0.000585426824520288,confirm2024B,confirm2024,B,0.9
confirm2024,w0.9,20240826,-0.0022055496134977277,-0.0014783076838478996,-0.0007215463185991904,confirm2024B,confirm2024,B,0.9
confirm2024,w0.9,20240827,0.0025418175135083192,0.0018865377067550614,0.0006754510832179134,confirm2024B,confirm2024,B,0.9
confirm2024,w0.9,20240828,0.0047847301391114455,0.0034201909392380008,0.0013849847666384243,confirm2024B,confirm2024,B,0.9
confirm2024,w0.9,20240829,0.002435751184188227,0.001405750890047308,0.000997498146886431,confirm2024B,confirm2024,B,0.9
confirm2024,w0.9,20240830,-0.0016430433620499545,-0.0012490978508034915,-0.0004578287038016414,confirm2024B,confirm2024,B,0.9
confirm2024,w0.9,20240902,0.004477512636486011,0.0034709738312381933,0.0010190283020092379,confirm2024B,confirm2024,B,0.9
confirm2024,w0.9,20240903,0.0012663439395019732,0.0012404968701185091,-1.3723715173626636e-06,confirm2024B,confirm2024,B,0.9
confirm2024,w0.9,20240904,0.0016599476612052973,0.0012887926718727538,0.00035941128975835036,confirm2024B,confirm2024,B,0.9
confirm2024,w0.9,20240905,-0.001655043883179469,-0.0007262565527318178,-0.0009340382950899946,confirm2024B,confirm2024,B,0.9
confirm2024,w0.9,20240906,0.00043851937678335653,6.0022178527578885e-05,0.00034597075320428185,confirm2024B,confirm2024,B,0.9
confirm2024,w0.9,20240909,0.002246132966939319,0.0015503745302433503,0.0006798491556925182,confirm2024B,confirm2024,B,0.9
confirm2024,w0.9,20240910,0.003294544569513742,0.002768612839916443,0.00050431941744692,confirm2024B,confirm2024,B,0.9
confirm2024,w0.9,20240911,-0.001282205365386568,-0.0010163257966789266,-0.0003038122668868427,confirm2024B,confirm2024,B,0.9
confirm2024,w0.9,20240912,-0.0025332077826833287,-0.0019725523381802844,-0.0005929677833423931,confirm2024B,confirm2024,B,0.9
confirm2024,w0.9,20240913,-0.002328722421790627,-0.0020610767280329436,-0.0002473673186541431,confirm2024B,confirm2024,B,0.9
confirm2024,w0.9,20240918,-0.00064260263104092,-0.0009981956570501577,0.00031672848637936664,confirm2024B,confirm2024,B,0.9
confirm2024,w0.9,20240919,-0.0011631608175985274,-0.001104198924779033,-8.071362484781255e-05,confirm2024B,confirm2024,B,0.9
confirm2024,w0.9,20240920,0.0007792565154817648,0.0008453619426972727,-6.829335333680856e-05,confirm2024B,confirm2024,B,0.9
confirm2024,w0.9,20240923,0.0031925393256094572,0.0032912847080166204,-0.00010017670791807927,confirm2024B,confirm2024,B,0.9
confirm2024,w0.9,20240924,0.0002406570643717753,0.0004313704639342344,-0.00019410395608649496,confirm2024B,confirm2024,B,0.9
confirm2024,w0.9,20240925,0.00073034220313236,0.0005085816718123088,0.00019902582972421227,confirm2024B,confirm2024,B,0.9
confirm2024,w0.9,20240926,0.01031721153014592,0.0092251963370348,0.0011423380910714554,confirm2024B,confirm2024,B,0.9
confirm2024,w0.9,20240927,0.01879825891467475,0.01724211270731941,0.001663593708288871,confirm2024B,confirm2024,B,0.9
confirm2024,w0.9,20240930,0.027724730987965365,0.0196184735446052,0.008106257443360155,confirm2024B,confirm2024,B,0.9
confirm2024,w0.9,20241008,-0.005330202464898029,-0.00045386612127454003,-0.004876336343623496,confirm2024B,confirm2024,B,0.9
confirm2024,w0.9,20241009,0.007955211315492546,0.007551511282215009,0.00029778263518293236,confirm2024B,confirm2024,B,0.9
confirm2024,w0.9,20241010,0.0009515510212162667,0.0012156257847420692,-0.00032844190129061035,confirm2024B,confirm2024,B,0.9
confirm2024,w0.9,20241011,-0.0030123710125566396,-0.0024754665359662084,-0.00044580034089365206,confirm2024B,confirm2024,B,0.9
confirm2024,w0.9,20241014,0.001443908961281503,0.0017371195036506152,-0.00027215892463594376,confirm2024B,confirm2024,B,0.9
confirm2024,w0.9,20241015,-0.0016370362017563188,-0.0017712057436107787,8.264763071559834e-05,confirm2024B,confirm2024,B,0.9
confirm2024,w0.9,20241016,0.0003682133738046548,0.0008238294498101052,-0.00047870498117641403,confirm2024B,confirm2024,B,0.9
confirm2024,w0.9,20241017,-0.001473458462250339,-0.000546940779022545,-0.000920109378035033,confirm2024B,confirm2024,B,0.9
confirm2024,w0.9,20241018,-0.0010514108132435758,0.0001985476009524529,-0.0012701541464109642,confirm2024B,confirm2024,B,0.9
confirm2024,w0.9,20241021,0.003047061507018599,0.002038785911011484,0.0010270150928864922,confirm2024B,confirm2024,B,0.9
confirm2024,w0.9,20241022,0.0016170172196615486,0.0010952616458240903,0.00047757477898635755,confirm2024B,confirm2024,B,0.9
confirm2024,w0.9,20241023,0.0011164430731345294,0.0003759135679047822,0.000707709620796011,confirm2024B,confirm2024,B,0.9
confirm2024,w0.9,20241024,-0.0006856731139970075,-0.00039149757338441176,-0.0003121977738555809,confirm2024B,confirm2024,B,0.9
confirm2024,w0.9,20241025,-0.004431607217204054,-0.004516785551772688,6.080872224856169e-05,confirm2024B,confirm2024,B,0.9
confirm2024,w0.9,20241028,0.001358036660126214,0.0010371932356874152,0.00029078114744273797,confirm2024B,confirm2024,B,0.9
confirm2024,w0.9,20241029,-0.0012501750800232557,-0.0012433034055698013,-6.561198863589718e-05,confirm2024B,confirm2024,B,0.9
confirm2024,w0.9,20241030,-0.002841810254345753,-0.002003245412188619,-0.0008524921897601794,confirm2024B,confirm2024,B,0.9
confirm2024,w0.9,20241031,0.006049872784993769,0.0020075491052428947,0.004060723193860541,confirm2024B,confirm2024,B,0.9
confirm2024,w0.9,20241101,0.0032069671909847296,0.003057632283590585,0.00010585663841255021,confirm2024B,confirm2024,B,0.9
confirm2024,w0.9,20241104,-0.0019145693974712726,0.00020297948342304042,-0.0020330199314277106,confirm2024B,confirm2024,B,0.9
confirm2024,w0.9,20241105,0.0013858669934047772,0.001189226175699261,0.0001734297997789245,confirm2024B,confirm2024,B,0.9
confirm2024,w0.9,20241106,-0.0030183534942239063,-0.003374441083569994,0.0002951602092513601,confirm2024B,confirm2024,B,0.9
confirm2024,w0.9,20241107,0.0008871537532073855,0.002183026171703623,-0.0012540172608667595,confirm2024B,confirm2024,B,0.9
confirm2024,w0.9,20241108,0.0020881504492706975,0.003330319946683974,-0.001175811092453702,confirm2024B,confirm2024,B,0.9
confirm2024,w0.9,20241111,0.001499218433198504,0.0002862668550373641,0.001210853511758897,confirm2024B,confirm2024,B,0.9
confirm2024,w0.9,20241112,0.0020746888302959955,0.0019920366647877795,0.0002014219148468933,confirm2024B,confirm2024,B,0.9
confirm2024,w0.9,20241113,0.0029404975047084315,0.0016830615028552128,0.001208547683174424,confirm2024B,confirm2024,B,0.9
confirm2024,w0.9,20241114,0.0031508965471258293,0.0018187914580730306,0.001277355701604036,confirm2024B,confirm2024,B,0.9
confirm2024,w0.9,20241115,0.0021026816150493746,-0.0016713236949754046,0.0038044094421589777,confirm2024B,confirm2024,B,0.9
confirm2024,w0.9,20241118,0.0028722861717578214,0.004367113345880254,-0.001532906757982293,confirm2024B,confirm2024,B,0.9
confirm2024,w0.9,20241119,-0.003699664424881715,-0.0027364525706612486,-0.0009696867154538715,confirm2024B,confirm2024,B,0.9
confirm2024,w0.9,20241120,0.0022370967426809016,0.0016743629776062893,0.0005614155087184606,confirm2024B,confirm2024,B,0.9
confirm2024,w0.9,20241121,-9.067494303583584e-05,-0.0008700827536696795,0.0007754686944613232,confirm2024B,confirm2024,B,0.9
confirm2024,w0.9,20241122,0.0015736352825453225,0.0008946598047989338,0.0006135207622692659,confirm2024B,confirm2024,B,0.9
confirm2024,w0.9,20241125,0.0011021239518287408,-0.0001634574719685069,0.0012776063566086655,confirm2024B,confirm2024,B,0.9
confirm2024,w0.9,20241126,-1.1564638912005265e-05,0.0013439801249077016,-0.0014023313185168918,confirm2024B,confirm2024,B,0.9
confirm2024,w0.9,20241127,-0.0009092753132018904,-0.0012761859623704067,0.0003599900201838327,confirm2024B,confirm2024,B,0.9
confirm2024,w0.9,20241128,0.0017292635230840101,0.0025167957650521055,-0.0008270426877227273,confirm2024B,confirm2024,B,0.9
confirm2024,w0.9,20241129,-0.0030392239306450027,-0.002093574445907259,-0.0009668985837374554,confirm2024B,confirm2024,B,0.9
confirm2024,w0.9,20241202,0.0006191879014631513,0.0005098501678620055,9.105716387721617e-05,confirm2024B,confirm2024,B,0.9
confirm2024,w0.9,20241203,0.0016024541787750604,0.0008897847614682429,0.0006589835219387114,confirm2024B,confirm2024,B,0.9
confirm2024,w0.9,20241204,-0.0011946931181824275,0.0002725186162076418,-0.0014472681773495697,confirm2024B,confirm2024,B,0.9
confirm2024,w0.9,20241205,-0.00029377620496008963,-0.0009128147313029798,0.000600321970230601,confirm2024B,confirm2024,B,0.9
confirm2024,w0.9,20241206,0.003040858623549089,0.002439909478737808,0.0006513351134792632,confirm2024B,confirm2024,B,0.9
confirm2024,w0.9,20241209,-0.0005427057317200119,0.0006517586928398672,-0.0012190525567406445,confirm2024B,confirm2024,B,0.9
confirm2024,w0.9,20241210,-0.0014748277388214395,-0.0017186184066544704,0.00020505237289578576,confirm2024B,confirm2024,B,0.9
confirm2024,w0.9,20241211,0.00011500117150787387,-0.00012564085823489558,0.00021708468367905484,confirm2024B,confirm2024,B,0.9
confirm2024,w0.9,20241212,-0.0005179763662829483,-0.0008325312588562304,0.0003050038589300938,confirm2024B,confirm2024,B,0.9
confirm2024,w0.9,20241213,0.0017181657071999989,-0.0001184986630761384,0.00187531871304507,confirm2024B,confirm2024,B,0.9
confirm2024,w0.9,20241216,0.006929063994860381,0.004112180942494447,0.0028350910799143526,confirm2024B,confirm2024,B,0.9
confirm2024,w0.9,20241217,0.0005309063489081674,0.0014091491395710652,-0.0009097769723054052,confirm2024B,confirm2024,B,0.9
confirm2024,w0.9,20241218,0.002135137663355463,0.0026901340964969544,-0.000586510868356792,confirm2024B,confirm2024,B,0.9
confirm2024,w0.9,20241219,-0.0007634419041870188,0.0008897515721542069,-0.0016548728138504486,confirm2024B,confirm2024,B,0.9
confirm2024,w0.9,20241220,0.009021804524791864,0.005205389818782919,0.0038156017043496577,confirm2024B,confirm2024,B,0.9
confirm2024,w0.9,20241223,0.002283475613801947,0.0012371138934674942,0.0010613698918799266,confirm2024B,confirm2024,B,0.9
confirm2024,w0.9,20241224,0.004278663926362513,0.0019488747308234106,0.0023255108184134844,confirm2024B,confirm2024,B,0.9
confirm2024,w0.9,20241225,-0.0006099422338254855,0.00094609788314415,-0.0015459587685554732,confirm2024B,confirm2024,B,0.9
confirm2024,w0.9,20241226,-0.0020743365420330846,-0.002964420219795119,0.0008736678277014919,confirm2024B,confirm2024,B,0.9
confirm2024,w0.9,20241227,0.0015414718528978383,0.00021994627983056947,0.0012803809123567089,confirm2024B,confirm2024,B,0.9
confirm2024,w0.9,20241230,0.002337269873536555,-2.689811790858044e-05,0.0023857445894332942,confirm2024B,confirm2024,B,0.9
confirm2024,w0.9,20241231,-0.0016676937365194336,-0.0005674713947157188,-0.0011169732468049522,confirm2024B,confirm2024,B,0.9
confirm2024,w1.0,20240808,0.001848986618655988,0.0019062189230879827,-0.00010026169713311468,confirm2024B,confirm2024,B,1.0
confirm2024,w1.0,20240809,-0.0006612113183786907,-0.0005403027717725403,-0.00014711993505961868,confirm2024B,confirm2024,B,1.0
confirm2024,w1.0,20240812,0.0005855640213388606,0.0005685603652787038,-3.837642760447371e-05,confirm2024B,confirm2024,B,1.0
confirm2024,w1.0,20240813,-0.0021004170038657058,-0.0018264246454335002,-0.00029666544515846726,confirm2024B,confirm2024,B,1.0
confirm2024,w1.0,20240814,-0.000384810205240187,-0.0005316396398964407,0.00013360242764591285,confirm2024B,confirm2024,B,1.0
confirm2024,w1.0,20240815,0.0018289690545985593,0.0015011195397498466,0.0003095119097103183,confirm2024B,confirm2024,B,1.0
confirm2024,w1.0,20240816,-0.002526099755073606,-0.0023799657819541724,-0.0001850560469226745,confirm2024B,confirm2024,B,1.0
confirm2024,w1.0,20240819,0.00026881377341096344,0.0008056609360721835,-0.0005016473857842471,confirm2024B,confirm2024,B,1.0
confirm2024,w1.0,20240820,0.0012083185908516468,0.0007901669485626168,0.00041187344134043424,confirm2024B,confirm2024,B,1.0
confirm2024,w1.0,20240821,0.00033176335860814893,0.00088670198660928,-0.0005823717806536576,confirm2024B,confirm2024,B,1.0
confirm2024,w1.0,20240822,-0.0002170541699172985,-0.0002721259514330619,7.306556524959163e-05,confirm2024B,confirm2024,B,1.0
confirm2024,w1.0,20240823,-0.0009050729586595214,-0.001584595395905006,0.0006689743016168433,confirm2024B,confirm2024,B,1.0
confirm2024,w1.0,20240826,-0.0013824540358776428,-0.000799059932091791,-0.0005776984927352122,confirm2024B,confirm2024,B,1.0
confirm2024,w1.0,20240827,0.0028437141120193554,0.0020629075249352226,0.0008009778635487904,confirm2024B,confirm2024,B,1.0
confirm2024,w1.0,20240828,0.005573685139738556,0.0041168698928315435,0.0014772608136719924,confirm2024B,confirm2024,B,1.0
confirm2024,w1.0,20240829,0.001750371464934758,0.001113180130929535,0.0006046891867507343,confirm2024B,confirm2024,B,1.0
confirm2024,w1.0,20240830,-0.0037986876029581455,-0.0032335094338785753,-0.000629061361634749,confirm2024B,confirm2024,B,1.0
confirm2024,w1.0,20240902,0.0045154963152516225,0.0033407103792815057,0.0011872754327315383,confirm2024B,confirm2024,B,1.0
confirm2024,w1.0,20240903,0.0019092739025510872,0.0015477094814550247,0.00033434498019523545,confirm2024B,confirm2024,B,1.0
confirm2024,w1.0,20240904,0.0012501928320630806,0.000896131285527328,0.0003423178469615605,confirm2024B,confirm2024,B,1.0
confirm2024,w1.0,20240905,-0.0019704784442249323,-0.0007965156771888686,-0.0011792137316784111,confirm2024B,confirm2024,B,1.0
confirm2024,w1.0,20240906,-0.00021399445593332572,-0.0007080817868223581,0.0004615608858375364,confirm2024B,confirm2024,B,1.0
confirm2024,w1.0,20240909,0.001147531178972123,0.00021229061529094552,0.0009193312826777266,confirm2024B,confirm2024,B,1.0
confirm2024,w1.0,20240910,0.00395649244511516,0.0032320027031341745,0.0007028774298306064,confirm2024B,confirm2024,B,1.0
confirm2024,w1.0,20240911,-0.0008657401029913653,-0.0005260688042955779,-0.00037760399687498903,confirm2024B,confirm2024,B,1.0
confirm2024,w1.0,20240912,-0.0022341583545782712,-0.0015714393912513289,-0.000695031302166291,confirm2024B,confirm2024,B,1.0
confirm2024,w1.0,20240913,-0.001011008502830168,-0.0007447625878523563,-0.0002459675398742712,confirm2024B,confirm2024,B,1.0
confirm2024,w1.0,20240918,-0.00022707175593348825,-0.0005766178030942274,0.0003106815075308586,confirm2024B,confirm2024,B,1.0
confirm2024,w1.0,20240919,-0.0008141398301344973,-0.0006219171923834105,-0.00021397436977940634,confirm2024B,confirm2024,B,1.0
confirm2024,w1.0,20240920,-0.000406473248380149,-0.0003230425789532621,-8.56185955481876e-05,confirm2024B,confirm2024,B,1.0
confirm2024,w1.0,20240923,0.0037481506944686133,0.0038355776417085853,-8.885827275089568e-05,confirm2024B,confirm2024,B,1.0
confirm2024,w1.0,20240924,-0.0014266151822231992,-0.001068389756703231,-0.0003616159820440032,confirm2024B,confirm2024,B,1.0
confirm2024,w1.0,20240925,0.0014777311466315154,0.0011186867730039096,0.00033630967203176045,confirm2024B,confirm2024,B,1.0
confirm2024,w1.0,20240926,0.010236138787960161,0.008502671057782744,0.001783790628137762,confirm2024B,confirm2024,B,1.0
confirm2024,w1.0,20240927,0.018183168217290796,0.01575933848618465,0.0025312772320396767,confirm2024B,confirm2024,B,1.0
confirm2024,w1.0,20240930,0.028122923858676305,0.018723076811878635,0.009399847046797683,confirm2024B,confirm2024,B,1.0
confirm2024,w1.0,20241008,-0.0023070410106919848,0.002330704366663403,-0.004637745377355409,confirm2024B,confirm2024,B,1.0
confirm2024,w1.0,20241009,0.007872390555736321,0.007399764769313168,0.000366708388328545,confirm2024B,confirm2024,B,1.0
confirm2024,w1.0,20241010,0.0028329362670974287,0.0030591766878941625,-0.0002906075585615461,confirm2024B,confirm2024,B,1.0
confirm2024,w1.0,20241011,-0.00286439017262494,-0.0021006702406963077,-0.0006726157962318591,confirm2024B,confirm2024,B,1.0
confirm2024,w1.0,20241014,0.0007117943605891627,0.0009889392641755288,-0.0002560932858532005,confirm2024B,confirm2024,B,1.0
confirm2024,w1.0,20241015,-0.0008663060089877071,-0.0009950024150697945,7.717449494322603e-05,confirm2024B,confirm2024,B,1.0
confirm2024,w1.0,20241016,0.0010274791336523587,0.0015039981016287945,-0.0004996078731473997,confirm2024B,confirm2024,B,1.0
confirm2024,w1.0,20241017,-0.0005067913585764354,0.0004687481879019997,-0.0009691312412856714,confirm2024B,confirm2024,B,1.0
confirm2024,w1.0,20241018,-0.002168915220653817,-0.0007828422039976176,-0.0014062687488711337,confirm2024B,confirm2024,B,1.0
confirm2024,w1.0,20241021,0.003366386306771994,0.002123447527286113,0.0012616782763652608,confirm2024B,confirm2024,B,1.0
confirm2024,w1.0,20241022,0.001273652988833105,0.0005526930758473544,0.00067677911813465,confirm2024B,confirm2024,B,1.0
confirm2024,w1.0,20241023,0.0001041613512785442,-0.0006573838958052387,0.0007287253626500471,confirm2024B,confirm2024,B,1.0
confirm2024,w1.0,20241024,-0.0007231301255816482,-0.0005142816943623024,-0.0002268706644623333,confirm2024B,confirm2024,B,1.0
confirm2024,w1.0,20241025,-0.006095841659505129,-0.006193477144671434,7.326587284623405e-05,confirm2024B,confirm2024,B,1.0
confirm2024,w1.0,20241028,0.003361718343376601,0.0030422303481389993,0.0002894257182415384,confirm2024B,confirm2024,B,1.0
confirm2024,w1.0,20241029,-0.0011787682417814364,-0.0012557826907022387,1.8274134738359184e-05,confirm2024B,confirm2024,B,1.0
confirm2024,w1.0,20241030,-0.006707026404218695,-0.005788700928690118,-0.0009322528231316229,confirm2024B,confirm2024,B,1.0
confirm2024,w1.0,20241031,0.008629856949382099,0.003902397969658931,0.004745858493832833,confirm2024B,confirm2024,B,1.0
confirm2024,w1.0,20241101,0.0019118123546242038,0.0018246825323203287,4.365155332227596e-05,confirm2024B,confirm2024,B,1.0
confirm2024,w1.0,20241104,-0.0040592886078670495,-0.0016577246898763869,-0.0023170349685240664,confirm2024B,confirm2024,B,1.0
confirm2024,w1.0,20241105,-0.0002204590915823139,-0.00025905097798130286,1.5380868472395946e-05,confirm2024B,confirm2024,B,1.0
confirm2024,w1.0,20241106,-0.004118252971548476,-0.0044689580995137665,0.00028977774787056687,confirm2024B,confirm2024,B,1.0
confirm2024,w1.0,20241107,0.0005261999276710993,0.0017626385088649673,-0.0011945834235643903,confirm2024B,confirm2024,B,1.0
confirm2024,w1.0,20241108,-6.376605336643956e-05,0.0015751659129138985,-0.0015725735613207597,confirm2024B,confirm2024,B,1.0
confirm2024,w1.0,20241111,0.0020633843838944203,0.0009109836307729643,0.001150302686719213,confirm2024B,confirm2024,B,1.0
confirm2024,w1.0,20241112,0.0013743593508440278,0.0013710820666239863,0.00012204703355871882,confirm2024B,confirm2024,B,1.0
confirm2024,w1.0,20241113,0.003939156252932983,0.002451002748924945,0.0014392651853292384,confirm2024B,confirm2024,B,1.0
confirm2024,w1.0,20241114,0.002049536826168239,0.00033393979107826887,0.0016608476476412057,confirm2024B,confirm2024,B,1.0
confirm2024,w1.0,20241115,0.003400438368210898,-0.0007178804009703571,0.004148722901315448,confirm2024B,confirm2024,B,1.0
confirm2024,w1.0,20241118,0.0016085078287350653,0.003522603815665832,-0.001952175570790627,confirm2024B,confirm2024,B,1.0
confirm2024,w1.0,20241119,-0.004925786685374571,-0.003791880488761829,-0.001140381057846149,confirm2024B,confirm2024,B,1.0
confirm2024,w1.0,20241120,0.0006420283844397645,0.00013647057214963537,0.0005042395559339762,confirm2024B,confirm2024,B,1.0
confirm2024,w1.0,20241121,-0.00022647235794268084,-0.0012237790317703742,0.000993367557655165,confirm2024B,confirm2024,B,1.0
confirm2024,w1.0,20241122,-0.0006987478748229411,-0.000968463859475053,0.00020426126917498833,confirm2024B,confirm2024,B,1.0
confirm2024,w1.0,20241125,0.0015095249533763708,0.00022010025454320274,0.0013014496316445861,confirm2024B,confirm2024,B,1.0
confirm2024,w1.0,20241126,0.0015101354461704575,0.0027860902886665743,-0.0013227413971933035,confirm2024B,confirm2024,B,1.0
confirm2024,w1.0,20241127,-0.0016794329034711159,-0.002001759754096209,0.00031540622164040965,confirm2024B,confirm2024,B,1.0
confirm2024,w1.0,20241128,0.0014429681535442305,0.002286690774449946,-0.0008832330666603463,confirm2024B,confirm2024,B,1.0
confirm2024,w1.0,20241129,-0.0025928970458550145,-0.001516946073895552,-0.001097200070959181,confirm2024B,confirm2024,B,1.0
confirm2024,w1.0,20241202,0.001400339562878339,0.0012334467165753711,0.0001486122765790379,confirm2024B,confirm2024,B,1.0
confirm2024,w1.0,20241203,0.0022621880839008065,0.0014269739291203596,0.0007815282594123393,confirm2024B,confirm2024,B,1.0
confirm2024,w1.0,20241204,-0.0019359602339655089,-0.0002995346222797018,-0.001616482054645306,confirm2024B,confirm2024,B,1.0
confirm2024,w1.0,20241205,-0.0013687188091226245,-0.0020866341936033573,0.0006991988283684424,confirm2024B,confirm2024,B,1.0
confirm2024,w1.0,20241206,0.003420511275598787,0.0028418094464383896,0.0006290877978283801,confirm2024B,confirm2024,B,1.0
confirm2024,w1.0,20241209,-0.0013345147264147306,-0.00013370243498259885,-0.001225400423612898,confirm2024B,confirm2024,B,1.0
confirm2024,w1.0,20241210,-0.0009786395150298555,-0.0009711839457237476,-4.619386424335438e-05,confirm2024B,confirm2024,B,1.0
confirm2024,w1.0,20241211,-0.0008401712736579303,-0.0010796514895063196,0.0002159228697846713,confirm2024B,confirm2024,B,1.0
confirm2024,w1.0,20241212,1.2427516118955484e-05,-0.00025129307822692145,0.000254169560702689,confirm2024B,confirm2024,B,1.0
confirm2024,w1.0,20241213,0.001079850744254673,-0.0006525982091300328,0.001771103296153638,confirm2024B,confirm2024,B,1.0
confirm2024,w1.0,20241216,0.008982596367754479,0.006003681472852231,0.0029971229224506654,confirm2024B,confirm2024,B,1.0
confirm2024,w1.0,20241217,0.0005459575777213652,0.001311507006218157,-0.000797083610139299,confirm2024B,confirm2024,B,1.0
confirm2024,w1.0,20241218,0.0029955217485583964,0.003603622039608427,-0.0006396147262653316,confirm2024B,confirm2024,B,1.0
confirm2024,w1.0,20241219,-0.0018049316367242368,-3.2459302787885404e-05,-0.001774151671445576,confirm2024B,confirm2024,B,1.0
confirm2024,w1.0,20241220,0.010184047163038931,0.005944602940106911,0.00423863122127273,confirm2024B,confirm2024,B,1.0
confirm2024,w1.0,20241223,0.004784891681527462,0.003801996623956541,0.0009979032291163952,confirm2024B,confirm2024,B,1.0
confirm2024,w1.0,20241224,0.005839852179533728,0.0033495761944868124,0.0024859976079212964,confirm2024B,confirm2024,B,1.0
confirm2024,w1.0,20241225,-0.0009069116323707372,0.0009416518319525062,-0.0018384821159090831,confirm2024B,confirm2024,B,1.0
confirm2024,w1.0,20241226,-0.0013104072504151075,-0.0019101661188703197,0.0005833430183946684,confirm2024B,confirm2024,B,1.0
confirm2024,w1.0,20241227,0.0017317343165203572,0.00034223958971203055,0.0013483500660977647,confirm2024B,confirm2024,B,1.0
confirm2024,w1.0,20241230,0.0033897047638376566,0.0011242787219876073,0.0022870026398382065,confirm2024B,confirm2024,B,1.0
confirm2024,w1.0,20241231,-2.850683451757763e-05,0.0008767074231488111,-0.0009219651626676249,confirm2024B,confirm2024,B,1.0
