trade_date,rank,ic,excess,turnover,fold,tag
20210809,145,0.11879426231661269,0.0050731698884054054,0.045064377682403456,wf2021,H01
20210810,146,0.002907579402812343,-0.002047149592043298,0.043010752688172005,wf2021,H01
20210811,147,0.015356618267065731,-0.001484702910284963,0.02819956616052066,wf2021,H01
20210812,148,0.09407581365014812,-0.00110189832638805,0.036717062634989195,wf2021,H01
20210813,149,0.1129949645384797,0.0027921648397074535,0.017391304347826098,wf2021,H01
20210816,150,0.14894684570453412,-0.0013479983756439912,0.03239740820734338,wf2021,H01
20210817,151,0.0784305247152314,-0.0013285128669954975,0.01948051948051943,wf2021,H01
20210818,152,0.016927697166803115,0.0005173682974342194,0.010869565217391353,wf2021,H01
20210819,153,-0.02454140186364116,-0.005063402711316058,0.032327586206896575,wf2021,H01
20210820,154,0.09463398169534666,0.0025408513195644793,0.01943844492440605,wf2021,H01
20210823,155,0.09412359319893379,0.00039200912436962703,0.02819956616052066,wf2021,H01
20210824,156,0.1249408837503484,0.003465928393468606,0.05579399141630903,wf2021,H01
20210825,157,0.07109567620822119,-0.00636842797376873,0.04925053533190582,wf2021,H01
20210826,158,0.05580447304434047,-0.0021064773093136015,0.008733624454148492,wf2021,H01
20210827,159,-0.014066473479506587,-0.002738399557077856,0.004376367614879695,wf2021,H01
20210830,160,0.07606130407438336,-0.004176185597395263,0.036717062634989195,wf2021,H01
20210831,161,0.22171463912812936,0.004929361262971387,0.030368763557483747,wf2021,H01
20210901,162,-0.07136450168159385,-0.005836082286448234,0.021739130434782594,wf2021,H01
20210902,163,0.11309060070914817,0.001444194312254102,0.02178649237472763,wf2021,H01
20210903,164,0.1099745586149686,0.006642808670524126,0.03455723542116629,wf2021,H01
20210906,165,0.0018268995748440783,-0.00011127408202770035,0.0065502183406113135,wf2021,H01
20210907,166,0.15135906590621745,-0.00268823439524442,0.0431034482758621,wf2021,H01
20210908,167,0.052095641492799154,-0.00359837638629777,0.04103671706263501,wf2021,H01
20210909,168,0.08547229356665396,0.0045914011785073774,0.021739130434782594,wf2021,H01
20210910,169,0.10851888783979373,-0.004512421087751188,0.02591792656587477,wf2021,H01
20210913,170,0.03418025430659276,0.0038737278345044824,0.017391304347826098,wf2021,H01
20210914,171,0.012879609992600908,-0.0042464136997521496,0.02386117136659438,wf2021,H01
20210915,172,0.14005191858840726,0.002169248403635478,0.015250544662309351,wf2021,H01
20210916,173,0.09587618486148876,0.003203685618629217,0.017391304347826098,wf2021,H01
20210917,174,0.027994597747866366,-0.005559634837233624,0.013015184381778733,wf2021,H01
20210922,175,0.18268197922983795,0.0046997588868749355,0.013100436681222738,wf2021,H01
20210923,176,0.086532368795042,0.005486622019498842,0.03463203463203468,wf2021,H01
20210924,177,-0.0004164657634827967,0.007601231042836304,0.0406852248394004,wf2021,H01
20210927,178,0.0843348830964894,-0.0025666579983370445,0.032119914346895095,wf2021,H01
20210928,179,-0.026921558512354626,0.0006489892902065628,0.008695652173912993,wf2021,H01
20210929,180,0.2615772031131113,0.0012234148484250515,0.012987012987012991,wf2021,H01
20210930,181,0.10781084888575419,0.0027557985494185387,0.012987012987012991,wf2021,H01
20211008,182,0.09163598835703218,0.00426415242349538,0.025974025974025983,wf2021,H01
20211011,183,0.0383421574477341,0.0014957524559975639,0.01089324618736387,wf2021,H01
20211012,184,0.09897189884778884,0.0077461160277532935,0.01943844492440605,wf2021,H01
20211013,185,0.12897783372133054,0.003186817547507141,0.010845986984815648,wf2021,H01
20211014,186,0.06949964921710235,0.0014781864598766232,0.02807775377969768,wf2021,H01
20211015,187,0.05121967338385284,-0.004139172877544799,0.027956989247311825,wf2021,H01
20211018,188,0.030228936419882554,0.0006481475070599565,0.010845986984815648,wf2021,H01
20211019,189,-0.0050523006674248645,-0.0030869924370957405,0.01521739130434785,wf2021,H01
20211020,190,0.013732254009892506,-0.00037415152422367367,0.010869565217391353,wf2021,H01
20211021,191,0.09664713708641644,0.003767638298176461,0.017278617710583144,wf2021,H01
20211022,192,0.10282318726300839,-0.00046393461245383336,0.0021739130434782483,wf2021,H01
20211025,193,0.07589812346042311,0.00215473919644671,0.021598272138228958,wf2021,H01
20211026,194,0.023454115751745795,-0.002312869315488915,0.015151515151515138,wf2021,H01
20211027,195,0.01660132561444097,0.0005317330227003758,0.006507592190889366,wf2021,H01
20211028,196,0.10685039879090225,0.001987911174063153,0.012987012987012991,wf2021,H01
20211029,197,0.06434563050795754,0.0024754731015297,0.023758099352051865,wf2021,H01
20211101,198,0.10771217217666126,0.002613485410395404,0.021739130434782594,wf2021,H01
20211102,199,0.17067154652324926,0.005123026354570731,0.0195227765726681,wf2021,H01
20211103,200,0.03350216868002167,0.0011428808279340865,0.030042918454935674,wf2021,H01
20211104,201,0.10318320186854166,0.004721937189248268,0.021691973969631184,wf2021,H01
20211105,202,0.06106698181718364,-0.0019207006560014,0.03239740820734338,wf2021,H01
20211108,203,0.036141444010276774,0.0009952209940978767,0.004366812227074246,wf2021,H01
20211109,204,0.06723627353957025,0.0012626649606262965,0.030237580993520474,wf2021,H01
20211110,205,0.08129503277094392,-0.0005895823794035276,0.028017241379310387,wf2021,H01
20211111,206,0.028753773826146398,-4.943754115239313e-05,0.010869565217391353,wf2021,H01
20211112,207,0.10311590560380393,0.0032327283029695425,0.015250544662309351,wf2021,H01
20211115,208,0.1101032679024512,0.0021382465367112673,0.015250544662309351,wf2021,H01
20211116,209,0.08490509834298883,0.0020762291403546504,0.032327586206896575,wf2021,H01
20211117,210,0.10731648491212069,0.0019055135173216943,0.019565217391304346,wf2021,H01
20211118,211,0.1598599606626437,0.0017425587997172733,0.017391304347826098,wf2021,H01
20211119,212,-0.040211583379631294,0.003131637395555587,0.030172413793103425,wf2021,H01
20211122,213,0.0741928804325508,0.0003177340369760655,0.03239740820734338,wf2021,H01
20211123,214,0.06360237210482672,0.0012940552539306123,0.021691973969631184,wf2021,H01
20211124,215,0.1373177945935333,0.001401565267974575,0.03870967741935483,wf2021,H01
20211125,216,0.03672059351952087,0.0003073268467203706,0.008733624454148492,wf2021,H01
20211126,217,-0.0151634036701206,4.0573337090751274e-05,0.015184381778741818,wf2021,H01
20211129,218,0.13971216212207427,-0.00044177651443472014,0.023809523809523836,wf2021,H01
20211130,219,0.14407127396812433,0.0014128308109223053,0.021739130434782594,wf2021,H01
20211201,220,0.21411234928855585,0.0009776084843771283,0.030368763557483747,wf2021,H01
20211202,221,0.10571387513011705,0.0019643325904783408,0.03879310344827591,wf2021,H01
20211203,222,0.023751002437434367,-0.003273135932395827,0.017353579175705014,wf2021,H01
20211206,223,0.0328785592105942,-0.0012790276775811677,0.010869565217391353,wf2021,H01
20211207,224,0.15394111166703447,0.003327032385614579,0.008714596949891074,wf2021,H01
20211208,225,0.0345975359030033,0.001550739701089614,0.017391304347826098,wf2021,H01
20211209,226,0.057365303285205844,0.0006281145462885556,0.0195227765726681,wf2021,H01
20211210,227,0.034294099953839544,-0.00046175414406386586,0.0195227765726681,wf2021,H01
20211213,228,0.04340302757051921,0.00036352805497008936,0.002192982456140302,wf2021,H01
20211214,229,0.022819872597198823,-0.003186988904373122,0.023913043478260843,wf2021,H01
20211215,230,0.0778435796258914,0.0018213285207111882,0.015283842794759805,wf2021,H01
20211216,231,0.15509373050740624,-0.00257211554349046,0.030303030303030276,wf2021,H01
20211217,232,0.12654236597565152,-0.005085294409966719,0.021739130434782594,wf2021,H01
20211220,233,0.08849170747092286,-0.0005842747997538318,0.00219780219780219,wf2021,H01
20211221,234,0.03601812773066376,0.0032331586000235845,0.011013215859030812,wf2021,H01
20211222,235,0.030237820905733636,0.0008339198832840742,0.03687635574837311,wf2021,H01
20211223,236,0.12542464334869013,0.00010096362241689832,0.02164502164502169,wf2021,H01
20211224,237,0.036583766796044706,-0.0009767651472651915,0.01943844492440605,wf2021,H01
20211227,238,0.11415759490036045,0.00401855974044992,0.004357298474945481,wf2021,H01
20211228,239,0.07803604384236185,0.0006177139843906125,0.013043478260869601,wf2021,H01
20211229,240,0.08448598696703899,0.00035983460695289404,0.02164502164502169,wf2021,H01
20211230,241,0.06550012053798952,-0.0009538811293729414,0.006564551422319487,wf2021,H01
20211231,242,0.07157348337881977,-0.0019070641586502578,0.015250544662309351,wf2021,H01
20210809,145,0.1253574843399509,0.005290956621736285,0.04925053533190582,wf2021,L2
20210810,146,0.016993288616422384,0.0001734370089607586,0.017429193899782147,wf2021,L2
20210811,147,0.008173874645388324,-0.001810769481969372,0.02819956616052066,wf2021,L2
20210812,148,0.08767304628046749,-0.0010274993466348004,0.03246753246753242,wf2021,L2
20210813,149,0.08577735707309762,0.0001228996189447957,0.021691973969631184,wf2021,L2
20210816,150,0.1470645648373077,-0.001203523575488176,0.03663793103448276,wf2021,L2
20210817,151,0.08585985853803826,0.0005208460915615692,0.015184381778741818,wf2021,L2
20210818,152,0.037346451030801545,0.003317645083766957,0.028017241379310387,wf2021,L2
20210819,153,0.03307422847321969,-0.001575305900068975,0.0195227765726681,wf2021,L2
20210820,154,0.13740823040704692,0.005575247011042624,0.015151515151515138,wf2021,L2
20210823,155,0.0658313028299594,-6.819674388318115e-05,0.04094827586206895,wf2021,L2
20210824,156,0.10109411567039726,-0.001559933996243137,0.038961038961038974,wf2021,L2
20210825,157,0.05631168101101511,-0.005400455952794928,0.03663793103448276,wf2021,L2
20210826,158,0.05830967686209086,-0.003952426182468611,0.017391304347826098,wf2021,L2
20210827,159,-0.019078462873153533,-0.003566147775301096,0.017391304347826098,wf2021,L2
20210830,160,0.09383416359704828,-0.00313924593017896,0.006578947368421018,wf2021,L2
20210831,161,0.1883150091713275,0.004666542617078043,0.03463203463203468,wf2021,L2
20210901,162,-0.07700712017670994,-0.004669795878699159,0.026030368763557465,wf2021,L2
20210902,163,0.14769855740935275,0.0019144009760624252,0.02178649237472763,wf2021,L2
20210903,164,0.07702115198870464,0.002952025147964294,0.026030368763557465,wf2021,L2
20210906,165,-0.013863923272208483,-0.002231270447684227,0.0065502183406113135,wf2021,L2
20210907,166,0.13320431504940813,-0.0009724941611430936,0.02178649237472763,wf2021,L2
20210908,167,0.0253919264248992,-0.004659885478151163,0.04103671706263501,wf2021,L2
20210909,168,0.09082099580329756,0.0021090330158263235,0.030303030303030276,wf2021,L2
20210910,169,0.10730691951812875,-0.003168250606967522,0.02164502164502169,wf2021,L2
20210913,170,0.07715783313117996,0.004624343775839967,0.017391304347826098,wf2021,L2
20210914,171,0.0390743092514294,-0.00430011127870483,0.019565217391304346,wf2021,L2
20210915,172,0.16288481565329482,0.005617702401530781,0.006564551422319487,wf2021,L2
20210916,173,0.09391418553898565,0.004218534618498837,0.03448275862068961,wf2021,L2
20210917,174,0.049680829994464895,-0.004821687740564532,0.03433476394849788,wf2021,L2
20210922,175,0.22714509434273777,0.005200118277314067,0.013100436681222738,wf2021,L2
20210923,176,0.08772150246788518,0.004461583903641294,0.02178649237472763,wf2021,L2
20210924,177,-0.02966184256910352,0.006049101764647343,0.03648068669527893,wf2021,L2
20210927,178,0.10417822588996352,-0.0007956753748852101,0.027896995708154515,wf2021,L2
20210928,179,-0.03352423759336332,0.000673339040362389,0.008695652173912993,wf2021,L2
20210929,180,0.2533562477516734,0.0028195524689002514,0.017278617710583144,wf2021,L2
20210930,181,0.1057809776811522,0.0009129666021155912,0.012987012987012991,wf2021,L2
20211008,182,0.10810279669212453,0.0005468851387539638,0.025974025974025983,wf2021,L2
20211011,183,0.039873909194751984,0.00044662970281833525,0.0065502183406113135,wf2021,L2
20211012,184,0.06555712976460412,0.004024890722460227,0.027956989247311825,wf2021,L2
20211013,185,0.15486047450771995,0.0041406001595925045,0.006521739130434745,wf2021,L2
20211014,186,0.06733809272852177,-3.17907377558619e-05,0.0195227765726681,wf2021,L2
20211015,187,0.06490673255689779,-0.002201727868538083,0.01943844492440605,wf2021,L2
20211018,188,0.04375685994774077,0.0014114048999525506,0.010845986984815648,wf2021,L2
20211019,189,0.01915785302032079,-0.00012060429534030805,0.01521739130434785,wf2021,L2
20211020,190,0.02918715924035405,-0.0010826791673990326,0.01948051948051943,wf2021,L2
20211021,191,0.08227835645662851,0.004184897647161104,0.02155172413793105,wf2021,L2
20211022,192,0.09091250777516198,0.0028482842827710258,0.0193965517241379,wf2021,L2
20211025,193,0.08532242684778499,0.0020282327315961353,0.004357298474945481,wf2021,L2
20211026,194,0.03783817112391524,-0.00017072519253738538,0.015151515151515138,wf2021,L2
20211027,195,0.04339340993478651,-0.0008425103528301829,0.0021739130434782483,wf2021,L2
20211028,196,0.09638721381836565,0.003657382499598386,0.012987012987012991,wf2021,L2
20211029,197,0.05144185397818766,0.0023040210969261215,0.023758099352051865,wf2021,L2
20211101,198,0.09242058961439363,0.006412058787100879,0.021739130434782594,wf2021,L2
20211102,199,0.1104520908593074,0.0026061169083292177,0.02807775377969768,wf2021,L2
20211103,200,0.03679314192409179,0.001163398342257354,0.02155172413793105,wf2021,L2
20211104,201,0.11264162143599883,0.0031061353212103442,0.013071895424836555,wf2021,L2
20211105,202,0.03787017936948381,-0.0012754470959846541,0.019565217391304346,wf2021,L2
20211108,203,0.04679658378002239,0.003042243810546111,0.008714596949891074,wf2021,L2
20211109,204,0.05255037830916752,0.0013378937302907156,0.017391304347826098,wf2021,L2
20211110,205,0.08619151187392149,0.0006009888189968185,0.03648068669527893,wf2021,L2
20211111,206,0.038984030701573524,0.0024701204913788657,0.015184381778741818,wf2021,L2
20211112,207,0.07732926082029849,0.001954181955382016,0.03239740820734338,wf2021,L2
20211115,208,0.131958061533985,0.0011915807664370365,0.02386117136659438,wf2021,L2
20211116,209,0.07008994955096079,0.0010808545912159434,0.02807775377969768,wf2021,L2
20211117,210,0.12177471313464946,0.000896138628412339,0.01091703056768556,wf2021,L2
20211118,211,0.14696501839072965,0.0015252124754354841,0.025974025974025983,wf2021,L2
20211119,212,-0.05296614387863589,0.0014446084517586227,0.02591792656587477,wf2021,L2
20211122,213,0.07535046717470759,-0.00019822529599903974,0.02386117136659438,wf2021,L2
20211123,214,0.06570149312870394,0.0008213462007012704,0.013071895424836555,wf2021,L2
20211124,215,0.12740456152566149,0.0011623907286865704,0.03870967741935483,wf2021,L2
20211125,216,0.04556315409713979,0.0016744542726483944,0.021691973969631184,wf2021,L2
20211126,217,-0.01867738699715964,0.0004379554174526706,0.023758099352051865,wf2021,L2
20211129,218,0.1933713095234847,0.0016103094635862092,0.0065502183406113135,wf2021,L2
20211130,219,0.1502387502634122,0.0014022939321352255,0.013100436681222738,wf2021,L2
20211201,220,0.19659492384805555,-0.000563067336396059,0.02178649237472763,wf2021,L2
20211202,221,0.11017488921089853,0.0012553590222023547,0.030303030303030276,wf2021,L2
20211203,222,0.0011633101443501734,-0.004331202884280849,0.008714596949891074,wf2021,L2
20211206,223,0.026545509976646106,0.00026211682637319964,0.01948051948051943,wf2021,L2
20211207,224,0.16914577002073847,0.005369519293663581,0.02591792656587477,wf2021,L2
20211208,225,0.0478905016345336,0.0012915671363163883,0.030237580993520474,wf2021,L2
20211209,226,0.08288794971614136,0.0012436604308845964,0.01521739130434785,wf2021,L2
20211210,227,0.03893752427526256,-0.00023063831478908284,0.023809523809523836,wf2021,L2
20211213,228,0.04645869801113777,0.0002837509468702412,0.02386117136659438,wf2021,L2
20211214,229,0.030213610275946247,-0.0026571524252069615,0.01094091903719907,wf2021,L2
20211215,230,0.07637646910923185,0.0013519621517496094,0.015283842794759805,wf2021,L2
20211216,231,0.12387145214191768,-0.0038070291459156623,0.030303030303030276,wf2021,L2
20211217,232,0.11160280701881987,-0.0040460420162749325,0.026030368763557465,wf2021,L2
20211220,233,0.07353115385135192,-0.0012046253092185388,0.00219780219780219,wf2021,L2
20211221,234,0.06376168741992733,0.004269015835253173,0.011013215859030812,wf2021,L2
20211222,235,0.057766816691087006,0.0003981869069096455,0.028322440087146017,wf2021,L2
20211223,236,0.1320425860193629,-0.003086119626619664,0.013043478260869601,wf2021,L2
20211224,237,0.048777023609383775,9.370838140008303e-05,0.006521739130434745,wf2021,L2
20211227,238,0.14935208446710835,0.005380557492477589,0.017316017316017285,wf2021,L2
20211228,239,0.0667264138291902,0.00025582534521408095,0.017353579175705014,wf2021,L2
20211229,240,0.09602597475272467,0.0008677108556727833,0.013043478260869601,wf2021,L2
20211230,241,0.07441789329308045,0.0014837839723218704,0.015250544662309351,wf2021,L2
20211231,242,0.0714870560608633,-0.004507133965503678,0.019565217391304346,wf2021,L2
20210809,145,0.09345754603928756,0.0011384916778232022,0.03239740820734338,wf2021,L2R
20210810,146,0.03317576952551692,-0.002381540068055828,0.026030368763557465,wf2021,L2R
20210811,147,0.04007056275473271,-0.0015401563837122469,0.015283842794759805,wf2021,L2R
20210812,148,0.10832865040454202,0.0005130695731093233,0.02819956616052066,wf2021,L2R
20210813,149,0.13328816433054014,0.0012591456818571729,0.021691973969631184,wf2021,L2R
20210816,150,0.19392453538193738,0.0018520049367374697,0.019565217391304346,wf2021,L2R
20210817,151,0.10095514782577762,0.0012350299559798269,0.010869565217391353,wf2021,L2R
20210818,152,0.04618555292355283,0.002066370755752798,0.01948051948051943,wf2021,L2R
20210819,153,0.034133879894388944,8.577135865128673e-05,0.023809523809523836,wf2021,L2R
20210820,154,0.0751363196760375,0.0005267685569518982,0.010845986984815648,wf2021,L2R
20210823,155,0.07485288668291008,-0.0008445367142921982,0.019607843137254943,wf2021,L2R
20210824,156,0.12727568733229866,0.0007685269489785687,0.0304347826086957,wf2021,L2R
20210825,157,0.11056552537831177,-0.0023970347777342287,0.02813852813852813,wf2021,L2R
20210826,158,0.07674009360919717,-0.0018530640840923407,0.017391304347826098,wf2021,L2R
20210827,159,-0.016791239249099647,-0.003980157431690567,0.017391304347826098,wf2021,L2R
20210830,160,0.15569252700585268,-0.0006754785593094943,0.01094091903719907,wf2021,L2R
20210831,161,0.23185212835985355,0.006425374134496455,0.02178649237472763,wf2021,L2R
20210901,162,-0.04255876975460088,-0.005632727893855504,0.013100436681222738,wf2021,L2R
20210902,163,0.18883661422081438,0.003438585044746695,0.00877192982456143,wf2021,L2R
20210903,164,0.07249554393954426,0.0010958926332691552,0.021739130434782594,wf2021,L2R
20210906,165,0.01930498362992932,-0.003281525423868701,0.01521739130434785,wf2021,L2R
20210907,166,0.17869152152248846,0.0002493481055924635,0.017467248908296984,wf2021,L2R
20210908,167,0.07933908849612431,-0.0013688461443104015,0.01965065502183405,wf2021,L2R
20210909,168,0.09519454902887975,0.0016734894893696206,0.017429193899782147,wf2021,L2R
20210910,169,0.14231447632511315,-0.00018603436719508582,0.02591792656587477,wf2021,L2R
20210913,170,0.060856455871866826,0.0020181198693851703,0.017391304347826098,wf2021,L2R
20210914,171,0.05028517919981671,-0.0018393110375273672,0.02813852813852813,wf2021,L2R
20210915,172,0.17969046185269547,0.005046861285172776,0.015250544662309351,wf2021,L2R
20210916,173,0.09269824158514384,0.00047968621053663283,0.017391304347826098,wf2021,L2R
20210917,174,0.06603504599396459,-0.0009655755477297225,0.008695652173912993,wf2021,L2R
20210922,175,0.2579345924614866,0.00699104138614027,0.013100436681222738,wf2021,L2R
20210923,176,0.07852188291847019,0.0009135183286359226,0.02608695652173909,wf2021,L2R
20210924,177,-0.04243223526144436,0.002467290419594044,0.010869565217391353,wf2021,L2R
20210927,178,0.14566397242158835,0.002666293262702921,0.027896995708154515,wf2021,L2R
20210928,179,-0.0011387215997228702,0.0021930775290470578,0.025862068965517238,wf2021,L2R
20210929,180,0.24213512123539116,0.0006465308279893535,0.02155172413793105,wf2021,L2R
20210930,181,0.13837768762106736,0.005110927364800177,0.012987012987012991,wf2021,L2R
20211008,182,0.10167899149451516,0.000507520529435608,0.013071895424836555,wf2021,L2R
20211011,183,0.07343452769148753,0.0017991276264013086,0.01521739130434785,wf2021,L2R
20211012,184,0.0333959966694563,-0.0014266206539125606,0.01943844492440605,wf2021,L2R
20211013,185,0.13761849672765764,0.0021892287578677396,0.006521739130434745,wf2021,L2R
20211014,186,0.05150243287359279,-0.0031766223580102625,0.0195227765726681,wf2021,L2R
20211015,187,0.04630345576574606,-0.0021956413430268967,0.010845986984815648,wf2021,L2R
20211018,188,0.01417348155007165,-0.0021397760205459906,0.015151515151515138,wf2021,L2R
20211019,189,0.00401113106218089,-0.0015477597198048526,0.0065502183406113135,wf2021,L2R
20211020,190,0.03633143229209905,-0.0011872376986372746,0.010869565217391353,wf2021,L2R
20211021,191,0.10723107645352714,0.0030776207990002883,0.012987012987012991,wf2021,L2R
20211022,192,0.07537282500025326,-0.002154388450365673,0.015118790496760237,wf2021,L2R
20211025,193,0.0913829814568895,0.0015486468648443445,0.008695652173912993,wf2021,L2R
20211026,194,0.01701938146063209,-0.0018296354922015118,0.015151515151515138,wf2021,L2R
20211027,195,0.07637004667723225,0.0038716072434159463,0.015118790496760237,wf2021,L2R
20211028,196,0.09225842744203186,0.003730544956275802,0.017278617710583144,wf2021,L2R
20211029,197,0.042195029521927586,-0.0013556895551024052,0.010869565217391353,wf2021,L2R
20211101,198,0.09127674589408338,0.0016392171303783072,0.013100436681222738,wf2021,L2R
20211102,199,0.11975389972400002,0.0016115831307200752,0.023809523809523836,wf2021,L2R
20211103,200,-0.014202940594387427,-0.001302699027496277,0.012987012987012991,wf2021,L2R
20211104,201,0.12099181769288223,0.0028883197807728937,0.013071895424836555,wf2021,L2R
20211105,202,0.05895215295037849,-0.0011315322651881989,0.019565217391304346,wf2021,L2R
20211108,203,0.02585154582183603,-0.00014244495627050748,0.008714596949891074,wf2021,L2R
20211109,204,0.09090418534876976,0.0013760555806894923,0.008733624454148492,wf2021,L2R
20211110,205,0.10125792617045336,0.001486945402408183,0.028017241379310387,wf2021,L2R
20211111,206,0.006262823222002807,-0.0028166198078666115,0.023758099352051865,wf2021,L2R
20211112,207,0.10910126113535203,0.0026725047541695923,0.015250544662309351,wf2021,L2R
20211115,208,0.16677700179922383,0.0036727918654000727,0.01091703056768556,wf2021,L2R
20211116,209,0.06763314352526191,-0.0004471541666991926,0.023809523809523836,wf2021,L2R
20211117,210,0.0995567413230301,-0.0015277963330314198,0.019565217391304346,wf2021,L2R
20211118,211,0.18369296403963503,0.0016208385085730859,0.03448275862068961,wf2021,L2R
20211119,212,-0.11085533852714266,-0.0029078767923940464,0.030172413793103425,wf2021,L2R
20211122,213,0.09748143367435877,0.0003499389038730174,0.015250544662309351,wf2021,L2R
20211123,214,0.06069916045478086,-0.0006947041159285012,0.004376367614879695,wf2021,L2R
20211124,215,0.17442045064281353,0.0031113486173873313,0.025974025974025983,wf2021,L2R
20211125,216,0.027925987295351153,0.0001545717681725781,0.025974025974025983,wf2021,L2R
20211126,217,-0.03404083085453938,-0.0028178733302650118,0.01948051948051943,wf2021,L2R
20211129,218,0.22155245057512735,0.003723286029128476,0.0065502183406113135,wf2021,L2R
20211130,219,0.18614499390735403,0.0036775316921235594,0.026030368763557465,wf2021,L2R
20211201,220,0.2554465951433642,0.001969764242417264,0.03463203463203468,wf2021,L2R
20211202,221,0.11594337542282501,0.0017647496007812714,0.013100436681222738,wf2021,L2R
20211203,222,0.02908353122113751,-0.0030196778662108584,0.02591792656587477,wf2021,L2R
20211206,223,0.0777434161140319,0.003621297668902382,0.010869565217391353,wf2021,L2R
20211207,224,0.11024111383048264,0.0005726908304132215,0.013043478260869601,wf2021,L2R
20211208,225,0.09664095449232686,0.0038295674932164996,0.025974025974025983,wf2021,L2R
20211209,226,0.055562362386512465,-0.002184782987373817,0.02807775377969768,wf2021,L2R
20211210,227,0.033435612740500185,-0.0020673119700568166,0.0065502183406113135,wf2021,L2R
20211213,228,0.037823711965786405,0.0029598937118499946,0.006564551422319487,wf2021,L2R
20211214,229,0.08422235174297797,0.0006353355831440386,0.015283842794759805,wf2021,L2R
20211215,230,0.08688952435907635,0.00036215930087669587,0.03246753246753242,wf2021,L2R
20211216,231,0.19217451313628656,0.0012793323397949077,0.026030368763557465,wf2021,L2R
20211217,232,0.18674402331810458,0.003248462823238315,0.013100436681222738,wf2021,L2R
20211220,233,0.10779037667080114,0.001920794046664842,0.01094091903719907,wf2021,L2R
20211221,234,0.03581862498676352,0.0006110881144175311,0.028384279475982543,wf2021,L2R
20211222,235,0.03575169057418602,-0.0028348061899401223,0.03260869565217395,wf2021,L2R
20211223,236,0.174743346056674,0.0020571211547372424,0.017353579175705014,wf2021,L2R
20211224,237,0.07615112619735384,0.00018422683502613418,0.015151515151515138,wf2021,L2R
20211227,238,0.14454059137178105,0.0047757445085969425,0.017316017316017285,wf2021,L2R
20211228,239,0.07495762500735402,0.0003668786253779473,0.017353579175705014,wf2021,L2R
20211229,240,0.09926405466906457,-0.0010506953500146344,0.017353579175705014,wf2021,L2R
20211230,241,0.0772077477309059,5.855454114838364e-05,0.01091703056768556,wf2021,L2R
20211231,242,0.10744135254864208,-0.0005158760055046716,0.01091703056768556,wf2021,L2R
20210809,145,0.0996553005207835,0.00334753052759627,0.045064377682403456,wf2021,L2W
20210810,146,0.03280891417101825,0.00037251973820636754,0.030303030303030276,wf2021,L2W
20210811,147,0.019489127599157413,-0.0009557850165605596,0.02819956616052066,wf2021,L2W
20210812,148,0.08168775101408786,-0.0011274898909634996,0.04094827586206895,wf2021,L2W
20210813,149,0.05686324389810264,-0.0019502532420254345,0.017391304347826098,wf2021,L2W
20210816,150,0.09300295411356758,-0.0030764152346115375,0.02386117136659438,wf2021,L2W
20210817,151,0.07357129731778671,0.0006101089417359963,0.028017241379310387,wf2021,L2W
20210818,152,0.04706693413944818,0.005918164877332991,0.01948051948051943,wf2021,L2W
20210819,153,0.010655556837153806,-0.002259174282969307,0.032327586206896575,wf2021,L2W
20210820,154,0.13132907912284741,0.007382617162384746,0.010845986984815648,wf2021,L2W
20210823,155,0.08744684512342618,-0.000619411849730387,0.03246753246753242,wf2021,L2W
20210824,156,0.09819710287793985,-0.0008546363797716358,0.038961038961038974,wf2021,L2W
20210825,157,0.03568795647648237,-0.00722397526774754,0.045064377682403456,wf2021,L2W
20210826,158,0.056974208810202605,-0.003303543060231541,0.021691973969631184,wf2021,L2W
20210827,159,-0.006457076998667223,-0.0007102334611103622,0.021691973969631184,wf2021,L2W
20210830,160,0.05742496225876819,-0.004846976885176893,0.023913043478260843,wf2021,L2W
20210831,161,0.11059250066901807,-0.0017548493406111497,0.02608695652173909,wf2021,L2W
20210901,162,-0.049377436554672346,-0.003166758688527534,0.021739130434782594,wf2021,L2W
20210902,163,0.09263505648510172,0.00047252361044760574,0.047311827956989294,wf2021,L2W
20210903,164,0.07994704558424108,0.004798443598656674,0.017429193899782147,wf2021,L2W
20210906,165,0.0184727815755315,-0.00033211495226674256,0.0065502183406113135,wf2021,L2W
20210907,166,0.1067692262952668,-0.003885447597664601,0.0388768898488121,wf2021,L2W
20210908,167,0.010731676603539322,-0.005473531615936265,0.04103671706263501,wf2021,L2W
20210909,168,0.09910186681702683,0.005380245581874175,0.03455723542116629,wf2021,L2W
20210910,169,0.08683336560763781,-0.006152544334230377,0.03440860215053765,wf2021,L2W
20210913,170,0.08234343396634923,0.008314797052327448,0.03448275862068961,wf2021,L2W
20210914,171,0.06925933605001083,-0.0015450985380208778,0.045064377682403456,wf2021,L2W
20210915,172,0.08422252826531368,-5.4943024253727504e-05,0.03239740820734338,wf2021,L2W
20210916,173,0.0922072702572786,0.003665477113043165,0.017391304347826098,wf2021,L2W
20210917,174,0.06467161965458056,-0.0016691981832622415,0.03433476394849788,wf2021,L2W
20210922,175,0.16499697266854818,0.0014177375408048363,0.017429193899782147,wf2021,L2W
20210923,176,0.05614892827667127,0.0031532457428574447,0.02178649237472763,wf2021,L2W
20210924,177,-0.0699015654238847,0.0012012720522820257,0.032258064516129004,wf2021,L2W
20210927,178,0.11449238735725079,0.0009786551805329212,0.027896995708154515,wf2021,L2W
20210928,179,-0.08482206235702908,-0.004662846872927302,0.021598272138228958,wf2021,L2W
20210929,180,0.2927868506175276,0.006594813590525973,0.017278617710583144,wf2021,L2W
20210930,181,0.03415420312879129,-0.004653167709754507,0.012987012987012991,wf2021,L2W
20211008,182,0.0860175935341919,0.0028718341745862493,0.025974025974025983,wf2021,L2W
20211011,183,0.005385889430932309,-0.003292883553585778,0.032327586206896575,wf2021,L2W
20211012,184,0.06980994891161292,0.0060865831952665855,0.023706896551724088,wf2021,L2W
20211013,185,0.16199185306321687,0.00635154747940122,0.006521739130434745,wf2021,L2W
20211014,186,0.09281699396018729,0.0030076348208933224,0.02807775377969768,wf2021,L2W
20211015,187,0.11709905964729476,0.0028089522050900786,0.027956989247311825,wf2021,L2W
20211018,188,0.056463757606038445,0.002042240253288837,0.040598290598290565,wf2021,L2W
20211019,189,0.028689453163996348,0.002146832003865722,0.023809523809523836,wf2021,L2W
20211020,190,0.02114652724960233,-0.0014270074869435134,0.03648068669527893,wf2021,L2W
20211021,191,0.048871585718014636,0.0025868066022198865,0.02155172413793105,wf2021,L2W
20211022,192,0.16152318319963385,0.008925922808488987,0.032119914346895095,wf2021,L2W
20211025,193,0.06588098345824818,0.0018619041528573654,0.051063829787234005,wf2021,L2W
20211026,194,0.06258416439411854,0.0037791737991995887,0.01943844492440605,wf2021,L2W
20211027,195,-0.003520343882479519,-0.001833658140736518,0.015118790496760237,wf2021,L2W
20211028,196,0.062348928041817096,0.002196163311884063,0.017278617710583144,wf2021,L2W
20211029,197,0.07010405544354559,0.003793861378792342,0.023758099352051865,wf2021,L2W
20211101,198,0.10005639951461828,0.006074538144931178,0.013100436681222738,wf2021,L2W
20211102,199,0.10014744526271786,0.0022453075694208024,0.032327586206896575,wf2021,L2W
20211103,200,0.03578621014339262,0.002313425651721804,0.02155172413793105,wf2021,L2W
20211104,201,0.06379144204507713,-0.00015104905549765627,0.025974025974025983,wf2021,L2W
20211105,202,0.03715499112369602,0.0006796469792075552,0.02386117136659438,wf2021,L2W
20211108,203,0.05509419235488532,0.003736438641214453,0.013043478260869601,wf2021,L2W
20211109,204,0.03929508336215876,-0.0003573035046417379,0.017391304347826098,wf2021,L2W
20211110,205,0.061655927848426155,0.0006454370332518358,0.023758099352051865,wf2021,L2W
20211111,206,0.06931794501570777,0.003424578354596289,0.010869565217391353,wf2021,L2W
20211112,207,0.0398475626282743,-0.002212341273141633,0.04086021505376347,wf2021,L2W
20211115,208,0.08485328686224176,-0.0012985441673988782,0.02386117136659438,wf2021,L2W
20211116,209,0.09464785517356968,0.0038297599162158517,0.0065502183406113135,wf2021,L2W
20211117,210,0.11779203128594606,0.00178948200430982,0.006564551422319487,wf2021,L2W
20211118,211,0.1491784310749993,0.0007587637969022724,0.03870967741935483,wf2021,L2W
20211119,212,0.0005024962760747152,0.0056539605579777235,0.02164502164502169,wf2021,L2W
20211122,213,0.02829936214796517,-0.0014770582471808301,0.02386117136659438,wf2021,L2W
20211123,214,0.046671778769922206,0.0003514248232184252,0.030237580993520474,wf2021,L2W
20211124,215,0.10292810739239493,0.00014113549079807636,0.03448275862068961,wf2021,L2W
20211125,216,0.05530513454751546,0.0021194761659721613,0.017391304347826098,wf2021,L2W
20211126,217,-0.005445269202797327,0.0013936228234148827,0.015184381778741818,wf2021,L2W
20211129,218,0.143754301599102,-0.0006742232096662295,0.023809523809523836,wf2021,L2W
20211130,219,0.13210262195212324,0.0007839825252190166,0.008752735229759279,wf2021,L2W
20211201,220,0.13746424757783227,-0.003624325711110477,0.0388768898488121,wf2021,L2W
20211202,221,0.07763535251481583,-0.0017282852666614785,0.030303030303030276,wf2021,L2W
20211203,222,-0.022156463698031353,-0.004664695764223192,0.0,wf2021,L2W
20211206,223,-0.025064433450948713,-0.005745556611903152,0.010869565217391353,wf2021,L2W
20211207,224,0.1881018722107223,0.005039321830850695,0.02164502164502169,wf2021,L2W
20211208,225,0.0016375323784072083,-0.0012752507765046027,0.021691973969631184,wf2021,L2W
20211209,226,0.08639550324499402,0.002612130308494718,0.01521739130434785,wf2021,L2W
20211210,227,0.019265281145847517,-0.00036555935830008025,0.023809523809523836,wf2021,L2W
20211213,228,0.05532449709259136,0.0012285177643457821,0.019565217391304346,wf2021,L2W
20211214,229,-0.0013792293696185127,-0.002174175539952529,0.015283842794759805,wf2021,L2W
20211215,230,0.07675386650651705,0.0008772657981546174,0.023913043478260843,wf2021,L2W
20211216,231,0.08062262693268987,-0.007427709392142093,0.030303030303030276,wf2021,L2W
20211217,232,0.07924584458498603,-0.006642269878556447,0.004385964912280715,wf2021,L2W
20211220,233,0.05687347294293437,-0.0019983294270141394,0.006578947368421018,wf2021,L2W
20211221,234,0.06482101481599617,0.0029734317557539225,0.019736842105263164,wf2021,L2W
20211222,235,0.03509502575019302,0.001408948031299016,0.015350877192982448,wf2021,L2W
20211223,236,0.0799377162763217,-0.006288579569193809,0.008714596949891074,wf2021,L2W
20211224,237,0.02054991784771428,-0.0024029454396781572,0.01943844492440605,wf2021,L2W
20211227,238,0.15603890950829127,0.006210020920927583,0.004357298474945481,wf2021,L2W
20211228,239,0.04509813371881312,0.0012076436471069802,0.004366812227074246,wf2021,L2W
20211229,240,0.0932086569686758,0.000964192218326658,0.03440860215053765,wf2021,L2W
20211230,241,0.06580876668153571,0.0006978951191132154,0.015250544662309351,wf2021,L2W
20211231,242,0.036342889678495374,-0.008600474331205862,0.02813852813852813,wf2021,L2W
20210809,145,0.09561431945066236,0.0021453907846705027,0.03239740820734338,wf2021,LR
20210810,146,0.024998660116412955,-0.00055620411664565,0.047210300429184504,wf2021,LR
20210811,147,0.008101168458681798,-0.001506083608230238,0.02819956616052066,wf2021,LR
20210812,148,0.0856153166948677,-0.0005676300603431772,0.03246753246753242,wf2021,LR
20210813,149,0.0608052995213689,-0.00398451716885204,0.025974025974025983,wf2021,LR
20210816,150,0.1059624078651286,-0.0036999770458479853,0.02386117136659438,wf2021,LR
20210817,151,0.0782528020314815,-0.0002957642986524036,0.023758099352051865,wf2021,LR
20210818,152,0.04948141952397288,0.0054960315608517,0.01948051948051943,wf2021,LR
20210819,153,0.022120473224630746,-0.0008237105046049187,0.02807775377969768,wf2021,LR
20210820,154,0.12431934381473635,0.004382557496111307,0.01943844492440605,wf2021,LR
20210823,155,0.10551901623722568,-1.4339035480085381e-05,0.04094827586206895,wf2021,LR
20210824,156,0.10209459808532685,-0.000718415389123794,0.03470715835141003,wf2021,LR
20210825,157,0.03385946713482399,-0.0068001123869179565,0.045064377682403456,wf2021,LR
20210826,158,0.06510139360307068,-0.0018075647707498953,0.030237580993520474,wf2021,LR
20210827,159,0.02025907616063381,0.0021225265309036197,0.030237580993520474,wf2021,LR
20210830,160,0.05703699730588549,-0.005865969653317237,0.019607843137254943,wf2021,LR
20210831,161,0.10107707248592783,-0.0033357021459205546,0.02178649237472763,wf2021,LR
20210901,162,-0.019501577131578626,-0.0026820015347528686,0.008752735229759279,wf2021,LR
20210902,163,0.07830002993769757,-0.001721966773855513,0.0431034482758621,wf2021,LR
20210903,164,0.08872978056843692,0.005512389695076777,0.021739130434782594,wf2021,LR
20210906,165,0.008758068667226285,-0.0013247375956515154,0.01089324618736387,wf2021,LR
20210907,166,0.0920274064317421,-0.005570938369665766,0.030368763557483747,wf2021,LR
20210908,167,0.03108507465049232,-0.00443453138213343,0.03679653679653683,wf2021,LR
20210909,168,0.09825830258890375,0.006427485099126304,0.030303030303030276,wf2021,LR
20210910,169,0.07967526436448781,-0.005975884167341363,0.02591792656587477,wf2021,LR
20210913,170,0.07015194077569159,0.008661526605188263,0.03870967741935483,wf2021,LR
20210914,171,0.05471977535085201,-0.004363188696192008,0.03239740820734338,wf2021,LR
20210915,172,0.0645873643101219,-0.0023689473013758042,0.019565217391304346,wf2021,LR
20210916,173,0.09278838867235771,0.005583693719132796,0.021691973969631184,wf2021,LR
20210917,174,0.05499301497280594,-0.0028373276023203097,0.03433476394849788,wf2021,LR
20210922,175,0.1644242433669678,0.0008245694924303324,0.021739130434782594,wf2021,LR
20210923,176,0.04676932855078987,0.00300884428601598,0.00877192982456143,wf2021,LR
20210924,177,-0.05867648870746809,0.002987538892189067,0.028017241379310387,wf2021,LR
20210927,178,0.10255119578898805,-0.00022250823885689927,0.023655913978494647,wf2021,LR
20210928,179,-0.08582142181721607,-0.0051533284511100265,0.013015184381778733,wf2021,LR
20210929,180,0.2907940430187402,0.004162991280272123,0.012987012987012991,wf2021,LR
20210930,181,0.01618068176600831,-0.00723245620996214,0.017278617710583144,wf2021,LR
20211008,182,0.060684102838806216,-0.0009125166607665881,0.013071895424836555,wf2021,LR
20211011,183,0.010592980163529093,-0.002026994781369723,0.01521739130434785,wf2021,LR
20211012,184,0.08213580951905076,0.006787369694156236,0.015151515151515138,wf2021,LR
20211013,185,0.15906486591894192,0.005100861961438013,0.015151515151515138,wf2021,LR
20211014,186,0.10325997562015082,0.004765845612062694,0.02807775377969768,wf2021,LR
20211015,187,0.09833582831735177,0.0009279520243780977,0.040598290598290565,wf2021,LR
20211018,188,0.05065428204973366,0.001348760645520834,0.01943844492440605,wf2021,LR
20211019,189,0.030100841837114627,0.0012050134298174423,0.0195227765726681,wf2021,LR
20211020,190,0.009099724811021165,-0.0025811222548158055,0.01948051948051943,wf2021,LR
20211021,191,0.0629766962238974,0.004574406655564976,0.02155172413793105,wf2021,LR
20211022,192,0.1592078169601124,0.00559226925772761,0.015118790496760237,wf2021,LR
20211025,193,0.07393187776298198,0.0032876556749118413,0.025862068965517238,wf2021,LR
20211026,194,0.06965883923973656,0.003497508244375034,0.010845986984815648,wf2021,LR
20211027,195,-0.011697627713998326,-0.0003874575445677285,0.010822510822510845,wf2021,LR
20211028,196,0.059725639873670085,0.0028348728511731914,0.008676789587852451,wf2021,LR
20211029,197,0.0749434434103253,0.0017116079762594365,0.01948051948051943,wf2021,LR
20211101,198,0.11160180568360885,0.006250395798124188,0.017429193899782147,wf2021,LR
20211102,199,0.09710578675125676,0.0002908344518230445,0.032327586206896575,wf2021,LR
20211103,200,0.031054265638829775,0.0008479971644233929,0.02155172413793105,wf2021,LR
20211104,201,0.06605077809450235,-0.0005548471608593127,0.013071895424836555,wf2021,LR
20211105,202,0.054363025812429744,0.0018651428703123727,0.02386117136659438,wf2021,LR
20211108,203,0.060880456504408646,0.004624424697469558,0.02591792656587477,wf2021,LR
20211109,204,0.04030539043259895,0.0007575405409554134,0.013071895424836555,wf2021,LR
20211110,205,0.055604255136261604,0.0010555088185465224,0.028017241379310387,wf2021,LR
20211111,206,0.08541893031094089,0.004134659721443433,0.01948051948051943,wf2021,LR
20211112,207,0.023972740718161693,-0.005930164392921474,0.015250544662309351,wf2021,LR
20211115,208,0.08166006447186963,-0.001751368753013488,0.02813852813852813,wf2021,LR
20211116,209,0.1238116141054003,0.005750283236739446,0.032327586206896575,wf2021,LR
20211117,210,0.12069519980647092,0.004262273669047181,0.019565217391304346,wf2021,LR
20211118,211,0.12475226141571934,-0.0005158539689050952,0.03448275862068961,wf2021,LR
20211119,212,-0.002623147617316224,0.006724802375283097,0.030172413793103425,wf2021,LR
20211122,213,0.03813624131936952,-0.0009930716924289361,0.04086021505376347,wf2021,LR
20211123,214,0.031736735223944414,0.0005903883385767351,0.017391304347826098,wf2021,LR
20211124,215,0.10134369145889081,0.0019602162483709946,0.03870967741935483,wf2021,LR
20211125,216,0.058779229260400176,0.004151302894115189,0.025974025974025983,wf2021,LR
20211126,217,0.018996215436648894,0.005833813860190627,0.03648068669527893,wf2021,LR
20211129,218,0.14194811250719552,-0.0008831159364893447,0.02807775377969768,wf2021,LR
20211130,219,0.11037811929370474,-0.004186289538694378,0.013100436681222738,wf2021,LR
20211201,220,0.15157243156529637,-0.0016380970163452201,0.017467248908296984,wf2021,LR
20211202,221,0.08741559602061252,0.0002347221241035223,0.026030368763557465,wf2021,LR
20211203,222,-0.021463436664333008,-0.004835026368381394,0.013043478260869601,wf2021,LR
20211206,223,-0.017983817836436215,-0.005412914900486435,0.010869565217391353,wf2021,LR
20211207,224,0.19170370610228446,0.0054146209797988915,0.02164502164502169,wf2021,LR
20211208,225,-0.01333350823815213,-0.002094787238023477,0.013071895424836555,wf2021,LR
20211209,226,0.07167814581852337,0.0001435939903004029,0.0195227765726681,wf2021,LR
20211210,227,0.027600282090172155,-0.0017209244893842202,0.01089324618736387,wf2021,LR
20211213,228,0.032933198748584185,-0.0006886916435460385,0.002192982456140302,wf2021,LR
20211214,229,0.005543334164455964,-0.0031403554383663064,0.006578947368421018,wf2021,LR
20211215,230,0.07313235649198857,-0.00011069225827231403,0.015283842794759805,wf2021,LR
20211216,231,0.07296069930307672,-0.00836039685962011,0.021739130434782594,wf2021,LR
20211217,232,0.08005511439670725,-0.006563224597408159,0.0,wf2021,LR
20211220,233,0.06453356069369877,-0.0028357007545979102,0.01094091903719907,wf2021,LR
20211221,234,0.062283398056388294,0.004064303083223312,0.011013215859030812,wf2021,LR
20211222,235,0.03833914579372452,0.0006583525398488783,0.028322440087146017,wf2021,LR
20211223,236,0.0973020602872307,-0.0032789877157743848,0.004366812227074246,wf2021,LR
20211224,237,0.01541685984870197,-0.002393907313139149,0.015151515151515138,wf2021,LR
20211227,238,0.13437027997492706,0.004855406441634916,0.004357298474945481,wf2021,LR
20211228,239,0.04737020782149033,0.00034203056154570566,0.008714596949891074,wf2021,LR
20211229,240,0.0842700584096036,0.0009539687941994522,0.02164502164502169,wf2021,LR
20211230,241,0.06238436240215194,-0.0010993234499798964,0.015250544662309351,wf2021,LR
20211231,242,0.030109550912966233,-0.010927077064874327,0.015250544662309351,wf2021,LR
20210809,145,0.07020555608899601,0.0004523377268533125,0.03663793103448276,wf2021,LRTD
20210810,146,0.013775355614266365,-0.0017716159191772385,0.030303030303030276,wf2021,LRTD
20210811,147,0.015318559146903995,-0.0012009485023724352,0.02819956616052066,wf2021,LRTD
20210812,148,0.08954552763264605,0.0005333043572440541,0.04516129032258065,wf2021,LRTD
20210813,149,0.06819193525902867,-0.001358464369399402,0.021691973969631184,wf2021,LRTD
20210816,150,0.11716045835751228,-0.0018998543531028103,0.015250544662309351,wf2021,LRTD
20210817,151,0.06931828431724237,-0.0006368457422752799,0.023758099352051865,wf2021,LRTD
20210818,152,0.03591149121897244,0.0046122959264471575,0.03648068669527893,wf2021,LRTD
20210819,153,0.005883557649627459,-0.0028746115910427937,0.04077253218884125,wf2021,LRTD
20210820,154,0.1014137530086282,0.0031539867199178173,0.023706896551724088,wf2021,LRTD
20210823,155,0.11089249994362228,0.0015894479032015681,0.05353319057815842,wf2021,LRTD
20210824,156,0.10979570710262888,-0.00020000861264100282,0.043196544276457916,wf2021,LRTD
20210825,157,0.04263022786055925,-0.007161250393063992,0.045064377682403456,wf2021,LRTD
20210826,158,0.07121179099243348,-0.0013421322287444418,0.021691973969631184,wf2021,LRTD
20210827,159,0.002778816290322324,0.0018263475610243171,0.021691973969631184,wf2021,LRTD
20210830,160,0.07030630445716869,-0.0027506817391090587,0.023913043478260843,wf2021,LRTD
20210831,161,0.11502963341225034,-0.0021039613055452407,0.030368763557483747,wf2021,LRTD
20210901,162,-0.029865569148613266,-0.0016955749984622383,0.013100436681222738,wf2021,LRTD
20210902,163,0.08120506281797864,-0.0013352583483157248,0.047311827956989294,wf2021,LRTD
20210903,164,0.09164377172224322,0.0066740880133560505,0.026030368763557465,wf2021,LRTD
20210906,165,0.017284699216326905,0.0004297070301490461,0.023809523809523836,wf2021,LRTD
20210907,166,0.09883652202114605,-0.004281051691509885,0.047311827956989294,wf2021,LRTD
20210908,167,0.03322655798155718,-0.0038833662768257156,0.04525862068965514,wf2021,LRTD
20210909,168,0.1012693674935575,0.006489038590156416,0.03879310344827591,wf2021,LRTD
20210910,169,0.07681297156854687,-0.0051840769410231,0.017353579175705014,wf2021,LRTD
20210913,170,0.05754716970550154,0.007754931835333566,0.03870967741935483,wf2021,LRTD
20210914,171,0.04430830386022085,-0.0033523197065280738,0.04086021505376347,wf2021,LRTD
20210915,172,0.07020352199384725,-0.0016740475076239356,0.02813852813852813,wf2021,LRTD
20210916,173,0.09458102349680778,0.006114948542152178,0.021691973969631184,wf2021,LRTD
20210917,174,0.04402737153316613,-0.003795948263976976,0.025862068965517238,wf2021,LRTD
20210922,175,0.15396137235291754,0.0012696939231298865,0.013100436681222738,wf2021,LRTD
20210923,176,0.06157093736538508,0.005825795378454535,0.03463203463203468,wf2021,LRTD
20210924,177,-0.05322117604492185,0.003893644497248279,0.03648068669527893,wf2021,LRTD
20210927,178,0.0860265467387772,-0.0029721570866206295,0.032119914346895095,wf2021,LRTD
20210928,179,-0.08443299524063355,-0.004366473676196973,0.017316017316017285,wf2021,LRTD
20210929,180,0.2975518016072031,0.005329945581096819,0.012987012987012991,wf2021,LRTD
20210930,181,0.005765589333130216,-0.006975068234743495,0.030042918454935674,wf2021,LRTD
20211008,182,0.06665016579702744,9.903285428862225e-05,0.017391304347826098,wf2021,LRTD
20211011,183,0.018069219648746707,-0.00108158795441975,0.0195227765726681,wf2021,LRTD
20211012,184,0.09173141268006739,0.007658138591370581,0.015151515151515138,wf2021,LRTD
20211013,185,0.1426515299281601,0.004883731595318369,0.015151515151515138,wf2021,LRTD
20211014,186,0.11333748392462634,0.005329034625111147,0.04077253218884125,wf2021,LRTD
20211015,187,0.09859607345296433,0.0006377136482318985,0.03218884120171672,wf2021,LRTD
20211018,188,0.051690883937833054,0.0014828111952811703,0.040598290598290565,wf2021,LRTD
20211019,189,0.028718141162108787,0.0019497043006364962,0.0195227765726681,wf2021,LRTD
20211020,190,0.007515473106755951,-0.002228058234708433,0.032258064516129004,wf2021,LRTD
20211021,191,0.059249463010274624,0.0035577796814525624,0.02155172413793105,wf2021,LRTD
20211022,192,0.15167112740754468,0.004947821534160675,0.006507592190889366,wf2021,LRTD
20211025,193,0.06897750975740363,0.0031239478133013613,0.025862068965517238,wf2021,LRTD
20211026,194,0.05936337101826586,0.002197502236220639,0.015151515151515138,wf2021,LRTD
20211027,195,-0.006022463002621576,0.0005443120610463224,0.015118790496760237,wf2021,LRTD
20211028,196,0.05398981208156144,0.0019167998297331557,0.008676789587852451,wf2021,LRTD
20211029,197,0.07766173703341861,0.003180101323452521,0.006535947712418277,wf2021,LRTD
20211101,198,0.10436852316692664,0.005207207534774312,0.017429193899782147,wf2021,LRTD
20211102,199,0.10430246985846499,0.0003807601849535611,0.02807775377969768,wf2021,LRTD
20211103,200,0.033002683690421225,0.0007109122510364097,0.017278617710583144,wf2021,LRTD
20211104,201,0.06376801016375704,-0.0009594789201296666,0.017391304347826098,wf2021,LRTD
20211105,202,0.045326904876248214,0.0005774033903460382,0.019565217391304346,wf2021,LRTD
20211108,203,0.0549366461549743,0.005092834417692619,0.004366812227074246,wf2021,LRTD
20211109,204,0.033357875956483755,-0.0007590610957504884,0.021691973969631184,wf2021,LRTD
20211110,205,0.06200785278018157,0.00036723756608835964,0.028017241379310387,wf2021,LRTD
20211111,206,0.0830111114282323,0.003976833838229277,0.01948051948051943,wf2021,LRTD
20211112,207,0.025626144494472706,-0.0044540865083899,0.03239740820734338,wf2021,LRTD
20211115,208,0.07625468046320825,-0.0018871300357542458,0.019565217391304346,wf2021,LRTD
20211116,209,0.10795287654424655,0.004219538608252589,0.01521739130434785,wf2021,LRTD
20211117,210,0.11767699723453913,0.0038254829367410574,0.015250544662309351,wf2021,LRTD
20211118,211,0.14026681263214752,0.0016680634125797022,0.03870967741935483,wf2021,LRTD
20211119,212,-0.004464414278884555,0.006053591199044029,0.047008547008547064,wf2021,LRTD
20211122,213,0.029519945609842717,-0.0016913084713778568,0.04086021505376347,wf2021,LRTD
20211123,214,0.038371653278213534,0.0005707112132744647,0.025974025974025983,wf2021,LRTD
20211124,215,0.10888109031549521,0.002484610162855648,0.030237580993520474,wf2021,LRTD
20211125,216,0.04466519933094687,0.001262964385011021,0.025974025974025983,wf2021,LRTD
20211126,217,0.019183474393152374,0.0030583726391913693,0.032258064516129004,wf2021,LRTD
20211129,218,0.12888633197069788,-0.0021813820940121097,0.01521739130434785,wf2021,LRTD
20211130,219,0.116038395399311,-0.00241121431618207,0.008752735229759279,wf2021,LRTD
20211201,220,0.1598173250992192,-0.0017944421570079902,0.03463203463203468,wf2021,LRTD
20211202,221,0.07608340369982981,-0.0017128780762766254,0.021739130434782594,wf2021,LRTD
20211203,222,-0.012904087556883203,-0.003030782581762429,0.013043478260869601,wf2021,LRTD
20211206,223,-0.010067763853196014,-0.005174629807488949,0.006535947712418277,wf2021,LRTD
20211207,224,0.18141440172816553,0.004607829421917882,0.017353579175705014,wf2021,LRTD
20211208,225,-3.856436025827442e-05,-0.0005713903191472258,0.013071895424836555,wf2021,LRTD
20211209,226,0.06371081408174883,-0.0002910577739369262,0.02807775377969768,wf2021,LRTD
20211210,227,0.018829711166254752,-0.0016554451818048088,0.0065502183406113135,wf2021,LRTD
20211213,228,0.032572520702974735,-0.0004077602600344654,0.002192982456140302,wf2021,LRTD
20211214,229,-0.009477416307978897,-0.005357956300762768,0.006578947368421018,wf2021,LRTD
20211215,230,0.0724146714208591,0.00024518297366258636,0.01094091903719907,wf2021,LRTD
20211216,231,0.07804217763305488,-0.008899653502895864,0.021739130434782594,wf2021,LRTD
20211217,232,0.0917296346166165,-0.0050955287536966955,0.0,wf2021,LRTD
20211220,233,0.058262379364714234,-0.001615860179264475,0.006578947368421018,wf2021,LRTD
20211221,234,0.06424550898887772,0.005041802465908008,0.011013215859030812,wf2021,LRTD
20211222,235,0.025430741862219507,0.00043667927642168473,0.01969365426695846,wf2021,LRTD
20211223,236,0.10432554897388362,-0.0028942023837953204,0.008714596949891074,wf2021,LRTD
20211224,237,0.016614263552633794,-0.0028798406875375107,0.006521739130434745,wf2021,LRTD
20211227,238,0.1174113725645267,0.00406494976207602,0.004357298474945481,wf2021,LRTD
20211228,239,0.041747493231338084,-0.00033694465393709853,0.008714596949891074,wf2021,LRTD
20211229,240,0.08438796692373003,0.0005320573603713342,0.02591792656587477,wf2021,LRTD
20211230,241,0.07262616151968612,0.0006584536663109932,0.006564551422319487,wf2021,LRTD
20211231,242,0.034107664452466636,-0.010282054497975238,0.03239740820734338,wf2021,LRTD
20220810,145,0.17229944881849354,0.003219849829697476,0.021691973969631184,wf2022,H01
20220811,146,0.15002258442671768,0.0007038152655812332,0.0195227765726681,wf2022,H01
20220812,147,-0.04194032504552341,-0.0011076673760405079,0.01948051948051943,wf2022,H01
20220815,148,-0.05953604427322203,-0.0019860234379149994,0.008714596949891074,wf2022,H01
20220816,149,0.10667864111148627,0.0005528763865979931,0.019565217391304346,wf2022,H01
20220817,150,-0.0008940083250657626,-0.0022845904349546157,0.019565217391304346,wf2022,H01
20220818,151,0.2722720892274266,0.002154595623394288,0.0,wf2022,H01
20220819,152,0.03880783429304532,0.0010074820840364459,0.013043478260869601,wf2022,H01
20220822,153,0.021152057641601055,-0.0005719060571265726,0.02164502164502169,wf2022,H01
20220823,154,0.24675206079242884,0.005257151470870618,0.01521739130434785,wf2022,H01
20220824,155,0.10700334722384189,0.0028748843727356348,0.02580645161290318,wf2022,H01
20220825,156,0.047910888517463224,-0.0002570305230988716,0.0193965517241379,wf2022,H01
20220826,157,0.10287167044386,0.0006618105316056879,0.004347826086956497,wf2022,H01
20220829,158,0.17806743441765224,0.0010543965989745592,0.004347826086956497,wf2022,H01
20220830,159,-0.06441295388161025,0.003964352343394671,0.012987012987012991,wf2022,H01
20220831,160,0.07322891657009536,0.002533726017986555,0.010799136069114423,wf2022,H01
20220901,161,0.12115939759789382,-0.00039800105369832035,0.002169197396963085,wf2022,H01
20220902,162,0.030192972157830605,-0.0005826015010506652,0.004347826086956497,wf2022,H01
20220905,163,0.10719907848596134,-0.0019387655962624529,0.008695652173912993,wf2022,H01
20220906,164,-0.025999474186628953,-0.0014224233765234048,0.017316017316017285,wf2022,H01
20220907,165,0.14923356353232292,0.0003902404389242199,0.004357298474945481,wf2022,H01
20220908,166,0.08757540062718941,0.003206028303194091,0.015151515151515138,wf2022,H01
20220909,167,0.06190626607374816,-0.0009362639716883985,0.010822510822510845,wf2022,H01
20220913,168,0.1460363761538265,0.0009780250755590716,0.006507592190889366,wf2022,H01
20220914,169,-0.0027808704140547293,0.0013793062365502484,0.004338394793926281,wf2022,H01
20220915,170,0.11824348871032185,0.0017324458752846633,0.0,wf2022,H01
20220916,171,0.17868069633684133,0.0019426679610019034,0.0021645021645021467,wf2022,H01
20220919,172,0.1986808793329924,-0.0012489587184011334,0.010775862068965525,wf2022,H01
20220920,173,0.0358825680524594,-0.0006115937298752775,0.015118790496760237,wf2022,H01
20220921,174,0.07743561008370094,6.085667409255757e-06,0.012987012987012991,wf2022,H01
20220922,175,-0.007288109593338458,0.0015235686835155492,0.00649350649350644,wf2022,H01
20220923,176,0.03539842159524608,0.0006138062259650606,0.0021645021645021467,wf2022,H01
20220926,177,0.17284426314395093,0.0027672566558488362,0.0043290043290042934,wf2022,H01
20220927,178,0.08078994448819282,-7.182268513505896e-05,0.006521739130434745,wf2022,H01
20220928,179,0.05353915333859905,0.0037507285695954572,0.008676789587852451,wf2022,H01
20220929,180,0.08695543370363393,0.0013222807715170242,0.006479481641468721,wf2022,H01
20220930,181,-0.08008480644014901,0.0002769081127099553,0.0043290043290042934,wf2022,H01
20221010,182,0.13785408537588856,-0.0012542320006715766,0.002169197396963085,wf2022,H01
20221011,183,0.2850545086129259,0.00095808566604446,0.004338394793926281,wf2022,H01
20221012,184,0.13596391165779087,0.0017878216769062066,0.006535947712418277,wf2022,H01
20221013,185,0.142010922508264,0.00177924302728567,0.0195227765726681,wf2022,H01
20221014,186,0.15109852197232715,0.0008456833400207683,0.03239740820734338,wf2022,H01
20221017,187,0.041040207499246986,-0.0007253807276868516,0.021739130434782594,wf2022,H01
20221018,188,0.05564363879989966,-0.0009687049377489886,0.032327586206896575,wf2022,H01
20221019,189,0.15014905381702157,0.0007903808083581207,0.017316017316017285,wf2022,H01
20221020,190,0.13063072171963241,-0.0004482218905016734,0.010822510822510845,wf2022,H01
20221021,191,0.0688903388916373,-8.955678360703621e-05,0.015118790496760237,wf2022,H01
20221024,192,0.034357496695675914,-0.0004020827063535852,0.008658008658008698,wf2022,H01
20221025,193,0.26825966146278774,0.0019295038613473085,0.021505376344086002,wf2022,H01
20221026,194,0.17059866275610575,0.0022886670794543826,0.023758099352051865,wf2022,H01
20221027,195,-0.003902153086834855,0.0027169832919746242,0.010869565217391353,wf2022,H01
20221028,196,0.1767179750200112,0.0006148685615891044,0.01935483870967747,wf2022,H01
20221031,197,0.11806287814014249,0.0024798255599312174,0.027896995708154515,wf2022,H01
20221101,198,0.09484101304673494,0.0008706136788034346,0.023809523809523836,wf2022,H01
20221102,199,0.09926027990575174,-0.00040010781654522274,0.017391304347826098,wf2022,H01
20221103,200,0.20365904813909894,0.0015007953084345202,0.008695652173912993,wf2022,H01
20221104,201,0.17220320853031343,0.0005451456701891094,0.006521739130434745,wf2022,H01
20221107,202,0.11239148985877923,-0.0004434030751608284,0.008714596949891074,wf2022,H01
20221108,203,0.06425982647857335,0.0009214124306591927,0.008695652173912993,wf2022,H01
20221109,204,0.19485107279202302,0.0008023384823318356,0.004347826086956497,wf2022,H01
20221110,205,0.12380430956186049,0.001356908478966811,0.010845986984815648,wf2022,H01
20221111,206,0.14598384158469271,0.0005614525375598047,0.017316017316017285,wf2022,H01
20221114,207,0.10590441598347022,0.0009941789510251597,0.010869565217391353,wf2022,H01
20221115,208,0.0967903382655266,-0.0011703657658032902,0.030237580993520474,wf2022,H01
20221116,209,0.13312188013635845,0.0007837902393909362,0.017353579175705014,wf2022,H01
20221117,210,0.10372195452539001,0.0006576486231186429,0.004357298474945481,wf2022,H01
20221118,211,-0.07222263970375016,-0.0005171638115466063,0.013015184381778733,wf2022,H01
20221121,212,0.2783205619146757,0.0007183470389887873,0.008676789587852451,wf2022,H01
20221122,213,-0.003804061507988923,-0.0003970379591729644,0.015118790496760237,wf2022,H01
20221123,214,0.10291322133378383,0.0002549918491374049,0.0,wf2022,H01
20221124,215,0.21505385144237127,-5.3784798060233646e-05,0.0021739130434782483,wf2022,H01
20221125,216,-0.021614608716859815,-0.0014736907458468783,0.0021739130434782483,wf2022,H01
20221128,217,0.11560949205485856,-0.0006352148205866492,0.006507592190889366,wf2022,H01
20221129,218,-0.012021584077316919,-0.00139150071995319,0.013071895424836555,wf2022,H01
20221130,219,0.04972566419754779,0.0026699947880325665,0.017429193899782147,wf2022,H01
20221201,220,-0.0006883634968151377,-0.0012464648323671224,0.032258064516129004,wf2022,H01
20221202,221,0.10835240700622614,0.00044160085281716097,0.0021834061135370675,wf2022,H01
20221205,222,0.10307510097119624,0.0025894069675439194,0.01948051948051943,wf2022,H01
20221206,223,0.07701264586600678,0.0018633742016342385,0.010845986984815648,wf2022,H01
20221207,224,0.08378869356626599,0.0002957929954620123,0.012987012987012991,wf2022,H01
20221208,225,0.07940493664026593,0.0014588372542903964,0.012987012987012991,wf2022,H01
20221209,226,0.053206338892931804,0.001406795256391593,0.006507592190889366,wf2022,H01
20221212,227,0.24481387129642943,0.0008276526755595069,0.0,wf2022,H01
20221213,228,0.08531626002274868,0.0005136084730522879,0.02155172413793105,wf2022,H01
20221214,229,0.08100490618466107,-0.0005808903412100018,0.015151515151515138,wf2022,H01
20221215,230,0.15276310024639977,0.0013170680117982614,0.004338394793926281,wf2022,H01
20221216,231,0.11246215902761388,0.000382799269534613,0.0043290043290042934,wf2022,H01
20221219,232,0.08096784444449527,0.0007881476865463444,0.006479481641468721,wf2022,H01
20221220,233,0.23325938303047414,0.000532739571205457,0.006479481641468721,wf2022,H01
20221221,234,0.016161967384761014,0.0012916521370746163,0.0,wf2022,H01
20221222,235,0.08940829415335098,-0.0008053306128974281,0.008639308855291628,wf2022,H01
20221223,236,0.18172983937130519,0.0012132030856711867,0.002169197396963085,wf2022,H01
20221226,237,0.03253298207596419,0.0009162329396169887,0.004347826086956497,wf2022,H01
20221227,238,0.07732501939090644,0.0006975274054040956,0.008676789587852451,wf2022,H01
20221228,239,0.09117835729235882,0.0004498995272849563,0.010799136069114423,wf2022,H01
20221229,240,-0.0009582443283207611,-0.0007695955371601892,0.002169197396963085,wf2022,H01
20221230,241,0.1201432239596768,0.0007831451533982965,0.0,wf2022,H01
20220810,145,0.16156429678513354,0.0031597303955033327,0.030237580993520474,wf2022,L2
20220811,146,0.14852550376733173,0.0004865440543010634,0.0195227765726681,wf2022,L2
20220812,147,-0.06724992092668063,-0.003634325106822175,0.023758099352051865,wf2022,L2
20220815,148,-0.07638657255107205,-0.004585544489938387,0.013043478260869601,wf2022,L2
20220816,149,0.11736256084350574,0.00048568345993986115,0.006564551422319487,wf2022,L2
20220817,150,-0.0082991476256785,-0.0007605355671198998,0.01091703056768556,wf2022,L2
20220818,151,0.27590364193198064,0.001814000581991512,0.013071895424836555,wf2022,L2
20220819,152,0.03817560872248197,0.0007911424930237493,0.008714596949891074,wf2022,L2
20220822,153,0.011881967470185698,-0.0023440961419804182,0.008714596949891074,wf2022,L2
20220823,154,0.24367888376644453,0.0014768439959260693,0.01521739130434785,wf2022,L2
20220824,155,0.09444380664991003,0.0023748993791544246,0.017278617710583144,wf2022,L2
20220825,156,0.07515290815228977,0.0018512084205320489,0.006507592190889366,wf2022,L2
20220826,157,0.09212024658821255,-0.0023969613667604497,0.008676789587852451,wf2022,L2
20220829,158,0.21168577282382384,0.0034571036509388497,0.012987012987012991,wf2022,L2
20220830,159,-0.0014965310484326795,0.004530575961642944,0.017278617710583144,wf2022,L2
20220831,160,0.06910043327536725,-0.0006949473746249686,0.010799136069114423,wf2022,L2
20220901,161,0.1297427778410898,0.0006004340128185088,0.010799136069114423,wf2022,L2
20220902,162,0.041965743974760585,-0.002089152464306675,0.017278617710583144,wf2022,L2
20220905,163,0.05048131872248508,-0.0027734502632683865,0.004357298474945481,wf2022,L2
20220906,164,-0.03944343472871019,-0.0031904622585434885,0.008695652173912993,wf2022,L2
20220907,165,0.1874294989132625,-0.0009241114996114339,0.0,wf2022,L2
20220908,166,0.11460202573789807,0.003166795040233394,0.002178649237472796,wf2022,L2
20220909,167,0.07008674663828966,-0.0014941592021217433,0.006507592190889366,wf2022,L2
20220913,168,0.13925809838866657,0.00036937289262129955,0.0021739130434782483,wf2022,L2
20220914,169,0.08037802938359156,0.0029856306205674962,0.004338394793926281,wf2022,L2
20220915,170,0.10963115830266215,0.00311998096597833,0.0,wf2022,L2
20220916,171,0.14249450708349115,-0.0006618543761924157,0.01931330472102999,wf2022,L2
20220919,172,0.18057203563715857,-0.0028290629582424665,0.0021645021645021467,wf2022,L2
20220920,173,0.06567473166649321,0.0016667139722789746,0.006507592190889366,wf2022,L2
20220921,174,0.10403568784143354,0.0005356950039149284,0.012987012987012991,wf2022,L2
20220922,175,0.02988137526257886,0.001537588988647514,0.00649350649350644,wf2022,L2
20220923,176,0.049304572760945305,-0.001954600797772831,0.0021645021645021467,wf2022,L2
20220926,177,0.16128327517839341,0.0020350672084981127,0.0043290043290042934,wf2022,L2
20220927,178,0.12421077978621797,0.0029620743625848114,0.006521739130434745,wf2022,L2
20220928,179,0.05808126137981301,0.0036045393522279776,0.008676789587852451,wf2022,L2
20220929,180,0.09015205415032504,0.002656092891309367,0.006479481641468721,wf2022,L2
20220930,181,-0.07297805359810922,-0.001294852782263635,0.012931034482758674,wf2022,L2
20221010,182,0.14876878358255266,-0.001204381130165401,0.00649350649350644,wf2022,L2
20221011,183,0.3062069812135033,0.0006365021694701087,0.008658008658008698,wf2022,L2
20221012,184,0.13766679184400107,0.0027841882186814947,0.006535947712418277,wf2022,L2
20221013,185,0.11579250513521805,0.0030699712029129134,0.02807775377969768,wf2022,L2
20221014,186,0.14976129505865665,0.0013506503478022767,0.02813852813852813,wf2022,L2
20221017,187,0.020674239404797602,-0.0023171729724538745,0.03879310344827591,wf2022,L2
20221018,188,0.08995817621728627,-0.00045712990101896486,0.01089324618736387,wf2022,L2
20221019,189,0.1451576171185759,0.0019207006307566717,0.008695652173912993,wf2022,L2
20221020,190,0.12316741967504892,-0.000810225110413272,0.006507592190889366,wf2022,L2
20221021,191,0.07416862486502417,0.0006810395006419372,0.0021739130434782483,wf2022,L2
20221024,192,0.029341325685261887,-0.003185117919120756,0.01295896328293733,wf2022,L2
20221025,193,0.22599028348371666,0.0036475077067280696,0.004338394793926281,wf2022,L2
20221026,194,0.18673020195717469,0.0034521072798005844,0.015184381778741818,wf2022,L2
20221027,195,0.039538938984162914,0.0008370451624945541,0.01948051948051943,wf2022,L2
20221028,196,0.18985147656214427,0.0023820621693449832,0.015086206896551713,wf2022,L2
20221031,197,0.06977788505106364,0.0014086346873968744,0.023655913978494647,wf2022,L2
20221101,198,0.09322620648641101,0.0018086174814793167,0.0065502183406113135,wf2022,L2
20221102,199,0.08056444080605095,-0.0008893973794126156,0.03448275862068961,wf2022,L2
20221103,200,0.1301082790360125,0.0017603537683925086,0.017316017316017285,wf2022,L2
20221104,201,0.1501672603480387,0.00014404900832134995,0.015151515151515138,wf2022,L2
20221107,202,0.1066011405777503,0.0009233394871838033,0.02164502164502169,wf2022,L2
20221108,203,0.05177191066115064,-0.0018392560886857623,0.013015184381778733,wf2022,L2
20221109,204,0.19352669418577337,0.0009648922219353132,0.0,wf2022,L2
20221110,205,0.13073516378520011,0.0024497239589282814,0.010845986984815648,wf2022,L2
20221111,206,0.1676476361976719,0.0036739639078013876,0.013015184381778733,wf2022,L2
20221114,207,0.10351922951317861,0.0018885499017620502,0.015184381778741818,wf2022,L2
20221115,208,0.1234827083342291,0.0008853519077345405,0.021691973969631184,wf2022,L2
20221116,209,0.12817932179284858,-4.1509055636552994e-05,0.02164502164502169,wf2022,L2
20221117,210,0.10903797234782601,0.0019019878007356912,0.013015184381778733,wf2022,L2
20221118,211,-0.06985413106198173,-0.001343923204632425,0.017316017316017285,wf2022,L2
20221121,212,0.275827088928292,0.0009052737669862886,0.004347826086956497,wf2022,L2
20221122,213,-0.009955624630292858,0.00033175422825060946,0.006507592190889366,wf2022,L2
20221123,214,0.06635443540002783,-0.0011075658765084726,0.008658008658008698,wf2022,L2
20221124,215,0.22794771221048268,0.0013524407120790432,0.0021739130434782483,wf2022,L2
20221125,216,-0.026168669193736928,-0.0012942439767534264,0.010822510822510845,wf2022,L2
20221128,217,0.10809738628262328,-0.00039536902010985087,0.0021739130434782483,wf2022,L2
20221129,218,0.017812159060235817,-0.00011363345670579268,0.013071895424836555,wf2022,L2
20221130,219,0.022363308695168855,0.0015267599917760527,0.026030368763557465,wf2022,L2
20221201,220,0.006389952088218923,-0.0003311694133368605,0.010869565217391353,wf2022,L2
20221202,221,0.12213589703852301,0.0009201662804968341,0.010869565217391353,wf2022,L2
20221205,222,0.08421097041385835,0.0010854276507870739,0.01948051948051943,wf2022,L2
20221206,223,0.05364820936114353,-0.00014149577572756785,0.002178649237472796,wf2022,L2
20221207,224,0.08720597642287223,-0.0005631170971696648,0.008676789587852451,wf2022,L2
20221208,225,0.0675130540706956,0.0012391838148003965,0.004347826086956497,wf2022,L2
20221209,226,0.05633479873567612,0.0020421855074495105,0.006507592190889366,wf2022,L2
20221212,227,0.24784922355825606,0.00011705676815222123,0.008658008658008698,wf2022,L2
20221213,228,0.10391317079260111,0.0022032021362320387,0.017278617710583144,wf2022,L2
20221214,229,0.07174522692263585,7.279552308648261e-05,0.010845986984815648,wf2022,L2
20221215,230,0.15997939051266977,0.0026630802523965663,0.017241379310344862,wf2022,L2
20221216,231,0.09470426525329688,0.0004160327157917837,0.0043290043290042934,wf2022,L2
20221219,232,0.0629158453564186,0.00039297604666263877,0.0021645021645021467,wf2022,L2
20221220,233,0.23153160572420106,0.0013491487765670222,0.0021645021645021467,wf2022,L2
20221221,234,0.042690867591241265,0.0007361883647206361,0.008639308855291628,wf2022,L2
20221222,235,0.12087045119914115,0.0012136705285849803,0.0,wf2022,L2
20221223,236,0.12784461793232185,-0.0009762837166540257,0.015086206896551713,wf2022,L2
20221226,237,0.05439444753155177,0.0015806177479727726,0.004347826086956497,wf2022,L2
20221227,238,0.12395200568039462,0.0008730555880118191,0.02155172413793105,wf2022,L2
20221228,239,0.11975971650078378,0.0026242166199367464,0.00649350649350644,wf2022,L2
20221229,240,0.0217682524125418,-0.0018647499133679158,0.002169197396963085,wf2022,L2
20221230,241,0.09804998006109303,-0.0005948029685778448,0.0,wf2022,L2
20220810,145,0.19573187486894578,0.002588566713127809,0.013071895424836555,wf2022,L2R
20220811,146,0.19175173111181668,0.0031141611417248964,0.01089324618736387,wf2022,L2R
20220812,147,-0.08618527618451448,-0.006270164773294273,0.006535947712418277,wf2022,L2R
20220815,148,-0.08016343358869762,-0.003795799415637532,0.008714596949891074,wf2022,L2R
20220816,149,0.15175962589363623,0.0003433403154116878,0.019565217391304346,wf2022,L2R
20220817,150,-0.04034712104753213,-0.003406831656169079,0.002192982456140302,wf2022,L2R
20220818,151,0.3074095242514315,0.006582200550856676,0.004376367614879695,wf2022,L2R
20220819,152,0.031088351030374484,-0.0012525667222180329,0.008714596949891074,wf2022,L2R
20220822,153,0.013753867809265219,-0.002691194425837852,0.004366812227074246,wf2022,L2R
20220823,154,0.30823283678910535,0.008000569270090945,0.01521739130434785,wf2022,L2R
20220824,155,0.1261007916515591,0.006194939757182981,0.017278617710583144,wf2022,L2R
20220825,156,0.09669723684533525,0.0021808136693588407,0.006507592190889366,wf2022,L2R
20220826,157,0.09919289655055065,-0.0017084407923330241,0.012987012987012991,wf2022,L2R
20220829,158,0.26223897496376164,0.005573760354824282,0.004347826086956497,wf2022,L2R
20220830,159,0.05872965946217718,0.008185168907198594,0.017278617710583144,wf2022,L2R
20220831,160,0.07012466672433934,0.000978226753350238,0.00649350649350644,wf2022,L2R
20220901,161,0.11996810787114433,-0.0026653262350377852,0.002169197396963085,wf2022,L2R
20220902,162,0.10318705626278656,0.0028113762932690184,0.004347826086956497,wf2022,L2R
20220905,163,0.018562969709777933,-0.0051249669195324934,0.0,wf2022,L2R
20220906,164,-0.0871917301930064,-0.0034833912795015115,0.004357298474945481,wf2022,L2R
20220907,165,0.25084858693369605,0.004198335789994467,0.008695652173912993,wf2022,L2R
20220908,166,0.1210336451813082,0.0030932888941951424,0.002178649237472796,wf2022,L2R
20220909,167,0.057886389511178346,-0.0019821524292581248,0.010822510822510845,wf2022,L2R
20220913,168,0.13649848610380816,0.0013828242653121658,0.0021739130434782483,wf2022,L2R
20220914,169,0.10441846102270401,0.008900840321263445,0.008658008658008698,wf2022,L2R
20220915,170,0.08661028598093833,-0.001612256604340171,0.0043290043290042934,wf2022,L2R
20220916,171,0.18171456289515872,0.0009059041585374999,0.010775862068965525,wf2022,L2R
20220919,172,0.11393818107784123,-0.008525803289909971,0.0021645021645021467,wf2022,L2R
20220920,173,0.14480282788486612,0.00357311092973111,0.006507592190889366,wf2022,L2R
20220921,174,0.04904928639794649,0.00027078534874731656,0.012987012987012991,wf2022,L2R
20220922,175,0.11312213256052711,0.006181447216582755,0.015086206896551713,wf2022,L2R
20220923,176,-0.002334376016511913,-0.004977206823311899,0.006479481641468721,wf2022,L2R
20220926,177,0.1284741852563449,-0.002152318201702117,0.0043290043290042934,wf2022,L2R
20220927,178,0.19178212187909838,0.006412970862837018,0.006521739130434745,wf2022,L2R
20220928,179,0.022646408133479345,-0.0003982701890851417,0.008676789587852451,wf2022,L2R
20220929,180,0.1406918703926754,0.006508744484155915,0.0021645021645021467,wf2022,L2R
20220930,181,-0.012469317288812088,0.004955642890091656,0.0043290043290042934,wf2022,L2R
20221010,182,0.17047703827020674,-0.0019399826395719482,0.002169197396963085,wf2022,L2R
20221011,183,0.2636461918203564,-0.0018783491553444713,0.004338394793926281,wf2022,L2R
20221012,184,0.09591291219218254,-0.0023987352009873612,0.006535947712418277,wf2022,L2R
20221013,185,0.049130893884660055,-0.004049620918249161,0.01089324618736387,wf2022,L2R
20221014,186,0.12657637010477793,-0.0011458227178805114,0.006564551422319487,wf2022,L2R
20221017,187,0.031482824311144963,-0.002686962264055021,0.013100436681222738,wf2022,L2R
20221018,188,0.10771302091412642,0.00029436001670534763,0.002188183807439792,wf2022,L2R
20221019,189,0.18714015870916384,0.0021572811342115824,0.004357298474945481,wf2022,L2R
20221020,190,0.13899111972111278,0.0008631278601896322,0.0021739130434782483,wf2022,L2R
20221021,191,0.06250243784613611,-0.0006866185981370641,0.0021739130434782483,wf2022,L2R
20221024,192,0.036697495223704794,-0.0005748607816201683,0.004338394793926281,wf2022,L2R
20221025,193,0.16925919259562394,-0.0026134641399254734,0.004338394793926281,wf2022,L2R
20221026,194,0.20642749185258738,0.004600113257006336,0.006535947712418277,wf2022,L2R
20221027,195,0.0652014676145523,0.00506506165557092,0.015184381778741818,wf2022,L2R
20221028,196,0.15653200567189207,-0.002568590106451424,0.00649350649350644,wf2022,L2R
20221031,197,0.058212284910013415,-0.0030671292558215844,0.010822510822510845,wf2022,L2R
20221101,198,0.031026482965420397,-0.004543189099075697,0.01089324618736387,wf2022,L2R
20221102,199,0.059623310115334636,-0.0031983201707481744,0.004376367614879695,wf2022,L2R
20221103,200,0.09412839936033585,-0.002903647002646616,0.013015184381778733,wf2022,L2R
20221104,201,0.16442525484477494,-0.0007241685218101201,0.006521739130434745,wf2022,L2R
20221107,202,0.1515652388736251,0.0012659612228210705,0.004366812227074246,wf2022,L2R
20221108,203,0.05575996798964036,-0.0018944966888604056,0.008695652173912993,wf2022,L2R
20221109,204,0.23069519065501684,0.0038575932715525503,0.004347826086956497,wf2022,L2R
20221110,205,0.18882039848666954,0.005328079954508084,0.002178649237472796,wf2022,L2R
20221111,206,0.19409674765283091,0.003782931161994728,0.017316017316017285,wf2022,L2R
20221114,207,0.05542524139800529,-0.003680868180544618,0.006535947712418277,wf2022,L2R
20221115,208,0.16596838691444402,0.0012839335153199583,0.004376367614879695,wf2022,L2R
20221116,209,0.16513798769931026,0.0013716263397234047,0.02164502164502169,wf2022,L2R
20221117,210,0.13368893253065764,0.0013842471314191576,0.004357298474945481,wf2022,L2R
20221118,211,-0.08286416660873105,-0.004671937758247938,0.008695652173912993,wf2022,L2R
20221121,212,0.3630789518782304,0.01094684826524073,0.004347826086956497,wf2022,L2R
20221122,213,0.011460098345459762,0.0015108351783406646,0.006507592190889366,wf2022,L2R
20221123,214,0.05461227104939942,-0.002564336145518901,0.0,wf2022,L2R
20221124,215,0.3089606672731412,0.009315427057321208,0.0021739130434782483,wf2022,L2R
20221125,216,-0.03474204506221255,-0.0013347864268955082,0.006507592190889366,wf2022,L2R
20221128,217,0.14894485033751997,0.0007456769436295953,0.015118790496760237,wf2022,L2R
20221129,218,0.026744772786200768,-0.0015099330100067725,0.013071895424836555,wf2022,L2R
20221130,219,-0.004357089826830261,-0.0036309503780855906,0.013100436681222738,wf2022,L2R
20221201,220,0.0007837078962197429,-0.0025697894080917317,0.006535947712418277,wf2022,L2R
20221202,221,0.20809258997638871,0.007651266559739814,0.0021834061135370675,wf2022,L2R
20221205,222,0.07475208762533143,-0.00045893224105576433,0.01948051948051943,wf2022,L2R
20221206,223,0.05680912226317268,-0.0022553201691766383,0.002178649237472796,wf2022,L2R
20221207,224,0.1060584525474597,0.0017094402533460449,0.0,wf2022,L2R
20221208,225,0.08346718803042381,0.0005666124707981357,0.008676789587852451,wf2022,L2R
20221209,226,0.010083181206580038,-0.0029761987725520963,0.006507592190889366,wf2022,L2R
20221212,227,0.26817938578857103,0.0041944688149293825,0.01295896328293733,wf2022,L2R
20221213,228,0.08894755371064589,0.001168723176962636,0.004347826086956497,wf2022,L2R
20221214,229,0.06123523086164308,-0.003200083658800535,0.002178649237472796,wf2022,L2R
20221215,230,0.21130268459721033,0.006057532181520445,0.017241379310344862,wf2022,L2R
20221216,231,0.08969111406236924,-0.0003401282399804681,0.0043290043290042934,wf2022,L2R
20221219,232,0.09236889383961566,0.0010157191687232745,0.006479481641468721,wf2022,L2R
20221220,233,0.2626024693798511,0.0034253365699269934,0.0021645021645021467,wf2022,L2R
20221221,234,0.08179033663415024,0.0023703120404584156,0.0,wf2022,L2R
20221222,235,0.1412502267181886,0.002518044094011962,0.0043290043290042934,wf2022,L2R
20221223,236,0.09417924680006212,-0.008902445276548614,0.002169197396963085,wf2022,L2R
20221226,237,0.09505269699773755,0.002302844590282233,0.004347826086956497,wf2022,L2R
20221227,238,0.14967936706267632,0.003645075543863256,0.008676789587852451,wf2022,L2R
20221228,239,0.1255241285497183,0.0004897374358699396,0.002169197396963085,wf2022,L2R
20221229,240,0.06848342004972985,0.000928093686201263,0.002169197396963085,wf2022,L2R
20221230,241,0.0433174306996601,-0.005789294424011441,0.0,wf2022,L2R
20220810,145,0.13748758754725726,0.0024971309316724945,0.017391304347826098,wf2022,L2W
20220811,146,0.10023938135292255,-0.00176042101583305,0.023809523809523836,wf2022,L2W
20220812,147,-0.030683146423029092,0.000622887401797602,0.010869565217391353,wf2022,L2W
20220815,148,-0.055216773563329845,-0.002697273600023119,0.02591792656587477,wf2022,L2W
20220816,149,0.09355467293836113,0.0008231452119033746,0.015250544662309351,wf2022,L2W
20220817,150,0.0006386416219259365,0.00035948004038876126,0.019565217391304346,wf2022,L2W
20220818,151,0.23396760063184716,-0.0011963138198511272,0.021691973969631184,wf2022,L2W
20220819,152,0.025687002591675077,0.0009424548996514849,0.008714596949891074,wf2022,L2W
20220822,153,0.03270933106788297,-0.0009238614525802716,0.013043478260869601,wf2022,L2W
20220823,154,0.18344844872441862,-0.00027078357766935693,0.01521739130434785,wf2022,L2W
20220824,155,0.03945176043491334,-0.0016855784974950157,0.02155172413793105,wf2022,L2W
20220825,156,0.04138485519578714,-0.00030533407393681586,0.006507592190889366,wf2022,L2W
20220826,157,0.10897736912136244,0.00046621166538967414,0.017278617710583144,wf2022,L2W
20220829,158,0.15945723939476525,0.0008651610003509995,0.008676789587852451,wf2022,L2W
20220830,159,-0.07752952792818589,-0.002016056335384382,0.008676789587852451,wf2022,L2W
20220831,160,0.05975247333679682,-0.0009483669018663559,0.010799136069114423,wf2022,L2W
20220901,161,0.14572460806634266,0.0014332783982571456,0.002169197396963085,wf2022,L2W
20220902,162,0.024955685057035916,-0.0012529264828192595,0.017278617710583144,wf2022,L2W
20220905,163,0.07955679215183166,-0.0011465821214367827,0.004357298474945481,wf2022,L2W
20220906,164,-0.00346059758630653,0.0016209548294816565,0.017316017316017285,wf2022,L2W
20220907,165,0.14565851121390133,-0.0016155697730577453,0.004357298474945481,wf2022,L2W
20220908,166,0.05069637519974869,3.546798719335562e-05,0.010845986984815648,wf2022,L2W
20220909,167,0.07229702951129968,0.0004565035456983793,0.010822510822510845,wf2022,L2W
20220913,168,0.12340032761709976,0.0008630436984242689,0.015118790496760237,wf2022,L2W
20220914,169,-0.00936806402933678,-0.002955855240257231,0.01295896328293733,wf2022,L2W
20220915,170,0.12328231531983519,0.003785516104530706,0.0,wf2022,L2W
20220916,171,0.13197152754535071,-0.0014028693579090906,0.010775862068965525,wf2022,L2W
20220919,172,0.23458311209744825,0.0025393732256933504,0.006479481641468721,wf2022,L2W
20220920,173,0.002946675955871898,-0.0016629030853899428,0.0193965517241379,wf2022,L2W
20220921,174,0.11979990294704851,0.0021363293463148286,0.012987012987012991,wf2022,L2W
20220922,175,-0.026205078595396267,-0.002303037266579152,0.002169197396963085,wf2022,L2W
20220923,176,0.07548941478105287,0.004390369160785352,0.0021645021645021467,wf2022,L2W
20220926,177,0.1654059660375108,0.003608168919161367,0.012931034482758674,wf2022,L2W
20220927,178,0.052134682815533295,-0.001456794206899821,0.006521739130434745,wf2022,L2W
20220928,179,0.0835650796322591,0.005539381264364709,0.008676789587852451,wf2022,L2W
20220929,180,0.015335422540716787,-0.002094061034715695,0.006479481641468721,wf2022,L2W
20220930,181,-0.09924701915017957,-0.002589129100730808,0.0043290043290042934,wf2022,L2W
20221010,182,0.15710337392600537,0.00028791607915402626,0.00649350649350644,wf2022,L2W
20221011,183,0.33889540911015026,0.003658202262403192,0.004338394793926281,wf2022,L2W
20221012,184,0.13479420425050723,0.0027684562521358286,0.015184381778741818,wf2022,L2W
20221013,185,0.16920171892474717,0.005054894642815531,0.0195227765726681,wf2022,L2W
20221014,186,0.14798305401532505,0.001197912963184257,0.03663793103448276,wf2022,L2W
20221017,187,0.05346912061144731,0.0012022581292785522,0.026030368763557465,wf2022,L2W
20221018,188,0.08068761050642882,0.0010387778249932172,0.02807775377969768,wf2022,L2W
20221019,189,0.112386613090737,0.0016555988815209399,0.008695652173912993,wf2022,L2W
20221020,190,0.1302630661051593,-8.539150304717795e-05,0.015118790496760237,wf2022,L2W
20221021,191,0.09646246124351615,0.002692482149946763,0.0021739130434782483,wf2022,L2W
20221024,192,0.026184193868188675,-0.0007117178652314717,0.017241379310344862,wf2022,L2W
20221025,193,0.27216630054412144,0.0056716897728473666,0.017241379310344862,wf2022,L2W
20221026,194,0.1608002994149915,0.00025722391807883995,0.028017241379310387,wf2022,L2W
20221027,195,0.00933410450337967,0.0016277733050163931,0.010869565217391353,wf2022,L2W
20221028,196,0.19413086179476136,0.002289431136954404,0.015086206896551713,wf2022,L2W
20221031,197,0.0870269721291305,0.0032489060592458263,0.015118790496760237,wf2022,L2W
20221101,198,0.114763316353161,0.004512618049614588,0.0195227765726681,wf2022,L2W
20221102,199,0.1202680940163144,0.0021606016528629823,0.021691973969631184,wf2022,L2W
20221103,200,0.15684899004045316,0.002961087650537545,0.017316017316017285,wf2022,L2W
20221104,201,0.1294434431382105,-0.0025233595753634567,0.010845986984815648,wf2022,L2W
20221107,202,0.1010574881103359,0.0002906699810597223,0.013043478260869601,wf2022,L2W
20221108,203,0.0406282035799446,0.00046041258123604854,0.004357298474945481,wf2022,L2W
20221109,204,0.14092225626964003,-0.003233578693159597,0.008676789587852451,wf2022,L2W
20221110,205,0.06985409132915758,-0.001232683738652894,0.010845986984815648,wf2022,L2W
20221111,206,0.11616125596306821,-0.001119720475681146,0.008695652173912993,wf2022,L2W
20221114,207,0.12595218949924428,0.004389838866929986,0.01948051948051943,wf2022,L2W
20221115,208,0.08897175637696636,-0.0008078535095836265,0.017391304347826098,wf2022,L2W
20221116,209,0.1123460063779857,-0.0005438345997081915,0.008714596949891074,wf2022,L2W
20221117,210,0.10705450441858065,0.0019140807113643236,0.008695652173912993,wf2022,L2W
20221118,211,-0.040863164296749535,0.0021245359605879103,0.017316017316017285,wf2022,L2W
20221121,212,0.2001318402922612,-0.003240290133732225,0.012987012987012991,wf2022,L2W
20221122,213,-0.0465452623770563,-0.00011920177592403096,0.010822510822510845,wf2022,L2W
20221123,214,0.08100827351065128,0.0004726936014450506,0.0,wf2022,L2W
20221124,215,0.14535245144446055,-0.004335989256668215,0.0021739130434782483,wf2022,L2W
20221125,216,-0.020435468429563383,-0.001521802061337662,0.0021739130434782483,wf2022,L2W
20221128,217,0.07608667151884599,-0.002047860639241332,0.015118790496760237,wf2022,L2W
20221129,218,-0.01998800409220697,-0.0006152800352664022,0.013071895424836555,wf2022,L2W
20221130,219,0.032861959244908104,0.003669229943534023,0.021739130434782594,wf2022,L2W
20221201,220,0.002351900866221528,0.0008365290389889986,0.023758099352051865,wf2022,L2W
20221202,221,0.04096276605121363,-0.0047265099420182805,0.015184381778741818,wf2022,L2W
20221205,222,0.06299062818705867,-0.0002507389215854203,0.015184381778741818,wf2022,L2W
20221206,223,0.05977177789664775,0.0009793075808803829,0.015151515151515138,wf2022,L2W
20221207,224,0.07070457284547149,-8.549567056807816e-06,0.012987012987012991,wf2022,L2W
20221208,225,0.06446540590398653,0.001560684397703694,0.012987012987012991,wf2022,L2W
20221209,226,0.06757006032588511,0.002197722988904397,0.010822510822510845,wf2022,L2W
20221212,227,0.1966475953583514,-0.00359640318639062,0.01295896328293733,wf2022,L2W
20221213,228,0.08278905119217438,0.0007575439479617328,0.012987012987012991,wf2022,L2W
20221214,229,0.09653556120391452,0.0028138651063183786,0.015151515151515138,wf2022,L2W
20221215,230,0.10360837382974926,-0.003349850725243594,0.017241379310344862,wf2022,L2W
20221216,231,0.09355808980448263,0.00021650875949958542,0.0,wf2022,L2W
20221219,232,0.0457424530407264,0.0005425694509230716,0.006479481641468721,wf2022,L2W
20221220,233,0.19045813456256558,-0.0023881034908989377,0.0021645021645021467,wf2022,L2W
20221221,234,0.0058321689963125485,-0.0013406482129631001,0.008639308855291628,wf2022,L2W
20221222,235,0.11052366653387569,-8.737692841054084e-05,0.0043290043290042934,wf2022,L2W
20221223,236,0.1655153170152086,0.006797041979860257,0.002169197396963085,wf2022,L2W
20221226,237,0.03474260530443335,-6.854444152788568e-05,0.02155172413793105,wf2022,L2W
20221227,238,0.08527546736375913,-0.0005509453156991254,0.008676789587852451,wf2022,L2W
20221228,239,0.0921956160525704,0.0012738048889967728,0.002169197396963085,wf2022,L2W
20221229,240,0.01009766760323616,-0.00243736097793496,0.00649350649350644,wf2022,L2W
20221230,241,0.1535321685084525,0.005091441257562546,0.0,wf2022,L2W
20220810,145,0.11029657831404313,-0.0006407111418382933,0.030237580993520474,wf2022,LR
20220811,146,0.09121269757221774,-0.0016775584520026037,0.0195227765726681,wf2022,LR
20220812,147,-0.004767026898468856,0.002947956693488623,0.015184381778741818,wf2022,LR
20220815,148,-0.05444132610123198,-0.0005880233375262986,0.05531914893617018,wf2022,LR
20220816,149,0.08628281550171035,-0.00022483423292427637,0.02386117136659438,wf2022,LR
20220817,150,0.019383515082167097,0.000630093436159096,0.015250544662309351,wf2022,LR
20220818,151,0.21883443179685172,-0.0017322880035699397,0.017391304347826098,wf2022,LR
20220819,152,0.03811240666949428,0.003429434470134953,0.008714596949891074,wf2022,LR
20220822,153,0.037507282863657794,-0.0005001191492491415,0.02591792656587477,wf2022,LR
20220823,154,0.18399139813941076,-0.002057435263464979,0.01089324618736387,wf2022,LR
20220824,155,0.0317145230588899,0.0003742624064823727,0.012987012987012991,wf2022,LR
20220825,156,0.03580914287483477,-0.0004595341150486444,0.006507592190889366,wf2022,LR
20220826,157,0.09955880357664161,0.0016707798195686819,0.004347826086956497,wf2022,LR
20220829,158,0.1356895874818683,0.0004230989646652468,0.008676789587852451,wf2022,LR
20220830,159,-0.08828615910777801,-0.0026765090798676547,0.017278617710583144,wf2022,LR
20220831,160,0.0552509111054638,-0.0005177334118831632,0.010799136069114423,wf2022,LR
20220901,161,0.14763853515278438,0.0016425563058990976,0.002169197396963085,wf2022,LR
20220902,162,0.0354357925119798,0.0008689055500985332,0.017278617710583144,wf2022,LR
20220905,163,0.09823785496306225,0.0017809286343592069,0.025862068965517238,wf2022,LR
20220906,164,-0.006987847532248765,0.0026124045642352445,0.03433476394849788,wf2022,LR
20220907,165,0.13545306169500967,-0.002568755634839959,0.017316017316017285,wf2022,LR
20220908,166,0.048453057823711766,0.0013045353684742276,0.010845986984815648,wf2022,LR
20220909,167,0.04310362567619301,-0.0006327859947980721,0.027896995708154515,wf2022,LR
20220913,168,0.10716629840166941,-0.0005227978785081432,0.015118790496760237,wf2022,LR
20220914,169,-0.03347961081185088,-0.003124934112433801,0.017241379310344862,wf2022,LR
20220915,170,0.14244787892168795,0.0039050132814230816,0.0043290043290042934,wf2022,LR
20220916,171,0.15396735248838683,0.0020228809782730558,0.010775862068965525,wf2022,LR
20220919,172,0.2218593142647667,0.0007182248932993823,0.006479481641468721,wf2022,LR
20220920,173,-0.00012182329379823263,-0.0011706308189353603,0.010822510822510845,wf2022,LR
20220921,174,0.10917394886237014,0.002945901221686551,0.02155172413793105,wf2022,LR
20220922,175,-0.03948904334613896,-0.0019756320997372477,0.00649350649350644,wf2022,LR
20220923,176,0.07994078256203647,0.007038225935987054,0.0021645021645021467,wf2022,LR
20220926,177,0.15406413828512064,0.00264324080661945,0.008639308855291628,wf2022,LR
20220927,178,0.04587870028830697,-0.001917837052648235,0.006521739130434745,wf2022,LR
20220928,179,0.10205778987691565,0.006017107864408022,0.008676789587852451,wf2022,LR
20220929,180,-0.0015742389356189527,-0.0014537086787337634,0.006479481641468721,wf2022,LR
20220930,181,-0.08787966121264729,-0.0013758535169313933,0.0043290043290042934,wf2022,LR
20221010,182,0.16496337339442768,0.0003265292742247461,0.010799136069114423,wf2022,LR
20221011,183,0.3226704934036276,0.0016471308837721736,0.008658008658008698,wf2022,LR
20221012,184,0.14032586617817613,0.0018123334129510858,0.010869565217391353,wf2022,LR
20221013,185,0.15572248032988176,0.0024275715061685653,0.023809523809523836,wf2022,LR
20221014,186,0.11901412085021432,-0.0006981290081623879,0.02813852813852813,wf2022,LR
20221017,187,0.08832946285752985,0.0026864438025227147,0.030303030303030276,wf2022,LR
20221018,188,0.0804057842269088,0.0004949040671889593,0.0195227765726681,wf2022,LR
20221019,189,0.10303505044424785,-0.001496912786913161,0.017316017316017285,wf2022,LR
20221020,190,0.13576422047450776,0.0005939599514308812,0.0021739130434782483,wf2022,LR
20221021,191,0.09135738095051996,0.0017362787695045945,0.0021739130434782483,wf2022,LR
20221024,192,0.015564324622473511,-0.000961379733435463,0.008658008658008698,wf2022,LR
20221025,193,0.2589308320449032,0.00360189557485633,0.008658008658008698,wf2022,LR
20221026,194,0.14907907245702678,-0.0005502272245885003,0.032258064516129004,wf2022,LR
20221027,195,0.014404860214215843,0.0022509856260735997,0.010869565217391353,wf2022,LR
20221028,196,0.1728059613761001,-0.001013650585423121,0.023605150214592308,wf2022,LR
20221031,197,0.10382642018273144,0.002631634246081059,0.027896995708154515,wf2022,LR
20221101,198,0.1077777327044156,0.003808573413937444,0.0195227765726681,wf2022,LR
20221102,199,0.12279769992120343,0.0026668711401241175,0.021691973969631184,wf2022,LR
20221103,200,0.1683662899069262,0.004711724706994023,0.021598272138228958,wf2022,LR
20221104,201,0.10956610767743112,-0.002565364041721846,0.03218884120171672,wf2022,LR
20221107,202,0.08721975086449535,-0.0006922724063762302,0.008714596949891074,wf2022,LR
20221108,203,0.033825304014081355,-0.000847526392296352,0.008695652173912993,wf2022,LR
20221109,204,0.13502747718343874,-0.004092878335860731,0.004347826086956497,wf2022,LR
20221110,205,0.08284232013483912,-0.0006606645704277173,0.006521739130434745,wf2022,LR
20221111,206,0.10667017750402318,-0.0029601865881623566,0.025862068965517238,wf2022,LR
20221114,207,0.1064149329505099,0.005046248338066162,0.015184381778741818,wf2022,LR
20221115,208,0.07825508079326389,-0.0015479664890353483,0.030237580993520474,wf2022,LR
20221116,209,0.09433534980537299,-0.0036124387547756833,0.013043478260869601,wf2022,LR
20221117,210,0.11419977059693551,0.002952513124490929,0.004357298474945481,wf2022,LR
20221118,211,-0.03875961375800606,0.0014782354338854567,0.025862068965517238,wf2022,LR
20221121,212,0.188617713125264,-0.0036779267888776574,0.012987012987012991,wf2022,LR
20221122,213,-0.0048276842671360985,0.0023771609582342802,0.0021739130434782483,wf2022,LR
20221123,214,0.09761254998759353,0.0007054913166025583,0.004338394793926281,wf2022,LR
20221124,215,0.1584254671093699,-0.004008028481116142,0.006507592190889366,wf2022,LR
20221125,216,-0.004859186905045885,-0.00047638726232587846,0.010822510822510845,wf2022,LR
20221128,217,0.05577605755291357,-0.004331610369656047,0.0021739130434782483,wf2022,LR
20221129,218,-0.011368598578002457,6.867620051741855e-05,0.013071895424836555,wf2022,LR
20221130,219,0.03649164893382015,0.0034065826232138868,0.021739130434782594,wf2022,LR
20221201,220,-0.0040343486164017535,-0.00014066948595845355,0.015184381778741818,wf2022,LR
20221202,221,0.03758375110998607,-0.00543343818422083,0.010869565217391353,wf2022,LR
20221205,222,0.08927938454622071,0.00234325301372323,0.015184381778741818,wf2022,LR
20221206,223,0.07227379733598709,0.001288448205158276,0.023706896551724088,wf2022,LR
20221207,224,0.08118439985633548,-4.346514212985814e-05,0.012987012987012991,wf2022,LR
20221208,225,0.07239140224063259,0.0016223882760962802,0.008676789587852451,wf2022,LR
20221209,226,0.05842216102596846,0.001271205371487367,0.006507592190889366,wf2022,LR
20221212,227,0.1764211181991978,-0.0049224466852577625,0.004338394793926281,wf2022,LR
20221213,228,0.08283446281578596,0.0007864278007761898,0.008676789587852451,wf2022,LR
20221214,229,0.0921515070559345,0.0028328618102855074,0.006521739130434745,wf2022,LR
20221215,230,0.12228512223418914,-0.004203576293356591,0.017241379310344862,wf2022,LR
20221216,231,0.1216404850638236,0.0020830116480915206,0.0,wf2022,LR
20221219,232,0.04475062193723298,0.000624464245243872,0.01505376344086018,wf2022,LR
20221220,233,0.21419698502316187,-0.0012493276328738355,0.0021645021645021467,wf2022,LR
20221221,234,-0.0052694673056650244,-0.002513620822254807,0.017204301075268824,wf2022,LR
20221222,235,0.0766288206948671,-0.0021053600303552206,0.008639308855291628,wf2022,LR
20221223,236,0.18653552592182554,0.00933530378107267,0.00649350649350644,wf2022,LR
20221226,237,0.052769846507632764,0.002135227491077079,0.03426124197002145,wf2022,LR
20221227,238,0.08792534478246647,0.0005225040781848718,0.017278617710583144,wf2022,LR
20221228,239,0.11723456891009058,0.003952335830581527,0.00649350649350644,wf2022,LR
20221229,240,0.002892416738721419,-0.0021939430681679585,0.010799136069114423,wf2022,LR
20221230,241,0.1314427218590633,0.005053974964070472,0.004338394793926281,wf2022,LR
20220810,145,0.11036687424777059,-0.0014536140447304058,0.021691973969631184,wf2022,LRTD
20220811,146,0.0928208023970084,-0.0014096775946415845,0.0195227765726681,wf2022,LRTD
20220812,147,-0.006757280891502182,0.001419747033687106,0.015184381778741818,wf2022,LRTD
20220815,148,-0.06252547957724602,-0.003423346350726628,0.03440860215053765,wf2022,LRTD
20220816,149,0.0952327791297277,0.0006477298713622177,0.01091703056768556,wf2022,LRTD
20220817,150,0.007937036582325542,-6.88461815721267e-05,0.019565217391304346,wf2022,LRTD
20220818,151,0.22597375250491247,3.503513338445029e-05,0.017391304347826098,wf2022,LRTD
20220819,152,0.04389286494398771,0.0033929386488159305,0.013043478260869601,wf2022,LRTD
20220822,153,0.0331686998682375,-0.0013719712258041883,0.02591792656587477,wf2022,LRTD
20220823,154,0.1834589341188269,-0.00038013856824560197,0.0195227765726681,wf2022,LRTD
20220824,155,0.045182394285054966,0.0015596869467346904,0.017278617710583144,wf2022,LRTD
20220825,156,0.04347157866405941,0.0008093598232217216,0.015118790496760237,wf2022,LRTD
20220826,157,0.09441976460980463,0.0009332363088579406,0.004347826086956497,wf2022,LRTD
20220829,158,0.12912556752156543,-0.0004941213239302886,0.008676789587852451,wf2022,LRTD
20220830,159,-0.0817356945300098,0.00019619541731797155,0.012987012987012991,wf2022,LRTD
20220831,160,0.05163462226195577,-0.00014787265065820208,0.010799136069114423,wf2022,LRTD
20220901,161,0.13629005686589699,-0.0005659365941973749,0.002169197396963085,wf2022,LRTD
20220902,162,0.021767469422270914,0.0005797769460987364,0.008676789587852451,wf2022,LRTD
20220905,163,0.10538021244549815,0.000967134173944428,0.017316017316017285,wf2022,LRTD
20220906,164,-0.01100597274372094,0.0014670781889997955,0.021598272138228958,wf2022,LRTD
20220907,165,0.14875882805674068,-4.0940858377374115e-05,0.021598272138228958,wf2022,LRTD
20220908,166,0.05144558279760679,0.001265958586883926,0.006521739130434745,wf2022,LRTD
20220909,167,0.05460227655648737,-0.001139118251644558,0.0193965517241379,wf2022,LRTD
20220913,168,0.11344268736514257,0.00012944496761218248,0.006507592190889366,wf2022,LRTD
20220914,169,-0.047349514200657854,-0.004005116500301931,0.01295896328293733,wf2022,LRTD
20220915,170,0.13876849821801862,0.004533425742665229,0.0043290043290042934,wf2022,LRTD
20220916,171,0.15252180271428123,0.0004594147398425171,0.010775862068965525,wf2022,LRTD
20220919,172,0.22323587916594423,0.0013349450323181973,0.0021645021645021467,wf2022,LRTD
20220920,173,-0.017066039519872345,-0.002949308607824761,0.015118790496760237,wf2022,LRTD
20220921,174,0.1061914968943357,0.002671344439802437,0.017278617710583144,wf2022,LRTD
20220922,175,-0.0478291940078829,-0.0020860822917280197,0.010799136069114423,wf2022,LRTD
20220923,176,0.0936767438211728,0.00690347692821223,0.0021645021645021467,wf2022,LRTD
20220926,177,0.15812729328411554,0.002680379227734255,0.02145922746781115,wf2022,LRTD
20220927,178,0.038948078558063384,-0.0008958492325391448,0.006521739130434745,wf2022,LRTD
20220928,179,0.09248701697630551,0.006000662921068571,0.008676789587852451,wf2022,LRTD
20220929,180,-0.0066790711034818775,-0.0018577875404073123,0.010775862068965525,wf2022,LRTD
20220930,181,-0.09410712029415078,-0.0015748453290143904,0.0043290043290042934,wf2022,LRTD
20221010,182,0.16157101746409155,0.0012653970638979257,0.015086206896551713,wf2022,LRTD
20221011,183,0.30228828244100575,0.0012791644315587741,0.01295896328293733,wf2022,LRTD
20221012,184,0.14162508102453522,0.0016892112771939947,0.010869565217391353,wf2022,LRTD
20221013,185,0.17180637732390017,0.0046023699024281065,0.0195227765726681,wf2022,LRTD
20221014,186,0.11102660577043111,-0.001824654054543847,0.03663793103448276,wf2022,LRTD
20221017,187,0.08564147470615076,0.0031730442837032418,0.017429193899782147,wf2022,LRTD
20221018,188,0.07563005157113452,5.416234145523557e-07,0.02807775377969768,wf2022,LRTD
20221019,189,0.1017354687426486,-0.0016866481013282806,0.017316017316017285,wf2022,LRTD
20221020,190,0.13462229772113085,-0.00026048974289816153,0.006507592190889366,wf2022,LRTD
20221021,191,0.09196284487699774,0.001983286750529398,0.0021739130434782483,wf2022,LRTD
20221024,192,0.03126442250645119,0.0003463644110294848,0.017241379310344862,wf2022,LRTD
20221025,193,0.2557061173812649,0.0045061997303707385,0.021505376344086002,wf2022,LRTD
20221026,194,0.144830913986385,-0.001729008087949366,0.04487179487179482,wf2022,LRTD
20221027,195,0.005223658694763454,0.0014910309092461618,0.010869565217391353,wf2022,LRTD
20221028,196,0.16099984693652206,-0.00026736613084931554,0.01935483870967747,wf2022,LRTD
20221031,197,0.1175116707687244,0.0031841840162876965,0.032119914346895095,wf2022,LRTD
20221101,198,0.11260665033002201,0.003476597946767362,0.023809523809523836,wf2022,LRTD
20221102,199,0.13496493380946253,0.0038730412279830576,0.017391304347826098,wf2022,LRTD
20221103,200,0.17646816176213714,0.003986063686594137,0.021598272138228958,wf2022,LRTD
20221104,201,0.12245565164241984,-0.003050221178512143,0.03218884120171672,wf2022,LRTD
20221107,202,0.08424627704943721,-0.000742855284570791,0.008714596949891074,wf2022,LRTD
20221108,203,0.02502060186601021,-0.0009873969511525812,0.008695652173912993,wf2022,LRTD
20221109,204,0.1284313440163104,-0.0033703865096033968,0.0,wf2022,LRTD
20221110,205,0.07797930577972986,-0.0009889449074140617,0.015151515151515138,wf2022,LRTD
20221111,206,0.09765236263650008,-0.0028915677479870346,0.03010752688172047,wf2022,LRTD
20221114,207,0.1080192014792954,0.002730622379382871,0.023758099352051865,wf2022,LRTD
20221115,208,0.09331924899874457,0.0005398805990652159,0.021691973969631184,wf2022,LRTD
20221116,209,0.09449737484128141,-0.004017195169531583,0.013043478260869601,wf2022,LRTD
20221117,210,0.09612126263504125,0.0019874347151231427,0.004357298474945481,wf2022,LRTD
20221118,211,-0.041832226620705584,0.001277630174727986,0.017316017316017285,wf2022,LRTD
20221121,212,0.19445227148008054,-0.0029532234132993353,0.008676789587852451,wf2022,LRTD
20221122,213,-0.008196144921553364,0.002324389375870532,0.010822510822510845,wf2022,LRTD
20221123,214,0.10082659378805335,0.0008466570249699521,0.004338394793926281,wf2022,LRTD
20221124,215,0.138550784215184,-0.004229741730199802,0.0021739130434782483,wf2022,LRTD
20221125,216,-0.03437233240552895,-0.0019262734746659997,0.010822510822510845,wf2022,LRTD
20221128,217,0.06565702373510096,-0.003807164731772998,0.006507592190889366,wf2022,LRTD
20221129,218,-0.01695344470586299,0.00010461564712239141,0.013071895424836555,wf2022,LRTD
20221130,219,0.056525157520245166,0.003534288803297087,0.021739130434782594,wf2022,LRTD
20221201,220,-0.0011622535740288798,-0.0010722370673189553,0.023758099352051865,wf2022,LRTD
20221202,221,0.03262001618630273,-0.0052472027049911265,0.006535947712418277,wf2022,LRTD
20221205,222,0.0820102640573601,0.0025259457864278967,0.015184381778741818,wf2022,LRTD
20221206,223,0.08775585725560336,0.0030949132140234326,0.01943844492440605,wf2022,LRTD
20221207,224,0.07732539825743444,-0.0001036360464818308,0.017278617710583144,wf2022,LRTD
20221208,225,0.06795211841670139,0.0011130605724507616,0.012987012987012991,wf2022,LRTD
20221209,226,0.05357956296399407,0.0010158292846838262,0.006507592190889366,wf2022,LRTD
20221212,227,0.1873827829631776,-0.0027636227406169366,0.01295896328293733,wf2022,LRTD
20221213,228,0.08520641820097277,0.0009625102245198248,0.008676789587852451,wf2022,LRTD
20221214,229,0.09174126270760824,0.0010354542461365386,0.006521739130434745,wf2022,LRTD
20221215,230,0.12165433076050257,-0.003239985656475739,0.008658008658008698,wf2022,LRTD
20221216,231,0.11242016573670997,0.0010946866554991802,0.0043290043290042934,wf2022,LRTD
20221219,232,0.04648449920282959,0.001221071613681058,0.006479481641468721,wf2022,LRTD
20221220,233,0.20787968318187278,-0.0008587585721215492,0.006479481641468721,wf2022,LRTD
20221221,234,-0.008811247609028832,-0.00154244783308247,0.012931034482758674,wf2022,LRTD
20221222,235,0.059807259522374805,-0.0028769616806624387,0.008639308855291628,wf2022,LRTD
20221223,236,0.19411631397664772,0.008013990509404366,0.002169197396963085,wf2022,LRTD
20221226,237,0.046484189263647974,0.002481713264678587,0.02580645161290318,wf2022,LRTD
20221227,238,0.08023451337172796,0.0005520342442822904,0.017278617710583144,wf2022,LRTD
20221228,239,0.10888902300750473,0.003115464481132752,0.010799136069114423,wf2022,LRTD
20221229,240,-0.005708123011272381,-0.0027699865669942782,0.015086206896551713,wf2022,LRTD
20221230,241,0.14187053881753792,0.004610947317440897,0.0,wf2022,LRTD
20230809,145,0.03264208132542558,-0.0014414566188195256,0.010775862068965525,wf2023,H01
20230810,146,0.10553842970427173,0.00033834260871361613,0.0021645021645021467,wf2023,H01
20230811,147,-0.0060669368775683645,0.001017107764542685,0.0021645021645021467,wf2023,H01
20230814,148,0.0977357053527573,-0.0021022478490082836,0.01505376344086018,wf2023,H01
20230815,149,0.0212866729844721,-0.001976400442718353,0.012931034482758674,wf2023,H01
20230816,150,0.09017490980270973,0.004189937442104601,0.008639308855291628,wf2023,H01
20230817,151,0.06421122135271876,-0.0025172301745698504,0.010799136069114423,wf2023,H01
20230818,152,-0.017504636902740973,0.0003161692699612511,0.00649350649350644,wf2023,H01
20230821,153,0.11501326769750729,0.0046156346437849025,0.017204301075268824,wf2023,H01
20230822,154,0.08270243418111947,-0.0014574336842110847,0.00649350649350644,wf2023,H01
20230823,155,0.10973562393362772,0.0025298753259889086,0.002169197396963085,wf2023,H01
20230824,156,0.06965657322007333,-0.0025544090714881944,0.0043290043290042934,wf2023,H01
20230825,157,-0.03079691827541173,-0.0023214444083905815,0.01505376344086018,wf2023,H01
20230828,158,-0.04658808700367758,0.008609153953081969,0.010775862068965525,wf2023,H01
20230829,159,0.3234320084269017,0.005863085525719063,0.03426124197002145,wf2023,H01
20230830,160,0.10194397103244493,0.0006387846531351639,0.010845986984815648,wf2023,H01
20230831,161,-0.011228886848079761,-0.0015789620553033252,0.002169197396963085,wf2023,H01
20230901,162,0.002397801775982928,-0.00032338740308730275,0.002169197396963085,wf2023,H01
20230904,163,0.06370907251916301,0.0027216558807098023,0.015118790496760237,wf2023,H01
20230905,164,-0.009165993664433823,0.002514018169558888,0.015086206896551713,wf2023,H01
20230906,165,0.055416424113363144,-0.00022938296183751608,0.0021645021645021467,wf2023,H01
20230907,166,0.1387923468967412,0.002680997677411651,0.01931330472102999,wf2023,H01
20230908,167,0.0854005282685863,0.002269691889128872,0.008639308855291628,wf2023,H01
20230911,168,0.05647403343535628,0.0009087885880016668,0.010799136069114423,wf2023,H01
20230912,169,0.09635600330695693,-0.0029339652240454542,0.012931034482758674,wf2023,H01
20230913,170,0.055907610753255725,-0.0006101961181012288,0.006479481641468721,wf2023,H01
20230914,171,0.022130261123418316,-0.00033481889052301564,0.006479481641468721,wf2023,H01
20230915,172,0.00458702284033321,0.0005176403507045476,0.00649350649350644,wf2023,H01
20230918,173,0.030429044731673866,-0.002774502982670922,0.006507592190889366,wf2023,H01
20230919,174,0.05602604872107775,-0.0008526204453375447,0.008658008658008698,wf2023,H01
20230920,175,0.12806580827219477,0.0011944353783015496,0.0043290043290042934,wf2023,H01
20230921,176,-0.05229056917550118,0.00634913249326894,0.010775862068965525,wf2023,H01
20230922,177,0.01554435080107031,0.0004891140521272744,0.023554603854389677,wf2023,H01
20230925,178,0.018859611488521798,0.001455843977763431,0.010775862068965525,wf2023,H01
20230926,179,0.08006782048850009,0.002217312819715842,0.01505376344086018,wf2023,H01
20230927,180,0.009268542906787587,0.0018140367907832841,0.0043290043290042934,wf2023,H01
20230928,181,-0.03565815907214111,0.004346830988374212,0.015086206896551713,wf2023,H01
20231009,182,0.003925690519350928,0.000872291519418821,0.02580645161290318,wf2023,H01
20231010,183,0.06073161208429875,0.0018558886057001693,0.017278617710583144,wf2023,H01
20231011,184,0.021438642256636605,-0.0019800195781719005,0.017241379310344862,wf2023,H01
20231012,185,0.0767747560877684,0.0007092215429154976,0.010799136069114423,wf2023,H01
20231013,186,-0.0230801681586867,-0.000496228657364422,0.012931034482758674,wf2023,H01
20231016,187,0.061371542480356714,0.00112748538674244,0.027896995708154515,wf2023,H01
20231017,188,0.0686670737432141,-0.002740448858352413,0.010822510822510845,wf2023,H01
20231018,189,0.11257440925835163,0.0012667715287816381,0.002169197396963085,wf2023,H01
20231019,190,-0.12076621212714803,-0.0017411738462653602,0.0043290043290042934,wf2023,H01
20231020,191,0.020006888285822533,-0.0032653461842399416,0.017204301075268824,wf2023,H01
20231023,192,0.03105490378677775,9.660601402445776e-05,0.015086206896551713,wf2023,H01
20231024,193,0.06378144526680347,-0.002758404163836615,0.0193965517241379,wf2023,H01
20231025,194,0.08534064364996202,0.002144337586785583,0.010869565217391353,wf2023,H01
20231026,195,0.004841139184336639,0.001373476719390308,0.03218884120171672,wf2023,H01
20231027,196,-0.017290430410366202,0.0040032615636412285,0.010845986984815648,wf2023,H01
20231030,197,0.09768263629708367,-0.002457911082845703,0.02164502164502169,wf2023,H01
20231031,198,0.09964185482050446,-0.000671206278581198,0.006521739130434745,wf2023,H01
20231101,199,0.097824198485811,-0.001659934270471954,0.01295896328293733,wf2023,H01
20231102,200,0.07967549218682216,0.005993079074218741,0.00649350649350644,wf2023,H01
20231103,201,-0.12930213355877668,0.005481135058431737,0.002169197396963085,wf2023,H01
20231106,202,-0.011455667609020696,0.002973822112548166,0.004347826086956497,wf2023,H01
20231107,203,0.05886129977298028,0.0006808077895440871,0.015151515151515138,wf2023,H01
20231108,204,0.13598812678067929,0.0007283956175303937,0.0,wf2023,H01
20231109,205,0.13900506754728578,0.0003572590051600037,0.017241379310344862,wf2023,H01
20231110,206,0.07510640031707641,0.001464734653921277,0.008639308855291628,wf2023,H01
20231113,207,-0.03299525639846915,0.0013398819941469768,0.00649350649350644,wf2023,H01
20231114,208,0.09277991682344362,0.001140525492585167,0.017241379310344862,wf2023,H01
20231115,209,0.05811287236513857,-0.002101028711446208,0.010822510822510845,wf2023,H01
20231116,210,0.1612989734176681,0.002915702218820636,0.021505376344086002,wf2023,H01
20231117,211,0.024930213990438373,0.0006547599587990779,0.002169197396963085,wf2023,H01
20231120,212,0.15290262734270738,-0.0029804596883578885,0.012987012987012991,wf2023,H01
20231121,213,0.02061118987426484,-0.0022328676948446136,0.010845986984815648,wf2023,H01
20231122,214,0.1737871853431318,0.002484789727131788,0.0,wf2023,H01
20231123,215,0.162812394532172,-0.003165122772842803,0.010822510822510845,wf2023,H01
20231124,216,0.17565514406233917,0.004100179496949942,0.010799136069114423,wf2023,H01
20231127,217,0.08175873985997492,0.0015625971222999859,0.002169197396963085,wf2023,H01
20231128,218,0.09901272776961578,0.00021129480426196334,0.017241379310344862,wf2023,H01
20231129,219,0.042942685884867625,-0.0026544990858657974,0.00649350649350644,wf2023,H01
20231130,220,0.07742109520519508,0.0033353535283334335,0.0021645021645021467,wf2023,H01
20231201,221,0.0601750170487103,-0.0015426842135382666,0.010799136069114423,wf2023,H01
20231204,222,0.08672521008272822,-0.004444427371507041,0.017278617710583144,wf2023,H01
20231205,223,0.05550728793689787,0.00023655508219271384,0.004338394793926281,wf2023,H01
20231206,224,-0.0037115208314157672,0.0004239312337701814,0.0043290043290042934,wf2023,H01
20231207,225,-0.06416936501623081,0.0031734890065285215,0.002169197396963085,wf2023,H01
20231208,226,0.13070146750360695,0.00042160353317230274,0.010799136069114423,wf2023,H01
20231211,227,0.025973887499264547,-0.0013596091391803078,0.0043290043290042934,wf2023,H01
20231212,228,0.12330802668060936,-0.0014874448937246178,0.004338394793926281,wf2023,H01
20231213,229,0.13227465534781824,-0.002836232385840792,0.01295896328293733,wf2023,H01
20231214,230,0.03909326178170954,-0.0011198542019148325,0.00649350649350644,wf2023,H01
20231215,231,0.1544728291418513,-0.00010073736339097014,0.0,wf2023,H01
20231218,232,0.17645145153161124,0.002280092990209751,0.015086206896551713,wf2023,H01
20231219,233,0.03237722759723055,-5.180101729206424e-05,0.012931034482758674,wf2023,H01
20231220,234,0.056091260494889376,0.0009971061991840956,0.0043290043290042934,wf2023,H01
20231221,235,0.05592127684635886,-0.0010786280057033595,0.0,wf2023,H01
20231222,236,0.05874855410688407,0.003428406869882617,0.0021645021645021467,wf2023,H01
20231225,237,0.012336761452735998,-0.0031591688296512006,0.0021645021645021467,wf2023,H01
20231226,238,0.18013753156173024,0.0006357329972163147,0.010799136069114423,wf2023,H01
20231227,239,0.04659192287466565,0.004867848927027445,0.010799136069114423,wf2023,H01
20231228,240,0.09442167111230408,0.0036949883712441237,0.015118790496760237,wf2023,H01
20231229,241,0.06278597908397947,-0.001965675588528123,0.0021834061135370675,wf2023,H01
20230809,145,0.08511530785245874,0.00237518754758971,0.006479481641468721,wf2023,L2
20230810,146,0.09365883582997216,-0.0015411917358361844,0.0021645021645021467,wf2023,L2
20230811,147,0.0560193181673729,0.00239996398153286,0.006479481641468721,wf2023,L2
20230814,148,0.12162389395589818,-0.0004472878481217527,0.010775862068965525,wf2023,L2
20230815,149,0.021003551624269666,-0.0011194134669582911,0.0043290043290042934,wf2023,L2
20230816,150,0.10434678532944469,0.0016025803747174612,0.008639308855291628,wf2023,L2
20230817,151,0.12636988536813026,0.0019048089062586107,0.002169197396963085,wf2023,L2
20230818,152,0.015846695095716366,0.0014033216500353171,0.010799136069114423,wf2023,L2
20230821,153,0.12463834616330449,0.0032984443695721175,0.0043290043290042934,wf2023,L2
20230822,154,0.1282354922848132,0.0014558441909548227,0.002169197396963085,wf2023,L2
20230823,155,0.12453774339343031,0.0007911197360637232,0.010799136069114423,wf2023,L2
20230824,156,0.12030379540784465,-0.0012824261513188356,0.012931034482758674,wf2023,L2
20230825,157,-0.01598361584259285,-0.002061449749102201,0.0021645021645021467,wf2023,L2
20230828,158,-0.06841697527302576,0.0025000663998253764,0.006479481641468721,wf2023,L2
20230829,159,0.2773919281758863,0.004576599166705266,0.012987012987012991,wf2023,L2
20230830,160,0.09911092701664304,0.0004711054271091548,0.010845986984815648,wf2023,L2
20230831,161,0.011704939467842871,-0.0015702513215772498,0.00649350649350644,wf2023,L2
20230901,162,0.029260212436152164,0.0007505608069015568,0.002169197396963085,wf2023,L2
20230904,163,0.0931518527960687,0.00232328327775674,0.006507592190889366,wf2023,L2
20230905,164,0.022346893687320235,0.003515502995162099,0.010799136069114423,wf2023,L2
20230906,165,0.09405126953413193,0.0023256768775793916,0.01505376344086018,wf2023,L2
20230907,166,0.133016366412343,0.0027615509284265134,0.010775862068965525,wf2023,L2
20230908,167,0.05011206007623878,0.00037965626588989596,0.017204301075268824,wf2023,L2
20230911,168,0.06485202158723978,-0.0008795623018133283,0.015086206896551713,wf2023,L2
20230912,169,0.10404591420314832,-0.0014923331569995212,0.0,wf2023,L2
20230913,170,0.09699319569053527,0.0006673705107630859,0.006479481641468721,wf2023,L2
20230914,171,0.04095769380861131,-0.00037261311905375496,0.0021645021645021467,wf2023,L2
20230915,172,-0.0022063945203449494,-9.687473346594016e-05,0.002169197396963085,wf2023,L2
20230918,173,0.05097973953415541,-0.0014025925764615133,0.0021739130434782483,wf2023,L2
20230919,174,0.06602672790763481,-0.0006012415479839384,0.01295896328293733,wf2023,L2
20230920,175,0.11382153313709467,0.002306165345782681,0.0043290043290042934,wf2023,L2
20230921,176,-0.04814363300647645,0.0022258590541694885,0.010775862068965525,wf2023,L2
20230922,177,-0.009643062823456039,-0.00037051897409634375,0.006479481641468721,wf2023,L2
20230925,178,0.033889273451939025,0.0007053566439227188,0.006479481641468721,wf2023,L2
20230926,179,0.06427788294193479,-0.00010053323215485554,0.006479481641468721,wf2023,L2
20230927,180,0.020026957677722508,0.0037596724734755282,0.0043290043290042934,wf2023,L2
20230928,181,-0.02938348829701265,0.0014231834523455683,0.010799136069114423,wf2023,L2
20231009,182,0.009334593199190286,0.0027301446546152018,0.004347826086956497,wf2023,L2
20231010,183,0.028253498620248566,0.0002759556337078707,0.004347826086956497,wf2023,L2
20231011,184,0.047616885796217416,-0.001025468469608849,0.004338394793926281,wf2023,L2
20231012,185,0.0758776618553263,-0.00018307886851227743,0.00649350649350644,wf2023,L2
20231013,186,0.03735436585298336,0.00254453500081434,0.0,wf2023,L2
20231016,187,0.07361523273987469,0.001385126653154231,0.015118790496760237,wf2023,L2
20231017,188,0.11272837613856247,-0.0008116558797548676,0.010822510822510845,wf2023,L2
20231018,189,0.14948025694218395,0.0016016539293267854,0.002169197396963085,wf2023,L2
20231019,190,-0.1125716598950773,-0.004243368716357195,0.0043290043290042934,wf2023,L2
20231020,191,0.03324314927372929,-0.0008014348046250508,0.0043290043290042934,wf2023,L2
20231023,192,0.06129557610743998,-0.00024348790565200534,0.010799136069114423,wf2023,L2
20231024,193,0.09744459452321447,0.0013533155346561153,0.006507592190889366,wf2023,L2
20231025,194,0.09845402857424759,0.0035994143656156506,0.006535947712418277,wf2023,L2
20231026,195,0.005364188686488528,-0.003046540875905451,0.01943844492440605,wf2023,L2
20231027,196,-0.015558929018417158,0.0017800062721507106,0.015151515151515138,wf2023,L2
20231030,197,0.12582384174557645,-5.2824317074795166e-05,0.017353579175705014,wf2023,L2
20231031,198,0.12780972170972346,0.0006924956453704992,0.015151515151515138,wf2023,L2
20231101,199,0.12326200878907542,0.0016635638447599632,0.01295896328293733,wf2023,L2
20231102,200,0.044423293641541545,0.003145535783419886,0.01935483870967747,wf2023,L2
20231103,201,-0.16287001265851758,0.0009537165292590466,0.010799136069114423,wf2023,L2
20231106,202,-0.013741431625587603,0.0015894313807782046,0.012987012987012991,wf2023,L2
20231107,203,0.04067966908051746,0.0006332642197892015,0.015151515151515138,wf2023,L2
20231108,204,0.1490807059367992,0.0011537640706895747,0.017278617710583144,wf2023,L2
20231109,205,0.15461360103834018,0.0015243439477182715,0.008658008658008698,wf2023,L2
20231110,206,0.09536896419462382,0.0017259913204366786,0.008639308855291628,wf2023,L2
20231113,207,-0.045631655712914304,0.0017336563417800306,0.00649350649350644,wf2023,L2
20231114,208,0.06202017093136201,-0.0009450953996773545,0.01295896328293733,wf2023,L2
20231115,209,0.09479062761947876,-0.00026950955302346147,0.015118790496760237,wf2023,L2
20231116,210,0.1505128993042694,0.0003356569635737461,0.01295896328293733,wf2023,L2
20231117,211,0.023955192652658178,0.0008013075664024174,0.002169197396963085,wf2023,L2
20231120,212,0.1773676003508679,-0.0010221449884741185,0.017278617710583144,wf2023,L2
20231121,213,0.07971507000024866,-1.1272119013963286e-05,0.01943844492440605,wf2023,L2
20231122,214,0.15179485591602998,1.387662824971908e-05,0.0,wf2023,L2
20231123,215,0.19524901057553723,-0.0013937544572244602,0.0021739130434782483,wf2023,L2
20231124,216,0.14243602222086982,0.0014607103778320881,0.010799136069114423,wf2023,L2
20231127,217,0.0894096774812386,0.0011163401731806048,0.002169197396963085,wf2023,L2
20231128,218,0.10607173312827947,0.0006108299839595512,0.004338394793926281,wf2023,L2
20231129,219,0.07316247699130811,-0.0007723719533347809,0.010799136069114423,wf2023,L2
20231130,220,0.08319751837819929,0.0014264919409287535,0.0021645021645021467,wf2023,L2
20231201,221,0.09923929605166122,-0.00024269809411649445,0.00649350649350644,wf2023,L2
20231204,222,0.10351248772006286,-0.0015039507273362646,0.008676789587852451,wf2023,L2
20231205,223,0.06012331595719865,0.0002618875629818952,0.01295896328293733,wf2023,L2
20231206,224,0.007572788447231585,0.001972593762740049,0.0043290043290042934,wf2023,L2
20231207,225,-0.06960943366987926,0.0005000193713463972,0.002169197396963085,wf2023,L2
20231208,226,0.1301673188364132,0.0006679359258544276,0.015086206896551713,wf2023,L2
20231211,227,0.030471952466541895,0.00035496631382812144,0.0043290043290042934,wf2023,L2
20231212,228,0.1471843386861007,0.0022841888625637075,0.01295896328293733,wf2023,L2
20231213,229,0.16181694376120695,0.00016638995203271945,0.01295896328293733,wf2023,L2
20231214,230,0.04244218809438553,-1.5305174771543337e-05,0.002169197396963085,wf2023,L2
20231215,231,0.1394862918025421,-0.0006022501650663706,0.008658008658008698,wf2023,L2
20231218,232,0.18229867353569415,0.0017546528349185431,0.010799136069114423,wf2023,L2
20231219,233,0.07132002188593976,0.0004357113478863396,0.0043290043290042934,wf2023,L2
20231220,234,0.04086388043160779,-0.0007167240557047743,0.008639308855291628,wf2023,L2
20231221,235,0.04787384173671008,-0.0017382870282230106,0.008639308855291628,wf2023,L2
20231222,236,0.051875638432226125,0.002281588143507592,0.0021645021645021467,wf2023,L2
20231225,237,0.04441630493806484,-0.0017223781651635496,0.01505376344086018,wf2023,L2
20231226,238,0.2093621893224205,0.0013401024290455327,0.010799136069114423,wf2023,L2
20231227,239,-0.011936706021866098,-0.0003077572174797136,0.010799136069114423,wf2023,L2
20231228,240,0.07701032536414981,0.00294172880807699,0.010822510822510845,wf2023,L2
20231229,241,0.1293048580449316,0.0016361078193705973,0.006535947712418277,wf2023,L2
20230809,145,0.10851543507894758,0.0024551238070366715,0.006479481641468721,wf2023,L2R
20230810,146,0.07900684299999258,-0.0016230920088932156,0.006479481641468721,wf2023,L2R
20230811,147,0.03672308824719264,1.2760300276783154e-05,0.0021645021645021467,wf2023,L2R
20230814,148,0.1478846248301503,0.0008124117398563852,0.0021645021645021467,wf2023,L2R
20230815,149,0.07953464960967668,0.00151552698283987,0.0043290043290042934,wf2023,L2R
20230816,150,0.10660951674189507,-0.0004561786983612783,0.0043290043290042934,wf2023,L2R
20230817,151,0.18147485240342973,0.006654453389831089,0.002169197396963085,wf2023,L2R
20230818,152,0.03522195183122095,0.0024583674907385613,0.015086206896551713,wf2023,L2R
20230821,153,0.11210935763605524,0.0007103530586829131,0.017204301075268824,wf2023,L2R
20230822,154,0.1729881327631118,0.004666210470031899,0.002169197396963085,wf2023,L2R
20230823,155,0.10313649935504957,-0.0014283741824885634,0.010799136069114423,wf2023,L2R
20230824,156,0.19341625369813054,0.005760699165363779,0.008639308855291628,wf2023,L2R
20230825,157,0.01648765305394803,0.0008801500881923854,0.006479481641468721,wf2023,L2R
20230828,158,-0.07559515203377251,-0.006102380683603678,0.0021645021645021467,wf2023,L2R
20230829,159,0.23100482533075756,0.0004551929763509507,0.008676789587852451,wf2023,L2R
20230830,160,0.10941637504511335,0.0016836154818999386,0.010845986984815648,wf2023,L2R
20230831,161,0.04615705389419929,-0.0009508019666273023,0.010799136069114423,wf2023,L2R
20230901,162,0.0325466561005279,0.0013067020235231382,0.002169197396963085,wf2023,L2R
20230904,163,0.10994104082659277,0.0019994697457009396,0.010822510822510845,wf2023,L2R
20230905,164,0.027558094863394018,0.0029396155378327454,0.010799136069114423,wf2023,L2R
20230906,165,0.14194287827914312,0.0031581046592995474,0.006479481641468721,wf2023,L2R
20230907,166,0.13841443995408984,0.00215103188438943,0.010775862068965525,wf2023,L2R
20230908,167,0.0683562728149557,-0.0002275240510480319,0.02145922746781115,wf2023,L2R
20230911,168,0.08704752819999302,-0.00052792827732074,0.00649350649350644,wf2023,L2R
20230912,169,0.1597363560954922,0.0011495253144863035,0.0,wf2023,L2R
20230913,170,0.13474245059270676,0.003560447694534372,0.010775862068965525,wf2023,L2R
20230914,171,0.04851397759554289,0.00020649142290630725,0.0021645021645021467,wf2023,L2R
20230915,172,0.027987575583598708,-0.00013324237234238218,0.002169197396963085,wf2023,L2R
20230918,173,0.11884589070027379,0.002096933782569424,0.006507592190889366,wf2023,L2R
20230919,174,0.099057568786143,0.0011915019349826254,0.017241379310344862,wf2023,L2R
20230920,175,0.13707896770302225,0.0034665525763249386,0.0,wf2023,L2R
20230921,176,-0.08834868682974287,-0.0006742731260710767,0.010775862068965525,wf2023,L2R
20230922,177,0.00896531133276964,2.0692160975928874e-05,0.010775862068965525,wf2023,L2R
20230925,178,0.04048857919769759,0.0017416406017675022,0.010775862068965525,wf2023,L2R
20230926,179,0.0662944053079512,-0.0010390233996207723,0.010775862068965525,wf2023,L2R
20230927,180,-0.00015039409783542413,0.001216281573606308,0.0,wf2023,L2R
20230928,181,-0.04198600590173027,0.001071146561652179,0.015086206896551713,wf2023,L2R
20231009,182,-0.01589489257319082,0.0010258946726366765,0.004347826086956497,wf2023,L2R
20231010,183,0.014590639919623807,-0.001504166790035879,0.012987012987012991,wf2023,L2R
20231011,184,0.07673366959879564,-0.00043599423609129526,0.004338394793926281,wf2023,L2R
20231012,185,0.08796816456284594,0.00040741998428250794,0.010799136069114423,wf2023,L2R
20231013,186,0.060012922287659864,0.003137284855533369,0.008639308855291628,wf2023,L2R
20231016,187,0.1171511554601641,0.00330179005382609,0.010822510822510845,wf2023,L2R
20231017,188,0.13586908116931068,0.0009195053225870727,0.010822510822510845,wf2023,L2R
20231018,189,0.15631398665221125,0.0023964142673126116,0.002169197396963085,wf2023,L2R
20231019,190,-0.03466164112021978,0.0007784303136577041,0.008639308855291628,wf2023,L2R
20231020,191,0.06795726795498513,-0.00021925435800505474,0.0043290043290042934,wf2023,L2R
20231023,192,0.04022788236529357,-0.0009290005937741437,0.00649350649350644,wf2023,L2R
20231024,193,0.09143445651146802,0.0005255456566921751,0.006507592190889366,wf2023,L2R
20231025,194,0.0950823464436816,0.0025005897283002314,0.006535947712418277,wf2023,L2R
20231026,195,-0.006025518846035276,-0.005307377884924368,0.010845986984815648,wf2023,L2R
20231027,196,-0.05442941814515201,-0.001232113388832284,0.006521739130434745,wf2023,L2R
20231030,197,0.16161830243068911,0.0014354809627501407,0.004366812227074246,wf2023,L2R
20231031,198,0.15175242663923466,0.00019599833259702172,0.015151515151515138,wf2023,L2R
20231101,199,0.16812999176539983,0.0026911023601883365,0.01295896328293733,wf2023,L2R
20231102,200,0.0008814584117330282,-0.0007352434184739482,0.010799136069114423,wf2023,L2R
20231103,201,-0.23789228628202108,-0.004259357731159293,0.00649350649350644,wf2023,L2R
20231106,202,-0.037143015664537996,0.0006040990190475633,0.004347826086956497,wf2023,L2R
20231107,203,0.031135576743576265,0.00013625189181039267,0.015151515151515138,wf2023,L2R
20231108,204,0.19721803651121916,0.0037286640105034814,0.02155172413793105,wf2023,L2R
20231109,205,0.1667126673902429,0.0012511043680216798,0.008658008658008698,wf2023,L2R
20231110,206,0.07891921795286584,0.00013192784436531942,0.0043290043290042934,wf2023,L2R
20231113,207,-0.07449949981073319,-0.0013416202604596438,0.002169197396963085,wf2023,L2R
20231114,208,0.0807717952606669,-0.0015675237846017702,0.004338394793926281,wf2023,L2R
20231115,209,0.13913523270193506,0.0019212078865097227,0.0021739130434782483,wf2023,L2R
20231116,210,0.12329344574327221,-0.0003515476116135079,0.017241379310344862,wf2023,L2R
20231117,211,0.025247124754453745,-0.0012915551460249836,0.010799136069114423,wf2023,L2R
20231120,212,0.22143349025197567,0.0010818628994069663,0.004347826086956497,wf2023,L2R
20231121,213,0.11703813280228204,0.0016849261085658982,0.010845986984815648,wf2023,L2R
20231122,214,0.15071456560247526,0.0003627505028306749,0.012987012987012991,wf2023,L2R
20231123,215,0.2554799435155325,0.002248177225113333,0.006507592190889366,wf2023,L2R
20231124,216,0.13895128810612264,0.0014340511350210959,0.010799136069114423,wf2023,L2R
20231127,217,0.07501562457951631,-0.0005222879115072921,0.002169197396963085,wf2023,L2R
20231128,218,0.10222180537912909,-8.592256267994994e-05,0.0,wf2023,L2R
20231129,219,0.11483570746935812,0.0007717707574818313,0.002169197396963085,wf2023,L2R
20231130,220,0.08759981139879822,4.7595987895857235e-05,0.006479481641468721,wf2023,L2R
20231201,221,0.10277071747633197,0.00020079174212116668,0.00649350649350644,wf2023,L2R
20231204,222,0.17500747856422463,-1.6236628873345094e-06,0.0,wf2023,L2R
20231205,223,0.04885201251987277,9.571484282527333e-05,0.004338394793926281,wf2023,L2R
20231206,224,0.03539855931401269,0.002694729165847062,0.012931034482758674,wf2023,L2R
20231207,225,-0.06153846024148377,0.0008261767543890335,0.002169197396963085,wf2023,L2R
20231208,226,0.10950204049361537,-0.0004307021527568469,0.00649350649350644,wf2023,L2R
20231211,227,0.052236962165255696,-0.00048272833629208704,0.0,wf2023,L2R
20231212,228,0.18242069709440495,0.0009792935976797954,0.004338394793926281,wf2023,L2R
20231213,229,0.17513479916890254,0.002125112162238794,0.008658008658008698,wf2023,L2R
20231214,230,0.030200182514851834,-0.0006056357047034664,0.00649350649350644,wf2023,L2R
20231215,231,0.17070436163976538,0.0011119975046107056,0.004338394793926281,wf2023,L2R
20231218,232,0.1842562884031714,0.0015566054362929776,0.002169197396963085,wf2023,L2R
20231219,233,0.07479889681616529,0.0016547942834033071,0.0043290043290042934,wf2023,L2R
20231220,234,0.036330457156511946,-0.0020464982574478485,0.0043290043290042934,wf2023,L2R
20231221,235,0.08448708284804181,0.0023799159187734963,0.0,wf2023,L2R
20231222,236,0.0369750380662999,-2.790418848355649e-05,0.0021645021645021467,wf2023,L2R
20231225,237,0.09507292756356549,0.0012247227793094704,0.006479481641468721,wf2023,L2R
20231226,238,0.20794835612885906,0.00013074153812093776,0.015086206896551713,wf2023,L2R
20231227,239,-0.002311375732642471,-0.003147650234032023,0.00649350649350644,wf2023,L2R
20231228,240,0.01275935805583654,-0.000921875018268424,0.006507592190889366,wf2023,L2R
20231229,241,0.16871435137112856,0.004988767510888345,0.0021834061135370675,wf2023,L2R
20230809,145,0.02694429620591427,-0.002109634769940325,0.010775862068965525,wf2023,L2W
20230810,146,0.08966274733665967,-0.00034222830492613293,0.0021645021645021467,wf2023,L2W
20230811,147,0.06252943309820763,0.003146950567219138,0.0021645021645021467,wf2023,L2W
20230814,148,0.08313732678337729,-0.002350816159186255,0.0021645021645021467,wf2023,L2W
20230815,149,-0.009561120988088746,-0.003968382882987521,0.008639308855291628,wf2023,L2W
20230816,150,0.09094624037975468,0.0021488456269112485,0.0043290043290042934,wf2023,L2W
20230817,151,0.042829242203399856,-0.00491897624634588,0.00649350649350644,wf2023,L2W
20230818,152,0.012942912167721903,0.00045258346993580154,0.002169197396963085,wf2023,L2W
20230821,153,0.15895450729719907,0.00737495052665477,0.0,wf2023,L2W
20230822,154,0.06777319813605422,-0.0005130471630725233,0.00649350649350644,wf2023,L2W
20230823,155,0.14050174677565447,0.00336456297019212,0.002169197396963085,wf2023,L2W
20230824,156,0.06629408090200843,-0.0027732345367762062,0.017204301075268824,wf2023,L2W
20230825,157,-0.043562253425021825,-0.002820943623604683,0.010775862068965525,wf2023,L2W
20230828,158,0.017626107727938784,0.006981339990224669,0.01505376344086018,wf2023,L2W
20230829,159,0.32370479602828645,0.005996571473398912,0.008676789587852451,wf2023,L2W
20230830,160,0.109909908250121,0.0014941450939766725,0.015151515151515138,wf2023,L2W
20230831,161,-0.011006389993909531,-0.0027393926951847654,0.010799136069114423,wf2023,L2W
20230901,162,-0.0013870806880537634,-0.0017915715082170679,0.002169197396963085,wf2023,L2W
20230904,163,0.07981278669715386,0.00348995821649282,0.006507592190889366,wf2023,L2W
20230905,164,0.008773429520355803,0.0023455059731706724,0.015086206896551713,wf2023,L2W
20230906,165,0.06695260883657378,0.000725839575034656,0.010775862068965525,wf2023,L2W
20230907,166,0.14546025458020254,0.0028265228572935926,0.01505376344086018,wf2023,L2W
20230908,167,0.0798269857605409,0.0034781669891856323,0.008639308855291628,wf2023,L2W
20230911,168,0.03787136634382918,-0.0003289604456602602,0.023605150214592308,wf2023,L2W
20230912,169,0.04419911049927272,-0.005060381686309425,0.0043290043290042934,wf2023,L2W
20230913,170,0.06024749653442205,0.0006854942495610186,0.0021645021645021467,wf2023,L2W
20230914,171,0.010240904200486596,-0.0013023938395628413,0.0021645021645021467,wf2023,L2W
20230915,172,-0.007826877088710242,-0.001928656928740881,0.002169197396963085,wf2023,L2W
20230918,173,-0.023853397502896924,-0.003746660858045578,0.0021739130434782483,wf2023,L2W
20230919,174,0.0388116309357352,-0.0014336200401088234,0.008658008658008698,wf2023,L2W
20230920,175,0.11416204573997514,0.0017273523186772267,0.0,wf2023,L2W
20230921,176,-0.00039689078236879746,0.005095406101909859,0.010775862068965525,wf2023,L2W
20230922,177,-0.00908724954760131,0.0008453724127772157,0.010775862068965525,wf2023,L2W
20230925,178,0.039582705038969414,0.002175382066357367,0.006479481641468721,wf2023,L2W
20230926,179,0.07217118457824853,0.0011426406375247104,0.010775862068965525,wf2023,L2W
20230927,180,0.04622191713163729,0.004570164202604178,0.008639308855291628,wf2023,L2W
20230928,181,-0.029634882682033088,0.003687714962248645,0.023605150214592308,wf2023,L2W
20231009,182,0.016103660514047758,0.0023358772104153077,0.008676789587852451,wf2023,L2W
20231010,183,0.05825414026589326,0.003116067937428492,0.012987012987012991,wf2023,L2W
20231011,184,0.01897547463100558,-0.0019120927016490893,0.01295896328293733,wf2023,L2W
20231012,185,0.08230805963235491,0.00012361264114499164,0.015086206896551713,wf2023,L2W
20231013,186,-0.012049245154584977,-0.0005381032805416158,0.0043290043290042934,wf2023,L2W
20231016,187,0.06712570115396398,0.0014321457890988224,0.0193965517241379,wf2023,L2W
20231017,188,0.08727030994546948,-0.0021364285329534896,0.006507592190889366,wf2023,L2W
20231018,189,0.11934769107528014,1.4179081967767224e-05,0.002169197396963085,wf2023,L2W
20231019,190,-0.14239689106393286,-0.006400484763047026,0.0043290043290042934,wf2023,L2W
20231020,191,0.011836517846837208,-0.003736784414495615,0.012931034482758674,wf2023,L2W
20231023,192,0.04038692137615741,-0.00018033266740162535,0.010799136069114423,wf2023,L2W
20231024,193,0.07973957096021536,-0.0011927774161005836,0.023655913978494647,wf2023,L2W
20231025,194,0.09441681319769922,0.0042958882822097515,0.010869565217391353,wf2023,L2W
20231026,195,-0.004938001000476191,-0.0026199696615311387,0.027956989247311825,wf2023,L2W
20231027,196,0.014918513086447439,0.006881647629180608,0.01943844492440605,wf2023,L2W
20231030,197,0.08916017235231133,-0.0032935117974499033,0.013043478260869601,wf2023,L2W
20231031,198,0.11095548919036102,-0.0007901401855259238,0.010845986984815648,wf2023,L2W
20231101,199,0.08493094757080315,-0.0010222152305410116,0.008658008658008698,wf2023,L2W
20231102,200,0.0759345896113113,0.004960851382059126,0.015086206896551713,wf2023,L2W
20231103,201,-0.10258827370075979,0.006028746901829814,0.010799136069114423,wf2023,L2W
20231106,202,-0.008255117655759012,0.0024179119024314126,0.017278617710583144,wf2023,L2W
20231107,203,0.06575846883344125,0.0020581963642591875,0.002178649237472796,wf2023,L2W
20231108,204,0.1209688939306013,0.0006578329577662531,0.008676789587852451,wf2023,L2W
20231109,205,0.12355014654025581,-0.0004247920514089628,0.004338394793926281,wf2023,L2W
20231110,206,0.09260862029000055,0.0018979510197068682,0.008639308855291628,wf2023,L2W
20231113,207,-0.02328313081367187,0.0032535342425528786,0.010799136069114423,wf2023,L2W
20231114,208,0.0763446798966315,0.0015757335070848717,0.01295896328293733,wf2023,L2W
20231115,209,0.057297798065914306,-0.001096611566648806,0.03632478632478631,wf2023,L2W
20231116,210,0.17423052583908058,0.0024047221561677,0.008658008658008698,wf2023,L2W
20231117,211,0.040171365486004355,0.0008686729955667809,0.010799136069114423,wf2023,L2W
20231120,212,0.12639279629474914,-0.0038195477893233952,0.004347826086956497,wf2023,L2W
20231121,213,0.023492076363496726,-0.002360496705025302,0.006521739130434745,wf2023,L2W
20231122,214,0.17235125643468824,0.0016768335350750806,0.004347826086956497,wf2023,L2W
20231123,215,0.1307659592836733,-0.003036893201247738,0.015118790496760237,wf2023,L2W
20231124,216,0.16104027834921086,0.0031148133607260507,0.015086206896551713,wf2023,L2W
20231127,217,0.08100497022349214,0.000740425955162616,0.010799136069114423,wf2023,L2W
20231128,218,0.1190424625506919,-0.00020538207211363325,0.017241379310344862,wf2023,L2W
20231129,219,0.03965587044495917,-0.001274239511056945,0.010799136069114423,wf2023,L2W
20231130,220,0.09905181857918727,0.00509005457791634,0.0021645021645021467,wf2023,L2W
20231201,221,0.07904382485903572,-0.0009239067507058273,0.01935483870967747,wf2023,L2W
20231204,222,0.0651689956113424,-0.0031327727080302306,0.012987012987012991,wf2023,L2W
20231205,223,0.033406239201900834,-0.0010213001245685032,0.017241379310344862,wf2023,L2W
20231206,224,0.005142448286303627,0.00323524990876632,0.012931034482758674,wf2023,L2W
20231207,225,-0.053164065316925156,0.0040331149261866985,0.00649350649350644,wf2023,L2W
20231208,226,0.13671046455288927,0.0010290537822599706,0.01935483870967747,wf2023,L2W
20231211,227,0.010378927355796519,-0.0010867781973109914,0.008639308855291628,wf2023,L2W
20231212,228,0.13065432236899263,-0.0007853406992763519,0.01295896328293733,wf2023,L2W
20231213,229,0.13910062479317498,-0.0018730613413362207,0.017241379310344862,wf2023,L2W
20231214,230,0.02833732126034188,-0.001724390640396953,0.010799136069114423,wf2023,L2W
20231215,231,0.13910689984550104,-0.000173072440760395,0.008658008658008698,wf2023,L2W
20231218,232,0.20022890070250826,0.003765825515569498,0.010799136069114423,wf2023,L2W
20231219,233,0.014296286796341097,-0.0024783017174639013,0.008639308855291628,wf2023,L2W
20231220,234,0.057580240101318104,0.0006738755605952976,0.0043290043290042934,wf2023,L2W
20231221,235,-0.010376563298012266,-0.004959453785660879,0.008639308855291628,wf2023,L2W
20231222,236,0.05102061848727059,0.002626785449137509,0.0021645021645021467,wf2023,L2W
20231225,237,-0.019427368164605493,-0.004955695713500205,0.0021645021645021467,wf2023,L2W
20231226,238,0.20568807879572043,0.002824700585843243,0.00649350649350644,wf2023,L2W
20231227,239,-0.013275875381896696,-0.00012476974471971672,0.015086206896551713,wf2023,L2W
20231228,240,0.11376245774872004,0.0045429776748538,0.006507592190889366,wf2023,L2W
20231229,241,0.06185646917432007,-0.004341016995093096,0.01948051948051943,wf2023,L2W
20230809,145,0.024259883802602872,-0.0014589673302540416,0.010775862068965525,wf2023,LR
20230810,146,0.07628349921499664,-0.00043330622515604447,0.0021645021645021467,wf2023,LR
20230811,147,0.043189152838051734,0.003191083633856991,0.006479481641468721,wf2023,LR
20230814,148,0.07109766602635799,-0.0022953174211804636,0.01505376344086018,wf2023,LR
20230815,149,-0.005742559051319476,-0.0033909931931378583,0.008639308855291628,wf2023,LR
20230816,150,0.07784734510072887,0.0016342851749375758,0.012931034482758674,wf2023,LR
20230817,151,0.04230358457174455,-0.0037750622804240477,0.00649350649350644,wf2023,LR
20230818,152,-0.010304899519584364,-0.0018453042039655388,0.010799136069114423,wf2023,LR
20230821,153,0.15935783599408482,0.006928072953045549,0.0,wf2023,LR
20230822,154,0.05556452142244303,-0.0018138308605843874,0.00649350649350644,wf2023,LR
20230823,155,0.14522503189319286,0.005191260660779658,0.002169197396963085,wf2023,LR
20230824,156,0.05669192501034853,-0.0027888394213616413,0.012931034482758674,wf2023,LR
20230825,157,-0.06415785925275527,-0.0048382636568397,0.006479481641468721,wf2023,LR
20230828,158,0.015688475625266988,0.005451339111271339,0.010775862068965525,wf2023,LR
20230829,159,0.34062139687189474,0.0063291978676085795,0.02155172413793105,wf2023,LR
20230830,160,0.1339070891609777,0.001756888369339741,0.010845986984815648,wf2023,LR
20230831,161,-0.02486047735877338,-0.0029173398383465225,0.00649350649350644,wf2023,LR
20230901,162,-0.016579150555909774,-0.0028482642099294936,0.002169197396963085,wf2023,LR
20230904,163,0.08833453755345734,0.0038958368530851864,0.006507592190889366,wf2023,LR
20230905,164,0.014461188935581246,0.00342878834378106,0.01935483870967747,wf2023,LR
20230906,165,0.06669205198990813,0.00014012088528929725,0.01505376344086018,wf2023,LR
20230907,166,0.1510661818427241,0.0035265180732403038,0.010775862068965525,wf2023,LR
20230908,167,0.06505447457334816,0.0009704912671737714,0.012931034482758674,wf2023,LR
20230911,168,0.03224714549545222,-0.000258375289816613,0.00649350649350644,wf2023,LR
20230912,169,0.05626312310291716,-0.004661062545874986,0.012931034482758674,wf2023,LR
20230913,170,0.039360841789494505,-0.0001242451736219027,0.0021645021645021467,wf2023,LR
20230914,171,0.009750138741119276,0.00022550927357563593,0.0021645021645021467,wf2023,LR
20230915,172,-0.0018260626891547656,-0.0012630169247536838,0.00649350649350644,wf2023,LR
20230918,173,-0.001551059964489702,-0.0022921223752810083,0.015118790496760237,wf2023,LR
20230919,174,0.044751454397875146,-0.00040854770787337926,0.008658008658008698,wf2023,LR
20230920,175,0.13589703922586208,0.002234581375075757,0.008639308855291628,wf2023,LR
20230921,176,-0.01535133215834661,0.0032687686908612103,0.0021645021645021467,wf2023,LR
20230922,177,0.0008726221930964236,0.0003560654711735915,0.0021645021645021467,wf2023,LR
20230925,178,0.03349002367089625,0.0009442853896731588,0.0021645021645021467,wf2023,LR
20230926,179,0.07188866189704123,0.0009191493755268971,0.0021645021645021467,wf2023,LR
20230927,180,0.03571655389955903,0.0018284569479289064,0.0,wf2023,LR
20230928,181,-0.02286885467972839,0.0024193217348486952,0.010799136069114423,wf2023,LR
20231009,182,0.006138138147498635,0.002096279984718865,0.004347826086956497,wf2023,LR
20231010,183,0.06912780052295131,0.0024775727773984914,0.017278617710583144,wf2023,LR
20231011,184,0.010556819289951495,-0.0018856400999268733,0.01295896328293733,wf2023,LR
20231012,185,0.08717128809412936,-0.0008320583307862596,0.01935483870967747,wf2023,LR
20231013,186,-0.03744311749076977,-0.0022633469071886144,0.0043290043290042934,wf2023,LR
20231016,187,0.05224293453970427,-4.664068075150955e-05,0.006507592190889366,wf2023,LR
20231017,188,0.08333984458170828,-0.0011380461353900362,0.006507592190889366,wf2023,LR
20231018,189,0.11258348086744345,0.0018265745876685554,0.002169197396963085,wf2023,LR
20231019,190,-0.14205058225844142,-0.005306235626472823,0.0043290043290042934,wf2023,LR
20231020,191,0.01468066721579222,-0.0030227071501672496,0.0043290043290042934,wf2023,LR
20231023,192,0.026569805269191425,-0.0022306937213274064,0.002169197396963085,wf2023,LR
20231024,193,0.05074643355863439,-0.0028497910864498707,0.006507592190889366,wf2023,LR
20231025,194,0.07433207581944357,0.0035273354267489503,0.010869565217391353,wf2023,LR
20231026,195,0.0030027453065874813,0.001307201574060616,0.027956989247311825,wf2023,LR
20231027,196,-0.00034430384818162526,0.004419983328202376,0.03218884120171672,wf2023,LR
20231030,197,0.10409218346474527,-0.0020955072227725404,0.02591792656587477,wf2023,LR
20231031,198,0.09634139715594221,-0.0010221887648642746,0.01943844492440605,wf2023,LR
20231101,199,0.06643299697765714,-0.0011742517554355712,0.01295896328293733,wf2023,LR
20231102,200,0.07682524731655276,0.005752351356306914,0.010799136069114423,wf2023,LR
20231103,201,-0.11313887156062227,0.004623601060682322,0.00649350649350644,wf2023,LR
20231106,202,-0.00990029303181569,0.0019361113373914255,0.004347826086956497,wf2023,LR
20231107,203,0.06853392811718562,0.0014795614753740595,0.010845986984815648,wf2023,LR
20231108,204,0.12642691122427901,0.0007845944304528049,0.008676789587852451,wf2023,LR
20231109,205,0.1199682618212249,4.248547227142735e-05,0.004338394793926281,wf2023,LR
20231110,206,0.08821995193842268,0.0011751468584229822,0.0043290043290042934,wf2023,LR
20231113,207,-0.023840932424673233,0.0028971783081521586,0.002169197396963085,wf2023,LR
20231114,208,0.09411731479791148,0.0018828880511766871,0.01295896328293733,wf2023,LR
20231115,209,0.048902519971068543,-0.0012868187604872924,0.015118790496760237,wf2023,LR
20231116,210,0.17137631181814325,0.0028951533746600245,0.008658008658008698,wf2023,LR
20231117,211,0.04547264304293438,0.002210444272294337,0.002169197396963085,wf2023,LR
20231120,212,0.13151837785126747,-0.0030731072694104855,0.008676789587852451,wf2023,LR
20231121,213,0.005182761224303588,-0.002663955045385507,0.015151515151515138,wf2023,LR
20231122,214,0.17878299323749938,0.002460705661866628,0.008676789587852451,wf2023,LR
20231123,215,0.12903956706294042,-0.002498036605228458,0.010822510822510845,wf2023,LR
20231124,216,0.15137691051492508,0.0021572367518251133,0.015086206896551713,wf2023,LR
20231127,217,0.08180852956397738,0.00033791869996271495,0.002169197396963085,wf2023,LR
20231128,218,0.1291780418647189,0.00045108752566392057,0.004338394793926281,wf2023,LR
20231129,219,0.04016857048457571,-0.0014365680328747169,0.002169197396963085,wf2023,LR
20231130,220,0.07874626893361385,0.0030019574276672,0.0021645021645021467,wf2023,LR
20231201,221,0.06424898566942268,-0.0024938822106670344,0.010799136069114423,wf2023,LR
20231204,222,0.06337423361516208,-0.004284151309961112,0.004347826086956497,wf2023,LR
20231205,223,0.037726044351690045,-0.0004758229994064698,0.01295896328293733,wf2023,LR
20231206,224,-0.002979915608407244,0.0025003721223086483,0.0043290043290042934,wf2023,LR
20231207,225,-0.03707143187520206,0.005802109911177655,0.00649350649350644,wf2023,LR
20231208,226,0.14221691506645626,0.000896892836145172,0.015086206896551713,wf2023,LR
20231211,227,0.010257700727819147,-0.0016398699978034973,0.0043290043290042934,wf2023,LR
20231212,228,0.12571638408101632,-0.0006804974271377153,0.01295896328293733,wf2023,LR
20231213,229,0.11767982910700492,-0.002674521228184753,0.008658008658008698,wf2023,LR
20231214,230,0.024747480844169677,-0.0013228369643990706,0.002169197396963085,wf2023,LR
20231215,231,0.14742718024688886,0.000830730393099938,0.004338394793926281,wf2023,LR
20231218,232,0.18687529318687046,0.0029988707265206863,0.010799136069114423,wf2023,LR
20231219,233,0.00697089697412408,-0.00209429576474098,0.012931034482758674,wf2023,LR
20231220,234,0.05475720050582968,-0.00024011541959013082,0.0043290043290042934,wf2023,LR
20231221,235,-0.0011375031380933154,-0.002497193948583866,0.0043290043290042934,wf2023,LR
20231222,236,0.07761765344310065,0.004029023024973945,0.0021645021645021467,wf2023,LR
20231225,237,-0.010806261716284302,-0.0044306094764521,0.006479481641468721,wf2023,LR
20231226,238,0.18991711132216593,0.0016486706805768376,0.00649350649350644,wf2023,LR
20231227,239,0.017298631351630768,0.0027674247975572434,0.01935483870967747,wf2023,LR
20231228,240,0.10374681698283975,0.002761357222907693,0.006507592190889366,wf2023,LR
20231229,241,0.0258206970946803,-0.005808516771420527,0.006535947712418277,wf2023,LR
20230809,145,0.020306817397793876,-0.0016665479781721344,0.010775862068965525,wf2023,LRTD
20230810,146,0.08172910222418334,-0.00046012551428649406,0.0021645021645021467,wf2023,LRTD
20230811,147,0.03587342500022643,0.002089890706637963,0.0021645021645021467,wf2023,LRTD
20230814,148,0.07824253266530895,-0.0017143270359159263,0.010775862068965525,wf2023,LRTD
20230815,149,-0.0020386425352948412,-0.002106938940753849,0.012931034482758674,wf2023,LRTD
20230816,150,0.060909969275504294,0.0010411571896775367,0.012931034482758674,wf2023,LRTD
20230817,151,0.030199435325274186,-0.004473868643701046,0.015086206896551713,wf2023,LRTD
20230818,152,-0.02243679309008095,-0.0017498425708742894,0.010799136069114423,wf2023,LRTD
20230821,153,0.1383189300092248,0.005537209896643495,0.0043290043290042934,wf2023,LRTD
20230822,154,0.03621955162353872,-0.0033935506171951374,0.010799136069114423,wf2023,LRTD
20230823,155,0.13161681654812687,0.0037782421929472114,0.002169197396963085,wf2023,LRTD
20230824,156,0.04940303406393721,-0.0030319675745871,0.012931034482758674,wf2023,LRTD
20230825,157,-0.053493821861698154,-0.0031804106723754832,0.010775862068965525,wf2023,LRTD
20230828,158,0.02210971892391666,0.008007924133731602,0.01931330472102999,wf2023,LRTD
20230829,159,0.34288409798974545,0.0051255083595491005,0.012987012987012991,wf2023,LRTD
20230830,160,0.11631859285024501,0.0014664677785570096,0.015151515151515138,wf2023,LRTD
20230831,161,-0.010340449501556338,-0.0013471601610365244,0.002169197396963085,wf2023,LRTD
20230901,162,-0.015195766962743376,-0.0028834668849195295,0.002169197396963085,wf2023,LRTD
20230904,163,0.07579072947731748,0.0036136173742921385,0.010822510822510845,wf2023,LRTD
20230905,164,-0.005338605051661058,0.002057002299222751,0.01935483870967747,wf2023,LRTD
20230906,165,0.047345049320725585,-0.00160415398394307,0.010775862068965525,wf2023,LRTD
20230907,166,0.14085115304140144,0.0016395618407789587,0.006479481641468721,wf2023,LRTD
20230908,167,0.07940990358912643,0.002360691141429422,0.012931034482758674,wf2023,LRTD
20230911,168,0.03835093088615412,0.0007836081130411781,0.00649350649350644,wf2023,LRTD
20230912,169,0.055554624464017925,-0.004156998218103733,0.017204301075268824,wf2023,LRTD
20230913,170,0.03162140398920382,-0.00021589260037501064,0.006479481641468721,wf2023,LRTD
20230914,171,0.008869342276544085,5.167251338158746e-05,0.0021645021645021467,wf2023,LRTD
20230915,172,-0.0021513306276153164,-0.0008190982484279899,0.00649350649350644,wf2023,LRTD
20230918,173,-0.008275286656430035,-0.0030460262178017717,0.0021739130434782483,wf2023,LRTD
20230919,174,0.028208684468564973,-0.0013851459333391056,0.008658008658008698,wf2023,LRTD
20230920,175,0.1191726957329333,0.0012783452651984597,0.008639308855291628,wf2023,LRTD
20230921,176,-0.015862996699886882,0.004065584232136637,0.0021645021645021467,wf2023,LRTD
20230922,177,-0.0009845993364120253,0.0008933650285466652,0.006479481641468721,wf2023,LRTD
20230925,178,0.030872906181846693,0.0014616618768081295,0.006479481641468721,wf2023,LRTD
20230926,179,0.08331749823651453,0.00202241196499683,0.006479481641468721,wf2023,LRTD
20230927,180,0.020730734513597655,0.0015516108391084148,0.008639308855291628,wf2023,LRTD
20230928,181,-0.032171594153198736,0.0023881576322481186,0.023605150214592308,wf2023,LRTD
20231009,182,0.008462675113192587,0.0019235799005054982,0.008676789587852451,wf2023,LRTD
20231010,183,0.06867008050182118,0.003289121910098117,0.030042918454935674,wf2023,LRTD
20231011,184,0.018329430868875483,-0.0013660870723920934,0.017241379310344862,wf2023,LRTD
20231012,185,0.08128562251375936,0.00012256627713336417,0.015086206896551713,wf2023,LRTD
20231013,186,-0.03454924564345929,-0.0011232148303013268,0.008639308855291628,wf2023,LRTD
20231016,187,0.041224816985726796,-0.0007996970184735012,0.010822510822510845,wf2023,LRTD
20231017,188,0.07443140710371221,-0.0019442264321970527,0.010822510822510845,wf2023,LRTD
20231018,189,0.0994384427969601,0.00038638686213681925,0.002169197396963085,wf2023,LRTD
20231019,190,-0.13232671142362765,-0.00409376743798745,0.0043290043290042934,wf2023,LRTD
20231020,191,0.005052394059395369,-0.0034790575825860946,0.008639308855291628,wf2023,LRTD
20231023,192,0.03327869883454661,-0.0003248395764798191,0.002169197396963085,wf2023,LRTD
20231024,193,0.03952306754037907,-0.004696723436096893,0.0193965517241379,wf2023,LRTD
20231025,194,0.08373982735911085,0.0035412017068697454,0.006535947712418277,wf2023,LRTD
20231026,195,0.014964381501071369,0.00250216936493409,0.023706896551724088,wf2023,LRTD
20231027,196,0.003930211667582126,0.006260810376185023,0.027956989247311825,wf2023,LRTD
20231030,197,0.09556075986725227,-0.0019379195651520035,0.017353579175705014,wf2023,LRTD
20231031,198,0.10966465009657718,0.0001554420725142151,0.015151515151515138,wf2023,LRTD
20231101,199,0.05809823737873385,-0.0016414214539863057,0.01295896328293733,wf2023,LRTD
20231102,200,0.06770500903403624,0.005357891231977482,0.010799136069114423,wf2023,LRTD
20231103,201,-0.10863657945950012,0.004730647422900868,0.00649350649350644,wf2023,LRTD
20231106,202,-0.011566303997856641,0.0017916116440551775,0.008676789587852451,wf2023,LRTD
20231107,203,0.06317549757632648,0.00018973986785356567,0.010845986984815648,wf2023,LRTD
20231108,204,0.12701019783106693,0.0007971366545331086,0.004347826086956497,wf2023,LRTD
20231109,205,0.12057775711489833,0.00021543323097631068,0.008658008658008698,wf2023,LRTD
20231110,206,0.07433986231658578,7.364193021631472e-05,0.0,wf2023,LRTD
20231113,207,-0.023422104879315078,0.0024102152404396216,0.002169197396963085,wf2023,LRTD
20231114,208,0.09845184632036662,0.0021521962299861745,0.017241379310344862,wf2023,LRTD
20231115,209,0.04092946584545223,-0.002164997373033697,0.0193965517241379,wf2023,LRTD
20231116,210,0.15699194728056054,0.0022008641722532796,0.008658008658008698,wf2023,LRTD
20231117,211,0.03038147737640099,0.00038505294213266907,0.002169197396963085,wf2023,LRTD
20231120,212,0.13148266089401883,-0.0020735535046069965,0.008676789587852451,wf2023,LRTD
20231121,213,0.009268073716404224,-0.0024163876372619315,0.01943844492440605,wf2023,LRTD
20231122,214,0.17287888999433265,0.0012899008849788385,0.008676789587852451,wf2023,LRTD
20231123,215,0.12475706784598305,-0.002451402724324243,0.006507592190889366,wf2023,LRTD
20231124,216,0.1541779582791799,0.0032185831994405445,0.015086206896551713,wf2023,LRTD
20231127,217,0.08468889464419962,0.0005198736695438367,0.010799136069114423,wf2023,LRTD
20231128,218,0.12353772056781646,0.0008163801290590285,0.01295896328293733,wf2023,LRTD
20231129,219,0.04278265817957172,-0.000873194137490649,0.010799136069114423,wf2023,LRTD
20231130,220,0.08060578149284663,0.0028027645295977312,0.0021645021645021467,wf2023,LRTD
20231201,221,0.08181552448981191,-0.00043919317970535026,0.015086206896551713,wf2023,LRTD
20231204,222,0.05520117432908939,-0.003990877401101871,0.012987012987012991,wf2023,LRTD
20231205,223,0.04301688965681594,-0.0008271409262145995,0.01295896328293733,wf2023,LRTD
20231206,224,-0.019313742922219213,0.0009342090358650007,0.012931034482758674,wf2023,LRTD
20231207,225,-0.03932283437988997,0.006430375089051181,0.002169197396963085,wf2023,LRTD
20231208,226,0.13503539536248127,0.0009847012558337372,0.023605150214592308,wf2023,LRTD
20231211,227,0.014627544766850346,-0.000983935122873929,0.008639308855291628,wf2023,LRTD
20231212,228,0.12259540075757325,-0.001975643346827701,0.01295896328293733,wf2023,LRTD
20231213,229,0.13166236005756304,-0.0011110881502106752,0.01295896328293733,wf2023,LRTD
20231214,230,0.03164516453148753,-0.0009531746493124092,0.00649350649350644,wf2023,LRTD
20231215,231,0.13694653826430683,-0.00014890864121082543,0.008658008658008698,wf2023,LRTD
20231218,232,0.17614928797900112,0.002640852548815697,0.010799136069114423,wf2023,LRTD
20231219,233,0.00807668417281587,-0.0022381590988834587,0.012931034482758674,wf2023,LRTD
20231220,234,0.053903758219180344,-5.39991602853656e-05,0.0,wf2023,LRTD
20231221,235,-0.0038379294671293273,-0.003328825934862164,0.0,wf2023,LRTD
20231222,236,0.07009772384443679,0.003821149836340393,0.0021645021645021467,wf2023,LRTD
20231225,237,-0.01308909278213659,-0.004469565133865724,0.0021645021645021467,wf2023,LRTD
20231226,238,0.1788242196634156,0.00131496217803884,0.002169197396963085,wf2023,LRTD
20231227,239,0.027089542519554935,0.004187985296229584,0.01935483870967747,wf2023,LRTD
20231228,240,0.10762632907550868,0.003983481048212259,0.010822510822510845,wf2023,LRTD
20231229,241,0.029529320808524075,-0.0056486389601797145,0.028017241379310387,wf2023,LRTD
20240808,145,0.11225843370913262,0.001848986618655987,0.008714596949891074,confirm2024,H01
20240809,146,0.1795726179415398,-0.0005930349176819115,0.017278617710583144,confirm2024,H01
20240812,147,0.1106706057309196,0.0004948280344374651,0.0043290043290042934,confirm2024,H01
20240813,148,-0.09460427174101313,-0.002136331462079642,0.002169197396963085,confirm2024,H01
20240814,149,-0.05426504506809376,-0.00036908107750031026,0.01295896328293733,confirm2024,H01
20240815,150,0.06209114990662495,0.002285728229696866,0.0021739130434782483,confirm2024,H01
20240816,151,0.17178402702404574,-0.002526099755073606,0.010822510822510845,confirm2024,H01
20240819,152,0.07121687203292142,0.00026881377341096344,0.0021739130434782483,confirm2024,H01
20240820,153,0.0665758962237702,0.001208318590851647,0.017241379310344862,confirm2024,H01
20240821,154,0.15374927860356644,0.00033176335860814893,0.004338394793926281,confirm2024,H01
20240822,155,0.04061907286635037,-0.00021705416991729936,0.0193965517241379,confirm2024,H01
20240823,156,0.08007977975078139,-0.0009050729586595196,0.004338394793926281,confirm2024,H01
20240826,157,0.06452983572325653,-0.0013824540358776428,0.004347826086956497,confirm2024,H01
20240827,158,0.13750325414976458,0.0028437141120193563,0.006521739130434745,confirm2024,H01
20240828,159,0.07546938274458591,0.005573685139738559,0.02155172413793105,confirm2024,H01
20240829,160,0.031719362961929454,0.001750371464934758,0.023706896551724088,confirm2024,H01
20240830,161,-0.05663867598077625,-0.0037986876029581455,0.008714596949891074,confirm2024,H01
20240902,162,0.15750955761357446,0.004515496315251621,0.015184381778741818,confirm2024,H01
20240903,163,0.15202000300389654,0.0019092739025510872,0.017316017316017285,confirm2024,H01
20240904,164,0.08602351780412877,0.0012501928320630823,0.015151515151515138,confirm2024,H01
20240905,165,0.05704372774261538,-0.001970478444224936,0.008676789587852451,confirm2024,H01
20240906,166,0.11086209078449079,-0.00021399445593332572,0.02155172413793105,confirm2024,H01
20240909,167,0.005513944869094932,0.001147531178972123,0.010822510822510845,confirm2024,H01
20240910,168,0.11379305629483397,0.003956492445115161,0.015118790496760237,confirm2024,H01
20240911,169,0.04133130638102906,-0.0008657401029913653,0.01935483870967747,confirm2024,H01
20240912,170,-0.005154218979302796,-0.002234158354578273,0.00649350649350644,confirm2024,H01
20240913,171,0.03396683546192771,-0.0010110085028301671,0.008658008658008698,confirm2024,H01
20240918,172,0.012161809120448107,-0.00022707175593349171,0.00649350649350644,confirm2024,H01
20240919,173,-0.038053286161196895,-0.0008141398301344965,0.008676789587852451,confirm2024,H01
20240920,174,0.05929691132521577,-0.0004015637329770833,0.028017241379310387,confirm2024,H01
20240923,175,0.09160375951714538,0.0037355868744210624,0.017316017316017285,confirm2024,H01
20240924,176,0.04611070816026516,-0.0014135837180860363,0.01521739130434785,confirm2024,H01
20240925,177,0.2100746998412854,0.0014315814131927382,0.0195227765726681,confirm2024,H01
20240926,178,0.15652938877836894,0.01026120562710945,0.04103671706263501,confirm2024,H01
20240927,179,0.04070931429040495,0.018362471820381795,0.028508771929824595,confirm2024,H01
20240930,180,0.11846022273187738,0.028122923858676305,0.1466666666666666,confirm2024,H01
20241008,181,0.37702630217573346,-0.0023070410106920125,0.214123006833713,confirm2024,H01
20241009,182,0.35258696166264647,0.007872390555736321,0.14470842332613387,confirm2024,H01
20241010,183,0.2603968670419756,0.0028329362670974287,0.028017241379310387,confirm2024,H01
20241011,184,-0.08563363656768795,-0.0028643901726249435,0.0406852248394004,confirm2024,H01
20241014,185,0.09644293175619055,0.0007117943605891627,0.013071895424836555,confirm2024,H01
20241015,186,0.06355475300090646,-0.000866306008987708,0.03879310344827591,confirm2024,H01
20241016,187,-0.07407642339890896,0.0010274791336523587,0.02386117136659438,confirm2024,H01
20241017,188,-0.06420316404965802,-0.0005067913585764354,0.025974025974025983,confirm2024,H01
20241018,189,-0.20370889848734683,-0.002168915220653817,0.01091703056768556,confirm2024,H01
20241021,190,0.24493170958467603,0.0033663863067719957,0.01538461538461533,confirm2024,H01
20241022,191,0.24268779206006977,0.0012736529888331058,0.03703703703703709,confirm2024,H01
20241023,192,0.23481035106863807,0.0001041613512785442,0.045454545454545414,confirm2024,H01
20241024,193,-0.006437550722371654,-0.0007231301255816516,0.01754385964912286,confirm2024,H01
20241025,194,0.06973450106780818,-0.006095841659505129,0.013274336283185861,confirm2024,H01
20241028,195,0.2267268609285987,0.003361718343376601,0.020179372197309364,confirm2024,H01
20241029,196,0.05146154302151811,-0.0011787682417814366,0.05908096280087527,confirm2024,H01
20241030,197,-0.07871119930038599,-0.006707026404218695,0.02207505518763797,confirm2024,H01
20241031,198,0.39845460244161895,0.008629856949382095,0.004484304932735439,confirm2024,H01
20241101,199,0.18429540055088417,0.0019118123546242038,0.03719912472647702,confirm2024,H01
20241104,200,-0.09052094072941602,-0.004059288607867053,0.02197802197802201,confirm2024,H01
20241105,201,0.14816621722632242,-0.0002204590915823139,0.024390243902439046,confirm2024,H01
20241106,202,0.051836108425028116,-0.004160182666659948,0.03956043956043953,confirm2024,H01
20241107,203,0.06528885566254278,0.0004986114316326326,0.013392857142857095,confirm2024,H01
20241108,204,-0.011674950534789171,3.5077827309389076e-06,0.026548672566371723,confirm2024,H01
20241111,205,0.23752633001971304,0.0019903214042093116,0.01552106430155209,confirm2024,H01
20241112,206,0.12979422418614275,0.0017194445310932806,0.0393013100436681,confirm2024,H01
20241113,207,0.3289158192656653,0.003939156252932979,0.015283842794759805,confirm2024,H01
20241114,208,0.15850449718275936,0.0021287470006937405,0.01948051948051943,confirm2024,H01
20241115,209,0.2735839147584998,0.0032713998287925254,0.004357298474945481,confirm2024,H01
20241118,210,0.21074470871561926,0.0015641351191220919,0.01089324618736387,confirm2024,H01
20241119,211,4.636372318058481e-05,-0.0049257866853745745,0.019565217391304346,confirm2024,H01
20241120,212,0.19956493117355192,0.0006420283844397645,0.01538461538461533,confirm2024,H01
20241121,213,0.1675494791146901,-0.00027168256549079534,0.017621145374449365,confirm2024,H01
20241122,214,0.04974857057463973,-0.0006518838007112705,0.019607843137254943,confirm2024,H01
20241125,215,0.2216277716463112,0.001477354881869895,0.01969365426695846,confirm2024,H01
20241126,216,0.11755623337489472,0.001394024563034002,0.03056768558951961,confirm2024,H01
20241127,217,0.0743831723679273,-0.001621075031374565,0.017467248908296984,confirm2024,H01
20241128,218,0.08890401560468757,0.0013042554441204095,0.017467248908296984,confirm2024,H01
20241129,219,-0.04841961374528229,-0.0026469437323162863,0.015350877192982448,confirm2024,H01
20241202,220,0.1623722602937242,0.001273065003354649,0.008869179600886956,confirm2024,H01
20241203,221,0.21578490796603017,0.0021941535114257185,0.035010940919037226,confirm2024,H01
20241204,222,-0.02065158442698894,-0.0019480228622059687,0.013157894736842146,confirm2024,H01
20241205,223,0.1662191678895139,-0.0014949225893105857,0.013157894736842146,confirm2024,H01
20241206,224,0.16266409046803015,0.003561913287050771,0.034858387799564294,confirm2024,H01
20241209,225,0.0005551361189713633,-0.0014359174400290818,0.026200873362445365,confirm2024,H01
20241210,226,0.07547854552793445,-0.0011039398565883922,0.013157894736842146,confirm2024,H01
20241211,227,0.16850671542707332,-0.0008825335483887576,0.008830022075055233,confirm2024,H01
20241212,228,0.13936867278640272,-9.45252274052108e-06,0.02637362637362639,confirm2024,H01
20241213,229,0.17730561908971829,0.0011447197512383842,0.024070021881838044,confirm2024,H01
20241216,230,0.31608824970495264,0.00905528005623936,0.017505470459518557,confirm2024,H01
20241217,231,0.024080967552548002,0.00045966580288359354,0.023809523809523836,confirm2024,H01
20241218,232,-0.01320745787812157,0.0028865629271440318,0.015184381778741818,confirm2024,H01
20241219,233,-0.17020644152435171,-0.0018186580013064956,0.030303030303030276,confirm2024,H01
20241220,234,0.25899946552971403,0.010184047163038935,0.015250544662309351,confirm2024,H01
20241223,235,0.05700978194653333,0.004784891681527462,0.017316017316017285,confirm2024,H01
20241224,236,0.2725990158449675,0.005839852179533728,0.010845986984815648,confirm2024,H01
20241225,237,-0.04870996847591257,-0.0009069116323707372,0.021598272138228958,confirm2024,H01
20241226,238,0.18520007876940178,-0.0013104072504151083,0.013043478260869601,confirm2024,H01
20241227,239,0.09203080235559323,0.0017317343165203555,0.02813852813852813,confirm2024,H01
20241230,240,0.259901931059291,0.0033897047638376566,0.004357298474945481,confirm2024,H01
20241231,241,0.10391295765331635,-2.850683451757763e-05,0.008676789587852451,confirm2024,H01
20240808,145,0.1413334539839566,0.002162590819487285,0.013043478260869601,confirm2024,L2
20240809,146,0.2036719366462154,0.0025565314645233216,0.017278617710583144,confirm2024,L2
20240812,147,0.13514204495575516,0.0023310377472849494,0.008639308855291628,confirm2024,L2
20240813,148,-0.05429536032829629,-0.0007894573064166866,0.010799136069114423,confirm2024,L2
20240814,149,-0.030574763685568388,-0.00033631121993014414,0.008658008658008698,confirm2024,L2
20240815,150,0.05949889179424033,0.002768994127383448,0.0021739130434782483,confirm2024,L2
20240816,151,0.2299121712708191,0.0030993864339485793,0.015118790496760237,confirm2024,L2
20240819,152,0.07068133246899815,-0.0012253837727996368,0.0021739130434782483,confirm2024,L2
20240820,153,0.02857174909623005,-0.001151328780270256,0.021505376344086002,confirm2024,L2
20240821,154,0.18218985784140643,0.0027831534823296,0.004338394793926281,confirm2024,L2
20240822,155,0.04397719772034959,-0.001312571393933198,0.0193965517241379,confirm2024,L2
20240823,156,0.09824180681713887,0.002482408054926867,0.017241379310344862,confirm2024,L2
20240826,157,0.10714790754086999,0.0026338964908044077,0.02155172413793105,confirm2024,L2
20240827,158,0.1258197818495409,0.000845330049179656,0.010845986984815648,confirm2024,L2
20240828,159,0.0208183089484579,-0.0014079813614467258,0.004347826086956497,confirm2024,L2
20240829,160,-0.007593592627251252,-0.0014381778534457886,0.002178649237472796,confirm2024,L2
20240830,161,0.005539206590797447,0.0005196167149737543,0.008714596949891074,confirm2024,L2
20240902,162,0.08137846999698674,0.0002020783783209714,0.015184381778741818,confirm2024,L2
20240903,163,0.14000941560645347,0.00027998278853728475,0.017316017316017285,confirm2024,L2
20240904,164,0.08078696888712873,0.002024730429178088,0.01943844492440605,confirm2024,L2
20240905,165,0.097896697168277,-0.0009680974196293046,0.012987012987012991,confirm2024,L2
20240906,166,0.10650089656124131,-0.0004778363729661429,0.008676789587852451,confirm2024,L2
20240909,167,-0.014825183366580466,0.002644107271752648,0.006507592190889366,confirm2024,L2
20240910,168,0.08679479534298955,0.0012691840144453004,0.0193965517241379,confirm2024,L2
20240911,169,0.06113803278095453,-0.00032496651909251365,0.01935483870967747,confirm2024,L2
20240912,170,0.034418338206548306,0.00042335329778920086,0.002169197396963085,confirm2024,L2
20240913,171,0.035751263845422494,-0.0020874066693567176,0.008658008658008698,confirm2024,L2
20240918,172,0.0027978144729770837,0.00042809247110990253,0.00649350649350644,confirm2024,L2
20240919,173,-0.02484645798056187,-0.0014396065545826905,0.008676789587852451,confirm2024,L2
20240920,174,0.06011027422081715,0.0011235211106481206,0.015184381778741818,confirm2024,L2
20240923,175,0.09124749161899415,0.003233981177122064,0.017316017316017285,confirm2024,L2
20240924,176,0.08026895752482469,0.0016890592121523423,0.0065502183406113135,confirm2024,L2
20240925,177,0.20198338648082542,0.0018579764209475241,0.0065502183406113135,confirm2024,L2
20240926,178,0.05670442719108454,0.0017087264372750363,0.01965065502183405,confirm2024,L2
20240927,179,-0.03138686493575099,0.008684845921166473,0.015452538631346546,confirm2024,L2
20240930,180,0.06954487071573559,0.011171635872943217,0.1466666666666666,confirm2024,L2
20241008,181,0.3665784210341107,-0.0061959158516802365,0.16393442622950816,confirm2024,L2
20241009,182,0.38325594282050407,0.010634895312954095,0.1285403050108932,confirm2024,L2
20241010,183,0.23807113710016226,-0.00024501419408615166,0.023758099352051865,confirm2024,L2
20241011,184,-0.09136417983331684,-0.0015163853404334543,0.010869565217391353,confirm2024,L2
20241014,185,0.07847093821434627,-0.0017976827120539662,0.013071895424836555,confirm2024,L2
20241015,186,0.10102888967389054,0.0004925987175720421,0.021739130434782594,confirm2024,L2
20241016,187,-0.10017028309263835,-0.002206730129960398,0.006564551422319487,confirm2024,L2
20241017,188,-0.10316516605737006,-0.001875743542249557,0.017391304347826098,confirm2024,L2
20241018,189,-0.18991230321762861,-0.0030228957031759596,0.01091703056768556,confirm2024,L2
20241021,190,0.2422815142786435,0.0029477438176163315,0.011013215859030812,confirm2024,L2
20241022,191,0.2142935460162832,-0.0002416590320676727,0.01103752759381893,confirm2024,L2
20241023,192,0.22041164476591826,-0.0016310285320235538,0.0326797385620915,confirm2024,L2
20241024,193,-0.011016633392653305,-0.002167340064083631,0.008810572687224627,confirm2024,L2
20241025,194,0.08411279514853924,-0.0017761797791882791,0.022026431718061623,confirm2024,L2
20241028,195,0.2065430431827276,5.203720411163862e-05,0.020179372197309364,confirm2024,L2
20241029,196,0.034187948561548075,-0.003659257755430341,0.0633187772925764,confirm2024,L2
20241030,197,-0.054055193627025315,-0.0030559016752895844,0.008888888888888835,confirm2024,L2
20241031,198,0.4008567491545651,0.00987206239357754,0.03532008830022071,confirm2024,L2
20241101,199,0.2063977545959433,0.0032364626094854056,0.03719912472647702,confirm2024,L2
20241104,200,-0.13068788746956939,-0.004952717464061517,0.013245033112582738,confirm2024,L2
20241105,201,0.13943362778176713,-0.00033584420230413446,0.020000000000000018,confirm2024,L2
20241106,202,0.09782244063082672,0.0012233886564164513,0.026548672566371723,confirm2024,L2
20241107,203,0.028215849485529094,-0.0014390980760204054,0.013392857142857095,confirm2024,L2
20241108,204,0.004942236625582029,-0.0011829430709015855,0.030905077262693204,confirm2024,L2
20241111,205,0.2529762105618467,0.004335552220974138,0.01552106430155209,confirm2024,L2
20241112,206,0.11387671355771158,0.0019510627888527214,0.035010940919037226,confirm2024,L2
20241113,207,0.3403435695371279,0.002244169269693695,0.023913043478260843,confirm2024,L2
20241114,208,0.1962087069665213,0.004056365502014677,0.010869565217391353,confirm2024,L2
20241115,209,0.32642937103673875,0.007252166080884281,0.013015184381778733,confirm2024,L2
20241118,210,0.19863540954879216,0.0006178194329376115,0.02807775377969768,confirm2024,L2
20241119,211,-0.012680460422153166,-0.002638280893118291,0.02386117136659438,confirm2024,L2
20241120,212,0.20324175787532678,-5.833068344864847e-05,0.01538461538461533,confirm2024,L2
20241121,213,0.19909963541014658,-0.0014831544961715001,0.03493449781659386,confirm2024,L2
20241122,214,0.07360814567504381,0.0011684274030016074,0.019607843137254943,confirm2024,L2
20241125,215,0.2494351383129989,0.003726090729134523,0.01969365426695846,confirm2024,L2
20241126,216,0.056613663901177454,-0.0019063745121631632,0.034858387799564294,confirm2024,L2
20241127,217,0.09538721487624033,-0.0003545591770446998,0.013129102844638973,confirm2024,L2
20241128,218,0.08193498464132694,0.000748265157767089,0.017467248908296984,confirm2024,L2
20241129,219,-0.03592036976233438,-0.001029927998155298,0.0066079295154185536,confirm2024,L2
20241202,220,0.13946383421424172,-0.00044115982035125155,0.013274336283185861,confirm2024,L2
20241203,221,0.23201406264883517,0.0025772276597378733,0.022026431718061623,confirm2024,L2
20241204,222,-0.04522245875351054,-0.00042203603804815727,0.02614379084967322,confirm2024,L2
20241205,223,0.18122277743469453,0.0013992232222421082,0.02614379084967322,confirm2024,L2
20241206,224,0.18509148696792385,0.003291898824393251,0.013215859030836996,confirm2024,L2
20241209,225,-0.03336300173157775,-0.0028583550177517054,0.034782608695652195,confirm2024,L2
20241210,226,0.06895389060297964,-0.0009393949806070986,0.017505470459518557,confirm2024,L2
20241211,227,0.18638950000373725,0.00043200592120445046,0.013215859030836996,confirm2024,L2
20241212,228,0.1357038546661171,-0.0005153620498185886,0.013274336283185861,confirm2024,L2
20241213,229,0.19806205555717168,0.0026544173436299995,0.024070021881838044,confirm2024,L2
20241216,230,0.2938009674159501,0.005664191794852849,0.013157894736842146,confirm2024,L2
20241217,231,0.03931816264348491,-0.0012164601430422364,0.023809523809523836,confirm2024,L2
20241218,232,-0.01576845863112591,0.0002557910558423199,0.015184381778741818,confirm2024,L2
20241219,233,-0.13624567802069318,0.00012317072024138447,0.013100436681222738,confirm2024,L2
20241220,234,0.23706256730129244,0.007374331853125991,0.01091703056768556,confirm2024,L2
20241223,235,0.04244107998928135,0.002768446200528761,0.017316017316017285,confirm2024,L2
20241224,236,0.28600678231999666,0.0026856433724565497,0.010845986984815648,confirm2024,L2
20241225,237,-0.10829976304882472,-0.0033640256156723183,0.017316017316017285,confirm2024,L2
20241226,238,0.2055930239580634,-0.00037150725073784377,0.013043478260869601,confirm2024,L2
20241227,239,0.07680987199263456,0.00044666090886992353,0.006564551422319487,confirm2024,L2
20241230,240,0.2692787679391291,0.002722006654522848,0.013015184381778733,confirm2024,L2
20241231,241,0.0277340602035397,-0.0005523448178087649,0.017278617710583144,confirm2024,L2
20240808,145,0.17180856802123667,0.0033191136202256584,0.004366812227074246,confirm2024,L2R
20240809,146,0.2495329314104896,0.005502350215817805,0.012987012987012991,confirm2024,L2R
20240812,147,0.10319579155163928,-2.2002270637943612e-05,0.0,confirm2024,L2R
20240813,148,-0.04695387947849539,-0.0004658731094346995,0.00649350649350644,confirm2024,L2R
20240814,149,-0.040996071669365496,-0.0013062453864034597,0.01295896328293733,confirm2024,L2R
20240815,150,0.060696173445884495,0.0008285235447000171,0.0021739130434782483,confirm2024,L2R
20240816,151,0.2876565811522552,0.005628610795728882,0.0021739130434782483,confirm2024,L2R
20240819,152,0.1352499376099319,0.0026383536078700715,0.0021739130434782483,confirm2024,L2R
20240820,153,0.022280961454447256,-0.0031931021176660663,0.008658008658008698,confirm2024,L2R
20240821,154,0.2510638862426926,0.0071778809742271445,0.004338394793926281,confirm2024,L2R
20240822,155,0.07135289180787584,0.0010070356643942738,0.0021739130434782483,confirm2024,L2R
20240823,156,0.06227774396259048,-0.0020407783256667367,0.0,confirm2024,L2R
20240826,157,0.16813560012135761,0.006751473367275483,0.012987012987012991,confirm2024,L2R
20240827,158,0.06754050508083427,-0.003173460050969807,0.006521739130434745,confirm2024,L2R
20240828,159,-0.061862886499492314,-0.01224355880713566,0.0,confirm2024,L2R
20240829,160,-0.11276779264715873,-0.009107690280879882,0.002178649237472796,confirm2024,L2R
20240830,161,0.07540889838513601,0.005403297615852632,0.004366812227074246,confirm2024,L2R
20240902,162,-0.01574913514235759,-0.006903953423548126,0.010869565217391353,confirm2024,L2R
20240903,163,0.15794531107587578,6.754024231712778e-05,0.004357298474945481,confirm2024,L2R
20240904,164,0.024416668525201593,-0.003446939116141335,0.010845986984815648,confirm2024,L2R
20240905,165,0.1924881198276101,0.005794748534227647,0.004347826086956497,confirm2024,L2R
20240906,166,0.06403832223446881,-0.003852326614124643,0.008676789587852451,confirm2024,L2R
20240909,167,-0.04967442020509154,-0.00279422662594974,0.0021739130434782483,confirm2024,L2R
20240910,168,0.07646609901869957,-0.00262862272195267,0.006507592190889366,confirm2024,L2R
20240911,169,0.11760457749962652,0.0025341331160040536,0.00649350649350644,confirm2024,L2R
20240912,170,0.13744508903971192,0.006554359923141838,0.002169197396963085,confirm2024,L2R
20240913,171,0.09107849914142538,0.004017806065753212,0.004338394793926281,confirm2024,L2R
20240918,172,-0.015966904575964544,-0.006101330575899049,0.00649350649350644,confirm2024,L2R
20240919,173,0.028129448516700135,0.0002876763330070574,0.008676789587852451,confirm2024,L2R
20240920,174,0.07886758375575854,0.0008445915868488768,0.006535947712418277,confirm2024,L2R
20240923,175,0.08979595507447315,0.002610481277852482,0.0,confirm2024,L2R
20240924,176,0.10039028102964416,0.001953282319821826,0.0065502183406113135,confirm2024,L2R
20240925,177,0.20543893534552796,0.0006186201407439376,0.01089324618736387,confirm2024,L2R
20240926,178,-0.048044595310709114,-0.014601280430996393,0.01965065502183405,confirm2024,L2R
20240927,179,-0.1581262887575404,-0.014323234665839513,0.01982378854625555,confirm2024,L2R
20240930,180,-0.011798281474036346,-0.02150986542360274,0.1466666666666666,confirm2024,L2R
20241008,181,0.4494330612373701,0.01513753424358169,0.06896551724137934,confirm2024,L2R
20241009,182,0.40033621599356145,0.01666262356677225,0.1366594360086768,confirm2024,L2R
20241010,183,0.2988361916095832,0.00804342135802328,0.028017241379310387,confirm2024,L2R
20241011,184,-0.10026636705318147,-0.00520195609534475,0.015184381778741818,confirm2024,L2R
20241014,185,0.05568876041887474,-0.003776078854201198,0.013071895424836555,confirm2024,L2R
20241015,186,0.11560892853383675,0.004163868157044931,0.013100436681222738,confirm2024,L2R
20241016,187,-0.12313132111383276,-0.005650916951394184,0.019565217391304346,confirm2024,L2R
20241017,188,-0.10432457257843024,-0.007510433698465421,0.017391304347826098,confirm2024,L2R
20241018,189,-0.24359527851511995,-0.009899619456638371,0.01091703056768556,confirm2024,L2R
20241021,190,0.23396982735977354,0.0010345447239972754,0.011013215859030812,confirm2024,L2R
20241022,191,0.23544004412476818,0.0020276307258482963,0.006637168141592875,confirm2024,L2R
20241023,192,0.24039419703983553,-0.0004572406046216338,0.024070021881838044,confirm2024,L2R
20241024,193,-0.027603736890213375,-0.007496324016643996,0.004415011037527616,confirm2024,L2R
20241025,194,0.06904046427083747,-0.005881928612309073,0.013274336283185861,confirm2024,L2R
20241028,195,0.24270303909146987,0.001666502062429187,0.020179372197309364,confirm2024,L2R
20241029,196,0.03300251224015258,-0.004470120908698575,0.04194260485651213,confirm2024,L2R
20241030,197,-0.07111650031540705,-0.007206796561664385,0.008888888888888835,confirm2024,L2R
20241031,198,0.4416992950847757,0.02198549295221011,0.013392857142857095,confirm2024,L2R
20241101,199,0.14178906344576878,-0.003067268180801351,0.03289473684210531,confirm2024,L2R
20241104,200,-0.14552669032708296,-0.007895975193775412,0.013245033112582738,confirm2024,L2R
20241105,201,0.14402996638184073,-0.002989506338885984,0.011160714285714302,confirm2024,L2R
20241106,202,0.09836811661939493,0.002192966836982335,0.026548672566371723,confirm2024,L2R
20241107,203,0.003105160524982312,-0.0066711360048348515,0.013392857142857095,confirm2024,L2R
20241108,204,-0.05992185039465557,-0.010287001772440763,0.026548672566371723,confirm2024,L2R
20241111,205,0.24961213417176753,0.002649702400016841,0.011111111111111072,confirm2024,L2R
20241112,206,0.13144268459394914,0.0023925826387038358,0.030701754385964897,confirm2024,L2R
20241113,207,0.37830393961904374,0.008059083445639045,0.01094091903719907,confirm2024,L2R
20241114,208,0.234667264000731,0.007231411846484417,0.010869565217391353,confirm2024,L2R
20241115,209,0.4239086080776675,0.019177551934867716,0.004357298474945481,confirm2024,L2R
20241118,210,0.10057742120789144,-0.008647196135002111,0.023809523809523836,confirm2024,L2R
20241119,211,-0.06261130351111553,-0.008609239530847076,0.002192982456140302,confirm2024,L2R
20241120,212,0.18822639868679492,-0.0007638362396241358,0.01538461538461533,confirm2024,L2R
20241121,213,0.245071374153269,0.0031864306072510104,0.02197802197802201,confirm2024,L2R
20241122,214,0.020359150635136478,-0.003880880900418434,0.015283842794759805,confirm2024,L2R
20241125,215,0.28636562523467474,0.0071234198399622245,0.01969365426695846,confirm2024,L2R
20241126,216,0.06704847999517113,-0.0040365120634459645,0.01758241758241763,confirm2024,L2R
20241127,217,0.12348440589724685,0.00019727084773009883,0.013129102844638973,confirm2024,L2R
20241128,218,0.05389053033295512,-0.0029368167492819872,0.00439560439560438,confirm2024,L2R
20241129,219,-0.06096809137454312,-0.006533893589237123,0.01969365426695846,confirm2024,L2R
20241202,220,0.16583256363650384,0.0009601747650185184,0.013274336283185861,confirm2024,L2R
20241203,221,0.25001888793780064,0.004379254568252685,0.013274336283185861,confirm2024,L2R
20241204,222,-0.10670778019694957,-0.008180863801251397,0.00879120879120876,confirm2024,L2R
20241205,223,0.21475469265678301,0.0016665355946398844,0.00879120879120876,confirm2024,L2R
20241206,224,0.18854890885252215,0.0024275961502306883,0.0,confirm2024,L2R
20241209,225,-0.024153632150180553,-0.0035880377852150185,0.021881838074398252,confirm2024,L2R
20241210,226,0.05906864353236687,-0.004191467057404842,0.02614379084967322,confirm2024,L2R
20241211,227,0.20229713995075355,0.002348341910832632,0.008830022075055233,confirm2024,L2R
20241212,228,0.14159486820688721,-0.001236691993009957,0.017660044150110354,confirm2024,L2R
20241213,229,0.22245867983027032,0.0065396131351318585,0.011013215859030812,confirm2024,L2R
20241216,230,0.3571569061026713,0.01536225522000613,0.00879120879120876,confirm2024,L2R
20241217,231,0.02779704749619167,-0.0030949690858458846,0.0195227765726681,confirm2024,L2R
20241218,232,-0.030505705826622233,-0.0030657523519311857,0.015184381778741818,confirm2024,L2R
20241219,233,-0.19936191172630538,-0.006742758119747585,0.008752735229759279,confirm2024,L2R
20241220,234,0.3502695608479488,0.02133856436727658,0.006564551422319487,confirm2024,L2R
20241223,235,0.04221134516055066,0.002551695781534526,0.017316017316017285,confirm2024,L2R
20241224,236,0.3149168983587984,0.010789516311235795,0.010845986984815648,confirm2024,L2R
20241225,237,-0.15433914542004404,-0.008771064986193695,0.013015184381778733,confirm2024,L2R
20241226,238,0.22767863093100488,0.0017842995539289787,0.013043478260869601,confirm2024,L2R
20241227,239,0.1623469200585831,0.005640594591008673,0.015250544662309351,confirm2024,L2R
20241230,240,0.3294589922654427,0.009677017507612068,0.013015184381778733,confirm2024,L2R
20241231,241,0.04516244568431003,-0.0018836450046592415,0.012987012987012991,confirm2024,L2R
20240808,145,0.12184593521670198,0.0021507939287789208,0.017353579175705014,confirm2024,L2W
20240809,146,0.15203956383773928,-0.0006543517709704958,0.02155172413793105,confirm2024,L2W
20240812,147,0.14364768034390188,0.002527661780970545,0.008639308855291628,confirm2024,L2W
20240813,148,-0.042554211245450765,0.002253781629009415,0.010799136069114423,confirm2024,L2W
20240814,149,-0.02099144377747688,0.00200501905952526,0.004338394793926281,confirm2024,L2W
20240815,150,0.03884186364345231,0.0009739926684140341,0.010822510822510845,confirm2024,L2W
20240816,151,0.17977650604439133,-0.0003244360916397223,0.010822510822510845,confirm2024,L2W
20240819,152,0.08281677046932114,0.0009982979813966952,0.010822510822510845,confirm2024,L2W
20240820,153,0.06397420584308457,0.0017541336114094775,0.02997858672376874,confirm2024,L2W
20240821,154,0.1479439141879704,-0.0004062823395646984,0.025751072961373356,confirm2024,L2W
20240822,155,0.028137867526844194,-0.0027727822848587543,0.006507592190889366,confirm2024,L2W
20240823,156,0.10812346194133472,0.0020876965634498337,0.017241379310344862,confirm2024,L2W
20240826,157,0.06453713332632269,0.00047631335834719644,0.012987012987012991,confirm2024,L2W
20240827,158,0.12438412681333431,0.00014989809238486525,0.006521739130434745,confirm2024,L2W
20240828,159,0.06364363412712823,0.0028570263003503127,0.017278617710583144,confirm2024,L2W
20240829,160,0.040954753158455696,0.0025242862351012516,0.01943844492440605,confirm2024,L2W
20240830,161,-0.0336485639352023,-0.0007575942814889419,0.004366812227074246,confirm2024,L2W
20240902,162,0.1359394038247025,0.0035486063945042775,0.015184381778741818,confirm2024,L2W
20240903,163,0.11654311860431213,-0.0023912484173445143,0.021598272138228958,confirm2024,L2W
20240904,164,0.10277226456148833,0.0037539159007581487,0.006521739130434745,confirm2024,L2W
20240905,165,0.04343256103449197,-0.0025451860315886254,0.017278617710583144,confirm2024,L2W
20240906,166,0.11891599684344338,0.00012230724746824457,0.012987012987012991,confirm2024,L2W
20240909,167,0.02179001460314051,0.0024287317981967534,0.0193965517241379,confirm2024,L2W
20240910,168,0.0791437129918675,0.0014940656083003356,0.010822510822510845,confirm2024,L2W
20240911,169,0.025160696227609542,-0.0017501008804455967,0.023605150214592308,confirm2024,L2W
20240912,170,0.016527863130825993,0.00036285763847104455,0.00649350649350644,confirm2024,L2W
20240913,171,0.004878103414234666,-0.004517205121415955,0.01295896328293733,confirm2024,L2W
20240918,172,0.025235387344423054,0.001979255522747171,0.002169197396963085,confirm2024,L2W
20240919,173,-0.01621972609089352,0.0007044865139675645,0.008676789587852451,confirm2024,L2W
20240920,174,0.07506538509232573,0.0016730798934535473,0.015184381778741818,confirm2024,L2W
20240923,175,0.05811826052567382,0.0017923043723180668,0.017316017316017285,confirm2024,L2W
20240924,176,0.08000741197522461,0.0013670727326672467,0.0195227765726681,confirm2024,L2W
20240925,177,0.20852549963693487,5.548009779649671e-05,0.0195227765726681,confirm2024,L2W
20240926,178,0.1254317266336602,0.005999815773709463,0.02826086956521734,confirm2024,L2W
20240927,179,0.05716566443405974,0.019065170056259795,0.015452538631346546,confirm2024,L2W
20240930,180,0.10856181880154549,0.028049673377449694,0.1466666666666666,confirm2024,L2W
20241008,181,0.33608990458691174,-0.014378470547729671,0.2222222222222222,confirm2024,L2W
20241009,182,0.35603274878447333,0.010022840641207582,0.14069264069264065,confirm2024,L2W
20241010,183,0.18723805867372081,-0.004105692971417774,0.028017241379310387,confirm2024,L2W
20241011,184,-0.03573051863553364,0.0021329512309630518,0.006535947712418277,confirm2024,L2W
20241014,185,0.08843221012328864,0.0006761126032700862,0.021691973969631184,confirm2024,L2W
20241015,186,0.09209453737737787,0.0003128340429249107,0.026030368763557465,confirm2024,L2W
20241016,187,-0.06577884397437592,0.0012880906477413853,0.006564551422319487,confirm2024,L2W
20241017,188,-0.01590991862862458,0.0022245108919678735,0.013071895424836555,confirm2024,L2W
20241018,189,-0.13850412226830155,0.002514691534768238,0.02386117136659438,confirm2024,L2W
20241021,190,0.2246403350835387,0.0019599829256104623,0.011013215859030812,confirm2024,L2W
20241022,191,0.1942273780821202,-0.00012098348307141649,0.01103752759381893,confirm2024,L2W
20241023,192,0.20947610307334005,-0.0016714845348860257,0.036956521739130443,confirm2024,L2W
20241024,193,0.012595127365274468,-0.00013857692227009846,0.01754385964912286,confirm2024,L2W
20241025,194,0.08842376484342872,-0.0008083310937893502,0.013274336283185861,confirm2024,L2W
20241028,195,0.20023800436448552,0.0002118753461712447,0.020179372197309364,confirm2024,L2W
20241029,196,0.03113639885071452,-0.0036065734590689357,0.0633187772925764,confirm2024,L2W
20241030,197,-0.04695480356499999,-0.002459986453985423,0.008888888888888835,confirm2024,L2W
20241031,198,0.34893793624921265,0.0009163242065040739,0.030973451327433676,confirm2024,L2W
20241101,199,0.21428240148031025,0.004916925398110363,0.04148471615720528,confirm2024,L2W
20241104,200,-0.08867484103696652,0.0004247211035002148,0.013245033112582738,confirm2024,L2W
20241105,201,0.14858570475430075,0.0007416428814553773,0.024390243902439046,confirm2024,L2W
20241106,202,0.08115107129239399,0.0009070441780527905,0.030905077262693204,confirm2024,L2W
20241107,203,0.04029017745457944,-0.0006326104621628965,0.017817371937639215,confirm2024,L2W
20241108,204,0.03048853374413581,0.004647676078182606,0.026548672566371723,confirm2024,L2W
20241111,205,0.23080132515014776,0.003746741367892781,0.011111111111111072,confirm2024,L2W
20241112,206,0.10642678205959974,0.0024603582883868168,0.04357298474945537,confirm2024,L2W
20241113,207,0.2976416038617769,0.0006417243644354781,0.019607843137254943,confirm2024,L2W
20241114,208,0.1337873515047239,0.0012192417916023664,0.01948051948051943,confirm2024,L2W
20241115,209,0.2545929174852352,-0.0009285605485305666,0.013015184381778733,confirm2024,L2W
20241118,210,0.22818740054846093,0.0036562956501997278,0.0195227765726681,confirm2024,L2W
20241119,211,0.018128272680471996,0.00022940092383463492,0.02813852813852813,confirm2024,L2W
20241120,212,0.20522154246064067,0.001735133788297491,0.028384279475982543,confirm2024,L2W
20241121,213,0.17469678411480385,-0.001971126617714196,0.039215686274509776,confirm2024,L2W
20241122,214,0.07939288785778727,0.0007436664892695299,0.019607843137254943,confirm2024,L2W
20241125,215,0.22429650632952763,0.0027153154420807056,0.01969365426695846,confirm2024,L2W
20241126,216,0.10011554166865137,0.0019524930509924737,0.04338394793926248,confirm2024,L2W
20241127,217,0.09481755377569942,-0.0005531191170003334,0.02608695652173909,confirm2024,L2W
20241128,218,0.08937883002270904,0.0010897931726415108,0.02608695652173909,confirm2024,L2W
20241129,219,-0.022032265862174518,0.0008584774343289997,0.01098901098901095,confirm2024,L2W
20241202,220,0.13361792799322034,0.00011758732165094042,0.05206073752711493,confirm2024,L2W
20241203,221,0.19076570538112056,-1.151971221510957e-05,0.017660044150110354,confirm2024,L2W
20241204,222,0.0006937344905580199,0.002625669740115079,0.02183406113537123,confirm2024,L2W
20241205,223,0.16572310673612548,0.001311853031698229,0.03470715835141003,confirm2024,L2W
20241206,224,0.1479929227383965,0.0029310794900723894,0.026258205689277947,confirm2024,L2W
20241209,225,-0.025102316933883245,-0.00219098519907001,0.030501089324618702,confirm2024,L2W
20241210,226,0.08104231790611054,0.0008114394027863049,0.02183406113537123,confirm2024,L2W
20241211,227,0.17253338703646692,4.025357706180857e-05,0.021929824561403466,confirm2024,L2W
20241212,228,0.12952568082304264,0.00042735038425023575,0.02637362637362639,confirm2024,L2W
20241213,229,0.17052319980919872,0.0010504367109939149,0.028384279475982543,confirm2024,L2W
20241216,230,0.24924666076424482,0.0022351695663405113,0.02614379084967322,confirm2024,L2W
20241217,231,0.04291447449300829,0.0005756103935700644,0.023809523809523836,confirm2024,L2W
20241218,232,-0.010082620275259031,0.0026465764085406764,0.015184381778741818,confirm2024,L2W
20241219,233,-0.10105391576711129,0.003149010200566963,0.026030368763557465,confirm2024,L2W
20241220,234,0.16952174023464708,0.0013250893429724367,0.03239740820734338,confirm2024,L2W
20241223,235,0.020753672660308295,0.0011901731434404723,0.017316017316017285,confirm2024,L2W
20241224,236,0.22630740765840437,-0.00042276570858857526,0.010845986984815648,confirm2024,L2W
20241225,237,-0.06287239992520174,-7.556339115169855e-05,0.021598272138228958,confirm2024,L2W
20241226,238,0.19326351345237514,-0.000917355160343445,0.013043478260869601,confirm2024,L2W
20241227,239,0.041742837581954656,-0.0025289151072075203,0.006564551422319487,confirm2024,L2W
20241230,240,0.2459105065511872,0.0016207984773933953,0.013015184381778733,confirm2024,L2W
20241231,241,0.03469378471310975,-0.0015194183706083615,0.017278617710583144,confirm2024,L2W
20240808,145,0.14632622241192816,0.0030325810995500777,0.004366812227074246,confirm2024,LR
20240809,146,0.22995830946683507,0.004212565830878362,0.012987012987012991,confirm2024,LR
20240812,147,0.1262437821083898,0.0017580014368987424,0.008639308855291628,confirm2024,LR
20240813,148,-0.05629103281641477,-0.00023520466615985659,0.010799136069114423,confirm2024,LR
20240814,149,-0.042339765122735164,-0.0007892119244788751,0.01295896328293733,confirm2024,LR
20240815,150,0.07725709404593642,0.00167676754173504,0.0021739130434782483,confirm2024,LR
20240816,151,0.24637753570208382,0.004449541900361372,0.006507592190889366,confirm2024,LR
20240819,152,0.12940731256611787,0.0023936924135741604,0.015118790496760237,confirm2024,LR
20240820,153,0.04679635318478975,3.4924345007982666e-05,0.017241379310344862,confirm2024,LR
20240821,154,0.22224451197864833,0.007527837014978101,0.008658008658008698,confirm2024,LR
20240822,155,0.05356557944020777,-0.0001645532891799929,0.010822510822510845,confirm2024,LR
20240823,156,0.026874792175953618,-0.005085871198403597,0.008658008658008698,confirm2024,LR
20240826,157,0.13925488104145436,0.004960920929733164,0.004347826086956497,confirm2024,LR
20240827,158,0.09544391305535668,-9.905573809033778e-05,0.006521739130434745,confirm2024,LR
20240828,159,-0.008885711368540078,-0.005085762806604884,0.008676789587852451,confirm2024,LR
20240829,160,-0.06092998623799467,-0.006407117512078215,0.006521739130434745,confirm2024,LR
20240830,161,0.030552996393073847,0.003303608631517763,0.004366812227074246,confirm2024,LR
20240902,162,0.07541909556446766,-0.00168158588396187,0.006535947712418277,confirm2024,LR
20240903,163,0.1478242172787115,-0.0006155201603374972,0.021598272138228958,confirm2024,LR
20240904,164,0.03425751265195309,-0.0034396687624178805,0.015151515151515138,confirm2024,LR
20240905,165,0.13288870233286745,0.0026486851305093755,0.004347826086956497,confirm2024,LR
20240906,166,0.04915464030644267,-0.0047051542752673745,0.012987012987012991,confirm2024,LR
20240909,167,-0.01564395574653476,-0.0009688806567020513,0.006507592190889366,confirm2024,LR
20240910,168,0.07861485403398709,-0.000317034390950645,0.006507592190889366,confirm2024,LR
20240911,169,0.07308121559999928,-4.174753096422004e-05,0.010799136069114423,confirm2024,LR
20240912,170,0.08493397236022564,0.004496795694708806,0.00649350649350644,confirm2024,LR
20240913,171,0.09494522637586726,0.004894577445531382,0.01295896328293733,confirm2024,LR
20240918,172,-0.030747673119626603,-0.006871480859848247,0.00649350649350644,confirm2024,LR
20240919,173,0.007773018919688667,-0.000270491161638351,0.008676789587852451,confirm2024,LR
20240920,174,0.08333240078705512,0.0017484866482929858,0.006535947712418277,confirm2024,LR
20240923,175,0.06919661744927061,0.0027541636302097633,0.004357298474945481,confirm2024,LR
20240924,176,0.07163532187750146,-0.0008153995055324957,0.0065502183406113135,confirm2024,LR
20240925,177,0.20400102313281837,-0.001247021356530674,0.01521739130434785,confirm2024,LR
20240926,178,0.024589930830178224,-0.00693033564087784,0.01965065502183405,confirm2024,LR
20240927,179,-0.05915232694292044,-0.004913632107134372,0.006651884700665134,confirm2024,LR
20240930,180,0.029003776134363304,-0.0122077615680167,0.1466666666666666,confirm2024,LR
20241008,181,0.4126961449994273,0.00657672165264829,0.10169491525423724,confirm2024,LR
20241009,182,0.3680432269545379,0.010907433323259292,0.13260869565217392,confirm2024,LR
20241010,183,0.26995608910542884,0.003416520214460997,0.006535947712418277,confirm2024,LR
20241011,184,-0.08131146479566842,-0.0031466817160052812,0.015184381778741818,confirm2024,LR
20241014,185,0.05943943872376011,-0.004570151037250791,0.013071895424836555,confirm2024,LR
20241015,186,0.08246267299653844,-0.0011718811839492105,0.008752735229759279,confirm2024,LR
20241016,187,-0.08349674846002432,-0.0023000328222556503,0.006564551422319487,confirm2024,LR
20241017,188,-0.06840074994722799,-0.0032519648545106736,0.013071895424836555,confirm2024,LR
20241018,189,-0.22249189562464086,-0.007263869226447806,0.01091703056768556,confirm2024,LR
20241021,190,0.21710510114641285,0.002225550137042464,0.0066225165562914245,confirm2024,LR
20241022,191,0.22691669461947336,0.0014074557407126043,0.02844638949671774,confirm2024,LR
20241023,192,0.2316651994973559,-0.001044241685184541,0.0326797385620915,confirm2024,LR
20241024,193,-0.018800745353118906,-0.004860965097496565,0.026200873362445365,confirm2024,LR
20241025,194,0.06747529561658488,-0.0076744495191620014,0.030701754385964897,confirm2024,LR
20241028,195,0.2540340813483861,0.004607148107526236,0.020179372197309364,confirm2024,LR
20241029,196,0.04293171088397773,-0.004652195228646158,0.04194260485651213,confirm2024,LR
20241030,197,-0.06398956930964105,-0.008065135902288054,0.008888888888888835,confirm2024,LR
20241031,198,0.4139894993080448,0.01449531385330255,0.03532008830022071,confirm2024,LR
20241101,199,0.11741372923175379,-0.0015906099340852187,0.04148471615720528,confirm2024,LR
20241104,200,-0.11947061876884976,-0.005781087281127147,0.013245033112582738,confirm2024,LR
20241105,201,0.1352094731070928,-0.00391009945177794,0.024390243902439046,confirm2024,LR
20241106,202,0.06054722294208595,-0.0034997544489510195,0.026548672566371723,confirm2024,LR
20241107,203,0.028314709790564583,-0.0028404857063482345,0.013392857142857095,confirm2024,LR
20241108,204,-0.04154699231050961,-0.004891827418730538,0.03524229074889873,confirm2024,LR
20241111,205,0.22432954486459722,0.0003181173804293648,0.019911504424778736,confirm2024,LR
20241112,206,0.1205999152259391,0.0021538404217334777,0.030701754385964897,confirm2024,LR
20241113,207,0.3456410771924631,0.005668641436522966,0.019607843137254943,confirm2024,LR
20241114,208,0.1780717641791428,0.004078142638545553,0.01948051948051943,confirm2024,LR
20241115,209,0.35828503000587525,0.009336369916987391,0.004357298474945481,confirm2024,LR
20241118,210,0.13381321196647522,-0.0030600788420266783,0.01089324618736387,confirm2024,LR
20241119,211,-0.03351366824347739,-0.006802692568977831,0.02386117136659438,confirm2024,LR
20241120,212,0.20870705336216674,0.0003635033652224181,0.024070021881838044,confirm2024,LR
20241121,213,0.21747137987939297,0.0017418341050291289,0.02197802197802201,confirm2024,LR
20241122,214,0.02408363352950263,-0.006972545468361639,0.01094091903719907,confirm2024,LR
20241125,215,0.23340887876444105,0.002906373116501355,0.01969365426695846,confirm2024,LR
20241126,216,0.0917915655229228,0.0005393862805961776,0.021929824561403466,confirm2024,LR
20241127,217,0.10221490300645503,-0.005021049429695735,0.017467248908296984,confirm2024,LR
20241128,218,0.07429912006067438,-0.0011477164767899548,0.013129102844638973,confirm2024,LR
20241129,219,-0.04270248591392709,-0.006197894409068108,0.0066079295154185536,confirm2024,LR
20241202,220,0.16226371180065874,0.00122017787817825,0.008869179600886956,confirm2024,LR
20241203,221,0.21902260954438627,0.0034212830309652033,0.022026431718061623,confirm2024,LR
20241204,222,-0.06294437801947031,-0.005918259868344083,0.017505470459518557,confirm2024,LR
20241205,223,0.19123805449421494,0.001238554172915799,0.00879120879120876,confirm2024,LR
20241206,224,0.1577372415052916,0.0025727135951120975,0.004424778761061954,confirm2024,LR
20241209,225,-0.027059622998502616,-0.0025842699546624022,0.021881838074398252,confirm2024,LR
20241210,226,0.08033267414061582,-0.0033985760390689845,0.02183406113537123,confirm2024,LR
20241211,227,0.18771653600896832,0.00012429569277688617,0.008830022075055233,confirm2024,LR
20241212,228,0.1521776211498967,0.0003732188030483759,0.013274336283185861,confirm2024,LR
20241213,229,0.17234220566630493,0.0010108824469392897,0.024070021881838044,confirm2024,LR
20241216,230,0.3204560948522614,0.015112704828808728,0.017505470459518557,confirm2024,LR
20241217,231,0.026633938745785336,-0.0008449263173066664,0.0195227765726681,confirm2024,LR
20241218,232,-0.027381367451109733,0.00043366269920947246,0.015184381778741818,confirm2024,LR
20241219,233,-0.1664808950203671,-0.004946060641049033,0.017429193899782147,confirm2024,LR
20241220,234,0.2667310887638488,0.018012819424609087,0.006564551422319487,confirm2024,LR
20241223,235,0.0627526290973255,0.0030146119149986814,0.017316017316017285,confirm2024,LR
20241224,236,0.2630818446724738,0.008966941004963947,0.010845986984815648,confirm2024,LR
20241225,237,-0.11624322939974642,-0.005496126168825976,0.013015184381778733,confirm2024,LR
20241226,238,0.1853553061035015,-0.00027626939737834116,0.013043478260869601,confirm2024,LR
20241227,239,0.1408820020644205,0.007594472838658887,0.015250544662309351,confirm2024,LR
20241230,240,0.310912574867343,0.00818546620697216,0.008695652173912993,confirm2024,LR
20241231,241,0.05874788245560615,-0.00417417429961137,0.004347826086956497,confirm2024,LR
20240808,145,0.10588872259337216,0.00083659397908012,0.0,confirm2024,LRTD
20240809,146,0.18047706254317605,0.0006647438578324281,0.012987012987012991,confirm2024,LRTD
20240812,147,0.12688970870212196,0.0018528410709332923,0.008639308855291628,confirm2024,LRTD
20240813,148,-0.06747772510063968,-0.0009002491964907105,0.00649350649350644,confirm2024,LRTD
20240814,149,-0.03866029789251224,0.0006844602307709263,0.004338394793926281,confirm2024,LRTD
20240815,150,0.07459936378855238,0.0020891968869760917,0.006507592190889366,confirm2024,LRTD
20240816,151,0.21111146695572813,0.0014170562889464116,0.010822510822510845,confirm2024,LRTD
20240819,152,0.09290559020960534,0.0012012071865006389,0.015118790496760237,confirm2024,LRTD
20240820,153,0.07224801553383672,0.0017767190867211654,0.021505376344086002,confirm2024,LRTD
20240821,154,0.17389058576029134,0.0012943376177687212,0.01295896328293733,confirm2024,LRTD
20240822,155,0.04862066477605845,0.001066270603324944,0.015118790496760237,confirm2024,LRTD
20240823,156,0.0411907139655114,-0.0035000623497666184,0.017241379310344862,confirm2024,LRTD
20240826,157,0.08597399263262728,-0.00012131577089743995,0.004347826086956497,confirm2024,LRTD
20240827,158,0.11348952043526744,0.0014910459550009142,0.010845986984815648,confirm2024,LRTD
20240828,159,0.05249348666420986,0.004182209835261085,0.02155172413793105,confirm2024,LRTD
20240829,160,0.0122196124371664,0.0009196966655379037,0.03218884120171672,confirm2024,LRTD
20240830,161,-0.030328265939628885,-0.0009933905418818539,0.008714596949891074,confirm2024,LRTD
20240902,162,0.14348507762572035,0.003054162453505982,0.01948051948051943,confirm2024,LRTD
20240903,163,0.12996463499113112,-0.0016101334172752878,0.03433476394849788,confirm2024,LRTD
20240904,164,0.07735342004401422,1.1635439913717724e-05,0.015151515151515138,confirm2024,LRTD
20240905,165,0.06894028522959864,-0.0005444203589601154,0.004347826086956497,confirm2024,LRTD
20240906,166,0.09279897092200153,-0.0016459041983092944,0.008676789587852451,confirm2024,LRTD
20240909,167,0.016726617818468556,0.001587442197374487,0.006507592190889366,confirm2024,LRTD
20240910,168,0.09278924416995259,0.0022164826571470213,0.0021739130434782483,confirm2024,LRTD
20240911,169,0.04740118503556213,-0.0012946529970375223,0.015086206896551713,confirm2024,LRTD
20240912,170,0.03224172886840295,0.0015472080041782684,0.010799136069114423,confirm2024,LRTD
20240913,171,0.058704582311397344,0.0029316440800270854,0.017241379310344862,confirm2024,LRTD
20240918,172,-0.004750453157225737,-0.0034990661332198504,0.015086206896551713,confirm2024,LRTD
20240919,173,0.0024202464686012707,0.0003891874869134614,0.008676789587852451,confirm2024,LRTD
20240920,174,0.057474342956015355,-0.0004385353153308273,0.023758099352051865,confirm2024,LRTD
20240923,175,0.04233165420082344,0.0007244734056469776,0.004357298474945481,confirm2024,LRTD
20240924,176,0.07289199641594182,-0.00013393979291102635,0.0065502183406113135,confirm2024,LRTD
20240925,177,0.20054292522497902,-0.0003646444552116851,0.023809523809523836,confirm2024,LRTD
20240926,178,0.10953368368790174,0.003321990657644297,0.03253796095444683,confirm2024,LRTD
20240927,179,0.03373148214055066,0.010767790107381714,0.0241758241758242,confirm2024,LRTD
20240930,180,0.09860802909954887,0.015101251078772707,0.15486725663716816,confirm2024,LRTD
20241008,181,0.3648378957927539,-0.00270915976905281,0.19354838709677424,confirm2024,LRTD
20241009,182,0.3317433452677736,0.006568813659757319,0.1366594360086768,confirm2024,LRTD
20241010,183,0.23031366924505176,-0.002676090211954689,0.015184381778741818,confirm2024,LRTD
20241011,184,-0.06253133230145112,-0.0006866032596541984,0.015184381778741818,confirm2024,LRTD
20241014,185,0.07787261728824114,-0.0021277363272699246,0.013071895424836555,confirm2024,LRTD
20241015,186,0.057450941870013934,-0.0027511860550120297,0.021739130434782594,confirm2024,LRTD
20241016,187,-0.0517051961724804,0.002301300839744825,0.006564551422319487,confirm2024,LRTD
20241017,188,-0.0180601210329954,0.003144375019481567,0.017391304347826098,confirm2024,LRTD
20241018,189,-0.16368227482338268,-0.0002638474318082621,0.02813852813852813,confirm2024,LRTD
20241021,190,0.20568453925164334,0.002223175125300991,0.0066225165562914245,confirm2024,LRTD
20241022,191,0.21409355099870345,-0.00042760533286573385,0.02412280701754388,confirm2024,LRTD
20241023,192,0.21064566220771905,-0.0012498534534286444,0.024070021881838044,confirm2024,LRTD
20241024,193,-1.6395678789066938e-05,-0.0019710905545309507,0.030501089324618702,confirm2024,LRTD
20241025,194,0.07737496026965324,-0.003815184705061609,0.013274336283185861,confirm2024,LRTD
20241028,195,0.23178565730819714,0.003638094844959798,0.020179372197309364,confirm2024,LRTD
20241029,196,0.058466390300689355,-0.002488330052912593,0.05054945054945059,confirm2024,LRTD
20241030,197,-0.045847794804250525,-0.005417012287739807,0.008888888888888835,confirm2024,LRTD
20241031,198,0.36103635860914346,0.0035699715094301976,0.013392857142857095,confirm2024,LRTD
20241101,199,0.15685766611456733,0.0028893695661172704,0.04148471615720528,confirm2024,LRTD
20241104,200,-0.08177282153823978,-0.0008777810276711234,0.013245033112582738,confirm2024,LRTD
20241105,201,0.1472642290951204,-0.00045851245545945954,0.04175824175824172,confirm2024,LRTD
20241106,202,0.05447893294246355,-0.003939156412194677,0.030905077262693204,confirm2024,LRTD
20241107,203,0.05461036705162751,0.001107094207823061,0.017817371937639215,confirm2024,LRTD
20241108,204,-0.0009722493843462905,0.002884518168444667,0.030905077262693204,confirm2024,LRTD
20241111,205,0.20862923191805677,-0.0010845494329256977,0.03296703296703296,confirm2024,LRTD
20241112,206,0.10153088986136248,0.002028225050238219,0.030701754385964897,confirm2024,LRTD
20241113,207,0.29427837694599024,0.000345475481602478,0.019607843137254943,confirm2024,LRTD
20241114,208,0.12505661863379536,1.98269536466969e-06,0.015184381778741818,confirm2024,LRTD
20241115,209,0.2573139120241605,-0.0017782255665735325,0.008695652173912993,confirm2024,LRTD
20241118,210,0.20114114913832773,0.0030204055049870802,0.01089324618736387,confirm2024,LRTD
20241119,211,0.020868352879883735,-0.0013602933008712466,0.02813852813852813,confirm2024,LRTD
20241120,212,0.19186109320308392,0.0006373121717660035,0.028384279475982543,confirm2024,LRTD
20241121,213,0.16946648557649496,-0.00010702150497592794,0.039215686274509776,confirm2024,LRTD
20241122,214,0.046374390133561844,-0.0038461213468727693,0.01094091903719907,confirm2024,LRTD
20241125,215,0.19859917252372664,-0.0004666116170265345,0.01969365426695846,confirm2024,LRTD
20241126,216,0.12957960249261874,0.003151297982571171,0.01758241758241763,confirm2024,LRTD
20241127,217,0.08759372452287774,-0.0050714512735464375,0.02608695652173909,confirm2024,LRTD
20241128,218,0.08651039824004689,0.0019248540749609248,0.00439560439560438,confirm2024,LRTD
20241129,219,-0.015194825086926359,-0.001570524515101198,0.0066079295154185536,confirm2024,LRTD
20241202,220,0.1372150571631478,0.00041308224073613366,0.017660044150110354,confirm2024,LRTD
20241203,221,0.18793685324871018,0.0014695624521391636,0.030701754385964897,confirm2024,LRTD
20241204,222,-0.013476084547502242,-0.00023090840872985047,0.017505470459518557,confirm2024,LRTD
20241205,223,0.17096111291205426,0.0009548913887379822,0.0304347826086957,confirm2024,LRTD
20241206,224,0.14558346060802338,0.0020323427488359966,0.013215859030836996,confirm2024,LRTD
20241209,225,-0.008008333286176037,-0.0010596101115752238,0.026200873362445365,confirm2024,LRTD
20241210,226,0.07271226822986131,-0.002772255919837735,0.02614379084967322,confirm2024,LRTD
20241211,227,0.16854656014576555,-1.676690823850316e-05,0.008830022075055233,confirm2024,LRTD
20241212,228,0.13439297985513868,0.00111629649216681,0.022026431718061623,confirm2024,LRTD
20241213,229,0.14946141257033374,-0.0009966103769009256,0.0326797385620915,confirm2024,LRTD
20241216,230,0.2882435641080985,0.007971503691033374,0.02183406113537123,confirm2024,LRTD
20241217,231,0.02990691164485973,0.0007534635958146981,0.0195227765726681,confirm2024,LRTD
20241218,232,0.003355093638627737,0.004096757436227085,0.015184381778741818,confirm2024,LRTD
20241219,233,-0.12418012406362065,0.00010023620732502007,0.026030368763557465,confirm2024,LRTD
20241220,234,0.21423822698243927,0.0070004220129552125,0.006564551422319487,confirm2024,LRTD
20241223,235,0.04369293945205192,0.0028879837672563698,0.017316017316017285,confirm2024,LRTD
20241224,236,0.22227900119298963,0.0035091235436745284,0.010845986984815648,confirm2024,LRTD
20241225,237,-0.05897396417461817,-0.00047194896669907997,0.017316017316017285,confirm2024,LRTD
20241226,238,0.16025597703305727,-0.0027086902768309945,0.013043478260869601,confirm2024,LRTD
20241227,239,0.11023620656849764,0.004589886087515728,0.01091703056768556,confirm2024,LRTD
20241230,240,0.24920212307480716,0.0016624405781549938,0.013015184381778733,confirm2024,LRTD
20241231,241,0.056578816635488485,-0.0052615360801180795,0.0,confirm2024,LRTD
