candidate,signal,controller,fold,year,exp_id,quarter,days,ic_mean,ic_std,icir,ic_positive_ratio,annual_excess,top1_annual_ret,mean_turnover,final_score,n_days_ic,n_days_top,n_days_turnover
F000,U000,Q0,wf2021,2021,S004_C002_wf2021,2021Q1,58,0.0775502701924369,0.06728172885934387,1.152620057587402,0.8448275862068966,0.2659127097302398,0.08764773303069437,0.026384094935935496,0.40287869251526603,58,58,57
F000,U000,Q0,wf2021,2021,S004_C002_wf2021,2021Q2,60,0.06431992117736979,0.04357465889209401,1.4760854774938859,0.95,0.2834931663109249,0.5110035557704812,0.02041740858102091,0.40465069578991913,60,60,60
F000,U000,Q0,wf2021,2021,S004_C002_wf2021,2021Q3,64,0.06280437939680586,0.055830609086832246,1.1249094434762021,0.84375,0.18061491497501797,0.3794490201436185,0.02669715117832253,0.371297080897731,64,64,64
F000,U000,Q0,wf2021,2021,S004_C002_wf2021,2021Q4,61,0.061859702614438135,0.045931369699798226,1.3467854979885323,0.8688524590163934,0.1939686765964929,0.5593141779852928,0.019346588072064172,0.37713050760310385,61,61,61
F000,U000,Q0,wf2022,2022,S004_C002_wf2022,2022Q1,58,0.08100365797763762,0.057471930674215445,1.4094473080574548,0.9310344827586207,0.2505832969703209,-0.2626991743860839,0.01913277808357464,0.4018366188570789,58,58,57
F000,U000,Q0,wf2022,2022,S004_C002_wf2022,2022Q2,59,0.09684832966509667,0.07120335041253181,1.3601653448044957,0.9322033898305084,0.284608318822178,0.31277480624463555,0.022497832752813775,0.41737247768684793,59,59,59
F000,U000,Q0,wf2022,2022,S004_C002_wf2022,2022Q3,65,0.06127212332297129,0.0710381237331231,0.8625245164576582,0.7846153846153846,0.13723945370196225,-0.3090018549000484,0.014357711035089527,0.3613733721292503,65,65,65
F000,U000,Q0,wf2022,2022,S004_C002_wf2022,2022Q4,60,0.08704528116233273,0.07550990354011625,1.152766419786089,0.85,0.11986115370095539,0.5428814388710123,0.011756052724794132,0.3672496427577815,60,60,60
F000,U000,Q0,wf2023,2023,S004_C002_wf2023,2023Q1,59,0.07287752872855811,0.06177721734996348,1.179682929318622,0.8983050847457628,0.15676870006486088,0.4671630300869177,0.012205304598306292,0.37252003013138957,59,59,58
F000,U000,Q0,wf2023,2023,S004_C002_wf2023,2023Q2,59,0.04876824201560375,0.060491102672607266,0.8062052080543064,0.8135593220338984,0.21157144080023219,0.13715253481916123,0.016881484310370374,0.3779142837532,59,59,59
F000,U000,Q0,wf2023,2023,S004_C002_wf2023,2023Q3,64,0.03247352643017476,0.07076106959549948,0.45891797023147496,0.671875,0.0845705631244964,-0.07179648697723102,0.010769732264622077,0.33512965983003223,64,64,64
F000,U000,Q0,wf2023,2023,S004_C002_wf2023,2023Q4,60,0.04838541973033547,0.0614099166439087,0.7879088976932338,0.8166666666666667,0.0952568150938953,0.10834622541990949,0.010115824173703302,0.3448964651681918,60,60,60
F001,U000,Q1,wf2021,2021,S004_C018_wf2021,2021Q1,58,0.07757219618463561,0.06730312400645011,1.1525794282179433,0.8448275862068966,0.2659127097302398,0.08764773303069437,0.026384094935935496,0.4028874629121455,58,58,57
F001,U000,Q1,wf2021,2021,S004_C018_wf2021,2021Q2,60,0.0643204584933008,0.04357476952844029,1.476094060608175,0.95,0.2834931663109249,0.5110035557704812,0.02041740858102091,0.40465091071629156,60,60,60
F001,U000,Q1,wf2021,2021,S004_C018_wf2021,2021Q3,64,0.06280454909631186,0.055830484512179944,1.1249149930377276,0.84375,0.18061491497501797,0.3794490201436185,0.02669715117832253,0.3712971487775334,64,64,64
F001,U000,Q1,wf2021,2021,S004_C018_wf2021,2021Q4,61,0.06185977742013934,0.045931517575469365,1.34678279067306,0.8688524590163934,0.1939686765964929,0.5593141779852928,0.019346588072064172,0.3771305375253844,61,61,61
F001,U000,Q1,wf2022,2022,S004_C018_wf2022,2022Q1,58,0.08102169711577063,0.05752665919139849,1.4084199961308579,0.9310344827586207,0.2505832969703209,-0.2626991743860839,0.01913277808357464,0.40184383451233213,58,58,57
F001,U000,Q1,wf2022,2022,S004_C018_wf2022,2022Q2,59,0.0968486448765043,0.07120329842687691,1.3601707647850638,0.9322033898305084,0.284608318822178,0.31277480624463555,0.022497832752813775,0.41737260377141094,59,59,59
F001,U000,Q1,wf2022,2022,S004_C018_wf2022,2022Q3,65,0.061272228743680365,0.07103881858129585,0.8625175638803912,0.7846153846153846,0.13723945370196225,-0.3090018549000484,0.014357711035089527,0.36137341429753395,65,65,65
F001,U000,Q1,wf2022,2022,S004_C018_wf2022,2022Q4,60,0.08704549375151543,0.07550962046275424,1.1527735567741513,0.85,0.11986115370095539,0.5428814388710123,0.011756052724794132,0.36724972779345455,60,60,60
F001,U000,Q1,wf2023,2023,S004_C018_wf2023,2023Q1,59,0.0728949023223024,0.06175655092996612,1.1803590262831798,0.9152542372881356,0.15676870006486088,0.4671630300869177,0.012205304598306292,0.3725269795688873,59,59,58
F001,U000,Q1,wf2023,2023,S004_C018_wf2023,2023Q2,59,0.04876825221173369,0.06049110673518203,0.8062053224655212,0.8135593220338984,0.21157144080023219,0.13715253481916123,0.016881484310370374,0.377914287831652,59,59,59
F001,U000,Q1,wf2023,2023,S004_C018_wf2023,2023Q3,64,0.03247347294402151,0.07076106230514258,0.4589172616429402,0.671875,0.0845705631244964,-0.07179648697723102,0.010769732264622077,0.3351296384355709,64,64,64
F001,U000,Q1,wf2023,2023,S004_C018_wf2023,2023Q4,60,0.04838542204167056,0.06140991544442801,0.7879089507207713,0.8166666666666667,0.0952568150938953,0.10834622541990949,0.010115824173703302,0.3448964660927258,60,60,60
F002,U000,Q2,wf2021,2021,S004_C042_wf2021,2021Q1,58,0.0807364661625713,0.06812015498708043,1.1852067303411693,0.8620689655172413,0.3227352404026872,0.14447026370314303,0.043300566170037295,0.41612498873482345,58,58,57
F002,U000,Q2,wf2021,2021,S004_C042_wf2021,2021Q2,60,0.06638457521895784,0.042681736860787384,1.5553391239789671,0.9333333333333333,0.3084542506435257,0.5359646401030846,0.03904887416705095,0.40737544303052553,60,60,60
F002,U000,Q2,wf2021,2021,S004_C042_wf2021,2021Q3,64,0.06510950241009004,0.056542479364294775,1.1515148104949415,0.859375,0.19871566589824685,0.39754977106684775,0.04375415992742929,0.3725322527552813,64,64,64
F002,U000,Q2,wf2021,2021,S004_C042_wf2021,2021Q4,61,0.06466810802322834,0.047722515247533605,1.3550859104512627,0.9180327868852459,0.18929341361103869,0.5546389149998386,0.039419895763682926,0.37082929856349806,61,61,61
F002,U000,Q2,wf2022,2022,S004_C042_wf2022,2022Q1,58,0.08098214895207208,0.05854579438856583,1.3832274341449218,0.9310344827586207,0.26174039971706775,-0.2515420716393409,0.03519511931466692,0.4003564437015491,58,58,57
F002,U000,Q2,wf2022,2022,S004_C042_wf2022,2022Q2,59,0.09828986045104916,0.07454351027763097,1.3185569083744102,0.9152542372881356,0.2739765640101554,0.3021430514326101,0.04088964216667202,0.4092420207334647,59,59,59
F002,U000,Q2,wf2022,2022,S004_C042_wf2022,2022Q3,65,0.0631398919920976,0.07396156388428078,0.8536851937160954,0.7846153846153846,0.14164728204029217,-0.30459402656171763,0.03208344088318493,0.3581251091439712,65,65,65
F002,U000,Q2,wf2022,2022,S004_C042_wf2022,2022Q4,60,0.09141458456366151,0.07646732749430984,1.195472465942581,0.8333333333333334,0.24147153987149425,0.6644918250415556,0.03271490570501218,0.3991928240754092,60,60,60
F002,U000,Q2,wf2023,2023,S004_C042_wf2023,2023Q1,59,0.07388482094657411,0.06130365346747825,1.2052270422311813,0.8983050847457628,0.1376688864537709,0.44806321647582875,0.02818281049168839,0.3623997511672544,59,59,58
F002,U000,Q2,wf2023,2023,S004_C042_wf2023,2023Q2,59,0.04890551189475775,0.061588175566728576,0.7940730740070452,0.847457627118644,0.16038084933115546,0.08596194335008091,0.03441504789801932,0.35735194518784397,59,59,59
F002,U000,Q2,wf2023,2023,S004_C042_wf2023,2023Q3,64,0.0363411788674661,0.07198850212503753,0.5048192113282862,0.671875,0.054014504353581634,-0.10235254574814526,0.026287667818798734,0.3228545225074213,64,64,64
F002,U000,Q2,wf2023,2023,S004_C042_wf2023,2023Q4,60,0.04931814702614481,0.05997620693474668,0.822295199157931,0.8166666666666667,0.029988180648237734,0.04307759097425365,0.027325870056038242,0.3205259519881178,60,60,60
F003,U001,Q0,wf2021,2021,S006_F003_wf2021,2021Q1,58,0.10998742923186955,0.09591773631576066,1.1466849975461424,0.8620689655172413,0.16795624341493012,-0.010308733284615778,0.015874866640142822,0.389619384725184,58,58,57
F003,U001,Q0,wf2021,2021,S006_F003_wf2021,2021Q2,60,0.11501362564315815,0.06164849587598425,1.8656355521556656,0.9333333333333333,0.37710444591998876,0.6046148353795491,0.016124029324479577,0.454299575235916,60,60,60
F003,U001,Q0,wf2021,2021,S006_F003_wf2021,2021Q3,64,0.10806202459100077,0.08255590557687083,1.3089557171701092,0.90625,0.16149815459130892,0.36033225975990935,0.019772147427524405,0.38574261198553567,64,64,64
F003,U001,Q0,wf2021,2021,S006_F003_wf2021,2021Q4,61,0.0964837893327922,0.06896721495751759,1.398980506784626,0.8852459016393442,0.1492153886965004,0.514560890085298,0.014974137290712258,0.37886589115485325,61,61,61
F003,U001,Q0,wf2022,2022,S006_F003_wf2022,2022Q1,58,0.10935301398755709,0.07601545829847801,1.43856284544359,0.9137931034482759,0.28256114116395903,-0.23072133019245092,0.012727256628687646,0.4246913709556042,58,58,57
F003,U001,Q0,wf2022,2022,S006_F003_wf2022,2022Q2,59,0.1270167403744003,0.08846685747418416,1.4357550838907727,0.9322033898305084,0.3559079941162653,0.38407448153871887,0.01565133398257053,0.4528836941898685,59,59,59
F003,U001,Q0,wf2022,2022,S006_F003_wf2022,2022Q3,65,0.09842028527790461,0.09033792517555438,1.0894680732000843,0.8461538461538461,0.19288850969428248,-0.25335279890772305,0.008795750724257525,0.3945959418021693,65,65,65
F003,U001,Q0,wf2022,2022,S006_F003_wf2022,2022Q4,60,0.13115138796001968,0.07674360574943272,1.708955250138076,0.9333333333333333,0.37383457466420034,0.7968548598342591,0.007310818073936474,0.46241768216108703,60,60,60
F003,U001,Q0,wf2023,2023,S006_F003_wf2023,2023Q1,59,0.12151399187343934,0.08680342223267967,1.3998755895558672,0.9152542372881356,0.3565782297771192,0.6669725597991769,0.004289140511333391,0.4542923235291115,59,59,58
F003,U001,Q0,wf2023,2023,S006_F003_wf2023,2023Q2,59,0.07946170588340445,0.08829824444662543,0.899923960905446,0.7966101694915254,0.20164196376091675,0.12722305777984674,0.0063468381328498375,0.3903732200417819,59,59,59
F003,U001,Q0,wf2023,2023,S006_F003_wf2023,2023Q3,64,0.08567581179137337,0.08307146294838705,1.0313507039668295,0.84375,0.1117620691035885,-0.044604980998137325,0.010097330281206279,0.364769746363264,64,64,64
F003,U001,Q0,wf2023,2023,S006_F003_wf2023,2023Q4,60,0.08373567318787875,0.08989427084470904,0.9314906545327102,0.8666666666666667,-0.008151970485224005,0.004937439840789166,0.0073865814034814485,0.32883270370853984,60,60,60
F004,U001,Q1,wf2021,2021,S006_F004_wf2021,2021Q1,58,0.11002580743323047,0.09592022917630162,1.1470553018696688,0.8620689655172413,0.16795624341493012,-0.010308733284615778,0.015874866640142822,0.3896347360057284,58,58,57
F004,U001,Q1,wf2021,2021,S006_F004_wf2021,2021Q2,60,0.11501453387879187,0.061648597425966255,1.8656472114700213,0.9333333333333333,0.37710444591998876,0.6046148353795491,0.016124029324479577,0.45429993853016953,60,60,60
F004,U001,Q1,wf2021,2021,S006_F004_wf2021,2021Q3,64,0.10806202459100077,0.08255590557687083,1.3089557171701092,0.90625,0.16149815459130892,0.36033225975990935,0.019772147427524405,0.38574261198553567,64,64,64
F004,U001,Q1,wf2021,2021,S006_F004_wf2021,2021Q4,61,0.096483892927961,0.06896722788746312,1.3989817465970655,0.8852459016393442,0.1492153886965004,0.514560890085298,0.014974137290712258,0.3788659325929208,61,61,61
F004,U001,Q1,wf2022,2022,S006_F004_wf2022,2022Q1,58,0.10931881071871913,0.07602043564227058,1.4380187352929774,0.9137931034482759,0.28256114116395903,-0.23072133019245092,0.012727256628687646,0.42467768964806907,58,58,57
F004,U001,Q1,wf2022,2022,S006_F004_wf2022,2022Q2,59,0.12701825512427453,0.08846371791087959,1.4358231614483543,0.9322033898305084,0.3559079941162653,0.38407448153871887,0.01565133398257053,0.4528843000898182,59,59,59
F004,U001,Q1,wf2022,2022,S006_F004_wf2022,2022Q3,65,0.09842149085529456,0.09033934423301293,1.0894643047378703,0.8461538461538461,0.19288850969428248,-0.25335279890772305,0.008795750724257525,0.3945964240331253,65,65,65
F004,U001,Q1,wf2022,2022,S006_F004_wf2022,2022Q4,60,0.13115169833704182,0.07674299612127335,1.7089728700426154,0.9333333333333333,0.37383457466420034,0.7968548598342591,0.007310818073936474,0.4624178063118959,60,60,60
F004,U001,Q1,wf2023,2023,S006_F004_wf2023,2023Q1,59,0.12155958985612704,0.0867854714967618,1.4006905506143705,0.9152542372881356,0.3565782297771192,0.6669725597991769,0.004289140511333391,0.45431056272218656,59,59,58
F004,U001,Q1,wf2023,2023,S006_F004_wf2023,2023Q2,59,0.07946382702958281,0.08830057146658205,0.8999242667376897,0.7966101694915254,0.20164196376091675,0.12722305777984674,0.0063468381328498375,0.3903740685002532,59,59,59
F004,U001,Q1,wf2023,2023,S006_F004_wf2023,2023Q3,64,0.08567581179137337,0.08307146294838705,1.0313507039668295,0.84375,0.1117620691035885,-0.044604980998137325,0.010097330281206279,0.364769746363264,64,64,64
F004,U001,Q1,wf2023,2023,S006_F004_wf2023,2023Q4,60,0.0837356641617353,0.08989427702734736,0.9314904900593559,0.8666666666666667,-0.008151970485224005,0.004937439840789166,0.0073865814034814485,0.32883270009808246,60,60,60
F005,U001,Q2,wf2021,2021,S006_F005_wf2021,2021Q1,58,0.11204315055505913,0.09597249304852597,1.167450662122609,0.8620689655172413,0.2271957908313292,0.048930814131785134,0.0343053374854191,0.40268439622579666,58,58,57
F005,U001,Q2,wf2021,2021,S006_F005_wf2021,2021Q2,60,0.11705617678520688,0.06171360106690579,1.8967646476876685,0.9333333333333333,0.35736259973360884,0.5848729891931688,0.033503940633631865,0.44398006844407584,60,60,60
F005,U001,Q2,wf2021,2021,S006_F005_wf2021,2021Q3,64,0.1116201461644074,0.08254288935415889,1.3522684635558309,0.90625,0.20955731426393726,0.4083914194325393,0.037599736836840404,0.396235331693892,64,64,64
F005,U001,Q2,wf2021,2021,S006_F005_wf2021,2021Q4,61,0.09894022758279006,0.07077057651553932,1.3980418480986294,0.9016393442622951,0.16772254399257946,0.5330680453813766,0.03500140102213963,0.37939243392424793,61,61,61
F005,U001,Q2,wf2022,2022,S006_F005_wf2022,2022Q1,58,0.11094586849661434,0.07766520704356686,1.428514423896127,0.9137931034482759,0.30828858986458196,-0.20499388149182568,0.03274657528464294,0.4270409517726274,58,58,57
F005,U001,Q2,wf2022,2022,S006_F005_wf2022,2022Q2,59,0.12809994322822282,0.08956469308188071,1.4302504571875538,0.9661016949152542,0.3509321571384008,0.3790986445608546,0.036108023079708326,0.4456872175088969,59,59,59
F005,U001,Q2,wf2022,2022,S006_F005_wf2022,2022Q3,65,0.10135198208762056,0.09296663507282403,1.0901973811166554,0.8153846153846154,0.22606006781945137,-0.22018124078255472,0.028571672008765106,0.3997873115782541,65,65,65
F005,U001,Q2,wf2022,2022,S006_F005_wf2022,2022Q4,60,0.1329373084988714,0.07579254085738535,1.7539629493225752,0.95,0.3318524057919975,0.7548726909620589,0.02673256860037809,0.44471087455703434,60,60,60
F005,U001,Q2,wf2023,2023,S006_F005_wf2023,2023Q1,59,0.12307505621763827,0.08811739611653162,1.3967168986118994,0.8983050847457628,0.36541444036084947,0.6758087703829062,0.02075824800000025,0.45262688019531006,59,59,58
F005,U001,Q2,wf2023,2023,S006_F005_wf2023,2023Q2,59,0.08120185022405446,0.09045486272325773,0.8977057482524471,0.7966101694915254,0.21496413973319892,0.1405452337521282,0.023051894488890105,0.39005441366291443,59,59,59
F005,U001,Q2,wf2023,2023,S006_F005_wf2023,2023Q3,64,0.09033891044538418,0.08145891153096024,1.1090120006213058,0.875,0.1838956136253212,0.02752856352359852,0.026156139357879523,0.3834574064583862,64,64,64
F005,U001,Q2,wf2023,2023,S006_F005_wf2023,2023Q4,60,0.09025643450456709,0.09005034559518026,1.0022885965403543,0.8833333333333333,0.090767963344882,0.10385737367089848,0.025349884492753636,0.3557279974574653,60,60,60
F006,U002,Q0,wf2021,2021,S006_F006_wf2021,2021Q1,58,0.11048046619744664,0.09322807464674428,1.185055752959335,0.9137931034482759,0.2949318119620951,0.11666683526254869,0.018290591025344506,0.42718455276000383,58,58,57
F006,U002,Q0,wf2021,2021,S006_F006_wf2021,2021Q2,60,0.11646404972390294,0.061265329887915936,1.900978088863184,0.95,0.345691829369244,0.5732022188288014,0.014045542534339784,0.44607950594003243,60,60,60
F006,U002,Q0,wf2021,2021,S006_F006_wf2021,2021Q3,64,0.11265112863880158,0.07536261096611788,1.4947880281038588,0.984375,0.27960124802099867,0.4784353531896018,0.01936778452195482,0.42313049050523377,64,64,64
F006,U002,Q0,wf2021,2021,S006_F006_wf2021,2021Q4,61,0.10090931989118443,0.0677824110818004,1.4887242616584735,0.9344262295081968,0.23526376290895493,0.6006092642977569,0.015903435847436635,0.4061718260749293,61,61,61
F006,U002,Q0,wf2022,2022,S006_F006_wf2022,2022Q1,58,0.10780693928689368,0.07027469532207213,1.5340790706072729,0.9655172413793104,0.2033548568287253,-0.3099276145276854,0.015063945087576717,0.3996100492371021,58,58,57
F006,U002,Q0,wf2022,2022,S006_F006_wf2022,2022Q2,59,0.12316635896321745,0.07936748322598929,1.5518491195256396,0.9491525423728814,0.2640333790831007,0.29219986650555163,0.01763245380191341,0.4231868211696432,59,59,59
F006,U002,Q0,wf2022,2022,S006_F006_wf2022,2022Q3,65,0.09719993789142156,0.08909158384517701,1.0910114479537731,0.8153846153846154,0.13689589221270493,-0.30934541638930524,0.010119888857975174,0.3769127761629875,65,65,65
F006,U002,Q0,wf2022,2022,S006_F006_wf2022,2022Q4,60,0.1252159454044525,0.07655813774312505,1.635566761362308,0.95,0.09805239558136895,0.5210726807514239,0.008746608402017459,0.37687811431558643,60,60,60
F006,U002,Q0,wf2023,2023,S006_F006_wf2023,2023Q1,59,0.11508971193715624,0.0739879725022887,1.5555192019026622,0.9322033898305084,0.22559509935788477,0.535989429379945,0.009180446274351531,0.41096028069992246,59,59,58
F006,U002,Q0,wf2023,2023,S006_F006_wf2023,2023Q2,59,0.0799202423538832,0.08040178200140491,0.9940108336465318,0.7966101694915254,0.20099889681561256,0.12657999083454333,0.010655444811765457,0.38907113254270737,59,59,59
F006,U002,Q0,wf2023,2023,S006_F006_wf2023,2023Q3,64,0.0908001303966791,0.08112424312942279,1.119272450429149,0.859375,0.17015859017547583,0.013791540073754232,0.006478037402624438,0.38542421799052706,64,64,64
F006,U002,Q0,wf2023,2023,S006_F006_wf2023,2023Q4,60,0.08912943505433163,0.09055819257762458,0.9842227689994116,0.8666666666666667,0.07415228782590513,0.08724169815191855,0.007533137456361716,0.35563751913259567,60,60,60
F007,U002,Q1,wf2021,2021,S006_F007_wf2021,2021Q1,58,0.11050342206156517,0.09322586196062399,1.1853301191062062,0.9137931034482759,0.2949318119620951,0.11666683526254869,0.018290591025344506,0.4271937351056513,58,58,57
F007,U002,Q1,wf2021,2021,S006_F007_wf2021,2021Q2,60,0.11646412758192226,0.06126521352991719,1.9009829701328012,0.95,0.345691829369244,0.5732022188288014,0.014045542534339784,0.44607953708324016,60,60,60
F007,U002,Q1,wf2021,2021,S006_F007_wf2021,2021Q3,64,0.11265112863880158,0.07536261096611788,1.4947880281038588,0.984375,0.27960124802099867,0.4784353531896018,0.01936778452195482,0.42313049050523377,64,64,64
F007,U002,Q1,wf2021,2021,S006_F007_wf2021,2021Q4,61,0.10090931989118443,0.0677824110818004,1.4887242616584735,0.9344262295081968,0.23526376290895493,0.6006092642977569,0.015903435847436635,0.4061718260749293,61,61,61
F007,U002,Q1,wf2022,2022,S006_F007_wf2022,2022Q1,58,0.10776416752474881,0.07026248589262453,1.5337369032094101,0.9655172413793104,0.2033548568287253,-0.3099276145276854,0.015063945087576717,0.3995929405322441,58,58,57
F007,U002,Q1,wf2022,2022,S006_F007_wf2022,2022Q2,59,0.12316643116202165,0.07936747156574431,1.5518502571925368,0.9491525423728814,0.2640333790831007,0.29219986650555163,0.01763245380191341,0.4231868500491649,59,59,59
F007,U002,Q1,wf2022,2022,S006_F007_wf2022,2022Q3,65,0.09720022848574698,0.08909193821462832,1.091010370114356,0.8153846153846154,0.13689589221270493,-0.30934541638930524,0.010119888857975174,0.3769128924007177,65,65,65
F007,U002,Q1,wf2022,2022,S006_F007_wf2022,2022Q4,60,0.12521579147480516,0.07655826722466695,1.635561984538501,0.95,0.09805239558136895,0.5210726807514239,0.008746608402017459,0.3768780527437275,60,60,60
F007,U002,Q1,wf2023,2023,S006_F007_wf2023,2023Q1,59,0.11512396642864714,0.07397787757551978,1.5561945030272553,0.9322033898305084,0.22559509935788477,0.535989429379945,0.009180446274351531,0.41097398249651884,59,59,58
F007,U002,Q1,wf2023,2023,S006_F007_wf2023,2023Q2,59,0.07992040724949609,0.08040211043072709,0.9940088241633156,0.7966101694915254,0.20099889681561256,0.12657999083454333,0.010655444811765457,0.3890711985009525,59,59,59
F007,U002,Q1,wf2023,2023,S006_F007_wf2023,2023Q3,64,0.0908001226596157,0.08112424053739786,1.1192723908183437,0.859375,0.17015859017547583,0.013791540073754232,0.006478037402624438,0.38542421489570167,64,64,64
F007,U002,Q1,wf2023,2023,S006_F007_wf2023,2023Q4,60,0.08912944176308772,0.09055818246557369,0.984222952983524,0.8666666666666667,0.07415228782590513,0.08724169815191855,0.007533137456361716,0.3556375218160981,60,60,60
F008,U002,Q2,wf2021,2021,S006_F008_wf2021,2021Q1,58,0.11408893722448654,0.09426336312457326,1.2103210987042008,0.9137931034482759,0.34583489553301533,0.16756991883347117,0.036153672558368675,0.4385399417821886,58,58,57
F008,U002,Q2,wf2021,2021,S006_F008_wf2021,2021Q2,60,0.11893130014111951,0.06207816421632839,1.915831462519909,0.95,0.28031073082154095,0.5078211202810998,0.03202661042112379,0.42205775617657293,60,60,60
F008,U002,Q2,wf2021,2021,S006_F008_wf2021,2021Q3,64,0.11567555383374277,0.07842507460937741,1.4749817505422083,0.9375,0.23774438693697658,0.43657849210557764,0.0372010881162783,0.40643321117970654,64,64,64
F008,U002,Q2,wf2021,2021,S006_F008_wf2021,2021Q4,61,0.10418397347615754,0.07127113536221623,1.4617975839260977,0.9180327868852459,0.23512273483006946,0.6004682362188715,0.036299010928485136,0.4013207065609383,61,61,61
F008,U002,Q2,wf2022,2022,S006_F008_wf2022,2022Q1,58,0.11010495463464691,0.07204493394491013,1.5282817070640908,0.9482758620689655,0.27108750330393305,-0.24219496805247345,0.03267088280987939,0.4155669680020748,58,58,57
F008,U002,Q2,wf2022,2022,S006_F008_wf2022,2022Q2,59,0.1281052558593828,0.08284435492508181,1.5463365726636598,0.9661016949152542,0.3292968498230108,0.3574633372454661,0.03589220097307993,0.4392634969987324,59,59,59
F008,U002,Q2,wf2022,2022,S006_F008_wf2022,2022Q3,65,0.10243241554614671,0.09394758754244864,1.0903144851895674,0.8307692307692308,0.19844967298925545,-0.24779163561275383,0.02890076065353997,0.3918376399191733,65,65,65
F008,U002,Q2,wf2022,2022,S006_F008_wf2022,2022Q4,60,0.13096903601096946,0.07943864400335905,1.6486816668903796,0.9666666666666667,0.17331852281983867,0.5963388079898946,0.028853005298709163,0.3957272696607266,60,60,60
F008,U002,Q2,wf2023,2023,S006_F008_wf2023,2023Q1,59,0.11777798665153154,0.07701896599103215,1.5292075807047998,0.9322033898305084,0.2229926663247821,0.5333869963468438,0.025277823865968184,0.40642564739825676,59,59,58
F008,U002,Q2,wf2023,2023,S006_F008_wf2023,2023Q2,59,0.08154336575132899,0.0858418242278208,0.9499258256082271,0.847457627118644,0.13595115295749613,0.06153224697642319,0.02692797735267259,0.36532429898197866,59,59,59
F008,U002,Q2,wf2023,2023,S006_F008_wf2023,2023Q3,64,0.09637343868421966,0.08849766004173257,1.0889942020927235,0.84375,0.14196111217436558,-0.014405937927362862,0.02285432523279377,0.3742814115561594,64,64,64
F008,U002,Q2,wf2023,2023,S006_F008_wf2023,2023Q4,60,0.0905724982473774,0.09678727335961275,0.9357893357616928,0.85,0.009687989614453671,0.022777399940470584,0.024013817896367272,0.33193125081437685,60,60,60
F009,U003,Q0,wf2021,2021,S006_F009_wf2021,2021Q1,58,0.07002710109556905,0.063636816377306,1.1004180454341825,0.8275862068965517,0.22717053855685587,0.04890556185731009,0.025022064609511587,0.38865538262243093,58,58,57
F009,U003,Q0,wf2021,2021,S006_F009_wf2021,2021Q2,60,0.06965413807475246,0.03808979253383448,1.8286825272907417,0.9833333333333333,0.38470283165824476,0.6122132211178029,0.02006199547741411,0.43725390608415016,60,60,60
F009,U003,Q0,wf2021,2021,S006_F009_wf2021,2021Q3,64,0.06316096799692644,0.04924006194707501,1.2827150393274103,0.921875,0.21603606426669425,0.41487016943529575,0.023660107671927263,0.3829771741772007,64,64,64
F009,U003,Q0,wf2021,2021,S006_F009_wf2021,2021Q4,61,0.06511553886209724,0.045148063219130015,1.442266494269164,0.9344262295081968,0.20093331212250023,0.5662788135113006,0.018919659789468104,0.3806503112447485,61,61,61
F009,U003,Q0,wf2022,2022,S006_F009_wf2022,2022Q1,58,0.07526752232745745,0.05134519156146923,1.4659118028092073,0.9137931034482759,0.2395609474157816,-0.27372152394062477,0.019803370930834185,0.3960342818764672,58,58,57
F009,U003,Q0,wf2022,2022,S006_F009_wf2022,2022Q2,59,0.09240059104107085,0.07240565921078553,1.276151505948956,0.8813559322033898,0.2506060943377228,0.27877258176017855,0.022647603649755103,0.40534778362281865,59,59,59
F009,U003,Q0,wf2022,2022,S006_F009_wf2022,2022Q3,65,0.057855365023873735,0.06629476237749797,0.8726988822198605,0.8153846153846154,0.0344663123289024,-0.4117749962731067,0.012381923884458294,0.32976746254288275,65,65,65
F009,U003,Q0,wf2022,2022,S006_F009_wf2022,2022Q4,60,0.08060251949784902,0.07064826528421815,1.1408987775366441,0.8666666666666667,0.15573323838339562,0.5787535235534524,0.010760087785312988,0.3757329529785644,60,60,60
F009,U003,Q0,wf2023,2023,S006_F009_wf2023,2023Q1,59,0.06660432443017494,0.058308290308278575,1.1422788093774463,0.864406779661017,0.12675021047176907,0.43714454049382623,0.011842262987352766,0.3611141140173948,59,59,58
F009,U003,Q0,wf2023,2023,S006_F009_wf2023,2023Q2,59,0.05350524857706332,0.05649676385407124,0.9470497941309545,0.847457627118644,0.2668281333301516,0.1924092273490798,0.017322088459005267,0.3962539128921692,59,59,59
F009,U003,Q0,wf2023,2023,S006_F009_wf2023,2023Q3,64,0.0350285921739561,0.07010657670717232,0.4996477337677859,0.671875,0.05843841737318664,-0.09792863272853813,0.009093179610354319,0.3288150081984322,64,64,64
F009,U003,Q0,wf2023,2023,S006_F009_wf2023,2023Q4,60,0.04438899876643817,0.06279659141634181,0.7068695571729176,0.7166666666666667,0.10230430811970151,0.11539371844571887,0.010250787399630633,0.34537165572259654,60,60,60
F010,U003,Q1,wf2021,2021,S006_F010_wf2021,2021Q1,58,0.07003883741386961,0.06364706563019262,1.1004252390960958,0.8275862068965517,0.22717053855685587,0.04890556185731009,0.025022064609511587,0.38866007714975115,58,58,57
F010,U003,Q1,wf2021,2021,S006_F010_wf2021,2021Q2,60,0.06965440318443854,0.03808966252422135,1.8286957291927977,0.9833333333333333,0.38470283165824476,0.6122132211178029,0.02006199547741411,0.4372540121280246,60,60,60
F010,U003,Q1,wf2021,2021,S006_F010_wf2021,2021Q3,64,0.06316141829573574,0.04924048191631011,1.2827132440150744,0.921875,0.21603606426669425,0.41487016943529575,0.023660107671927263,0.38297735429672436,64,64,64
F010,U003,Q1,wf2021,2021,S006_F010_wf2021,2021Q4,61,0.06511550499601851,0.04514811968465729,1.4422639403551227,0.9344262295081968,0.20093331212250023,0.5662788135113006,0.018919659789468104,0.38065029769831704,61,61,61
F010,U003,Q1,wf2022,2022,S006_F010_wf2022,2022Q1,58,0.07525809481431928,0.051303033811723485,1.466932639705251,0.9137931034482759,0.2395609474157816,-0.27372152394062477,0.019803370930834185,0.39603051087121194,58,58,57
F010,U003,Q1,wf2022,2022,S006_F010_wf2022,2022Q2,59,0.09240111597950541,0.07240576959576832,1.2761568103670249,0.8813559322033898,0.2506060943377228,0.27877258176017855,0.022647603649755103,0.40534799359819246,59,59,59
F010,U003,Q1,wf2022,2022,S006_F010_wf2022,2022Q3,65,0.057855618729843954,0.06629485157442644,0.8727015349735249,0.8153846153846154,0.0344663123289024,-0.4117749962731067,0.012381923884458294,0.32976756402527085,65,65,65
F010,U003,Q1,wf2022,2022,S006_F010_wf2022,2022Q4,60,0.0806024994110577,0.07064813213133087,1.140900643504944,0.8666666666666667,0.15573323838339562,0.5787535235534524,0.010760087785312988,0.3757329449438479,60,60,60
F010,U003,Q1,wf2023,2023,S006_F010_wf2023,2023Q1,59,0.06662051070388686,0.05828891340080637,1.1429362260673952,0.864406779661017,0.12675021047176907,0.43714454049382623,0.011842262987352766,0.36112058852687956,59,59,58
F010,U003,Q1,wf2023,2023,S006_F010_wf2023,2023Q2,59,0.053505349187741955,0.05649663444896319,0.9470537441673018,0.847457627118644,0.2668281333301516,0.1924092273490798,0.017322088459005267,0.39625395313644063,59,59,59
F010,U003,Q1,wf2023,2023,S006_F010_wf2023,2023Q3,64,0.035028288184306144,0.07010656550223578,0.4996434775169389,0.671875,0.05843841737318664,-0.09792863272853813,0.009093179610354319,0.3288148866025722,64,64,64
F010,U003,Q1,wf2023,2023,S006_F010_wf2023,2023Q4,60,0.04438948404494644,0.06279714755502805,0.7068710247714469,0.7166666666666667,0.10230430811970151,0.11539371844571887,0.010250787399630633,0.3453718498339998,60,60,60
F011,U003,Q2,wf2021,2021,S006_F011_wf2021,2021Q1,58,0.07420465729084989,0.06521519876695789,1.1378429981638978,0.8448275862068966,0.31178585220442123,0.13352087550487446,0.04240824775685667,0.4104951442506093,58,58,57
F011,U003,Q2,wf2021,2021,S006_F011_wf2021,2021Q2,60,0.0691573182746015,0.03723710243650209,1.8572153510743967,0.9666666666666667,0.3168311801967262,0.5443415696562808,0.03722567554719239,0.41154457870470074,60,60,60
F011,U003,Q2,wf2021,2021,S006_F011_wf2021,2021Q3,64,0.06582001865512317,0.05054844040910485,1.3021176938876948,0.921875,0.17367434563759265,0.3725084508061971,0.042596014905757366,0.36565150668159985,64,64,64
F011,U003,Q2,wf2021,2021,S006_F011_wf2021,2021Q4,61,0.06635700041844961,0.04418646343194544,1.5017495238253342,0.9180327868852459,0.198709972679712,0.5640554740685156,0.03852282671054289,0.37459894395813054,61,61,61
F011,U003,Q2,wf2022,2022,S006_F011_wf2022,2022Q1,58,0.07580044923609858,0.05164363727659746,1.4677596938054531,0.9310344827586207,0.23386479467574017,-0.2794176766806646,0.03689020407576675,0.3894125568744315,58,58,57
F011,U003,Q2,wf2022,2022,S006_F011_wf2022,2022Q2,59,0.09514811142699481,0.0754890649174656,1.260422440402766,0.8983050847457628,0.26773527957357396,0.29590176699602916,0.04139307113293869,0.40596190710298846,59,59,59
F011,U003,Q2,wf2022,2022,S006_F011_wf2022,2022Q3,65,0.06165462476369989,0.06829747962299286,0.9027364568068688,0.8,0.10462646706465374,-0.3416148415373559,0.03150511227517847,0.34659825634232255,65,65,65
F011,U003,Q2,wf2022,2022,S006_F011_wf2022,2022Q4,60,0.08526694109962119,0.06897921368942865,1.2361251533473003,0.8833333333333333,0.22654383677751805,0.6495641219475766,0.031103987437502152,0.3927387312418532,60,60,60
F011,U003,Q2,wf2023,2023,S006_F011_wf2023,2023Q1,59,0.06802183871350179,0.057764641673384014,1.1775687815760127,0.9152542372881356,0.11636268508954464,0.42675701511160197,0.027020464984836907,0.35401140151681304,59,59,58
F011,U003,Q2,wf2023,2023,S006_F011_wf2023,2023Q2,59,0.05287444995832296,0.05763854303490486,0.9173453590994337,0.8305084745762712,0.2400827063959027,0.16566380041483394,0.03440626116418788,0.3828527135528436,59,59,59
F011,U003,Q2,wf2023,2023,S006_F011_wf2023,2023Q3,64,0.03798684915675296,0.06994380348262697,0.5431052826028877,0.703125,0.04208948570352927,-0.11427756439819747,0.026085145738089933,0.319996041652333,64,64,64
F011,U003,Q2,wf2023,2023,S006_F011_wf2023,2023Q4,60,0.046037531347343535,0.05961836865926647,0.7722038087029731,0.7833333333333333,0.09072682678084451,0.1038162371068595,0.027394586939485495,0.3374146844913451,60,60,60
F012,U004,Q0,wf2021,2021,S006_F012_wf2021,2021Q1,58,0.07015072342534702,0.06724084533920377,1.04327545365416,0.7931034482758621,0.20237867184011876,0.024113695140574633,0.025558047953469335,0.3811064765361336,58,58,57
F012,U004,Q0,wf2021,2021,S006_F012_wf2021,2021Q2,60,0.06867280133092053,0.038742391195290944,1.7725493758182784,0.9833333333333333,0.3496265655777174,0.577136955037277,0.01913171194668532,0.4266175766216778,60,60,60
F012,U004,Q0,wf2021,2021,S006_F012_wf2021,2021Q3,64,0.0630068994304572,0.05365341144823582,1.174331654404595,0.890625,0.19972617671754866,0.3985602818861508,0.02431978065544978,0.37782467859081253,64,64,64
F012,U004,Q0,wf2021,2021,S006_F012_wf2021,2021Q4,61,0.06454485202013424,0.044952986770907095,1.4358301117803969,0.9344262295081968,0.16754767751671387,0.532893178905515,0.01652489549629662,0.3711247754141788,61,61,61
F012,U004,Q0,wf2022,2022,S006_F012_wf2022,2022Q1,58,0.07209614170605111,0.05186983108746588,1.3899436376509202,0.9137931034482759,0.19448487915999715,-0.31879759219641074,0.018684384470630117,0.3815786050892306,58,58,57
F012,U004,Q0,wf2022,2022,S006_F012_wf2022,2022Q2,59,0.09275058663157558,0.07250229394462243,1.2792779591555943,0.8813559322033898,0.2901989004981019,0.31836538792056074,0.022880184751529607,0.4172958493766019,59,59,59
F012,U004,Q0,wf2022,2022,S006_F012_wf2022,2022Q3,65,0.05803887804303073,0.06744315122541215,0.8605599973976608,0.7846153846153846,0.10169941166928881,-0.3445418969327191,0.012907588090319484,0.3498530982909031,65,65,65
F012,U004,Q0,wf2022,2022,S006_F012_wf2022,2022Q4,60,0.08150458880640093,0.06939959086063986,1.1744246298233791,0.8666666666666667,0.1774320741179969,0.6004523592880537,0.010972407875413032,0.3825397353953356,60,60,60
F012,U004,Q0,wf2023,2023,S006_F012_wf2023,2023Q1,59,0.06520392883382209,0.057834049262519845,1.1274314986635112,0.864406779661017,0.1211559705090531,0.4315503005311092,0.012132031723098215,0.3587887531693153,59,59,58
F012,U004,Q0,wf2023,2023,S006_F012_wf2023,2023Q2,59,0.050932716404966404,0.057823826771179684,0.8808257642047322,0.8135593220338984,0.23108102286022755,0.1566621168791563,0.01738154353645961,0.38448293035911696,59,59,59
F012,U004,Q0,wf2023,2023,S006_F012_wf2023,2023Q3,64,0.0342660870038014,0.07090730660580086,0.4832518487029674,0.71875,0.05117564775150314,-0.10519140235022723,0.01003278471898209,0.3260492937112769,64,64,64
F012,U004,Q0,wf2023,2023,S006_F012_wf2023,2023Q4,60,0.042097926835015266,0.06376133584848372,0.6602422341817417,0.75,0.07671100751354083,0.08980041783955708,0.010899205464353013,0.3365827113487625,60,60,60
F013,U004,Q1,wf2021,2021,S006_F013_wf2021,2021Q1,58,0.07015935333948424,0.06724799653259814,1.0432928407833657,0.7931034482758621,0.20237867184011876,0.024113695140574633,0.025558047953469335,0.3811099285017885,58,58,57
F013,U004,Q1,wf2021,2021,S006_F013_wf2021,2021Q2,60,0.06867314737688793,0.03874226748115188,1.7725639680304575,0.9833333333333333,0.3496265655777174,0.577136955037277,0.01913171194668532,0.42661771504006474,60,60,60
F013,U004,Q1,wf2021,2021,S006_F013_wf2021,2021Q3,64,0.06300672669402746,0.05365354706555775,1.174325466628354,0.890625,0.19972617671754866,0.3985602818861508,0.02431978065544978,0.37782460949624064,64,64,64
F013,U004,Q1,wf2021,2021,S006_F013_wf2021,2021Q4,61,0.06454484319864912,0.04495299235012704,1.435829737338202,0.9344262295081968,0.16754767751671387,0.532893178905515,0.01652489549629662,0.3711247718855848,61,61,61
F013,U004,Q1,wf2022,2022,S006_F013_wf2022,2022Q1,58,0.07210157026243973,0.05188201494775381,1.3897218590112084,0.9137931034482759,0.19448487915999715,-0.31879759219641074,0.018684384470630117,0.381580776511786,58,58,57
F013,U004,Q1,wf2022,2022,S006_F013_wf2022,2022Q2,59,0.09275125022964369,0.07250174061797784,1.2792968753448752,0.8813559322033898,0.2901989004981019,0.31836538792056074,0.022880184751529607,0.4172961148158292,59,59,59
F013,U004,Q1,wf2022,2022,S006_F013_wf2022,2022Q3,65,0.058038947267774664,0.06744316291586819,0.8605608746460366,0.7846153846153846,0.10169941166928881,-0.3445418969327191,0.012907588090319484,0.3498531259808007,65,65,65
F013,U004,Q1,wf2022,2022,S006_F013_wf2022,2022Q4,60,0.08150462926058287,0.06939945249738386,1.174427554218174,0.8666666666666667,0.1774320741179969,0.6004523592880537,0.010972407875413032,0.38253975157700837,60,60,60
F013,U004,Q1,wf2023,2023,S006_F013_wf2023,2023Q1,59,0.06522591437753449,0.057806882081788726,1.1283416788549305,0.864406779661017,0.1211559705090531,0.4315503005311092,0.012132031723098215,0.35879754738680025,59,59,58
F013,U004,Q1,wf2023,2023,S006_F013_wf2023,2023Q2,59,0.050932751494149726,0.05782381681924969,0.880826522630967,0.8135593220338984,0.23108102286022755,0.1566621168791563,0.01738154353645961,0.38448294439479025,59,59,59
F013,U004,Q1,wf2023,2023,S006_F013_wf2023,2023Q3,64,0.034266093076150986,0.07090726801906255,0.48325219731972985,0.71875,0.05117564775150314,-0.10519140235022723,0.01003278471898209,0.3260492961402167,64,64,64
F013,U004,Q1,wf2023,2023,S006_F013_wf2023,2023Q4,60,0.04209793401372856,0.06376141857581952,0.660241490136694,0.75,0.07671100751354083,0.08980041783955708,0.010899205464353013,0.33658271422024777,60,60,60
F014,U004,Q2,wf2021,2021,S006_F014_wf2021,2021Q1,58,0.07247197296877947,0.0685719641640403,1.0568746841698953,0.7931034482758621,0.24462472627104095,0.06635974957149653,0.04169734675634054,0.3898670030419219,58,58,57
F014,U004,Q2,wf2021,2021,S006_F014_wf2021,2021Q2,60,0.06779285995398855,0.037190858608382706,1.8228366456349638,0.9833333333333333,0.299179882603427,0.5266902720629881,0.03602439180503595,0.40606379122111275,60,60,60
F014,U004,Q2,wf2021,2021,S006_F014_wf2021,2021Q3,64,0.06379042408271429,0.051855700149079274,1.2301525945908365,0.90625,0.21594299341390474,0.41477709858250666,0.04298167942336144,0.37740456383024873,64,64,64
F014,U004,Q2,wf2021,2021,S006_F014_wf2021,2021Q4,61,0.06535182418221223,0.0448205976126159,1.4580756987456431,0.9344262295081968,0.1363212898873618,0.5016667912761645,0.035347106438750796,0.3564329847074682,61,61,61
F014,U004,Q2,wf2022,2022,S006_F014_wf2022,2022Q1,58,0.0727081704236603,0.05257676807329992,1.3828953944505336,0.9310344827586207,0.1949362720229743,-0.3183461993334307,0.03585495336571696,0.3768076637666413,58,58,57
F014,U004,Q2,wf2022,2022,S006_F014_wf2022,2022Q2,59,0.09472541191495097,0.076016804982928,1.2461114609621464,0.8813559322033898,0.27438317792024325,0.3025496653426979,0.040759422266190615,0.40797729146219613,59,59,59
F014,U004,Q2,wf2022,2022,S006_F014_wf2022,2022Q3,65,0.06049046235466581,0.06941748701849351,0.8714009243600326,0.8153846153846154,0.11488653678637921,-0.33135477181562906,0.030922733604738177,0.3493853258963586,65,65,65
F014,U004,Q2,wf2022,2022,S006_F014_wf2022,2022Q4,60,0.0851594410406545,0.06969191203297026,1.2219415217129754,0.8666666666666667,0.23394740434057953,0.6569676895106397,0.03138640023465657,0.3948320776480386,60,60,60
F014,U004,Q2,wf2023,2023,S006_F014_wf2023,2023Q1,59,0.06825561564555825,0.057022304004086886,1.1969985576287177,0.9152542372881356,0.1676956952083031,0.47809002523036026,0.028039751360111328,0.36919902941268085,59,59,58
F014,U004,Q2,wf2023,2023,S006_F014_wf2023,2023Q2,59,0.05161318929913122,0.05772613797073317,0.8941043193518128,0.8305084745762712,0.2385421769007644,0.16412327091969303,0.03497381921582764,0.38171578302513354,59,59,59
F014,U004,Q2,wf2023,2023,S006_F014_wf2023,2023Q3,64,0.04021928003028568,0.07113173200411474,0.5654196642921492,0.75,0.05892045662783432,-0.09744659347388963,0.026089346795943522,0.3259370449616815,64,64,64
F014,U004,Q2,wf2023,2023,S006_F014_wf2023,2023Q4,60,0.04342600882551393,0.060460440602989295,0.7182549182972189,0.7833333333333333,0.02678785703543578,0.03987726736144957,0.0278154615109582,0.31706212218754887,60,60,60
F015,U005,Q0,wf2021,2021,S006_F015_wf2021,2021Q1,58,0.10430264315015388,0.09309517674850551,1.1203871864589192,0.8620689655172413,0.2192834873568402,0.04101851065728946,0.02083119521339978,0.4012567449030937,58,58,57
F015,U005,Q0,wf2021,2021,S006_F015_wf2021,2021Q2,60,0.10745339988377212,0.054923089903563704,1.9564339892828928,0.9666666666666667,0.3788301718769391,0.6063405613364965,0.017985691141118903,0.4512347041742549,60,60,60
F015,U005,Q0,wf2021,2021,S006_F015_wf2021,2021Q3,64,0.10236790349517311,0.07645425777424891,1.33894313378126,0.921875,0.20752358254603057,0.40635768771463276,0.02385301045025172,0.39604833302680287,64,64,64
F015,U005,Q0,wf2021,2021,S006_F015_wf2021,2021Q4,61,0.09350731353419696,0.06282884479314076,1.4882863729559688,0.9180327868852459,0.2532051980277615,0.6185506994165583,0.018861246624033434,0.4077061108347972,61,61,61
F015,U005,Q0,wf2022,2022,S006_F015_wf2022,2022Q1,58,0.10227657119782346,0.06924778086848526,1.4769653253158561,0.9137931034482759,0.16513296041607756,-0.348149510940327,0.016875781816161912,0.38538778205910407,58,58,57
F015,U005,Q0,wf2022,2022,S006_F015_wf2022,2022Q2,59,0.11935819794141854,0.07971526842460218,1.4973066051243646,0.9322033898305084,0.26222650479984444,0.29039299222229936,0.019599965424187894,0.4205312409892644,59,59,59
F015,U005,Q0,wf2022,2022,S006_F015_wf2022,2022Q3,65,0.09237974650813667,0.08482435328092797,1.0890710383866549,0.8461538461538461,0.12930767396857304,-0.31693363463343494,0.012642978685966366,0.3719513071880367,65,65,65
F015,U005,Q0,wf2022,2022,S006_F015_wf2022,2022Q4,60,0.12228991133389264,0.07527821244435788,1.6245060471419084,0.95,0.152234573373478,0.5752548585435342,0.010763076142827503,0.3913574137027522,60,60,60
F015,U005,Q0,wf2023,2023,S006_F015_wf2023,2023Q1,59,0.10945885516641289,0.07021440217390666,1.5589231237105141,0.9322033898305084,0.20244855629397046,0.5128428863160306,0.010654914828941542,0.40132163450607383,59,59,58
F015,U005,Q0,wf2023,2023,S006_F015_wf2023,2023Q2,59,0.07362286381908727,0.07318534688213298,1.0059782040475798,0.8135593220338984,0.2080991698333775,0.13368026385230472,0.013489817318502881,0.38783195128209724,59,59,59
F015,U005,Q0,wf2023,2023,S006_F015_wf2023,2023Q3,64,0.07824114283433418,0.0796095834899548,0.9828106040048146,0.796875,0.09739140639467171,-0.05897564370705492,0.008757940355115675,0.3578864969456005,64,64,64
F015,U005,Q0,wf2023,2023,S006_F015_wf2023,2023Q4,60,0.08232334750400733,0.07798535373382198,1.0556257497400305,0.8833333333333333,0.0751622793975967,0.0882516897236096,0.008894077992975011,0.3528097994229894,60,60,60
F016,U005,Q1,wf2021,2021,S006_F016_wf2021,2021Q1,58,0.10433830547163406,0.09310492473348927,1.1206529168064963,0.8620689655172413,0.2192834873568402,0.04101851065728946,0.02083119521339978,0.40127100983168573,58,58,57
F016,U005,Q1,wf2021,2021,S006_F016_wf2021,2021Q2,60,0.10745388991004132,0.05492282436691306,1.9564523701875454,0.9666666666666667,0.3788301718769391,0.6063405613364965,0.017985691141118903,0.45123490018476253,60,60,60
F016,U005,Q1,wf2021,2021,S006_F016_wf2021,2021Q3,64,0.10236790349517311,0.07645425777424891,1.33894313378126,0.921875,0.20752358254603057,0.40635768771463276,0.02385301045025172,0.39604833302680287,64,64,64
F016,U005,Q1,wf2021,2021,S006_F016_wf2021,2021Q4,61,0.09350788791046477,0.0628290630673623,1.4882903443938056,0.9180327868852459,0.2532051980277615,0.6185506994165583,0.018861246624033434,0.4077063405853043,61,61,61
F016,U005,Q1,wf2022,2022,S006_F016_wf2022,2022Q1,58,0.10225812413167136,0.06923253529048104,1.4770241144950689,0.9137931034482759,0.16513296041607756,-0.348149510940327,0.016875781816161912,0.3853804032326432,58,58,57
F016,U005,Q1,wf2022,2022,S006_F016_wf2022,2022Q2,59,0.11935839686590681,0.07971578199490038,1.4972994541224278,0.9322033898305084,0.26222650479984444,0.29039299222229936,0.019599965424187894,0.42053132055905973,59,59,59
F016,U005,Q1,wf2022,2022,S006_F016_wf2022,2022Q3,65,0.09238008251956446,0.08482446625799783,1.0890735491171362,0.8461538461538461,0.12930767396857304,-0.31693363463343494,0.012642978685966366,0.3719514415926078,65,65,65
F016,U005,Q1,wf2022,2022,S006_F016_wf2022,2022Q4,60,0.12229010104395491,0.07527799700691203,1.6245132164279854,0.95,0.152234573373478,0.5752548585435342,0.010763076142827503,0.3913574895867771,60,60,60
F016,U005,Q1,wf2023,2023,S006_F016_wf2023,2023Q1,59,0.10949143067797988,0.07019399320639001,1.5598404603659517,0.9322033898305084,0.20244855629397046,0.5128428863160306,0.010654914828941542,0.40133466471070056,59,59,58
F016,U005,Q1,wf2023,2023,S006_F016_wf2023,2023Q2,59,0.07362291968145056,0.07318542037167755,1.005977957188073,0.8135593220338984,0.2080991698333775,0.13368026385230472,0.013489817318502881,0.3878319736270426,59,59,59
F016,U005,Q1,wf2023,2023,S006_F016_wf2023,2023Q3,64,0.07824094680410912,0.0796099284465178,0.9828038830190838,0.796875,0.09739140639467171,-0.05897564370705492,0.008757940355115675,0.35788641853351044,64,64,64
F016,U005,Q1,wf2023,2023,S006_F016_wf2023,2023Q4,60,0.08232331018908844,0.0779853794692804,1.0556249228936152,0.8833333333333333,0.0751622793975967,0.0882516897236096,0.008894077992975011,0.3528097844970218,60,60,60
F017,U005,Q2,wf2021,2021,S006_F017_wf2021,2021Q1,58,0.10811298695454594,0.09431531400177255,1.1462930288554631,0.8620689655172413,0.3100639566036231,0.13179897990407763,0.03784476814542031,0.42491095131927925,58,58,57
F017,U005,Q2,wf2021,2021,S006_F017_wf2021,2021Q2,60,0.10933158643817559,0.05412717400922673,2.0199019889628542,0.9666666666666667,0.3331827006200041,0.560693090079564,0.03611037408788268,0.4328543325349067,60,60,60
F017,U005,Q2,wf2021,2021,S006_F017_wf2021,2021Q3,64,0.10456148382424166,0.07582854556460124,1.3789198123965298,0.90625,0.20900625671630085,0.40784036188490125,0.041279016870649964,0.39214276548339194,64,64,64
F017,U005,Q2,wf2021,2021,S006_F017_wf2021,2021Q4,61,0.09648645115337345,0.06548391325201156,1.47343746519928,0.9180327868852459,0.2214869662158239,0.5868324676046242,0.03665769673530934,0.3940433613055037,61,61,61
F017,U005,Q2,wf2022,2022,S006_F017_wf2022,2022Q1,58,0.105066316464496,0.07168087327632226,1.4657510666684592,0.9137931034482759,0.2081285916731553,-0.3051538796832507,0.035047512929951556,0.39395085020875953,58,58,57
F017,U005,Q2,wf2022,2022,S006_F017_wf2022,2022Q2,59,0.12295594348668579,0.08364865025961467,1.469909473793967,0.9661016949152542,0.3112170283702721,0.339383515792728,0.038737542799586834,0.43092622306587985,59,59,59
F017,U005,Q2,wf2022,2022,S006_F017_wf2022,2022Q3,65,0.09473445586071734,0.09074620487262976,1.0439495072403904,0.8307692307692308,0.12874774563971259,-0.31749356296229725,0.02994332607114225,0.367535108214858,65,65,65
F017,U005,Q2,wf2022,2022,S006_F017_wf2022,2022Q4,60,0.12669360114055722,0.07614088485340297,1.6639365484717623,0.95,0.19426964421483495,0.6172899293848917,0.029763502790065764,0.40002928288365364,60,60,60
F017,U005,Q2,wf2023,2023,S006_F017_wf2023,2023Q1,59,0.10953256661332095,0.07337759013792781,1.4927250459906443,0.8983050847457628,0.17392741114326507,0.48432174116532495,0.025713712747050567,0.3882771361641927,59,59,58
F017,U005,Q2,wf2023,2023,S006_F017_wf2023,2023Q2,59,0.07367363507593636,0.08119423574357423,0.9073751898916905,0.8305084745762712,0.13162829409165028,0.057209388110577665,0.028857716947718413,0.36030062717355404,59,59,59
F017,U005,Q2,wf2023,2023,S006_F017_wf2023,2023Q3,64,0.08250304750533885,0.08502315252466482,0.9703597791366899,0.796875,0.06398104816547755,-0.09238600193624698,0.024239771950792362,0.3449236018665411,64,64,64
F017,U005,Q2,wf2023,2023,S006_F017_wf2023,2023Q4,60,0.08268291775303951,0.08422022011974191,0.9817466356117723,0.8833333333333333,0.030218064545727452,0.043307474871741344,0.02527760336294491,0.3345553054560505,60,60,60
F018,U006,Q0,wf2021,2021,S006_F018_wf2021,2021Q1,58,0.09816704584707613,0.08579779679328495,1.1441674438749605,0.8620689655172413,0.2687447097336226,0.09047973303407508,0.02218178698267989,0.41323569516411324,58,58,57
F018,U006,Q0,wf2021,2021,S006_F018_wf2021,2021Q2,60,0.09639818422122452,0.049114411971786655,1.962727035734432,0.9666666666666667,0.3661497974353117,0.5936601868948721,0.01798747544390641,0.4430079702859113,60,60,60
F018,U006,Q0,wf2021,2021,S006_F018_wf2021,2021Q3,64,0.09159659571300752,0.06862587064820327,1.3347239874384844,0.90625,0.1678134505217251,0.36664755569032487,0.022508995261858726,0.3802299748631629,64,64,64
F018,U006,Q0,wf2021,2021,S006_F018_wf2021,2021Q4,61,0.08544035547965993,0.055714106492572746,1.5335497750654943,0.9508196721311475,0.24323305339210283,0.6085785547809028,0.01893089544110115,0.4014667895771644,61,61,61
F018,U006,Q0,wf2022,2022,S006_F018_wf2022,2022Q1,58,0.09828256257123408,0.06616721312420382,1.4853665120630952,0.9137931034482759,0.2154902988749358,-0.29779217248147366,0.017252463202529822,0.3987843757302154,58,58,57
F018,U006,Q0,wf2022,2022,S006_F018_wf2022,2022Q2,59,0.11401552697655602,0.07812931208227987,1.459318198738055,0.9322033898305084,0.23525605349531079,0.26342254091776457,0.020695726845219628,0.4099743087856498,59,59,59
F018,U006,Q0,wf2022,2022,S006_F018_wf2022,2022Q3,65,0.08472381087645962,0.08266192252338622,1.0249436293051382,0.8307692307692308,0.1289344685833671,-0.31730684001864073,0.013440345325600756,0.3685377613279137,65,65,65
F018,U006,Q0,wf2022,2022,S006_F018_wf2022,2022Q4,60,0.11337318850280113,0.07855950210450921,1.4431505478736182,0.9166666666666666,0.12098997342709619,0.5440102585971518,0.010473541670318267,0.37850420492815384,60,60,60
F018,U006,Q0,wf2023,2023,S006_F018_wf2023,2023Q1,59,0.10040401627541748,0.06672555287758485,1.5047311254148672,0.9152542372881356,0.17070461094824985,0.4810989409703092,0.009994206425955627,0.38837472786685523,59,59,58
F018,U006,Q0,wf2023,2023,S006_F018_wf2023,2023Q2,59,0.06709444881762497,0.0683163193532664,0.9821145145521806,0.8135593220338984,0.19493169408748448,0.12051278810641271,0.01356324224772269,0.38124831507897855,59,59,59
F018,U006,Q0,wf2023,2023,S006_F018_wf2023,2023Q3,64,0.06602854976758304,0.07876249892992124,0.8383247188021777,0.765625,0.09184951483567894,-0.06451753526604732,0.007952801776586646,0.3515804338247609,64,64,64
F018,U006,Q0,wf2023,2023,S006_F018_wf2023,2023Q4,60,0.07370436151915456,0.0715042142200984,1.0307694773385503,0.8666666666666667,0.09836063787568783,0.11145004820170075,0.009468965542647487,0.3561492463075739,60,60,60
F019,U006,Q1,wf2021,2021,S006_F019_wf2021,2021Q1,58,0.09819861811006411,0.08581340997487877,1.1443271877764911,0.8620689655172413,0.2687447097336226,0.09047973303407508,0.02218178698267989,0.41324832406930845,58,58,57
F019,U006,Q1,wf2021,2021,S006_F019_wf2021,2021Q2,60,0.09639884902701062,0.049114553945503125,1.9627348979688086,0.9666666666666667,0.3661497974353117,0.5936601868948721,0.01798747544390641,0.4430082362082258,60,60,60
F019,U006,Q1,wf2021,2021,S006_F019_wf2021,2021Q3,64,0.09159660703315844,0.06862587532234442,1.334724061484354,0.90625,0.1678134505217251,0.36664755569032487,0.022508995261858726,0.38022997939122327,64,64,64
F019,U006,Q1,wf2021,2021,S006_F019_wf2021,2021Q4,61,0.0854406745129628,0.05571394022465245,1.5335600779346206,0.9508196721311475,0.24323305339210283,0.6085785547809028,0.01893089544110115,0.4014669171904856,61,61,61
F019,U006,Q1,wf2022,2022,S006_F019_wf2022,2022Q1,58,0.09828164646781218,0.06616291651492633,1.4854491253516595,0.9137931034482759,0.2154902988749358,-0.29779217248147366,0.017252463202529822,0.3987840092888466,58,58,57
F019,U006,Q1,wf2022,2022,S006_F019_wf2022,2022Q2,59,0.1140168331463528,0.07813003450070662,1.459321423252688,0.9322033898305084,0.23525605349531079,0.26342254091776457,0.020695726845219628,0.4099748312535685,59,59,59
F019,U006,Q1,wf2022,2022,S006_F019_wf2022,2022Q3,65,0.08472483153643923,0.08266316990005888,1.0249405102523037,0.8307692307692308,0.1289344685833671,-0.31730684001864073,0.013440345325600756,0.36853816959190555,65,65,65
F019,U006,Q1,wf2022,2022,S006_F019_wf2022,2022Q4,60,0.11337330660149261,0.07855932815546891,1.4431552466580013,0.9166666666666666,0.12098997342709619,0.5440102585971518,0.010473541670318267,0.37850425216763045,60,60,60
F019,U006,Q1,wf2023,2023,S006_F019_wf2023,2023Q1,59,0.10043079746334543,0.06670191327857167,1.5056659176163294,0.9152542372881356,0.17070461094824985,0.4810989409703092,0.009994206425955627,0.38838544034202643,59,59,58
F019,U006,Q1,wf2023,2023,S006_F019_wf2023,2023Q2,59,0.06709458600503963,0.06831629503506419,0.9821168722718716,0.8135593220338984,0.19493169408748448,0.12051278810641271,0.01356324224772269,0.3812483699539444,59,59,59
F019,U006,Q1,wf2023,2023,S006_F019_wf2023,2023Q3,64,0.06602823257041071,0.07876276574963448,0.838317851614005,0.765625,0.09184951483567894,-0.06451753526604732,0.007952801776586646,0.351580306945892,64,64,64
F019,U006,Q1,wf2023,2023,S006_F019_wf2023,2023Q4,60,0.07370450459742375,0.07150423922307565,1.0307711178841272,0.8666666666666667,0.09836063787568783,0.11145004820170075,0.009468965542647487,0.3561493035388816,60,60,60
F020,U006,Q2,wf2021,2021,S006_F020_wf2021,2021Q1,58,0.10170182277061461,0.08759411349255251,1.1610577322557363,0.8448275862068966,0.34985185462929685,0.17158687792975005,0.038883262119412,0.43397130686121127,58,58,57
F020,U006,Q2,wf2021,2021,S006_F020_wf2021,2021Q2,60,0.09853215560216984,0.04825127917809916,2.042063076472649,0.9666666666666667,0.3461807095815898,0.5736910990411515,0.036742929637562836,0.432244196224076,60,60,60
F020,U006,Q2,wf2021,2021,S006_F020_wf2021,2021Q3,64,0.09441565029886098,0.06926813510831566,1.3630459395394687,0.921875,0.19236661641558322,0.39120072158418495,0.041470814033302585,0.3830350008342286,64,64,64
F020,U006,Q2,wf2021,2021,S006_F020_wf2021,2021Q4,61,0.08926034406068405,0.05928056464385245,1.5057269544739496,0.9508196721311475,0.25133356009310137,0.6166790614819023,0.03809964374393226,0.39967431252902436,61,61,61
F020,U006,Q2,wf2022,2022,S006_F020_wf2022,2022Q1,58,0.10014838969875287,0.06935515588604924,1.4439934337873455,0.896551724137931,0.25178409001592816,-0.2614983813404806,0.03475041739783804,0.4051694576649282,58,58,57
F020,U006,Q2,wf2022,2022,S006_F020_wf2022,2022Q2,59,0.11691600033618671,0.08295217374998244,1.4094386566477586,0.9322033898305084,0.3190294032949251,0.3471958907173781,0.03874274073225646,0.4308523989032753,59,59,59
F020,U006,Q2,wf2022,2022,S006_F020_wf2022,2022Q3,65,0.08745085830441562,0.08653335422259531,1.0106028951502348,0.8307692307692308,0.14970453029518133,-0.2965367783068278,0.0310472047748757,0.3705775409778579,65,65,65
F020,U006,Q2,wf2022,2022,S006_F020_wf2022,2022Q4,60,0.11864507795584368,0.08088451520593053,1.4668453863360056,0.95,0.18973593961489135,0.6127562247849484,0.029763687388419394,0.395449706850279,60,60,60
F020,U006,Q2,wf2023,2023,S006_F020_wf2023,2023Q1,59,0.10192664394093899,0.06920873918505824,1.4727423897782024,0.9152542372881356,0.1546253638115087,0.46501969383356684,0.02564118975362035,0.37946590979374206,59,59,58
F020,U006,Q2,wf2023,2023,S006_F020_wf2023,2023Q2,59,0.06776958896096373,0.07348199487235349,0.9222611481722448,0.8305084745762712,0.12895999661591923,0.0545410906348456,0.03043079665342686,0.3566665955731332,59,59,59
F020,U006,Q2,wf2023,2023,S006_F020_wf2023,2023Q3,64,0.0700192759859945,0.08341646155200762,0.8393939839121517,0.78125,0.068635135502373,-0.08773191459935162,0.02457337478594952,0.3412262386093248,64,64,64
F020,U006,Q2,wf2023,2023,S006_F020_wf2023,2023Q4,60,0.07490680885627078,0.07395170812369177,1.0129151950213444,0.8666666666666667,0.04320190057749704,0.0562913109035104,0.025210985816165918,0.33535999797090765,60,60,60
F021,U007,Q0,wf2021,2021,S006_F021_wf2021,2021Q1,58,0.08922671542433012,0.07825680890870794,1.1401783010142843,0.8448275862068966,0.29259304315670914,0.11432806645716487,0.024298637832515187,0.41617900776699024,58,58,57
F021,U007,Q0,wf2021,2021,S006_F021_wf2021,2021Q2,60,0.08161135291651382,0.04596153652136319,1.7756445735572914,0.9666666666666667,0.34194006857682185,0.5694504580363803,0.01927408978547245,0.42944433480401034,60,60,60
F021,U007,Q0,wf2021,2021,S006_F021_wf2021,2021Q3,64,0.07853520345698131,0.06004033740147931,1.308040674918764,0.875,0.23156146458643154,0.4303955697550334,0.024365867153198974,0.39357276061276225,64,64,64
F021,U007,Q0,wf2021,2021,S006_F021_wf2021,2021Q4,61,0.07491160829726741,0.05147398285993585,1.4553295497087704,0.9672131147540983,0.19992519870231984,0.5652707000911206,0.01864960150858624,0.3843473224770271,61,61,61
F021,U007,Q0,wf2022,2022,S006_F021_wf2022,2022Q1,58,0.09086375357042496,0.061673195565839646,1.4733102888016032,0.9310344827586207,0.263750349157607,-0.24953212219880094,0.018232679886707435,0.41000080220943985,58,58,57
F021,U007,Q0,wf2022,2022,S006_F021_wf2022,2022Q2,59,0.10568755565097156,0.0753889962099912,1.4018963106576676,0.9322033898305084,0.2791251427247707,0.3072916301472287,0.023024528977617306,0.41910520638453463,59,59,59
F021,U007,Q0,wf2022,2022,S006_F021_wf2022,2022Q3,65,0.07310176532635293,0.0773094267551472,0.945573759819476,0.8,0.12456275964935581,-0.3216785489526517,0.01284003356536319,0.36275752395573896,65,65,65
F021,U007,Q0,wf2022,2022,S006_F021_wf2022,2022Q4,60,0.10116142234790247,0.07774624631415478,1.3011743607418977,0.9,0.13508776134802744,0.5581080465180844,0.010833825113255896,0.37774074980959244,60,60,60
F021,U007,Q0,wf2023,2023,S006_F021_wf2023,2023Q1,59,0.08837118472559184,0.06393701687513051,1.3821599606090702,0.9152542372881356,0.16224602584216555,0.4726403558642215,0.010214706129003166,0.3809578698041854,59,59,58
F021,U007,Q0,wf2023,2023,S006_F021_wf2023,2023Q2,59,0.05884987435482999,0.06373316105585383,0.9233791856527518,0.8135593220338984,0.20912961111703632,0.13471070513596478,0.014578236047720058,0.38190536226272687,59,59,59
F021,U007,Q0,wf2023,2023,S006_F021_wf2023,2023Q3,64,0.050216038827803386,0.07567401325462927,0.6635836619215048,0.765625,0.08223076708447409,-0.07413628301725239,0.008288139036644444,0.3422692039454702,64,64,64
F021,U007,Q0,wf2023,2023,S006_F021_wf2023,2023Q4,60,0.062204348809743175,0.06439536711766682,0.965975528892939,0.8666666666666667,0.10576426045733182,0.11885367078334713,0.009178893261824165,0.35385734968254956,60,60,60
F022,U007,Q1,wf2021,2021,S006_F022_wf2021,2021Q1,58,0.08925295763490215,0.07827482392180246,1.1402511454266187,0.8448275862068966,0.29259304315670914,0.11432806645716487,0.024298637832515187,0.41618950465121907,58,58,57
F022,U007,Q1,wf2021,2021,S006_F022_wf2021,2021Q2,60,0.08161194971053759,0.045961589555652216,1.775655509296919,0.9666666666666667,0.34194006857682185,0.5694504580363803,0.01927408978547245,0.42944457352161985,60,60,60
F022,U007,Q1,wf2021,2021,S006_F022_wf2021,2021Q3,64,0.07853537084349578,0.060040325580427205,1.308043720354139,0.875,0.23156146458643154,0.4303955697550334,0.024365867153198974,0.3935728275673681,64,64,64
F022,U007,Q1,wf2021,2021,S006_F022_wf2021,2021Q4,61,0.07491165139131092,0.0514739382887992,1.4553316470756972,0.9672131147540983,0.19992519870231984,0.5652707000911206,0.01864960150858624,0.38434733971464446,61,61,61
F022,U007,Q1,wf2022,2022,S006_F022_wf2022,2022Q1,58,0.09087448626462556,0.061697163917460794,1.4729118892109618,0.9310344827586207,0.263750349157607,-0.24953212219880094,0.018232679886707435,0.4100050952871201,58,58,57
F022,U007,Q1,wf2022,2022,S006_F022_wf2022,2022Q2,59,0.10568924260002141,0.07538977392592844,1.4019042251521094,0.9322033898305084,0.2791251427247707,0.3072916301472287,0.023024528977617306,0.4191058811641546,59,59,59
F022,U007,Q1,wf2022,2022,S006_F022_wf2022,2022Q3,65,0.07310256417915666,0.07730988198605213,0.9455785250370123,0.8,0.12456275964935581,-0.3216785489526517,0.01284003356536319,0.36275784349686047,65,65,65
F022,U007,Q1,wf2022,2022,S006_F022_wf2022,2022Q4,60,0.10116155491073481,0.0777460624962172,1.3011791422318901,0.9,0.13508776134802744,0.5581080465180844,0.010833825113255896,0.37774080283472533,60,60,60
F022,U007,Q1,wf2023,2023,S006_F022_wf2023,2023Q1,59,0.08839226767565074,0.06391419201709896,1.382983417078998,0.9152542372881356,0.16224602584216555,0.4726403558642215,0.010214706129003166,0.38096630298420897,59,59,58
F022,U007,Q1,wf2023,2023,S006_F022_wf2023,2023Q2,59,0.05884994042197204,0.06373319959781176,0.9233796638697646,0.8135593220338984,0.20912961111703632,0.13471070513596478,0.014578236047720058,0.3819053886895837,59,59,59
F022,U007,Q1,wf2023,2023,S006_F022_wf2023,2023Q3,64,0.05021595936539712,0.07567401637113752,0.6635825845309534,0.765625,0.08223076708447409,-0.07413628301725239,0.008288139036644444,0.34226917216050773,64,64,64
F022,U007,Q1,wf2023,2023,S006_F022_wf2023,2023Q4,60,0.06220442347601844,0.06439537802160351,0.9659765248237219,0.8666666666666667,0.10576426045733182,0.11885367078334713,0.009178893261824165,0.35385737954905966,60,60,60
F023,U007,Q2,wf2021,2021,S006_F023_wf2021,2021Q1,58,0.0929423854002441,0.07967779883848214,1.1664778238747673,0.8620689655172413,0.3445117980413708,0.16624682134182708,0.040815962052233395,0.4282857049568388,58,58,57
F023,U007,Q2,wf2021,2021,S006_F023_wf2021,2021Q2,60,0.08426844624232607,0.04414346230929422,1.90896775726139,0.9666666666666667,0.36034087669066744,0.5878512661502275,0.03785978945819711,0.43045170466667154,60,60,60
F023,U007,Q2,wf2021,2021,S006_F023_wf2021,2021Q3,64,0.08062364319045678,0.06072612900547361,1.327659847759927,0.90625,0.21827818899655332,0.41711229416515333,0.04192259213722739,0.3851561363339805,64,64,64
F023,U007,Q2,wf2021,2021,S006_F023_wf2021,2021Q4,61,0.07928619140220192,0.054036311477102514,1.4672761562527978,0.9508196721311475,0.22443387544959356,0.589779376838392,0.03755452946456242,0.3877782803563901,61,61,61
F023,U007,Q2,wf2022,2022,S006_F023_wf2022,2022Q1,58,0.09172574691734856,0.06506371865034381,1.4097833450050408,0.9137931034482759,0.26704721780221125,-0.24623525355419532,0.034895406435177495,0.40633584217704954,58,58,57
F023,U007,Q2,wf2022,2022,S006_F023_wf2022,2022Q2,59,0.10827969013521986,0.0809860766953264,1.3370161212102345,0.9322033898305084,0.33259725939163565,0.3607637468140907,0.04022953432873023,0.43102219357295957,59,59,59
F023,U007,Q2,wf2022,2022,S006_F023_wf2022,2022Q3,65,0.07652092029271956,0.07941100441191667,0.9636059996898438,0.8153846153846154,0.152845910450933,-0.2933953981510804,0.030982669477974848,0.36716734040897525,65,65,65
F023,U007,Q2,wf2022,2022,S006_F023_wf2022,2022Q4,60,0.10672069678200609,0.08016284344635644,1.331298793728814,0.9,0.18815394927653853,0.6111742344465977,0.029487170795586114,0.39028831225708815,60,60,60
F023,U007,Q2,wf2023,2023,S006_F023_wf2023,2023Q1,59,0.09060921275107851,0.06522633897371967,1.3891506740488049,0.9152542372881356,0.1710169213724133,0.48141125139446994,0.026367001660665638,0.3796386610139557,59,59,58
F023,U007,Q2,wf2023,2023,S006_F023_wf2023,2023Q2,59,0.05930311861651057,0.06619431849362445,0.8958943904260059,0.8305084745762712,0.16292288294384544,0.08850397696277436,0.031215834906020208,0.36323336185795174,59,59,59
F023,U007,Q2,wf2023,2023,S006_F023_wf2023,2023Q3,64,0.05564843101719835,0.0795785370861882,0.6992894448025333,0.75,0.08084127684244027,-0.07552577325928442,0.02556301085413498,0.33884285220337096,64,64,64
F023,U007,Q2,wf2023,2023,S006_F023_wf2023,2023Q4,60,0.06358394950884529,0.06592502750550512,0.9644887824056753,0.8333333333333334,0.05974310672095716,0.07283251704697372,0.02577465491316263,0.33562411534587644,60,60,60
F024,U008,Q0,wf2021,2021,S006_F024_wf2021,2021Q1,58,0.10755810592317944,0.08874635775166671,1.2119720588889118,0.8793103448275862,0.28268395902771776,0.10441898232817308,0.02098996568019147,0.42153144037352963,58,58,57
F024,U008,Q0,wf2021,2021,S006_F024_wf2021,2021Q2,60,0.11092534347058641,0.055088500842615774,2.0135843556079487,0.9666666666666667,0.3376406298984595,0.5651510193580157,0.015616208283065395,0.44097746387285275,60,60,60
F024,U008,Q0,wf2021,2021,S006_F024_wf2021,2021Q3,64,0.10718062596482766,0.07390090140387065,1.450329074865844,0.9375,0.2863556662868264,0.4851897714554288,0.020895617259975775,0.42251026509398626,64,64,64
F024,U008,Q0,wf2021,2021,S006_F024_wf2021,2021Q4,61,0.09678987103480072,0.06335589882405933,1.5277168003501653,0.9344262295081968,0.20225684413321604,0.5676023455220173,0.01751600163434444,0.3941382011635818,61,61,61
F024,U008,Q0,wf2022,2022,S006_F024_wf2022,2022Q1,58,0.1061347637383497,0.06904354006558068,1.5372149753262665,0.9482758620689655,0.2171250327402756,-0.29615743861613447,0.015659112395792384,0.4028936815986848,58,58,57
F024,U008,Q0,wf2022,2022,S006_F024_wf2022,2022Q2,59,0.1202192869431045,0.07906262204620133,1.5205578038235654,0.9661016949152542,0.22463853038433124,0.25280501780678766,0.019160960062255483,0.4097309858738645,59,59,59
F024,U008,Q0,wf2022,2022,S006_F024_wf2022,2022Q3,65,0.09357579867653475,0.0892887812324112,1.0480129461389422,0.8153846153846154,0.10970623250026927,-0.33653507610174255,0.011112397553581198,0.36700846995462033,65,65,65
F024,U008,Q0,wf2022,2022,S006_F024_wf2022,2022Q4,60,0.12273211175319237,0.07903568263210566,1.5528696364208598,0.95,0.11018306613767931,0.5332033513077374,0.009394668141832041,0.37932936410003115,60,60,60
F024,U008,Q0,wf2023,2023,S006_F024_wf2023,2023Q1,59,0.11113650384928236,0.0696089166606746,1.596584305298759,0.9152542372881356,0.21731182392548895,0.5277061539475475,0.010583775337942006,0.406473016115977,59,59,58
F024,U008,Q0,wf2023,2023,S006_F024_wf2023,2023Q2,59,0.0748173814898963,0.07450567431429117,1.0041836702838263,0.7966101694915254,0.19280684926665562,0.11838794328558674,0.012984552730269067,0.3838736415568745,59,59,59
F024,U008,Q0,wf2023,2023,S006_F024_wf2023,2023Q3,64,0.0800513807576593,0.07898085076167251,1.0135542981072356,0.828125,0.12446845749644218,-0.03189859260528187,0.008156324495968079,0.366914192203206,64,64,64
F024,U008,Q0,wf2023,2023,S006_F024_wf2023,2023Q4,60,0.08388691598888935,0.08074167513376532,1.0389543671209853,0.8833333333333333,0.07826455069005205,0.09135396101606501,0.009257082600549587,0.35425700682240646,60,60,60
F025,U008,Q1,wf2021,2021,S006_F025_wf2021,2021Q1,58,0.10758829212548328,0.08875042328953893,1.2122566646751394,0.8793103448275862,0.28268395902771776,0.10441898232817308,0.02098996568019147,0.4215435148544512,58,58,57
F025,U008,Q1,wf2021,2021,S006_F025_wf2021,2021Q2,60,0.11092557818856298,0.055088305005601655,2.013595774589244,0.9666666666666667,0.3376406298984595,0.5651510193580157,0.015616208283065395,0.44097755776004344,60,60,60
F025,U008,Q1,wf2021,2021,S006_F025_wf2021,2021Q3,64,0.1071806568351393,0.07390086868931861,1.4503301346257496,0.9375,0.2863556662868264,0.4851897714554288,0.020895617259975775,0.4225102774421109,64,64,64
F025,U008,Q1,wf2021,2021,S006_F025_wf2021,2021Q4,61,0.09678987103480072,0.06335589882405933,1.5277168003501653,0.9344262295081968,0.20225684413321604,0.5676023455220173,0.01751600163434444,0.3941382011635818,61,61,61
F025,U008,Q1,wf2022,2022,S006_F025_wf2022,2022Q1,58,0.10611663396297712,0.06902107845078881,1.5374525629679487,0.9482758620689655,0.2171250327402756,-0.29615743861613447,0.015659112395792384,0.40288642968853583,58,58,57
F025,U008,Q1,wf2022,2022,S006_F025_wf2022,2022Q2,59,0.12021993468803652,0.079062791678944,1.5205627341900891,0.9661016949152542,0.22463853038433124,0.25280501780678766,0.019160960062255483,0.4097312449718373,59,59,59
F025,U008,Q1,wf2022,2022,S006_F025_wf2022,2022Q3,65,0.0935762584165484,0.0892894793581136,1.0480099009340373,0.8153846153846154,0.10970623250026927,-0.33653507610174255,0.011112397553581198,0.36700865385062575,65,65,65
F025,U008,Q1,wf2022,2022,S006_F025_wf2022,2022Q4,60,0.12273068124199381,0.07903730303414826,1.552819700704713,0.95,0.11018306613767931,0.5332033513077374,0.009394668141832041,0.3793287918955517,60,60,60
F025,U008,Q1,wf2023,2023,S006_F025_wf2023,2023Q1,59,0.11116854501911477,0.06959067125624423,1.5974633239241798,0.9152542372881356,0.21731182392548895,0.5277061539475475,0.010583775337942006,0.40648583258391,59,59,58
F025,U008,Q1,wf2023,2023,S006_F025_wf2023,2023Q2,59,0.07481753313395009,0.07450591722981295,1.004182431620511,0.7966101694915254,0.19280684926665562,0.11838794328558674,0.012984552730269067,0.38387370221449596,59,59,59
F025,U008,Q1,wf2023,2023,S006_F025_wf2023,2023Q3,64,0.08005138810640729,0.07898084856324955,1.013554419364087,0.828125,0.12446845749644218,-0.03189859260528187,0.008156324495968079,0.3669141951427052,64,64,64
F025,U008,Q1,wf2023,2023,S006_F025_wf2023,2023Q4,60,0.08388691598888935,0.08074167513376532,1.0389543671209853,0.8833333333333333,0.07826455069005205,0.09135396101606501,0.009257082600549587,0.35425700682240646,60,60,60
F026,U008,Q2,wf2021,2021,S006_F026_wf2021,2021Q1,58,0.11083862869780438,0.09154348751627113,1.2107756838311812,0.8620689655172413,0.3656046596624195,0.18733968296287454,0.03785208976503028,0.4426612224483385,58,58,57
F026,U008,Q2,wf2021,2021,S006_F026_wf2021,2021Q2,60,0.11278817882637764,0.054339795088665835,2.075609203942378,0.9666666666666667,0.3247250121636533,0.5522354016232154,0.034277882126270115,0.432249410541766,60,60,60
F026,U008,Q2,wf2021,2021,S006_F026_wf2021,2021Q3,64,0.11035092375794944,0.0751837845213379,1.4677489894996008,0.9375,0.2772466835548151,0.47608078872341764,0.03805095060664827,0.4158990893876298,64,64,64
F026,U008,Q2,wf2021,2021,S006_F026_wf2021,2021Q4,61,0.10037041760717387,0.06731024940436073,1.4911609820995748,0.9180327868852459,0.24322523317239292,0.6085707345611935,0.03721784850086734,0.40195038244432724,61,61,61
F026,U008,Q2,wf2022,2022,S006_F026_wf2022,2022Q1,58,0.10775231268756054,0.07071236415559676,1.523811485788545,0.9310344827586207,0.24690978232378843,-0.26637268903262107,0.032895243361982705,0.4073052867635659,58,58,57
F026,U008,Q2,wf2022,2022,S006_F026_wf2022,2022Q2,59,0.12428312405250692,0.08386678967568974,1.481911070318846,0.9661016949152542,0.30712084987013244,0.3352873372925888,0.036664503815012045,0.43085015343753885,59,59,59
F026,U008,Q2,wf2022,2022,S006_F026_wf2022,2022Q3,65,0.09649972637785766,0.09271870945942694,1.04077943858877,0.8307692307692308,0.12255849426207963,-0.3236828143399365,0.028571391903648942,0.3667960212586723,65,65,65
F026,U008,Q2,wf2022,2022,S006_F026_wf2022,2022Q4,60,0.12756961984495893,0.08172390910977559,1.5609828413078126,0.95,0.17300318602166828,0.5960234711917248,0.02849667343935236,0.39437980171267834,60,60,60
F026,U008,Q2,wf2023,2023,S006_F026_wf2023,2023Q1,59,0.11236225006251269,0.07194442677803403,1.5617922762687013,0.9152542372881356,0.19083324506711585,0.5012275750891733,0.025423088338909987,0.39456794704346687,59,59,58
F026,U008,Q2,wf2023,2023,S006_F026_wf2023,2023Q2,59,0.07696903149283697,0.08044442600786306,0.9567975720942259,0.847457627118644,0.12865584523446494,0.05423693925339494,0.02871278265040952,0.36077053137235143,59,59,59
F026,U008,Q2,wf2023,2023,S006_F026_wf2023,2023Q3,64,0.08505386592301951,0.085358400514163,0.9964322832983151,0.796875,0.09518417087213076,-0.061182879229592244,0.02384469152822475,0.35542339017237956,64,64,64
F026,U008,Q2,wf2023,2023,S006_F026_wf2023,2023Q4,60,0.08475073481419385,0.08669487564602617,0.9775749048909163,0.8833333333333333,0.013541800113459533,0.02663121043947029,0.025427446947966302,0.3303345998753255,60,60,60
F027,U009,Q0,wf2021,2021,S006_F027_wf2021,2021Q1,58,0.0985538736269168,0.08399800982402773,1.1732881985345007,0.8448275862068966,0.2783393518596187,0.10007437516007264,0.022493584656553024,0.41617527961168643,58,58,57
F027,U009,Q0,wf2021,2021,S006_F027_wf2021,2021Q2,60,0.09770382706278166,0.04814416886809572,2.0294010543720953,0.9833333333333333,0.37726467593048935,0.6047750653900459,0.01712390218500066,0.4471237629487592,60,60,60
F027,U009,Q0,wf2021,2021,S006_F027_wf2021,2021Q3,64,0.09521118770359654,0.06484158571592354,1.4683661210989627,0.953125,0.2993351156123397,0.49816922078094417,0.02344462254256453,0.4208516230023711,64,64,64
F027,U009,Q0,wf2021,2021,S006_F027_wf2021,2021Q4,61,0.0885660112995808,0.0562394328097335,1.5748027118127774,0.9508196721311475,0.24632680258805772,0.6116723039768577,0.019124904091600715,0.4035869740687694,61,61,61
F027,U009,Q0,wf2022,2022,S006_F027_wf2022,2022Q1,58,0.10108079125245113,0.065172957938475,1.550962154393454,0.9655172413793104,0.250280394978,-0.26300207637840994,0.017017622271254994,0.41041114831300396,58,58,57
F027,U009,Q0,wf2022,2022,S006_F027_wf2022,2022Q2,59,0.11361105983922375,0.07683594133367873,1.4786187019670929,0.9491525423728814,0.26016163766927863,0.2883281250917322,0.02039213532828181,0.41737527463798857,59,59,59
F027,U009,Q0,wf2022,2022,S006_F027_wf2022,2022Q3,65,0.08478736787034115,0.08375550112219668,1.0123199877538671,0.8307692307692308,0.10270089140615933,-0.3435404171958509,0.012038198759066355,0.36111375494226433,65,65,65
F027,U009,Q0,wf2022,2022,S006_F027_wf2022,2022Q4,60,0.11424461055672998,0.08086664419243172,1.4127532024807588,0.9333333333333333,0.12047531080391059,0.5434955959739667,0.00989614021608643,0.3788715953990392,60,60,60
F027,U009,Q0,wf2023,2023,S006_F027_wf2023,2023Q1,59,0.10164703214344221,0.06630017448869108,1.533133704810691,0.9152542372881356,0.2018772720853333,0.5122716021073938,0.01028742410935757,0.3981357672501696,59,59,58
F027,U009,Q0,wf2023,2023,S006_F027_wf2023,2023Q2,59,0.06815693982146276,0.06971741586222406,0.977617127349569,0.8135593220338984,0.20151425192012581,0.12709534593905464,0.012908471733206365,0.3838445099846609,59,59,59
F027,U009,Q0,wf2023,2023,S006_F027_wf2023,2023Q3,64,0.06797349747729618,0.07863294125283293,0.8644404799603916,0.796875,0.1340285565108369,-0.022338493590889023,0.008957492600041627,0.364710718164157,64,64,64
F027,U009,Q0,wf2023,2023,S006_F027_wf2023,2023Q4,60,0.07438183621722465,0.07286157857268362,1.0208650110843327,0.8833333333333333,0.057391852904826304,0.07048126323084211,0.0086833869278932,0.3443652742799698,60,60,60
F028,U009,Q1,wf2021,2021,S006_F028_wf2021,2021Q1,58,0.09858514080376905,0.08401117664547154,1.1734764913459057,0.8448275862068966,0.2783393518596187,0.10007437516007264,0.022493584656553024,0.41618778648242727,58,58,57
F028,U009,Q1,wf2021,2021,S006_F028_wf2021,2021Q2,60,0.09770414668796432,0.04814402140477565,2.0294139092891093,0.9833333333333333,0.37726467593048935,0.6047750653900459,0.01712390218500066,0.4471238907988323,60,60,60
F028,U009,Q1,wf2021,2021,S006_F028_wf2021,2021Q3,64,0.09521126064213739,0.06484150606664481,1.4683690496682513,0.953125,0.2993351156123397,0.49816922078094417,0.02344462254256453,0.42085165217778747,64,64,64
F028,U009,Q1,wf2021,2021,S006_F028_wf2021,2021Q4,61,0.08856602748300375,0.05623942262690996,1.5748032847091475,0.9508196721311475,0.24632680258805772,0.6116723039768577,0.019124904091600715,0.4035869805421386,61,61,61
F028,U009,Q1,wf2022,2022,S006_F028_wf2022,2022Q1,58,0.10108266667123518,0.06516756513895199,1.5511192792872355,0.9655172413793104,0.250280394978,-0.26300207637840994,0.017017622271254994,0.41041189848051757,58,58,57
F028,U009,Q1,wf2022,2022,S006_F028_wf2022,2022Q2,59,0.11361213142944983,0.07683719358654421,1.4786085504474447,0.9491525423728814,0.26016163766927863,0.2883281250917322,0.02039213532828181,0.417375703274079,59,59,59
F028,U009,Q1,wf2022,2022,S006_F028_wf2022,2022Q3,65,0.08478765777198567,0.08375598334632332,1.0123176205978799,0.8307692307692308,0.10270089140615933,-0.3435404171958509,0.012038198759066355,0.36111387090292213,65,65,65
F028,U009,Q1,wf2022,2022,S006_F028_wf2022,2022Q4,60,0.11424477183729084,0.0808664206389728,1.412759102413291,0.9333333333333333,0.12047531080391059,0.5434955959739667,0.00989614021608643,0.3788716599112636,60,60,60
F028,U009,Q1,wf2023,2023,S006_F028_wf2023,2023Q1,59,0.10167326489581732,0.06627754293421859,1.5340530199909417,0.9152542372881356,0.2018772720853333,0.5122716021073938,0.01028742410935757,0.39814626035111966,59,59,58
F028,U009,Q1,wf2023,2023,S006_F028_wf2023,2023Q2,59,0.068157057771329,0.06971755653173058,0.9776168466304272,0.8135593220338984,0.20151425192012581,0.12709534593905464,0.012908471733206365,0.3838445571646074,59,59,59
F028,U009,Q1,wf2023,2023,S006_F028_wf2023,2023Q3,64,0.06797340167265571,0.07863297419151108,0.8644388994762692,0.796875,0.1340285565108369,-0.022338493590889023,0.008957492600041627,0.3647106798423009,64,64,64
F028,U009,Q1,wf2023,2023,S006_F028_wf2023,2023Q4,60,0.07438189723245665,0.07286160294777469,1.0208655069772714,0.8833333333333333,0.057391852904826304,0.07048126323084211,0.0086833869278932,0.3443652986860626,60,60,60
F029,U009,Q2,wf2021,2021,S006_F029_wf2021,2021Q1,58,0.10260902652756243,0.0856071899712147,1.1986029042895179,0.8620689655172413,0.35304225977438497,0.17477728307484214,0.039337894284043065,0.4351549202581275,58,58,57
F029,U009,Q2,wf2021,2021,S006_F029_wf2021,2021Q2,60,0.09915455964259738,0.04764152130250549,2.0812635056929385,0.9833333333333333,0.34858622375778353,0.5760966132173453,0.03568121440899696,0.4335333266616749,60,60,60
F029,U009,Q2,wf2021,2021,S006_F029_wf2021,2021Q3,64,0.09753250379191705,0.06785276922099837,1.4374137549825117,0.921875,0.2671123984438001,0.46594650361240336,0.03949242071945397,0.4072989948340706,64,64,64
F029,U009,Q2,wf2021,2021,S006_F029_wf2021,2021Q4,61,0.0916642609312338,0.061235535940022665,1.4969128549967234,0.9344262295081968,0.26648949962633783,0.631835001015139,0.03804107445061152,0.4052002319252114,61,61,61
F029,U009,Q2,wf2022,2022,S006_F029_wf2022,2022Q1,58,0.10242771350552804,0.06784131181351119,1.5098132799538329,0.9482758620689655,0.2974845005855612,-0.21579797077084867,0.03415258809076065,0.41997065915065135,58,58,57
F029,U009,Q2,wf2022,2022,S006_F029_wf2022,2022Q2,59,0.11767584567884062,0.08119250490263855,1.4493437025985445,0.9322033898305084,0.3075859981539375,0.3357524855763946,0.03774244821628094,0.42802340325283317,59,59,59
F029,U009,Q2,wf2022,2022,S006_F029_wf2022,2022Q3,65,0.08772948946901189,0.08701682387665341,1.0081899747727945,0.8307692307692308,0.12118801602577164,-0.32505329257623977,0.029421858669693858,0.36262164299442806,65,65,65
F029,U009,Q2,wf2022,2022,S006_F029_wf2022,2022Q4,60,0.11918033886471814,0.081755390339166,1.457767351734155,0.95,0.19430411422534705,0.6173243993954034,0.029135392588561952,0.39722275203692275,60,60,60
F029,U009,Q2,wf2023,2023,S006_F029_wf2023,2023Q1,59,0.10390944613629936,0.0684266825211929,1.5185515694717022,0.9152542372881356,0.18198324837337498,0.49237757839543117,0.02585969532919916,0.3884008443677725,59,59,58
F029,U009,Q2,wf2023,2023,S006_F029_wf2023,2023Q2,59,0.06896942209284841,0.07435470965517829,0.927573013366547,0.8135593220338984,0.13038391977620833,0.055965013795136596,0.028711358234214234,0.3580895372997376,59,59,59
F029,U009,Q2,wf2023,2023,S006_F029_wf2023,2023Q3,64,0.07142743406567695,0.08316015188539633,0.8589141848142806,0.8125,0.08213761408782591,-0.07422943601390072,0.023846174354568234,0.34605840554624806,64,64,64
F029,U009,Q2,wf2023,2023,S006_F029_wf2023,2023Q4,60,0.07578603645093215,0.07590641745409514,0.9984140866187527,0.8833333333333333,0.030894851294355243,0.043984261620370314,0.025777104694899376,0.3318497385602096,60,60,60
F030,U010,Q0,wf2021,2021,S006_F030_wf2021,2021Q1,58,0.08876377358866933,0.07669421575968963,1.1573724655689541,0.8448275862068966,0.28403273155265346,0.1057677548531101,0.024973496734581,0.41322327988088947,58,58,57
F030,U010,Q0,wf2021,2021,S006_F030_wf2021,2021Q2,60,0.08058253744845817,0.04578140533075263,1.7601586684873707,0.9666666666666667,0.3351950335094178,0.5627054229689751,0.018414605697983095,0.4272671433228137,60,60,60
F030,U010,Q0,wf2021,2021,S006_F030_wf2021,2021Q3,64,0.08086988178754247,0.058860595655607785,1.3739222460593261,0.90625,0.2939025173524886,0.4927366225210928,0.024638673631160266,0.4131271058314155,64,64,64
F030,U010,Q0,wf2021,2021,S006_F030_wf2021,2021Q4,61,0.07637229756158709,0.05043687181940753,1.5142155888462516,0.9508196721311475,0.19750280398339495,0.5628483053721951,0.01800776208451337,0.3843974315942993,61,61,61
F030,U010,Q0,wf2022,2022,S006_F030_wf2022,2022Q1,58,0.09047891208988866,0.06172450874573946,1.4658506633498962,0.9482758620689655,0.23769708496402858,-0.27558538639237956,0.017248011812447617,0.4023262867814298,58,58,57
F030,U010,Q0,wf2022,2022,S006_F030_wf2022,2022Q2,59,0.1061960726840043,0.07444229214453317,1.4265556530395342,0.9322033898305084,0.285023614370525,0.3131901017929813,0.021781562139606993,0.4214510447428771,59,59,59
F030,U010,Q0,wf2022,2022,S006_F030_wf2022,2022Q3,65,0.07340071030924566,0.07808291338710051,0.9400354972074036,0.8,0.12111355160824883,-0.32512775699375973,0.012640740343727922,0.3619021275030545,65,65,65
F030,U010,Q0,wf2022,2022,S006_F030_wf2022,2022Q4,60,0.10170342696285392,0.07793545000797007,1.304970035490309,0.9,0.13321111711960326,0.5562314022896618,0.010185203273359419,0.37758914493901474,60,60,60
F030,U010,Q0,wf2023,2023,S006_F030_wf2023,2023Q1,59,0.08826189299042098,0.06402812879231251,1.378486216217802,0.9152542372881356,0.16990457163335485,0.4802989016554145,0.010878381422293458,0.3830126142594868,59,59,58
F030,U010,Q0,wf2023,2023,S006_F030_wf2023,2023Q2,59,0.05988034520960568,0.06468244121320801,0.9257588935492782,0.8135593220338984,0.2429545113301432,0.16853560534907175,0.01443311337379886,0.39250855747074553,59,59,59
F030,U010,Q0,wf2023,2023,S006_F030_wf2023,2023Q3,64,0.052719336696035006,0.07553492021322261,0.6979465464081649,0.765625,0.12142735463384557,-0.034939695467878853,0.008494424857617956,0.35496761361128226,64,64,64
F030,U010,Q0,wf2023,2023,S006_F030_wf2023,2023Q4,60,0.06352424857974133,0.06603630030475784,0.9619595326597132,0.85,0.08733816515502148,0.10042757548103605,0.009249134454500452,0.3488364086420528,60,60,60
F031,U010,Q1,wf2021,2021,S006_F031_wf2021,2021Q1,58,0.08879064922423846,0.07671216163573448,1.1574520562444628,0.8448275862068966,0.28403273155265346,0.1057677548531101,0.024973496734581,0.41323403013511706,58,58,57
F031,U010,Q1,wf2021,2021,S006_F031_wf2021,2021Q2,60,0.08058296074977768,0.04578132874984755,1.7601708589562512,0.9666666666666667,0.3351950335094178,0.5627054229689751,0.018414605697983095,0.42726731264334145,60,60,60
F031,U010,Q1,wf2021,2021,S006_F031_wf2021,2021Q3,64,0.08086997680934144,0.058860618311265725,1.3739233315845614,0.90625,0.2939025173524886,0.4927366225210928,0.024638673631160266,0.41312714384013505,64,64,64
F031,U010,Q1,wf2021,2021,S006_F031_wf2021,2021Q4,61,0.07637222867915032,0.05043679718980207,1.5142164636614197,0.9508196721311475,0.19750280398339495,0.5628483053721951,0.01800776208451337,0.3843974040413246,61,61,61
F031,U010,Q1,wf2022,2022,S006_F031_wf2022,2022Q1,58,0.09049183010170275,0.06175461741047886,1.4653451660174581,0.9482758620689655,0.23769708496402858,-0.27558538639237956,0.017248011812447617,0.4023314539861554,58,58,57
F031,U010,Q1,wf2022,2022,S006_F031_wf2022,2022Q2,59,0.10619719510790421,0.07444375470451847,1.4265427036750258,0.9322033898305084,0.285023614370525,0.3131901017929813,0.021781562139606993,0.42145149371243706,59,59,59
F031,U010,Q1,wf2022,2022,S006_F031_wf2022,2022Q3,65,0.07340098388663684,0.07808327724457734,0.9400346204312823,0.8,0.12111355160824883,-0.32512775699375973,0.012640740343727922,0.36190223693401097,65,65,65
F031,U010,Q1,wf2022,2022,S006_F031_wf2022,2022Q4,60,0.10170355495515307,0.07793523634414515,1.3049752554294205,0.9,0.13321111711960326,0.5562314022896618,0.010185203273359419,0.3775891961359344,60,60,60
F031,U010,Q1,wf2023,2023,S006_F031_wf2023,2023Q1,59,0.08828201517523014,0.0640065936323637,1.3792643877019577,0.9152542372881356,0.16990457163335485,0.4802989016554145,0.010878381422293458,0.38302066313341043,59,59,58
F031,U010,Q1,wf2023,2023,S006_F031_wf2023,2023Q2,59,0.05988044180544677,0.06468249946766377,0.925759553175312,0.8135593220338984,0.2429545113301432,0.16853560534907175,0.01443311337379886,0.392508596109082,59,59,59
F031,U010,Q1,wf2023,2023,S006_F031_wf2023,2023Q3,64,0.0527193310322228,0.07553485189068482,0.6979471027297308,0.765625,0.12142735463384557,-0.034939695467878853,0.008494424857617956,0.3549676113457574,64,64,64
F031,U010,Q1,wf2023,2023,S006_F031_wf2023,2023Q4,60,0.06352428667526298,0.0660363010334736,0.9619600989319906,0.85,0.08733816515502148,0.10042757548103605,0.009249134454500452,0.3488364238802615,60,60,60
F032,U010,Q2,wf2021,2021,S006_F032_wf2021,2021Q1,58,0.09216660360763719,0.07865101178806748,1.1718425677216808,0.8448275862068966,0.32400314133728114,0.1457381646377379,0.04073846306825373,0.4218460449237631,58,58,57
F032,U010,Q2,wf2021,2021,S006_F032_wf2021,2021Q2,60,0.08300252741195388,0.04448315657289397,1.8659315976360338,0.9666666666666667,0.34038630947542564,0.5678966989349856,0.03716426929935728,0.4241676230176021,60,60,60
F032,U010,Q2,wf2021,2021,S006_F032_wf2021,2021Q3,64,0.08243018131056129,0.06097214299239835,1.35193183747598,0.90625,0.24518516744767194,0.44401927261627483,0.04022245693096794,0.39446088567923565,64,64,64
F032,U010,Q2,wf2021,2021,S006_F032_wf2021,2021Q4,61,0.0800529133555278,0.05498568532183823,1.4558864345687044,0.9344262295081968,0.24528204553588082,0.6106275469246826,0.03693323274679046,0.3945258091789382,61,61,61
F032,U010,Q2,wf2022,2022,S006_F032_wf2022,2022Q1,58,0.09231594248812187,0.06463103050140717,1.4283532503185437,0.9482758620689655,0.26081007644234755,-0.25247239491406176,0.034155557511144935,0.4049227326746095,58,58,57
F032,U010,Q2,wf2022,2022,S006_F032_wf2022,2022Q2,59,0.10911847308651865,0.07941769840527708,1.3739818110778697,0.9152542372881356,0.31934679303251695,0.3475132804549746,0.0388275096655013,0.42780317424471215,59,59,59
F032,U010,Q2,wf2022,2022,S006_F032_wf2022,2022Q3,65,0.0761933031937274,0.07987387389727044,0.953920217914098,0.8153846153846154,0.13805464918151011,-0.30818665942050016,0.031048167035342748,0.36257926592134115,65,65,65
F032,U010,Q2,wf2022,2022,S006_F032_wf2022,2022Q4,60,0.10669417552193992,0.08037217816204638,1.3275013563378006,0.9166666666666666,0.18154325545691313,0.6045635406269709,0.02885044280146621,0.3884855140054101,60,60,60
F032,U010,Q2,wf2023,2023,S006_F032_wf2023,2023Q1,59,0.09172178259751403,0.0639402652737823,1.4344917432665563,0.9152542372881356,0.18419246253805607,0.4945867925601154,0.026510071501529734,0.3839934303499635,59,59,58
F032,U010,Q2,wf2023,2023,S006_F032_wf2023,2023Q2,59,0.06067594581670685,0.06861134670048329,0.8843427324285337,0.8305084745762712,0.16314016136326093,0.08872125538219132,0.0302186637203997,0.3641468276195411,59,59,59
F032,U010,Q2,wf2023,2023,S006_F032_wf2023,2023Q3,64,0.0566196928226707,0.08052451741518937,0.7031360713499973,0.734375,0.07039604411254805,-0.08597100598917619,0.023978153158831218,0.3365732444151833,64,64,64
F032,U010,Q2,wf2023,2023,S006_F032_wf2023,2023Q4,60,0.06441139984075325,0.06681688868167882,0.963998790000751,0.8333333333333334,0.017772807191304866,0.030862217517318876,0.026340435356816273,0.32319427148664787,60,60,60
F033,U011,Q0,wf2021,2021,S006_F033_wf2021,2021Q1,58,0.07412753760346662,0.0640720769222712,1.1569398272104425,0.8448275862068966,0.23807942937542542,0.05981445267588136,0.025702505522554472,0.39336409219724794,58,58,57
F033,U011,Q0,wf2021,2021,S006_F033_wf2021,2021Q2,60,0.06915911371479626,0.040600880156843766,1.70338951883876,0.9666666666666667,0.3360589210610274,0.5635693105205826,0.018993543166846653,0.4227832588541727,60,60,60
F033,U011,Q0,wf2021,2021,S006_F033_wf2021,2021Q3,64,0.06453164222334462,0.051174963129526616,1.2610002680414547,0.890625,0.21383793792653905,0.412672043095142,0.024715083961165337,0.38254951307895,64,64,64
F033,U011,Q0,wf2021,2021,S006_F033_wf2021,2021Q4,61,0.06558219021082172,0.04543869670343558,1.4433114276770862,0.9344262295081968,0.18893705940305858,0.5542825607918572,0.01870604025457055,0.3773021818288751,61,61,61
F033,U011,Q0,wf2022,2022,S006_F033_wf2022,2022Q1,58,0.07817037119594324,0.05282545395525691,1.4797860755186967,0.9310344827586207,0.2471692342435327,-0.26611323711287416,0.0195823760998351,0.39954420592148654,58,58,57
F033,U011,Q0,wf2022,2022,S006_F033_wf2022,2022Q2,59,0.094666266630646,0.07255085518611236,1.3048263371644855,0.8813559322033898,0.2737147965997793,0.3018812840222372,0.022929728780295738,0.41310202699810344,59,59,59
F033,U011,Q0,wf2022,2022,S006_F033_wf2022,2022Q3,65,0.060764562575492606,0.06804912144941189,0.8929514633141199,0.8307692307692308,0.09083486781565571,-0.35540644078635425,0.012710354956577286,0.34774317888792056,65,65,65
F033,U011,Q0,wf2022,2022,S006_F033_wf2022,2022Q4,60,0.08384743974182268,0.0715076361899565,1.1725662350114066,0.8666666666666667,0.13154585702269753,0.5545661421927555,0.011335328176940971,0.36960213455045604,60,60,60
F033,U011,Q0,wf2023,2023,S006_F033_wf2023,2023Q1,59,0.06953103881040598,0.059720460419357996,1.1642749959085705,0.8983050847457628,0.14221053265910802,0.4526048626811645,0.011984801702121139,0.3668801348112585,59,59,58
F033,U011,Q0,wf2023,2023,S006_F033_wf2023,2023Q2,59,0.051634053918109366,0.05824514288343687,0.8864954460055502,0.8135593220338984,0.21530286671775242,0.14088396073667858,0.016452501403340467,0.3803087311615673,59,59,59
F033,U011,Q0,wf2023,2023,S006_F033_wf2023,2023Q3,64,0.0362976266242615,0.07027054833731114,0.5165411041056124,0.71875,0.06974852426113579,-0.08661852584059268,0.00882469184040095,0.33279620037592506,64,64,64
F033,U011,Q0,wf2023,2023,S006_F033_wf2023,2023Q4,60,0.0474718012624385,0.06292010533909476,0.7544774600519047,0.75,0.10806866337159808,0.1211580736976135,0.010613312756785355,0.3482253256894192,60,60,60
F034,U011,Q1,wf2021,2021,S006_F034_wf2021,2021Q1,58,0.0741435119166218,0.06408719965020783,1.156916081858811,0.8448275862068966,0.23807942937542542,0.05981445267588136,0.025702505522554472,0.39337048192251,58,58,57
F034,U011,Q1,wf2021,2021,S006_F034_wf2021,2021Q2,60,0.06915965043182178,0.040600725953560554,1.7034092077793672,0.9666666666666667,0.3360589210610274,0.5635693105205826,0.018993543166846653,0.42278347354098295,60,60,60
F034,U011,Q1,wf2021,2021,S006_F034_wf2021,2021Q3,64,0.06453203725000788,0.051175290348095544,1.260999924202861,0.890625,0.21383793792653905,0.412672043095142,0.024715083961165337,0.3825496710896153,64,64,64
F034,U011,Q1,wf2021,2021,S006_F034_wf2021,2021Q4,61,0.06558252105232344,0.04543902892218259,1.4433081561808452,0.9344262295081968,0.18893705940305858,0.5542825607918572,0.01870604025457055,0.37730231416547577,61,61,61
F034,U011,Q1,wf2022,2022,S006_F034_wf2022,2022Q1,58,0.07816751800298648,0.05280777162814372,1.4802275421394104,0.9310344827586207,0.2471692342435327,-0.26611323711287416,0.0195823760998351,0.39954306464430384,58,58,57
F034,U011,Q1,wf2022,2022,S006_F034_wf2022,2022Q2,59,0.09466721311719332,0.07255081624146315,1.3048400834268017,0.8813559322033898,0.2737147965997793,0.3018812840222372,0.022929728780295738,0.4131024055927224,59,59,59
F034,U011,Q1,wf2022,2022,S006_F034_wf2022,2022Q3,65,0.06076466551002831,0.06804924327375447,0.892951377366224,0.8307692307692308,0.09083486781565571,-0.35540644078635425,0.012710354956577286,0.34774322006173486,65,65,65
F034,U011,Q1,wf2022,2022,S006_F034_wf2022,2022Q4,60,0.08384758618374669,0.07150747266903633,1.1725709643218,0.8666666666666667,0.13154585702269753,0.5545661421927555,0.011335328176940971,0.36960219312722564,60,60,60
F034,U011,Q1,wf2023,2023,S006_F034_wf2023,2023Q1,59,0.06954680692821184,0.05970131965806339,1.1649123893163171,0.8983050847457628,0.14221053265910802,0.4526048626811645,0.011984801702121139,0.36688644205838084,59,59,58
F034,U011,Q1,wf2023,2023,S006_F034_wf2023,2023Q2,59,0.05163417590634613,0.05824501315862954,0.8864995148292115,0.8135593220338984,0.21530286671775242,0.14088396073667858,0.016452501403340467,0.380308779956862,59,59,59
F034,U011,Q1,wf2023,2023,S006_F034_wf2023,2023Q3,64,0.03629750862727238,0.07027052784375624,0.5165395755668502,0.71875,0.06974852426113579,-0.08661852584059268,0.00882469184040095,0.3327961531771294,64,64,64
F034,U011,Q1,wf2023,2023,S006_F034_wf2023,2023Q4,60,0.04747226689799767,0.06292040704950763,0.7544812426379424,0.75,0.10806866337159808,0.1211580736976135,0.010613312756785355,0.3482255119436429,60,60,60
F035,U011,Q2,wf2021,2021,S006_F035_wf2021,2021Q1,58,0.0766198220003469,0.06557657899993906,1.1684022431304033,0.8448275862068966,0.32030597066144995,0.14204099396190797,0.041962211273706744,0.41415105661646173,58,58,57
F035,U011,Q2,wf2021,2021,S006_F035_wf2021,2021Q2,60,0.0697821542831992,0.03853196242578927,1.8110199919766952,0.9666666666666667,0.2999893141619791,0.527499703621536,0.03715264354943526,0.4067638628970428,60,60,60
F035,U011,Q2,wf2021,2021,S006_F035_wf2021,2021Q3,64,0.06653621890052377,0.05220436411580674,1.2745336530280147,0.921875,0.13492786725277858,0.333761972421382,0.04270758847886008,0.35428057119238504,64,64,64
F035,U011,Q2,wf2021,2021,S006_F035_wf2021,2021Q4,61,0.06703518973173545,0.04414535461650907,1.5185106182535058,0.9508196721311475,0.19725881530456393,0.5626043166933673,0.03790617469490644,0.3746198680755914,61,61,61
F035,U011,Q2,wf2022,2022,S006_F035_wf2022,2022Q1,58,0.07830996710360077,0.053942533390540275,1.451729501405541,0.9137931034482759,0.2659918770691482,-0.24729059428725383,0.03666635789441099,0.40012164259386146,58,58,57
F035,U011,Q2,wf2022,2022,S006_F035_wf2022,2022Q2,59,0.09766042478466157,0.07539618489108695,1.2952966376977333,0.8813559322033898,0.26567921046309395,0.29384569788554815,0.0409069928047776,0.4064958352113595,59,59,59
F035,U011,Q2,wf2022,2022,S006_F035_wf2022,2022Q3,65,0.06339391428901793,0.07039802735217134,0.9005069697746669,0.8307692307692308,0.11906180256125783,-0.32717950604075086,0.03092067028241935,0.3517999053992587,65,65,65
F035,U011,Q2,wf2022,2022,S006_F035_wf2022,2022Q4,60,0.08828770101170406,0.07253154968694546,1.217231692866952,0.8666666666666667,0.20126837806326184,0.6242886632333213,0.031174204840245714,0.38634333237158647,60,60,60
F035,U011,Q2,wf2023,2023,S006_F035_wf2023,2023Q1,59,0.071356779677509,0.0587678404253276,1.2142147671425383,0.8813559322033898,0.15246862917870205,0.46286295920076104,0.027966150920404446,0.3658934553484928,59,59,58
F035,U011,Q2,wf2023,2023,S006_F035_wf2023,2023Q2,59,0.052290935545158956,0.057370161460036616,0.9114657204091052,0.8305084745762712,0.2168666517121546,0.14244774573108468,0.03476402463925025,0.3755471623399349,59,59,59
F035,U011,Q2,wf2023,2023,S006_F035_wf2023,2023Q3,64,0.03982929865648451,0.07182388328980552,0.5545411474867689,0.734375,0.09885837875117144,-0.057508671350553445,0.026083673862723117,0.33776413092912827,64,64,64
F035,U011,Q2,wf2023,2023,S006_F035_wf2023,2023Q4,60,0.04802389649472876,0.060415839246323357,0.7948891730019506,0.7666666666666667,0.04934491833352534,0.06243432865954034,0.027678522200639943,0.3257094774377571,60,60,60
F036,U012,Q0,wf2021,2021,S006_F036_wf2021,2021Q1,58,0.07618862119206857,0.06658253118922347,1.1442734277485664,0.8620689655172413,0.26913608345270884,0.09087110675316594,0.026753346306165115,0.4031902696207905,58,58,57
F036,U012,Q0,wf2021,2021,S006_F036_wf2021,2021Q2,60,0.06798418882001142,0.04165849047985204,1.6319407649418238,0.9666666666666667,0.3145193218576458,0.5420297113172001,0.018128546070213795,0.4161109082642342,60,60,60
F036,U012,Q0,wf2021,2021,S006_F036_wf2021,2021Q3,64,0.06486209281881929,0.05383694474971053,1.2047877739044253,0.890625,0.24211540023730133,0.44094950540590355,0.02583759195182605,0.3908281796131703,64,64,64
F036,U012,Q0,wf2021,2021,S006_F036_wf2021,2021Q4,61,0.06491636763204836,0.04498249461909315,1.443147343911294,0.9180327868852459,0.179580165807419,0.5449256671962193,0.018927199391618913,0.37416243697755935,61,61,61
F036,U012,Q0,wf2022,2022,S006_F036_wf2022,2022Q1,58,0.0806659123702885,0.054100721612385515,1.4910320965445552,0.9482758620689655,0.27547282197883954,-0.2378096493775682,0.01935087123349888,0.4091029501717176,58,58,57
F036,U012,Q0,wf2022,2022,S006_F036_wf2022,2022Q2,59,0.0969701375996301,0.07287403710076047,1.330654118497,0.9152542372881356,0.2776563154958716,0.3058228029183269,0.02344562604680993,0.41505126187457053,59,59,59
F036,U012,Q0,wf2022,2022,S006_F036_wf2022,2022Q3,65,0.061780744998080755,0.07040508381784531,0.877504033059917,0.8,0.13626926626513744,-0.3099720423368714,0.012841912383422133,0.3617405041637469,65,65,65
F036,U012,Q0,wf2022,2022,S006_F036_wf2022,2022Q4,60,0.08629480817682379,0.07194727756077489,1.1994172830782839,0.85,0.1518028956444781,0.574823180814535,0.011977982897827666,0.37646539709472465,60,60,60
F036,U012,Q0,wf2023,2023,S006_F036_wf2023,2023Q1,59,0.07177906437731782,0.0607742894978441,1.1810761585269391,0.8983050847457628,0.15344140380606777,0.46383573382812415,0.012358451914182524,0.3710365113184927,59,59,58
F036,U012,Q0,wf2023,2023,S006_F036_wf2023,2023Q2,59,0.05122831959170151,0.05968909496379189,0.8582525773389128,0.8305084745762712,0.24727689532822572,0.17285798934715457,0.01695872515243865,0.3895867788894167,59,59,59
F036,U012,Q0,wf2023,2023,S006_F036_wf2023,2023Q3,64,0.035698662088292324,0.0720934500101986,0.4951720590877849,0.71875,0.05497763686250534,-0.10138941323922324,0.008825044856500784,0.32812524243711827,64,64,64
F036,U012,Q0,wf2023,2023,S006_F036_wf2023,2023Q4,60,0.047858225421274575,0.061921752795134295,0.7728822790209386,0.7666666666666667,0.10397107706543546,0.11706048739144823,0.010040597935419001,0.34732243390751477,60,60,60
F037,U012,Q1,wf2021,2021,S006_F037_wf2021,2021Q1,58,0.07620588679570567,0.06659908432510292,1.1442482665933846,0.8620689655172413,0.26913608345270884,0.09087110675316594,0.026753346306165115,0.40319717586224535,58,58,57
F037,U012,Q1,wf2021,2021,S006_F037_wf2021,2021Q2,60,0.067984644479356,0.04165835978309658,1.6319568229122081,0.9666666666666667,0.3145193218576458,0.5420297113172001,0.018128546070213795,0.416111090527972,60,60,60
F037,U012,Q1,wf2021,2021,S006_F037_wf2021,2021Q3,64,0.0648622459975563,0.05383684489989374,1.204792853633299,0.890625,0.24211540023730133,0.44094950540590355,0.02583759195182605,0.3908282408846651,64,64,64
F037,U012,Q1,wf2021,2021,S006_F037_wf2021,2021Q4,61,0.06491649037448614,0.04498257218615302,1.4431475840429902,0.9180327868852459,0.179580165807419,0.5449256671962193,0.018927199391618913,0.3741624860745345,61,61,61
F037,U012,Q1,wf2022,2022,S006_F037_wf2022,2022Q1,58,0.08067306747676771,0.05411732106583145,1.490706965679848,0.9482758620689655,0.27547282197883954,-0.2378096493775682,0.01935087123349888,0.40910581221430925,58,58,57
F037,U012,Q1,wf2022,2022,S006_F037_wf2022,2022Q2,59,0.09697052069431053,0.07287398076881058,1.3306604040466123,0.9152542372881356,0.2776563154958716,0.3058228029183269,0.02344562604680993,0.4150514151124427,59,59,59
F037,U012,Q1,wf2022,2022,S006_F037_wf2022,2022Q3,65,0.06178048748766455,0.0704052237804447,0.8774986310720924,0.8,0.13626926626513744,-0.3099720423368714,0.012841912383422133,0.3617404011595804,65,65,65
F037,U012,Q1,wf2022,2022,S006_F037_wf2022,2022Q4,60,0.08629514201868344,0.07194698409897274,1.1994268154447292,0.85,0.1518028956444781,0.574823180814535,0.011977982897827666,0.3764655306314685,60,60,60
F037,U012,Q1,wf2023,2023,S006_F037_wf2023,2023Q1,59,0.07179437629718592,0.060755534662399954,1.1816927741007541,0.8983050847457628,0.15344140380606777,0.46383573382812415,0.012358451914182524,0.37104263608643995,59,59,58
F037,U012,Q1,wf2023,2023,S006_F037_wf2023,2023Q2,59,0.051228418472058085,0.0596890132438593,0.8582554089605154,0.8305084745762712,0.24727689532822572,0.17285798934715457,0.01695872515243865,0.3895868184415593,59,59,59
F037,U012,Q1,wf2023,2023,S006_F037_wf2023,2023Q3,64,0.03569860501161171,0.07209344294547859,0.49517131590745567,0.71875,0.05497763686250534,-0.10138941323922324,0.008825044856500784,0.32812521960644603,64,64,64
F037,U012,Q1,wf2023,2023,S006_F037_wf2023,2023Q4,60,0.0478582968385883,0.06192178692217884,0.7728830064083091,0.7666666666666667,0.10397107706543546,0.11706048739144823,0.010040597935419001,0.34732246247444026,60,60,60
F038,U012,Q2,wf2021,2021,S006_F038_wf2021,2021Q1,58,0.07903906311099156,0.06780795195165772,1.1656311809467543,0.8620689655172413,0.337189788783549,0.15892481208400436,0.042477610004733324,0.4200292788780413,58,58,57
F038,U012,Q2,wf2021,2021,S006_F038_wf2021,2021Q2,60,0.06854724239382429,0.04116388853401317,1.6652275777392755,0.95,0.27473473698469025,0.5022451264442425,0.036731190772322425,0.39881996082124005,60,60,60
F038,U012,Q2,wf2021,2021,S006_F038_wf2021,2021Q3,64,0.06631254085632485,0.053095253791683616,1.2489353778493753,0.9375,0.17294742381915618,0.3717815289877597,0.04401493445226276,0.365204763152598,64,64,64
F038,U012,Q2,wf2021,2021,S006_F038_wf2021,2021Q4,61,0.06763115492713102,0.04673016210543595,1.447269854843147,0.9344262295081968,0.21313515181460965,0.5784806532034086,0.0377672395403226,0.3796628356531385,61,61,61
F038,U012,Q2,wf2022,2022,S006_F038_wf2022,2022Q1,58,0.080484322603174,0.05520325433649421,1.4579633677496215,0.9310344827586207,0.2844114113648121,-0.2288710599915951,0.036226139359819096,0.40664931064276744,58,58,57
F038,U012,Q2,wf2022,2022,S006_F038_wf2022,2022Q2,59,0.09945151913371837,0.07487491897826884,1.3282354156881622,0.9152542372881356,0.29406674502363966,0.32223323244609553,0.040900878325098554,0.41573036766304966,59,59,59
F038,U012,Q2,wf2022,2022,S006_F038_wf2022,2022Q3,65,0.06413170337615409,0.07196773034664442,0.8911174920655853,0.8153846153846154,0.16375512546944904,-0.28248618313255885,0.0326074915965579,0.36499697151232896,65,65,65
F038,U012,Q2,wf2022,2022,S006_F038_wf2022,2022Q4,60,0.08986628229601142,0.07471029557009033,1.2028634287988103,0.85,0.21469950964572254,0.6377197948157804,0.03250443087038315,0.39060503655100637,60,60,60
F038,U012,Q2,wf2023,2023,S006_F038_wf2023,2023Q1,59,0.07454404242349268,0.060459134525217686,1.232965754618934,0.8983050847457628,0.17256048097687507,0.48295481099893234,0.028186384482498786,0.3731298459177099,59,59,58
F038,U012,Q2,wf2023,2023,S006_F038_wf2023,2023Q2,59,0.05186563808263581,0.05803408240757884,0.8937099706062126,0.847457627118644,0.21382357178490496,0.13940466580383365,0.03404210983056683,0.37468069381935576,59,59,59
F038,U012,Q2,wf2023,2023,S006_F038_wf2023,2023Q3,64,0.03908428321446651,0.07228545388639773,0.5406936127964352,0.71875,0.07145791597624578,-0.08490913412547826,0.025295840195394898,0.32948233602004184,64,64,64
F038,U012,Q2,wf2023,2023,S006_F038_wf2023,2023Q4,60,0.04945003419919092,0.060902500034492546,0.8119540933653717,0.8,0.02326718812431973,0.036356598450333684,0.026274938768950647,0.3188776884862871,60,60,60
F039,U013,Q0,wf2021,2021,S006_F039_wf2021,2021Q1,58,0.07769758259574949,0.06656172243806628,1.1673012618933472,0.8620689655172413,0.2567383973661685,0.07847342066662652,0.026980499687760413,0.4000064023418222,58,58,57
F039,U013,Q0,wf2021,2021,S006_F039_wf2021,2021Q2,60,0.06643296620144855,0.04215359293442548,1.5759739935998407,0.95,0.29872471080971474,0.5262351002692738,0.018776039020688175,0.4105577880172874,60,60,60
F039,U013,Q0,wf2021,2021,S006_F039_wf2021,2021Q3,64,0.06508073405576273,0.05431518029465661,1.1982052476435434,0.875,0.23223072618278437,0.4310648313513842,0.02623922662214153,0.3878297434904979,64,64,64
F039,U013,Q0,wf2021,2021,S006_F039_wf2021,2021Q4,61,0.06441950478708894,0.04581736090536681,1.4060064463368769,0.9344262295081968,0.21039470314050301,0.5757402045293056,0.01878963825317249,0.38324932138103474,61,61,61
F039,U013,Q0,wf2022,2022,S006_F039_wf2022,2022Q1,58,0.08154082913500514,0.0556897068960466,1.4641992870821467,0.9482758620689655,0.2940395862176883,-0.21924288513871806,0.019802384333654194,0.4148874922192123,58,58,57
F039,U013,Q0,wf2022,2022,S006_F039_wf2022,2022Q2,59,0.097394631112248,0.0724708533270856,1.3439145068800684,0.9152542372881356,0.2816024361664212,0.3097689235888782,0.023073186808883032,0.41651662725216065,59,59,59
F039,U013,Q0,wf2022,2022,S006_F039_wf2022,2022Q3,65,0.062261769443956824,0.07095883699201189,0.8774350325240797,0.7846153846153846,0.1516750381684181,-0.2945662704335914,0.013169614646299996,0.3664563348342182,65,65,65
F039,U013,Q0,wf2022,2022,S006_F039_wf2022,2022Q4,60,0.0871843411490783,0.07506281182649813,1.161485148605919,0.85,0.12930999744765995,0.552330282617716,0.01133223963808854,0.37026706380250274,60,60,60
F039,U013,Q0,wf2023,2023,S006_F039_wf2023,2023Q1,59,0.07299490377186423,0.06135788203736156,1.1896581392333057,0.8983050847457628,0.15603847168692625,0.46643280170898255,0.012283424021692853,0.37232447580831574,59,59,58
F039,U013,Q0,wf2023,2023,S006_F039_wf2023,2023Q2,59,0.05051656491120647,0.06039297834133843,0.8364642098902474,0.8135593220338984,0.2237064314478097,0.14928752546674035,0.01645207800935367,0.38238293199601936,59,59,59
F039,U013,Q0,wf2023,2023,S006_F039_wf2023,2023Q3,64,0.034961719468826785,0.07071327927253028,0.4944151908736077,0.6875,0.07890845679880308,-0.07745859330292333,0.009368882467779192,0.3348465600868379,64,64,64
F039,U013,Q0,wf2023,2023,S006_F039_wf2023,2023Q4,60,0.04784776940195078,0.06301462887239812,0.7593120876557161,0.8,0.09490498233874708,0.10799439266475917,0.00967997275929272,0.34470661063461666,60,60,60
F040,U013,Q1,wf2021,2021,S006_F040_wf2021,2021Q1,58,0.07771829330420461,0.0665819578010388,1.167257555514417,0.8620689655172413,0.2567383973661685,0.07847342066662652,0.026980499687760413,0.4000146866252043,58,58,57
F040,U013,Q1,wf2021,2021,S006_F040_wf2021,2021Q2,60,0.06643345452208957,0.042153509567515825,1.5759886947416655,0.95,0.29872471080971474,0.5262351002692738,0.018776039020688175,0.4105579833455438,60,60,60
F040,U013,Q1,wf2021,2021,S006_F040_wf2021,2021Q3,64,0.06508078076394322,0.05431506589936785,1.1982086311838696,0.875,0.23223072618278437,0.4310648313513842,0.02623922662214153,0.38782976217377013,64,64,64
F040,U013,Q1,wf2021,2021,S006_F040_wf2021,2021Q4,61,0.06441963843706619,0.04581752810655485,1.406004232424971,0.9344262295081968,0.21039470314050301,0.5757402045293056,0.01878963825317249,0.3832493748410256,61,61,61
F040,U013,Q1,wf2022,2022,S006_F040_wf2022,2022Q1,58,0.08155434553278203,0.05572735728032353,1.4634525933562905,0.9482758620689655,0.2940395862176883,-0.21924288513871806,0.019802384333654194,0.414892898778323,58,58,57
F040,U013,Q1,wf2022,2022,S006_F040_wf2022,2022Q2,59,0.09739477916059894,0.07247086547056768,1.343916324556018,0.9152542372881356,0.2816024361664212,0.3097689235888782,0.023073186808883032,0.416516686471501,59,59,59
F040,U013,Q1,wf2022,2022,S006_F040_wf2022,2022Q3,65,0.062261531411663504,0.07095918048316319,0.8774274306400225,0.7846153846153846,0.1516750381684181,-0.2945662704335914,0.013169614646299996,0.36645623962130086,65,65,65
F040,U013,Q1,wf2022,2022,S006_F040_wf2022,2022Q4,60,0.0871843796478986,0.07506252512407488,1.1614900978056208,0.85,0.12930999744765995,0.552330282617716,0.01133223963808854,0.3702670792020309,60,60,60
F040,U013,Q1,wf2023,2023,S006_F040_wf2023,2023Q1,59,0.07301077081287921,0.06133838518610252,1.1902949611627747,0.8983050847457628,0.15603847168692625,0.46643280170898255,0.012283424021692853,0.3723308226247217,59,59,58
F040,U013,Q1,wf2023,2023,S006_F040_wf2023,2023Q2,59,0.05051668906801734,0.060393006448979755,0.8364658764039845,0.8135593220338984,0.2237064314478097,0.14928752546674035,0.01645207800935367,0.38238298165874374,59,59,59
F040,U013,Q1,wf2023,2023,S006_F040_wf2023,2023Q3,64,0.034961712293931795,0.07071327972693595,0.49441508623187586,0.6875,0.07890845679880308,-0.07745859330292333,0.009368882467779192,0.3348465572168799,64,64,64
F040,U013,Q1,wf2023,2023,S006_F040_wf2023,2023Q4,60,0.047847790348152265,0.06301461952958168,0.7593125326368197,0.8,0.09490498233874708,0.10799439266475917,0.00967997275929272,0.34470661901309724,60,60,60
F041,U013,Q2,wf2021,2021,S006_F041_wf2021,2021Q1,58,0.08024221646872343,0.06844731137757651,1.1723209407902464,0.8620689655172413,0.3298394619475286,0.1515744852479841,0.04374739696646841,0.4179245060818074,58,58,57
F041,U013,Q2,wf2021,2021,S006_F041_wf2021,2021Q2,60,0.06781642215520683,0.04211624677373012,1.6102199827907535,0.9333333333333333,0.30817416738614056,0.5356845568456979,0.03736264730349415,0.4083700248868766,60,60,60
F041,U013,Q2,wf2021,2021,S006_F041_wf2021,2021Q3,64,0.06629992816817407,0.05545942396251399,1.1954673062054766,0.875,0.18805262604837777,0.3868867312169798,0.043556995547627375,0.3698686604174947,64,64,64
F041,U013,Q2,wf2021,2021,S006_F041_wf2021,2021Q4,61,0.06678132105040611,0.04749508917800131,1.406067915782286,0.9180327868852459,0.20244638680691632,0.5677918881957169,0.03935519531448194,0.37563988586789276,61,61,61
F041,U013,Q2,wf2022,2022,S006_F041_wf2022,2022Q1,58,0.08170912777230985,0.05700499660615572,1.4333678210145957,0.9310344827586207,0.2971173518291622,-0.2161651195272434,0.03623089696095448,0.41094958756938627,58,58,57
F041,U013,Q2,wf2022,2022,S006_F041_wf2022,2022Q2,59,0.09916286642808192,0.0745758888179193,1.3296907083493559,0.9152542372881356,0.2971258642616262,0.32529235168408377,0.04124417586545898,0.41642965309008295,59,59,59
F041,U013,Q2,wf2022,2022,S006_F041_wf2022,2022Q3,65,0.06396018648432575,0.0731365502296526,0.874531083069784,0.8153846153846154,0.13646262743802387,-0.3097786811639859,0.03169334873394563,0.35701485820495377,65,65,65
F041,U013,Q2,wf2022,2022,S006_F041_wf2022,2022Q4,60,0.09117926059917783,0.07562754013574767,1.2056356776316617,0.8333333333333334,0.20577483927575502,0.6287951244458125,0.032366882968103285,0.38849409113196665,60,60,60
F041,U013,Q2,wf2023,2023,S006_F041_wf2023,2023Q1,59,0.07567647169761607,0.06099588074066213,1.2406816784787782,0.8983050847457628,0.17407116660103403,0.4844654966230922,0.027678242307354495,0.3741884659671503,59,59,58
F041,U013,Q2,wf2023,2023,S006_F041_wf2023,2023Q2,59,0.05049088153346575,0.05887267103977702,0.857628516622795,0.847457627118644,0.18287537479382845,0.10845646881275829,0.03390922192350415,0.36488619847448356,59,59,59
F041,U013,Q2,wf2023,2023,S006_F041_wf2023,2023Q3,64,0.038134821076257513,0.07312190620406171,0.521523891483825,0.6875,0.08387350547104547,-0.07249354463068122,0.026353232071981023,0.3325100104502223,64,64,64
F041,U013,Q2,wf2023,2023,S006_F041_wf2023,2023Q4,60,0.049937305471591274,0.06142167064043765,0.8130242136187433,0.8166666666666667,0.035772208962955916,0.04886161928897011,0.027187200663041308,0.32255042467861095,60,60,60
F042,U014,Q0,wf2021,2021,S006_F042_wf2021,2021Q1,58,0.07363121767868121,0.06677197574318934,1.1027263587627403,0.8103448275862069,0.22550663927528272,0.04724166257573607,0.025253829487678417,0.3895283300077538,58,58,57
F042,U014,Q0,wf2021,2021,S006_F042_wf2021,2021Q2,60,0.06777208606167814,0.039947829229835835,1.6965148637178313,0.9833333333333333,0.31037292557431106,0.5378833150338685,0.019554239872739642,0.41435444013514267,60,60,60
F042,U014,Q0,wf2021,2021,S006_F042_wf2021,2021Q3,64,0.06488490957962459,0.053275929945413435,1.2179028999795165,0.890625,0.2511634057463624,0.44999751091496626,0.024778886073154364,0.39386931973381223,64,64,64
F042,U014,Q0,wf2021,2021,S006_F042_wf2021,2021Q4,61,0.06523501971973401,0.04528935017305366,1.4404052933077336,0.9508196721311475,0.15768102502096037,0.5230265264097601,0.018002850211946326,0.3679974603305978,61,61,61
F042,U014,Q0,wf2022,2022,S006_F042_wf2022,2022Q1,58,0.07625362676811917,0.05358933743012818,1.4229253509159645,0.9482758620689655,0.23167904738105935,-0.2816034239753462,0.019271396030181583,0.394223746112511,58,58,57
F042,U014,Q0,wf2022,2022,S006_F042_wf2022,2022Q2,59,0.09537071091972348,0.07439416635617246,1.2819649119142336,0.8813559322033898,0.2609985783174388,0.28916506573989414,0.023304953879867325,0.4094563716991608,59,59,59
F042,U014,Q0,wf2022,2022,S006_F042_wf2022,2022Q3,65,0.06024792658415118,0.06879942533866798,0.8757039217635656,0.8153846153846154,0.09020229278642439,-0.3560390158155853,0.012047330215960219,0.34754565940479965,65,65,65
F042,U014,Q0,wf2022,2022,S006_F042_wf2022,2022Q4,60,0.08516068911110283,0.07155985073342368,1.19006241961495,0.85,0.17762163573364537,0.6006419209037068,0.011048589472659439,0.38403618952273694,60,60,60
F042,U014,Q0,wf2023,2023,S006_F042_wf2023,2023Q1,59,0.06880447636507214,0.059019307133452915,1.1657960709279975,0.9152542372881356,0.14583962958515273,0.4562339596072108,0.01191360913009073,0.3676995966825475,59,59,58
F042,U014,Q0,wf2023,2023,S006_F042_wf2023,2023Q2,59,0.05083412650932554,0.05881961203940439,0.8642377048537957,0.8135593220338984,0.2368957643819628,0.16247685840088952,0.017814224904430017,0.38605811244699006,59,59,59
F042,U014,Q0,wf2023,2023,S006_F042_wf2023,2023Q3,64,0.03553272032724789,0.0721652241319563,0.49238010072933797,0.703125,0.06970647263360487,-0.08666057746812413,0.010436680907148107,0.3319940256488362,64,64,64
F042,U014,Q0,wf2023,2023,S006_F042_wf2023,2023Q4,60,0.04575977049964759,0.06329753848112338,0.7229312797573336,0.7833333333333333,0.09540726155182364,0.10849667187783683,0.010685898682114713,0.34372031706077166,60,60,60
F043,U014,Q1,wf2021,2021,S006_F043_wf2021,2021Q1,58,0.07364399242160807,0.06678373807294047,1.102723425591645,0.8103448275862069,0.22550663927528272,0.04724166257573607,0.025253829487678417,0.3895334399049245,58,58,57
F043,U014,Q1,wf2021,2021,S006_F043_wf2021,2021Q2,60,0.06777242669793146,0.039947637738634974,1.6965315231239821,0.9833333333333333,0.31037292557431106,0.5378833150338685,0.019554239872739642,0.414354576389644,60,60,60
F043,U014,Q1,wf2021,2021,S006_F043_wf2021,2021Q3,64,0.06488492413067287,0.05327593553368045,1.2179030453562538,0.890625,0.2511634057463624,0.44999751091496626,0.024778886073154364,0.39386932555423154,64,64,64
F043,U014,Q1,wf2021,2021,S006_F043_wf2021,2021Q4,61,0.06523497861456913,0.04528963665770831,1.4403952742567678,0.9508196721311475,0.15768102502096037,0.5230265264097601,0.018002850211946326,0.36799744388853184,61,61,61
F043,U014,Q1,wf2022,2022,S006_F043_wf2022,2022Q1,58,0.07626322456388228,0.053614935472366704,1.4224249995262714,0.9482758620689655,0.23167904738105935,-0.2816034239753462,0.019271396030181583,0.39422758523081625,58,58,57
F043,U014,Q1,wf2022,2022,S006_F043_wf2022,2022Q2,59,0.09537100436168398,0.07439371710855627,1.281976597869379,0.8813559322033898,0.2609985783174388,0.28916506573989414,0.023304953879867325,0.40945648907594506,59,59,59
F043,U014,Q1,wf2022,2022,S006_F043_wf2022,2022Q3,65,0.06024788081437454,0.06879965717693481,0.8757003055906611,0.8153846153846154,0.09020229278642439,-0.3560390158155853,0.012047330215960219,0.347545641096889,65,65,65
F043,U014,Q1,wf2022,2022,S006_F043_wf2022,2022Q4,60,0.0851608325855661,0.07155961933256064,1.1900682728592538,0.85,0.17762163573364537,0.6006419209037068,0.011048589472659439,0.38403624691252225,60,60,60
F043,U014,Q1,wf2023,2023,S006_F043_wf2023,2023Q1,59,0.06882435809797287,0.0589943538738655,1.1666261867216086,0.9152542372881356,0.14583962958515273,0.4562339596072108,0.01191360913009073,0.36770754937570777,59,59,58
F043,U014,Q1,wf2023,2023,S006_F043_wf2023,2023Q2,59,0.050834295318935296,0.058819436007053284,0.8642431612713788,0.8135593220338984,0.2368957643819628,0.16247685840088952,0.017814224904430017,0.38605817997083397,59,59,59
F043,U014,Q1,wf2023,2023,S006_F043_wf2023,2023Q3,64,0.03553270811966017,0.07216520761847262,0.4923800442384457,0.703125,0.06970647263360487,-0.08666057746812413,0.010436680907148107,0.3319940207658011,64,64,64
F043,U014,Q1,wf2023,2023,S006_F043_wf2023,2023Q4,60,0.04575984289707444,0.06329762281118641,0.7229314603736972,0.7833333333333333,0.09540726155182364,0.10849667187783683,0.010685898682114713,0.34372034601974244,60,60,60
F044,U014,Q2,wf2021,2021,S006_F044_wf2021,2021Q1,58,0.07674640574399587,0.06801457703043214,1.1283817248419674,0.8275862068965517,0.2988876544936582,0.12062267779411212,0.04227396876578807,0.40768266801595937,58,58,57
F044,U014,Q2,wf2021,2021,S006_F044_wf2021,2021Q2,60,0.06864479155411492,0.03859101439467073,1.7787765528027812,0.95,0.2731963777051769,0.5007067671647357,0.036155534159132925,0.3985701696854591,60,60,60
F044,U014,Q2,wf2021,2021,S006_F044_wf2021,2021Q3,64,0.06632812053797335,0.05284115040214501,1.2552361186913308,0.90625,0.21902815044954338,0.417862255618147,0.043752496527908684,0.3791139443916798,64,64,64
F044,U014,Q2,wf2021,2021,S006_F044_wf2021,2021Q4,61,0.06750039417959876,0.04599042780099598,1.4677052901459846,0.9016393442622951,0.1655869214736863,0.5309324228624877,0.03680052893986194,0.36563607543198684,61,61,61
F044,U014,Q2,wf2022,2022,S006_F044_wf2022,2022Q1,58,0.07718564445301232,0.05399811412524593,1.4294137064487857,0.9310344827586207,0.2444416317077533,-0.2688408396486536,0.035561751483779346,0.3935382218483971,58,58,57
F044,U014,Q2,wf2022,2022,S006_F044_wf2022,2022Q2,59,0.09702172085684102,0.07660779756287732,1.2664731782323932,0.8813559322033898,0.2775982871440185,0.305764774566473,0.04003799324957154,0.41007677651107044,59,59,59
F044,U014,Q2,wf2022,2022,S006_F044_wf2022,2022Q3,65,0.06253962969827646,0.071083088749334,0.8798102445831382,0.8153846153846154,0.12278250091418705,-0.3234588076878225,0.030921006514750455,0.35257430019914154,65,65,65
F044,U014,Q2,wf2022,2022,S006_F044_wf2022,2022Q4,60,0.08962763341047318,0.0737723295760662,1.2149220978315274,0.8333333333333334,0.25251514854526547,0.6755354337153248,0.03180675223934278,0.40206357225596606,60,60,60
F044,U014,Q2,wf2023,2023,S006_F044_wf2023,2023Q1,59,0.07164662768623156,0.05858708622299685,1.2229081919781246,0.9152542372881356,0.14173986380245363,0.4521341938245107,0.02775042074747365,0.3628554839909866,59,59,58
F044,U014,Q2,wf2023,2023,S006_F044_wf2023,2023Q2,59,0.05224345285554752,0.05827123795381799,0.8965564262930589,0.8305084745762712,0.2042785810502341,0.12985967506916246,0.033838609310045155,0.3720293726642757,59,59,59
F044,U014,Q2,wf2023,2023,S006_F044_wf2023,2023Q3,64,0.04005718682720567,0.07271601275544985,0.5508716073572598,0.734375,0.072435906258682,-0.0839311438430426,0.025826535633419648,0.33000568591846097,64,64,64
F044,U014,Q2,wf2023,2023,S006_F044_wf2023,2023Q4,60,0.047351827054751564,0.06029857847871751,0.7852892762880717,0.7833333333333333,0.04581650372268017,0.05890591404869547,0.02732231124650303,0.3244889885647538,60,60,60
F045,U015,Q0,wf2021,2021,S006_F045_wf2021,2021Q1,58,0.07565818324867035,0.06786178047980511,1.114886504800524,0.8275862068965517,0.23648539814920047,0.05822042144965669,0.025929159672231795,0.3934301448425587,58,58,57
F045,U015,Q0,wf2021,2021,S006_F045_wf2021,2021Q2,60,0.06791734431668403,0.0418203765403209,1.6240251746944907,0.9666666666666667,0.3125768215460657,0.5400872110056214,0.019914383921049533,0.4149656690141784,60,60,60
F045,U015,Q0,wf2021,2021,S006_F045_wf2021,2021Q3,64,0.06526887648618894,0.05360343126434057,1.2176249718851255,0.875,0.22265045191126662,0.4214845570798675,0.02463637776057183,0.385511772839684,64,64,64
F045,U015,Q0,wf2021,2021,S006_F045_wf2021,2021Q4,61,0.06491875552964073,0.046369063471466916,1.400044570009233,0.9016393442622951,0.20666149194335606,0.5720069933321577,0.01729542702745597,0.3827773216866263,61,61,61
F045,U015,Q0,wf2022,2022,S006_F045_wf2022,2022Q1,58,0.0789155162006404,0.05481695604272128,1.439618721972414,0.9655172413793104,0.255100644428065,-0.2581818269283429,0.019120167794756882,0.40236034947024857,58,58,57
F045,U015,Q0,wf2022,2022,S006_F045_wf2022,2022Q2,59,0.09633214494052797,0.07357193461801016,1.3093599541821235,0.9152542372881356,0.24727713406218194,0.27544362148463764,0.022049625686406463,0.4061011104889438,59,59,59
F045,U015,Q0,wf2022,2022,S006_F045_wf2022,2022Q3,65,0.061296083428020176,0.07007580929548465,0.8747110314424839,0.8153846153846154,0.1290416852494637,-0.3171996233525472,0.012641721129541823,0.3594384226071846,65,65,65
F045,U015,Q0,wf2022,2022,S006_F045_wf2022,2022Q4,60,0.08635871043025514,0.07356079741850921,1.1739773556142248,0.85,0.13537077276521878,0.5583910579352763,0.010755813445127629,0.3719279719681294,60,60,60
F045,U015,Q0,wf2023,2023,S006_F045_wf2023,2023Q1,59,0.0712049917576739,0.05985580510027436,1.1896087879594408,0.8983050847457628,0.14345389661999866,0.4538482266420556,0.011764825234940414,0.367988718118587,59,59,58
F045,U015,Q0,wf2023,2023,S006_F045_wf2023,2023Q2,59,0.05109308349193621,0.0605981994839018,0.8431452407345755,0.8135593220338984,0.24002671857999835,0.1656078125989247,0.017386665630885263,0.38722924928150837,59,59,59
F045,U015,Q0,wf2023,2023,S006_F045_wf2023,2023Q3,64,0.03571090742357334,0.07283786249862657,0.4902794535499543,0.71875,0.08004080265265114,-0.07632624744907852,0.01016907640316084,0.3352458808442764,64,64,64
F045,U015,Q0,wf2023,2023,S006_F045_wf2023,2023Q4,60,0.04707051900474355,0.06287605070668886,0.7486239748791365,0.7666666666666667,0.09623679135569774,0.10932620168171185,0.011043928670063879,0.34438606640758757,60,60,60
F046,U015,Q1,wf2021,2021,S006_F046_wf2021,2021Q1,58,0.07567317740720035,0.06787610468500532,1.114872130013635,0.8275862068965517,0.23648539814920047,0.05822042144965669,0.025929159672231795,0.3934361425059707,58,58,57
F046,U015,Q1,wf2021,2021,S006_F046_wf2021,2021Q2,60,0.06791788801642688,0.041820109404316845,1.6240485494620949,0.9666666666666667,0.3125768215460657,0.5400872110056214,0.019914383921049533,0.4149658864940756,60,60,60
F046,U015,Q1,wf2021,2021,S006_F046_wf2021,2021Q3,64,0.06526893713392795,0.0536033843515732,1.2176271689459546,0.875,0.22265045191126662,0.4214845570798675,0.02463637776057183,0.3855117970987796,64,64,64
F046,U015,Q1,wf2021,2021,S006_F046_wf2021,2021Q4,61,0.06491880319957187,0.04636919999965844,1.4000414758082966,0.9016393442622951,0.20666149194335606,0.5720069933321577,0.01729542702745597,0.3827773407545988,61,61,61
F046,U015,Q1,wf2022,2022,S006_F046_wf2022,2022Q1,58,0.07892932217775188,0.054856900054280115,1.4388221372270844,0.9655172413793104,0.255100644428065,-0.2581818269283429,0.019120167794756882,0.4023658718610932,58,58,57
F046,U015,Q1,wf2022,2022,S006_F046_wf2022,2022Q2,59,0.09633229023377704,0.07357159103754529,1.3093680437686395,0.9152542372881356,0.24727713406218194,0.27544362148463764,0.022049625686406463,0.40610116860624346,59,59,59
F046,U015,Q1,wf2022,2022,S006_F046_wf2022,2022Q3,65,0.06129636785931352,0.07007605181549299,0.8747120631268444,0.8153846153846154,0.1290416852494637,-0.3171996233525472,0.012641721129541823,0.3594385363797019,65,65,65
F046,U015,Q1,wf2022,2022,S006_F046_wf2022,2022Q4,60,0.08635873853764799,0.0735605961377123,1.1739809500180824,0.85,0.13537077276521878,0.5583910579352763,0.010755813445127629,0.37192798321108655,60,60,60
F046,U015,Q1,wf2023,2023,S006_F046_wf2023,2023Q1,59,0.07122358443411551,0.05983246780299757,1.1903835333789667,0.8983050847457628,0.14345389661999866,0.4538482266420556,0.011764825234940414,0.3679961551891637,59,59,58
F046,U015,Q1,wf2023,2023,S006_F046_wf2023,2023Q2,59,0.0510931670477761,0.060598151843509376,0.8431472824405725,0.8135593220338984,0.24002671857999835,0.1656078125989247,0.017386665630885263,0.3872292827038443,59,59,59
F046,U015,Q1,wf2023,2023,S006_F046_wf2023,2023Q3,64,0.035710812223006885,0.07283785785610919,0.4902781777788332,0.71875,0.08004080265265114,-0.07632624744907852,0.01016907640316084,0.3352458427640498,64,64,64
F046,U015,Q1,wf2023,2023,S006_F046_wf2023,2023Q4,60,0.04707057192105731,0.06287605382694174,0.7486247793255763,0.7666666666666667,0.09623679135569774,0.10932620168171185,0.011043928670063879,0.3443860875741131,60,60,60
F047,U015,Q2,wf2021,2021,S006_F047_wf2021,2021Q1,58,0.07907983323976983,0.0690719082690259,1.1448913924857034,0.8620689655172413,0.3166476460049934,0.1383826693054501,0.04374471380471102,0.4135028129559926,58,58,57
F047,U015,Q2,wf2021,2021,S006_F047_wf2021,2021Q2,60,0.0686192839548772,0.04080864304652345,1.681488989394931,0.95,0.28702107169390934,0.5145314611534685,0.03672865464421482,0.4025354386968592,60,60,60
F047,U015,Q2,wf2021,2021,S006_F047_wf2021,2021Q3,64,0.06632403677830043,0.0540759260316039,1.2264984004072033,0.90625,0.18681055228399054,0.3856446574525918,0.04323042974829101,0.36960365147203,64,64,64
F047,U015,Q2,wf2021,2021,S006_F047_wf2021,2021Q4,61,0.06720985348623264,0.046837267071332345,1.434965310505269,0.8852459016393442,0.1543851143286164,0.5197306157174152,0.03686536066250428,0.3621398674943267,61,61,61
F047,U015,Q2,wf2022,2022,S006_F047_wf2022,2022Q1,58,0.07931038265479248,0.05579524853514189,1.4214540617170994,0.9482758620689655,0.24719052799541494,-0.26609194336099123,0.03489280277225993,0.3954134706288635,58,58,57
F047,U015,Q2,wf2022,2022,S006_F047_wf2022,2022Q2,59,0.09889690152839833,0.07596647625098878,1.3018492683752867,0.8813559322033898,0.27272006183406894,0.3008865492565234,0.0396043621582129,0.4094934705141161,59,59,59
F047,U015,Q2,wf2022,2022,S006_F047_wf2022,2022Q3,65,0.06408214708328908,0.07298997758232728,0.8779581691336892,0.8153846153846154,0.15080662814226561,-0.2954346804597439,0.031704439141304684,0.36136351553360385,65,65,65
F047,U015,Q2,wf2022,2022,S006_F047_wf2022,2022Q4,60,0.09081591787973754,0.07473778389404216,1.2151272508760735,0.85,0.2381796738690053,0.6611999590390643,0.032153786926590815,0.3981341332346194,60,60,60
F047,U015,Q2,wf2023,2023,S006_F047_wf2023,2023Q1,59,0.0738931083065811,0.06000098227551863,1.2315316433866232,0.8983050847457628,0.15397945039156796,0.4643737804136267,0.027457495255385832,0.367513829863487,59,59,58
F047,U015,Q2,wf2023,2023,S006_F047_wf2023,2023Q2,59,0.05133648168172157,0.05995508686714984,0.8562489750948803,0.8305084745762712,0.19134033015323731,0.1169214241721664,0.0339703771482206,0.36774557857419365,59,59,59
F047,U015,Q2,wf2023,2023,S006_F047_wf2023,2023Q3,64,0.0394311662980287,0.07323070208119525,0.5384512940256808,0.75,0.07831801015582959,-0.07804903994589606,0.025433103766612165,0.3316379384359767,64,64,64
F047,U015,Q2,wf2023,2023,S006_F047_wf2023,2023Q4,60,0.04924918480974497,0.061060782657999996,0.8065599991665434,0.8,0.050928603691001426,0.06401801401701726,0.027464499532048173,0.32673890517158394,60,60,60
F048,U016,Q0,wf2021,2021,S006_F048_wf2021,2021Q1,58,0.07720338339955059,0.06814710787211112,1.1328930281888854,0.8448275862068966,0.2549494272901793,0.07668445059063826,0.025716890817980505,0.3996511143014799,58,58,57
F048,U016,Q0,wf2021,2021,S006_F048_wf2021,2021Q2,60,0.06665687153306049,0.04410263696105566,1.5114033111426217,0.9333333333333333,0.28966312553219703,0.5171735149917537,0.018634285348838396,0.4079714006682318,60,60,60
F048,U016,Q0,wf2021,2021,S006_F048_wf2021,2021Q3,64,0.06546424251725406,0.053718916142584186,1.2186441428470873,0.875,0.20093052735985,0.39976463252845545,0.025308361841174177,0.3788723466625044,64,64,64
F048,U016,Q0,wf2021,2021,S006_F048_wf2021,2021Q4,61,0.06454129083247945,0.04685260197148941,1.377539093170405,0.9344262295081968,0.2117939822409382,0.5771394836297421,0.018004777875470564,0.38395327764263204,61,61,61
F048,U016,Q0,wf2022,2022,S006_F048_wf2022,2022Q1,58,0.08112380543356756,0.05643894119113675,1.437372915250709,0.9655172413793104,0.2801503620562693,-0.23313210930014075,0.0187445589242386,0.4108712631130362,58,58,57
F048,U016,Q0,wf2022,2022,S006_F048_wf2022,2022Q2,59,0.09751275047006112,0.07208500080741852,1.3527467486693259,0.9322033898305084,0.27452525219054186,0.30269173961299856,0.021992993910607776,0.41476477767200465,59,59,59
F048,U016,Q0,wf2022,2022,S006_F048_wf2022,2022Q3,65,0.06169049937531408,0.07066508450690212,0.8729983103506873,0.7692307692307693,0.14406327817093378,-0.3021780304310766,0.013899962609399593,0.36372519441858586,65,65,65
F048,U016,Q0,wf2022,2022,S006_F048_wf2022,2022Q4,60,0.08650470451565957,0.07401530806292304,1.1687407210697394,0.85,0.12420726578637735,0.5472275509564328,0.011688509874626477,0.3683575085797891,60,60,60
F048,U016,Q0,wf2023,2023,S006_F048_wf2023,2023Q1,59,0.07233627181601529,0.0610184066038314,1.1854828049782806,0.8983050847457628,0.1370773767178925,0.44747170673994713,0.011763856132159155,0.36652856490212615,59,59,58
F048,U016,Q0,wf2023,2023,S006_F048_wf2023,2023Q2,59,0.0504667348703807,0.06148066413122035,0.8208553954893487,0.8135593220338984,0.24429182518816497,0.16987291920709377,0.016955529043009277,0.388387582791699,59,59,59
F048,U016,Q0,wf2023,2023,S006_F048_wf2023,2023Q3,64,0.03459869129078884,0.07240916842197904,0.4778219670906588,0.71875,0.07057485062456141,-0.08579219947716368,0.009565756761714572,0.3321422046751696,64,64,64
F048,U016,Q0,wf2023,2023,S006_F048_wf2023,2023Q4,60,0.04809536657528802,0.06283990062775385,0.7653635046336504,0.8,0.09673307512031427,0.1098224854463298,0.010541895261497115,0.3450955005877604,60,60,60
F049,U016,Q1,wf2021,2021,S006_F049_wf2021,2021Q1,58,0.077222332420962,0.06816570208331237,1.1328619827986308,0.8448275862068966,0.2549494272901793,0.07668445059063826,0.025716890817980505,0.3996586939100445,58,58,57
F049,U016,Q1,wf2021,2021,S006_F049_wf2021,2021Q2,60,0.06665724286779975,0.044102560188935824,1.5114143619381604,0.9333333333333333,0.28966312553219703,0.5171735149917537,0.018634285348838396,0.40797154920212747,60,60,60
F049,U016,Q1,wf2021,2021,S006_F049_wf2021,2021Q3,64,0.06546440685960475,0.05371882082754225,1.2186493644335619,0.875,0.20093052735985,0.39976463252845545,0.025308361841174177,0.3788724123994447,64,64,64
F049,U016,Q1,wf2021,2021,S006_F049_wf2021,2021Q4,61,0.06454138110662538,0.04685274747118232,1.3775367420303963,0.9344262295081968,0.2117939822409382,0.5771394836297421,0.018004777875470564,0.3839533137522904,61,61,61
F049,U016,Q1,wf2022,2022,S006_F049_wf2022,2022Q1,58,0.08114032938664488,0.05648791510448707,1.4364192630681738,0.9655172413793104,0.2801503620562693,-0.23313210930014075,0.0187445589242386,0.4108778726942671,58,58,57
F049,U016,Q1,wf2022,2022,S006_F049_wf2022,2022Q2,59,0.09751275769886228,0.07208497695401918,1.3527472965839014,0.9322033898305084,0.27452525219054186,0.30269173961299856,0.021992993910607776,0.4147647805635251,59,59,59
F049,U016,Q1,wf2022,2022,S006_F049_wf2022,2022Q3,65,0.06169052516818317,0.07066556946024836,0.8729926842645209,0.7692307692307693,0.14406327817093378,-0.3021780304310766,0.013899962609399593,0.3637252047357335,65,65,65
F049,U016,Q1,wf2022,2022,S006_F049_wf2022,2022Q4,60,0.0865048172885318,0.07401507124456942,1.1687459842157317,0.85,0.12420726578637735,0.5472275509564328,0.011688509874626477,0.36835755368893797,60,60,60
F049,U016,Q1,wf2023,2023,S006_F049_wf2023,2023Q1,59,0.07235389389680072,0.06099671889746526,1.1861932117763043,0.8983050847457628,0.1370773767178925,0.44747170673994713,0.011763856132159155,0.3665356137344403,59,59,58
F049,U016,Q1,wf2023,2023,S006_F049_wf2023,2023Q2,59,0.05046682600043272,0.061480653308472785,0.8208570222443908,0.8135593220338984,0.24429182518816497,0.16987291920709377,0.016955529043009277,0.3883876192437198,59,59,59
F049,U016,Q1,wf2023,2023,S006_F049_wf2023,2023Q3,64,0.03459869129078884,0.07240916842197904,0.4778219670906588,0.71875,0.07057485062456141,-0.08579219947716368,0.009565756761714572,0.3321422046751696,64,64,64
F049,U016,Q1,wf2023,2023,S006_F049_wf2023,2023Q4,60,0.04809538916787894,0.0628398931581441,0.7653639551366064,0.8,0.09673307512031427,0.1098224854463298,0.010541895261497115,0.34509550962479674,60,60,60
F050,U016,Q2,wf2021,2021,S006_F050_wf2021,2021Q1,58,0.07974630755910816,0.06893634639259033,1.156810764309374,0.8620689655172413,0.32644018927164503,0.1481752125721007,0.04301653913187654,0.4169256180655738,58,58,57
F050,U016,Q2,wf2021,2021,S006_F050_wf2021,2021Q2,60,0.06833919959192498,0.042719406021342186,1.5997226075143323,0.9333333333333333,0.3204404053018719,0.5479507947614289,0.037431699534771636,0.41223829156690006,60,60,60
F050,U016,Q2,wf2021,2021,S006_F050_wf2021,2021Q3,64,0.0653472314748662,0.05505119883233747,1.1870264928087408,0.84375,0.15756941295913615,0.3564035181277398,0.0419840110098951,0.3608145131747188,64,64,64
F050,U016,Q2,wf2021,2021,S006_F050_wf2021,2021Q4,61,0.06663360837139937,0.04725239633409585,1.410163579858883,0.9016393442622951,0.1964264086663926,0.5617719100551916,0.03797174097572365,0.3741898436557604,61,61,61
F050,U016,Q2,wf2022,2022,S006_F050_wf2022,2022Q1,58,0.0806591589493402,0.058059061888787684,1.389260458666092,0.9482758620689655,0.26107573852729815,-0.2522067328291079,0.03474060953356815,0.40016420227785504,58,58,57
F050,U016,Q2,wf2022,2022,S006_F050_wf2022,2022Q2,59,0.09915045622766207,0.07563254500550934,1.310949621230379,0.9152542372881356,0.297159398705896,0.32532588612835023,0.04017725267098763,0.4167548263015374,59,59,59
F050,U016,Q2,wf2022,2022,S006_F050_wf2022,2022Q3,65,0.06351102805339941,0.07373375254503987,0.8613562427140004,0.7846153846153846,0.14572275631827233,-0.30051855228373586,0.03157202090654726,0.35964963184487725,65,65,65
F050,U016,Q2,wf2022,2022,S006_F050_wf2022,2022Q4,60,0.0916555926580336,0.07741647120214933,1.1839288362640965,0.8333333333333334,0.20429172411815627,0.6273120092882123,0.03159391920671343,0.38847157853664627,60,60,60
F050,U016,Q2,wf2023,2023,S006_F050_wf2023,2023Q1,59,0.07534663381338379,0.06077927404619509,1.2396764356895218,0.8983050847457628,0.15846115503634423,0.46885548505840097,0.027967162316321126,0.3692868513413604,59,59,58
F050,U016,Q2,wf2023,2023,S006_F050_wf2023,2023Q2,59,0.049962264899671024,0.06034967611026807,0.8278795864352667,0.847457627118644,0.17225937204936123,0.0978404660682927,0.03440174040432405,0.36134219545337953,59,59,59
F050,U016,Q2,wf2023,2023,S006_F050_wf2023,2023Q3,64,0.0386594217684363,0.07249137070327387,0.5332968792475924,0.6875,0.08275898012481675,-0.07360806997691241,0.026288588818097793,0.3324048860993902,64,64,64
F050,U016,Q2,wf2023,2023,S006_F050_wf2023,2023Q4,60,0.049820747360465795,0.05994585950670753,0.8310957215467266,0.8166666666666667,0.04833615509164386,0.06142556541766014,0.026976656787757514,0.3263361484353522,60,60,60
F051,U017,Q0,wf2021,2021,S006_F051_wf2021,2021Q1,58,0.0922468068435092,0.07680864668844535,1.2009950809013052,0.8620689655172413,0.30023671191890416,0.12197173521935856,0.02301698625649847,0.42006464043612535,58,58,57
F051,U017,Q0,wf2021,2021,S006_F051_wf2021,2021Q2,60,0.08932822757324002,0.04531077050154571,1.9714568210706707,0.9666666666666667,0.3622510604325781,0.5897614498921345,0.018692392026708426,0.4387988915510569,60,60,60
F051,U017,Q0,wf2021,2021,S006_F051_wf2021,2021Q3,64,0.08445175962359053,0.06012125591163266,1.4046905431869106,0.921875,0.25597405289985536,0.45480815806845964,0.023916493303317857,0.4033979717283974,64,64,64
F051,U017,Q0,wf2021,2021,S006_F051_wf2021,2021Q4,61,0.08126910587610398,0.05159399848190374,1.5751658771825678,0.9672131147540983,0.2087145488473744,0.5740600502361733,0.01913301683067351,0.38938210195545186,61,61,61
F051,U017,Q0,wf2022,2022,S006_F051_wf2022,2022Q1,58,0.09325897596555487,0.0605966753981145,1.5390114284794025,0.9310344827586207,0.22737300311495878,-0.28590946824145025,0.01853006129310109,0.39995647293277925,58,58,57
F051,U017,Q0,wf2022,2022,S006_F051_wf2022,2022Q2,59,0.1102859882913201,0.07779861922671684,1.4175828489954325,0.9322033898305084,0.2604435634886855,0.2886100509111409,0.021348409566376934,0.41584294149322054,59,59,59
F051,U017,Q0,wf2022,2022,S006_F051_wf2022,2022Q3,65,0.07869488446741636,0.07839895405446268,1.0037746729726535,0.8307692307692308,0.11225134444132727,-0.3339899641606848,0.013233133015610165,0.36118341721468167,65,65,65
F051,U017,Q0,wf2022,2022,S006_F051_wf2022,2022Q4,60,0.10597428714451602,0.07541711008121718,1.4051756561659763,0.9,0.13552403960994464,0.5585443247800018,0.011119620336989213,0.379711040639693,60,60,60
F051,U017,Q0,wf2023,2023,S006_F051_wf2023,2023Q1,59,0.09406461156885601,0.0635560268743663,1.4800266189514524,0.9322033898305084,0.21084202486939313,0.5212363548914527,0.010586743353482638,0.39770242908231557,59,59,58
F051,U017,Q0,wf2023,2023,S006_F051_wf2023,2023Q2,59,0.063870596026637,0.06286434570656016,1.0160066935998004,0.8135593220338984,0.20495054756414452,0.13053164158307395,0.013924165437490005,0.38285615304865117,59,59,59
F051,U017,Q0,wf2023,2023,S006_F051_wf2023,2023Q3,64,0.058276836853614664,0.07638399039326903,0.7629456978297645,0.78125,0.09510280477113699,-0.06126424533058879,0.00814887518482802,0.34939691361733854,64,64,64
F051,U017,Q0,wf2023,2023,S006_F051_wf2023,2023Q4,60,0.06688304153676614,0.06639230479580824,1.0073914701781657,0.8666666666666667,0.10267429490399295,0.11576370523000924,0.008898755717771366,0.35488587837057295,60,60,60
F052,U017,Q1,wf2021,2021,S006_F052_wf2021,2021Q1,58,0.09226896614289931,0.07682330195104778,1.201054417078995,0.8620689655172413,0.30023671191890416,0.12197173521935856,0.02301698625649847,0.4200735041558814,58,58,57
F052,U017,Q1,wf2021,2021,S006_F052_wf2021,2021Q2,60,0.0893284107312574,0.045310949364518176,1.971453081078194,0.9666666666666667,0.3622510604325781,0.5897614498921345,0.018692392026708426,0.43879896481426384,60,60,60
F052,U017,Q1,wf2021,2021,S006_F052_wf2021,2021Q3,64,0.08445175962359053,0.06012125591163266,1.4046905431869106,0.921875,0.25597405289985536,0.45480815806845964,0.023916493303317857,0.4033979717283974,64,64,64
F052,U017,Q1,wf2021,2021,S006_F052_wf2021,2021Q4,61,0.08126930284650667,0.05159385791821564,1.5751739863169616,0.9672131147540983,0.2087145488473744,0.5740600502361733,0.01913301683067351,0.38938218074361297,61,61,61
F052,U017,Q1,wf2022,2022,S006_F052_wf2022,2022Q1,58,0.09325968756319129,0.060593967974492555,1.5390919373764993,0.9310344827586207,0.22737300311495878,-0.28590946824145025,0.01853006129310109,0.3999567575718338,58,58,57
F052,U017,Q1,wf2022,2022,S006_F052_wf2022,2022Q2,59,0.1102864155451891,0.07779942859934968,1.4175735931576106,0.9322033898305084,0.2604435634886855,0.2886100509111409,0.021348409566376934,0.4158431123947682,59,59,59
F052,U017,Q1,wf2022,2022,S006_F052_wf2022,2022Q3,65,0.07869571032971523,0.07839956417328503,1.0037773954428577,0.8307692307692308,0.11225134444132727,-0.3339899641606848,0.013233133015610165,0.36118374755960125,65,65,65
F052,U017,Q1,wf2022,2022,S006_F052_wf2022,2022Q4,60,0.10597432897350274,0.0754169337510692,1.405179496203004,0.9,0.13552403960994464,0.5585443247800018,0.011119620336989213,0.37971105737128774,60,60,60
F052,U017,Q1,wf2023,2023,S006_F052_wf2023,2023Q1,59,0.09408560999827613,0.06353318565915314,1.480889223830717,0.9322033898305084,0.21084202486939313,0.5212363548914527,0.010586743353482638,0.39771082845408356,59,59,58
F052,U017,Q1,wf2023,2023,S006_F052_wf2023,2023Q2,59,0.06387071453067555,0.06286419842777184,1.0160109589890047,0.8135593220338984,0.20495054756414452,0.13053164158307395,0.013924165437490005,0.3828562004502666,59,59,59
F052,U017,Q1,wf2023,2023,S006_F052_wf2023,2023Q3,64,0.05827657809375103,0.07638410438017648,0.7629411716827724,0.78125,0.09510280477113699,-0.06126424533058879,0.00814887518482802,0.3493968101133931,64,64,64
F052,U017,Q1,wf2023,2023,S006_F052_wf2023,2023Q4,60,0.06688302494126747,0.06639231710377662,1.0073910334643665,0.8666666666666667,0.10267429490399295,0.11576370523000924,0.008898755717771366,0.35488587173237346,60,60,60
F053,U017,Q2,wf2021,2021,S006_F053_wf2021,2021Q1,58,0.0960523106586399,0.07917837356553091,1.2131129541217907,0.8620689655172413,0.33574110725995465,0.15747613056041054,0.040302774934799016,0.4270524239610026,58,58,57
F053,U017,Q2,wf2021,2021,S006_F053_wf2021,2021Q2,60,0.09115367290197625,0.04437571820710492,2.054134030610051,0.9666666666666667,0.33757307784021395,0.5650834672997762,0.03666192023780503,0.4267348164415131,60,60,60
F053,U017,Q2,wf2021,2021,S006_F053_wf2021,2021Q3,64,0.08722041523714019,0.062084325882275304,1.4048701342514067,0.953125,0.23256978995675787,0.431403895125358,0.041146134468239164,0.39231526274141165,64,64,64
F053,U017,Q2,wf2021,2021,S006_F053_wf2021,2021Q4,61,0.08476077781914576,0.053330229794101375,1.58935707095942,0.9508196721311475,0.22861353819139926,0.5939590395801981,0.036865963417448286,0.3914285835598436,61,61,61
F053,U017,Q2,wf2022,2022,S006_F053_wf2022,2022Q1,58,0.0950845410984744,0.06261238837981485,1.5186218503865285,0.9310344827586207,0.2476961583942035,-0.2655863129622055,0.035712944251622525,0.401628780682164,58,58,57
F053,U017,Q2,wf2022,2022,S006_F053_wf2022,2022Q2,59,0.1128087871467004,0.0811556697525013,1.3900296490772726,0.9152542372881356,0.30495611387315347,0.3331226012956116,0.03925198821833162,0.4248347525551267,59,59,59
F053,U017,Q2,wf2022,2022,S006_F053_wf2022,2022Q3,65,0.08158629335414468,0.08065021742273579,1.011606613860721,0.8153846153846154,0.13770252677778205,-0.3085387818242297,0.030723723218902155,0.3647281584093218,65,65,65
F053,U017,Q2,wf2022,2022,S006_F053_wf2022,2022Q4,60,0.1114447276443609,0.0771458418619915,1.4445979842144663,0.9166666666666666,0.19294763690958935,0.6159679220796478,0.028991964234825633,0.3937645928601735,60,60,60
F053,U017,Q2,wf2023,2023,S006_F053_wf2023,2023Q1,59,0.09554274289887486,0.06520603444411063,1.4652438798554206,0.9152542372881356,0.19363960338403088,0.5040339334060869,0.026222912087935583,0.3884421045483785,59,59,58
F053,U017,Q2,wf2023,2023,S006_F053_wf2023,2023Q2,59,0.06417140207676389,0.06708700541912446,0.956539968893448,0.8305084745762712,0.16096445611623408,0.0865455501351612,0.031423566764317436,0.36453082763628053,59,59,59
F053,U017,Q2,wf2023,2023,S006_F053_wf2023,2023Q3,64,0.06311819266330726,0.08188437226939332,0.770820987131137,0.78125,0.08215546503906448,-0.07421158506265957,0.02516526016664953,0.3423443385270474,64,64,64
F053,U017,Q2,wf2023,2023,S006_F053_wf2023,2023Q4,60,0.06698008690872433,0.06802464611507276,0.9846444007282092,0.85,0.031379797408427675,0.044469207734441664,0.026059894171537416,0.3283880057345568,60,60,60
T030_raw,T030_raw,T030_raw,confirm2024,2024,S003_confirm2024_raw,2024Q1,58,0.13305021929017236,0.17794879461052723,0.7476882300966217,0.8793103448275862,0.7296408347892308,0.4155225728028937,0.8511730861720332,0.3167604123012282,58,58,57
T030_raw,T030_raw,T030_raw,confirm2024,2024,S003_confirm2024_raw,2024Q2,59,0.08130218662898035,0.12503265220456988,0.6502476368809587,0.7288135593220338,0.3037159368632495,-0.2639438689020391,0.8482217225401886,0.1691691389485104,59,59,59
T030_raw,T030_raw,T030_raw,confirm2024,2024,S003_confirm2024_raw,2024Q3,64,0.0636053936388902,0.08467183687468083,0.7511989344583351,0.6875,0.27283094818643355,1.2223228511101172,0.8796809922214404,0.14338714424505405,64,64,64
T030_raw,T030_raw,T030_raw,confirm2024,2024,S003_confirm2024_raw,2024Q4,61,0.11978746784410214,0.12501025120201836,0.9582211594033506,0.819672131147541,0.5203459170228668,0.316157399091272,0.8610989761125354,0.24568906941074029,61,61,61
F000,T030_qstar,T030_qstar,confirm2024,2024,S003_confirm2024_band,2024Q1,58,0.10899823395480372,0.16771328820665923,0.6499081564753187,0.8103448275862069,0.1500730893580577,-0.16404517262828044,0.02593202331650401,0.38084161339438755,58,58,57
F000,T030_qstar,T030_qstar,confirm2024,2024,S003_confirm2024_band,2024Q2,59,0.06922995039804193,0.1066770900508852,0.648967368392024,0.7627118644067796,0.12847384055946348,-0.43918596520582714,0.019175274373417886,0.36048155001503046,59,59,59
F000,T030_qstar,T030_qstar,confirm2024,2024,S003_confirm2024_band,2024Q3,64,0.05634318950072311,0.07735560974937104,0.7283659153262795,0.75,0.390896262591997,1.3403881655156789,0.018289703479909047,0.4343192435339156,64,64,64
F000,T030_qstar,T030_qstar,confirm2024,2024,S003_confirm2024_band,2024Q4,61,0.10494717401967753,0.10775667796946138,0.9739273332964099,0.8360655737704918,0.12097875395357184,-0.08320976397802254,0.026383685751289236,0.3703573900685558,61,61,61
component_raw_Y4,component_raw_Y4,component_raw_Y4,confirm2024,2024,S006_confirm2024_Y4_raw,2024Q1,58,0.11501421407507094,0.18063072344089515,0.6367367183396415,0.8275862068965517,0.5092610788133634,0.1951428168270238,0.840530192157537,0.24662495162677628,58,58,57
component_raw_Y4,component_raw_Y4,component_raw_Y4,confirm2024,2024,S006_confirm2024_Y4_raw,2024Q2,59,0.11488111354554378,0.13994760612007934,0.8208865927079328,0.7966101694915254,0.49210438509954485,-0.07555542066574644,0.8427277319992963,0.2407654413482921,59,59,59
component_raw_Y4,component_raw_Y4,component_raw_Y4,confirm2024,2024,S006_confirm2024_Y4_raw,2024Q3,64,0.09815986741079792,0.10365836208288662,0.946955609160677,0.828125,0.13400852021272092,1.083500423136404,0.8550709835399443,0.12294520796615216,64,64,64
component_raw_Y4,component_raw_Y4,component_raw_Y4,confirm2024,2024,S006_confirm2024_Y4_raw,2024Q4,61,0.14405215217044126,0.15684667769145375,0.9184265442575604,0.8360655737704918,0.5495544028890167,0.3453658849574213,0.8305816511731645,0.27331268638293216,61,61,61
new_signal_raw,new_signal_raw,new_signal_raw,confirm2024,2024,S006_confirm2024_Y4_raw,2024Q1,58,0.11501421407507094,0.18063072344089515,0.6367367183396415,0.8275862068965517,0.5092610788133634,0.1951428168270238,0.840530192157537,0.24662495162677628,58,58,57
new_signal_raw,new_signal_raw,new_signal_raw,confirm2024,2024,S006_confirm2024_Y4_raw,2024Q2,59,0.11488111354554378,0.13994760612007934,0.8208865927079328,0.7966101694915254,0.49210438509954485,-0.07555542066574644,0.8427277319992963,0.2407654413482921,59,59,59
new_signal_raw,new_signal_raw,new_signal_raw,confirm2024,2024,S006_confirm2024_Y4_raw,2024Q3,64,0.09815986741079792,0.10365836208288662,0.946955609160677,0.828125,0.13400852021272092,1.083500423136404,0.8550709835399443,0.12294520796615216,64,64,64
new_signal_raw,new_signal_raw,new_signal_raw,confirm2024,2024,S006_confirm2024_Y4_raw,2024Q4,61,0.14405215217044126,0.15684667769145375,0.9184265442575604,0.8360655737704918,0.5495544028890167,0.3453658849574213,0.8305816511731645,0.27331268638293216,61,61,61
new_signal_qstar,new_signal_qstar,new_signal_qstar,confirm2024,2024,S006_confirm2024_new_signal_qstar,2024Q1,58,0.10163914167151963,0.15234245422495926,0.6671754251866807,0.8275862068965517,0.22039910265437876,-0.09371915933196165,0.02042325057255097,0.4006484122931562,58,58,57
new_signal_qstar,new_signal_qstar,new_signal_qstar,confirm2024,2024,S006_confirm2024_new_signal_qstar,2024Q2,59,0.10292978525257636,0.11137082761770732,0.924207779131302,0.7966101694915254,0.28475405458858793,-0.28290575117670186,0.01419318227306141,0.4223401757956885,59,59,59
new_signal_qstar,new_signal_qstar,new_signal_qstar,confirm2024,2024,S006_confirm2024_new_signal_qstar,2024Q3,64,0.08588747605963848,0.09290730796554798,0.9244426293299488,0.84375,0.13529235063331188,1.0847842535569925,0.01355166168145389,0.3708771971094128,64,64,64
new_signal_qstar,new_signal_qstar,new_signal_qstar,confirm2024,2024,S006_confirm2024_new_signal_qstar,2024Q4,61,0.12849915710231466,0.14777392525643765,0.869565837676202,0.8032786885245902,0.11211417171722365,-0.09207434621437136,0.020283903811532774,0.3789487432126331,61,61,61
F005,new_complete,new_complete,confirm2024,2024,S006_confirm2024_new_complete,2024Q1,58,0.10535456695265868,0.1539877451920232,0.6841750090001071,0.8275862068965517,0.257919370563957,-0.056198891422383705,0.037758308664276034,0.40819014535096776,58,58,57
F005,new_complete,new_complete,confirm2024,2024,S006_confirm2024_new_complete,2024Q2,59,0.106987371387734,0.11548445584598488,0.9264222669968418,0.7966101694915254,0.31220023502091343,-0.25545957074437764,0.03016025058699784,0.42740694388526823,59,59,59
F005,new_complete,new_complete,confirm2024,2024,S006_confirm2024_new_complete,2024Q3,64,0.0881008660646968,0.10668509543020016,0.8258029456639303,0.84375,-0.06186836724229426,0.8876235356813825,0.030918262918320175,0.30740435737769434,64,64,64
F005,new_complete,new_complete,confirm2024,2024,S006_confirm2024_new_complete,2024Q4,61,0.1328493202067504,0.15913322804999502,0.8348308007992712,0.7868852459016393,0.15101533461565206,-0.053173183315944665,0.03593451915967482,0.3876639727194933,61,61,61
T030_selected_controller,T030_selected_controller,T030_selected_controller,confirm2024,2024,S006_confirm2024_T030_selected_controller,2024Q1,58,0.11069589138807645,0.16834047064209134,0.6575714738461613,0.8275862068965517,0.12822472255959488,-0.18589353942674697,0.04207125563606266,0.37012439663229024,58,58,57
T030_selected_controller,T030_selected_controller,T030_selected_controller,confirm2024,2024,S006_confirm2024_T030_selected_controller,2024Q2,59,0.07070630218762904,0.10706293581459396,0.6604181143516795,0.7457627118644068,0.10801422720020135,-0.4596455785650892,0.03648929150523995,0.34974000158354,59,59,59
T030_selected_controller,T030_selected_controller,T030_selected_controller,confirm2024,2024,S006_confirm2024_T030_selected_controller,2024Q3,64,0.058810572555942034,0.07728757212407945,0.76093181529271,0.765625,0.3082668088892426,1.2577587118129265,0.03671027331588188,0.4049911896943851,64,64,64
T030_selected_controller,T030_selected_controller,T030_selected_controller,confirm2024,2024,S006_confirm2024_T030_selected_controller,2024Q4,61,0.11014097182537222,0.11711427963937596,0.940457236850397,0.819672131147541,0.19910171236789473,-0.005086805563704861,0.046883853532819486,0.3897217463806714,61,61,61
