month,days,ic_mean,ic_std,icir,ic_positive_ratio,annual_excess,top1_annual_ret,mean_turnover,final_score,n_days_ic,n_days_top,n_days_turnover,candidate,family,fold,artifact_exp_id,alias_of
202101,20,0.0842793766721734,0.0920418425150069,0.9156637282487262,0.8,0.6095180103346458,-0.4430035120555846,0.8361023272141669,0.265736455605013,20,20,19,C000,raw,wf2021,S004_C000_wf2021,
202102,15,0.0890256244175062,0.0824479185660951,1.079780132304226,0.8,0.5139762026070185,1.2813082985874096,0.8505512530883423,0.2346377346226053,15,15,15,C000,raw,wf2021,S004_C000_wf2021,
202103,23,0.1031160853602679,0.0535713956747134,1.924834775378838,0.9565217391304348,0.6820590900621046,0.6473234535197151,0.8628960650698841,0.2869953416417733,23,23,23,C000,raw,wf2021,S004_C000_wf2021,
202104,21,0.072268893292491,0.0528947262612458,1.3662778579391193,0.9047619047619048,0.5566907959291104,0.5564024206005765,0.8785393587206923,0.2323529884795218,21,21,21,C000,raw,wf2021,S004_C000_wf2021,
202105,18,0.0756596646825137,0.0475942073576787,1.5896822088855953,1.0,0.6651729858415646,1.4373777169363242,0.8773718158235106,0.2666042168784217,18,18,18,C000,raw,wf2021,S004_C000_wf2021,
202106,21,0.0784050575639136,0.055406637747699,1.4150841984121223,0.9523809523809524,0.7023028775021628,0.6907311674910589,0.8709427497571239,0.2807700613490771,21,21,21,C000,raw,wf2021,S004_C000_wf2021,
202107,22,0.072041363688461,0.0519214188857091,1.3875076073525745,0.9545454545454546,0.8064908095151855,0.9906887320773964,0.8674196935511098,0.3105378802646071,22,22,22,C000,raw,wf2021,S004_C000_wf2021,
202108,22,0.0841728649982753,0.0663398433571932,1.2688131406199403,0.8636363636363636,0.3120848119790502,0.7093912969600347,0.8605322787969958,0.1691349059539264,22,22,22,C000,raw,wf2021,S004_C000_wf2021,
202109,20,0.0774380071742517,0.0831654475216499,0.9311319722543756,0.8,0.4171391658885909,0.4137534541306011,0.8787937676159068,0.1924788223515059,20,20,20,C000,raw,wf2021,S004_C000_wf2021,
202110,16,0.0537129494618485,0.0464042629769801,1.1575003246683189,0.875,0.4154350215139987,-0.0220215915128363,0.8364205841200235,0.195189511002932,16,16,16,C000,raw,wf2021,S004_C000_wf2021,
202111,22,0.0889147476055441,0.0560568728099526,1.5861524760217751,0.9090909090909092,0.4244331522305104,1.437679722478187,0.8812247263452833,0.1985284268077858,22,22,22,C000,raw,wf2021,S004_C000_wf2021,
202112,23,0.0694961078267958,0.0654607782333974,1.0616449987656822,0.8695652173913043,0.1726745969857614,0.4767596773204225,0.8804682991929783,0.1154603324685532,23,23,23,C000,raw,wf2021,S004_C000_wf2021,
202201,19,0.1097255210216565,0.0844252875099378,1.299676012459425,0.9473684210526316,0.6160446355584157,-0.6283459324096043,0.8654181942671275,0.2690781407960491,19,19,18,C000,raw,wf2022,S004_C000_wf2022,
202202,16,0.095981752815242,0.0613607782595298,1.564219938822813,0.9375,0.558515771230687,1.1729768960492932,0.8600059691199162,0.247945641759328,16,16,16,C000,raw,wf2022,S004_C000_wf2022,
202203,23,0.0626020185823248,0.0572934268018671,1.0926562099142012,0.9130434782608696,0.174490170826532,-0.5193507224072551,0.8570006341644204,0.1202876684315634,23,23,23,C000,raw,wf2022,S004_C000_wf2022,
202204,19,0.0890638580675399,0.1147840198544889,0.775925587729422,0.8421052631578947,0.4169266052495159,-1.452712624653842,0.8281681099243504,0.2122530918245656,19,19,19,C000,raw,wf2022,S004_C000_wf2022,
202205,19,0.1282729819101709,0.0537996315617713,2.3842724975335816,1.0,0.6181460513662963,1.737748149727077,0.8502539532998054,0.2816768221840157,19,19,19,C000,raw,wf2022,S004_C000_wf2022,
202206,21,0.1026852106605213,0.076487813747393,1.3425041928855133,0.9523809523809524,0.5273936313106793,1.285133072131339,0.8799364640335114,0.2353112344473589,21,21,21,C000,raw,wf2022,S004_C000_wf2022,
202207,21,0.0923487438700099,0.0766838337351005,1.2042791729613165,0.8571428571428571,0.6039022088772771,0.9446166001302873,0.8740229783098596,0.2559032667182292,21,21,21,C000,raw,wf2022,S004_C000_wf2022,
202208,23,0.061131642436888,0.100068594259797,0.6108973838303223,0.7391304347826086,0.0736171441769737,-0.3574839409111431,0.8743825661151906,0.0842230303932901,23,23,23,C000,raw,wf2022,S004_C000_wf2022,
202209,21,0.0609089443182289,0.0864691643035175,0.7044007515145045,0.7142857142857143,0.4158588220208979,-0.8339203359989698,0.8598475747012638,0.1911669519231818,21,21,21,C000,raw,wf2022,S004_C000_wf2022,
202210,16,0.1243832004287968,0.0899450649380129,1.3828796556488951,0.9375,0.9375789181169448,2.0065183518360907,0.8751252313517399,0.3684893862010802,16,16,16,C000,raw,wf2022,S004_C000_wf2022,
202211,22,0.1101903030249289,0.1014436150168867,1.086222163973417,0.8181818181818182,0.5418854886164597,1.2276074832405204,0.8870764070590514,0.240518845677194,22,22,22,C000,raw,wf2022,S004_C000_wf2022,
202212,22,0.0838425001640156,0.0834918767290052,1.0041994916002233,0.7727272727272727,0.9030793922720228,0.5936385872250943,0.8799080295573798,0.3404884088799991,22,22,22,C000,raw,wf2022,S004_C000_wf2022,
202301,16,0.0679064602228,0.0724477145633929,0.9373168033255316,0.8125,-0.0760469153900253,0.969492357314482,0.8963023444199762,0.0354578061461195,16,16,15,C000,raw,wf2023,S004_C000_wf2023,
202302,20,0.1238559050481969,0.0595222179132348,2.080834844372583,0.95,0.6546421493883817,0.9476537191518754,0.9143331988993249,0.2716350471659958,20,20,20,C000,raw,wf2023,S004_C000_wf2023,
202303,23,0.0660858243716392,0.0778895394395802,0.8484557085217166,0.782608695652174,0.4384413096010838,0.252545905808014,0.8919363651608153,0.1903858130807362,23,23,23,C000,raw,wf2023,S004_C000_wf2023,
202304,19,0.0561766421504414,0.0827330475502918,0.6790109129763747,0.7368421052631579,0.3911541507375065,-0.0502581731424694,0.8784414594232232,0.1762844642544615,19,19,19,C000,raw,wf2023,S004_C000_wf2023,
202305,20,0.0625300352898579,0.067121944706605,0.9315885521967724,0.8,0.2211045525388918,0.0929611269329526,0.8555050983689693,0.1346918503669199,20,20,20,C000,raw,wf2023,S004_C000_wf2023,
202306,20,0.0433155034104501,0.0870854925505291,0.4973905772573706,0.8,0.1254888896021697,0.4534382502499231,0.8780739560247884,0.0915506814373944,20,20,20,C000,raw,wf2023,S004_C000_wf2023,
202307,21,0.0912594635578955,0.0632740032594377,1.4422900220760664,0.8571428571428571,0.2647496287307864,0.3490128417848398,0.8871322272495945,0.1497890058675158,21,21,21,C000,raw,wf2023,S004_C000_wf2023,
202308,23,0.0284541396690604,0.1091349433527816,0.2607243729176793,0.6086956521739131,0.0253907607210193,-0.3954834837195091,0.8755631692507605,0.0563299333087018,23,23,23,C000,raw,wf2023,S004_C000_wf2023,
202309,20,0.0141639685553983,0.0645671953382141,0.219367876848375,0.65,-0.1023605619964644,-0.207206114922143,0.8872351061379037,0.0087868869818488,20,20,20,C000,raw,wf2023,S004_C000_wf2023,
202310,17,0.0305214234936902,0.0697060326375134,0.4378591398596487,0.6470588235294118,0.0478456688750925,-0.028261727307656,0.8668571678010633,0.0665051197196848,17,17,17,C000,raw,wf2023,S004_C000_wf2023,
202311,22,0.0847780635685362,0.0851850781634187,0.9952219965790058,0.9090909090909092,0.3900259570509366,0.7812745788150721,0.9044585892375804,0.1795814357714214,22,22,22,C000,raw,wf2023,S004_C000_wf2023,
202312,21,0.0646341319309854,0.0593111439441829,1.0897468440637712,0.9047619047619048,0.3067771450728215,-0.0040932989340093,0.8702302152705651,0.1568177317130711,21,21,21,C000,raw,wf2023,S004_C000_wf2023,
202101,20,0.0719713829401135,0.0791705533458526,0.9090675749822046,0.8,0.3705751113825375,-0.681946411007693,0.0310517573679839,0.4306455593804115,20,20,19,C001,band,wf2021,S004_C001_wf2021,
202102,15,0.0743646687873467,0.076517628734938,0.9718632165791588,0.7333333333333333,0.1191973825841065,0.8865294785644976,0.0259476383872762,0.3577207907739878,15,15,15,C001,band,wf2021,S004_C001_wf2021,
202103,23,0.0836091668902046,0.0491916026679634,1.6996634050440491,0.9565217391304348,0.2675668216649076,0.2328311851225181,0.02133706473854,0.4073125938339921,23,23,23,C001,band,wf2021,S004_C001_wf2021,
202104,21,0.0610566021504099,0.0371411720230138,1.643906178097377,0.9523809523809524,0.1499340242394079,0.1496456489108742,0.0177050310112154,0.3640913388286216,21,21,21,C001,band,wf2021,S004_C001_wf2021,
202105,18,0.0650696098428979,0.046068940746798,1.4124398952546022,0.9444444444444444,0.3380375399643263,1.1102422710590862,0.0189284636963368,0.421760566817556,18,18,18,C001,band,wf2021,S004_C001_wf2021,
202106,21,0.0656754715615623,0.0493135086629721,1.3317947422969691,0.9523809523809524,0.3602316096601409,0.3486598996490372,0.0211464082009504,0.427995749062382,21,21,21,C001,band,wf2021,S004_C001_wf2021,
202107,22,0.0628298675211711,0.0454477545059299,1.3824636267337091,0.9545454545454546,0.3607443298570369,0.5449422524192478,0.0247917365163752,0.425917725010667,22,22,22,C001,band,wf2021,S004_C001_wf2021,
202108,22,0.0659275220685286,0.0568554502809231,1.1595638015841985,0.7727272727272727,0.0513088300910034,0.4486153150719882,0.0271839929496541,0.3336084599698162,22,22,22,C001,band,wf2021,S004_C001_wf2021,
202109,20,0.0596041072069008,0.0670461658053713,0.8890009815017005,0.8,0.1364468747751589,0.1330611630171691,0.023144162985105,0.3578324564197765,20,20,20,C001,band,wf2021,S004_C001_wf2021,
202110,16,0.0491331575644121,0.0430058229430887,1.1424768601552395,0.75,0.2875421066237613,-0.1499145064030738,0.0154135099370879,0.4012918420317669,16,16,16,C001,band,wf2021,S004_C001_wf2021,
202111,22,0.0791749236150346,0.0434106950738677,1.8238575420253091,0.9545454545454546,0.4237522744251899,1.4369988446728663,0.0213556735888575,0.4523889496969135,22,22,22,C001,band,wf2021,S004_C001_wf2021,
202112,23,0.0540228307423066,0.0488041116241428,1.1069319560276996,0.8260869565217391,-0.0915302460898083,0.2125548342448529,0.0171798109763459,0.2889961151770764,23,23,23,C001,band,wf2021,S004_C001_wf2021,
202201,19,0.099594278445021,0.0742713628137948,1.3409512720900665,0.9473684210526316,0.316990221964823,-0.9274003460031972,0.0166929202362853,0.4299269018965697,19,19,18,C001,band,wf2022,S004_C001_wf2022,
202202,16,0.08461224878809,0.0475926881353209,1.777841347131116,0.9375,0.1175544136859196,0.7320155385045262,0.0193633443498688,0.3633022203160512,16,16,16,C001,band,wf2022,S004_C001_wf2022,
202203,23,0.0630149345108169,0.0438157378797295,1.4381803790178662,0.9130434782608696,0.2721497769244649,-0.4216911163093223,0.018831281575472,0.4012015224090247,23,23,23,C001,band,wf2022,S004_C001_wf2022,
202204,19,0.0855021638852514,0.095832223571709,0.8922068245789185,0.8421052631578947,0.3754276311744404,-1.4942115987289175,0.0207364848702801,0.4406082094453486,19,19,19,C001,band,wf2022,S004_C001_wf2022,
202205,19,0.1128097084433028,0.0457437575431655,2.466122472270701,1.0,0.2888440334364014,1.408446131797182,0.0243856673913638,0.4244613931908324,19,19,19,C001,band,wf2022,S004_C001_wf2022,
202206,21,0.0905797965690001,0.0648149189708253,1.397514615574419,0.9523809523809524,0.1724420823295913,0.9301815231502512,0.0207553820603189,0.3817379287083817,21,21,21,C001,band,wf2022,S004_C001_wf2022,
202207,21,0.0753365527310778,0.0640205028193949,1.1767566547174118,0.8571428571428571,0.0451516674226853,0.3858660586756951,0.0194831936642183,0.3378351632199712,21,21,21,C001,band,wf2022,S004_C001_wf2022,
202208,23,0.0535639075424411,0.0842038515511698,0.636121822882305,0.7391304347826086,0.2210501878037767,-0.2100508972843401,0.0142361352028741,0.3834697787972472,23,23,23,C001,band,wf2022,S004_C001_wf2022,
202209,21,0.0557578971677789,0.0653769308790361,0.852868074687463,0.7619047619047619,0.1237176906163596,-1.126061467403508,0.0069067440148106,0.3573464428475763,21,21,21,C001,band,wf2022,S004_C001_wf2022,
202210,16,0.1028779708290637,0.0770761255398316,1.3347579436371395,0.9375,0.1782961753311588,1.2472356090503047,0.0147373662015355,0.3902188310705125,16,16,16,C001,band,wf2022,S004_C001_wf2022,
202211,22,0.0907527243916066,0.0837670431757786,1.0833941482352334,0.8181818181818182,0.0250991789209366,0.7108211735449973,0.0106479149744218,0.340636468940597,22,22,22,C001,band,wf2022,S004_C001_wf2022,
202212,22,0.0715470377008653,0.0657921545520707,1.0874706595030263,0.8181818181818182,0.1191970658874095,-0.1902437391595189,0.0079610869391069,0.3619896087648369,22,22,22,C001,band,wf2022,S004_C001_wf2022,
202301,16,0.0694778586615828,0.0530916613334902,1.308639754653076,0.875,0.3905980129768177,1.436137285681325,0.0134936854802046,0.440922441713617,16,16,15,C001,band,wf2023,S004_C001_wf2023,
202302,20,0.0994615671183506,0.0580229919709783,1.714175083699559,0.95,0.1649066267138298,0.4579181964773233,0.0102272237292091,0.3861884477427264,20,20,20,C001,band,wf2023,S004_C001_wf2023,
202303,23,0.0506223218190792,0.0644108824136048,0.7859280904430958,0.8695652173913043,-0.0161879862979837,-0.2020833900910535,0.0089856879416864,0.3126968264557306,23,23,23,C001,band,wf2023,S004_C001_wf2023,
202304,19,0.0412410612415799,0.0644249914797086,0.6401407325691187,0.7894736842105263,-0.0424112194055419,-0.4838235432855179,0.0131438221622191,0.2998299120263036,19,19,19,C001,band,wf2023,S004_C001_wf2023,
202305,20,0.063276259670797,0.050507239362859,1.2528156452226884,0.9,0.4226971423055408,0.2945537166996016,0.0114404747705086,0.4486875041288284,20,20,20,C001,band,wf2023,S004_C001_wf2023,
202306,20,0.041760902017892,0.065434597412098,0.6382082823080216,0.75,0.2983016282854053,0.6262509889331586,0.0212013637567944,0.39983444016574,20,20,20,C001,band,wf2023,S004_C001_wf2023,
202307,21,0.062174759208774,0.0545553020732544,1.139664832673614,0.8571428571428571,-0.2333076202557958,-0.1490444072017423,0.0079148043322723,0.2525031763070892,21,21,21,C001,band,wf2023,S004_C001_wf2023,
202308,23,0.023114947221525,0.0921340373042911,0.2508839067280134,0.5652173913043478,0.179864991626444,-0.2410092528140845,0.0073192056798403,0.3610097146725911,23,23,23,C001,band,wf2023,S004_C001_wf2023,
202309,20,0.0126565256908656,0.0487969355657917,0.2593713220741314,0.65,0.2233776218219411,0.1185320688962626,0.0083037730464667,0.3695847649089885,20,20,20,C001,band,wf2023,S004_C001_wf2023,
202310,17,0.0181981165882457,0.0621876846480433,0.2926321616770199,0.6470588235294118,-0.0187853328018835,-0.0948927289846319,0.0127038988814503,0.2978324771302981,17,17,17,C001,band,wf2023,S004_C001_wf2023,
202311,22,0.0706837626511104,0.0647081506506391,1.0923471300042835,0.8181818181818182,0.2592320760517513,0.6504806978158867,0.0088433342708364,0.4033901275947186,22,22,22,C001,band,wf2023,S004_C001_wf2023,
202312,21,0.0498876724393954,0.0518188655358979,0.9627318530320844,0.9047619047619048,0.0117218281745057,-0.299148615832325,0.0066930133830863,0.3214637134131839,21,21,21,C001,band,wf2023,S004_C001_wf2023,
202101,20,0.0724768377051026,0.0790179553599867,0.9172198568656406,0.8,0.3714001767051922,-0.6811213456850382,0.0321613418348742,0.4307623855431364,20,20,19,C002,band,wf2021,S004_C002_wf2021,
202102,15,0.0743976728339326,0.0771810461421894,0.9639370875703208,0.7333333333333333,0.1218338914017475,0.8891659873821384,0.0262284666961028,0.3584406965452664,15,15,15,C002,band,wf2021,S004_C002_wf2021,
202103,23,0.0840179923717522,0.0497144877395915,1.6900102201966778,0.9565217391304348,0.2681489243140859,0.2334132877716964,0.0217130833062684,0.4075379492510461,23,23,23,C002,band,wf2021,S004_C002_wf2021,
202104,21,0.0617432507677382,0.0370574804734108,1.6661481023255142,0.9523809523809524,0.1725259861126195,0.1722376107840857,0.0185190395384306,0.3708993842793519,21,21,21,C002,band,wf2021,S004_C002_wf2021,
202105,18,0.0665241746361459,0.0467500198330902,1.422976393885063,0.9444444444444444,0.3485399760242066,1.1207447071189662,0.0208329602425738,0.4249217745889482,18,18,18,C002,band,wf2021,S004_C002_wf2021,
202106,21,0.065007231479479,0.0485642720568652,1.338581404110417,0.9523809523809524,0.3387059381835704,0.3271342281724665,0.0219595904851374,0.4210267969013214,21,21,21,C002,band,wf2021,S004_C002_wf2021,
202107,22,0.0628751683037681,0.0451295304026089,1.393215655976187,0.9545454545454546,0.3663331832428079,0.5505311058050188,0.0278841316937873,0.4266847827862133,22,22,22,C002,band,wf2021,S004_C002_wf2021,
202108,22,0.0650255511320547,0.0578718412037931,1.1236129658130298,0.7727272727272727,0.0010420619647278,0.3983485469457123,0.028351896369202,0.3178172701314796,22,22,22,C002,band,wf2021,S004_C002_wf2021,
202109,20,0.0602832226903737,0.0661085615721374,0.911882232146177,0.8,0.1738549581917711,0.1704692464337813,0.023571252901344,0.3691984006632776,20,20,20,C002,band,wf2021,S004_C002_wf2021,
202110,16,0.0481168997116646,0.0413496416704492,1.1636594119762744,0.75,0.2637102724235658,-0.1737463406032693,0.0162277420938178,0.3934915189835902,16,16,16,C002,band,wf2021,S004_C002_wf2021,
202111,22,0.078376351311491,0.0445199163818943,1.7604784033998246,0.9545454545454546,0.381155742260849,1.394402312508526,0.0219340146022372,0.4391170588221799,22,22,22,C002,band,wf2021,S004_C002_wf2021,
202112,23,0.0556213797930996,0.0473831374411438,1.1738644335696165,0.8695652173913043,-0.0335957137447534,0.2704893665899078,0.0190412903324179,0.3064574506940884,23,23,23,C002,band,wf2021,S004_C002_wf2021,
202201,19,0.0993558376235792,0.0742135029384572,1.3387838289478369,0.9473684210526316,0.3185552021309618,-0.9258353658370588,0.017643069791954,0.430015974751134,19,19,18,C002,band,wf2022,S004_C002_wf2022,
202202,16,0.0845353739798917,0.0476102361787953,1.7755714057461889,0.9375,0.133631566301567,0.7480926911201734,0.0207050460157233,0.3676921056777098,16,16,16,C002,band,wf2022,S004_C002_wf2022,
202203,23,0.0633863158337699,0.0433780141482797,1.46125444141116,0.9130434782608696,0.2757903183898048,-0.4180505748439824,0.0192048851416091,0.4023301563079666,23,23,23,C002,band,wf2022,S004_C002_wf2022,
202204,19,0.0863559670285308,0.0962055561164686,0.8976193321307384,0.8421052631578947,0.3678687469337016,-1.5017704829696563,0.0220718075808882,0.4382814686172563,19,19,19,C002,band,wf2022,S004_C002_wf2022,
202205,19,0.1132827306647138,0.0457908837834154,2.4739144848246557,1.0,0.2909763136005657,1.4105784119613465,0.0246199150262702,0.4252200118381741,19,19,19,C002,band,wf2022,S004_C002_wf2022,
202206,21,0.091472199717574,0.0639856139988563,1.4295744621472106,0.9523809523809524,0.2035159362075146,0.9612553770281744,0.0209633048990478,0.3913546692795696,21,21,21,C002,band,wf2022,S004_C002_wf2022,
202207,21,0.0763884295759631,0.0627719137579571,1.216920514332415,0.8571428571428571,0.0716847705708544,0.4123991618238642,0.0202946858995377,0.3459723972317803,21,21,21,C002,band,wf2022,S004_C002_wf2022,
202208,23,0.0536498094733991,0.082617740074435,0.6493739652653655,0.7391304347826086,0.2168378359484427,-0.214263249139674,0.0153632056366358,0.3819023128829018,23,23,23,C002,band,wf2022,S004_C002_wf2022,
202209,21,0.0545040655718917,0.0659174896424647,0.8268528711806352,0.7619047619047619,0.1156149562774028,-1.134164201742465,0.0073194801784716,0.354290269058436,21,21,21,C002,band,wf2022,S004_C002_wf2022,
202210,16,0.1037969549487568,0.0768591053103049,1.3504835182467338,0.9375,0.2115804727359825,1.2805199064551285,0.0166080320229119,0.4000105141934239,16,16,16,C002,band,wf2022,S004_C002_wf2022,
202211,22,0.0908944819560182,0.0836757251569188,1.086270621324906,0.8181818181818182,0.0382284344086439,0.7239504290327048,0.0114334641631287,0.3443962838560618,22,22,22,C002,band,wf2022,S004_C002_wf2022,
202212,22,0.0710130448876115,0.0655701786077496,1.0830082576474584,0.8181818181818182,0.1347889136950739,-0.1746518913518544,0.0085499290696466,0.3662769133426727,22,22,22,C002,band,wf2022,S004_C002_wf2022,
202301,16,0.0701235230536862,0.052987451400527,1.3233986764834067,0.875,0.3838954157982144,1.429434688502722,0.0137929335773299,0.4390801538877398,16,16,15,C002,band,wf2023,S004_C002_wf2023,
202302,20,0.1003637955520991,0.0573830055408679,1.74901601277438,0.95,0.1682012627708078,0.4612128325343012,0.0125790559492934,0.3868321802672939,20,20,20,C002,band,wf2023,S004_C002_wf2023,
202303,23,0.0508922571775638,0.0640758956055283,0.7942496425000886,0.8695652173913043,-0.0111738523635045,-0.1970692561565742,0.0108448932198238,0.313751279196027,23,23,23,C002,band,wf2023,S004_C002_wf2023,
202304,19,0.0414064797426397,0.0640306859204116,0.6466661905528676,0.7894736842105263,-0.0490166028212173,-0.4904289267011932,0.0149330963783425,0.2973776821371879,19,19,19,C002,band,wf2023,S004_C002_wf2023,
202305,20,0.0631923422097909,0.0499463692198535,1.2652039216630817,0.9,0.4096853410789673,0.2815419154730281,0.0127259187040786,0.444364763596383,20,20,20,C002,band,wf2023,S004_C002_wf2023,
202306,20,0.0413378159807324,0.0667832930534801,0.6189843910157155,0.75,0.2610161819618858,0.588965542609639,0.0228880184520886,0.3879735754452321,20,20,20,C002,band,wf2023,S004_C002_wf2023,
202307,21,0.062810213202063,0.053734845693842,1.1688916640782498,0.8571428571428571,-0.2037648180703523,-0.1195016050162989,0.0122040337025086,0.2603334297489669,21,21,21,C002,band,wf2023,S004_C002_wf2023,
202308,23,0.0220119531973864,0.0919984719312517,0.2392643348884686,0.5652173913043478,0.2105600115369207,-0.2103142329036077,0.0108602167283255,0.3687147197215331,23,23,23,C002,band,wf2023,S004_C002_wf2023,
202309,20,0.0126508145373987,0.0469019189627862,0.269729145782636,0.6,0.2424348477048008,0.1375892947791222,0.0091596586215823,0.375042882539925,20,20,20,C002,band,wf2023,S004_C002_wf2023,
202310,17,0.0189809240918487,0.0625117413267909,0.3036377437099797,0.7058823529411765,-0.002661437525079,-0.0787688337078274,0.0142224810153154,0.3025271940746211,17,17,17,C002,band,wf2023,S004_C002_wf2023,
202311,22,0.0698715248863543,0.0629183805962098,1.1105105411845797,0.8181818181818182,0.2632920475105686,0.654540669274704,0.0094300488184681,0.4041072095621718,22,22,22,C002,band,wf2023,S004_C002_wf2023,
202312,21,0.0496798060361384,0.0509669873518037,0.9747448028116628,0.9047619047619048,-0.0015129381748787,-0.3123833821817097,0.0075098190074065,0.3171650952597697,21,21,21,C002,band,wf2023,S004_C002_wf2023,
202101,20,0.0724564737716198,0.0789703663780842,0.9175147222278544,0.8,0.3566899769717981,-0.6958315454184325,0.0339471976798728,0.4258054232962255,20,20,19,C003,band,wf2021,S004_C003_wf2021,
202102,15,0.0753862315638591,0.0762405274191781,0.9887947278929222,0.7333333333333333,0.1336492636677591,0.9009813596481498,0.029914015930596,0.3612750669466925,15,15,15,C003,band,wf2021,S004_C003_wf2021,
202103,23,0.0841505939926362,0.0499914377175686,1.6833001376766372,0.9565217391304348,0.2820751578939131,0.2473395213515235,0.0239390090463069,0.4111010822513363,23,23,23,C003,band,wf2021,S004_C003_wf2021,
202104,21,0.0606242234976627,0.0368724390690655,1.644160924209756,0.9523809523809524,0.1192510662144717,0.1189626908859379,0.0193324443636998,0.3542252759542966,21,21,21,C003,band,wf2021,S004_C003_wf2021,
202105,18,0.066764512913376,0.0472632679406117,1.4126088995214714,0.9444444444444444,0.3508894416722822,1.1230941727670416,0.0239197230493021,0.4247967207522444,18,18,18,C003,band,wf2021,S004_C003_wf2021,
202106,21,0.066286007245015,0.0480736850862948,1.378841815975372,0.9523809523809524,0.3690298240006842,0.3574581139895804,0.0244063812884298,0.4299014357116822,21,21,21,C003,band,wf2021,S004_C003_wf2021,
202107,22,0.0631825428053224,0.0447239671839964,1.412722233369561,0.9545454545454546,0.3683660184369161,0.5525639409991271,0.0311760139779743,0.4264300184598115,22,22,22,C003,band,wf2021,S004_C003_wf2021,
202108,22,0.0658374009909104,0.0571086113166332,1.1528454198593838,0.8181818181818182,0.0466610841247363,0.4439675691057207,0.0298937265120789,0.3313651676801614,22,22,22,C003,band,wf2021,S004_C003_wf2021,
202109,20,0.0604530100909011,0.0661369909682093,0.914057461730602,0.8,0.1330287232532759,0.1296430114952861,0.0237556119203614,0.3569631374362347,20,20,20,C003,band,wf2021,S004_C003_wf2021,
202110,16,0.04974948717043,0.0422081560658858,1.178669996689084,0.8125,0.3008424189386625,-0.1366141940881725,0.0191604291919093,0.4044043917921979,16,16,16,C003,band,wf2021,S004_C003_wf2021,
202111,22,0.0792586879707766,0.0448114447337762,1.768715301228306,0.9545454545454546,0.4287090387855078,1.4419556090331849,0.0260101551734123,0.4525131402719393,22,22,22,C003,band,wf2021,S004_C003_wf2021,
202112,23,0.0543820932962412,0.0506702551419209,1.0732547752902362,0.8695652173913043,-0.0720390389804023,0.2320460413542588,0.0208947341740165,0.2938727053721708,23,23,23,C003,band,wf2021,S004_C003_wf2021,
202201,19,0.0993741258041249,0.0742197002852503,1.3389184464798154,0.9473684210526316,0.3105053682279555,-0.9338851997400648,0.0200185937172501,0.4268956826748615,19,19,18,C003,band,wf2022,S004_C003_wf2022,
202202,16,0.0841825958287362,0.0477137055061894,1.7643273549109717,0.9375,0.1338509027942926,0.748312027612899,0.0220412388119038,0.3672159375262111,16,16,16,C003,band,wf2022,S004_C003_wf2022,
202203,23,0.0619518715404003,0.0435214724114665,1.4234782995089574,0.9130434782608696,0.2333839448402368,-0.4604569483935502,0.0203190027195977,0.3887002312523518,23,23,23,C003,band,wf2022,S004_C003_wf2022,
202204,19,0.0866490154595609,0.0975018312458921,0.8886911594618033,0.8421052631578947,0.3759495120125519,-1.493689717890806,0.0232087247737035,0.4404818423554789,19,19,19,C003,band,wf2022,S004_C003_wf2022,
202205,19,0.1125775882096983,0.0454239684828902,2.478374126472518,1.0,0.2742309259688076,1.393833024329588,0.0261900339457472,0.4194433028907974,19,19,19,C003,band,wf2022,S004_C003_wf2022,
202206,21,0.0913886959718996,0.0640827097164571,1.4261053625269835,0.9523809523809524,0.1728861368988867,0.9306255777195463,0.0207557989440395,0.382194579775214,21,21,21,C003,band,wf2022,S004_C003_wf2022,
202207,21,0.076022777402594,0.064529124392954,1.1781157441351402,0.8571428571428571,0.0411232670481666,0.3818376583011763,0.0206875844183881,0.3365398157499711,21,21,21,C003,band,wf2022,S004_C003_wf2022,
202208,23,0.0535165766136521,0.0827672853789477,0.6465909370910009,0.7391304347826086,0.2326956005062498,-0.1984054845818672,0.018345721870586,0.3857115942361599,23,23,23,C003,band,wf2022,S004_C003_wf2022,
202209,21,0.0538287868829313,0.0655612489450097,0.8210457816031059,0.7619047619047619,0.1394187806473325,-1.1103603773725352,0.0085481006806957,0.3607927187431635,21,21,21,C003,band,wf2022,S004_C003_wf2022,
202210,16,0.1048823586698708,0.0763301223250683,1.3740624995097812,0.9375,0.2522387364092529,1.3211781701283989,0.0206041940880928,0.4114433061642963,16,16,16,C003,band,wf2022,S004_C003_wf2022,
202211,22,0.0916337773401998,0.0826623470233349,1.1085310378899886,0.8181818181818182,0.0538782975636336,0.7396002921876942,0.0139751116243194,0.3486244667178741,22,22,22,C003,band,wf2022,S004_C003_wf2022,
202212,22,0.0716215048181156,0.0668335182156309,1.071640499113585,0.7727272727272727,0.1579322947278669,-0.1515085103190614,0.009728855586947,0.3731096336695222,22,22,22,C003,band,wf2022,S004_C003_wf2022,
202301,16,0.0700026912674144,0.0527504416945304,1.3270541254002972,0.875,0.3793236919070266,1.4248629646115345,0.0163308009349207,0.4368989437985975,16,16,15,C003,band,wf2023,S004_C003_wf2023,
202302,20,0.1008409899306609,0.0575667334217921,1.7517233293714574,0.95,0.1568502758468758,0.4498618456103691,0.0164036687472366,0.3824703781021561,20,20,20,C003,band,wf2023,S004_C003_wf2023,
202303,23,0.0513818562354567,0.064047631513248,0.8022444393564904,0.8695652173913043,-0.0228146509973462,-0.208710054790416,0.0123338580092665,0.3100081897921988,23,23,23,C003,band,wf2023,S004_C003_wf2023,
202304,19,0.0422952379952775,0.0662820272017802,0.6381102054485986,0.7894736842105263,-0.0851603475258341,-0.5265726714058102,0.019396144967961,0.2855511474499724,19,19,19,C003,band,wf2023,S004_C003_wf2023,
202305,20,0.0614725702728174,0.0473030051333373,1.2995489419655055,0.9,0.3393530339845858,0.2112096083786467,0.0146461349452397,0.4220010978209308,20,20,20,C003,band,wf2023,S004_C003_wf2023,
202306,20,0.040750269661445,0.0665121686141941,0.6126738987841203,0.75,0.2441239051310028,0.5720732657787563,0.0241436379173439,0.3822941880286757,20,20,20,C003,band,wf2023,S004_C003_wf2023,
202307,21,0.0634677774579198,0.0522007706798787,1.2158398550691132,0.8571428571428571,-0.2035321776874629,-0.1192689646334094,0.0138332064807581,0.2601774957327016,21,21,21,C003,band,wf2023,S004_C003_wf2023,
202308,23,0.0234028062469679,0.0920739923279581,0.2541739057388706,0.6086956521739131,0.1923305063222115,-0.2285437381183172,0.0130812815142467,0.3631358899411766,23,23,23,C003,band,wf2023,S004_C003_wf2023,
202309,20,0.0129330650775476,0.0486096595748576,0.266059569037529,0.7,0.2332219651073374,0.1283764121816588,0.0140821184609211,0.3709151800249439,20,20,20,C003,band,wf2023,S004_C003_wf2023,
202310,17,0.0183378172329911,0.0632887369715857,0.2897485099319349,0.7058823529411765,-0.0936022539581165,-0.1697096501408649,0.0164832002229642,0.2743094906388722,17,17,17,C003,band,wf2023,S004_C003_wf2023,
202311,22,0.0703619434911736,0.0626727838453453,1.1226873799766497,0.8181818181818182,0.2684260107360539,0.6596746325001893,0.0139060111951338,0.4045007772587454,22,22,22,C003,band,wf2023,S004_C003_wf2023,
202312,21,0.0498285567230618,0.0489224711570195,1.0185208462412736,0.8571428571428571,0.0336395543246027,-0.277230889682228,0.0109785944190714,0.3267297106608841,21,21,21,C003,band,wf2023,S004_C003_wf2023,
202101,20,0.071984519183638,0.0791741406135766,0.909192302256506,0.8,0.3617857940524216,-0.6907357283378092,0.042137281833011,0.4246883613392784,20,20,19,C004,band,wf2021,S004_C004_wf2021,
202102,15,0.0757631757515381,0.0764646240641469,0.99082649890464,0.8,0.1998975686824506,0.9672296646628418,0.0341574073388304,0.3800273187037013,15,15,15,C004,band,wf2021,S004_C004_wf2021,
202103,23,0.0857940588172681,0.0490999478289139,1.7473350300943884,0.9565217391304348,0.3216220321425302,0.2868863956001407,0.0291214525869641,0.4220677973935771,23,23,23,C004,band,wf2021,S004_C004_wf2021,
202104,21,0.0608486061491694,0.0371312785453835,1.6387425516414034,0.9523809523809524,0.1637168471188321,0.1634284717902984,0.0248384955240857,0.3660029479380917,21,21,21,C004,band,wf2021,S004_C004_wf2021,
202105,18,0.0663932470155364,0.0458466998864979,1.4481576030533343,0.9444444444444444,0.2920743782444345,1.064279109339194,0.0267333476030087,0.4061596079986423,18,18,18,C004,band,wf2021,S004_C004_wf2021,
202106,21,0.0677522204885255,0.0464077606974245,1.4599329825514635,0.9523809523809524,0.3783666220245764,0.3667949120134724,0.0292837384279326,0.4318257532744033,21,21,21,C004,band,wf2021,S004_C004_wf2021,
202107,22,0.0613818077923157,0.0436346231070215,1.4067225386997408,0.9545454545454546,0.3087524522876448,0.492950374849856,0.037689476661689,0.405871615804713,22,22,22,C004,band,wf2021,S004_C004_wf2021,
202108,22,0.0679554782772252,0.0579838526461229,1.1719724574349923,0.7727272727272727,0.0548114826683251,0.4521179676493095,0.0347160009898067,0.3332108358144456,22,22,22,C004,band,wf2021,S004_C004_wf2021,
202109,20,0.0622859970551245,0.0665549167330271,0.9358586880211036,0.75,0.1199146036364675,0.1165288918784778,0.0290794457556913,0.3521649461862827,20,20,20,C004,band,wf2021,S004_C004_wf2021,
202110,16,0.0475401349914733,0.0405090293022741,1.1735688514462723,0.8125,0.1841837154861559,-0.2532728975406793,0.0252882524378272,0.3666846929110879,16,16,16,C004,band,wf2021,S004_C004_wf2021,
202111,22,0.0803766425711015,0.0474495925686071,1.6939374654247117,0.9090909090909092,0.3452310737409801,1.3584776439886574,0.0289392920656963,0.4270381915310257,22,22,22,C004,band,wf2021,S004_C004_wf2021,
202112,23,0.0583937028852311,0.0510706722688553,1.1433901354935088,0.8695652173913043,0.0112454586601938,0.315330538994855,0.0236914894797739,0.3196236719082184,23,23,23,C004,band,wf2021,S004_C004_wf2021,
202201,19,0.0999258114342783,0.0741441305777423,1.3477238273028662,0.9473684210526316,0.3175549329299971,-0.9268356350380236,0.0228692993503002,0.4283760146476204,19,19,18,C004,band,wf2022,S004_C004_wf2022,
202202,16,0.0845937553084807,0.0474002591429222,1.7846686249839234,0.9375,0.1475542031232497,0.7620153279418561,0.0241774802168743,0.3708505189953048,16,16,16,C004,band,wf2022,S004_C004_wf2022,
202203,23,0.0621026147328518,0.0439958780203536,1.4115552985241395,0.9130434782608696,0.2427650628668509,-0.4510758303669362,0.0234748418658898,0.390628112193429,23,23,23,C004,band,wf2022,S004_C004_wf2022,
202204,19,0.0866229888551862,0.0988169986684702,0.8766000791605222,0.8421052631578947,0.3608351263975914,-1.5088041035057669,0.0265783137073095,0.434926239349159,19,19,19,C004,band,wf2022,S004_C004_wf2022,
202205,19,0.1129405059541048,0.0465080262683031,2.4284089224202954,1.0,0.2829333247004504,1.402535423061231,0.0293424498117294,0.4212534648482582,19,19,19,C004,band,wf2022,S004_C004_wf2022,
202206,21,0.0906420366196814,0.0635676610015211,1.4259142965400669,0.9523809523809524,0.19815198010943,0.9558914209300896,0.0260445522085937,0.3878890430181234,21,21,21,C004,band,wf2022,S004_C004_wf2022,
202207,21,0.0750958468203432,0.064129327955277,1.1710062964126826,0.8571428571428571,0.0145779532718632,0.355292344524873,0.0255682053477025,0.3267412631053855,21,21,21,C004,band,wf2022,S004_C004_wf2022,
202208,23,0.0538423414665437,0.0849584408321309,0.6337491712322099,0.7391304347826086,0.2023891421461088,-0.2287119429420081,0.0216853511029686,0.3757480738995595,23,23,23,C004,band,wf2022,S004_C004_wf2022,
202209,21,0.0545156275649908,0.0654455126889347,0.8329925968202875,0.7619047619047619,0.1285351248476623,-1.121244033172205,0.0132448150565213,0.3563933439633386,21,21,21,C004,band,wf2022,S004_C004_wf2022,
202210,16,0.1047445668937862,0.0754727562249682,1.3878460537676005,0.9375,0.2647381660291245,1.3336775997482704,0.0264380747545917,0.4133878541398742,16,16,16,C004,band,wf2022,S004_C004_wf2022,
202211,22,0.0929351119860614,0.0811035361061442,1.1458823677482155,0.8181818181818182,0.0844896701485497,0.7702116647726105,0.0188492701073737,0.3568661648067773,22,22,22,C004,band,wf2022,S004_C004_wf2022,
202212,22,0.0707821596174835,0.0671627981234875,1.0538893791670396,0.8181818181818182,0.1407804942928568,-0.1686603107540717,0.0146020912819716,0.3661663847502589,22,22,22,C004,band,wf2022,S004_C004_wf2022,
202301,16,0.0697114034180288,0.0525133816057999,1.327497892657694,0.875,0.3653291603333601,1.4108684330378676,0.0225763081427607,0.4307104170243913,16,16,15,C004,band,wf2023,S004_C004_wf2023,
202302,20,0.1013700705228251,0.0563013279773015,1.8004916431756908,0.95,0.1616882746440294,0.4546998444075227,0.0221220884284072,0.3824178840738167,20,20,20,C004,band,wf2023,S004_C004_wf2023,
202303,23,0.0529689592691168,0.0621484533828059,0.8522973040511942,0.8695652173913043,-0.0023538885509507,-0.1882492923440204,0.0184233828124934,0.3149544022986135,23,23,23,C004,band,wf2023,S004_C004_wf2023,
202304,19,0.0428802289878596,0.0663904535468252,0.6458794404472054,0.7894736842105263,-0.0861765536364046,-0.5275888775163806,0.0278576812065589,0.2829418211422548,19,19,19,C004,band,wf2023,S004_C004_wf2023,
202305,20,0.0628092315734326,0.0487667745460484,1.2879513184560625,0.9,0.3741220335083525,0.2459786079024134,0.0231859513887002,0.4304045172652687,20,20,20,C004,band,wf2023,S004_C004_wf2023,
202306,20,0.0397116840792709,0.068090707388173,0.5832173816741494,0.75,0.2384998527248478,0.5664492133726012,0.0309140128802515,0.3781604255850873,20,20,20,C004,band,wf2023,S004_C004_wf2023,
202307,21,0.0679322830121201,0.0520448660532624,1.30526386488532,0.8571428571428571,-0.1383531313713126,-0.0540899183172592,0.0172917598863695,0.2804794458275433,21,21,21,C004,band,wf2023,S004_C004_wf2023,
202308,23,0.0213240188100879,0.0936275680127705,0.2277536334937102,0.5217391304347826,0.0929681235168521,-0.3279061209236764,0.0169872878215078,0.3313238582326384,23,23,23,C004,band,wf2023,S004_C004_wf2023,
202309,20,0.0147842641913391,0.0480288233220847,0.3078206620261096,0.65,0.2821015657038605,0.177256012778182,0.0183500512783443,0.3850391600041905,20,20,20,C004,band,wf2023,S004_C004_wf2023,
202310,17,0.0198869921633523,0.0620963841152568,0.3202600674209988,0.7058823529411765,-0.0681571030757066,-0.1442644992584551,0.0210083116669608,0.2812051724425407,17,17,17,C004,band,wf2023,S004_C004_wf2023,
202311,22,0.0685318077878606,0.064860712809389,1.056599670578091,0.8181818181818182,0.15868640957169,0.5499350313358253,0.0174122092993105,0.3697949831968581,22,22,22,C004,band,wf2023,S004_C004_wf2023,
202312,21,0.0503743682828832,0.046829552291866,1.0756961324106633,0.9047619047619048,0.0098509051190501,-0.3010195388877807,0.0152489406582304,0.3185303366513992,21,21,21,C004,band,wf2023,S004_C004_wf2023,
202101,20,0.0740572090601102,0.0817914648423687,0.905439329187169,0.85,0.4089498011451905,-0.64357172124504,0.0569254273463093,0.4352301957637084,20,20,19,C005,band,wf2021,S004_C005_wf2021,
202102,15,0.0784871635727763,0.0797475045263287,0.9841958571489056,0.8,0.2519346679717201,1.0192667639521111,0.0475385865610531,0.3927136898523106,15,15,15,C005,band,wf2021,S004_C005_wf2021,
202103,23,0.0891153592883336,0.0521807543197018,1.7078204493239084,0.9565217391304348,0.3134714629482522,0.2787358264058627,0.0392124262503548,0.4179238547247027,23,23,23,C005,band,wf2021,S004_C005_wf2021,
202104,21,0.0611034374905573,0.0353436005095616,1.7288402033071562,0.9523809523809524,0.1693469113150981,0.1690585359865643,0.0389236322634131,0.3635683587117284,21,21,21,C005,band,wf2021,S004_C005_wf2021,
202105,18,0.0653936882015389,0.0439842035043534,1.4867539478137064,0.9444444444444444,0.2966247863689628,1.0688295174637226,0.0391934484153213,0.403386876666708,18,18,18,C005,band,wf2021,S004_C005_wf2021,
202106,21,0.0695559635379828,0.0455087025116965,1.5284101655085798,0.9523809523809524,0.3551530224559225,0.3435813124448187,0.0377421425777693,0.4230456493786391,21,21,21,C005,band,wf2021,S004_C005_wf2021,
202107,22,0.0596435744247959,0.0435218986032177,1.3704267584591605,0.9545454545454546,0.2074243348007261,0.3916222573629371,0.0470415064281812,0.3719722782816818,22,22,22,C005,band,wf2021,S004_C005_wf2021,
202108,22,0.0691046161942136,0.0586456166922417,1.1783423909899042,0.7727272727272727,0.0655185573279739,0.4628250423089585,0.0454103256041776,0.3336743159948243,22,22,22,C005,band,wf2021,S004_C005_wf2021,
202109,20,0.064605878027299,0.0659483199459597,0.9796440315725896,0.8,0.145249815854624,0.1418641040966342,0.0352485167384705,0.3588427409457656,20,20,20,C005,band,wf2021,S004_C005_wf2021,
202110,16,0.0500748907691389,0.0403077313696821,1.2423147884428776,0.875,0.2697415842255999,-0.1677150288012353,0.0384926157933406,0.3894046468373334,16,16,16,C005,band,wf2021,S004_C005_wf2021,
202111,22,0.0788698471942707,0.0492729236178884,1.600673177136929,0.9090909090909092,0.289460279792521,1.302706850040198,0.033943415749635,0.408202998090574,22,22,22,C005,band,wf2021,S004_C005_wf2021,
202112,23,0.0620252225031143,0.0504123263832193,1.2303582665798294,0.9130434782608696,0.1030888308542113,0.4071739111888725,0.0333047791561126,0.3457453045106753,23,23,23,C005,band,wf2021,S004_C005_wf2021,
202201,19,0.0995227803816925,0.0745975284610264,1.3341297283553877,0.9473684210526316,0.3449654502869173,-0.899425117681103,0.0343305266796364,0.4329995892348612,19,19,18,C005,band,wf2022,S004_C005_wf2022,
202202,16,0.0861977707939999,0.0472861777413782,1.8228957152223293,0.9375,0.2768794982457386,0.8913406230643448,0.0387105607728025,0.4059297895594808,16,16,16,C005,band,wf2022,S004_C005_wf2022,
202203,23,0.0608632708623037,0.0462760745870064,1.3152211246412235,0.9130434782608696,0.2057165144519208,-0.488124378781866,0.0341813261918911,0.3758058648229304,23,23,23,C005,band,wf2022,S004_C005_wf2022,
202204,19,0.0856326321468608,0.1023494763868428,0.8366689813165373,0.8421052631578947,0.3646217913787866,-1.5050174385245716,0.0356860723463125,0.4329337685684865,19,19,19,C005,band,wf2022,S004_C005_wf2022,
202205,19,0.1167111249802789,0.0478321263034235,2.440015403871468,1.0,0.3115494143648297,1.4311515127256105,0.0369470450192385,0.4290651607957889,19,19,19,C005,band,wf2022,S004_C005_wf2022,
202206,21,0.091191415310345,0.0619137967882211,1.4728771298305177,0.9523809523809524,0.2085431280012044,0.966282568821864,0.0377768199349551,0.3877064585440127,21,21,21,C005,band,wf2022,S004_C005_wf2022,
202207,21,0.075815140124146,0.0629099312762779,1.2051378627516391,0.8571428571428571,0.0286765776758715,0.3693909689288812,0.0340228332107384,0.3287221793891983,21,21,21,C005,band,wf2022,S004_C005_wf2022,
202208,23,0.0578470753781114,0.0864989079397155,0.6687607595974201,0.782608695652174,0.2444881626981815,-0.1866129223899354,0.0331136218697992,0.3865511923997592,23,23,23,C005,band,wf2022,S004_C005_wf2022,
202209,21,0.0542186155491325,0.0664442589389275,0.8160015088582411,0.7619047619047619,0.0926297407897296,-1.157149417230138,0.0223819021394362,0.342761797814741,21,21,21,C005,band,wf2022,S004_C005_wf2022,
202210,16,0.1103648116780821,0.0755165377363115,1.461465461558284,0.9375,0.3628371147626943,1.43177654848184,0.035408921021582,0.4423743827935665,16,16,16,C005,band,wf2022,S004_C005_wf2022,
202211,22,0.0955404184040746,0.0824374559902668,1.1589442839594024,0.8181818181818182,0.1716821806352133,0.8574041752592743,0.031403725595486,0.380299703873548,22,22,22,C005,band,wf2022,S004_C005_wf2022,
202212,22,0.0728411589408378,0.0679925755269133,1.071310483186585,0.8181818181818182,0.1946734113530527,-0.1147673936938757,0.0288986907898438,0.3788688797452978,22,22,22,C005,band,wf2022,S004_C005_wf2022,
202301,16,0.0696269737415484,0.0534953280470588,1.3015524211815062,0.875,0.3834734555623112,1.4290127282668186,0.0375057322748514,0.4316411064828573,16,16,15,C005,band,wf2023,S004_C005_wf2023,
202302,20,0.102909030072842,0.0563659279768638,1.8257311423149525,0.95,0.1710272665722406,0.4640388363357341,0.0328975017575483,0.3826025414735445,20,20,20,C005,band,wf2023,S004_C005_wf2023,
202303,23,0.0556837676038967,0.0655002312960001,0.850130854534817,0.8695652173913043,-0.0158535735045661,-0.2017489772976358,0.0308837510678486,0.3082523096698343,23,23,23,C005,band,wf2023,S004_C005_wf2023,
202304,19,0.0432243599870554,0.0669170551590005,0.6459393630570079,0.8421052631578947,-0.0721723346631676,-0.5135846585431436,0.042154601334182,0.2829916631956172,19,19,19,C005,band,wf2023,S004_C005_wf2023,
202305,20,0.0605519949911779,0.050229630614126,1.205503489690186,0.9,0.3540192166869654,0.2258757910810264,0.0377152909795898,0.4191119757086838,20,20,20,C005,band,wf2023,S004_C005_wf2023,
202306,20,0.0399822592658232,0.06943957199242,0.5757849324040717,0.75,0.1875628378524492,0.5155121985002027,0.0409740976458321,0.3599695257683144,20,20,20,C005,band,wf2023,S004_C005_wf2023,
202307,21,0.0719232122365602,0.0508505327660709,1.414404300687084,0.8571428571428571,-0.0766619146180563,0.0076012984359971,0.025783216470999,0.2980357455679074,21,21,21,C005,band,wf2023,S004_C005_wf2023,
202308,23,0.0245775482634149,0.0934803372336827,0.2629167693519955,0.6086956521739131,0.1241041555416269,-0.2967700888989016,0.0265406376064215,0.3391000746859275,23,23,23,C005,band,wf2023,S004_C005_wf2023,
202309,20,0.0160530489252387,0.0499734873301647,0.3212313124993566,0.65,0.2025699697136669,0.0977244167879883,0.029777630644065,0.358258921290976,20,20,20,C005,band,wf2023,S004_C005_wf2023,
202310,17,0.0198281815989732,0.0610899236648476,0.3245736843240278,0.7058823529411765,-0.101306176095106,-0.1774135722778545,0.0314765726455957,0.2680964480173787,17,17,17,C005,band,wf2023,S004_C005_wf2023,
202311,22,0.0703956836880963,0.0647876704845276,1.0865598834103474,0.8181818181818182,0.1706552898971579,0.5619039116612934,0.0316605867519007,0.3698566844188157,22,22,22,C005,band,wf2023,S004_C005_wf2023,
202312,21,0.0500912782529823,0.0445224231331799,1.1250797851488084,0.9047619047619048,0.0095898373990466,-0.3012806066077841,0.0267456824574168,0.3148897577836819,21,21,21,C005,band,wf2023,S004_C005_wf2023,
202101,20,0.0758600447802002,0.0824085399388611,0.9205362070057396,0.85,0.5499464695804618,-0.5025750528097688,0.1079754886912655,0.462935312178839,20,20,19,C006,band,wf2021,S004_C006_wf2021,
202102,15,0.0829466003575757,0.0850999354468824,0.9746963957375656,0.8,0.2799171957075821,1.0472492916879734,0.0934822162049612,0.3891091339938166,15,15,15,C006,band,wf2021,S004_C006_wf2021,
202103,23,0.0901605996000359,0.0563659953179535,1.5995565959840017,0.9565217391304348,0.3182654802930577,0.2835298437506682,0.0816555246032297,0.4070472265469627,23,23,23,C006,band,wf2021,S004_C006_wf2021,
202104,21,0.066366650641389,0.0397069059866344,1.6714132968136188,0.9523809523809524,0.3128580695870924,0.3125696942585586,0.0820173894825749,0.3957988642879108,21,21,21,C006,band,wf2021,S004_C006_wf2021,
202105,18,0.0694469724972951,0.0426446509159801,1.6285037163071585,1.0,0.3209117444084036,1.0931164755031637,0.0819512578783983,0.3994669349579196,18,18,18,C006,band,wf2021,S004_C006_wf2021,
202106,21,0.0724456381114568,0.0515864072394512,1.4043551778122905,0.9047619047619048,0.4046216956360967,0.3930499856249929,0.0806589688492158,0.4261670732806469,21,21,21,C006,band,wf2021,S004_C006_wf2021,
202107,22,0.0625269363457641,0.0449965656803631,1.3895935256465892,0.9090909090909092,0.2746858382269877,0.4588837607891985,0.0870425470880547,0.3813037618799855,22,22,22,C006,band,wf2021,S004_C006_wf2021,
202108,22,0.0700725855191203,0.0597305724350625,1.1731443825572117,0.8181818181818182,0.1676169847640098,0.5649234697449941,0.0796056940974959,0.3544324214076023,22,22,22,C006,band,wf2021,S004_C006_wf2021,
202109,20,0.0683536022865956,0.0668795222544121,1.0220408277824724,0.8,0.1513227001018895,0.1479369883438999,0.0689784621801827,0.3520447122911503,20,20,20,C006,band,wf2021,S004_C006_wf2021,
202110,16,0.0492162313543734,0.0443709737703161,1.1091988111222997,0.75,0.1627436372129867,-0.2747129758138484,0.0782456749423763,0.3450358812229325,16,16,16,C006,band,wf2021,S004_C006_wf2021,
202111,22,0.0799600469310501,0.0488418001688943,1.6371232561975448,0.9090909090909092,0.1479043584823781,1.1611509287300554,0.0610110693978223,0.3580520054977867,22,22,22,C006,band,wf2021,S004_C006_wf2021,
202112,23,0.0668704996001058,0.0542989418330991,1.2315249126888774,0.8695652173913043,0.1382795948398277,0.4423646751744889,0.0758169845216195,0.3454869829355048,23,23,23,C006,band,wf2021,S004_C006_wf2021,
202201,19,0.0993469840260184,0.0766365911490373,1.2963387663318109,0.9473684210526316,0.3036881923200912,-0.9407023756479292,0.0705657438177781,0.4096755281611013,19,19,18,C006,band,wf2022,S004_C006_wf2022,
202202,16,0.0874275913273996,0.0519404200945546,1.6832284214922133,0.9375,0.294113455487552,0.9085745803061585,0.0807416503032188,0.3989825780862598,16,16,16,C006,band,wf2022,S004_C006_wf2022,
202203,23,0.0585995264958338,0.0568233255544665,1.0312583067610983,0.9130434782608696,0.1410633057114001,-0.552777587522387,0.0707428227189513,0.3445359554960681,23,23,23,C006,band,wf2022,S004_C006_wf2022,
202204,19,0.0807042843190108,0.1112626906141006,0.7253490264667657,0.7894736842105263,0.1618852677565728,-1.7077539621467854,0.0633106116569857,0.3618541105574804,19,19,19,C006,band,wf2022,S004_C006_wf2022,
202205,19,0.1198316495900692,0.0523280570454296,2.290007624132401,1.0,0.403972891794023,1.5235749901548037,0.0598040960236681,0.4511832985671342,19,19,19,C006,band,wf2022,S004_C006_wf2022,
202206,21,0.0940555302580948,0.0623596389753825,1.5082757341687747,0.9523809523809524,0.2579679784020948,1.0157074192227546,0.0677513900379029,0.3946871886124954,21,21,21,C006,band,wf2022,S004_C006_wf2022,
202207,21,0.0791331352735993,0.0682471972646406,1.1595074734973598,0.8571428571428571,0.1203966174842228,0.4611110087372326,0.0641329261298946,0.3485323615157382,21,21,21,C006,band,wf2022,S004_C006_wf2022,
202208,23,0.0545864774981506,0.083298298397764,0.6553132362619295,0.7391304347826086,0.2138214673612594,-0.2172796177268576,0.0664955667043116,0.3660323611963445,23,23,23,C006,band,wf2022,S004_C006_wf2022,
202209,21,0.0521865180131271,0.0676851679325524,0.7710185201155214,0.7619047619047619,0.0731011150109204,-1.1766780430089472,0.0696828481733168,0.3219000872565319,21,21,21,C006,band,wf2022,S004_C006_wf2022,
202210,16,0.1135760899916751,0.0832852008713133,1.363700739188529,0.9375,0.357837099741336,1.4267765334604816,0.0743517081167775,0.4304760534840376,16,16,16,C006,band,wf2022,S004_C006_wf2022,
202211,22,0.1014766603871326,0.0878035322795221,1.155724123536194,0.8181818181818182,0.3475792985186671,1.0333012931427277,0.0639002521286945,0.4256943780718448,22,22,22,C006,band,wf2022,S004_C006_wf2022,
202212,22,0.0734658225515758,0.0704834025104272,1.042313792111659,0.7727272727272727,0.2176069760395666,-0.0918338290073618,0.0683659013612854,0.3741586514241146,22,22,22,C006,band,wf2022,S004_C006_wf2022,
202301,16,0.0699494807301107,0.0561242484487304,1.2463326042398537,0.875,0.3020454737093148,1.3475847464138222,0.0796736759734886,0.3946913316127921,16,16,15,C006,band,wf2023,S004_C006_wf2023,
202302,20,0.1046664441998546,0.0567691536845622,1.843720355273106,0.95,0.2646473663024433,0.5576589360659366,0.066137209595317,0.4014196246920797,20,20,20,C006,band,wf2023,S004_C006_wf2023,
202303,23,0.0596178154631602,0.0658878721922883,0.9048374682547112,0.782608695652174,0.0298207381232683,-0.1560746656698015,0.063780739687846,0.3136591257158907,23,23,23,C006,band,wf2023,S004_C006_wf2023,
202304,19,0.0488557758346196,0.0696491456388269,0.7014554936246662,0.7894736842105263,0.073577755207812,-0.3678345686721641,0.0930544798709501,0.3136992929349064,19,19,19,C006,band,wf2023,S004_C006_wf2023,
202305,20,0.0611829146283469,0.0547157917472559,1.118194814962454,0.85,0.2740539948452246,0.1459105692392854,0.0839173091584393,0.3815141715573744,20,20,20,C006,band,wf2023,S004_C006_wf2023,
202306,20,0.0385385696142919,0.0721913352969857,0.5338392683242291,0.8,0.1822453967066707,0.5101947573544241,0.0794110467860598,0.3462657328219,20,20,20,C006,band,wf2023,S004_C006_wf2023,
202307,21,0.0722260120119201,0.0486096251020401,1.485837668163558,0.9047619047619048,-0.1262334955748907,-0.0419702825208372,0.0579607451946013,0.2736321325739204,21,21,21,C006,band,wf2023,S004_C006_wf2023,
202308,23,0.0258799322394789,0.0913463878320684,0.2833164272139226,0.5652173913043478,0.0417811819096615,-0.3790930625308669,0.0433847311611693,0.3098709081203392,23,23,23,C006,band,wf2023,S004_C006_wf2023,
202309,20,0.0190798023169272,0.0496057666488086,0.3846287156895585,0.75,0.1936112477219811,0.0887656947963025,0.0640706897888715,0.3464940883067037,20,20,20,C006,band,wf2023,S004_C006_wf2023,
202310,17,0.0229816789999293,0.0604366020229997,0.3802609384158211,0.7058823529411765,-0.0549504837600026,-0.131057879942751,0.0743113660975294,0.2704141166427121,17,17,17,C006,band,wf2023,S004_C006_wf2023,
202311,22,0.075950657472813,0.0667786344278566,1.1373496646575665,0.9090909090909092,0.2612051639132582,0.6524537856773935,0.0725645096100436,0.3869724592800896,22,22,22,C006,band,wf2023,S004_C006_wf2023,
202312,21,0.053311754189036,0.0493522827866585,1.0802287387494045,0.8571428571428571,-0.0094161445070665,-0.3202865885138974,0.0649756748373094,0.2990071558723016,21,21,21,C006,band,wf2023,S004_C006_wf2023,
202101,20,0.0804235806974169,0.0878767528953583,0.9151860764949246,0.8,0.7964583204971348,-0.2560632018930958,0.1912517426501662,0.5137314056330573,20,20,19,C007,band,wf2021,S004_C007_wf2021,
202102,15,0.0838813948296725,0.0920189508107154,0.9115665207074356,0.8,0.4438580480794024,1.2111901440597934,0.1528426594931606,0.4208571745077415,15,15,15,C007,band,wf2021,S004_C007_wf2021,
202103,23,0.0946320589626452,0.0543024531338229,1.7426847868075894,0.9565217391304348,0.389868533296529,0.3551328967541394,0.1616816198930533,0.4063088976061008,23,23,23,C007,band,wf2021,S004_C007_wf2021,
202104,21,0.0666920372301261,0.0420779802117667,1.5849628925743038,1.0,0.2907348962030394,0.2904465208745054,0.1478288143010214,0.3695486394626558,21,21,21,C007,band,wf2021,S004_C007_wf2021,
202105,18,0.0730894911713755,0.0478274705407773,1.5281906056282049,1.0,0.39143561278027,1.1636403438750298,0.1531915405679896,0.4007090181322343,18,18,18,C007,band,wf2021,S004_C007_wf2021,
202106,21,0.0731091392572528,0.051535713100151,1.4186111893936053,0.9523809523809524,0.466449634622508,0.4548779246114039,0.1358822695427703,0.4284138652268224,21,21,21,C007,band,wf2021,S004_C007_wf2021,
202107,22,0.0692812026312446,0.0436016630997813,1.588957798987994,0.9545454545454546,0.4264880194718311,0.6106859420340419,0.141783942239619,0.4131237042221615,22,22,22,C007,band,wf2021,S004_C007_wf2021,
202108,22,0.0721100324256658,0.059814978153776,1.2055514296148524,0.8181818181818182,0.2455710192407134,0.642877504221698,0.1451317101107503,0.3589758057092552,22,22,22,C007,band,wf2021,S004_C007_wf2021,
202109,20,0.0692144506810654,0.0703657958527423,0.983637715487701,0.8,0.2385047967026813,0.2351190849446915,0.1381767142200718,0.357784205017209,20,20,20,C007,band,wf2021,S004_C007_wf2021,
202110,16,0.0489525964712016,0.0443262383559318,1.1043706456235012,0.875,0.1110438704644928,-0.3264127425623422,0.1506620765924057,0.3076955767501068,16,16,16,C007,band,wf2021,S004_C007_wf2021,
202111,22,0.0778205936346214,0.0514270561498649,1.5132227947841772,0.9090909090909092,0.1221686306448575,1.135415200892535,0.1295285014612626,0.328920276208927,22,22,22,C007,band,wf2021,S004_C007_wf2021,
202112,23,0.0667029385370226,0.0588793147355293,1.132875591990751,0.8695652173913043,0.2580107757865956,0.5620958561212568,0.1338307931389598,0.3639351702090997,23,23,23,C007,band,wf2021,S004_C007_wf2021,
202201,19,0.1013258992859688,0.078786940716155,1.28607480332324,0.9473684210526316,0.3781468553258873,-0.8662437126421331,0.123601546015549,0.4168939525074889,19,19,18,C007,band,wf2022,S004_C007_wf2022,
202202,16,0.0906016713337708,0.0547774132669743,1.6539968927009407,0.9375,0.4302346235082124,1.0446957483268189,0.1540866964869565,0.4190850466398851,16,16,16,C007,band,wf2022,S004_C007_wf2022,
202203,23,0.058281174669328,0.0605782112522544,0.9620814722745568,0.9130434782608696,0.0758636710034137,-0.6179772222303733,0.1359207711444693,0.3052953398254144,23,23,23,C007,band,wf2022,S004_C007_wf2022,
202204,19,0.0809368433395393,0.1153316531255328,0.701774761274284,0.7894736842105263,0.0928925465367163,-1.7767466833666417,0.1207317239210969,0.3240229841205016,19,19,19,C007,band,wf2022,S004_C007_wf2022,
202205,19,0.1245611474956496,0.0534824736862452,2.3290087183772994,1.0,0.5239687163389309,1.6435708146997112,0.1144365664911535,0.4726841039525931,19,19,19,C007,band,wf2022,S004_C007_wf2022,
202206,21,0.0953756071031852,0.0674506632741131,1.4140054741283672,0.9523809523809524,0.2543360291607622,1.012075469981422,0.1143064722470155,0.3801591099153981,21,21,21,C007,band,wf2022,S004_C007_wf2022,
202207,21,0.0814702485548632,0.0698311287931998,1.1666752344234883,0.8571428571428571,0.1684285034217407,0.5091428946747505,0.1229560636108354,0.3462298313652168,21,21,21,C007,band,wf2022,S004_C007_wf2022,
202208,23,0.0557204726366531,0.0872022574973165,0.6389797034597161,0.782608695652174,0.1346838387486392,-0.2964172463394778,0.1288230989458066,0.324046410995511,23,23,23,C007,band,wf2022,S004_C007_wf2022,
202209,21,0.054203553095833,0.07329372573525,0.7395387879670078,0.8095238095238095,0.0821985104457772,-1.1675806475740902,0.1429398142107407,0.3034590301088441,21,21,21,C007,band,wf2022,S004_C007_wf2022,
202210,16,0.1171073012449254,0.090169757602881,1.2987425535807773,0.9375,0.5393959456520901,1.608335379371236,0.1375845802504539,0.467386330118461,16,16,16,C007,band,wf2022,S004_C007_wf2022,
202211,22,0.1037656280042678,0.0884148190177724,1.173622579981867,0.8181818181818182,0.4015174369323161,1.0872394315563771,0.1145569764620376,0.4275943893427907,22,22,22,C007,band,wf2022,S004_C007_wf2022,
202212,22,0.0756970930386891,0.0757369724808891,0.9994734481602092,0.8181818181818182,0.3584852233067623,0.0490444182598338,0.1314337331747811,0.39839428425507,22,22,22,C007,band,wf2022,S004_C007_wf2022,
202301,16,0.0688620896090639,0.0563994545864727,1.2209708429623771,0.875,0.2021037398360392,1.2476430125405469,0.157032891426585,0.3410660903664618,16,16,15,C007,band,wf2023,S004_C007_wf2023,
202302,20,0.1090891786492826,0.0559213514994491,1.9507607689051865,0.95,0.2569424538649593,0.5499540236284528,0.1300490534032652,0.3817036915982212,20,20,20,C007,band,wf2023,S004_C007_wf2023,
202303,23,0.0606397164791478,0.0673256216018965,0.9006930056690285,0.782608695652174,0.1440710149516836,-0.0418243888413861,0.1341479869143003,0.327232795002874,23,23,23,C007,band,wf2023,S004_C007_wf2023,
202304,19,0.0485620686231637,0.0764160622857613,0.6354955642907077,0.7368421052631579,0.0231526601426036,-0.4182596637373725,0.1620659510440424,0.2777508401788339,19,19,19,C007,band,wf2023,S004_C007_wf2023,
202305,20,0.062125700035152,0.0599099921097839,1.0369839462056332,0.8,0.2703110857134675,0.1421676601075284,0.1698840051622157,0.3549784041794364,20,20,20,C007,band,wf2023,S004_C007_wf2023,
202306,20,0.0393777512237523,0.0752086244200778,0.5235802612717373,0.8,0.1706748163623677,0.4986241770101211,0.1426510637818164,0.3241582262636663,20,20,20,C007,band,wf2023,S004_C007_wf2023,
202307,21,0.0770426642666679,0.052931579199344,1.4555141832538163,0.8571428571428571,-0.0324083699931605,0.0518548430608929,0.1159122430122635,0.2863208818050399,21,21,21,C007,band,wf2023,S004_C007_wf2023,
202308,23,0.0275401403557038,0.0937330103188358,0.2938147431947955,0.6086956521739131,0.0507776312807348,-0.3700966131597938,0.1035198190666823,0.2951933998064973,23,23,23,C007,band,wf2023,S004_C007_wf2023,
202309,20,0.0185668311090496,0.0537616752533616,0.3453544001661045,0.75,0.1449982237850945,0.040152670859416,0.1302455078286867,0.3118525472305421,20,20,20,C007,band,wf2023,S004_C007_wf2023,
202310,17,0.0258374934832617,0.0632945618080389,0.4082103224226786,0.7058823529411765,0.0438545712788021,-0.0322528249039465,0.1365642096355776,0.282522105886272,17,17,17,C007,band,wf2023,S004_C007_wf2023,
202311,22,0.0778041607252225,0.0688660551180658,1.129789714131774,0.9090909090909092,0.2712276893813436,0.6624763111454792,0.1335003516901451,0.3724398655974485,22,22,22,C007,band,wf2023,S004_C007_wf2023,
202312,21,0.0574607394067686,0.0517999204125669,1.1092823878707792,0.9047619047619048,0.0559037419375891,-0.2549667020692417,0.1161860197759459,0.3048996124112004,21,21,21,C007,band,wf2023,S004_C007_wf2023,
202101,20,0.0844551039647304,0.092188780820165,0.9161104335404888,0.8,0.8939302802131983,-0.1585912421770322,0.2947069662167923,0.513549035784814,20,20,19,C008,band,wf2021,S004_C008_wf2021,
202102,15,0.0866519203689062,0.0926680753842703,0.9350784507996236,0.8,0.5067101567546284,1.2740422527350193,0.2644745052685484,0.4073314635933865,15,15,15,C008,band,wf2021,S004_C008_wf2021,
202103,23,0.0984345445294496,0.053085560150206,1.854262143056008,0.9565217391304348,0.3852682139154987,0.3505325773731093,0.287568984568215,0.368683586615965,23,23,23,C008,band,wf2021,S004_C008_wf2021,
202104,21,0.0647706571089926,0.0494779818253612,1.3090804175806694,0.9047619047619048,0.267269170937392,0.2669807956088582,0.2555860298919284,0.3294132051572361,21,21,21,C008,band,wf2021,S004_C008_wf2021,
202105,18,0.0729369132816284,0.0458502690611568,1.5907630374936808,1.0,0.4097502482016912,1.1819549792964508,0.2782867287132775,0.3686138211591755,18,18,18,C008,band,wf2021,S004_C008_wf2021,
202106,21,0.0742023806874983,0.0542240110756562,1.3684413826186186,0.9523809523809524,0.5368821774331006,0.5253104674219969,0.2625232814770016,0.411988621061829,21,21,21,C008,band,wf2021,S004_C008_wf2021,
202107,22,0.0689416081023802,0.0467428183853578,1.474913376724757,0.9545454545454546,0.5438142127405429,0.7280121353027537,0.2411447146600971,0.4183774926650858,22,22,22,C008,band,wf2021,S004_C008_wf2021,
202108,22,0.0788347028820922,0.0652002657942493,1.2091162807659206,0.8636363636363636,0.2523277536409633,0.6496342386219477,0.2685400998869474,0.3266701772790417,22,22,22,C008,band,wf2021,S004_C008_wf2021,
202109,20,0.0719326828254331,0.0774765625410353,0.9284444284338768,0.8,0.2735165191234708,0.270130807365481,0.2519104141884742,0.3352549046106722,20,20,20,C008,band,wf2021,S004_C008_wf2021,
202110,16,0.05005503994532,0.0451309718815055,1.1091061827062585,0.875,0.1664320445890928,-0.2710245684377425,0.2700297937903473,0.2889426912177517,16,16,16,C008,band,wf2021,S004_C008_wf2021,
202111,22,0.0800515953276726,0.0552451770756258,1.4490241422900865,0.9090909090909092,0.2294032062614836,1.2426497765091602,0.2628791665891375,0.3219778500327729,22,22,22,C008,band,wf2021,S004_C008_wf2021,
202112,23,0.0690461119354278,0.0615969675491116,1.1209336219413224,0.8695652173913043,0.2906304554219944,0.5947155357566557,0.250112060909931,0.3397739631277902,23,23,23,C008,band,wf2021,S004_C008_wf2021,
202201,19,0.1020902001960275,0.0798861749303246,1.2779457807945982,0.8947368421052632,0.4292016776405626,-0.8151888903274574,0.2092356258171266,0.4068258956254418,19,19,18,C008,band,wf2022,S004_C008_wf2022,
202202,16,0.0910892893779976,0.0573788823702198,1.5875054656915704,0.9375,0.5008381510301159,1.115299275848722,0.2869273914958365,0.4006089436114828,16,16,16,C008,band,wf2022,S004_C008_wf2022,
202203,23,0.0580543538222186,0.0618681022003258,0.9383567906162954,0.8695652173913043,0.1011121291862082,-0.5927287640475789,0.2343093185196872,0.2832625847288438,23,23,23,C008,band,wf2022,S004_C008_wf2022,
202204,19,0.0793404629745029,0.1184395088667346,0.6698817289404247,0.7894736842105263,-0.0076405299144562,-1.8772797598178137,0.1980077135471073,0.2700417121513321,19,19,19,C008,band,wf2022,S004_C008_wf2022,
202205,19,0.1260225759372661,0.054384352899857,2.317257983547644,1.0,0.5103160827662555,1.6299181811270365,0.1975551031961132,0.4442373242459491,19,19,19,C008,band,wf2022,S004_C008_wf2022,
202206,21,0.0983270044417816,0.0707430975618079,1.389916583110793,0.9523809523809524,0.3386804421023598,1.0964198829230196,0.2084644711045617,0.378395593076052,21,21,21,C008,band,wf2022,S004_C008_wf2022,
202207,21,0.0877902161339969,0.072589397564934,1.209408248022242,0.8571428571428571,0.2774135532213218,0.6181279444743317,0.2269561794370468,0.3502532985888812,21,21,21,C008,band,wf2022,S004_C008_wf2022,
202208,23,0.0585695347981851,0.0893298881190874,0.655654406732324,0.782608695652174,0.1855301189410869,-0.2455709661470302,0.243937019116841,0.3059057438665478,23,23,23,C008,band,wf2022,S004_C008_wf2022,
202209,21,0.0553058788252338,0.0797844832328245,0.6931909136246713,0.7142857142857143,0.1826821950420698,-1.0670969629777978,0.2634772949263261,0.2978838215648167,21,21,21,C008,band,wf2022,S004_C008_wf2022,
202210,16,0.11805510525541,0.0918226610997068,1.2856859498682829,0.9375,0.6393653014545909,1.7083047351737368,0.2396739613345068,0.4671294441381892,16,16,16,C008,band,wf2022,S004_C008_wf2022,
202211,22,0.1038228028537862,0.0932520092518041,1.113357274409372,0.8181818181818182,0.4156356741068326,1.1013576687308937,0.2263075291769283,0.3983275646204858,22,22,22,C008,band,wf2022,S004_C008_wf2022,
202212,22,0.0807425660740137,0.0781682023208287,1.0329336440745929,0.8181818181818182,0.6058860265107557,0.2964452214638273,0.2564724994924048,0.4371210845351108,22,22,22,C008,band,wf2022,S004_C008_wf2022,
202301,16,0.0661758470868215,0.0621727500178537,1.064386681750739,0.8125,0.0336839789991352,1.0792232517036426,0.2934882793289345,0.2485290487357888,16,16,15,C008,band,wf2023,S004_C008_wf2023,
202302,20,0.1129664473418908,0.0528837485618716,2.1361278353731885,0.95,0.3116777546657202,0.6046893244292137,0.2271098832543563,0.3705569403601655,20,20,20,C008,band,wf2023,S004_C008_wf2023,
202303,23,0.062273186708818,0.0712947995182441,0.8734604365200921,0.782608695652174,0.1811446512463498,-0.0047507525467199,0.2569091693579827,0.3021799192500373,23,23,23,C008,band,wf2023,S004_C008_wf2023,
202304,19,0.0482635505018813,0.0778343248533876,0.6200805440632112,0.7368421052631579,-0.0055097140076116,-0.4469220378875877,0.2751758776041155,0.2350997427172343,19,19,19,C008,band,wf2023,S004_C008_wf2023,
202305,20,0.0594826704242291,0.0634173806325916,0.9379553338672532,0.8,0.1455999586710488,0.0174565330651096,0.2824152941251515,0.2827484675334609,20,20,20,C008,band,wf2023,S004_C008_wf2023,
202306,20,0.0417853576291502,0.0770728457480043,0.5421540780493651,0.8,0.1686291281571946,0.4965784888049478,0.2493628701308712,0.2924940204595571,20,20,20,C008,band,wf2023,S004_C008_wf2023,
202307,21,0.0824158199953717,0.0600171568330272,1.3732043359644537,0.8571428571428571,0.0528281324831401,0.1370913455371935,0.2407084610068431,0.2766022294410378,21,21,21,C008,band,wf2023,S004_C008_wf2023,
202308,23,0.0268378624461073,0.100999196394666,0.2657235245836544,0.6086956521739131,0.0561120804283853,-0.3647621640121432,0.2076871389669539,0.2652626274168724,23,23,23,C008,band,wf2023,S004_C008_wf2023,
202309,20,0.018768765203151,0.0572019008563011,0.328114361973752,0.7,0.0940534438332219,-0.0107921090924566,0.2441226387818649,0.2624867475966675,20,20,20,C008,band,wf2023,S004_C008_wf2023,
202310,17,0.0287426648214184,0.0658348872981211,0.4365871348919081,0.7058823529411765,0.1303142651553563,0.0542068689726078,0.242356712673583,0.2778843316730993,17,17,17,C008,band,wf2023,S004_C008_wf2023,
202311,22,0.0775258952946105,0.0712291841613846,1.0884007195556158,0.9090909090909092,0.2189681452450935,0.6102167670092288,0.2500002405663523,0.3217007295214665,22,22,22,C008,band,wf2023,S004_C008_wf2023,
202312,21,0.0598326299886702,0.0565703983813557,1.0576667603668444,0.9047619047619048,0.1405183683360241,-0.1703520756708066,0.2261294342749817,0.2982497322137808,21,21,21,C008,band,wf2023,S004_C008_wf2023,
202101,20,0.0857829880721345,0.0937255399851338,0.9152573363219986,0.8,0.9016765372839456,-0.1508449851062849,0.4173732819744777,0.4796041718216941,20,20,19,C009,band,wf2021,S004_C009_wf2021,
202102,15,0.0880370920295474,0.0893515344811595,0.985289089222198,0.8,0.488673372850412,1.256005468830803,0.393118407803632,0.3638813263258529,15,15,15,C009,band,wf2021,S004_C009_wf2021,
202103,23,0.1011901002209167,0.053310038247438,1.8981434556704664,0.9565217391304348,0.5427129124264104,0.507977275884021,0.4787376926578152,0.3596686060189452,23,23,23,C009,band,wf2021,S004_C009_wf2021,
202104,21,0.0694184426717247,0.051088968305275,1.3587755825665624,0.9047619047619048,0.3934393629450746,0.3931509876165409,0.4680932175045961,0.3053712207008334,21,21,21,C009,band,wf2021,S004_C009_wf2021,
202105,18,0.0763981285739337,0.0472532516734737,1.61678034565441,1.0,0.5819580638762357,1.3541627949709951,0.5110004070829498,0.3518465484675592,18,18,18,C009,band,wf2021,S004_C009_wf2021,
202106,21,0.0771548394717107,0.0572752907319666,1.3470876967307783,0.9523809523809524,0.5929238221376419,0.581352112126538,0.4804717473164638,0.3645975582350377,21,21,21,C009,band,wf2021,S004_C009_wf2021,
202107,22,0.0716126628471519,0.0502192022700145,1.4260016011825678,0.9545454545454546,0.6892772727078892,0.8734751952701,0.445360139370016,0.4018202051402227,22,22,22,C009,band,wf2021,S004_C009_wf2021,
202108,22,0.081946123881571,0.0641037565878935,1.2783357519650749,0.9090909090909092,0.2136100509885828,0.6109165359695674,0.4695140051558797,0.2560072633024394,22,22,22,C009,band,wf2021,S004_C009_wf2021,
202109,20,0.0743212137682121,0.0823733666705708,0.9022481024168766,0.8,0.2119519044028928,0.2085661926449029,0.4504107936617958,0.2581908187296139,20,20,20,C009,band,wf2021,S004_C009_wf2021,
202110,16,0.0508608086444848,0.0472722932492351,1.075911599556422,0.875,0.2450390351647563,-0.1924175778620789,0.4292555120518662,0.265079380391661,16,16,16,C009,band,wf2021,S004_C009_wf2021,
202111,22,0.084547391368,0.0537948556404138,1.5716631332398836,0.9090909090909092,0.3780145067621783,1.3912610770098552,0.4724402389250446,0.3054912368983401,22,22,22,C009,band,wf2021,S004_C009_wf2021,
202112,23,0.0696975233730334,0.0640012344705785,1.089002797361252,0.8695652173913043,0.2826980338906081,0.5867831142252692,0.4656524797412812,0.2729926755940114,23,23,23,C009,band,wf2021,S004_C009_wf2021,
202201,19,0.1066800760075779,0.0823716445140147,1.2951067887132863,0.8947368421052632,0.5800571703033159,-0.6643333976647042,0.4024713549834924,0.3959477749989782,19,19,18,C009,band,wf2022,S004_C009_wf2022,
202202,16,0.0933309073301822,0.0583677174838049,1.5990158833276011,0.9375,0.5838124855939203,1.198273610412527,0.4462937996429414,0.3785879687173665,16,16,16,C009,band,wf2022,S004_C009_wf2022,
202203,23,0.0608776048801303,0.0596614311639271,1.0203845883760574,0.9130434782608696,0.1525755012139012,-0.541265392019886,0.4017801910454316,0.2495896350025929,23,23,23,C009,band,wf2022,S004_C009_wf2022,
202204,19,0.082636245316521,0.1182470931542728,0.6988437779921444,0.8421052631578947,-0.0202197760371648,-1.8898590059405231,0.3197835090932859,0.2310535125874731,19,19,19,C009,band,wf2022,S004_C009_wf2022,
202205,19,0.1249100086906043,0.0541510334795629,2.306696671592546,1.0,0.4229970772075088,1.5425991755682893,0.3645983913623336,0.3674836092297943,19,19,19,C009,band,wf2022,S004_C009_wf2022,
202206,21,0.1012099690965812,0.0729921390149125,1.3865872470993592,0.9523809523809524,0.4228960264202412,1.1806354672409012,0.3968782345383196,0.348289325203209,21,21,21,C009,band,wf2022,S004_C009_wf2022,
202207,21,0.0910544599288305,0.0739702666975728,1.23096027625676,0.8571428571428571,0.4517574366474001,0.79247182790041,0.4281558694718589,0.3435022541241945,21,21,21,C009,band,wf2022,S004_C009_wf2022,
202208,23,0.0608904130487459,0.0960492138144149,0.6339501452494722,0.7391304347826086,0.1873579696388981,-0.2437431154492187,0.4464444979647984,0.2466302067217282,23,23,23,C009,band,wf2022,S004_C009_wf2022,
202209,21,0.0566799928817454,0.081718548300566,0.6936000952106102,0.7142857142857143,0.220120955694362,-1.0296582023255056,0.4303584186089485,0.2596007582783222,21,21,21,C009,band,wf2022,S004_C009_wf2022,
202210,16,0.1225979659717913,0.0930182612815344,1.3179988991702307,0.9375,0.7655349376361981,1.834474371355344,0.3986031550389648,0.4591187211678865,16,16,16,C009,band,wf2022,S004_C009_wf2022,
202211,22,0.1079092437152462,0.0976907641286684,1.1046002626524556,0.8181818181818182,0.5204775596052592,1.2061995542293202,0.4324893899141733,0.3695601483934243,22,22,22,C009,band,wf2022,S004_C009_wf2022,
202212,22,0.0823825309483913,0.0800098565006321,1.029654776942894,0.8181818181818182,0.77393597282381,0.4644951677768815,0.4579639004645195,0.4277446340871437,22,22,22,C009,band,wf2022,S004_C009_wf2022,
202301,16,0.0670172489863365,0.0670224700941977,0.999922099142962,0.75,-0.0687056805563208,0.9768335921481868,0.5099278142332252,0.1532168511576708,16,16,15,C009,band,wf2023,S004_C009_wf2023,
202302,20,0.1196558568405393,0.0566239191582063,2.113168050170155,0.95,0.4383030441113975,0.7313146138748907,0.4389313257251744,0.3476738582520827,20,20,20,C009,band,wf2023,S004_C009_wf2023,
202303,23,0.0651408428590434,0.073330012082143,0.8883244528321335,0.782608695652174,0.3030733205156754,0.1171779167226056,0.4733457880394284,0.2749745968864915,23,23,23,C009,band,wf2023,S004_C009_wf2023,
202304,19,0.050852728380289,0.081412351601535,0.624631611541979,0.6842105263157895,0.0591238891486108,-0.3822884347313652,0.4655533532642471,0.1984122521174247,19,19,19,C009,band,wf2023,S004_C009_wf2023,
202305,20,0.0588980467543874,0.0658390543729909,0.8945761344128466,0.8,0.1305928482230979,0.0024494226171588,0.4652083330276383,0.2231745732603929,20,20,20,C009,band,wf2023,S004_C009_wf2023,
202306,20,0.0402775243712236,0.0808282045902859,0.4983102689882611,0.8,0.0387672231188666,0.36671658376662,0.4498229204696758,0.1927943005432466,20,20,20,C009,band,wf2023,S004_C009_wf2023,
202307,21,0.0891385282130713,0.0603825328171874,1.4762303609049443,0.8571428571428571,0.1998242026159358,0.2840874156699892,0.4513787257086613,0.2601890543574109,21,21,21,C009,band,wf2023,S004_C009_wf2023,
202308,23,0.0297598266337925,0.1049193434132348,0.2836448043387065,0.5652173913043478,0.1157131521303491,-0.3051610923101795,0.393651055240438,0.2285225597204903,23,23,23,C009,band,wf2023,S004_C009_wf2023,
202309,20,0.0159372923664346,0.0586928268077806,0.2715373110010424,0.6,0.0503931992243192,-0.0544523537013592,0.4569388251283749,0.1844112291753571,20,20,20,C009,band,wf2023,S004_C009_wf2023,
202310,17,0.0288398395980749,0.0678274543385481,0.4251941913391919,0.7058823529411765,0.033710250975974,-0.0423971452067744,0.4063388321244244,0.1997473614946948,17,17,17,C009,band,wf2023,S004_C009_wf2023,
202311,22,0.0813412618239892,0.0789427355203277,1.0303831161645507,0.9090909090909092,0.2481288008048839,0.6393774225690194,0.4737322920306012,0.2648554573618805,22,22,22,C009,band,wf2023,S004_C009_wf2023,
202312,21,0.0639008076922186,0.0578255261720371,1.1050622782420851,0.9047619047619048,0.2401928087810313,-0.0706776352257994,0.415849084585904,0.2728634403354257,21,21,21,C009,band,wf2023,S004_C009_wf2023,
202101,20,0.0858379484079317,0.093756548288895,0.9155408339419296,0.8,0.8617943887994256,-0.190727133590805,0.5082720939233669,0.4403918678259902,20,20,19,C010,band,wf2021,S004_C010_wf2021,
202102,15,0.0874684308038262,0.0855560289692807,1.0223526250292907,0.8,0.514145870081623,1.2814779660620144,0.5041109773891335,0.3379978401292773,15,15,15,C010,band,wf2021,S004_C010_wf2021,
202103,23,0.1014341299520651,0.0533709172715963,1.9005506207787768,0.9565217391304348,0.6997049439476265,0.6649693074052372,0.6131433407845801,0.3665421329297399,23,23,23,C010,band,wf2021,S004_C010_wf2021,
202104,21,0.0707837195819264,0.0519072598873975,1.363657410070915,0.9047619047619048,0.4864852866235117,0.486196911294978,0.6718385410431343,0.2727075115068838,21,21,21,C010,band,wf2021,S004_C010_wf2021,
202105,18,0.0759027604201532,0.0479048117957212,1.5844496111126087,1.0,0.6558195606342467,1.4280242917290065,0.6533226527671553,0.3311101765281887,18,18,18,C010,band,wf2021,S004_C010_wf2021,
202106,21,0.0782835170366551,0.0554720067454152,1.4112256186427798,0.9523809523809524,0.6796067701528182,0.6680350601417144,0.6374542285880133,0.3439591692841035,21,21,21,C010,band,wf2021,S004_C010_wf2021,
202107,22,0.0709867271042541,0.0516881080951719,1.3733667127755609,0.9545454545454546,0.7407691151901586,0.9249670377523695,0.6021003034814251,0.3699953343543217,22,22,22,C010,band,wf2021,S004_C010_wf2021,
202108,22,0.0831613931764208,0.0644782964111594,1.289757915533698,0.8636363636363636,0.2882191901190071,0.6855256750999917,0.5892793764371975,0.2429465013751112,22,22,22,C010,band,wf2021,S004_C010_wf2021,
202109,20,0.0760790533449201,0.0821308448524017,0.9263152410235476,0.8,0.3406216981876496,0.3372359864296598,0.5839511283187478,0.2574327922986386,20,20,20,C010,band,wf2021,S004_C010_wf2021,
202110,16,0.0524207863087452,0.0464601628227011,1.128295363681587,0.875,0.2884464370743821,-0.149010175952453,0.5543543996441203,0.2411959257525767,16,16,16,C010,band,wf2021,S004_C010_wf2021,
202111,22,0.0877351314965725,0.0549338969495841,1.5971037259033682,0.9090909090909092,0.3599098384514206,1.3731564086990975,0.6198208002800505,0.25712076405004,22,22,22,C010,band,wf2021,S004_C010_wf2021,
202112,23,0.0705500651159793,0.0661972758872099,1.065754808946909,0.8695652173913043,0.3135866542188379,0.6176717345534992,0.6266280481479776,0.2343076078676498,23,23,23,C010,band,wf2021,S004_C010_wf2021,
202201,19,0.1088021321401235,0.0832012175814947,1.3076987969984093,0.9473684210526316,0.6201562591154517,-0.6242343088525686,0.539139850011394,0.3678257755872667,19,19,18,C010,band,wf2022,S004_C010_wf2022,
202202,16,0.0949068055975358,0.0596778336275778,1.590319216173394,0.9375,0.6155130871306693,1.2299742119492754,0.5661902550546518,0.3527595718618196,16,16,16,C010,band,wf2022,S004_C010_wf2022,
202203,23,0.0621260926760221,0.0583613501993055,1.064507460225988,0.9130434782608696,0.1964311759690218,-0.4974097172647654,0.5425111197542292,0.2210264539348466,23,23,23,C010,band,wf2022,S004_C010_wf2022,
202204,19,0.085808817193623,0.1162703113727483,0.7380114165045153,0.8421052631578947,0.1907100533571582,-1.678929176546199,0.4676881078277914,0.2512301105362592,19,19,19,C010,band,wf2022,S004_C010_wf2022,
202205,19,0.1259914177547357,0.0530264956473519,2.376008752164777,1.0,0.4591033555482324,1.5787054539090133,0.5116073388014982,0.3346453721259145,19,19,19,C010,band,wf2022,S004_C010_wf2022,
202206,21,0.1014134969206535,0.0750089271155326,1.352019030540874,0.9523809523809524,0.4444960660609403,1.2022355068816,0.5486633921293287,0.3093152009477449,21,21,21,C010,band,wf2022,S004_C010_wf2022,
202207,21,0.091557239400885,0.0755116715275941,1.212491228821856,0.8571428571428571,0.5257276361716583,0.8664420274246679,0.5950887475811194,0.3158145623375157,21,21,21,C010,band,wf2022,S004_C010_wf2022,
202208,23,0.0607147589924065,0.0970708033773144,0.6254688009164631,0.782608695652174,0.0946432352701131,-0.3364578498180038,0.5981705734906847,0.1732277021307911,23,23,23,C010,band,wf2022,S004_C010_wf2022,
202209,21,0.0599811989649157,0.0836996773518047,0.7166240165156671,0.7142857142857143,0.3760550909796286,-0.8737240670402391,0.5619867532808908,0.2682129808955876,21,21,21,C010,band,wf2022,S004_C010_wf2022,
202210,16,0.1227277065801841,0.0915780623122011,1.3401430810120214,0.9375,0.844078563237897,1.9130179969570429,0.5641085042016374,0.4330821003429514,16,16,16,C010,band,wf2022,S004_C010_wf2022,
202211,22,0.1093957521245568,0.1008350551000371,1.0848980249579545,0.8181818181818182,0.5572891296250865,1.243011124249147,0.6137957740718843,0.3268063075157834,22,22,22,C010,band,wf2022,S004_C010_wf2022,
202212,22,0.0840913870908112,0.0816963827889005,1.0293159160803875,0.7727272727272727,0.9168661241755848,0.6074253191286562,0.616772170624663,0.423664740901601,22,22,22,C010,band,wf2022,S004_C010_wf2022,
202301,16,0.0675159629450107,0.0697323410812928,0.9682159224555752,0.75,-0.0967932731108699,0.9487459995936376,0.6705770928214995,0.0967952753982934,16,16,15,C010,band,wf2023,S004_C010_wf2023,
202302,20,0.1225523437418412,0.0572474437710723,2.1407478774409165,0.95,0.5232451948880589,0.8162567646515524,0.6258300165547581,0.3182454909967267,20,20,20,C010,band,wf2023,S004_C010_wf2023,
202303,23,0.0664371715693698,0.0766850285094725,0.8663643068368061,0.782608695652174,0.4346630853271143,0.2487676815340445,0.6729296460431273,0.255094900412944,23,23,23,C010,band,wf2023,S004_C010_wf2023,
202304,19,0.0539297809763362,0.0825763935610303,0.6530895653184217,0.7368421052631579,0.1795874221401202,-0.2618249017398558,0.6412270255274735,0.1830800313743285,19,19,19,C010,band,wf2023,S004_C010_wf2023,
202305,20,0.0614073332794475,0.0662881649101033,0.926369486358916,0.8,0.202419819769193,0.0742763941632538,0.6200857255643463,0.199263161573233,20,20,20,C010,band,wf2023,S004_C010_wf2023,
202306,20,0.0421722437094402,0.083269394320667,0.5064555116978112,0.8,0.0791192629258641,0.4070686235736174,0.6197976144218855,0.1546653920349696,20,20,20,C010,band,wf2023,S004_C010_wf2023,
202307,21,0.0910873254914469,0.0623223100357554,1.4615524591304223,0.8571428571428571,0.262200615549653,0.3464638286037064,0.6429815193880574,0.2222006590450574,21,21,21,C010,band,wf2023,S004_C010_wf2023,
202308,23,0.0286054722094621,0.1079567659917273,0.2649715554804058,0.6521739130434783,0.0778182733236861,-0.3430559711168424,0.5923078927344996,0.1570953030605408,23,23,23,C010,band,wf2023,S004_C010_wf2023,
202309,20,0.0137449287985729,0.0625274928346861,0.219822164226425,0.6,-0.0637903392941018,-0.1686358922197803,0.6495633527649183,0.0914918639017231,20,20,20,C010,band,wf2023,S004_C010_wf2023,
202310,17,0.0288988696791927,0.0691157587088666,0.4181227294475953,0.6470588235294118,-0.0147821056608142,-0.0908895018435627,0.581724881980737,0.1326074515792117,17,17,17,C010,band,wf2023,S004_C010_wf2023,
202311,22,0.083227270343938,0.0826403996553698,1.00710149867396,0.9090909090909092,0.2913285181902245,0.6825771399543599,0.6479819390408152,0.226294881882398,22,22,22,C010,band,wf2023,S004_C010_wf2023,
202312,21,0.064465694391772,0.058112242460718,1.1093306962874263,0.9047619047619048,0.2678550543604108,-0.04301538964642,0.6066842907582464,0.2241375068373581,21,21,21,C010,band,wf2023,S004_C010_wf2023,
202101,20,0.085176188811162,0.0929113041186493,0.9167473174457932,0.8,0.7035588380875272,-0.3489626843027036,0.6344296172963408,0.3548092417618207,20,20,19,C011,band,wf2021,S004_C011_wf2021,
202102,15,0.0886159696855618,0.0836786407151701,1.059003455699019,0.8,0.4808774209490801,1.2482095169294711,0.6499568912925253,0.2847225467711911,15,15,15,C011,band,wf2021,S004_C011_wf2021,
202103,23,0.1027752370198225,0.0534616273543109,1.9224113089317552,0.9565217391304348,0.6468565985970184,0.6121209620546288,0.7103065535918534,0.3220751083094785,23,23,23,C011,band,wf2021,S004_C011_wf2021,
202104,21,0.0715630535715197,0.0524743762044361,1.3637714013543607,0.9047619047619048,0.5149691143333784,0.5146807390048445,0.7484936194878616,0.2585678698822629,21,21,21,C011,band,wf2021,S004_C011_wf2021,
202105,18,0.0756658971669659,0.0477102924597416,1.5859449453346686,1.0,0.6812924234108957,1.4534971545056552,0.7356090285231381,0.3139713773331136,18,18,18,C011,band,wf2021,S004_C011_wf2021,
202106,21,0.0783949249940514,0.0553828279644203,1.415509606053608,0.9523809523809524,0.7193740877013082,0.7078023776902042,0.7204697348551223,0.3310292758514763,21,21,21,C011,band,wf2021,S004_C011_wf2021,
202107,22,0.0713295415554974,0.0515926882914848,1.3825513637224067,0.9545454545454546,0.781707838449406,0.9659057610116172,0.7028668004035208,0.3521841280359645,22,22,22,C011,band,wf2021,S004_C011_wf2021,
202108,22,0.0843837702512259,0.0658238872765337,1.281962730288474,0.8636363636363636,0.2931245310607095,0.690431016041694,0.7020456436681577,0.2110771743182559,22,22,22,C011,band,wf2021,S004_C011_wf2021,
202109,20,0.0768267302880572,0.0832526043255874,0.9228147384747312,0.8,0.3301327704773169,0.3267470587193272,0.7196304787231261,0.2138813796414801,20,20,20,C011,band,wf2021,S004_C011_wf2021,
202110,16,0.0533478298020775,0.0463890267107178,1.1500096808401443,0.875,0.3932814931317189,-0.0441751198951163,0.662300531244794,0.2406334204869085,16,16,16,C011,band,wf2021,S004_C011_wf2021,
202111,22,0.088447109847773,0.0555043978574044,1.59351534764869,0.9090909090909092,0.3825088890466396,1.3957554592943164,0.7386223712609156,0.2285447992748264,22,22,22,C011,band,wf2021,S004_C011_wf2021,
202112,23,0.0698339713522132,0.066148198135486,1.0557199337339165,0.8695652173913043,0.2226642303553326,0.5267493106899939,0.725739245759249,0.1770110839197104,23,23,23,C011,band,wf2021,S004_C011_wf2021,
202201,19,0.109346180904556,0.084019718353055,1.3014347470801784,0.9473684210526316,0.5801430359322794,-0.6642475320357408,0.6998674434052593,0.3078211501199285,19,19,18,C011,band,wf2022,S004_C011_wf2022,
202202,16,0.0954169495008437,0.0607003062593659,1.5719352237390245,0.9375,0.5574119226871322,1.1718730475057384,0.7027898119384328,0.2945534130249473,16,16,16,C011,band,wf2022,S004_C011_wf2022,
202203,23,0.0622411335874612,0.0576117783320893,1.0803543197137064,0.9130434782608696,0.1675333516292843,-0.5263075416045029,0.6844458479618601,0.1698227045352117,23,23,23,C011,band,wf2022,S004_C011_wf2022,
202204,19,0.0885304796784469,0.1153352961078698,0.7675922520339905,0.8421052631578947,0.2966571883135583,-1.5729820415897997,0.6202679773054521,0.2383289551738106,19,19,19,C011,band,wf2022,S004_C011_wf2022,
202205,19,0.1276016336302805,0.053793458688453,2.372065986113486,1.0,0.5522459277977317,1.671848026158512,0.6654255309374025,0.317086772510211,19,19,19,C011,band,wf2022,S004_C011_wf2022,
202206,21,0.1025217084990358,0.0759601452931797,1.3496776250669051,0.9523809523809524,0.5080388885112497,1.2657783293319096,0.71146581889263,0.2799806042852002,21,21,21,C011,band,wf2022,S004_C011_wf2022,
202207,21,0.0920707843678896,0.0761604615453231,1.2089052836569036,0.8571428571428571,0.5998124880911727,0.9405268793441824,0.7191947042358924,0.3010136489037399,21,21,21,C011,band,wf2022,S004_C011_wf2022,
202208,23,0.0608134934934925,0.0994234576549514,0.6116614220413193,0.7391304347826086,0.0885516255189997,-0.3425494595691171,0.7249771938190157,0.1333977269073922,23,23,23,C011,band,wf2022,S004_C011_wf2022,
202209,21,0.0603814247262633,0.0854616097386097,0.7065327333634844,0.7142857142857143,0.3870267693753256,-0.8627523886445421,0.6920784761004835,0.232637057872958,21,21,21,C011,band,wf2022,S004_C011_wf2022,
202210,16,0.1236083109912775,0.0910699482264898,1.357289790962274,0.9375,0.9200898970315255,1.9890293307506717,0.7104838194216048,0.4123251476794872,16,16,16,C011,band,wf2022,S004_C011_wf2022,
202211,22,0.1099153617542478,0.1015267602128069,1.0826245368596208,0.8181818181818182,0.5502074303451843,1.2359294249692452,0.7428642861067715,0.286169087973223,22,22,22,C011,band,wf2022,S004_C011_wf2022,
202212,22,0.0841307735396014,0.0829201936474016,1.0145993374948872,0.7727272727272727,0.950514731664593,0.6410739266176646,0.7341456748625766,0.3985630264564454,22,22,22,C011,band,wf2022,S004_C011_wf2022,
202301,16,0.0676353818270006,0.0716234115509974,0.9443194670899308,0.75,-0.1172164439227498,0.9283228287817576,0.7651149680596506,0.0623547291360801,16,16,15,C011,band,wf2023,S004_C011_wf2023,
202302,20,0.1233630350220831,0.0589258985032549,2.093528281376461,0.95,0.6217169207711871,0.9147284905346804,0.7760251571771826,0.3030527430870346,20,20,20,C011,band,wf2023,S004_C011_wf2023,
202303,23,0.0662697764365049,0.0771494232419818,0.8589795445216412,0.782608695652174,0.4475634816343752,0.2616680778413054,0.7759975959762481,0.22797767627204,23,23,23,C011,band,wf2023,S004_C011_wf2023,
202304,19,0.0554829469367815,0.0827065386434137,0.6708411190558256,0.7368421052631579,0.2471265409250403,-0.1942857829549356,0.7558930246357668,0.1695632336614946,19,19,19,C011,band,wf2023,S004_C011_wf2023,
202305,20,0.062269694897762,0.0669063908547578,0.9306987584031948,0.8,0.2044220798138122,0.076278654207873,0.7153046565949502,0.1716431049247634,20,20,20,C011,band,wf2023,S004_C011_wf2023,
202306,20,0.0430411405560543,0.0862485717617477,0.4990359802704997,0.8,0.0835455700547346,0.4114949307024879,0.7378540346324672,0.1209239168491019,20,20,20,C011,band,wf2023,S004_C011_wf2023,
202307,21,0.091285742359495,0.0630177048926184,1.4485729449373803,0.8571428571428571,0.2590836872708536,0.3433469003249069,0.7609231621383444,0.1859624544835507,21,21,21,C011,band,wf2023,S004_C011_wf2023,
202308,23,0.0285667460733627,0.1088061284267383,0.2625472157351634,0.6086956521739131,0.0866435199430691,-0.3342307244974594,0.73429848314047,0.1171302094701248,23,23,23,C011,band,wf2023,S004_C011_wf2023,
202309,20,0.0137549112139503,0.0640272562392954,0.2148289966157973,0.65,-0.1184566222507858,-0.2233021751764644,0.771257983667954,0.0385875827099582,20,20,20,C011,band,wf2023,S004_C011_wf2023,
202310,17,0.0299182790821956,0.069640395221956,0.4296109892375089,0.6470588235294118,0.0128130609078577,-0.0632943352748907,0.7093693467837451,0.103000425870112,17,17,17,C011,band,wf2023,S004_C011_wf2023,
202311,22,0.0843524772134093,0.0845972381107778,0.9971067507304672,0.9090909090909092,0.3543227420237844,0.7455713637879198,0.7792047343459043,0.2062763931887277,22,22,22,C011,band,wf2023,S004_C011_wf2023,
202312,21,0.0645187591255964,0.0591560416262773,1.0906537582957034,0.9047619047619048,0.2860050148666703,-0.0248654291401605,0.7360407432650672,0.1907967851307195,21,21,21,C011,band,wf2023,S004_C011_wf2023,
202101,20,0.0846012545649164,0.0922746954833102,0.9168413303538704,0.8,0.6356263402585132,-0.4168951821317175,0.6927032549956603,0.3167174274048224,20,20,19,C012,band,wf2021,S004_C012_wf2021,
202102,15,0.0887588271283019,0.0831581902644694,1.0673491912945765,0.8,0.5042883313765584,1.2716204273569494,0.7117269532689259,0.2732719442836105,15,15,15,C012,band,wf2021,S004_C012_wf2021,
202103,23,0.1028714693815786,0.0533895398006973,1.9268094418044597,0.9565217391304348,0.6838179265166189,0.6490822899742292,0.7537962724753833,0.3201550839650021,23,23,23,C012,band,wf2021,S004_C012_wf2021,
202104,21,0.0719107125368195,0.0527567611389906,1.3630615485921662,0.9047619047619048,0.5602108392419552,0.5599224639134215,0.7814944924462662,0.2623791890534345,21,21,21,C012,band,wf2021,S004_C012_wf2021,
202105,18,0.0755844078673652,0.0476189831363305,1.587274714602184,1.0,0.6936298082290122,1.465834539323772,0.7751796016695555,0.3057688251147831,18,18,18,C012,band,wf2021,S004_C012_wf2021,
202106,21,0.078433620360918,0.0553666281680814,1.4166226652417788,0.9523809523809524,0.6814035724062928,0.6698318623951888,0.7629300695171329,0.3069154990111151,21,21,21,C012,band,wf2021,S004_C012_wf2021,
202107,22,0.0715593551153679,0.0518333943237153,1.3805647121710365,0.9545454545454546,0.7775260596796131,0.9617239822418244,0.7530766224505224,0.3359585732148744,22,22,22,C012,band,wf2021,S004_C012_wf2021,
202108,22,0.0846233800497721,0.0661119512265085,1.2800012475783824,0.8636363636363636,0.2971592345129388,0.6944657194939234,0.7516898236197854,0.1974901752878549,22,22,22,C012,band,wf2021,S004_C012_wf2021,
202109,20,0.0772674790299812,0.0833196296234966,0.9273622479976958,0.8,0.3529797535039672,0.3495940417459773,0.7712369634098409,0.2054298286402304,20,20,20,C012,band,wf2021,S004_C012_wf2021,
202110,16,0.0534918332187474,0.0463597450900666,1.153842263688568,0.875,0.4030901497353082,-0.034366463291527,0.7108047092974574,0.2290823654188542,16,16,16,C012,band,wf2021,S004_C012_wf2021,
202111,22,0.0886541395675329,0.0557277461776045,1.5908438013084498,0.9090909090909092,0.3935215745859462,1.4067681448336231,0.7847063970124574,0.2181062090990598,22,22,22,C012,band,wf2021,S004_C012_wf2021,
202112,23,0.06949990330573,0.0659824795579508,1.053308450536326,0.8695652173913043,0.1985145379596773,0.5025996182943385,0.7753678508360905,0.154743967459368,23,23,23,C012,band,wf2021,S004_C012_wf2021,
202201,19,0.1095748764537611,0.0842268666281038,1.3009492201292392,0.9473684210526316,0.5593602249646686,-0.6850303430033517,0.7538292386196873,0.2854892464849988,19,19,18,C012,band,wf2022,S004_C012_wf2022,
202202,16,0.0954726733015399,0.0608749069337151,1.5683420001856807,0.9375,0.5858685345412074,1.2003296593598134,0.7496470018498138,0.289055529128034,16,16,16,C012,band,wf2022,S004_C012_wf2022,
202203,23,0.0623636865819743,0.0575262700021808,1.0840905655730877,0.9130434782608696,0.187559019738762,-0.506281873495025,0.7394146535933028,0.1593887844764275,23,23,23,C012,band,wf2022,S004_C012_wf2022,
202204,19,0.088770656468801,0.1151020580829518,0.7712343110739668,0.8421052631578947,0.344543295403854,-1.525095934499504,0.680943073363968,0.2345883291994862,19,19,19,C012,band,wf2022,S004_C012_wf2022,
202205,19,0.1278616400654415,0.0536697563882351,2.3823778729405567,1.0,0.5567150039132522,1.6763171022740326,0.7190014097787659,0.3024587342665225,19,19,19,C012,band,wf2022,S004_C012_wf2022,
202206,21,0.1024358975052931,0.076061395938802,1.3467527941205757,0.9523809523809524,0.4892762561938472,1.247015697014507,0.7679018256651651,0.2573866881607218,21,21,21,C012,band,wf2022,S004_C012_wf2022,
202207,21,0.0922219439896738,0.0764105338727005,1.206927099126346,0.8571428571428571,0.6089360531373722,0.9496504443903822,0.7677200385470425,0.2892535819729684,21,21,21,C012,band,wf2022,S004_C012_wf2022,
202208,23,0.0610766360868479,0.0996776067403308,0.6127417991280436,0.7391304347826086,0.068106242490461,-0.3629948425976558,0.7722745198307986,0.1131801712326378,23,23,23,C012,band,wf2022,S004_C012_wf2022,
202209,21,0.0607749307092129,0.0860871906803369,0.7059694970751839,0.7142857142857143,0.3780785578033488,-0.8717006002165187,0.7511796241521372,0.2123796523790486,21,21,21,C012,band,wf2022,S004_C012_wf2022,
202210,16,0.1240661352494895,0.0905692695305038,1.3698480278424223,0.9375,0.9011090367568688,1.9700484704760144,0.759635835855902,0.3920684143700857,16,16,16,C012,band,wf2022,S004_C012_wf2022,
202211,22,0.1100750342122445,0.1014982183649124,1.084502132012763,0.8181818181818182,0.5458296854231323,1.2315516800471933,0.789222425657437,0.2710121916146064,22,22,22,C012,band,wf2022,S004_C012_wf2022,
202212,22,0.0838429572038767,0.0832273305664639,1.0073969287879678,0.7727272727272727,0.9424515279721846,0.6330107229252561,0.7807370343193548,0.3820515309773996,22,22,22,C012,band,wf2022,S004_C012_wf2022,
202301,16,0.0679214871554875,0.0721612954877395,0.9412453961144264,0.75,-0.1096427291850573,0.93589654351945,0.805785501637353,0.0525401256154719,16,16,15,C012,band,wf2023,S004_C012_wf2023,
202302,20,0.1235899317156612,0.059324792920396,2.0832762430624605,0.95,0.624616397957525,0.9176279677210186,0.8200825745253534,0.2907961197159159,20,20,20,C012,band,wf2023,S004_C012_wf2023,
202303,23,0.0661414347949222,0.0775558369828928,0.8528234284869061,0.782608695652174,0.457149189715128,0.2712537859220582,0.8067117094673407,0.2215878179923051,23,23,23,C012,band,wf2023,S004_C012_wf2023,
202304,19,0.0558261083684047,0.0825305483150398,0.6764296313081853,0.7368421052631579,0.2704432020723624,-0.1709691218076136,0.7852188941377712,0.1678977357277392,19,19,19,C012,band,wf2023,S004_C012_wf2023,
202305,20,0.0621765557471126,0.0671433052247648,0.926027629098302,0.8,0.1985906694496927,0.0704472438437535,0.7500916570039571,0.1594203260325657,20,20,20,C012,band,wf2023,S004_C012_wf2023,
202306,20,0.0430647419782168,0.0868417892476729,0.4958988333991614,0.8,0.1063435707499331,0.4342929313976864,0.7835540207120079,0.1140627618026643,20,20,20,C012,band,wf2023,S004_C012_wf2023,
202307,21,0.0913676278320423,0.063150464320283,1.4468243237080416,0.8571428571428571,0.2672875634238922,0.3515507764779456,0.7958826538842584,0.177968523994707,21,21,21,C012,band,wf2023,S004_C012_wf2023,
202308,23,0.0284708169870269,0.1089280497982788,0.261372686280084,0.6086956521739131,0.0595103304250952,-0.3613639140154334,0.7739892725201538,0.0970446441662931,23,23,23,C012,band,wf2023,S004_C012_wf2023,
202309,20,0.0139182095042447,0.0642768576308748,0.2165353132876118,0.65,-0.1232738518904307,-0.2281194048161093,0.8056705693804049,0.0268839574204471,20,20,20,C012,band,wf2023,S004_C012_wf2023,
202310,17,0.0301807538479384,0.0697233908274505,0.4328641147506565,0.6470588235294118,0.0083911299447255,-0.0677162662380229,0.7579035080698246,0.0872185881016456,17,17,17,C012,band,wf2023,S004_C012_wf2023,
202311,22,0.0845806605976824,0.0849514182725129,0.9956356505592264,0.9090909090909092,0.3670071733495318,0.7582557951136675,0.8200262828630183,0.197926531385027,22,22,22,C012,band,wf2023,S004_C012_wf2023,
202312,21,0.0644861189407098,0.059280092291569,1.087820825641346,0.9047619047619048,0.2848919499853294,-0.0259784940215014,0.7764497992351211,0.1783270928013464,21,21,21,C012,band,wf2023,S004_C012_wf2023,
202101,20,0.0844551119404126,0.0920666534739914,0.917325749917379,0.8,0.6115366171208783,-0.4409849052693522,0.7598739418377917,0.289280847361091,20,20,19,C013,band,wf2021,S004_C013_wf2021,
202102,15,0.0888375781588025,0.0826098723810359,1.0753869434520058,0.8,0.5176413856425677,1.284973481622959,0.7762103294281144,0.257964348127857,15,15,15,C013,band,wf2021,S004_C013_wf2021,
202103,23,0.1028229201179973,0.0536003858554305,1.918324252279236,0.9565217391304348,0.679880688381563,0.6451450518391736,0.8057977089405464,0.3033540618795039,23,23,23,C013,band,wf2021,S004_C013_wf2021,
202104,21,0.0720805239950627,0.0528484282542128,1.3639104581945043,0.9047619047619048,0.5566907959291104,0.5564024206005765,0.8246810092181798,0.2484351456113043,21,21,21,C013,band,wf2021,S004_C013_wf2021,
202105,18,0.0755746396509742,0.0474672875166842,1.5921415274553146,1.0,0.6651729858415646,1.4373777169363242,0.8224393754071093,0.2830499389907263,18,18,18,C013,band,wf2021,S004_C013_wf2021,
202106,21,0.0783287824783495,0.0554985307427151,1.4113667772841203,0.9523809523809524,0.7023028775021628,0.6907311674910589,0.8173570850479887,0.2968152507275921,21,21,21,C013,band,wf2021,S004_C013_wf2021,
202107,22,0.0718684347805213,0.0519453689478007,1.383538826199136,0.9545454545454546,0.8110093655681231,0.995207288130334,0.8106645916415519,0.3288508060901798,22,22,22,C013,band,wf2021,S004_C013_wf2021,
202108,22,0.0843610357417597,0.0662239579435353,1.2738748688758323,0.8636363636363636,0.3115582438232668,0.7088647288042512,0.8047118963030052,0.1857983185527824,22,22,22,C013,band,wf2021,S004_C013_wf2021,
202109,20,0.0773793102754328,0.0832054770211013,0.9299785668653648,0.8,0.4128824680316181,0.4094967562736283,0.8224183544066801,0.2080909581976545,20,20,20,C013,band,wf2021,S004_C013_wf2021,
202110,16,0.0535409348072973,0.0462442403551922,1.1577860160759643,0.875,0.4269316386314294,-0.0105249743954057,0.7692583202093155,0.2187183694495531,16,16,16,C013,band,wf2021,S004_C013_wf2021,
202111,22,0.0888706942779909,0.0558205259984449,1.592079126600611,0.9090909090909092,0.4266049831515072,1.4398515533991842,0.8329461298260679,0.2136459337088281,22,22,22,C013,band,wf2021,S004_C013_wf2021,
202112,23,0.0695485225596093,0.0657174359280518,1.0582963497807767,0.8695652173913043,0.1780660164065011,0.4821510967411623,0.8283912448723622,0.1327218404840854,23,23,23,C013,band,wf2021,S004_C013_wf2021,
202201,19,0.109624346099552,0.0843806022702234,1.2991652482935254,0.9473684210526316,0.6119648235268386,-0.6324257444411816,0.8066539009567791,0.2854430152108386,19,19,18,C013,band,wf2022,S004_C013_wf2022,
202202,16,0.0956183397061777,0.0612494157896904,1.5611306405680416,0.9375,0.5655902294167288,1.180051354235335,0.8007002733014272,0.2677143227170615,16,16,16,C013,band,wf2022,S004_C013_wf2022,
202203,23,0.0624841794101132,0.0575435629749666,1.085858716070395,0.9130434782608696,0.178003146284785,-0.5158377469490022,0.7982126932706073,0.1389308076682986,23,23,23,C013,band,wf2022,S004_C013_wf2022,
202204,19,0.0889964516597425,0.1148763303131567,0.7747153083418943,0.8421052631578947,0.4008467493399024,-1.4687924805634556,0.7542650764095322,0.229573082543008,19,19,19,C013,band,wf2022,S004_C013_wf2022,
202205,19,0.1279832195960971,0.0537710353149226,2.380151671741736,1.0,0.6065474631224784,1.7261495614832594,0.7824658182993262,0.2984177812853845,19,19,19,C013,band,wf2022,S004_C013_wf2022,
202206,21,0.1025278159957883,0.0763283774732557,1.3432463703517412,0.9523809523809524,0.5163634514157568,1.2741028922364166,0.8230751194198722,0.2489976259970807,21,21,21,C013,band,wf2022,S004_C013_wf2022,
202207,21,0.0923000062077143,0.0765994574743462,1.204969450842734,0.8571428571428571,0.5979096226953258,0.9386240139483356,0.8187891592199938,0.2706561415256853,21,21,21,C013,band,wf2022,S004_C013_wf2022,
202208,23,0.0610829548399752,0.0999744937690728,0.6109853877436818,0.7391304347826086,0.0804290558913385,-0.3506720291967786,0.8195664120242262,0.1026919750961238,23,23,23,C013,band,wf2022,S004_C013_wf2022,
202209,21,0.0606685853809138,0.0865028890715871,0.7013475044828429,0.7142857142857143,0.4209071084467458,-0.8288720495731217,0.8029702777562944,0.2096484833595009,21,21,21,C013,band,wf2022,S004_C013_wf2022,
202210,16,0.1241643355589762,0.0901999457093279,1.3765455686536625,0.9375,0.9396446160120768,2.0085840497312226,0.8171521229916232,0.3864134821297265,16,16,16,C013,band,wf2022,S004_C013_wf2022,
202211,22,0.1100698270853131,0.1015218496786887,1.0841984009715966,0.8181818181818182,0.5437683984095341,1.2294903930335948,0.8389034569965211,0.2554874132580291,22,22,22,C013,band,wf2022,S004_C013_wf2022,
202212,22,0.0838236050138133,0.0835124005219214,1.0037264464911446,0.7727272727272727,0.919800424464226,0.6103596194172977,0.8283226524675181,0.3609727736045378,22,22,22,C013,band,wf2022,S004_C013_wf2022,
202301,16,0.0678771329286683,0.0723272833443087,0.9384720369703944,0.75,-0.0787680933103414,0.966771179394166,0.8515359279309469,0.0480596467990808,16,16,15,C013,band,wf2023,S004_C013_wf2023,
202302,20,0.1236839141537005,0.059480519836785,2.0794020377274807,0.95,0.6556083631910761,0.9486199329545694,0.8687340941779516,0.2855358463654175,20,20,20,C013,band,wf2023,S004_C013_wf2023,
202303,23,0.0661056330485072,0.0778052484645419,0.8496294832685156,0.782608695652174,0.4409608559709101,0.2550654521778402,0.8470713096873588,0.2046091171044682,23,23,23,C013,band,wf2023,S004_C013_wf2023,
202304,19,0.0560616496438687,0.0826325599372769,0.6784450304628454,0.7368421052631579,0.3727238910036574,-0.0686884328763185,0.827314135360701,0.1860475865504344,19,19,19,C013,band,wf2023,S004_C013_wf2023,
202305,20,0.0624239398178883,0.0671820868703977,0.9291753609606022,0.8,0.236817560331416,0.1086741347254768,0.7962236812828953,0.1571477396417115,20,20,20,C013,band,wf2023,S004_C013_wf2023,
202306,20,0.0432540841862177,0.0871116126019454,0.4965363732142844,0.8,0.1325233101172042,0.4604726707649575,0.8315408804570374,0.1075963625725371,20,20,20,C013,band,wf2023,S004_C013_wf2023,
202307,21,0.0913850437084617,0.0631771948570211,1.44648783339113,0.8571428571428571,0.2585297029318186,0.3427929159858721,0.8398828946828893,0.1621480599580634,21,21,21,C013,band,wf2023,S004_C013_wf2023,
202308,23,0.0284503855157098,0.1090853957973966,0.260808381431282,0.6086956521739131,0.0331185461485814,-0.3877556982919471,0.8238179897657748,0.0741703211211259,23,23,23,C013,band,wf2023,S004_C013_wf2023,
202309,20,0.0140593178564588,0.0644803742562177,0.2180402644778872,0.65,-0.114597731342027,-0.2194432842677056,0.8410312632361002,0.0189350287691453,20,20,20,C013,band,wf2023,S004_C013_wf2023,
202310,17,0.0303405314862265,0.0697220412255713,0.4351641310681933,0.6470588235294118,0.022940274218328,-0.0531671219644204,0.8072584795019746,0.0768407510093966,17,17,17,C013,band,wf2023,S004_C013_wf2023,
202311,22,0.0846735121119527,0.0851006549397852,0.9949807339539904,0.9090909090909092,0.3637715822979254,0.7550202040620608,0.860628139833432,0.1848124375841291,22,22,22,C013,band,wf2023,S004_C013_wf2023,
202312,21,0.0645365960582607,0.0593191286826959,1.0879559004225037,0.9047619047619048,0.29899627914647,-0.0118741648603607,0.8204472551190852,0.1693793456315197,21,21,21,C013,band,wf2023,S004_C013_wf2023,
202101,20,0.0843554862723492,0.0918717644930174,0.9181872878773388,0.8,0.6095180103346458,-0.4430035120555846,0.8357028304402672,0.2658867484772533,20,20,19,C014,band,wf2021,S004_C014_wf2021,
202102,15,0.0888913071889092,0.0824441512604362,1.0782002826144312,0.8,0.5139762026070185,1.2813082985874096,0.8498846674608659,0.2347839834194094,15,15,15,C014,band,wf2021,S004_C014_wf2021,
202103,23,0.1029345849355998,0.0535677041353212,1.9215791790435783,0.9565217391304348,0.6820590900621046,0.6473234535197151,0.8625126920537857,0.2870377533767356,23,23,23,C014,band,wf2021,S004_C014_wf2021,
202104,21,0.0721484374339671,0.0529178935562305,1.3634034271848363,0.9047619047619048,0.5566907959291104,0.5564024206005765,0.8782185294426064,0.232401054919538,21,21,21,C014,band,wf2021,S004_C014_wf2021,
202105,18,0.0755369957155444,0.0474708639773555,1.591228585002729,1.0,0.6651729858415646,1.4373777169363242,0.8770590862644224,0.2666489681593604,18,18,18,C014,band,wf2021,S004_C014_wf2021,
202106,21,0.0783391084290422,0.0554349229177613,1.413172496789786,0.9523809523809524,0.7023028775021628,0.6907311674910589,0.8707425884123536,0.2808037300985596,21,21,21,C014,band,wf2021,S004_C014_wf2021,
202107,22,0.0719432991319342,0.0519038298451827,1.3860884514018443,0.9545454545454546,0.8064908095151855,0.9906887320773964,0.8672882248834294,0.3105380950423004,22,22,22,C014,band,wf2021,S004_C014_wf2021,
202108,22,0.0843421544211296,0.0662950913773331,1.2722232169660606,0.8636363636363636,0.3120848119790502,0.7093912969600347,0.8603310966151738,0.1692629763776147,22,22,22,C014,band,wf2021,S004_C014_wf2021,
202109,20,0.0774438687757231,0.0831638145151356,0.931220738577696,0.8,0.4171391658885909,0.4137534541306011,0.8784514068553616,0.192583875220258,20,20,20,C014,band,wf2021,S004_C014_wf2021,
202110,16,0.0536720578176538,0.0463261919270941,1.1585683084446112,0.875,0.4154350215139987,-0.0220215915128363,0.8364262011579402,0.1951714692338791,16,16,16,C014,band,wf2021,S004_C014_wf2021,
202111,22,0.0889293645337034,0.0559793104112542,1.5886112901423826,0.9090909090909092,0.4244331522305104,1.437679722478187,0.881107527774022,0.1985694331504279,22,22,22,C014,band,wf2021,S004_C014_wf2021,
202112,23,0.069511661546864,0.0656661550776107,1.0585614684567468,0.8695652173913043,0.1726745969857614,0.4767596773204225,0.8801751181249956,0.1155545082769753,23,23,23,C014,band,wf2021,S004_C014_wf2021,
202201,19,0.1097099083749766,0.084389379609986,1.3000440207288164,0.9473684210526316,0.6160446355584157,-0.6283459324096043,0.8650960580398537,0.2691685366055592,19,19,18,C014,band,wf2022,S004_C014_wf2022,
202202,16,0.0957850954061197,0.0613293255827517,1.561815566957064,0.9375,0.558515771230687,1.1729768960492932,0.8596465715678782,0.2479747980612905,16,16,16,C014,band,wf2022,S004_C014_wf2022,
202203,23,0.0624920500720125,0.0574763119307547,1.087266179279223,0.9130434782608696,0.174490170826532,-0.5193507224072551,0.8567504430689585,0.120318738356077,23,23,23,C014,band,wf2022,S004_C014_wf2022,
202204,19,0.0891484755640913,0.114779369977639,0.7766942402755734,0.8421052631578947,0.4169266052495159,-1.452712624653842,0.8275743928326055,0.2124650539507096,19,19,19,C014,band,wf2022,S004_C014_wf2022,
202205,19,0.1281137674878319,0.0537517441905261,2.3834346106746844,1.0,0.6181460513662963,1.737748149727077,0.8498536120912915,0.2817332387776342,19,19,19,C014,band,wf2022,S004_C014_wf2022,
202206,21,0.102596583625641,0.0763992562325346,1.342900293601945,0.9523809523809524,0.5273936313106793,1.285133072131339,0.8797287046956731,0.2353381114347582,21,21,21,C014,band,wf2022,S004_C014_wf2022,
202207,21,0.0923340738219516,0.0766810445034166,1.2041316653927117,0.8571428571428571,0.6039022088772771,0.9446166001302873,0.8737013067357212,0.2559939001712474,21,21,21,C014,band,wf2022,S004_C014_wf2022,
202208,23,0.0610939174134713,0.100065122545337,0.6105415739214353,0.7391304347826086,0.0736171441769737,-0.3574839409111431,0.8742632480990696,0.0842437357887598,23,23,23,C014,band,wf2022,S004_C014_wf2022,
202209,21,0.0607892053526306,0.0865255213070056,0.7025580942406733,0.7142857142857143,0.4158588220208979,-0.8339203359989698,0.859634886854385,0.1911828626910061,21,21,21,C014,band,wf2022,S004_C014_wf2022,
202210,16,0.1242696422191154,0.0900877290501497,1.3794291800821994,0.9375,0.9375789181169448,2.0065183518360907,0.8749498251089929,0.3684965847900317,16,16,16,C014,band,wf2022,S004_C014_wf2022,
202211,22,0.110118187291185,0.1014906707875232,1.085007975971743,0.8181818181818182,0.5418854886164597,1.2276074832405204,0.886894824169087,0.2405444742506858,22,22,22,C014,band,wf2022,S004_C014_wf2022,
202212,22,0.0837877108201743,0.0835320681508529,1.003060413503228,0.7727272727272727,0.9030793922720228,0.5936385872250943,0.8797264581179594,0.3405209645742887,22,22,22,C014,band,wf2022,S004_C014_wf2022,
202301,16,0.0679015050800447,0.0724415503124344,0.9373281602504532,0.8125,-0.0760469153900253,0.969492357314482,0.8962094104395472,0.0354837042831461,16,16,15,C014,band,wf2023,S004_C014_wf2023,
202302,20,0.123806930469473,0.0595670023610569,2.0784482274101186,0.95,0.6546421493883817,0.9476537191518754,0.9139495873792128,0.2717305407905399,20,20,20,C014,band,wf2023,S004_C014_wf2023,
202303,23,0.0660463595946522,0.0778894918767173,0.847949550103494,0.782608695652174,0.4384413096010838,0.252545905808014,0.8918211636434465,0.190404587625152,23,23,23,C014,band,wf2023,S004_C014_wf2023,
202304,19,0.0561822794499137,0.0827108031904012,0.6792616838767899,0.7368421052631579,0.3911541507375065,-0.0502581731424694,0.8783733434533861,0.1763071539652016,19,19,19,C014,band,wf2023,S004_C014_wf2023,
202305,20,0.0625576262543055,0.0671812211304831,0.931177272482182,0.8,0.2211045525388918,0.0929611269329526,0.8552950320473818,0.1347659066491752,20,20,20,C014,band,wf2023,S004_C014_wf2023,
202306,20,0.0433010438596213,0.0871552567555212,0.4968265308549874,0.8,0.1254888896021697,0.4534382502499231,0.8776760254468388,0.0916642767904478,20,20,20,C014,band,wf2023,S004_C014_wf2023,
202307,21,0.0913554684901857,0.063222492263767,1.444983663551994,0.8571428571428571,0.2647496287307864,0.3490128417848398,0.8869461396698438,0.149883234114357,21,21,21,C014,band,wf2023,S004_C014_wf2023,
202308,23,0.0284174173905452,0.1091111231785325,0.260444733430591,0.6086956521739131,0.0253907607210193,-0.3954834837195091,0.8754298313403414,0.0563552457704214,23,23,23,C014,band,wf2023,S004_C014_wf2023,
202309,20,0.0141313160993794,0.0645603028408423,0.2188855299241197,0.65,-0.1023605619964644,-0.207206114922143,0.8871589588130424,0.0087966701968997,20,20,20,C014,band,wf2023,S004_C014_wf2023,
202310,17,0.0304675002800486,0.0697398781262692,0.4368734373880741,0.6470588235294118,0.0478456688750925,-0.028261727307656,0.8665158370834305,0.066585949649518,17,17,17,C014,band,wf2023,S004_C014_wf2023,
202311,22,0.0847264844864635,0.0851196635581263,0.9953808667089676,0.9090909090909092,0.3900259570509366,0.7812745788150721,0.9042289574978896,0.1796296936604995,22,22,22,C014,band,wf2023,S004_C014_wf2023,
202312,21,0.0645707706801088,0.0593269715923296,1.088388113315684,0.9047619047619048,0.3067771450728215,-0.0040932989340093,0.8698254794784923,0.1569138079503423,21,21,21,C014,band,wf2023,S004_C014_wf2023,
202101,20,0.0843243642744292,0.0919533517501447,0.9170341555743946,0.8,0.6095180103346458,-0.4430035120555846,0.8361023272141669,0.2657544506459153,20,20,19,C015,band,wf2021,S004_C015_wf2021,
202102,15,0.0889682435520937,0.0824378406465,1.0792160839534428,0.8,0.5139762026070185,1.2813082985874096,0.8505512530883423,0.2346147822764403,15,15,15,C015,band,wf2021,S004_C015_wf2021,
202103,23,0.1030323013079832,0.0535723478782541,1.9232366209173688,0.9565217391304348,0.6820590900621046,0.6473234535197151,0.8628960650698841,0.2869618280208594,23,23,23,C015,band,wf2021,S004_C015_wf2021,
202104,21,0.0722082712092844,0.0529060108104236,1.364840593784814,0.9047619047619048,0.5566907959291104,0.5564024206005765,0.8785393587206923,0.2323287396462391,21,21,21,C015,band,wf2021,S004_C015_wf2021,
202105,18,0.0755912540036735,0.0475247968718968,1.5905644837879036,1.0,0.6651729858415646,1.4373777169363242,0.8773718158235106,0.2665768526068856,18,18,18,C015,band,wf2021,S004_C015_wf2021,
202106,21,0.0783655978731692,0.0554220312416641,1.4139791724966049,0.9523809523809524,0.7023028775021628,0.6907311674910589,0.8709427497571239,0.2807542774727793,21,21,21,C015,band,wf2021,S004_C015_wf2021,
202107,22,0.0719909045246402,0.0519233195311045,1.386485016265462,0.9545454545454546,0.8064908095151855,0.9906887320773964,0.8674196935511098,0.3105176965990788,22,22,22,C015,band,wf2021,S004_C015_wf2021,
202108,22,0.0842626821823807,0.0663229486924874,1.2704905895103142,0.8636363636363636,0.3120848119790502,0.7093912969600347,0.8605322787969958,0.1691708328275686,22,22,22,C015,band,wf2021,S004_C015_wf2021,
202109,20,0.077441426511422,0.0831674544795992,0.9311506165000896,0.8,0.4171391658885909,0.4137534541306011,0.8787937676159068,0.192480190086374,20,20,20,C015,band,wf2021,S004_C015_wf2021,
202110,16,0.0536914612544738,0.0463651008588227,1.158014546716055,0.875,0.4154350215139987,-0.0220215915128363,0.8364205841200235,0.1951809157199821,16,16,16,C015,band,wf2021,S004_C015_wf2021,
202111,22,0.0889255795361182,0.0560147653275889,1.587538196689003,0.9090909090909092,0.4244331522305104,1.437679722478187,0.8812247263452833,0.1985327595800154,22,22,22,C015,band,wf2021,S004_C015_wf2021,
202112,23,0.069497911650415,0.065569849436278,1.059906530942311,0.8695652173913043,0.1726745969857614,0.4767596773204225,0.8804682991929783,0.1154610539980009,23,23,23,C015,band,wf2021,S004_C015_wf2021,
202201,19,0.1097306838013353,0.0844080644812995,1.3000023691533178,0.9473684210526316,0.6160446355584157,-0.6283459324096043,0.8654181942671275,0.2690802059079206,19,19,18,C015,band,wf2022,S004_C015_wf2022,
202202,16,0.0958895367915295,0.0613405090334612,1.5632334700584538,0.9375,0.558515771230687,1.1729768960492932,0.8600059691199162,0.247908755349843,16,16,16,C015,band,wf2022,S004_C015_wf2022,
202203,23,0.0625590006896693,0.0573889031844783,1.0900888014634382,0.9130434782608696,0.174490170826532,-0.5193507224072551,0.8570006341644204,0.1202704612745012,23,23,23,C015,band,wf2022,S004_C015_wf2022,
202204,19,0.0891287584163392,0.1147761124102915,0.77654449645175,0.8421052631578947,0.4169266052495159,-1.452712624653842,0.8281681099243504,0.2122790519640853,19,19,19,C015,band,wf2022,S004_C015_wf2022,
202205,19,0.1282047568096157,0.0537749715394723,2.3840971578294505,1.0,0.6181460513662963,1.737748149727077,0.8502539532998054,0.2816495321437935,19,19,19,C015,band,wf2022,S004_C015_wf2022,
202206,21,0.1026486603380654,0.0764389025671624,1.3428850610181646,0.9523809523809524,0.5273936313106793,1.285133072131339,0.8799364640335114,0.2352966143183765,21,21,21,C015,band,wf2022,S004_C015_wf2022,
202207,21,0.0923462930067619,0.0766879484914495,1.2041825974397828,0.8571428571428571,0.6039022088772771,0.9446166001302873,0.8740229783098596,0.25590228637293,21,21,21,C015,band,wf2022,S004_C015_wf2022,
202208,23,0.0611125550411405,0.1000655858190195,0.6107250014172693,0.7391304347826086,0.0736171441769737,-0.3574839409111431,0.8743825661151906,0.0842153954349911,23,23,23,C015,band,wf2022,S004_C015_wf2022,
202209,21,0.060852098285355,0.0864994695869009,0.7034967795290409,0.7142857142857143,0.4158588220208979,-0.8339203359989698,0.8598475747012638,0.1911442135100322,21,21,21,C015,band,wf2022,S004_C015_wf2022,
202210,16,0.1243296421553221,0.0900135284855562,1.3812328462967909,0.9375,0.9375789181169448,2.0065183518360907,0.8751252313517399,0.3684679628916902,16,16,16,C015,band,wf2022,S004_C015_wf2022,
202211,22,0.1101637336057563,0.1014667793711422,1.0857123315484627,0.8181818181818182,0.5418854886164597,1.2276074832405204,0.8870764070590514,0.240508217909525,22,22,22,C015,band,wf2022,S004_C015_wf2022,
202212,22,0.0838161996190173,0.0835071916456409,1.0037003755878615,0.7727272727272727,0.9030793922720228,0.5936385872250943,0.8799080295573798,0.3404778886619998,22,22,22,C015,band,wf2022,S004_C015_wf2022,
202301,16,0.0679076793679765,0.0724451391289958,0.9373669535931192,0.8125,-0.0760469153900253,0.969492357314482,0.8963023444199762,0.0354582938041901,16,16,15,C015,band,wf2023,S004_C015_wf2023,
202302,20,0.1238316117392668,0.0595476089000085,2.07953961589294,0.95,0.6546421493883817,0.9476537191518754,0.9143331988993249,0.2716253298424238,20,20,20,C015,band,wf2023,S004_C015_wf2023,
202303,23,0.0660677379945316,0.0778895347388048,0.8482235542436286,0.782608695652174,0.4384413096010838,0.252545905808014,0.8919363651608153,0.1903785785298932,23,23,23,C015,band,wf2023,S004_C015_wf2023,
202304,19,0.0561803970214715,0.0827213724487301,0.6791521387812027,0.7368421052631579,0.3911541507375065,-0.0502581731424694,0.8784414594232232,0.1762859662028736,19,19,19,C015,band,wf2023,S004_C015_wf2023,
202305,20,0.0625462680788862,0.0671505480386905,0.9314334715905604,0.8,0.2211045525388918,0.0929611269329526,0.8555050983689693,0.1346983434825313,20,20,20,C015,band,wf2023,S004_C015_wf2023,
202306,20,0.0433068489984283,0.0871240084598458,0.4970713556916731,0.8,0.1254888896021697,0.4534382502499231,0.8780739560247884,0.0915472196725857,20,20,20,C015,band,wf2023,S004_C015_wf2023,
202307,21,0.0913095278443719,0.0632495815959603,1.4436384485143186,0.8571428571428571,0.2647496287307864,0.3490128417848398,0.8871322272495945,0.1498090315821063,21,21,21,C015,band,wf2023,S004_C015_wf2023,
202308,23,0.0284365563697364,0.1091205793688374,0.2605975567048473,0.6086956521739131,0.0253907607210193,-0.3954834837195091,0.8755631692507605,0.0563228999889722,23,23,23,C015,band,wf2023,S004_C015_wf2023,
202309,20,0.0141554311895204,0.0645570394386968,0.219270141762966,0.65,-0.1023605619964644,-0.207206114922143,0.8872351061379037,0.0087834720354977,20,20,20,C015,band,wf2023,S004_C015_wf2023,
202310,17,0.0304937800870391,0.0697231503998407,0.4373551670021613,0.6470588235294118,0.0478456688750925,-0.028261727307656,0.8668571678010633,0.0664940623570244,17,17,17,C015,band,wf2023,S004_C015_wf2023,
202311,22,0.0847523886179629,0.0851532611452897,0.9952923408694488,0.9090909090909092,0.3900259570509366,0.7812745788150721,0.9044585892375804,0.179571165791192,22,22,22,C015,band,wf2023,S004_C015_wf2023,
202312,21,0.0646043242617088,0.059317353816523,1.0891302478114449,0.9047619047619048,0.3067771450728215,-0.0040932989340093,0.8702302152705651,0.1568058086453604,21,21,21,C015,band,wf2023,S004_C015_wf2023,
202101,20,0.0842793766721734,0.0920418425150069,0.9156637282487262,0.8,0.6095180103346458,-0.4430035120555846,0.8361023272141669,0.265736455605013,20,20,19,C016,band,wf2021,S004_C016_wf2021,
202102,15,0.0890256244175062,0.0824479185660951,1.079780132304226,0.8,0.5139762026070185,1.2813082985874096,0.8505512530883423,0.2346377346226053,15,15,15,C016,band,wf2021,S004_C016_wf2021,
202103,23,0.1031160853602679,0.0535713956747134,1.924834775378838,0.9565217391304348,0.6820590900621046,0.6473234535197151,0.8628960650698841,0.2869953416417733,23,23,23,C016,band,wf2021,S004_C016_wf2021,
202104,21,0.072268893292491,0.0528947262612458,1.3662778579391193,0.9047619047619048,0.5566907959291104,0.5564024206005765,0.8785393587206923,0.2323529884795218,21,21,21,C016,band,wf2021,S004_C016_wf2021,
202105,18,0.0756596646825137,0.0475942073576787,1.5896822088855953,1.0,0.6651729858415646,1.4373777169363242,0.8773718158235106,0.2666042168784217,18,18,18,C016,band,wf2021,S004_C016_wf2021,
202106,21,0.0784050575639136,0.055406637747699,1.4150841984121223,0.9523809523809524,0.7023028775021628,0.6907311674910589,0.8709427497571239,0.2807700613490771,21,21,21,C016,band,wf2021,S004_C016_wf2021,
202107,22,0.072041363688461,0.0519214188857091,1.3875076073525745,0.9545454545454546,0.8064908095151855,0.9906887320773964,0.8674196935511098,0.3105378802646071,22,22,22,C016,band,wf2021,S004_C016_wf2021,
202108,22,0.0841728649982753,0.0663398433571932,1.2688131406199403,0.8636363636363636,0.3120848119790502,0.7093912969600347,0.8605322787969958,0.1691349059539264,22,22,22,C016,band,wf2021,S004_C016_wf2021,
202109,20,0.0774380071742517,0.0831654475216499,0.9311319722543756,0.8,0.4171391658885909,0.4137534541306011,0.8787937676159068,0.1924788223515059,20,20,20,C016,band,wf2021,S004_C016_wf2021,
202110,16,0.0537129494618485,0.0464042629769801,1.1575003246683189,0.875,0.4154350215139987,-0.0220215915128363,0.8364205841200235,0.195189511002932,16,16,16,C016,band,wf2021,S004_C016_wf2021,
202111,22,0.0889147476055441,0.0560568728099526,1.5861524760217751,0.9090909090909092,0.4244331522305104,1.437679722478187,0.8812247263452833,0.1985284268077858,22,22,22,C016,band,wf2021,S004_C016_wf2021,
202112,23,0.0694961078267958,0.0654607782333974,1.0616449987656822,0.8695652173913043,0.1726745969857614,0.4767596773204225,0.8804682991929783,0.1154603324685532,23,23,23,C016,band,wf2021,S004_C016_wf2021,
202201,19,0.1097255210216565,0.0844252875099378,1.299676012459425,0.9473684210526316,0.6160446355584157,-0.6283459324096043,0.8654181942671275,0.2690781407960491,19,19,18,C016,band,wf2022,S004_C016_wf2022,
202202,16,0.095981752815242,0.0613607782595298,1.564219938822813,0.9375,0.558515771230687,1.1729768960492932,0.8600059691199162,0.247945641759328,16,16,16,C016,band,wf2022,S004_C016_wf2022,
202203,23,0.0626020185823248,0.0572934268018671,1.0926562099142012,0.9130434782608696,0.174490170826532,-0.5193507224072551,0.8570006341644204,0.1202876684315634,23,23,23,C016,band,wf2022,S004_C016_wf2022,
202204,19,0.0890638580675399,0.1147840198544889,0.775925587729422,0.8421052631578947,0.4169266052495159,-1.452712624653842,0.8281681099243504,0.2122530918245656,19,19,19,C016,band,wf2022,S004_C016_wf2022,
202205,19,0.1282729819101709,0.0537996315617713,2.3842724975335816,1.0,0.6181460513662963,1.737748149727077,0.8502539532998054,0.2816768221840157,19,19,19,C016,band,wf2022,S004_C016_wf2022,
202206,21,0.1026852106605213,0.076487813747393,1.3425041928855133,0.9523809523809524,0.5273936313106793,1.285133072131339,0.8799364640335114,0.2353112344473589,21,21,21,C016,band,wf2022,S004_C016_wf2022,
202207,21,0.0923487438700099,0.0766838337351005,1.2042791729613165,0.8571428571428571,0.6039022088772771,0.9446166001302873,0.8740229783098596,0.2559032667182292,21,21,21,C016,band,wf2022,S004_C016_wf2022,
202208,23,0.061131642436888,0.100068594259797,0.6108973838303223,0.7391304347826086,0.0736171441769737,-0.3574839409111431,0.8743825661151906,0.0842230303932901,23,23,23,C016,band,wf2022,S004_C016_wf2022,
202209,21,0.0609089443182289,0.0864691643035175,0.7044007515145045,0.7142857142857143,0.4158588220208979,-0.8339203359989698,0.8598475747012638,0.1911669519231818,21,21,21,C016,band,wf2022,S004_C016_wf2022,
202210,16,0.1243832004287968,0.0899450649380129,1.3828796556488951,0.9375,0.9375789181169448,2.0065183518360907,0.8751252313517399,0.3684893862010802,16,16,16,C016,band,wf2022,S004_C016_wf2022,
202211,22,0.1101903030249289,0.1014436150168867,1.086222163973417,0.8181818181818182,0.5418854886164597,1.2276074832405204,0.8870764070590514,0.240518845677194,22,22,22,C016,band,wf2022,S004_C016_wf2022,
202212,22,0.0838425001640156,0.0834918767290052,1.0041994916002233,0.7727272727272727,0.9030793922720228,0.5936385872250943,0.8799080295573798,0.3404884088799991,22,22,22,C016,band,wf2022,S004_C016_wf2022,
202301,16,0.0679064602228,0.0724477145633929,0.9373168033255316,0.8125,-0.0760469153900253,0.969492357314482,0.8963023444199762,0.0354578061461195,16,16,15,C016,band,wf2023,S004_C016_wf2023,
202302,20,0.1238559050481969,0.0595222179132348,2.080834844372583,0.95,0.6546421493883817,0.9476537191518754,0.9143331988993249,0.2716350471659958,20,20,20,C016,band,wf2023,S004_C016_wf2023,
202303,23,0.0660858243716392,0.0778895394395802,0.8484557085217166,0.782608695652174,0.4384413096010838,0.252545905808014,0.8919363651608153,0.1903858130807362,23,23,23,C016,band,wf2023,S004_C016_wf2023,
202304,19,0.0561766421504414,0.0827330475502918,0.6790109129763747,0.7368421052631579,0.3911541507375065,-0.0502581731424694,0.8784414594232232,0.1762844642544615,19,19,19,C016,band,wf2023,S004_C016_wf2023,
202305,20,0.0625300352898579,0.067121944706605,0.9315885521967724,0.8,0.2211045525388918,0.0929611269329526,0.8555050983689693,0.1346918503669199,20,20,20,C016,band,wf2023,S004_C016_wf2023,
202306,20,0.0433155034104501,0.0870854925505291,0.4973905772573706,0.8,0.1254888896021697,0.4534382502499231,0.8780739560247884,0.0915506814373944,20,20,20,C016,band,wf2023,S004_C016_wf2023,
202307,21,0.0912594635578955,0.0632740032594377,1.4422900220760664,0.8571428571428571,0.2647496287307864,0.3490128417848398,0.8871322272495945,0.1497890058675158,21,21,21,C016,band,wf2023,S004_C016_wf2023,
202308,23,0.0284541396690604,0.1091349433527816,0.2607243729176793,0.6086956521739131,0.0253907607210193,-0.3954834837195091,0.8755631692507605,0.0563299333087018,23,23,23,C016,band,wf2023,S004_C016_wf2023,
202309,20,0.0141639685553983,0.0645671953382141,0.219367876848375,0.65,-0.1023605619964644,-0.207206114922143,0.8872351061379037,0.0087868869818488,20,20,20,C016,band,wf2023,S004_C016_wf2023,
202310,17,0.0305214234936902,0.0697060326375134,0.4378591398596487,0.6470588235294118,0.0478456688750925,-0.028261727307656,0.8668571678010633,0.0665051197196848,17,17,17,C016,band,wf2023,S004_C016_wf2023,
202311,22,0.0847780635685362,0.0851850781634187,0.9952219965790058,0.9090909090909092,0.3900259570509366,0.7812745788150721,0.9044585892375804,0.1795814357714214,22,22,22,C016,band,wf2023,S004_C016_wf2023,
202312,21,0.0646341319309854,0.0593111439441829,1.0897468440637712,0.9047619047619048,0.3067771450728215,-0.0040932989340093,0.8702302152705651,0.1568177317130711,21,21,21,C016,band,wf2023,S004_C016_wf2023,
202101,20,0.072034654682582,0.07923001549767,0.9091839024656052,0.8,0.3705751113825375,-0.681946411007693,0.0310517573679839,0.4306708680773989,20,20,19,C017,band,wf2021,S004_C017_wf2021,
202102,15,0.0743646704620839,0.0765173357653616,0.9718669595360868,0.7333333333333333,0.1191973825841065,0.8865294785644976,0.0259476383872762,0.3577207914438826,15,15,15,C017,band,wf2021,S004_C017_wf2021,
202103,23,0.0836094033891384,0.0491912961902197,1.6996788022382263,0.9565217391304348,0.2675668216649076,0.2328311851225181,0.02133706473854,0.4073126884335656,23,23,23,C017,band,wf2021,S004_C017_wf2021,
202104,21,0.0610571839630049,0.0371414302641469,1.6439104129477768,0.9523809523809524,0.1499340242394079,0.1496456489108742,0.0177050310112154,0.3640915715536597,21,21,21,C017,band,wf2021,S004_C017_wf2021,
202105,18,0.0650706901235293,0.0460692089411152,1.4124551217430574,0.9444444444444444,0.3380375399643263,1.1102422710590862,0.0189284636963368,0.4217609989298085,18,18,18,C017,band,wf2021,S004_C017_wf2021,
202106,21,0.0656754715615623,0.0493135086629721,1.3317947422969691,0.9523809523809524,0.3602316096601409,0.3486598996490372,0.0211464082009504,0.427995749062382,21,21,21,C017,band,wf2021,S004_C017_wf2021,
202107,22,0.0628298675211711,0.0454477545059299,1.3824636267337091,0.9545454545454546,0.3607443298570369,0.5449422524192478,0.0247917365163752,0.425917725010667,22,22,22,C017,band,wf2021,S004_C017_wf2021,
202108,22,0.0659279393675636,0.056855009096241,1.1595801392972138,0.7727272727272727,0.0513088300910034,0.4486153150719882,0.0271839929496541,0.3336086268894302,22,22,22,C017,band,wf2021,S004_C017_wf2021,
202109,20,0.0596042279851378,0.0670462427183113,0.8890017630899845,0.8,0.1364468747751589,0.1330611630171691,0.023144162985105,0.3578325047310713,20,20,20,C017,band,wf2021,S004_C017_wf2021,
202110,16,0.0491331575644121,0.0430058229430887,1.1424768601552395,0.75,0.2875421066237613,-0.1499145064030738,0.0154135099370879,0.4012918420317669,16,16,16,C017,band,wf2021,S004_C017_wf2021,
202111,22,0.0791749236150346,0.0434106950738677,1.8238575420253091,0.9545454545454546,0.4237522744251899,1.4369988446728663,0.0213556735888575,0.4523889496969135,22,22,22,C017,band,wf2021,S004_C017_wf2021,
202112,23,0.0540225517946648,0.0488040835750691,1.106926876550582,0.8260869565217391,-0.0915302460898083,0.2125548342448529,0.0171798109763459,0.2889960035980197,23,23,23,C017,band,wf2021,S004_C017_wf2021,
202201,19,0.099644861668493,0.0743934127916926,1.3394312470582104,0.9473684210526316,0.316990221964823,-0.9274003460031972,0.0166929202362853,0.4299471351859585,19,19,18,C017,band,wf2022,S004_C017_wf2022,
202202,16,0.0846130476761345,0.0475900212071326,1.7779577636215251,0.9375,0.1175544136859196,0.7320155385045262,0.0193633443498688,0.363302539871269,16,16,16,C017,band,wf2022,S004_C017_wf2022,
202203,23,0.0630171458295782,0.0438165221860771,1.438205103589946,0.9130434782608696,0.2721497769244649,-0.4216911163093223,0.018831281575472,0.4012024069365292,23,23,23,C017,band,wf2022,S004_C017_wf2022,
202204,19,0.0855025932439492,0.0958319855752275,0.8922135206812574,0.8421052631578947,0.3754276311744404,-1.4942115987289175,0.0207364848702801,0.4406083811888277,19,19,19,C017,band,wf2022,S004_C017_wf2022,
202205,19,0.1128109082265202,0.0457431759309893,2.466180057036552,1.0,0.2888440334364014,1.408446131797182,0.0243856673913638,0.4244618731041194,19,19,19,C017,band,wf2022,S004_C017_wf2022,
202206,21,0.0905808416365902,0.0648164448485263,1.397497839449145,0.9523809523809524,0.1724420823295913,0.9301815231502512,0.0207553820603189,0.3817383467354178,21,21,21,C017,band,wf2022,S004_C017_wf2022,
202207,21,0.0753365042703357,0.064020109945087,1.176763119197315,0.8571428571428571,0.0451516674226853,0.3858660586756951,0.0194831936642183,0.3378351438356743,21,21,21,C017,band,wf2022,S004_C017_wf2022,
202208,23,0.0535634079930193,0.0842048524345188,0.6361083292043348,0.7391304347826086,0.2210501878037767,-0.2100508972843401,0.0142361352028741,0.3834695789774784,23,23,23,C017,band,wf2022,S004_C017_wf2022,
202209,21,0.0557582390268744,0.0653775573680635,0.8528651309648337,0.7619047619047619,0.1237176906163596,-1.126061467403508,0.0069067440148106,0.3573465795912145,21,21,21,C017,band,wf2022,S004_C017_wf2022,
202210,16,0.1028778020153736,0.0770761543370658,1.3347552547247394,0.9375,0.1782961753311588,1.2472356090503047,0.0147373662015355,0.3902187635450364,16,16,16,C017,band,wf2022,S004_C017_wf2022,
202211,22,0.090753230133427,0.0837664085244655,1.083408394033282,0.8181818181818182,0.0250991789209366,0.7108211735449973,0.0106479149744218,0.3406366712373252,22,22,22,C017,band,wf2022,S004_C017_wf2022,
202212,22,0.0715470377008653,0.0657921545520707,1.0874706595030263,0.8181818181818182,0.1191970658874095,-0.1902437391595189,0.0079610869391069,0.3619896087648369,22,22,22,C017,band,wf2022,S004_C017_wf2022,
202301,16,0.0695416318207516,0.0530022956307658,1.312049430937957,0.9375,0.3905980129768177,1.436137285681325,0.0134936854802046,0.4409479509772845,16,16,15,C017,band,wf2023,S004_C017_wf2023,
202302,20,0.0994618595624607,0.0580233913995888,1.714168323555895,0.95,0.1649066267138298,0.4579181964773233,0.0102272237292091,0.3861885647203705,20,20,20,C017,band,wf2023,S004_C017_wf2023,
202303,23,0.0506223218190792,0.0644108824136048,0.7859280904430958,0.8695652173913043,-0.0161879862979837,-0.2020833900910535,0.0089856879416864,0.3126968264557306,23,23,23,C017,band,wf2023,S004_C017_wf2023,
202304,19,0.0412411138410831,0.0644249952323508,0.6401415117276414,0.7894736842105263,-0.0424112194055419,-0.4838235432855179,0.0131438221622191,0.2998299330661049,19,19,19,C017,band,wf2023,S004_C017_wf2023,
202305,20,0.063276259670797,0.050507239362859,1.2528156452226884,0.9,0.4226971423055408,0.2945537166996016,0.0114404747705086,0.4486875041288284,20,20,20,C017,band,wf2023,S004_C017_wf2023,
202306,20,0.041760902017892,0.065434597412098,0.6382082823080216,0.75,0.2983016282854053,0.6262509889331586,0.0212013637567944,0.39983444016574,20,20,20,C017,band,wf2023,S004_C017_wf2023,
202307,21,0.0621745962033545,0.0545553678620661,1.1396604704518225,0.8571428571428571,-0.2333076202557958,-0.1490444072017423,0.0079148043322723,0.2525031111049214,21,21,21,C017,band,wf2023,S004_C017_wf2023,
202308,23,0.023114947221525,0.0921340373042911,0.2508839067280134,0.5652173913043478,0.179864991626444,-0.2410092528140845,0.0073192056798403,0.3610097146725911,23,23,23,C017,band,wf2023,S004_C017_wf2023,
202309,20,0.0126565256908656,0.0487969355657917,0.2593713220741314,0.65,0.2233776218219411,0.1185320688962626,0.0083037730464667,0.3695847649089885,20,20,20,C017,band,wf2023,S004_C017_wf2023,
202310,17,0.0181981165882457,0.0621876846480433,0.2926321616770199,0.6470588235294118,-0.0187853328018835,-0.0948927289846319,0.0127038988814503,0.2978324771302981,17,17,17,C017,band,wf2023,S004_C017_wf2023,
202311,22,0.0706837689547516,0.0647081455427039,1.0923473136485435,0.8181818181818182,0.2592320760517513,0.6504806978158867,0.0088433342708364,0.4033901301161751,22,22,22,C017,band,wf2023,S004_C017_wf2023,
202312,21,0.0498876724393954,0.0518188655358979,0.9627318530320844,0.9047619047619048,0.0117218281745057,-0.299148615832325,0.0066930133830863,0.3214637134131839,21,21,21,C017,band,wf2023,S004_C017_wf2023,
202101,20,0.0725401476221463,0.0790770485693818,0.9173350413868816,0.8,0.3714001767051922,-0.6811213456850382,0.0321613418348742,0.4307877095099539,20,20,19,C018,band,wf2021,S004_C018_wf2021,
202102,15,0.0743981787613744,0.0771808643851497,0.9639459126825918,0.7333333333333333,0.1218338914017475,0.8891659873821384,0.0262284666961028,0.3584408989162432,15,15,15,C018,band,wf2021,S004_C018_wf2021,
202103,23,0.0840179019497966,0.0497144365809643,1.6900101404743086,0.9565217391304348,0.2681489243140859,0.2334132877716964,0.0217130833062684,0.4075379130822639,23,23,23,C018,band,wf2021,S004_C018_wf2021,
202104,21,0.0617438325803332,0.0370577356435694,1.6661523298185543,0.9523809523809524,0.1725259861126195,0.1722376107840857,0.0185190395384306,0.3708996170043899,21,21,21,C018,band,wf2021,S004_C018_wf2021,
202105,18,0.0665252869078885,0.0467501238414203,1.4229970199340418,0.9444444444444444,0.3485399760242066,1.1207447071189662,0.0208329602425738,0.4249222194976452,18,18,18,C018,band,wf2021,S004_C018_wf2021,
202106,21,0.065007231479479,0.0485642720568652,1.338581404110417,0.9523809523809524,0.3387059381835704,0.3271342281724665,0.0219595904851374,0.4210267969013214,21,21,21,C018,band,wf2021,S004_C018_wf2021,
202107,22,0.0628751392113542,0.0451295544100585,1.3932142701887738,0.9545454545454546,0.3663331832428079,0.5505311058050188,0.0278841316937873,0.4266847711492478,22,22,22,C018,band,wf2021,S004_C018_wf2021,
202108,22,0.065025989970743,0.0578713956793013,1.123629198975768,0.7727272727272727,0.0010420619647278,0.3983485469457123,0.028351896369202,0.3178174456669549,22,22,22,C018,band,wf2021,S004_C018_wf2021,
202109,20,0.0602833150078909,0.0661086123503423,0.9118829281791568,0.8,0.1738549581917711,0.1704692464337813,0.023571252901344,0.3691984375902845,20,20,20,C018,band,wf2021,S004_C018_wf2021,
202110,16,0.0481175613135288,0.0413505049850883,1.1636511169786417,0.75,0.2637102724235658,-0.1737463406032693,0.0162277420938178,0.3934917836243359,16,16,16,C018,band,wf2021,S004_C018_wf2021,
202111,22,0.078376351311491,0.0445199163818943,1.7604784033998246,0.9545454545454546,0.381155742260849,1.394402312508526,0.0219340146022372,0.4391170588221799,22,22,22,C018,band,wf2021,S004_C018_wf2021,
202112,23,0.0556211179460537,0.0473831182155109,1.1738593836959856,0.8695652173913043,-0.0335957137447534,0.2704893665899078,0.0190412903324179,0.3064573459552701,23,23,23,C018,band,wf2021,S004_C018_wf2021,
202201,19,0.0994072063693602,0.0743361365077776,1.337266248145134,0.9473684210526316,0.3185552021309618,-0.9258353658370588,0.017643069791954,0.4300365222494464,19,19,18,C018,band,wf2022,S004_C018_wf2022,
202202,16,0.0845362565914954,0.0476075338320786,1.7756907318424,0.9375,0.133631566301567,0.7480926911201734,0.0207050460157233,0.3676924587223513,16,16,16,C018,band,wf2022,S004_C018_wf2022,
202203,23,0.0633887567927359,0.0433783887100004,1.4612980951531351,0.9130434782608696,0.2757903183898048,-0.4180505748439824,0.0192048851416091,0.4023311326915531,23,23,23,C018,band,wf2022,S004_C018_wf2022,
202204,19,0.0863564030618042,0.096205321307967,0.8976260552715685,0.8421052631578947,0.3678687469337016,-1.5017704829696563,0.0220718075808882,0.4382816430305657,19,19,19,C018,band,wf2022,S004_C018_wf2022,
202205,19,0.1132834769684933,0.0457898627291498,2.473985948343475,1.0,0.2909763136005657,1.4105784119613465,0.0246199150262702,0.4252203103596859,19,19,19,C018,band,wf2022,S004_C018_wf2022,
202206,21,0.0914720155780047,0.0639862911812999,1.4295564548166455,0.9523809523809524,0.2035159362075146,0.9612553770281744,0.0209633048990478,0.391354595623742,21,21,21,C018,band,wf2022,S004_C018_wf2022,
202207,21,0.0763889418654067,0.0627721679442034,1.216923747691922,0.8571428571428571,0.0716847705708544,0.4123991618238642,0.0202946858995377,0.3459726021475577,21,21,21,C018,band,wf2022,S004_C018_wf2022,
202208,23,0.0536493636894147,0.0826187185035159,0.6493608792435046,0.7391304347826086,0.2168378359484427,-0.214263249139674,0.0153632056366358,0.381902134569308,23,23,23,C018,band,wf2022,S004_C018_wf2022,
202209,21,0.0545043678242449,0.065918144829838,0.8268492380200214,0.7619047619047619,0.1156149562774028,-1.134164201742465,0.0073194801784716,0.3542903899593773,21,21,21,C018,band,wf2022,S004_C018_wf2022,
202210,16,0.1037967643429937,0.0768591351223237,1.350480514486636,0.9375,0.2115804727359825,1.2805199064551285,0.0166080320229119,0.4000104379511187,16,16,16,C018,band,wf2022,S004_C018_wf2022,
202211,22,0.0908952003670715,0.0836749823456095,1.0862888502520356,0.8181818181818182,0.0382284344086439,0.7239504290327048,0.0114334641631287,0.3443965712204831,22,22,22,C018,band,wf2022,S004_C018_wf2022,
202212,22,0.0710130448876115,0.0655701786077496,1.0830082576474584,0.8181818181818182,0.1347889136950739,-0.1746518913518544,0.0085499290696466,0.3662769133426727,22,22,22,C018,band,wf2022,S004_C018_wf2022,
202301,16,0.0701872962128551,0.0528970793394788,1.3268652464233874,0.9375,0.3838954157982144,1.429434688502722,0.0137929335773299,0.4391056631514073,16,16,15,C018,band,wf2023,S004_C018_wf2023,
202302,20,0.1003640291263096,0.0573833619403573,1.7490092203141607,0.95,0.1682012627708078,0.4612128325343012,0.0125790559492934,0.3868322736969781,20,20,20,C018,band,wf2023,S004_C018_wf2023,
202303,23,0.0508922571775638,0.0640758956055283,0.7942496425000886,0.8695652173913043,-0.0111738523635045,-0.1970692561565742,0.0108448932198238,0.313751279196027,23,23,23,C018,band,wf2023,S004_C018_wf2023,
202304,19,0.0414064885119201,0.0640306862638267,0.6466663240389513,0.7894736842105263,-0.0490166028212173,-0.4904289267011932,0.0149330963783425,0.2973776856449001,19,19,19,C018,band,wf2023,S004_C018_wf2023,
202305,20,0.0631923422097909,0.0499463692198535,1.2652039216630817,0.9,0.4096853410789673,0.2815419154730281,0.0127259187040786,0.444364763596383,20,20,20,C018,band,wf2023,S004_C018_wf2023,
202306,20,0.0413378377284993,0.0667833074883572,0.6189845828720905,0.75,0.2610161819618858,0.588965542609639,0.0228880184520886,0.3879735841443388,20,20,20,C018,band,wf2023,S004_C018_wf2023,
202307,21,0.0628100501966435,0.053734912080628,1.1688871864607957,0.8571428571428571,-0.2037648180703523,-0.1195016050162989,0.0122040337025086,0.2603333645467991,21,21,21,C018,band,wf2023,S004_C018_wf2023,
202308,23,0.0220119531973864,0.0919984719312517,0.2392643348884686,0.5652173913043478,0.2105600115369207,-0.2103142329036077,0.0108602167283255,0.3687147197215331,23,23,23,C018,band,wf2023,S004_C018_wf2023,
202309,20,0.0126508145373987,0.0469019189627862,0.269729145782636,0.6,0.2424348477048008,0.1375892947791222,0.0091596586215823,0.375042882539925,20,20,20,C018,band,wf2023,S004_C018_wf2023,
202310,17,0.0189809240918487,0.0625117413267909,0.3036377437099797,0.7058823529411765,-0.002661437525079,-0.0787688337078274,0.0142224810153154,0.3025271940746211,17,17,17,C018,band,wf2023,S004_C018_wf2023,
202311,22,0.0698715311899954,0.0629183750518867,1.1105107392295923,0.8181818181818182,0.2632920475105686,0.654540669274704,0.0094300488184681,0.4041072120836283,22,22,22,C018,band,wf2023,S004_C018_wf2023,
202312,21,0.0496798060361384,0.0509669873518037,0.9747448028116628,0.9047619047619048,-0.0015129381748787,-0.3123833821817097,0.0075098190074065,0.3171650952597697,21,21,21,C018,band,wf2023,S004_C018_wf2023,
202101,20,0.0725194275342865,0.0790297771912356,0.9176215612857492,0.8,0.3566899769717981,-0.6958315454184325,0.0339471976798728,0.4258306048012921,20,20,19,C019,band,wf2021,S004_C019_wf2021,
202102,15,0.0753869592590517,0.0762406051356408,0.9888032646767376,0.7333333333333333,0.1336492636677591,0.9009813596481498,0.029914015930596,0.3612753580247696,15,15,15,C019,band,wf2021,S004_C019_wf2021,
202103,23,0.084150689661828,0.0499914531015696,1.6833015333812296,0.9565217391304348,0.2820751578939131,0.2473395213515235,0.0239390090463069,0.411101120519013,23,23,23,C019,band,wf2021,S004_C019_wf2021,
202104,21,0.0606250188462908,0.0368725341169727,1.644178256204655,0.9523809523809524,0.1192510662144717,0.1189626908859379,0.0193324443636998,0.3542255940937479,21,21,21,C019,band,wf2021,S004_C019_wf2021,
202105,18,0.0667654794403949,0.0472633858882723,1.4126258241046092,0.9444444444444444,0.3508894416722822,1.1230941727670416,0.0239197230493021,0.424797107363052,18,18,18,C019,band,wf2021,S004_C019_wf2021,
202106,21,0.066286012471745,0.0480736790662173,1.378842097365622,0.9523809523809524,0.3690298240006842,0.3574581139895804,0.0244063812884298,0.4299014378023743,21,21,21,C019,band,wf2021,S004_C019_wf2021,
202107,22,0.0631824252537195,0.0447240672807902,1.412716443185782,0.9545454545454546,0.3683660184369161,0.5525639409991271,0.0311760139779743,0.4264299714391704,22,22,22,C019,band,wf2021,S004_C019_wf2021,
202108,22,0.0658378487029066,0.0571081767663308,1.1528620318644551,0.8181818181818182,0.0466610841247363,0.4439675691057207,0.0298937265120789,0.3313653467649599,22,22,22,C019,band,wf2021,S004_C019_wf2021,
202109,20,0.0604530956417823,0.0661370359838744,0.914058133124109,0.8,0.1330287232532759,0.1296430114952861,0.0237556119203614,0.3569631716565872,20,20,20,C019,band,wf2021,S004_C019_wf2021,
202110,16,0.0497502978140925,0.0422090751385867,1.1786635374204568,0.8125,0.3008424189386625,-0.1366141940881725,0.0191604291919093,0.4044047160496629,16,16,16,C019,band,wf2021,S004_C019_wf2021,
202111,22,0.0792586879707766,0.0448114447337762,1.768715301228306,0.9545454545454546,0.4287090387855078,1.4419556090331849,0.0260101551734123,0.4525131402719393,22,22,22,C019,band,wf2021,S004_C019_wf2021,
202112,23,0.0543817688715114,0.0506700715172682,1.0732522619980576,0.8695652173913043,-0.0720390389804023,0.2320460413542588,0.0208947341740165,0.2938725756022789,23,23,23,C019,band,wf2021,S004_C019_wf2021,
202201,19,0.0994273021556471,0.0743413636936872,1.337442538252633,0.9473684210526316,0.3105053682279555,-0.9338851997400648,0.0200185937172501,0.4269169532154704,19,19,18,C019,band,wf2022,S004_C019_wf2022,
202202,16,0.0841851521620454,0.0477132710288403,1.7643969978742329,0.9375,0.1338509027942926,0.748312027612899,0.0220412388119038,0.3672169600595348,16,16,16,C019,band,wf2022,S004_C019_wf2022,
202203,23,0.0619553056401301,0.0435214798857868,1.4235569609011245,0.9130434782608696,0.2333839448402368,-0.4604569483935502,0.0203190027195977,0.3887016048922437,23,23,23,C019,band,wf2022,S004_C019_wf2022,
202204,19,0.0866511767414005,0.0975052113834539,0.8886825177028921,0.8421052631578947,0.3759495120125519,-1.493689717890806,0.0232087247737035,0.4404827068682147,19,19,19,C019,band,wf2022,S004_C019_wf2022,
202205,19,0.1125782911357073,0.0454231530284332,2.478434094287496,1.0,0.2742309259688076,1.393833024329588,0.0261900339457472,0.419443584061201,19,19,19,C019,band,wf2022,S004_C019_wf2022,
202206,21,0.0913898502857821,0.0640841146683081,1.4260921097030883,0.9523809523809524,0.1728861368988867,0.9306255777195463,0.0207557989440395,0.382195041500767,21,21,21,C019,band,wf2022,S004_C019_wf2022,
202207,21,0.076023897433809,0.0645298483461035,1.1781198837793274,0.8571428571428571,0.0411232670481666,0.3818376583011763,0.0206875844183881,0.3365402637624571,21,21,21,C019,band,wf2022,S004_C019_wf2022,
202208,23,0.0535165742822891,0.0827686904518717,0.6465799324613924,0.7391304347826086,0.2326956005062498,-0.1984054845818672,0.018345721870586,0.3857115933036148,23,23,23,C019,band,wf2022,S004_C019_wf2022,
202209,21,0.0538293440973244,0.0655624390310311,0.821039377010466,0.7619047619047619,0.1394187806473325,-1.1103603773725352,0.0085481006806957,0.3607929416289208,21,21,21,C019,band,wf2022,S004_C019_wf2022,
202210,16,0.1048825135762569,0.0763294837747933,1.374076023960912,0.9375,0.2522387364092529,1.3211781701283989,0.0206041940880928,0.4114433681268508,16,16,16,C019,band,wf2022,S004_C019_wf2022,
202211,22,0.0916344989871269,0.0826617111484356,1.1085482953840486,0.8181818181818182,0.0538782975636336,0.7396002921876942,0.0139751116243194,0.348624755376645,22,22,22,C019,band,wf2022,S004_C019_wf2022,
202212,22,0.0716215048181156,0.0668335182156309,1.071640499113585,0.7727272727272727,0.1579322947278669,-0.1515085103190614,0.009728855586947,0.3731096336695222,22,22,22,C019,band,wf2022,S004_C019_wf2022,
202301,16,0.0700664644265833,0.0526598189778957,1.3305489040134029,0.9375,0.3793236919070266,1.4248629646115345,0.0163308009349207,0.4369244530622651,16,16,15,C019,band,wf2023,S004_C019_wf2023,
202302,20,0.1008419203475499,0.0575664040153333,1.751749515580126,0.95,0.1568502758468758,0.4498618456103691,0.0164036687472366,0.3824707502689117,20,20,20,C019,band,wf2023,S004_C019_wf2023,
202303,23,0.0513818562354567,0.064047631513248,0.8022444393564904,0.8695652173913043,-0.0228146509973462,-0.208710054790416,0.0123338580092665,0.3100081897921988,23,23,23,C019,band,wf2023,S004_C019_wf2023,
202304,19,0.042295246764558,0.0662820278817568,0.638110331204866,0.7894736842105263,-0.0851603475258341,-0.5265726714058102,0.019396144967961,0.2855511509576846,19,19,19,C019,band,wf2023,S004_C019_wf2023,
202305,20,0.0614725778336037,0.0473029900002277,1.2995495175528615,0.9,0.3393530339845858,0.2112096083786467,0.0146461349452397,0.4220011008452453,20,20,20,C019,band,wf2023,S004_C019_wf2023,
202306,20,0.0407504227201625,0.0665122675022066,0.6126752890932574,0.75,0.2441239051310028,0.5720732657787563,0.0241436379173439,0.3822942492521626,20,20,20,C019,band,wf2023,S004_C019_wf2023,
202307,21,0.0634676044681343,0.0522008399754824,1.2158349271380244,0.8571428571428571,-0.2035321776874629,-0.1192689646334094,0.0138332064807581,0.2601774265367874,21,21,21,C019,band,wf2023,S004_C019_wf2023,
202308,23,0.0234028062469679,0.0920739923279581,0.2541739057388706,0.6086956521739131,0.1923305063222115,-0.2285437381183172,0.0130812815142467,0.3631358899411766,23,23,23,C019,band,wf2023,S004_C019_wf2023,
202309,20,0.0129334849431143,0.0486093530669829,0.2660698842317899,0.7,0.2332219651073374,0.1283764121816588,0.0140821184609211,0.3709153479711706,20,20,20,C019,band,wf2023,S004_C019_wf2023,
202310,17,0.0183378158202018,0.0632887365946996,0.2897484893344766,0.7058823529411765,-0.0936022539581165,-0.1697096501408649,0.0164832002229642,0.2743094900737565,17,17,17,C019,band,wf2023,S004_C019_wf2023,
202311,22,0.0703622615748139,0.0626725379729503,1.1226968597503193,0.8181818181818182,0.2684260107360539,0.6596746325001893,0.0139060111951338,0.4045009044922016,22,22,22,C019,band,wf2023,S004_C019_wf2023,
202312,21,0.0498285865124976,0.0489224576219137,1.018521736941073,0.8571428571428571,0.0336395543246027,-0.277230889682228,0.0109785944190714,0.3267297225766584,21,21,21,C019,band,wf2023,S004_C019_wf2023,
202101,20,0.0720455284551064,0.0792335688432418,0.9092803657202866,0.8,0.3617857940524216,-0.6907357283378092,0.042137281833011,0.4247127650478657,20,20,19,C020,band,wf2021,S004_C020_wf2021,
202102,15,0.0757656164583992,0.0764644063120017,0.9908612400552592,0.8,0.1998975686824506,0.9672296646628418,0.0341574073388304,0.3800282949864457,15,15,15,C020,band,wf2021,S004_C020_wf2021,
202103,23,0.0857948628946888,0.0490990639918973,1.747382860676269,0.9565217391304348,0.3216220321425302,0.2868863956001407,0.0291214525869641,0.4220681190245453,23,23,23,C020,band,wf2021,S004_C020_wf2021,
202104,21,0.060851610619686,0.0371305960106812,1.6388535913127027,0.9523809523809524,0.1637168471188321,0.1634284717902984,0.0248384955240857,0.3660041497262983,21,21,21,C020,band,wf2021,S004_C020_wf2021,
202105,18,0.066395315377988,0.0458469880771781,1.4481936145122358,0.9444444444444444,0.2920743782444345,1.064279109339194,0.0267333476030087,0.4061604353436229,18,18,18,C020,band,wf2021,S004_C020_wf2021,
202106,21,0.0677518728242285,0.0464077339559672,1.4599263322900675,0.9523809523809524,0.3783666220245764,0.3667949120134724,0.0292837384279326,0.4318256142086845,21,21,21,C020,band,wf2021,S004_C020_wf2021,
202107,22,0.0613816381495277,0.0436347715396408,1.4067138656556135,0.9545454545454546,0.3087524522876448,0.492950374849856,0.037689476661689,0.4058715479475978,22,22,22,C020,band,wf2021,S004_C020_wf2021,
202108,22,0.0679565142387858,0.0579831048589962,1.1720054385504712,0.7727272727272727,0.0548114826683251,0.4521179676493095,0.0347160009898067,0.3332112501990698,22,22,22,C020,band,wf2021,S004_C020_wf2021,
202109,20,0.0622861778171352,0.0665553684381833,0.9358550523987657,0.75,0.1199146036364675,0.1165288918784778,0.0290794457556913,0.3521650184910869,20,20,20,C020,band,wf2021,S004_C020_wf2021,
202110,16,0.0475409800542331,0.0405099576880085,1.1735628168356704,0.8125,0.1841837154861559,-0.2532728975406793,0.0252882524378272,0.3666850309361918,16,16,16,C020,band,wf2021,S004_C020_wf2021,
202111,22,0.0803767838213301,0.047449539982011,1.6939423196052557,0.9090909090909092,0.3452310737409801,1.3584776439886574,0.0289392920656963,0.4270382480311172,22,22,22,C020,band,wf2021,S004_C020_wf2021,
202112,23,0.0583927653546231,0.0510700131991068,1.1433865334431583,0.8695652173913043,0.0112454586601938,0.315330538994855,0.0236914894797739,0.3196232968959752,23,23,23,C020,band,wf2021,S004_C020_wf2021,
202201,19,0.0999805882681783,0.0742645220930972,1.3462765995160348,0.9473684210526316,0.3175549329299971,-0.9268356350380236,0.0228692993503002,0.4283979253811804,19,19,18,C020,band,wf2022,S004_C020_wf2022,
202202,16,0.0845967115591403,0.0474002201321698,1.7847324616479103,0.9375,0.1475542031232497,0.7620153279418561,0.0241774802168743,0.3708517014955687,16,16,16,C020,band,wf2022,S004_C020_wf2022,
202203,23,0.0621072565118142,0.0439958708364824,1.4116610338876006,0.9130434782608696,0.2427650628668509,-0.4510758303669362,0.0234748418658898,0.3906299689050139,23,23,23,C020,band,wf2022,S004_C020_wf2022,
202204,19,0.0866281864983624,0.0988206444940565,0.8766203351727029,0.8421052631578947,0.3608351263975914,-1.5088041035057669,0.0265783137073095,0.4349283184064295,19,19,19,C020,band,wf2022,S004_C020_wf2022,
202205,19,0.1129413079923774,0.0465082456444746,2.4284147128606057,1.0,0.2829333247004504,1.402535423061231,0.0293424498117294,0.4212537856635672,19,19,19,C020,band,wf2022,S004_C020_wf2022,
202206,21,0.0906429477414628,0.0635697578151589,1.4258815961675408,0.9523809523809524,0.19815198010943,0.9558914209300896,0.0260445522085937,0.387889407466836,21,21,21,C020,band,wf2022,S004_C020_wf2022,
202207,21,0.0750966293957388,0.0641331180873734,1.1709492947688735,0.8571428571428571,0.0145779532718632,0.355292344524873,0.0255682053477025,0.3267415761355437,21,21,21,C020,band,wf2022,S004_C020_wf2022,
202208,23,0.0538426701928176,0.0849601060966749,0.6337406185857487,0.7391304347826086,0.2023891421461088,-0.2287119429420081,0.0216853511029686,0.3757482053900691,23,23,23,C020,band,wf2022,S004_C020_wf2022,
202209,21,0.0545172785135597,0.0654462793980118,0.8330080642478181,0.7619047619047619,0.1285351248476623,-1.121244033172205,0.0132448150565213,0.3563940043427662,21,21,21,C020,band,wf2022,S004_C020_wf2022,
202210,16,0.1047448344862109,0.0754716908908939,1.3878691897553472,0.9375,0.2647381660291245,1.3336775997482704,0.0264380747545917,0.4133879611768442,16,16,16,C020,band,wf2022,S004_C020_wf2022,
202211,22,0.0929370807252944,0.0811027082227638,1.145918339373147,0.8181818181818182,0.0844896701485497,0.7702116647726105,0.0188492701073737,0.3568669523024705,22,22,22,C020,band,wf2022,S004_C020_wf2022,
202212,22,0.0707819731478265,0.0671625576268256,1.0538903765564052,0.8181818181818182,0.1407804942928568,-0.1686603107540717,0.0146020912819716,0.3661663101623961,22,22,22,C020,band,wf2022,S004_C020_wf2022,
202301,16,0.0697756542650875,0.0524223710665397,1.331028201233426,0.9375,0.3653291603333601,1.4108684330378676,0.0225763081427607,0.4307361173632148,16,16,15,C020,band,wf2023,S004_C020_wf2023,
202302,20,0.1013724510166057,0.0563026780135788,1.800490750940075,0.95,0.1616882746440294,0.4546998444075227,0.0221220884284072,0.382418836271329,20,20,20,C020,band,wf2023,S004_C020_wf2023,
202303,23,0.0529689592691168,0.0621484533828059,0.8522973040511942,0.8695652173913043,-0.0023538885509507,-0.1882492923440204,0.0184233828124934,0.3149544022986135,23,23,23,C020,band,wf2023,S004_C020_wf2023,
202304,19,0.0428805627912355,0.0663906467042541,0.6458825891883939,0.7894736842105263,-0.0861765536364046,-0.5275888775163806,0.0278576812065589,0.2829419546636051,19,19,19,C020,band,wf2023,S004_C020_wf2023,
202305,20,0.0628093900375161,0.0487664735983265,1.2879625161100736,0.9,0.3741220335083525,0.2459786079024134,0.0231859513887002,0.4304045806509021,20,20,20,C020,band,wf2023,S004_C020_wf2023,
202306,20,0.0397124656751318,0.0680911040117809,0.5832254631715319,0.75,0.2384998527248478,0.5664492133726012,0.0309140128802515,0.3781607382234316,20,20,20,C020,band,wf2023,S004_C020_wf2023,
202307,21,0.0679314751005125,0.0520451677994358,1.3052407739811138,0.8571428571428571,-0.1383531313713126,-0.0540899183172592,0.0172917598863695,0.2804791226629003,21,21,21,C020,band,wf2023,S004_C020_wf2023,
202308,23,0.0213240188100879,0.0936275680127705,0.2277536334937102,0.5217391304347826,0.0929681235168521,-0.3279061209236764,0.0169872878215078,0.3313238582326384,23,23,23,C020,band,wf2023,S004_C020_wf2023,
202309,20,0.014784947759983,0.0480279330628838,0.3078406006068357,0.65,0.2821015657038605,0.177256012778182,0.0183500512783443,0.385039433431648,20,20,20,C020,band,wf2023,S004_C020_wf2023,
202310,17,0.0198869583103936,0.0620963892000369,0.3202594960285035,0.7058823529411765,-0.0681571030757066,-0.1442644992584551,0.0210083116669608,0.2812051589013571,17,17,17,C020,band,wf2023,S004_C020_wf2023,
202311,22,0.0685322843866199,0.0648606312619408,1.0566083470549503,0.8181818181818182,0.15868640957169,0.5499350313358253,0.0174122092993105,0.3697951738363618,22,22,22,C020,band,wf2023,S004_C020_wf2023,
202312,21,0.0503743506849782,0.0468295747235384,1.0756952413590484,0.9047619047619048,0.0098509051190501,-0.3010195388877807,0.0152489406582304,0.3185303296122372,21,21,21,C020,band,wf2023,S004_C020_wf2023,
202101,20,0.0741153283878726,0.0818476110868026,0.9055283031934848,0.85,0.4089498011451905,-0.64357172124504,0.0569254273463093,0.4352534434948134,20,20,19,C021,band,wf2021,S004_C021_wf2021,
202102,15,0.0784954947236387,0.0797481477235701,0.9842923875263734,0.8,0.2519346679717201,1.0192667639521111,0.0475385865610531,0.3927170223126556,15,15,15,C021,band,wf2021,S004_C021_wf2021,
202103,23,0.0891200352986317,0.0521795881331653,1.7079482320019892,0.9565217391304348,0.3134714629482522,0.2787358264058627,0.0392124262503548,0.4179257251288219,23,23,23,C021,band,wf2021,S004_C021_wf2021,
202104,21,0.0611103311919537,0.0353430295235665,1.7290631848977664,0.9523809523809524,0.1693469113150981,0.1690585359865643,0.0389236322634131,0.363571116192287,21,21,21,C021,band,wf2021,S004_C021_wf2021,
202105,18,0.0654016606232935,0.0439878185823087,1.4868130025796982,0.9444444444444444,0.2966247863689628,1.0688295174637226,0.0391934484153213,0.4033900656354098,18,18,18,C021,band,wf2021,S004_C021_wf2021,
202106,21,0.0695547859810726,0.0455072550422717,1.5284329040822848,0.9523809523809524,0.3551530224559225,0.3435813124448187,0.0377421425777693,0.423045178355875,21,21,21,C021,band,wf2021,S004_C021_wf2021,
202107,22,0.0596437723337742,0.0435222913528584,1.3704189388883603,0.9545454545454546,0.2074243348007261,0.3916222573629371,0.0470415064281812,0.3719723574452731,22,22,22,C021,band,wf2021,S004_C021_wf2021,
202108,22,0.069107552139696,0.0586446995837602,1.178410881634616,0.7727272727272727,0.0655185573279739,0.4628250423089585,0.0454103256041776,0.3336754903730173,22,22,22,C021,band,wf2021,S004_C021_wf2021,
202109,20,0.0646067481520671,0.0659487534285469,0.9796507863043418,0.8,0.145249815854624,0.1418641040966342,0.0352485167384705,0.3588430889956728,20,20,20,C021,band,wf2021,S004_C021_wf2021,
202110,16,0.0500761233195478,0.0403087786148619,1.2423130901089792,0.875,0.2697415842255999,-0.1677150288012353,0.0384926157933406,0.3894051398574969,16,16,16,C021,band,wf2021,S004_C021_wf2021,
202111,22,0.0788707405280843,0.0492727591485183,1.600696650462612,0.9090909090909092,0.289460279792521,1.302706850040198,0.033943415749635,0.4082033554240994,22,22,22,C021,band,wf2021,S004_C021_wf2021,
202112,23,0.062023483457194,0.0504092387044366,1.2303991302240245,0.9130434782608696,0.1030888308542113,0.4071739111888725,0.0333047791561126,0.3457446088923072,23,23,23,C021,band,wf2021,S004_C021_wf2021,
202201,19,0.099573286912481,0.0747153018090557,1.3327027329281622,0.9473684210526316,0.3449654502869173,-0.899425117681103,0.0343305266796364,0.4330197918471766,19,19,18,C021,band,wf2022,S004_C021_wf2022,
202202,16,0.0862099776394471,0.0472836008152421,1.8232532242268824,0.9375,0.2768794982457386,0.8913406230643448,0.0387105607728025,0.4059346722976596,16,16,16,C021,band,wf2022,S004_C021_wf2022,
202203,23,0.0608719588149396,0.0462760778896323,1.315408772543736,0.9130434782608696,0.2057165144519208,-0.488124378781866,0.0341813261918911,0.3758093400039848,23,23,23,C021,band,wf2022,S004_C021_wf2022,
202204,19,0.0856397492960757,0.1023508791173626,0.8367270514391504,0.8421052631578947,0.3646217913787866,-1.5050174385245716,0.0356860723463125,0.4329366154281725,19,19,19,C021,band,wf2022,S004_C021_wf2022,
202205,19,0.1167168782288233,0.0478288337997492,2.4403036611240823,1.0,0.3115494143648297,1.4311515127256105,0.0369470450192385,0.4290674620952067,19,19,19,C021,band,wf2022,S004_C021_wf2022,
202206,21,0.0911934595176937,0.0619164611313189,1.4728467656489763,0.9523809523809524,0.2085431280012044,0.966282568821864,0.0377768199349551,0.3877072762269522,21,21,21,C021,band,wf2022,S004_C021_wf2022,
202207,21,0.0758203550465447,0.0629166614740849,1.2050918352966755,0.8571428571428571,0.0286765776758715,0.3693909689288812,0.0340228332107384,0.3287242653581578,21,21,21,C021,band,wf2022,S004_C021_wf2022,
202208,23,0.0578485380616813,0.0865026063838163,0.6687490756637378,0.782608695652174,0.2444881626981815,-0.1866129223899354,0.0331136218697992,0.3865517774731872,23,23,23,C021,band,wf2022,S004_C021_wf2022,
202209,21,0.0542224364111404,0.0664436339464073,0.8160666897731043,0.7619047619047619,0.0926297407897296,-1.157149417230138,0.0223819021394362,0.3427633261595442,21,21,21,C021,band,wf2022,S004_C021_wf2022,
202210,16,0.1103673964208149,0.0755139673585287,1.4615494362361785,0.9375,0.3628371147626943,1.43177654848184,0.035408921021582,0.4423754166906596,16,16,16,C021,band,wf2022,S004_C021_wf2022,
202211,22,0.0955445110952204,0.0824358044259156,1.159017149897354,0.8181818181818182,0.1716821806352133,0.8574041752592743,0.031403725595486,0.3803013409500064,22,22,22,C021,band,wf2022,S004_C021_wf2022,
202212,22,0.072841560245857,0.067991858780834,1.071327678813071,0.8181818181818182,0.1946734113530527,-0.1147673936938757,0.0288986907898438,0.3788690402673055,22,22,22,C021,band,wf2022,S004_C021_wf2022,
202301,16,0.0696910256726366,0.0534064777717849,1.3049170920883109,0.9375,0.3834734555623112,1.4290127282668186,0.0375057322748514,0.4316667272552926,16,16,15,C021,band,wf2023,S004_C021_wf2023,
202302,20,0.1029132217194717,0.0563655940854276,1.825816322693176,0.95,0.1710272665722406,0.4640388363357341,0.0328975017575483,0.3826042181321964,20,20,20,C021,band,wf2023,S004_C021_wf2023,
202303,23,0.055684076195575,0.0655003843977332,0.8501335787199144,0.8695652173913043,-0.0158535735045661,-0.2017489772976358,0.0308837510678486,0.3082524331065056,23,23,23,C021,band,wf2023,S004_C021_wf2023,
202304,19,0.0432250895481104,0.0669175902196384,0.6459451006265475,0.8421052631578947,-0.0721723346631676,-0.5135846585431436,0.042154601334182,0.2829919550200392,19,19,19,C021,band,wf2023,S004_C021_wf2023,
202305,20,0.060552901867493,0.0502278882758205,1.205563362229644,0.9,0.3540192166869654,0.2258757910810264,0.0377152909795898,0.4191123384592099,20,20,20,C021,band,wf2023,S004_C021_wf2023,
202306,20,0.0399841945356015,0.0694393997171825,0.5758142308034321,0.75,0.1875628378524492,0.5155121985002027,0.0409740976458321,0.3599702998762257,20,20,20,C021,band,wf2023,S004_C021_wf2023,
202307,21,0.071923040484641,0.0508512410726539,1.4143812219229948,0.8571428571428571,-0.0766619146180563,0.0076012984359971,0.025783216470999,0.2980356768671398,21,21,21,C021,band,wf2023,S004_C021_wf2023,
202308,23,0.0245781884393233,0.0934803051167422,0.2629237079257395,0.6086956521739131,0.1241041555416269,-0.2967700888989016,0.0265406376064215,0.3391003307562909,23,23,23,C021,band,wf2023,S004_C021_wf2023,
202309,20,0.0160527718160997,0.0499728398727452,0.3212299292371178,0.65,0.2025699697136669,0.0977244167879883,0.029777630644065,0.3582588104473204,20,20,20,C021,band,wf2023,S004_C021_wf2023,
202310,17,0.0198282510164546,0.0610901387117353,0.3245736780860462,0.7058823529411765,-0.101306176095106,-0.1774135722778545,0.0314765726455957,0.2680964757843713,17,17,17,C021,band,wf2023,S004_C021_wf2023,
202311,22,0.0703962775855488,0.0647877434803565,1.0865678260100662,0.8181818181818182,0.1706552898971579,0.5619039116612934,0.0316605867519007,0.3698569219777967,22,22,22,C021,band,wf2023,S004_C021_wf2023,
202312,21,0.0500926634869751,0.0445219733763487,1.1251222640905143,0.9047619047619048,0.0095898373990466,-0.3012806066077841,0.0267456824574168,0.314890311877279,21,21,21,C021,band,wf2023,S004_C021_wf2023,
202101,20,0.0759186750704291,0.0824638148652808,0.920630159961137,0.85,0.5499464695804618,-0.5025750528097688,0.1079754886912655,0.4629587642949305,20,20,19,C022,band,wf2021,S004_C022_wf2021,
202102,15,0.082965920689507,0.0851071542789626,0.974840733336741,0.8,0.2799171957075821,1.0472492916879734,0.0934822162049612,0.3891168621265891,15,15,15,C022,band,wf2021,S004_C022_wf2021,
202103,23,0.0901793804533725,0.0563653735286102,1.5999074397617334,0.9565217391304348,0.3182654802930577,0.2835298437506682,0.0816555246032297,0.4070547388882973,23,23,23,C022,band,wf2021,S004_C022_wf2021,
202104,21,0.0663839760712822,0.0397121302480221,1.6716296924058478,0.9523809523809524,0.3128580695870924,0.3125696942585586,0.0820173894825749,0.3958057944598681,21,21,21,C022,band,wf2021,S004_C022_wf2021,
202105,18,0.0694665013035343,0.04264935647863,1.6287819334001308,1.0,0.3209117444084036,1.0931164755031637,0.0819512578783983,0.3994747464804153,18,18,18,C022,band,wf2021,S004_C022_wf2021,
202106,21,0.0724408087625706,0.0515816015048454,1.4043923928140487,0.9047619047619048,0.4046216956360967,0.3930499856249929,0.0806589688492158,0.4261651415410925,21,21,21,C022,band,wf2021,S004_C022_wf2021,
202107,22,0.0625362251724515,0.0450004475795438,1.3896800706684316,0.9090909090909092,0.2746858382269877,0.4588837607891985,0.0870425470880547,0.3813074774106604,22,22,22,C022,band,wf2021,S004_C022_wf2021,
202108,22,0.0700702593390957,0.0597302626601432,1.1731115220066182,0.8181818181818182,0.1676169847640098,0.5649234697449941,0.0796056940974959,0.3544314909355924,22,22,22,C022,band,wf2021,S004_C022_wf2021,
202109,20,0.0683554872559119,0.0668819434597149,1.022032012228899,0.8,0.1513227001018895,0.1479369883438999,0.0689784621801827,0.3520454662788768,20,20,20,C022,band,wf2021,S004_C022_wf2021,
202110,16,0.0492169417172827,0.0443741171316486,1.1091362465030343,0.75,0.1627436372129867,-0.2747129758138484,0.0782456749423763,0.3450361653680962,16,16,16,C022,band,wf2021,S004_C022_wf2021,
202111,22,0.0799590037649595,0.0488411484212716,1.637123744005479,0.9090909090909092,0.1479043584823781,1.1611509287300554,0.0610110693978223,0.3580515882313505,22,22,22,C022,band,wf2021,S004_C022_wf2021,
202112,23,0.0668745327581179,0.0542799361672197,1.232030423766493,0.8695652173913043,0.1382795948398277,0.4423646751744889,0.0758169845216195,0.3454885961987096,23,23,23,C022,band,wf2021,S004_C022_wf2021,
202201,19,0.099404655605991,0.0767514223840323,1.2951506632490963,0.9473684210526316,0.3036881923200912,-0.9407023756479292,0.0705657438177781,0.4096985967930903,19,19,18,C022,band,wf2022,S004_C022_wf2022,
202202,16,0.0874620348313987,0.051944474217394,1.6837601332792276,0.9375,0.294113455487552,0.9085745803061585,0.0807416503032188,0.3989963554878595,16,16,16,C022,band,wf2022,S004_C022_wf2022,
202203,23,0.0586158729996241,0.0568124461913833,1.031743516238777,0.9130434782608696,0.1410633057114001,-0.552777587522387,0.0707428227189513,0.3445424940975843,23,23,23,C022,band,wf2022,S004_C022_wf2022,
202204,19,0.0807173859938754,0.1112588015325649,0.725492139785901,0.7894736842105263,0.1618852677565728,-1.7077539621467854,0.0633106116569857,0.3618593512274263,19,19,19,C022,band,wf2022,S004_C022_wf2022,
202205,19,0.1198541968131171,0.0523259388215743,2.2905312262395663,1.0,0.403972891794023,1.5235749901548037,0.0598040960236681,0.4511923174563533,19,19,19,C022,band,wf2022,S004_C022_wf2022,
202206,21,0.0940649001883652,0.0623633215903026,1.5083369164703402,0.9523809523809524,0.2579679784020948,1.0157074192227546,0.0677513900379029,0.3946909365846036,21,21,21,C022,band,wf2022,S004_C022_wf2022,
202207,21,0.0791413822568347,0.068257810748744,1.15944800146247,0.8571428571428571,0.1203966174842228,0.4611110087372326,0.0641329261298946,0.3485356603090323,21,21,21,C022,band,wf2022,S004_C022_wf2022,
202208,23,0.0545835529271566,0.0833109791382429,0.6551783869516508,0.7391304347826086,0.2138214673612594,-0.2172796177268576,0.0664955667043116,0.3660311913679469,23,23,23,C022,band,wf2022,S004_C022_wf2022,
202209,21,0.052196020275167,0.06768266984288,0.7711873718388464,0.7619047619047619,0.0731011150109204,-1.1766780430089472,0.0696828481733168,0.3219038881613478,21,21,21,C022,band,wf2022,S004_C022_wf2022,
202210,16,0.113589753903341,0.0832713409156207,1.3640918070292891,0.9375,0.357837099741336,1.4267765334604816,0.0743517081167775,0.4304815190487039,16,16,16,C022,band,wf2022,S004_C022_wf2022,
202211,22,0.1014792515958307,0.0878050271007068,1.1557339590527134,0.8181818181818182,0.3475792985186671,1.0333012931427277,0.0639002521286945,0.425695414555324,22,22,22,C022,band,wf2022,S004_C022_wf2022,
202212,22,0.0734668549150072,0.0704833897659851,1.0423286274812782,0.7727272727272727,0.2176069760395666,-0.0918338290073618,0.0683659013612854,0.3741590643694872,22,22,22,C022,band,wf2022,S004_C022_wf2022,
202301,16,0.0700103415692092,0.0560388619213313,1.2493176907748662,0.9375,0.3020454737093148,1.3475847464138222,0.0796736759734886,0.3947156759484315,16,16,15,C022,band,wf2023,S004_C022_wf2023,
202302,20,0.1046742908422437,0.0567692308689113,1.8438560685092311,0.95,0.2646473663024433,0.5576589360659366,0.066137209595317,0.4014227633490353,20,20,20,C022,band,wf2023,S004_C022_wf2023,
202303,23,0.0596199265257676,0.0658895347304074,0.9048466766339686,0.782608695652174,0.0298207381232683,-0.1560746656698015,0.063780739687846,0.3136599701409337,23,23,23,C022,band,wf2023,S004_C022_wf2023,
202304,19,0.0488569628486249,0.0696511046352693,0.7014528068788907,0.7894736842105263,0.073577755207812,-0.3678345686721641,0.0930544798709501,0.3136997677405085,19,19,19,C022,band,wf2023,S004_C022_wf2023,
202305,20,0.0611848561240973,0.0547165195345942,1.1182154246015878,0.85,0.2740539948452246,0.1459105692392854,0.0839173091584393,0.3815149481556745,20,20,20,C022,band,wf2023,S004_C022_wf2023,
202306,20,0.0385421630646552,0.0721931115037609,0.5338759095131582,0.8,0.1822453967066707,0.5101947573544241,0.0794110467860598,0.3462671702020453,20,20,20,C022,band,wf2023,S004_C022_wf2023,
202307,21,0.072225804586012,0.0486125791842702,1.485743110075148,0.9047619047619048,-0.1262334955748907,-0.0419702825208372,0.0579607451946013,0.2736320496035571,21,21,21,C022,band,wf2023,S004_C022_wf2023,
202308,23,0.0258804482027094,0.0913467554811228,0.2833209353347828,0.5652173913043478,0.0417811819096615,-0.3790930625308669,0.0433847311611693,0.3098711145056314,23,23,23,C022,band,wf2023,S004_C022_wf2023,
202309,20,0.0190790856041978,0.0496044888316877,0.3846241752220202,0.75,0.1936112477219811,0.0887656947963025,0.0640706897888715,0.346493801621612,20,20,20,C022,band,wf2023,S004_C022_wf2023,
202310,17,0.0229895298349636,0.0604372842854645,0.3803865462646658,0.7058823529411765,-0.0549504837600026,-0.131057879942751,0.0743113660975294,0.2704172569767258,17,17,17,C022,band,wf2023,S004_C022_wf2023,
202311,22,0.0759526681176843,0.0667821305989474,1.1373202297753802,0.9090909090909092,0.2612051639132582,0.6524537856773935,0.0725645096100436,0.3869732635380381,22,22,22,C022,band,wf2023,S004_C022_wf2023,
202312,21,0.0533209220433588,0.0493525772275387,1.0804080564531442,0.8571428571428571,-0.0094161445070665,-0.3202865885138974,0.0649756748373094,0.2990108230140307,21,21,21,C022,band,wf2023,S004_C022_wf2023,
202101,20,0.0804899646507051,0.0879274057244485,0.9154138460874052,0.8,0.7964583204971348,-0.2560632018930958,0.1912517426501662,0.5137579592143726,20,20,19,C023,band,wf2021,S004_C023_wf2021,
202102,15,0.0839199599848486,0.0920271937507223,0.9119039336586302,0.8,0.4438580480794024,1.2111901440597934,0.1528426594931606,0.420872600569812,15,15,15,C023,band,wf2021,S004_C023_wf2021,
202103,23,0.0946656790895594,0.0542958398942488,1.7435162486470113,0.9565217391304348,0.389868533296529,0.3551328967541394,0.1616816198930533,0.4063223456568664,23,23,23,C023,band,wf2021,S004_C023_wf2021,
202104,21,0.0667138059949721,0.0420777644025191,1.585488367603912,1.0,0.2907348962030394,0.2904465208745054,0.1478288143010214,0.3695573469685942,21,21,21,C023,band,wf2021,S004_C023_wf2021,
202105,18,0.0731220148004612,0.0478328511235532,1.528698647119856,1.0,0.39143561278027,1.1636403438750298,0.1531915405679896,0.4007220275838686,18,18,18,C023,band,wf2021,S004_C023_wf2021,
202106,21,0.0731042675682289,0.0515321455198126,1.418614863224013,0.9523809523809524,0.466449634622508,0.4548779246114039,0.1358822695427703,0.4284119165512128,21,21,21,C023,band,wf2021,S004_C023_wf2021,
202107,22,0.0692953983493919,0.0436127308150307,1.588880059890905,0.9545454545454546,0.4264880194718311,0.6106859420340419,0.141783942239619,0.4131293825094204,22,22,22,C023,band,wf2021,S004_C023_wf2021,
202108,22,0.072088512781641,0.0598101373038809,1.2052892039919028,0.8181818181818182,0.2455710192407134,0.642877504221698,0.1451317101107503,0.3589671978516453,22,22,22,C023,band,wf2021,S004_C023_wf2021,
202109,20,0.0692145935128217,0.0703689484233177,0.9835956776907931,0.8,0.2385047967026813,0.2351190849446915,0.1381767142200718,0.3577842621499115,20,20,20,C023,band,wf2021,S004_C023_wf2021,
202110,16,0.0489528453274746,0.0443275064082718,1.1043446675434845,0.875,0.1110438704644928,-0.3264127425623422,0.1506620765924057,0.3076956762926159,16,16,16,C023,band,wf2021,S004_C023_wf2021,
202111,22,0.0778238172622803,0.0514273345911887,1.51327728494827,0.9090909090909092,0.1221686306448575,1.135415200892535,0.1295285014612626,0.3289215656599906,22,22,22,C023,band,wf2021,S004_C023_wf2021,
202112,23,0.0667195435617987,0.0588345861897174,1.1340190843980025,0.8695652173913043,0.2580107757865956,0.5620958561212568,0.1338307931389598,0.3639418122190102,23,23,23,C023,band,wf2021,S004_C023_wf2021,
202201,19,0.1013882792256063,0.0789002122013578,1.285019094332189,0.9473684210526316,0.3781468553258873,-0.8662437126421331,0.123601546015549,0.416918904483344,19,19,18,C023,band,wf2022,S004_C023_wf2022,
202202,16,0.0906535764683245,0.054791956086942,1.6545052037287824,0.9375,0.4302346235082124,1.0446957483268189,0.1540866964869565,0.4191058086937065,16,16,16,C023,band,wf2022,S004_C023_wf2022,
202203,23,0.0583152636894906,0.0605636283594514,0.96287599123658,0.9130434782608696,0.0758636710034137,-0.6179772222303733,0.1359207711444693,0.3053089754334795,23,23,23,C023,band,wf2022,S004_C023_wf2022,
202204,19,0.0809625515422648,0.1153251352473861,0.7020373431046969,0.7894736842105263,0.0928925465367163,-1.7767466833666417,0.1207317239210969,0.3240332674015918,19,19,19,C023,band,wf2022,S004_C023_wf2022,
202205,19,0.1245943169661431,0.0534785530427858,2.3297997024425983,1.0,0.5239687163389309,1.6435708146997112,0.1144365664911535,0.4726973717407904,19,19,19,C023,band,wf2022,S004_C023_wf2022,
202206,21,0.0953998149574125,0.0674607925695309,1.414152003314892,0.9523809523809524,0.2543360291607622,1.012075469981422,0.1143064722470155,0.380168793057089,21,21,21,C023,band,wf2022,S004_C023_wf2022,
202207,21,0.0814814987717066,0.069841941918729,1.1666556875884384,0.8571428571428571,0.1684285034217407,0.5091428946747505,0.1229560636108354,0.3462343314519542,21,21,21,C023,band,wf2022,S004_C023_wf2022,
202208,23,0.0557170120746738,0.0872192944038673,0.6388152123391102,0.782608695652174,0.1346838387486392,-0.2964172463394778,0.1288230989458066,0.3240450267707193,23,23,23,C023,band,wf2022,S004_C023_wf2022,
202209,21,0.0542169619023874,0.0732918612648713,0.7397405519072763,0.8095238095238095,0.0821985104457772,-1.1675806475740902,0.1429398142107407,0.3034643936314659,21,21,21,C023,band,wf2022,S004_C023_wf2022,
202210,16,0.1171184669257275,0.0901548658379561,1.299080929655373,0.9375,0.5393959456520901,1.608335379371236,0.1375845802504539,0.4673907963907818,16,16,16,C023,band,wf2022,S004_C023_wf2022,
202211,22,0.1037702071609275,0.0884157261150737,1.1736623304531804,0.8181818181818182,0.4015174369323161,1.0872394315563771,0.1145569764620376,0.4275962210054546,22,22,22,C023,band,wf2022,S004_C023_wf2022,
202212,22,0.0757079815726523,0.0757332179126158,0.9996667731722088,0.8181818181818182,0.3584852233067623,0.0490444182598338,0.1314337331747811,0.3983986396686553,22,22,22,C023,band,wf2022,S004_C023_wf2022,
202301,16,0.0689178288000786,0.0563166283319144,1.2237563014940482,0.9375,0.2021037398360392,1.2476430125405469,0.157032891426585,0.3410883860428677,16,16,15,C023,band,wf2023,S004_C023_wf2023,
202302,20,0.1090974604523562,0.0559205136099698,1.9509380978379596,0.95,0.2569424538649593,0.5499540236284528,0.1300490534032652,0.3817070043194507,20,20,20,C023,band,wf2023,S004_C023_wf2023,
202303,23,0.0606452997525915,0.0673301164298191,0.9007158010160968,0.782608695652174,0.1440710149516836,-0.0418243888413861,0.1341479869143003,0.3272350283122515,23,23,23,C023,band,wf2023,S004_C023_wf2023,
202304,19,0.0485628223939194,0.0764202124213995,0.6354709160729927,0.7368421052631579,0.0231526601426036,-0.4182596637373725,0.1620659510440424,0.2777511416871361,19,19,19,C023,band,wf2023,S004_C023_wf2023,
202305,20,0.0621288584269958,0.059912827294501,1.0369875906807382,0.8,0.2703110857134675,0.1421676601075284,0.1698840051622157,0.3549796675361738,20,20,20,C023,band,wf2023,S004_C023_wf2023,
202306,20,0.0393843399559944,0.0752072242307497,0.5236776168623899,0.8,0.1706748163623677,0.4986241770101211,0.1426510637818164,0.3241608617565631,20,20,20,C023,band,wf2023,S004_C023_wf2023,
202307,21,0.077040464155509,0.0529335260567141,1.455419086817798,0.8571428571428571,-0.0324083699931605,0.0518548430608929,0.1159122430122635,0.2863200017605764,21,21,21,C023,band,wf2023,S004_C023_wf2023,
202308,23,0.02753991263798,0.0937263798636465,0.293833098835624,0.6086956521739131,0.0507776312807348,-0.3700966131597938,0.1035198190666823,0.2951933087194078,23,23,23,C023,band,wf2023,S004_C023_wf2023,
202309,20,0.0185693987913578,0.0537599915911366,0.3454129779741149,0.75,0.1449982237850945,0.040152670859416,0.1302455078286867,0.3118535743034654,20,20,20,C023,band,wf2023,S004_C023_wf2023,
202310,17,0.0258476572209982,0.0632978147550919,0.4083499141480073,0.7058823529411765,0.0438545712788021,-0.0322528249039465,0.1365642096355776,0.2825261713813666,17,17,17,C023,band,wf2023,S004_C023_wf2023,
202311,22,0.0778080105922312,0.0688740892000576,1.1297138226572154,0.9090909090909092,0.2712276893813436,0.6624763111454792,0.1335003516901451,0.372441405544252,22,22,22,C023,band,wf2023,S004_C023_wf2023,
202312,21,0.0574731678380591,0.0518019275078676,1.109479330268747,0.9047619047619048,0.0559037419375891,-0.2549667020692417,0.1161860197759459,0.3049045837837166,21,21,21,C023,band,wf2023,S004_C023_wf2023,
202101,20,0.084518895873437,0.0922340961775843,0.9163519715172064,0.8,0.8939302802131983,-0.1585912421770322,0.2947069662167923,0.5135745525482966,20,20,19,C024,band,wf2021,S004_C024_wf2021,
202102,15,0.0866397569451532,0.0927683760600739,0.9339363328840424,0.8,0.5067101567546284,1.2740422527350193,0.2644745052685484,0.4073265982238853,15,15,15,C024,band,wf2021,S004_C024_wf2021,
202103,23,0.0985004597069159,0.0530878926015591,1.8554222983796336,0.9565217391304348,0.3852682139154987,0.3505325773731093,0.287568984568215,0.3687099526869515,23,23,23,C024,band,wf2021,S004_C024_wf2021,
202104,21,0.0647896312586256,0.0494877971088698,1.3092041885819414,0.9047619047619048,0.267269170937392,0.2669807956088582,0.2555860298919284,0.3294207948170893,21,21,21,C024,band,wf2021,S004_C024_wf2021,
202105,18,0.0729702017597137,0.0458818869472307,1.5903923446661563,1.0,0.4097502482016912,1.1819549792964508,0.2782867287132775,0.3686271365504096,18,18,18,C024,band,wf2021,S004_C024_wf2021,
202106,21,0.0741963398431125,0.0542179388340795,1.3684832260070212,0.9523809523809524,0.5368821774331006,0.5253104674219969,0.2625232814770016,0.4119862047240747,21,21,21,C024,band,wf2021,S004_C024_wf2021,
202107,22,0.0689699062969677,0.0467484363257053,1.475341459903411,0.9545454545454546,0.5438142127405429,0.7280121353027537,0.2411447146600971,0.4183888119429208,22,22,22,C024,band,wf2021,S004_C024_wf2021,
202108,22,0.0788035696477995,0.0652039904851256,1.2085697372429418,0.8636363636363636,0.2523277536409633,0.6496342386219477,0.2685400998869474,0.3266577239853245,22,22,22,C024,band,wf2021,S004_C024_wf2021,
202109,20,0.0719346537734589,0.0774871656563405,0.9283428186351887,0.8,0.2735165191234708,0.270130807365481,0.2519104141884742,0.3352556929898825,20,20,20,C024,band,wf2021,S004_C024_wf2021,
202110,16,0.0500525412471571,0.0451342949472007,1.1089691620465063,0.875,0.1664320445890928,-0.2710245684377425,0.2700297937903473,0.2889416917384865,16,16,16,C024,band,wf2021,S004_C024_wf2021,
202111,22,0.0800622585349035,0.0552533528158482,1.4490027202826932,0.9090909090909092,0.2294032062614836,1.2426497765091602,0.2628791665891375,0.3219821153156653,22,22,22,C024,band,wf2021,S004_C024_wf2021,
202112,23,0.06906192999137,0.0615438149990022,1.1221587415809315,0.8695652173913043,0.2906304554219944,0.5947155357566557,0.250112060909931,0.339780290350167,23,23,23,C024,band,wf2021,S004_C024_wf2021,
202201,19,0.1021742193265574,0.0799686203850039,1.277678904983555,0.8947368421052632,0.4292016776405626,-0.8151888903274574,0.2092356258171266,0.4068595032776537,19,19,18,C024,band,wf2022,S004_C024_wf2022,
202202,16,0.0911656768586404,0.0574280209552443,1.5874772513872475,0.9375,0.5008381510301159,1.115299275848722,0.2869273914958365,0.4006394986037399,16,16,16,C024,band,wf2022,S004_C024_wf2022,
202203,23,0.0581074372364101,0.0618382348230348,0.9396684333357616,0.8695652173913043,0.1011121291862082,-0.5927287640475789,0.2343093185196872,0.2832838180945203,23,23,23,C024,band,wf2022,S004_C024_wf2022,
202204,19,0.0793767751457204,0.1184083031482959,0.6703649409307723,0.7894736842105263,-0.0076405299144562,-1.8772797598178137,0.1980077135471073,0.270056237019819,19,19,19,C024,band,wf2022,S004_C024_wf2022,
202205,19,0.1261065789363374,0.0544010231590244,2.318092043373965,1.0,0.5103160827662555,1.6299181811270365,0.1975551031961132,0.4442709254455776,19,19,19,C024,band,wf2022,S004_C024_wf2022,
202206,21,0.0983636992472628,0.0707570797845954,1.3901605259390255,0.9523809523809524,0.3386804421023598,1.0964198829230196,0.2084644711045617,0.3784102709982445,21,21,21,C024,band,wf2022,S004_C024_wf2022,
202207,21,0.0878166617816875,0.0726122236220004,1.209392267599975,0.8571428571428571,0.2774135532213218,0.6181279444743317,0.2269561794370468,0.3502638768479575,21,21,21,C024,band,wf2022,S004_C024_wf2022,
202208,23,0.0585749565749587,0.0893528326190704,0.6555467225608379,0.782608695652174,0.1855301189410869,-0.2455709661470302,0.243937019116841,0.3059079125772572,23,23,23,C024,band,wf2022,S004_C024_wf2022,
202209,21,0.0553359492116653,0.0797752839911752,0.6936477871741158,0.7142857142857143,0.1826821950420698,-1.0670969629777978,0.2634772949263261,0.2978958497193892,21,21,21,C024,band,wf2022,S004_C024_wf2022,
202210,16,0.1180707954931403,0.0917948802752285,1.2862459773260642,0.9375,0.6393653014545909,1.7083047351737368,0.2396739613345068,0.4671357202332813,16,16,16,C024,band,wf2022,S004_C024_wf2022,
202211,22,0.1038396856630139,0.0932532578835522,1.1135234094735995,0.8181818181818182,0.4156356741068326,1.1013576687308937,0.2263075291769283,0.3983343177441769,22,22,22,C024,band,wf2022,S004_C024_wf2022,
202212,22,0.0807617634240677,0.0781557141499167,1.0333443216851954,0.8181818181818182,0.6058860265107557,0.2964452214638273,0.2564724994924048,0.4371287634751324,22,22,22,C024,band,wf2022,S004_C024_wf2022,
202301,16,0.0662336178560869,0.0621065023765141,1.0664522283762268,0.875,0.0336839789991352,1.0792232517036426,0.2934882793289345,0.2485521570434949,16,16,15,C024,band,wf2023,S004_C024_wf2023,
202302,20,0.1129919222783036,0.0528756221503488,2.1369379249480485,0.95,0.3116777546657202,0.6046893244292137,0.2271098832543563,0.3705671303347306,20,20,20,C024,band,wf2023,S004_C024_wf2023,
202303,23,0.0622774863563638,0.0712950663472204,0.8735174752914974,0.782608695652174,0.1811446512463498,-0.0047507525467199,0.2569091693579827,0.3021816391090556,23,23,23,C024,band,wf2023,S004_C024_wf2023,
202304,19,0.0482581380953925,0.0778406795380117,0.6199603906570064,0.7368421052631579,-0.0055097140076116,-0.4469220378875877,0.2751758776041155,0.2350975777546388,19,19,19,C024,band,wf2023,S004_C024_wf2023,
202305,20,0.0594819775680224,0.0634117095187446,0.9380282919267376,0.8,0.1455999586710488,0.0174565330651096,0.2824152941251515,0.2827481903909782,20,20,20,C024,band,wf2023,S004_C024_wf2023,
202306,20,0.0417973645035503,0.077069980638765,0.5423300247013024,0.8,0.1686291281571946,0.4965784888049478,0.2493628701308712,0.2924988232093171,20,20,20,C024,band,wf2023,S004_C024_wf2023,
202307,21,0.0824062890412257,0.0600259688095424,1.372843965295991,0.8571428571428571,0.0528281324831401,0.1370913455371935,0.2407084610068431,0.2765984170593794,21,21,21,C024,band,wf2023,S004_C024_wf2023,
202308,23,0.0268411110583415,0.1009999646380966,0.2657536678801688,0.6086956521739131,0.0561120804283853,-0.3647621640121432,0.2076871389669539,0.265263926861766,23,23,23,C024,band,wf2023,S004_C024_wf2023,
202309,20,0.0187719935305602,0.0572043604759932,0.3281566890069206,0.7,0.0940534438332219,-0.0107921090924566,0.2441226387818649,0.2624880389276312,20,20,20,C024,band,wf2023,S004_C024_wf2023,
202310,17,0.0287572552325824,0.0658416884274182,0.4367636359186556,0.7058823529411765,0.1303142651553563,0.0542068689726078,0.242356712673583,0.2778901678375649,17,17,17,C024,band,wf2023,S004_C024_wf2023,
202311,22,0.0775314621550407,0.071247426230088,1.0882001815007158,0.9090909090909092,0.2189681452450935,0.6102167670092288,0.2500002405663523,0.3217029562656386,22,22,22,C024,band,wf2023,S004_C024_wf2023,
202312,21,0.0598537677936286,0.0565739952567541,1.0579731468847076,0.9047619047619048,0.1405183683360241,-0.1703520756708066,0.2261294342749817,0.2982581873357641,21,21,21,C024,band,wf2023,S004_C024_wf2023,
202101,20,0.0857695889027926,0.0937839970731623,0.9145439689020988,0.8,0.9016765372839456,-0.1508449851062849,0.4173732819744777,0.4795988121539574,20,20,19,C025,band,wf2021,S004_C025_wf2021,
202102,15,0.0881402264202594,0.089308448997976,0.9869192378680426,0.8,0.488673372850412,1.256005468830803,0.393118407803632,0.3639225800821377,15,15,15,C025,band,wf2021,S004_C025_wf2021,
202103,23,0.1012202407073459,0.0533187148635631,1.898399857655191,0.9565217391304348,0.5427129124264104,0.507977275884021,0.4787376926578152,0.3596806622135169,23,23,23,C025,band,wf2021,S004_C025_wf2021,
202104,21,0.0694784849030383,0.0510536798146605,1.360890834025385,0.9047619047619048,0.3934393629450746,0.3931509876165409,0.4680932175045961,0.3053952375933588,21,21,21,C025,band,wf2021,S004_C025_wf2021,
202105,18,0.0764030014081527,0.0472793682346914,1.6159903201094732,1.0,0.5819580638762357,1.3541627949709951,0.5110004070829498,0.3518484976012468,18,18,18,C025,band,wf2021,S004_C025_wf2021,
202106,21,0.0771706847245278,0.0572881476210314,1.3470619653304547,0.9523809523809524,0.5929238221376419,0.581352112126538,0.4804717473164638,0.3646038963361645,21,21,21,C025,band,wf2021,S004_C025_wf2021,
202107,22,0.0716728912795914,0.0502575755015758,1.4261111994418465,0.9545454545454546,0.6892772727078892,0.8734751952701,0.445360139370016,0.4018442965131985,22,22,22,C025,band,wf2021,S004_C025_wf2021,
202108,22,0.0818801822527285,0.0641010977741539,1.2773600624004184,0.9090909090909092,0.2136100509885828,0.6109165359695674,0.4695140051558797,0.2559808866509023,22,22,22,C025,band,wf2021,S004_C025_wf2021,
202109,20,0.0743299816073581,0.0823720020704616,0.9023694913203116,0.8,0.2119519044028928,0.2085661926449029,0.4504107936617958,0.2581943258652723,20,20,20,C025,band,wf2021,S004_C025_wf2021,
202110,16,0.0508759391051246,0.0472876773872286,1.075881538619725,0.875,0.2450390351647563,-0.1924175778620789,0.4292555120518662,0.2650854325759169,16,16,16,C025,band,wf2021,S004_C025_wf2021,
202111,22,0.0845593604436191,0.0538657682288589,1.569816290085248,0.9090909090909092,0.3780145067621783,1.3912610770098552,0.4724402389250446,0.3054960245285878,22,22,22,C025,band,wf2021,S004_C025_wf2021,
202112,23,0.0697177448195869,0.0639346316024997,1.090453531554581,0.8695652173913043,0.2826980338906081,0.5867831142252692,0.4656524797412812,0.2730007641726328,23,23,23,C025,band,wf2021,S004_C025_wf2021,
202201,19,0.1067120620227273,0.0824413420017906,1.2943998657907527,0.8947368421052632,0.5800571703033159,-0.6643333976647042,0.4024713549834924,0.395960569405038,19,19,18,C025,band,wf2022,S004_C025_wf2022,
202202,16,0.0934820534073449,0.0584215406348525,1.6001298903024213,0.9375,0.5838124855939203,1.198273610412527,0.4462937996429414,0.3786484271482316,16,16,16,C025,band,wf2022,S004_C025_wf2022,
202203,23,0.060988538760215,0.0596169490403018,1.023006707689554,0.9130434782608696,0.1525755012139012,-0.541265392019886,0.4017801910454316,0.2496340085546268,23,23,23,C025,band,wf2022,S004_C025_wf2022,
202204,19,0.0827055924022435,0.1181705444329349,0.6998833152468147,0.8421052631578947,-0.0202197760371648,-1.8898590059405231,0.3197835090932859,0.2310812514217621,19,19,19,C025,band,wf2022,S004_C025_wf2022,
202205,19,0.1249576694678638,0.0541390820834935,2.308086222724528,1.0,0.4229970772075088,1.5425991755682893,0.3645983913623336,0.3675026735406981,19,19,19,C025,band,wf2022,S004_C025_wf2022,
202206,21,0.1012759229249385,0.073042424591501,1.386535612574978,0.9523809523809524,0.4228960264202412,1.1806354672409012,0.3968782345383196,0.3483157067345519,21,21,21,C025,band,wf2022,S004_C025_wf2022,
202207,21,0.0910775391734366,0.0739935600074281,1.2308846765082466,0.8571428571428571,0.4517574366474001,0.79247182790041,0.4281558694718589,0.3435114858220369,21,21,21,C025,band,wf2022,S004_C025_wf2022,
202208,23,0.0609007114584586,0.0960781116636016,0.6338666570767996,0.7391304347826086,0.1873579696388981,-0.2437431154492187,0.4464444979647984,0.2466343260856133,23,23,23,C025,band,wf2022,S004_C025_wf2022,
202209,21,0.0567318197739926,0.0817018435984647,0.6943762499755725,0.7142857142857143,0.220120955694362,-1.0296582023255056,0.4303584186089485,0.2596214890352211,21,21,21,C025,band,wf2022,S004_C025_wf2022,
202210,16,0.1226483568164455,0.0930049275501641,1.3187296635470485,0.9375,0.7655349376361981,1.834474371355344,0.3986031550389648,0.4591388775057482,16,16,16,C025,band,wf2022,S004_C025_wf2022,
202211,22,0.1079336579624299,0.0976729796335708,1.1050513495887302,0.8181818181818182,0.5204775596052592,1.2061995542293202,0.4324893899141733,0.3695699140922978,22,22,22,C025,band,wf2022,S004_C025_wf2022,
202212,22,0.0824199691774769,0.0799831550295025,1.030466591960214,0.8181818181818182,0.77393597282381,0.4644951677768815,0.4579639004645195,0.4277596093787779,22,22,22,C025,band,wf2022,S004_C025_wf2022,
202301,16,0.0670718679422612,0.0669699291770644,1.0015221572793844,0.8125,-0.0687056805563208,0.9768335921481868,0.5099278142332252,0.1532386987400406,16,16,15,C025,band,wf2023,S004_C025_wf2023,
202302,20,0.1196828339837173,0.0566157614951972,2.1139490280258824,0.95,0.4383030441113975,0.7313146138748907,0.4389313257251744,0.3476846491093539,20,20,20,C025,band,wf2023,S004_C025_wf2023,
202303,23,0.0651540731514325,0.0733294049224399,0.8885122308076224,0.782608695652174,0.3030733205156754,0.1171779167226056,0.4733457880394284,0.2749798890034471,23,23,23,C025,band,wf2023,S004_C025_wf2023,
202304,19,0.0508534674954813,0.0814198637553054,0.6245830581136002,0.6842105263157895,0.0591238891486108,-0.3822884347313652,0.4655533532642471,0.1984125477635016,19,19,19,C025,band,wf2023,S004_C025_wf2023,
202305,20,0.0588855404576107,0.0658282071886408,0.8945335589782221,0.8,0.1305928482230979,0.0024494226171588,0.4652083330276383,0.2231695707416822,20,20,20,C025,band,wf2023,S004_C025_wf2023,
202306,20,0.040298262488746,0.0808251511577887,0.4985856742794681,0.8,0.0387672231188666,0.36671658376662,0.4498229204696758,0.1928025957902556,20,20,20,C025,band,wf2023,S004_C025_wf2023,
202307,21,0.0891152571125438,0.0604072812973597,1.4752403220046713,0.8571428571428571,0.1998242026159358,0.2840874156699892,0.4513787257086613,0.2601797459171998,21,21,21,C025,band,wf2023,S004_C025_wf2023,
202308,23,0.0297718468280104,0.1049210034810708,0.2837548807220635,0.5652173913043478,0.1157131521303491,-0.3051610923101795,0.393651055240438,0.2285273677981775,23,23,23,C025,band,wf2023,S004_C025_wf2023,
202309,20,0.0159408067657117,0.0586863684785964,0.2716270776155705,0.6,0.0503931992243192,-0.0544523537013592,0.4569388251283749,0.184412634935068,20,20,20,C025,band,wf2023,S004_C025_wf2023,
202310,17,0.0288556599318109,0.0678427627970674,0.4253314390825233,0.7058823529411765,0.033710250975974,-0.0423971452067744,0.4063388321244244,0.1997536896281892,17,17,17,C025,band,wf2023,S004_C025_wf2023,
202311,22,0.0813574311231299,0.0789724110504487,1.030200674399539,0.9090909090909092,0.2481288008048839,0.6393774225690194,0.4737322920306012,0.2648619250815368,22,22,22,C025,band,wf2023,S004_C025_wf2023,
202312,21,0.0639307798986461,0.0578254867425453,1.1055813534831662,0.9047619047619048,0.2401928087810313,-0.0706776352257994,0.415849084585904,0.2728754292179967,21,21,21,C025,band,wf2023,S004_C025_wf2023,
202101,20,0.0858314973380904,0.0937854575930393,0.9151898337004089,0.8,0.8617943887994256,-0.190727133590805,0.5082720939233669,0.4403892873980537,20,20,19,C026,band,wf2021,S004_C026_wf2021,
202102,15,0.0875464878374313,0.0856278861111286,1.022406272225531,0.8,0.514145870081623,1.2814779660620144,0.5041109773891335,0.3380290629427194,15,15,15,C026,band,wf2021,S004_C026_wf2021,
202103,23,0.1016316149395934,0.053296428312317,1.906912304592574,0.9565217391304348,0.6997049439476265,0.6649693074052372,0.6131433407845801,0.3666211269247513,23,23,23,C026,band,wf2021,S004_C026_wf2021,
202104,21,0.0708246325760448,0.0519582410822982,1.3631068161807778,0.9047619047619048,0.4864852866235117,0.486196911294978,0.6718385410431343,0.2727238767045311,21,21,21,C026,band,wf2021,S004_C026_wf2021,
202105,18,0.0760698298028952,0.0479943206906131,1.5849756535417134,1.0,0.6558195606342467,1.4280242917290065,0.6533226527671553,0.3311770042812855,18,18,18,C026,band,wf2021,S004_C026_wf2021,
202106,21,0.0783312383642406,0.0554432570668349,1.412818122676578,0.9523809523809524,0.6796067701528182,0.6680350601417144,0.6374542285880133,0.3439782578151377,21,21,21,C026,band,wf2021,S004_C026_wf2021,
202107,22,0.0710679066599724,0.0516711441414242,1.37538867855256,0.9545454545454546,0.7407691151901586,0.9249670377523695,0.6021003034814251,0.370027806176609,22,22,22,C026,band,wf2021,S004_C026_wf2021,
202108,22,0.0830604650725089,0.0645256460240282,1.287247322430196,0.8636363636363636,0.2882191901190071,0.6855256750999917,0.5892793764371975,0.2429061301335464,22,22,22,C026,band,wf2021,S004_C026_wf2021,
202109,20,0.0760986712201667,0.0821240712339524,0.9266305247261702,0.8,0.3406216981876496,0.3372359864296598,0.5839511283187478,0.2574406394487372,20,20,20,C026,band,wf2021,S004_C026_wf2021,
202110,16,0.0524229378970543,0.0464580242385759,1.1283936145852165,0.875,0.2884464370743821,-0.149010175952453,0.5543543996441203,0.2411967863879003,16,16,16,C026,band,wf2021,S004_C026_wf2021,
202111,22,0.0877421503769995,0.0549432716461143,1.5969589678266785,0.9090909090909092,0.3599098384514206,1.3731564086990975,0.6198208002800505,0.2571235716022109,22,22,22,C026,band,wf2021,S004_C026_wf2021,
202112,23,0.0705187013293203,0.0660822486959384,1.0671353157758776,0.8695652173913043,0.3135866542188379,0.6176717345534992,0.6266280481479776,0.2342950623529862,23,23,23,C026,band,wf2021,S004_C026_wf2021,
202201,19,0.1088660171892978,0.0832327913206581,1.3079702778426174,0.9473684210526316,0.6201562591154517,-0.6242343088525686,0.539139850011394,0.3678513296069364,19,19,18,C026,band,wf2022,S004_C026_wf2022,
202202,16,0.0950227151068548,0.0596479318222152,1.593059678750917,0.9375,0.6155130871306693,1.2299742119492754,0.5661902550546518,0.3528059356655472,16,16,16,C026,band,wf2022,S004_C026_wf2022,
202203,23,0.0622060145969479,0.0583088826282293,1.0668359912428131,0.9130434782608696,0.1964311759690218,-0.4974097172647654,0.5425111197542292,0.2210584227032169,23,23,23,C026,band,wf2022,S004_C026_wf2022,
202204,19,0.0859044395277982,0.1162660173253341,0.7388611178399745,0.8421052631578947,0.1907100533571582,-1.678929176546199,0.4676881078277914,0.2512683594699293,19,19,19,C026,band,wf2022,S004_C026_wf2022,
202205,19,0.1260934126390105,0.0530039321212073,2.3789444969981632,1.0,0.4591033555482324,1.5787054539090133,0.5116073388014982,0.3346861700796244,19,19,19,C026,band,wf2022,S004_C026_wf2022,
202206,21,0.1014660488976837,0.0750514928691546,1.351952439834614,0.9523809523809524,0.4444960660609403,1.2022355068816,0.5486633921293287,0.3093362217385569,21,21,21,C026,band,wf2022,S004_C026_wf2022,
202207,21,0.0915628749157997,0.0755300508085956,1.2122707973258695,0.8571428571428571,0.5257276361716583,0.8664420274246679,0.5950887475811194,0.3158168165434815,21,21,21,C026,band,wf2022,S004_C026_wf2022,
202208,23,0.0607617386055116,0.0970697836597685,0.6259593491882364,0.782608695652174,0.0946432352701131,-0.3364578498180038,0.5981705734906847,0.1732464939760331,23,23,23,C026,band,wf2022,S004_C026_wf2022,
202209,21,0.0600344382238779,0.0836647582678941,0.71755945354731,0.7142857142857143,0.3760550909796286,-0.8737240670402391,0.5619867532808908,0.2682342765991725,21,21,21,C026,band,wf2022,S004_C026_wf2022,
202210,16,0.1227992899060838,0.0915172284904872,1.3418160922437483,0.9375,0.844078563237897,1.9130179969570429,0.5641085042016374,0.4331107336733114,16,16,16,C026,band,wf2022,S004_C026_wf2022,
202211,22,0.1094517183483276,0.1008316480815766,1.085489728976531,0.8181818181818182,0.5572891296250865,1.243011124249147,0.6137957740718843,0.3268286940052917,22,22,22,C026,band,wf2022,S004_C026_wf2022,
202212,22,0.0841401625579635,0.081671572660605,1.0302258156288602,0.7727272727272727,0.9168661241755848,0.6074253191286562,0.616772170624663,0.4236842510884619,22,22,22,C026,band,wf2022,S004_C026_wf2022,
202301,16,0.0675500951797319,0.0696982816826735,0.9691787738366064,0.8125,-0.0967932731108699,0.9487459995936376,0.6705770928214995,0.0968089282921819,16,16,15,C026,band,wf2023,S004_C026_wf2023,
202302,20,0.1225853668464798,0.057240403766645,2.141588087782016,0.95,0.5232451948880589,0.8162567646515524,0.6258300165547581,0.3182587002385821,20,20,20,C026,band,wf2023,S004_C026_wf2023,
202303,23,0.0664591886852499,0.0766866084138622,0.8666335630151094,0.782608695652174,0.4346630853271143,0.2487676815340445,0.6729296460431273,0.2551037072592961,23,23,23,C026,band,wf2023,S004_C026_wf2023,
202304,19,0.0539237995314173,0.0825907701475065,0.6529034592498633,0.7368421052631579,0.1795874221401202,-0.2618249017398558,0.6412270255274735,0.1830776387963609,19,19,19,C026,band,wf2023,S004_C026_wf2023,
202305,20,0.0614064347396338,0.0662618244536041,0.9267241770958184,0.8,0.202419819769193,0.0742763941632538,0.6200857255643463,0.1992628021573075,20,20,20,C026,band,wf2023,S004_C026_wf2023,
202306,20,0.042199991365975,0.0832502713999773,0.506905150653797,0.8,0.0791192629258641,0.4070686235736174,0.6197976144218855,0.1546764910975835,20,20,20,C026,band,wf2023,S004_C026_wf2023,
202307,21,0.0910313618432361,0.062373137295946,1.4594642147197665,0.8571428571428571,0.262200615549653,0.3464638286037064,0.6429815193880574,0.2221782735857731,21,21,21,C026,band,wf2023,S004_C026_wf2023,
202308,23,0.0286193585905475,0.1079646498530259,0.2650808262658893,0.6521739130434783,0.0778182733236861,-0.3430559711168424,0.5923078927344996,0.157100857612975,23,23,23,C026,band,wf2023,S004_C026_wf2023,
202309,20,0.0137693172386304,0.0625136472757527,0.2202609804206889,0.6,-0.0637903392941018,-0.1686358922197803,0.6495633527649183,0.0915016192777461,20,20,20,C026,band,wf2023,S004_C026_wf2023,
202310,17,0.0289238346708693,0.0691195608854142,0.4184609146869296,0.6470588235294118,-0.0147821056608142,-0.0908895018435627,0.581724881980737,0.1326174375758823,17,17,17,C026,band,wf2023,S004_C026_wf2023,
202311,22,0.0832565843529512,0.0826850473098726,1.0069122176460366,0.9090909090909092,0.2913285181902245,0.6825771399543599,0.6479819390408152,0.2263066074860033,22,22,22,C026,band,wf2023,S004_C026_wf2023,
202312,21,0.0645209548012175,0.0581039657145505,1.1104397782105269,0.9047619047619048,0.2678550543604108,-0.04301538964642,0.6066842907582464,0.2241596110011363,21,21,21,C026,band,wf2023,S004_C026_wf2023,
202101,20,0.0851623943391311,0.0929856527842944,0.9158659619961858,0.8,0.7035588380875272,-0.3489626843027036,0.6344296172963408,0.3548037239730083,20,20,19,C027,band,wf2021,S004_C027_wf2021,
202102,15,0.0886649789498657,0.0836594919285976,1.0598316688982548,0.8,0.4808774209490801,1.2482095169294711,0.6499568912925253,0.2847421504769127,15,15,15,C027,band,wf2021,S004_C027_wf2021,
202103,23,0.1029350800075069,0.0533995639828585,1.9276389605081687,0.9565217391304348,0.6468565985970184,0.6121209620546288,0.7103065535918534,0.3221390455045523,23,23,23,C027,band,wf2021,S004_C027_wf2021,
202104,21,0.0716368978156002,0.0524574272593817,1.3656197331482434,0.9047619047619048,0.5149691143333784,0.5146807390048445,0.7484936194878616,0.2585974075798951,21,21,21,C027,band,wf2021,S004_C027_wf2021,
202105,18,0.0757271298618873,0.0478224946997248,1.5835043808854894,1.0,0.6812924234108957,1.4534971545056552,0.7356090285231381,0.3139958704110822,18,18,18,C027,band,wf2021,S004_C027_wf2021,
202106,21,0.0784152521649888,0.0553398557352621,1.4169760857367624,0.9523809523809524,0.7193740877013082,0.7078023776902042,0.7204697348551223,0.3310374067198512,21,21,21,C027,band,wf2021,S004_C027_wf2021,
202107,22,0.0714108200098056,0.0515862062429876,1.3843006728084952,0.9545454545454546,0.781707838449406,0.9659057610116172,0.7028668004035208,0.3522166394176877,22,22,22,C027,band,wf2021,S004_C027_wf2021,
202108,22,0.0842909323254567,0.0658279651008108,1.2804730056043991,0.8636363636363636,0.2931245310607095,0.690431016041694,0.7020456436681577,0.2110400391479482,22,22,22,C027,band,wf2021,S004_C027_wf2021,
202109,20,0.0768135890084461,0.0832537089555527,0.9226446481736345,0.8,0.3301327704773169,0.3267470587193272,0.7196304787231261,0.2138761231296356,20,20,20,C027,band,wf2021,S004_C027_wf2021,
202110,16,0.0533436880041619,0.0464128132009847,1.149331064530907,0.875,0.3932814931317189,-0.0441751198951163,0.662300531244794,0.2406317637677422,16,16,16,C027,band,wf2021,S004_C027_wf2021,
202111,22,0.088448721281529,0.0555736407120495,1.5915588784225796,0.9090909090909092,0.3825088890466396,1.3957554592943164,0.7386223712609156,0.2285454438483288,22,22,22,C027,band,wf2021,S004_C027_wf2021,
202112,23,0.0698206240060192,0.0659870933728943,1.058095158267718,0.8695652173913043,0.2226642303553326,0.5267493106899939,0.725739245759249,0.1770057449812328,23,23,23,C027,band,wf2021,S004_C027_wf2021,
202201,19,0.1093227196353677,0.0840579318941881,1.3005639940438083,0.9473684210526316,0.5801430359322794,-0.6642475320357408,0.6998674434052593,0.3078117656122531,19,19,18,C027,band,wf2022,S004_C027_wf2022,
202202,16,0.0955779330055253,0.0607614103520039,1.5730038597165827,0.9375,0.5574119226871322,1.1718730475057384,0.7027898119384328,0.2946178064268199,16,16,16,C027,band,wf2022,S004_C027_wf2022,
202203,23,0.0623945049755706,0.0575007101180376,1.0851084247044425,0.9130434782608696,0.1675333516292843,-0.5263075416045029,0.6844458479618601,0.1698840530904555,23,23,23,C027,band,wf2022,S004_C027_wf2022,
202204,19,0.0886271795510328,0.1153240368450963,0.7685056990337341,0.8421052631578947,0.2966571883135583,-1.5729820415897997,0.6202679773054521,0.2383676351228449,19,19,19,C027,band,wf2022,S004_C027_wf2022,
202205,19,0.127726451736152,0.0537958244166554,2.374281891228111,1.0,0.5522459277977317,1.671848026158512,0.6654255309374025,0.3171366997525595,19,19,19,C027,band,wf2022,S004_C027_wf2022,
202206,21,0.1026483571090063,0.0760315746118925,1.3500753816158704,0.9523809523809524,0.5080388885112497,1.2657783293319096,0.71146581889263,0.2800312637291884,21,21,21,C027,band,wf2022,S004_C027_wf2022,
202207,21,0.0921316284067371,0.076202827605419,1.2090316239155587,0.8571428571428571,0.5998124880911727,0.9405268793441824,0.7191947042358924,0.3010379865192789,21,21,21,C027,band,wf2022,S004_C027_wf2022,
202208,23,0.0608252562616243,0.0994397932034373,0.6116792312428283,0.7391304347826086,0.0885516255189997,-0.3425494595691171,0.7249771938190157,0.1334024320146449,23,23,23,C027,band,wf2022,S004_C027_wf2022,
202209,21,0.0604849028755662,0.0854128716536937,0.7081473986825098,0.7142857142857143,0.3870267693753256,-0.8627523886445421,0.6920784761004835,0.2326784491326791,21,21,21,C027,band,wf2022,S004_C027_wf2022,
202210,16,0.1237022485999138,0.0909672834131758,1.3598542680235368,0.9375,0.9200898970315255,1.9890293307506717,0.7104838194216048,0.4123627227229418,16,16,16,C027,band,wf2022,S004_C027_wf2022,
202211,22,0.1099679937219098,0.1014784172501811,1.083658936567751,0.8181818181818182,0.5502074303451843,1.2359294249692452,0.7428642861067715,0.2861901407602877,22,22,22,C027,band,wf2022,S004_C027_wf2022,
202212,22,0.084192168434058,0.0829016443603145,1.0155669297479135,0.7727272727272727,0.950514731664593,0.6410739266176646,0.7341456748625766,0.3985875844142281,22,22,22,C027,band,wf2022,S004_C027_wf2022,
202301,16,0.0676405049103258,0.0716167083800772,0.9444793881247756,0.8125,-0.1172164439227498,0.9283228287817576,0.7651149680596506,0.0623567783694101,16,16,15,C027,band,wf2023,S004_C027_wf2023,
202302,20,0.1234006135025319,0.0589061826984031,2.0948669197312837,0.95,0.6217169207711871,0.9147284905346804,0.7760251571771826,0.3030677744792142,20,20,20,C027,band,wf2023,S004_C027_wf2023,
202303,23,0.0663049896600212,0.077147389005063,0.8594586351544542,0.782608695652174,0.4475634816343752,0.2616680778413054,0.7759975959762481,0.2279917615614466,23,23,23,C027,band,wf2023,S004_C027_wf2023,
202304,19,0.0554791000049251,0.0827278679961275,0.6706216580792587,0.7368421052631579,0.2471265409250403,-0.1942857829549356,0.7558930246357668,0.169561694888752,19,19,19,C027,band,wf2023,S004_C027_wf2023,
202305,20,0.0622802047452996,0.0668598973721552,0.9315031460284164,0.8,0.2044220798138122,0.076278654207873,0.7153046565949502,0.1716473088637785,20,20,20,C027,band,wf2023,S004_C027_wf2023,
202306,20,0.0430648328047388,0.0862217367638254,0.4994660792173562,0.8,0.0835455700547346,0.4114949307024879,0.7378540346324672,0.1209333937485757,20,20,20,C027,band,wf2023,S004_C027_wf2023,
202307,21,0.0912139095077914,0.0630749204310925,1.4461200883707783,0.8571428571428571,0.2590836872708536,0.3433469003249069,0.7609231621383444,0.1859337213428693,21,21,21,C027,band,wf2023,S004_C027_wf2023,
202308,23,0.0285970971305534,0.1088214652259587,0.2627891204292638,0.6086956521739131,0.0866435199430691,-0.3342307244974594,0.73429848314047,0.1171423498930011,23,23,23,C027,band,wf2023,S004_C027_wf2023,
202309,20,0.0137946427851757,0.0640111874727672,0.2155036225666728,0.65,-0.1184566222507858,-0.2233021751764644,0.771257983667954,0.0386034753384483,20,20,20,C027,band,wf2023,S004_C027_wf2023,
202310,17,0.0299536710601045,0.0696264556586902,0.4302053117128037,0.6470588235294118,0.0128130609078577,-0.0632943352748907,0.7093693467837451,0.1030145826612756,17,17,17,C027,band,wf2023,S004_C027_wf2023,
202311,22,0.0843906248041916,0.0846490150008977,0.996947510887122,0.9090909090909092,0.3543227420237844,0.7455713637879198,0.7792047343459043,0.2062916522250407,22,22,22,C027,band,wf2023,S004_C027_wf2023,
202312,21,0.0645766814580363,0.0591327112727808,1.0920635984394884,0.9047619047619048,0.2860050148666703,-0.0248654291401605,0.7360407432650672,0.1908199540636954,21,21,21,C027,band,wf2023,S004_C027_wf2023,
202101,20,0.0845772282454463,0.0923667003048227,0.9156679622237224,0.8,0.6356263402585132,-0.4168951821317175,0.6927032549956603,0.3167078168770344,20,20,19,C028,band,wf2021,S004_C028_wf2021,
202102,15,0.088837997519892,0.0831131877477563,1.0688796799553657,0.8,0.5042883313765584,1.2716204273569494,0.7117269532689259,0.2733036124402466,15,15,15,C028,band,wf2021,S004_C028_wf2021,
202103,23,0.1030384862520894,0.0533754605511155,1.930446785623771,0.9565217391304348,0.6838179265166189,0.6490822899742292,0.7537962724753833,0.3202218907132064,23,23,23,C028,band,wf2021,S004_C028_wf2021,
202104,21,0.0719839100405503,0.0527360548479809,1.364984738582628,0.9047619047619048,0.5602108392419552,0.5599224639134215,0.7814944924462662,0.2624084680549268,21,21,21,C028,band,wf2021,S004_C028_wf2021,
202105,18,0.0756402874171522,0.0476976989441705,1.5858267608608971,1.0,0.6936298082290122,1.465834539323772,0.7751796016695555,0.3057911769346979,18,18,18,C028,band,wf2021,S004_C028_wf2021,
202106,21,0.0784558964551228,0.0553338793563322,1.41786365546309,0.9523809523809524,0.6814035724062928,0.6698318623951888,0.7629300695171329,0.306924409448797,21,21,21,C028,band,wf2021,S004_C028_wf2021,
202107,22,0.0716386685124707,0.05184395414063,1.3818133608818917,0.9545454545454546,0.7775260596796131,0.9617239822418244,0.7530766224505224,0.3359902985737155,22,22,22,C028,band,wf2021,S004_C028_wf2021,
202108,22,0.0845144232250933,0.0661378647275082,1.2778523100692394,0.8636363636363636,0.2971592345129388,0.6944657194939234,0.7516898236197854,0.1974465925579833,22,22,22,C028,band,wf2021,S004_C028_wf2021,
202109,20,0.0772555449423385,0.0833208215723724,0.9272057510286846,0.8,0.3529797535039672,0.3495940417459773,0.7712369634098409,0.2054250550051733,20,20,20,C028,band,wf2021,S004_C028_wf2021,
202110,16,0.0535092185356859,0.046391003723573,1.1534395516537603,0.875,0.4030901497353082,-0.034366463291527,0.7108047092974574,0.2290893195456296,16,16,16,C028,band,wf2021,S004_C028_wf2021,
202111,22,0.0886360114151779,0.055822998410771,1.5878045597435282,0.9090909090909092,0.3935215745859462,1.4067681448336231,0.7847063970124574,0.2180989578381178,22,22,22,C028,band,wf2021,S004_C028_wf2021,
202112,23,0.069477988352972,0.0658206820427161,1.055564697854124,0.8695652173913043,0.1985145379596773,0.5025996182943385,0.7753678508360905,0.1547352014782648,23,23,23,C028,band,wf2021,S004_C028_wf2021,
202201,19,0.1095703133776388,0.0842617244726941,1.300356882835292,0.9473684210526316,0.5593602249646686,-0.6850303430033517,0.7538292386196873,0.2854874212545499,19,19,18,C028,band,wf2022,S004_C028_wf2022,
202202,16,0.0956271357064642,0.0609206791624146,1.5696991074495756,0.9375,0.5858685345412074,1.2003296593598134,0.7496470018498138,0.2891173140900038,16,16,16,C028,band,wf2022,S004_C028_wf2022,
202203,23,0.0625129386077317,0.0573971273087498,1.0891300930700416,0.9130434782608696,0.187559019738762,-0.506281873495025,0.7394146535933028,0.1594484852867304,23,23,23,C028,band,wf2022,S004_C028_wf2022,
202204,19,0.0888831398387403,0.1150644457365197,0.7724639811177585,0.8421052631578947,0.344543295403854,-1.525095934499504,0.680943073363968,0.2346333225474619,19,19,19,C028,band,wf2022,S004_C028_wf2022,
202205,19,0.1280002720697505,0.0536592671807135,2.385427136726848,1.0,0.5567150039132522,1.6763171022740326,0.7190014097787659,0.3025141870682461,19,19,19,C028,band,wf2022,S004_C028_wf2022,
202206,21,0.1025607472455309,0.0761137315685991,1.3474670750191229,0.9523809523809524,0.4892762561938472,1.247015697014507,0.7679018256651651,0.257436628056817,21,21,21,C028,band,wf2022,S004_C028_wf2022,
202207,21,0.0922642454547038,0.0764460268864142,1.2069200874466994,0.8571428571428571,0.6089360531373722,0.9496504443903822,0.7677200385470425,0.2892705025589804,21,21,21,C028,band,wf2022,S004_C028_wf2022,
202208,23,0.0610982030799947,0.099687445645859,0.612897669151309,0.7391304347826086,0.068106242490461,-0.3629948425976558,0.7722745198307986,0.1131887980298966,23,23,23,C028,band,wf2022,S004_C028_wf2022,
202209,21,0.0608773383113857,0.086037619220934,0.7075665140740377,0.7142857142857143,0.3780785578033488,-0.8717006002165187,0.7511796241521372,0.2124206154199177,21,21,21,C028,band,wf2022,S004_C028_wf2022,
202210,16,0.1241819575637409,0.0904616054071812,1.3727587190695916,0.9375,0.9011090367568688,1.9700484704760144,0.759635835855902,0.3921147432957863,16,16,16,C028,band,wf2022,S004_C028_wf2022,
202211,22,0.1101407794760614,0.1014425024581668,1.0857458836988143,0.8181818181818182,0.5458296854231323,1.2315516800471933,0.789222425657437,0.2710384897201331,22,22,22,C028,band,wf2022,S004_C028_wf2022,
202212,22,0.0839071960646935,0.0832078562767883,1.0084047326682577,0.7727272727272727,0.9424515279721846,0.6330107229252561,0.7807370343193548,0.3820772265217263,22,22,22,C028,band,wf2022,S004_C028_wf2022,
202301,16,0.0679343041150339,0.0721605123283894,0.9414332288257218,0.8125,-0.1096427291850573,0.93589654351945,0.805785501637353,0.0525452523992904,16,16,15,C028,band,wf2023,S004_C028_wf2023,
202302,20,0.1236418911900622,0.0593007241237086,2.084997999891704,0.95,0.624616397957525,0.9176279677210186,0.8200825745253534,0.2908169035056763,20,20,20,C028,band,wf2023,S004_C028_wf2023,
202303,23,0.0661840938575254,0.0775455485121021,0.8534866943032389,0.782608695652174,0.457149189715128,0.2712537859220582,0.8067117094673407,0.2216048816173463,23,23,23,C028,band,wf2023,S004_C028_wf2023,
202304,19,0.0558183017323272,0.0825487633943417,0.6761858014235654,0.7368421052631579,0.2704432020723624,-0.1709691218076136,0.7852188941377712,0.1678946130733082,19,19,19,C028,band,wf2023,S004_C028_wf2023,
202305,20,0.0621705471810831,0.0671090871472159,0.926410264599499,0.8,0.1985906694496927,0.0704472438437535,0.7500916570039571,0.1594179226061539,20,20,20,C028,band,wf2023,S004_C028_wf2023,
202306,20,0.0430886938289683,0.08680756681786,0.4963702521391613,0.8,0.1063435707499331,0.4342929313976864,0.7835540207120079,0.1140723425429649,20,20,20,C028,band,wf2023,S004_C028_wf2023,
202307,21,0.0913006965130502,0.0632109445479485,1.444381145796584,0.8571428571428571,0.2672875634238922,0.3515507764779456,0.7958826538842584,0.1779417514671102,21,21,21,C028,band,wf2023,S004_C028_wf2023,
202308,23,0.0285022778106029,0.108937836693815,0.2616380008601841,0.6086956521739131,0.0595103304250952,-0.3613639140154334,0.7739892725201538,0.0970572284957236,23,23,23,C028,band,wf2023,S004_C028_wf2023,
202309,20,0.0139657606524972,0.0642706963338433,0.2172959287690681,0.65,-0.1232738518904307,-0.2281194048161093,0.8056705693804049,0.0269029778797481,20,20,20,C028,band,wf2023,S004_C028_wf2023,
202310,17,0.030214241427198,0.0697046312603133,0.4334610323719,0.6470588235294118,0.0083911299447255,-0.0677162662380229,0.7579035080698246,0.0872319831333494,17,17,17,C028,band,wf2023,S004_C028_wf2023,
202311,22,0.0846240646860014,0.0850069189793176,0.9954961984516884,0.9090909090909092,0.3670071733495318,0.7582557951136675,0.8200262828630183,0.1979438930203546,22,22,22,C028,band,wf2023,S004_C028_wf2023,
202312,21,0.0645470474017447,0.0592644326299563,1.089136342615017,0.9047619047619048,0.2848919499853294,-0.0259784940215014,0.7764497992351211,0.1783514641857603,21,21,21,C028,band,wf2023,S004_C028_wf2023,
202101,20,0.0844160819032814,0.0921876959430567,0.9156979251919284,0.8,0.6115366171208783,-0.4409849052693522,0.7598739418377917,0.2892652353462385,20,20,19,C029,band,wf2021,S004_C029_wf2021,
202102,15,0.0889546691818356,0.0825840280042445,1.0771413229839517,0.8,0.5176413856425677,1.284973481622959,0.7762103294281144,0.2580111845370703,15,15,15,C029,band,wf2021,S004_C029_wf2021,
202103,23,0.1030064468029423,0.0536039161973508,1.921621667038442,0.9565217391304348,0.679880688381563,0.6451450518391736,0.8057977089405464,0.3034274725534819,23,23,23,C029,band,wf2021,S004_C029_wf2021,
202104,21,0.0721778030739955,0.0528255206191674,1.3663434307508966,0.9047619047619048,0.5566907959291104,0.5564024206005765,0.8246810092181798,0.2484740572428773,21,21,21,C029,band,wf2021,S004_C029_wf2021,
202105,18,0.0756546594689175,0.0475506072229887,1.591034560592145,1.0,0.6651729858415646,1.4373777169363242,0.8224393754071093,0.2830819469179035,18,18,18,C029,band,wf2021,S004_C029_wf2021,
202106,21,0.078369924141559,0.0554766516692896,1.412665000201201,0.9523809523809524,0.7023028775021628,0.6907311674910589,0.8173570850479887,0.2968317073928758,21,21,21,C029,band,wf2021,S004_C029_wf2021,
202107,22,0.0719573840407152,0.0519735984612564,1.3844987872901606,0.9545454545454546,0.8110093655681231,0.995207288130334,0.8106645916415519,0.3288863857942574,22,22,22,C029,band,wf2021,S004_C029_wf2021,
202108,22,0.0842197864337711,0.0662720578131338,1.2708189425963532,0.8636363636363636,0.3115582438232668,0.7088647288042512,0.8047118963030052,0.1857418188295869,22,22,22,C029,band,wf2021,S004_C029_wf2021,
202109,20,0.077374881005673,0.0832174253104783,0.9297918160408446,0.8,0.4128824680316181,0.4094967562736283,0.8224183544066801,0.2080891864897506,20,20,20,C029,band,wf2021,S004_C029_wf2021,
202110,16,0.0535704841577691,0.0462961449276659,1.1571262411042822,0.875,0.4269316386314294,-0.0105249743954057,0.7692583202093155,0.2187301891897418,16,16,16,C029,band,wf2021,S004_C029_wf2021,
202111,22,0.0888511033158464,0.0559077264880859,1.589245510363954,0.9090909090909092,0.4266049831515072,1.4398515533991842,0.8329461298260679,0.2136380973239703,22,22,22,C029,band,wf2021,S004_C029_wf2021,
202112,23,0.069521554968011,0.0655557686120685,1.060494849498454,0.8695652173913043,0.1780660164065011,0.4821510967411623,0.8283912448723622,0.1327110534474461,23,23,23,C029,band,wf2021,S004_C029_wf2021,
202201,19,0.1096525322165194,0.0844114699511296,1.299024081442998,0.9473684210526316,0.6119648235268386,-0.6324257444411816,0.8066539009567791,0.2854542896576256,19,19,18,C029,band,wf2022,S004_C029_wf2022,
202202,16,0.0958034992788608,0.0612823953941188,1.5633119211925397,0.9375,0.5655902294167288,1.180051354235335,0.8007002733014272,0.2677883865461348,16,16,16,C029,band,wf2022,S004_C029_wf2022,
202203,23,0.0626214110120435,0.0573940734283779,1.091078002856668,0.9130434782608696,0.178003146284785,-0.5158377469490022,0.7982126932706073,0.1389857003090707,23,23,23,C029,band,wf2022,S004_C029_wf2022,
202204,19,0.0890053084191194,0.1148529497247869,0.7749501308620785,0.8421052631578947,0.4008467493399024,-1.4687924805634556,0.7542650764095322,0.2295766252467588,19,19,19,C029,band,wf2022,S004_C029_wf2022,
202205,19,0.1281466110305295,0.0537864653301786,2.3825066444481307,1.0,0.6065474631224784,1.7261495614832594,0.7824658182993262,0.2984831378591575,19,19,19,C029,band,wf2022,S004_C029_wf2022,
202206,21,0.1026376978541293,0.0763845979020738,1.343696251248352,0.9523809523809524,0.5163634514157568,1.2741028922364166,0.8230751194198722,0.249041578740417,21,21,21,C029,band,wf2022,S004_C029_wf2022,
202207,21,0.0923316949242495,0.0766207082889821,1.2050488306113276,0.8571428571428571,0.5979096226953258,0.9386240139483356,0.8187891592199938,0.2706688170122994,21,21,21,C029,band,wf2022,S004_C029_wf2022,
202208,23,0.0611170643558574,0.0999764442225782,0.611314643475338,0.7391304347826086,0.0804290558913385,-0.3506720291967786,0.8195664120242262,0.1027056189024766,23,23,23,C029,band,wf2022,S004_C029_wf2022,
202209,21,0.0607896105327699,0.0864446026776971,0.7032204284565913,0.7142857142857143,0.4209071084467458,-0.8288720495731217,0.8029702777562944,0.2096968934202434,21,21,21,C029,band,wf2022,S004_C029_wf2022,
202210,16,0.1242807428264276,0.0900706226886806,1.379814406923671,0.9375,0.9396446160120768,2.0085840497312226,0.8171521229916232,0.3864600450367071,16,16,16,C029,band,wf2022,S004_C029_wf2022,
202211,22,0.11015482598182,0.1014711576046666,1.0855777009166008,0.8181818181818182,0.5437683984095341,1.2294903930335948,0.8389034569965211,0.2555214128166319,22,22,22,C029,band,wf2022,S004_C029_wf2022,
202212,22,0.0838828758476417,0.0834750551847161,1.004885539303007,0.7727272727272727,0.919800424464226,0.6103596194172977,0.8283226524675181,0.3609964819380691,22,22,22,C029,band,wf2022,S004_C029_wf2022,
202301,16,0.067894877971247,0.0723339250513805,0.9386311875516182,0.8125,-0.0787680933103414,0.966771179394166,0.8515359279309469,0.0480667448161123,16,16,15,C029,band,wf2023,S004_C029_wf2023,
202302,20,0.1237371472381009,0.0594496202736967,2.081378260591648,0.95,0.6556083631910761,0.9486199329545694,0.8687340941779516,0.2855571395991777,20,20,20,C029,band,wf2023,S004_C029_wf2023,
202303,23,0.0661471019715791,0.0778006494437005,0.8502127224457889,0.782608695652174,0.4409608559709101,0.2550654521778402,0.8470713096873588,0.204625704673697,23,23,23,C029,band,wf2023,S004_C029_wf2023,
202304,19,0.0560577214555126,0.0826518012362217,0.6782395618372278,0.7368421052631579,0.3727238910036574,-0.0686884328763185,0.827314135360701,0.186046015275092,19,19,19,C029,band,wf2023,S004_C029_wf2023,
202305,20,0.062408422085772,0.0671345449748748,0.92960222057256,0.8,0.236817560331416,0.1086741347254768,0.7962236812828953,0.157141532548865,20,20,20,C029,band,wf2023,S004_C029_wf2023,
202306,20,0.04327100249553,0.087062548608547,0.4970105193001679,0.8,0.1325233101172042,0.4604726707649575,0.8315408804570374,0.107603129896262,20,20,20,C029,band,wf2023,S004_C029_wf2023,
202307,21,0.0913112072725488,0.0632291373988561,1.4441317884276668,0.8571428571428571,0.2585297029318186,0.3427929159858721,0.8398828946828893,0.1621185253836982,21,21,21,C029,band,wf2023,S004_C029_wf2023,
202308,23,0.0284851532439187,0.1090942718257057,0.2611058561298987,0.6086956521739131,0.0331185461485814,-0.3877556982919471,0.8238179897657748,0.0741842282124095,23,23,23,C029,band,wf2023,S004_C029_wf2023,
202309,20,0.0141046688964887,0.0644783854900757,0.2187503422935376,0.65,-0.114597731342027,-0.2194432842677056,0.8410312632361002,0.0189531691851573,20,20,20,C029,band,wf2023,S004_C029_wf2023,
202310,17,0.0303853853651717,0.069700000778349,0.4359452657941778,0.6470588235294118,0.022940274218328,-0.0531671219644204,0.8072584795019746,0.0768586925609747,17,17,17,C029,band,wf2023,S004_C029_wf2023,
202311,22,0.0847186154787882,0.0851614185432305,0.9948004263900608,0.9090909090909092,0.3637715822979254,0.7550202040620608,0.860628139833432,0.1848304789308633,22,22,22,C029,band,wf2023,S004_C029_wf2023,
202312,21,0.0646015067403074,0.0593031231391203,1.0893440905086489,0.9047619047619048,0.29899627914647,-0.0118741648603607,0.8204472551190852,0.1694053099043384,21,21,21,C029,band,wf2023,S004_C029_wf2023,
202101,20,0.0842795269349351,0.0920416777875913,0.9156669995676394,0.8,0.6095180103346458,-0.4430035120555846,0.8357028304402672,0.2658563647422877,20,20,19,C030,band,wf2021,S004_C030_wf2021,
202102,15,0.089025397012025,0.0824478921402044,1.079777720219158,0.8,0.5139762026070185,1.2813082985874096,0.8498846674608659,0.2348376193486557,15,15,15,C030,band,wf2021,S004_C030_wf2021,
202103,23,0.1031157994179535,0.0535714204372643,1.9248285480634004,0.9565217391304348,0.6820590900621046,0.6473234535197151,0.8625126920537857,0.2871102391696771,23,23,23,C030,band,wf2021,S004_C030_wf2021,
202104,21,0.0722689485892942,0.0528950215310029,1.3662712765309255,0.9047619047619048,0.5566907959291104,0.5564024206005765,0.8782185294426064,0.2324492593816688,21,21,21,C030,band,wf2021,S004_C030_wf2021,
202105,18,0.0756596761467686,0.0475939259346133,1.589691849558981,1.0,0.6651729858415646,1.4373777169363242,0.8770590862644224,0.2666980403318501,18,18,18,C030,band,wf2021,S004_C030_wf2021,
202106,21,0.0784047773511644,0.0554062619561182,1.4150887387649624,0.9523809523809524,0.7023028775021628,0.6907311674910589,0.8707425884123536,0.2808299976674085,21,21,21,C030,band,wf2021,S004_C030_wf2021,
202107,22,0.0720413248431441,0.0519214144536253,1.3875069776361597,0.9545454545454546,0.8064908095151855,0.9906887320773964,0.8672882248834294,0.3105773053267844,22,22,22,C030,band,wf2021,S004_C030_wf2021,
202108,22,0.0841729279434426,0.0663398264721139,1.2688144123926053,0.8636363636363636,0.3120848119790502,0.7093912969600347,0.8603310966151738,0.1691952857865399,22,22,22,C030,band,wf2021,S004_C030_wf2021,
202109,20,0.0774379610806665,0.0831657505794037,0.9311280249521894,0.8,0.4171391658885909,0.4137534541306011,0.8784514068553616,0.1925815121422354,20,20,20,C030,band,wf2021,S004_C030_wf2021,
202110,16,0.0537130041026382,0.0464043046528294,1.157500462607688,0.875,0.4154350215139987,-0.0220215915128363,0.8364262011579402,0.1951878477478728,16,16,16,C030,band,wf2021,S004_C030_wf2021,
202111,22,0.0889146665907291,0.0560567484298878,1.5861545501865466,0.9090909090909092,0.4244331522305104,1.437679722478187,0.881107527774022,0.1985635539732381,22,22,22,C030,band,wf2021,S004_C030_wf2021,
202112,23,0.0694961762722987,0.0654607136846093,1.0616470912176772,0.8695652173913043,0.1726745969857614,0.4767596773204225,0.8801751181249956,0.1155483141671492,23,23,23,C030,band,wf2021,S004_C030_wf2021,
202201,19,0.1097254825968545,0.0844254118631434,1.2996736429870597,0.9473684210526316,0.6160446355584157,-0.6283459324096043,0.8650960580398537,0.2691747662943104,19,19,18,C030,band,wf2022,S004_C030_wf2022,
202202,16,0.0959818529033584,0.0613608604855925,1.564219473843507,0.9375,0.558515771230687,1.1729768960492932,0.8596465715678782,0.248053501060186,16,16,16,C030,band,wf2022,S004_C030_wf2022,
202203,23,0.0626019502480217,0.0572935723003786,1.0926522423809129,0.9130434782608696,0.174490170826532,-0.5193507224072551,0.8567504430689585,0.1203626984264807,23,23,23,C030,band,wf2022,S004_C030_wf2022,
202204,19,0.0890640973688746,0.1147844631483313,0.7759246759187324,0.8421052631578947,0.4169266052495159,-1.452712624653842,0.8275743928326055,0.212431302672623,19,19,19,C030,band,wf2022,S004_C030_wf2022,
202205,19,0.1282730967837208,0.0537998145107417,2.384266524898699,1.0,0.6181460513662963,1.737748149727077,0.8498536120912915,0.2817969704959898,19,19,19,C030,band,wf2022,S004_C030_wf2022,
202206,21,0.1026851548939658,0.0764878422333767,1.3425029638129524,0.9523809523809524,0.5273936313106793,1.285133072131339,0.8797287046956731,0.2353735399420881,21,21,21,C030,band,wf2022,S004_C030_wf2022,
202207,21,0.0923486167270342,0.076683768763165,1.2042785352953838,0.8571428571428571,0.6039022088772771,0.9446166001302873,0.8737013067357212,0.2559997173332805,21,21,21,C030,band,wf2022,S004_C030_wf2022,
202208,23,0.0611316993141105,0.1000685574414467,0.6108981769811224,0.7391304347826086,0.0736171441769737,-0.3574839409111431,0.8742632480990696,0.0842588485490154,23,23,23,C030,band,wf2022,S004_C030_wf2022,
202209,21,0.0609088409985053,0.0864691626000807,0.7043995705175068,0.7142857142857143,0.4158588220208979,-0.8339203359989698,0.859634886854385,0.191230716949356,21,21,21,C030,band,wf2022,S004_C030_wf2022,
202210,16,0.1243831178113124,0.0899450990860244,1.3828782121008183,0.9375,0.9375789181169448,2.0065183518360907,0.8749498251089929,0.3685419750269105,16,16,16,C030,band,wf2022,S004_C030_wf2022,
202211,22,0.1101904110192756,0.101443673484698,1.086222602495729,0.8181818181818182,0.5418854886164597,1.2276074832405204,0.886894824169087,0.240573363741922,22,22,22,C030,band,wf2022,S004_C030_wf2022,
202212,22,0.0838424815252313,0.0834919559234235,1.004198315848887,0.7727272727272727,0.9030793922720228,0.5936385872250943,0.8797264581179594,0.3405428728563116,22,22,22,C030,band,wf2022,S004_C030_wf2022,
202301,16,0.0679064238614493,0.0724477485901692,0.9373158611952204,0.8125,-0.0760469153900253,0.969492357314482,0.8962094104395472,0.0354856717957079,16,16,15,C030,band,wf2023,S004_C030_wf2023,
202302,20,0.1238557456658795,0.0595222985096707,2.0808293491179,0.95,0.6546421493883817,0.9476537191518754,0.9139495873792128,0.2717500668691024,20,20,20,C030,band,wf2023,S004_C030_wf2023,
202303,23,0.0660858297158951,0.0778895432756645,0.8484557353482741,0.782608695652174,0.4384413096010838,0.252545905808014,0.8918211636434465,0.1904203756736492,23,23,23,C030,band,wf2023,S004_C030_wf2023,
202304,19,0.0561766184244903,0.0827330240899322,0.6790108187442218,0.7368421052631579,0.3911541507375065,-0.0502581731424694,0.8783733434533861,0.1763048895550322,19,19,19,C030,band,wf2023,S004_C030_wf2023,
202305,20,0.0625300047559675,0.0671219648128865,0.9315878182392328,0.8,0.2211045525388918,0.0929611269329526,0.8552950320473818,0.13475485804984,20,20,20,C030,band,wf2023,S004_C030_wf2023,
202306,20,0.0433154233373199,0.0870855660626498,0.4973892379152542,0.8,0.1254888896021697,0.4534382502499231,0.8776760254468388,0.0916700285815272,20,20,20,C030,band,wf2023,S004_C030_wf2023,
202307,21,0.0912595596852955,0.0632740171814119,1.4422912239576429,0.8571428571428571,0.2647496287307864,0.3490128417848398,0.8869461396698438,0.149844870592401,21,21,21,C030,band,wf2023,S004_C030_wf2023,
202308,23,0.0284541825158969,0.1091349538157138,0.2607247405257981,0.6086956521739131,0.0253907607210193,-0.3954834837195091,0.8754298313403414,0.0563699518205621,23,23,23,C030,band,wf2023,S004_C030_wf2023,
202309,20,0.0141639719105558,0.0645671951949799,0.2193679292988251,0.65,-0.1023605619964644,-0.207206114922143,0.8871589588130424,0.0088097325213702,20,20,20,C030,band,wf2023,S004_C030_wf2023,
202310,17,0.0305213306145991,0.0697060056350903,0.437857977035404,0.6470588235294118,0.0478456688750925,-0.028261727307656,0.8665158370834305,0.0666074817833382,17,17,17,C030,band,wf2023,S004_C030_wf2023,
202311,22,0.0847779975557722,0.0851850498223926,0.9952215527552184,0.9090909090909092,0.3900259570509366,0.7812745788150721,0.9042289574978896,0.179650298888223,22,22,22,C030,band,wf2023,S004_C030_wf2023,
202312,21,0.0646340741034166,0.0593111305748826,1.089746114716421,0.9047619047619048,0.3067771450728215,-0.0040932989340093,0.8698254794784923,0.1569391293196654,21,21,21,C030,band,wf2023,S004_C030_wf2023,
202101,20,0.0842793766721734,0.0920418425150069,0.9156637282487262,0.8,0.6095180103346458,-0.4430035120555846,0.8361023272141669,0.265736455605013,20,20,19,C031,band,wf2021,S004_C016_wf2021,C016
202102,15,0.0890256244175062,0.0824479185660951,1.079780132304226,0.8,0.5139762026070185,1.2813082985874096,0.8505512530883423,0.2346377346226053,15,15,15,C031,band,wf2021,S004_C016_wf2021,C016
202103,23,0.1031160853602679,0.0535713956747134,1.924834775378838,0.9565217391304348,0.6820590900621046,0.6473234535197151,0.8628960650698841,0.2869953416417733,23,23,23,C031,band,wf2021,S004_C016_wf2021,C016
202104,21,0.072268893292491,0.0528947262612458,1.3662778579391193,0.9047619047619048,0.5566907959291104,0.5564024206005765,0.8785393587206923,0.2323529884795218,21,21,21,C031,band,wf2021,S004_C016_wf2021,C016
202105,18,0.0756596646825137,0.0475942073576787,1.5896822088855953,1.0,0.6651729858415646,1.4373777169363242,0.8773718158235106,0.2666042168784217,18,18,18,C031,band,wf2021,S004_C016_wf2021,C016
202106,21,0.0784050575639136,0.055406637747699,1.4150841984121223,0.9523809523809524,0.7023028775021628,0.6907311674910589,0.8709427497571239,0.2807700613490771,21,21,21,C031,band,wf2021,S004_C016_wf2021,C016
202107,22,0.072041363688461,0.0519214188857091,1.3875076073525745,0.9545454545454546,0.8064908095151855,0.9906887320773964,0.8674196935511098,0.3105378802646071,22,22,22,C031,band,wf2021,S004_C016_wf2021,C016
202108,22,0.0841728649982753,0.0663398433571932,1.2688131406199403,0.8636363636363636,0.3120848119790502,0.7093912969600347,0.8605322787969958,0.1691349059539264,22,22,22,C031,band,wf2021,S004_C016_wf2021,C016
202109,20,0.0774380071742517,0.0831654475216499,0.9311319722543756,0.8,0.4171391658885909,0.4137534541306011,0.8787937676159068,0.1924788223515059,20,20,20,C031,band,wf2021,S004_C016_wf2021,C016
202110,16,0.0537129494618485,0.0464042629769801,1.1575003246683189,0.875,0.4154350215139987,-0.0220215915128363,0.8364205841200235,0.195189511002932,16,16,16,C031,band,wf2021,S004_C016_wf2021,C016
202111,22,0.0889147476055441,0.0560568728099526,1.5861524760217751,0.9090909090909092,0.4244331522305104,1.437679722478187,0.8812247263452833,0.1985284268077858,22,22,22,C031,band,wf2021,S004_C016_wf2021,C016
202112,23,0.0694961078267958,0.0654607782333974,1.0616449987656822,0.8695652173913043,0.1726745969857614,0.4767596773204225,0.8804682991929783,0.1154603324685532,23,23,23,C031,band,wf2021,S004_C016_wf2021,C016
202201,19,0.1097255210216565,0.0844252875099378,1.299676012459425,0.9473684210526316,0.6160446355584157,-0.6283459324096043,0.8654181942671275,0.2690781407960491,19,19,18,C031,band,wf2022,S004_C016_wf2022,C016
202202,16,0.095981752815242,0.0613607782595298,1.564219938822813,0.9375,0.558515771230687,1.1729768960492932,0.8600059691199162,0.247945641759328,16,16,16,C031,band,wf2022,S004_C016_wf2022,C016
202203,23,0.0626020185823248,0.0572934268018671,1.0926562099142012,0.9130434782608696,0.174490170826532,-0.5193507224072551,0.8570006341644204,0.1202876684315634,23,23,23,C031,band,wf2022,S004_C016_wf2022,C016
202204,19,0.0890638580675399,0.1147840198544889,0.775925587729422,0.8421052631578947,0.4169266052495159,-1.452712624653842,0.8281681099243504,0.2122530918245656,19,19,19,C031,band,wf2022,S004_C016_wf2022,C016
202205,19,0.1282729819101709,0.0537996315617713,2.3842724975335816,1.0,0.6181460513662963,1.737748149727077,0.8502539532998054,0.2816768221840157,19,19,19,C031,band,wf2022,S004_C016_wf2022,C016
202206,21,0.1026852106605213,0.076487813747393,1.3425041928855133,0.9523809523809524,0.5273936313106793,1.285133072131339,0.8799364640335114,0.2353112344473589,21,21,21,C031,band,wf2022,S004_C016_wf2022,C016
202207,21,0.0923487438700099,0.0766838337351005,1.2042791729613165,0.8571428571428571,0.6039022088772771,0.9446166001302873,0.8740229783098596,0.2559032667182292,21,21,21,C031,band,wf2022,S004_C016_wf2022,C016
202208,23,0.061131642436888,0.100068594259797,0.6108973838303223,0.7391304347826086,0.0736171441769737,-0.3574839409111431,0.8743825661151906,0.0842230303932901,23,23,23,C031,band,wf2022,S004_C016_wf2022,C016
202209,21,0.0609089443182289,0.0864691643035175,0.7044007515145045,0.7142857142857143,0.4158588220208979,-0.8339203359989698,0.8598475747012638,0.1911669519231818,21,21,21,C031,band,wf2022,S004_C016_wf2022,C016
202210,16,0.1243832004287968,0.0899450649380129,1.3828796556488951,0.9375,0.9375789181169448,2.0065183518360907,0.8751252313517399,0.3684893862010802,16,16,16,C031,band,wf2022,S004_C016_wf2022,C016
202211,22,0.1101903030249289,0.1014436150168867,1.086222163973417,0.8181818181818182,0.5418854886164597,1.2276074832405204,0.8870764070590514,0.240518845677194,22,22,22,C031,band,wf2022,S004_C016_wf2022,C016
202212,22,0.0838425001640156,0.0834918767290052,1.0041994916002233,0.7727272727272727,0.9030793922720228,0.5936385872250943,0.8799080295573798,0.3404884088799991,22,22,22,C031,band,wf2022,S004_C016_wf2022,C016
202301,16,0.0679064602228,0.0724477145633929,0.9373168033255316,0.8125,-0.0760469153900253,0.969492357314482,0.8963023444199762,0.0354578061461195,16,16,15,C031,band,wf2023,S004_C016_wf2023,C016
202302,20,0.1238559050481969,0.0595222179132348,2.080834844372583,0.95,0.6546421493883817,0.9476537191518754,0.9143331988993249,0.2716350471659958,20,20,20,C031,band,wf2023,S004_C016_wf2023,C016
202303,23,0.0660858243716392,0.0778895394395802,0.8484557085217166,0.782608695652174,0.4384413096010838,0.252545905808014,0.8919363651608153,0.1903858130807362,23,23,23,C031,band,wf2023,S004_C016_wf2023,C016
202304,19,0.0561766421504414,0.0827330475502918,0.6790109129763747,0.7368421052631579,0.3911541507375065,-0.0502581731424694,0.8784414594232232,0.1762844642544615,19,19,19,C031,band,wf2023,S004_C016_wf2023,C016
202305,20,0.0625300352898579,0.067121944706605,0.9315885521967724,0.8,0.2211045525388918,0.0929611269329526,0.8555050983689693,0.1346918503669199,20,20,20,C031,band,wf2023,S004_C016_wf2023,C016
202306,20,0.0433155034104501,0.0870854925505291,0.4973905772573706,0.8,0.1254888896021697,0.4534382502499231,0.8780739560247884,0.0915506814373944,20,20,20,C031,band,wf2023,S004_C016_wf2023,C016
202307,21,0.0912594635578955,0.0632740032594377,1.4422900220760664,0.8571428571428571,0.2647496287307864,0.3490128417848398,0.8871322272495945,0.1497890058675158,21,21,21,C031,band,wf2023,S004_C016_wf2023,C016
202308,23,0.0284541396690604,0.1091349433527816,0.2607243729176793,0.6086956521739131,0.0253907607210193,-0.3954834837195091,0.8755631692507605,0.0563299333087018,23,23,23,C031,band,wf2023,S004_C016_wf2023,C016
202309,20,0.0141639685553983,0.0645671953382141,0.219367876848375,0.65,-0.1023605619964644,-0.207206114922143,0.8872351061379037,0.0087868869818488,20,20,20,C031,band,wf2023,S004_C016_wf2023,C016
202310,17,0.0305214234936902,0.0697060326375134,0.4378591398596487,0.6470588235294118,0.0478456688750925,-0.028261727307656,0.8668571678010633,0.0665051197196848,17,17,17,C031,band,wf2023,S004_C016_wf2023,C016
202311,22,0.0847780635685362,0.0851850781634187,0.9952219965790058,0.9090909090909092,0.3900259570509366,0.7812745788150721,0.9044585892375804,0.1795814357714214,22,22,22,C031,band,wf2023,S004_C016_wf2023,C016
202312,21,0.0646341319309854,0.0593111439441829,1.0897468440637712,0.9047619047619048,0.3067771450728215,-0.0040932989340093,0.8702302152705651,0.1568177317130711,21,21,21,C031,band,wf2023,S004_C016_wf2023,C016
202101,20,0.0842793766721734,0.0920418425150069,0.9156637282487262,0.8,0.6095180103346458,-0.4430035120555846,0.8361023272141669,0.265736455605013,20,20,19,C032,band,wf2021,S004_C016_wf2021,C016
202102,15,0.0890256244175062,0.0824479185660951,1.079780132304226,0.8,0.5139762026070185,1.2813082985874096,0.8505512530883423,0.2346377346226053,15,15,15,C032,band,wf2021,S004_C016_wf2021,C016
202103,23,0.1031160853602679,0.0535713956747134,1.924834775378838,0.9565217391304348,0.6820590900621046,0.6473234535197151,0.8628960650698841,0.2869953416417733,23,23,23,C032,band,wf2021,S004_C016_wf2021,C016
202104,21,0.072268893292491,0.0528947262612458,1.3662778579391193,0.9047619047619048,0.5566907959291104,0.5564024206005765,0.8785393587206923,0.2323529884795218,21,21,21,C032,band,wf2021,S004_C016_wf2021,C016
202105,18,0.0756596646825137,0.0475942073576787,1.5896822088855953,1.0,0.6651729858415646,1.4373777169363242,0.8773718158235106,0.2666042168784217,18,18,18,C032,band,wf2021,S004_C016_wf2021,C016
202106,21,0.0784050575639136,0.055406637747699,1.4150841984121223,0.9523809523809524,0.7023028775021628,0.6907311674910589,0.8709427497571239,0.2807700613490771,21,21,21,C032,band,wf2021,S004_C016_wf2021,C016
202107,22,0.072041363688461,0.0519214188857091,1.3875076073525745,0.9545454545454546,0.8064908095151855,0.9906887320773964,0.8674196935511098,0.3105378802646071,22,22,22,C032,band,wf2021,S004_C016_wf2021,C016
202108,22,0.0841728649982753,0.0663398433571932,1.2688131406199403,0.8636363636363636,0.3120848119790502,0.7093912969600347,0.8605322787969958,0.1691349059539264,22,22,22,C032,band,wf2021,S004_C016_wf2021,C016
202109,20,0.0774380071742517,0.0831654475216499,0.9311319722543756,0.8,0.4171391658885909,0.4137534541306011,0.8787937676159068,0.1924788223515059,20,20,20,C032,band,wf2021,S004_C016_wf2021,C016
202110,16,0.0537129494618485,0.0464042629769801,1.1575003246683189,0.875,0.4154350215139987,-0.0220215915128363,0.8364205841200235,0.195189511002932,16,16,16,C032,band,wf2021,S004_C016_wf2021,C016
202111,22,0.0889147476055441,0.0560568728099526,1.5861524760217751,0.9090909090909092,0.4244331522305104,1.437679722478187,0.8812247263452833,0.1985284268077858,22,22,22,C032,band,wf2021,S004_C016_wf2021,C016
202112,23,0.0694961078267958,0.0654607782333974,1.0616449987656822,0.8695652173913043,0.1726745969857614,0.4767596773204225,0.8804682991929783,0.1154603324685532,23,23,23,C032,band,wf2021,S004_C016_wf2021,C016
202201,19,0.1097255210216565,0.0844252875099378,1.299676012459425,0.9473684210526316,0.6160446355584157,-0.6283459324096043,0.8654181942671275,0.2690781407960491,19,19,18,C032,band,wf2022,S004_C016_wf2022,C016
202202,16,0.095981752815242,0.0613607782595298,1.564219938822813,0.9375,0.558515771230687,1.1729768960492932,0.8600059691199162,0.247945641759328,16,16,16,C032,band,wf2022,S004_C016_wf2022,C016
202203,23,0.0626020185823248,0.0572934268018671,1.0926562099142012,0.9130434782608696,0.174490170826532,-0.5193507224072551,0.8570006341644204,0.1202876684315634,23,23,23,C032,band,wf2022,S004_C016_wf2022,C016
202204,19,0.0890638580675399,0.1147840198544889,0.775925587729422,0.8421052631578947,0.4169266052495159,-1.452712624653842,0.8281681099243504,0.2122530918245656,19,19,19,C032,band,wf2022,S004_C016_wf2022,C016
202205,19,0.1282729819101709,0.0537996315617713,2.3842724975335816,1.0,0.6181460513662963,1.737748149727077,0.8502539532998054,0.2816768221840157,19,19,19,C032,band,wf2022,S004_C016_wf2022,C016
202206,21,0.1026852106605213,0.076487813747393,1.3425041928855133,0.9523809523809524,0.5273936313106793,1.285133072131339,0.8799364640335114,0.2353112344473589,21,21,21,C032,band,wf2022,S004_C016_wf2022,C016
202207,21,0.0923487438700099,0.0766838337351005,1.2042791729613165,0.8571428571428571,0.6039022088772771,0.9446166001302873,0.8740229783098596,0.2559032667182292,21,21,21,C032,band,wf2022,S004_C016_wf2022,C016
202208,23,0.061131642436888,0.100068594259797,0.6108973838303223,0.7391304347826086,0.0736171441769737,-0.3574839409111431,0.8743825661151906,0.0842230303932901,23,23,23,C032,band,wf2022,S004_C016_wf2022,C016
202209,21,0.0609089443182289,0.0864691643035175,0.7044007515145045,0.7142857142857143,0.4158588220208979,-0.8339203359989698,0.8598475747012638,0.1911669519231818,21,21,21,C032,band,wf2022,S004_C016_wf2022,C016
202210,16,0.1243832004287968,0.0899450649380129,1.3828796556488951,0.9375,0.9375789181169448,2.0065183518360907,0.8751252313517399,0.3684893862010802,16,16,16,C032,band,wf2022,S004_C016_wf2022,C016
202211,22,0.1101903030249289,0.1014436150168867,1.086222163973417,0.8181818181818182,0.5418854886164597,1.2276074832405204,0.8870764070590514,0.240518845677194,22,22,22,C032,band,wf2022,S004_C016_wf2022,C016
202212,22,0.0838425001640156,0.0834918767290052,1.0041994916002233,0.7727272727272727,0.9030793922720228,0.5936385872250943,0.8799080295573798,0.3404884088799991,22,22,22,C032,band,wf2022,S004_C016_wf2022,C016
202301,16,0.0679064602228,0.0724477145633929,0.9373168033255316,0.8125,-0.0760469153900253,0.969492357314482,0.8963023444199762,0.0354578061461195,16,16,15,C032,band,wf2023,S004_C016_wf2023,C016
202302,20,0.1238559050481969,0.0595222179132348,2.080834844372583,0.95,0.6546421493883817,0.9476537191518754,0.9143331988993249,0.2716350471659958,20,20,20,C032,band,wf2023,S004_C016_wf2023,C016
202303,23,0.0660858243716392,0.0778895394395802,0.8484557085217166,0.782608695652174,0.4384413096010838,0.252545905808014,0.8919363651608153,0.1903858130807362,23,23,23,C032,band,wf2023,S004_C016_wf2023,C016
202304,19,0.0561766421504414,0.0827330475502918,0.6790109129763747,0.7368421052631579,0.3911541507375065,-0.0502581731424694,0.8784414594232232,0.1762844642544615,19,19,19,C032,band,wf2023,S004_C016_wf2023,C016
202305,20,0.0625300352898579,0.067121944706605,0.9315885521967724,0.8,0.2211045525388918,0.0929611269329526,0.8555050983689693,0.1346918503669199,20,20,20,C032,band,wf2023,S004_C016_wf2023,C016
202306,20,0.0433155034104501,0.0870854925505291,0.4973905772573706,0.8,0.1254888896021697,0.4534382502499231,0.8780739560247884,0.0915506814373944,20,20,20,C032,band,wf2023,S004_C016_wf2023,C016
202307,21,0.0912594635578955,0.0632740032594377,1.4422900220760664,0.8571428571428571,0.2647496287307864,0.3490128417848398,0.8871322272495945,0.1497890058675158,21,21,21,C032,band,wf2023,S004_C016_wf2023,C016
202308,23,0.0284541396690604,0.1091349433527816,0.2607243729176793,0.6086956521739131,0.0253907607210193,-0.3954834837195091,0.8755631692507605,0.0563299333087018,23,23,23,C032,band,wf2023,S004_C016_wf2023,C016
202309,20,0.0141639685553983,0.0645671953382141,0.219367876848375,0.65,-0.1023605619964644,-0.207206114922143,0.8872351061379037,0.0087868869818488,20,20,20,C032,band,wf2023,S004_C016_wf2023,C016
202310,17,0.0305214234936902,0.0697060326375134,0.4378591398596487,0.6470588235294118,0.0478456688750925,-0.028261727307656,0.8668571678010633,0.0665051197196848,17,17,17,C032,band,wf2023,S004_C016_wf2023,C016
202311,22,0.0847780635685362,0.0851850781634187,0.9952219965790058,0.9090909090909092,0.3900259570509366,0.7812745788150721,0.9044585892375804,0.1795814357714214,22,22,22,C032,band,wf2023,S004_C016_wf2023,C016
202312,21,0.0646341319309854,0.0593111439441829,1.0897468440637712,0.9047619047619048,0.3067771450728215,-0.0040932989340093,0.8702302152705651,0.1568177317130711,21,21,21,C032,band,wf2023,S004_C016_wf2023,C016
202101,20,0.0842793766721734,0.0920418425150069,0.9156637282487262,0.8,0.6095180103346458,-0.4430035120555846,0.8361023272141669,0.265736455605013,20,20,19,C033,bonus,wf2021,S004_C000_wf2021,C000
202102,15,0.0890256244175062,0.0824479185660951,1.079780132304226,0.8,0.5139762026070185,1.2813082985874096,0.8505512530883423,0.2346377346226053,15,15,15,C033,bonus,wf2021,S004_C000_wf2021,C000
202103,23,0.1031160853602679,0.0535713956747134,1.924834775378838,0.9565217391304348,0.6820590900621046,0.6473234535197151,0.8628960650698841,0.2869953416417733,23,23,23,C033,bonus,wf2021,S004_C000_wf2021,C000
202104,21,0.072268893292491,0.0528947262612458,1.3662778579391193,0.9047619047619048,0.5566907959291104,0.5564024206005765,0.8785393587206923,0.2323529884795218,21,21,21,C033,bonus,wf2021,S004_C000_wf2021,C000
202105,18,0.0756596646825137,0.0475942073576787,1.5896822088855953,1.0,0.6651729858415646,1.4373777169363242,0.8773718158235106,0.2666042168784217,18,18,18,C033,bonus,wf2021,S004_C000_wf2021,C000
202106,21,0.0784050575639136,0.055406637747699,1.4150841984121223,0.9523809523809524,0.7023028775021628,0.6907311674910589,0.8709427497571239,0.2807700613490771,21,21,21,C033,bonus,wf2021,S004_C000_wf2021,C000
202107,22,0.072041363688461,0.0519214188857091,1.3875076073525745,0.9545454545454546,0.8064908095151855,0.9906887320773964,0.8674196935511098,0.3105378802646071,22,22,22,C033,bonus,wf2021,S004_C000_wf2021,C000
202108,22,0.0841728649982753,0.0663398433571932,1.2688131406199403,0.8636363636363636,0.3120848119790502,0.7093912969600347,0.8605322787969958,0.1691349059539264,22,22,22,C033,bonus,wf2021,S004_C000_wf2021,C000
202109,20,0.0774380071742517,0.0831654475216499,0.9311319722543756,0.8,0.4171391658885909,0.4137534541306011,0.8787937676159068,0.1924788223515059,20,20,20,C033,bonus,wf2021,S004_C000_wf2021,C000
202110,16,0.0537129494618485,0.0464042629769801,1.1575003246683189,0.875,0.4154350215139987,-0.0220215915128363,0.8364205841200235,0.195189511002932,16,16,16,C033,bonus,wf2021,S004_C000_wf2021,C000
202111,22,0.0889147476055441,0.0560568728099526,1.5861524760217751,0.9090909090909092,0.4244331522305104,1.437679722478187,0.8812247263452833,0.1985284268077858,22,22,22,C033,bonus,wf2021,S004_C000_wf2021,C000
202112,23,0.0694961078267958,0.0654607782333974,1.0616449987656822,0.8695652173913043,0.1726745969857614,0.4767596773204225,0.8804682991929783,0.1154603324685532,23,23,23,C033,bonus,wf2021,S004_C000_wf2021,C000
202201,19,0.1097255210216565,0.0844252875099378,1.299676012459425,0.9473684210526316,0.6160446355584157,-0.6283459324096043,0.8654181942671275,0.2690781407960491,19,19,18,C033,bonus,wf2022,S004_C000_wf2022,C000
202202,16,0.095981752815242,0.0613607782595298,1.564219938822813,0.9375,0.558515771230687,1.1729768960492932,0.8600059691199162,0.247945641759328,16,16,16,C033,bonus,wf2022,S004_C000_wf2022,C000
202203,23,0.0626020185823248,0.0572934268018671,1.0926562099142012,0.9130434782608696,0.174490170826532,-0.5193507224072551,0.8570006341644204,0.1202876684315634,23,23,23,C033,bonus,wf2022,S004_C000_wf2022,C000
202204,19,0.0890638580675399,0.1147840198544889,0.775925587729422,0.8421052631578947,0.4169266052495159,-1.452712624653842,0.8281681099243504,0.2122530918245656,19,19,19,C033,bonus,wf2022,S004_C000_wf2022,C000
202205,19,0.1282729819101709,0.0537996315617713,2.3842724975335816,1.0,0.6181460513662963,1.737748149727077,0.8502539532998054,0.2816768221840157,19,19,19,C033,bonus,wf2022,S004_C000_wf2022,C000
202206,21,0.1026852106605213,0.076487813747393,1.3425041928855133,0.9523809523809524,0.5273936313106793,1.285133072131339,0.8799364640335114,0.2353112344473589,21,21,21,C033,bonus,wf2022,S004_C000_wf2022,C000
202207,21,0.0923487438700099,0.0766838337351005,1.2042791729613165,0.8571428571428571,0.6039022088772771,0.9446166001302873,0.8740229783098596,0.2559032667182292,21,21,21,C033,bonus,wf2022,S004_C000_wf2022,C000
202208,23,0.061131642436888,0.100068594259797,0.6108973838303223,0.7391304347826086,0.0736171441769737,-0.3574839409111431,0.8743825661151906,0.0842230303932901,23,23,23,C033,bonus,wf2022,S004_C000_wf2022,C000
202209,21,0.0609089443182289,0.0864691643035175,0.7044007515145045,0.7142857142857143,0.4158588220208979,-0.8339203359989698,0.8598475747012638,0.1911669519231818,21,21,21,C033,bonus,wf2022,S004_C000_wf2022,C000
202210,16,0.1243832004287968,0.0899450649380129,1.3828796556488951,0.9375,0.9375789181169448,2.0065183518360907,0.8751252313517399,0.3684893862010802,16,16,16,C033,bonus,wf2022,S004_C000_wf2022,C000
202211,22,0.1101903030249289,0.1014436150168867,1.086222163973417,0.8181818181818182,0.5418854886164597,1.2276074832405204,0.8870764070590514,0.240518845677194,22,22,22,C033,bonus,wf2022,S004_C000_wf2022,C000
202212,22,0.0838425001640156,0.0834918767290052,1.0041994916002233,0.7727272727272727,0.9030793922720228,0.5936385872250943,0.8799080295573798,0.3404884088799991,22,22,22,C033,bonus,wf2022,S004_C000_wf2022,C000
202301,16,0.0679064602228,0.0724477145633929,0.9373168033255316,0.8125,-0.0760469153900253,0.969492357314482,0.8963023444199762,0.0354578061461195,16,16,15,C033,bonus,wf2023,S004_C000_wf2023,C000
202302,20,0.1238559050481969,0.0595222179132348,2.080834844372583,0.95,0.6546421493883817,0.9476537191518754,0.9143331988993249,0.2716350471659958,20,20,20,C033,bonus,wf2023,S004_C000_wf2023,C000
202303,23,0.0660858243716392,0.0778895394395802,0.8484557085217166,0.782608695652174,0.4384413096010838,0.252545905808014,0.8919363651608153,0.1903858130807362,23,23,23,C033,bonus,wf2023,S004_C000_wf2023,C000
202304,19,0.0561766421504414,0.0827330475502918,0.6790109129763747,0.7368421052631579,0.3911541507375065,-0.0502581731424694,0.8784414594232232,0.1762844642544615,19,19,19,C033,bonus,wf2023,S004_C000_wf2023,C000
202305,20,0.0625300352898579,0.067121944706605,0.9315885521967724,0.8,0.2211045525388918,0.0929611269329526,0.8555050983689693,0.1346918503669199,20,20,20,C033,bonus,wf2023,S004_C000_wf2023,C000
202306,20,0.0433155034104501,0.0870854925505291,0.4973905772573706,0.8,0.1254888896021697,0.4534382502499231,0.8780739560247884,0.0915506814373944,20,20,20,C033,bonus,wf2023,S004_C000_wf2023,C000
202307,21,0.0912594635578955,0.0632740032594377,1.4422900220760664,0.8571428571428571,0.2647496287307864,0.3490128417848398,0.8871322272495945,0.1497890058675158,21,21,21,C033,bonus,wf2023,S004_C000_wf2023,C000
202308,23,0.0284541396690604,0.1091349433527816,0.2607243729176793,0.6086956521739131,0.0253907607210193,-0.3954834837195091,0.8755631692507605,0.0563299333087018,23,23,23,C033,bonus,wf2023,S004_C000_wf2023,C000
202309,20,0.0141639685553983,0.0645671953382141,0.219367876848375,0.65,-0.1023605619964644,-0.207206114922143,0.8872351061379037,0.0087868869818488,20,20,20,C033,bonus,wf2023,S004_C000_wf2023,C000
202310,17,0.0305214234936902,0.0697060326375134,0.4378591398596487,0.6470588235294118,0.0478456688750925,-0.028261727307656,0.8668571678010633,0.0665051197196848,17,17,17,C033,bonus,wf2023,S004_C000_wf2023,C000
202311,22,0.0847780635685362,0.0851850781634187,0.9952219965790058,0.9090909090909092,0.3900259570509366,0.7812745788150721,0.9044585892375804,0.1795814357714214,22,22,22,C033,bonus,wf2023,S004_C000_wf2023,C000
202312,21,0.0646341319309854,0.0593111439441829,1.0897468440637712,0.9047619047619048,0.3067771450728215,-0.0040932989340093,0.8702302152705651,0.1568177317130711,21,21,21,C033,bonus,wf2023,S004_C000_wf2023,C000
202101,20,0.0844964618182309,0.0939690444963565,0.8991946472490431,0.8,0.6202664400478917,-0.4322550823423391,0.8045216921213618,0.2785220091052513,20,20,19,C034,bonus,wf2021,S004_C034_wf2021,
202102,15,0.0891669224829863,0.0837776721856429,1.0643280023990322,0.8,0.5135324779143979,1.2808645738947892,0.8192062134213395,0.2439646483411121,15,15,15,C034,bonus,wf2021,S004_C034_wf2021,
202103,23,0.1030787977266524,0.053813807429468,1.915471189466653,0.9565217391304348,0.659480805114115,0.6247451685717255,0.837671819967322,0.2877742146346989,23,23,23,C034,bonus,wf2021,S004_C034_wf2021,
202104,21,0.0720135715995757,0.0528754776053629,1.3619464988486767,0.9047619047619048,0.5696721860486575,0.5693838107201238,0.8569285241107768,0.2426285272211945,21,21,21,C034,bonus,wf2021,S004_C034_wf2021,
202105,18,0.0759737995940205,0.0476125378078061,1.5956679289118785,1.0,0.6658546692698278,1.4380594003645877,0.8547701278909582,0.2737148822512691,18,18,18,C034,bonus,wf2021,S004_C034_wf2021,
202106,21,0.0784210851749733,0.0556642531687357,1.4088230904177326,0.9523809523809524,0.7080232728928919,0.6964515628817879,0.8468046216368366,0.2897340294468059,21,21,21,C034,bonus,wf2021,S004_C034_wf2021,
202107,22,0.0719637425877251,0.0518767577480569,1.3872058646614345,0.9545454545454546,0.8108810014336377,0.9950789239958492,0.8427766092932754,0.3192168146771987,22,22,22,C034,bonus,wf2021,S004_C034_wf2021,
202108,22,0.0839502722754009,0.0660489712396407,1.2710307321943028,0.8636363636363636,0.3374219558630477,0.7347284408440318,0.8383488042543885,0.1833020543927581,22,22,22,C034,bonus,wf2021,S004_C034_wf2021,
202109,20,0.0767925553364052,0.0839659328651549,0.9145680005691144,0.8,0.3744100257216458,0.371024313963656,0.8548662133535156,0.1865801658450011,20,20,20,C034,bonus,wf2021,S004_C034_wf2021,
202110,16,0.0534237162315537,0.0467331428239324,1.143165492482029,0.875,0.415218905577117,-0.0222377074497181,0.8106234488645241,0.2027481235063993,16,16,16,C034,bonus,wf2021,S004_C034_wf2021,
202111,22,0.0883546843479076,0.0559474820609082,1.5792432669573715,0.9090909090909092,0.4090167045287068,1.422263274776384,0.8606737409692754,0.1998447628069924,22,22,22,C034,bonus,wf2021,S004_C034_wf2021,
202112,23,0.0695172081015323,0.0655086189070688,1.06119178302553,0.8695652173913043,0.2092047803079758,0.5132898606426369,0.8567200185422396,0.1335523117703338,23,23,23,C034,bonus,wf2021,S004_C034_wf2021,
202201,19,0.1091461252370287,0.0844245834535271,1.2928239710784006,0.8947368421052632,0.573226698856212,-0.6711638691118083,0.8405379073088352,0.2634650875590245,19,19,18,C034,bonus,wf2022,S004_C034_wf2022,
202202,16,0.0956933394252538,0.0608701893014463,1.572088743659945,0.9375,0.5632437657463137,1.17770489056492,0.8334299015919,0.2572214950164256,16,16,16,C034,bonus,wf2022,S004_C034_wf2022,
202203,23,0.0625968540947135,0.0575457739515595,1.0877749971249993,0.9130434782608696,0.1675314619947997,-0.5263094312389873,0.8324567107576424,0.1255611670090326,23,23,23,C034,bonus,wf2022,S004_C034_wf2022,
202204,19,0.0879883340437651,0.115593242078887,0.7611892569266047,0.8421052631578947,0.3737089262959855,-1.495930303607372,0.7997853075499295,0.2073724192413228,19,19,19,C034,bonus,wf2022,S004_C034_wf2022,
202205,19,0.1280307973271348,0.0538317009209479,2.3783531847739385,1.0,0.6063817850974131,1.7259838834581938,0.8210959502001259,0.2867980694000401,19,19,19,C034,bonus,wf2022,S004_C034_wf2022,
202206,21,0.1026846150996308,0.0764081585470418,1.343895953681588,0.9523809523809524,0.512277830828204,1.2700172716488638,0.8551655291533826,0.2382075365422987,21,21,21,C034,bonus,wf2022,S004_C034_wf2022,
202207,21,0.0921817424540937,0.0761123948356866,1.211126553738035,0.8571428571428571,0.6040434709527657,0.9447578622057754,0.8526994428069853,0.2622759054253716,21,21,21,C034,bonus,wf2022,S004_C034_wf2022,
202208,23,0.0610522912665872,0.0995904067099177,0.613033858215054,0.7391304347826086,0.0754599496489741,-0.3556411354391429,0.8505437113923888,0.0918957879836105,23,23,23,C034,bonus,wf2022,S004_C034_wf2022,
202209,21,0.061079126573155,0.0860729025497664,0.7096208535298291,0.7142857142857143,0.4119342366667912,-0.8378449213530765,0.8359547383302665,0.1972255001302194,21,21,21,C034,bonus,wf2022,S004_C034_wf2022,
202210,16,0.1242320464565135,0.090865097691036,1.3672141406696494,0.9375,0.938079803186993,2.007019236906139,0.8535510368948924,0.3750514484702356,16,16,16,C034,bonus,wf2022,S004_C034_wf2022,
202211,22,0.1100894923665313,0.1015398365076218,1.084200016003254,0.8181818181818182,0.5359519757070982,1.221673970331159,0.8666706213613455,0.2448202032503383,22,22,22,C034,bonus,wf2022,S004_C034_wf2022,
202212,22,0.0843834707436362,0.0831543596362328,1.0147810783797775,0.7727272727272727,0.9353504987181878,0.6259096936712593,0.8584145341449478,0.3568341776694264,22,22,22,C034,bonus,wf2022,S004_C034_wf2022,
202301,16,0.0675365976706781,0.0717577747553628,0.9411746378831338,0.8125,-0.0962432696244404,0.9492960030800672,0.877154078485172,0.0349954346353875,16,16,15,C034,bonus,wf2023,S004_C034_wf2023,
202302,20,0.1233189866335985,0.0591129419050794,2.086158845411855,0.95,0.6515298728330423,0.9445414425965356,0.8941801227947714,0.2765325196649206,20,20,20,C034,bonus,wf2023,S004_C034_wf2023,
202303,23,0.0663707188615624,0.0772694863169724,0.858951211210316,0.782608695652174,0.4459712962767752,0.2600758924837054,0.8725921766498521,0.1985620234327018,23,23,23,C034,bonus,wf2023,S004_C034_wf2023,
202304,19,0.0550889516492168,0.0821750548921719,0.6703853343512001,0.7368421052631579,0.373937022578083,-0.0674753013018931,0.8564676876577616,0.1772763811357831,19,19,19,C034,bonus,wf2023,S004_C034_wf2023,
202305,20,0.0617873213075677,0.0668529478206383,0.9242273276167072,0.8,0.2185090900123813,0.0903656644064421,0.831975334269161,0.1406750552459931,20,20,20,C034,bonus,wf2023,S004_C034_wf2023,
202306,20,0.0425025245292272,0.0862984924181891,0.4925059909884237,0.8,0.1126536450168951,0.4406030056646484,0.8554750926561276,0.0941545755199211,20,20,20,C034,bonus,wf2023,S004_C034_wf2023,
202307,21,0.0910658327582472,0.0633192251134811,1.4382019456971944,0.8571428571428571,0.2528155867207608,0.3370787997748142,0.8653260049736589,0.1526732076274294,21,21,21,C034,bonus,wf2023,S004_C034_wf2023,
202308,23,0.0283285140620154,0.1085009662984661,0.2610899702412692,0.6521739130434783,0.026140699150739,-0.3947335452897895,0.8532716427016914,0.0631921225595204,23,23,23,C034,bonus,wf2023,S004_C034_wf2023,
202309,20,0.0137823344722949,0.0639817631757202,0.2154103573926682,0.65,-0.1131762437507925,-0.2180217966764712,0.8684660535449931,0.0110202446001822,20,20,20,C034,bonus,wf2023,S004_C034_wf2023,
202310,17,0.029810273450979,0.0699992403491945,0.4258656708596988,0.6470588235294118,0.0486683303405481,-0.0274390658422003,0.8410396806646981,0.0742127042831466,17,17,17,C034,bonus,wf2023,S004_C034_wf2023,
202311,22,0.0845232656588374,0.0845696445625226,0.9994515892324596,0.9090909090909092,0.3680381084884819,0.7592867302526175,0.88689105051261,0.1781534236562965,22,22,22,C034,bonus,wf2023,S004_C034_wf2023,
202312,21,0.0646111628332994,0.0590482041529895,1.0942104634697565,0.9047619047619048,0.2949073781117197,-0.0159630658951111,0.8477967860242677,0.1599776427595554,21,21,21,C034,bonus,wf2023,S004_C034_wf2023,
202101,20,0.0846153372229223,0.0954643307735443,0.8863555271093089,0.8,0.6842637633327343,-0.3682577590574966,0.7732048672074765,0.3071638037267463,20,20,19,C035,bonus,wf2021,S004_C035_wf2021,
202102,15,0.0891586872302103,0.0847381459797489,1.0521670753985792,0.8,0.4875905598191206,1.2549226557995117,0.7904904995619524,0.2447934929692346,15,15,15,C035,bonus,wf2021,S004_C035_wf2021,
202103,23,0.1029894434711035,0.0540015783227349,1.9071561733917768,0.9565217391304348,0.6411855661548685,0.606449929612479,0.8144445917222327,0.2892180697182321,23,23,23,C035,bonus,wf2021,S004_C035_wf2021,
202104,21,0.0715791794428124,0.0528669878488205,1.3539485103161473,0.9047619047619048,0.5480406205022955,0.5477522451737618,0.8327674362047277,0.2432136270663953,21,21,21,C035,bonus,wf2021,S004_C035_wf2021,
202105,18,0.0760269443962596,0.0476560479818489,1.5953262516693894,1.0,0.7007498097552542,1.4729545408500138,0.8314602670219836,0.291197640578485,18,18,18,C035,bonus,wf2021,S004_C035_wf2021,
202106,21,0.0784245414760914,0.0559471404920784,1.4017613909542992,0.9523809523809524,0.7157556301674605,0.7041839201563564,0.824782595530004,0.2986617269816735,21,21,21,C035,bonus,wf2021,S004_C035_wf2021,
202107,22,0.071677021417059,0.0517380935010992,1.3853819606927769,0.9545454545454546,0.8006211579378093,0.9848190805000204,0.8192629865471708,0.3230782599840152,22,22,22,C035,bonus,wf2021,S004_C035_wf2021,
202108,22,0.0836722009337048,0.0658088954766294,1.2714421101843163,0.8636363636363636,0.3056851711423057,0.7029916561232903,0.8138916511536702,0.1810069363700725,22,22,22,C035,bonus,wf2021,S004_C035_wf2021,
202109,20,0.0760897657902631,0.0846616727230717,0.8987510327034615,0.8,0.3431215446431481,0.3397358328851583,0.8322713269338754,0.1836909716288871,20,20,20,C035,bonus,wf2021,S004_C035_wf2021,
202110,16,0.0530458343834856,0.0469835916098131,1.1290289346974132,0.875,0.3832229154878487,-0.0542336975389864,0.7809086613136224,0.2019126100056621,16,16,16,C035,bonus,wf2021,S004_C035_wf2021,
202111,22,0.0877287506721468,0.0558462065437869,1.5708990117952224,0.9090909090909092,0.4127918405879435,1.4260384108356206,0.839668934031912,0.2070283722356682,22,22,22,C035,bonus,wf2021,S004_C035_wf2021,
202112,23,0.0695231754656372,0.065484035365793,1.0616812949489385,0.8695652173913043,0.199566215032599,0.5036512953672602,0.8350117497531637,0.1371756097700854,23,23,23,C035,bonus,wf2021,S004_C035_wf2021,
202201,19,0.1085888080695327,0.0844079051732597,1.2864767564914452,0.8947368421052632,0.550955932904461,-0.6934346350635592,0.8170099674638504,0.2636193128599963,19,19,18,C035,bonus,wf2022,S004_C035_wf2022,
202202,16,0.0953432049602776,0.0603117338559708,1.580840059878973,0.9375,0.5710409113124916,1.185502036131098,0.8084224446674508,0.2669228219776232,16,16,16,C035,bonus,wf2022,S004_C035_wf2022,
202203,23,0.0624773228116938,0.057776214189936,1.0813675435067998,0.9130434782608696,0.1806816437035091,-0.5131592495302779,0.8076747258650729,0.1368930044762083,23,23,23,C035,bonus,wf2022,S004_C035_wf2022,
202204,19,0.0869142503736169,0.116272534670352,0.7475045643412721,0.8421052631578947,0.3337573563085046,-1.535881873594853,0.7701091857896266,0.2038601513051102,19,19,19,C035,bonus,wf2022,S004_C035_wf2022,
202205,19,0.127612485550538,0.0538604808157479,2.3693157509508573,1.0,0.5739707205931713,1.6935728189539518,0.7927497662722681,0.2854112805164862,19,19,19,C035,bonus,wf2022,S004_C035_wf2022,
202206,21,0.1026161571123082,0.0763457885101474,1.34409715473263,0.9523809523809524,0.4957465276435376,1.2534859684641977,0.8320503644562782,0.2401553118011011,21,21,21,C035,bonus,wf2022,S004_C035_wf2022,
202207,21,0.0919158148098959,0.0756224461552975,1.215456778813243,0.8571428571428571,0.5889933871989493,0.9297077784519592,0.8282308335840628,0.2649950920084243,21,21,21,C035,bonus,wf2022,S004_C035_wf2022,
202208,23,0.0609441595450115,0.0992098479183143,0.6142954638453902,0.7391304347826086,0.0801701302738903,-0.3509309548142266,0.8277455438691581,0.1001050397394242,23,23,23,C035,bonus,wf2022,S004_C035_wf2022,
202209,21,0.0610411854302126,0.0856370532534697,0.7127894189626313,0.7142857142857143,0.3908576151791422,-0.8589215428407254,0.812197661614184,0.1980144602415725,21,21,21,C035,bonus,wf2022,S004_C035_wf2022,
202210,16,0.124012654416081,0.0918246756245947,1.3505373536311736,0.9375,0.9173867037154392,1.9863261374345853,0.8283745236117941,0.376308715797526,16,16,16,C035,bonus,wf2022,S004_C035_wf2022,
202211,22,0.1099763270764335,0.1015064390110805,1.0834418796272465,0.8181818181818182,0.5404956186153397,1.2262176132394005,0.8466260397414256,0.2521514044927476,22,22,22,C035,bonus,wf2022,S004_C035_wf2022,
202212,22,0.0846994616683428,0.0827214718262022,1.0239114440117345,0.7727272727272727,0.94626909155613,0.6368282865092018,0.8369342896156401,0.366680225249484,22,22,22,C035,bonus,wf2022,S004_C035_wf2022,
202301,16,0.0671685460867122,0.0710223554268683,0.9457380803974554,0.8125,-0.0928166200536108,0.9527226526508966,0.8584278576411751,0.0414940751262491,16,16,15,C035,bonus,wf2023,S004_C035_wf2023,
202302,20,0.1227242340171558,0.0586835438095039,2.0912887336105346,0.95,0.6478903510913566,0.94090192085485,0.8762933206767827,0.2805688027312345,20,20,20,C035,bonus,wf2023,S004_C035_wf2023,
202303,23,0.0665811329982447,0.0765782041081194,0.8694527871695714,0.782608695652174,0.4543192386427019,0.2684238348496321,0.8540965443937805,0.2066992614739743,23,23,23,C035,bonus,wf2023,S004_C035_wf2023,
202304,19,0.0539606144031247,0.0817308847570138,0.6602230547674819,0.7368421052631579,0.3008940766090494,-0.1405182472709266,0.834834936811759,0.1614019877004369,19,19,19,C035,bonus,wf2023,S004_C035_wf2023,
202305,20,0.0610224033260123,0.0665239819528743,0.9172993187515548,0.8,0.1887231840268237,0.0605797584208846,0.8062202727903843,0.1391598347013367,20,20,20,C035,bonus,wf2023,S004_C035_wf2023,
202306,20,0.0416755343648026,0.0855350764209056,0.4872332627578813,0.8,0.0939951900277236,0.4219445506754768,0.8386197259056868,0.093282852982532,20,20,20,C035,bonus,wf2023,S004_C035_wf2023,
202307,21,0.0908461962404826,0.0633557783296819,1.4339054563855247,0.8571428571428571,0.2512357487689323,0.3354989618229858,0.8464752102719398,0.1577666400452908,21,21,21,C035,bonus,wf2023,S004_C035_wf2023,
202308,23,0.0281646901697393,0.1078924070251347,0.261044228656221,0.6521739130434783,0.0528449662364022,-0.3680292782041264,0.8325862613037931,0.0773434875476784,23,23,23,C035,bonus,wf2023,S004_C035_wf2023,
202309,20,0.0133771722861787,0.0634573181110495,0.2108058248344,0.65,-0.102404144296177,-0.2072496972218556,0.8485007385216514,0.0200794040691229,20,20,20,C035,bonus,wf2023,S004_C035_wf2023,
202310,17,0.029129431742594,0.0702013754359886,0.4149410401389494,0.6470588235294118,0.0429183816976476,-0.0331890144851009,0.8176930099164232,0.0792193842314049,17,17,17,C035,bonus,wf2023,S004_C035_wf2023,
202311,22,0.084186637719534,0.0838585964820222,1.0039118379185152,0.9090909090909092,0.3474738184810441,0.7387224402451794,0.8682136578836807,0.1774527032670226,22,22,22,C035,bonus,wf2023,S004_C035_wf2023,
202312,21,0.0645274623764155,0.0588514813688797,1.09644584767474,0.9047619047619048,0.3001086332213593,-0.0107618107854716,0.8276091133180408,0.1675608409215618,21,21,21,C035,bonus,wf2023,S004_C035_wf2023,
202101,20,0.0845471975699282,0.0977578171965959,0.864863803166753,0.8,0.7601352860774928,-0.2923862363127379,0.7182624239788572,0.3463807376575619,20,20,19,C036,bonus,wf2021,S004_C036_wf2021,
202102,15,0.0886805227869411,0.0869862523110111,1.0194774511019544,0.8,0.4930698766363608,1.260401972616752,0.7359664578671875,0.2626032347455285,15,15,15,C036,bonus,wf2021,S004_C036_wf2021,
202103,23,0.1024645359264924,0.0542817464424789,1.8876425804588213,0.9565217391304348,0.6567339538700001,0.6219983173276105,0.7684917254736491,0.3074584828895023,23,23,23,C036,bonus,wf2021,S004_C036_wf2021,
202104,21,0.0706357672010643,0.0526966763336577,1.3404216758154213,0.9047619047619048,0.5408190058564316,0.5405306305278978,0.7914795287128035,0.2530561500235141,21,21,21,C036,bonus,wf2021,S004_C036_wf2021,
202105,18,0.0757230124814864,0.047608235958623,1.5905443870530784,1.0,0.7010373447732182,1.473242075867978,0.7877876707408059,0.3042641072023183,18,18,18,C036,bonus,wf2021,S004_C036_wf2021,
202106,21,0.0780814808263475,0.0563513134021268,1.3856195377231522,0.9523809523809524,0.7234835601837059,0.7119118501726018,0.7778288836305672,0.3149289952964806,21,21,21,C036,bonus,wf2021,S004_C036_wf2021,
202107,22,0.0711307472318599,0.0512632144248855,1.3875592475006748,0.9545454545454546,0.7764118947480577,0.9606098173102686,0.7716021253551016,0.3298952297106308,22,22,22,C036,bonus,wf2021,S004_C036_wf2021,
202108,22,0.0829848493903001,0.0650116480951198,1.2764612468966077,0.8636363636363636,0.3014077288788157,0.6987142138598001,0.7692829949877633,0.1928313599234357,22,22,22,C036,bonus,wf2021,S004_C036_wf2021,
202109,20,0.0747489134458849,0.0857318568002472,0.8718919225095966,0.8,0.3286667707535579,0.3252810589955681,0.7865615805310857,0.1925311224450956,20,20,20,C036,bonus,wf2021,S004_C036_wf2021,
202110,16,0.0524085539622448,0.0476100800228198,1.100786932874824,0.875,0.3442406856220302,-0.0932159274048051,0.7279729528487271,0.2058437414168888,16,16,16,C036,bonus,wf2021,S004_C036_wf2021,
202111,22,0.0864179095767745,0.0555506615080288,1.5556594148619527,0.9090909090909092,0.384846353915837,1.398092924163514,0.7990169709218405,0.2103159787289087,22,22,22,C036,bonus,wf2021,S004_C036_wf2021,
202112,23,0.0694681343451673,0.0653990469989016,1.0622193676053726,0.8695652173913043,0.1992177417541459,0.5033028220888071,0.7919126421819757,0.149978783609718,23,23,23,C036,bonus,wf2021,S004_C036_wf2021,
202201,19,0.1078047921622117,0.0844912054433283,1.2759291525852454,0.8947368421052632,0.5448906884176639,-0.6994998795503564,0.772114444515934,0.2749547900354036,19,19,18,C036,bonus,wf2022,S004_C036_wf2022,
202202,16,0.0945972065191077,0.0594216442143077,1.5919654827782477,0.9375,0.5473056186134237,1.1617667434320298,0.7655890135155573,0.272353864137003,16,16,16,C036,bonus,wf2022,S004_C036_wf2022,
202203,23,0.0619009200458454,0.0582391136792863,1.06287537936659,0.9130434782608696,0.1817776508285684,-0.5120632424052187,0.7540762950305997,0.1530707747577288,23,23,23,C036,bonus,wf2022,S004_C036_wf2022,
202204,19,0.0849904333004426,0.1170244116444111,0.7262624276949448,0.8421052631578947,0.2908358965364837,-1.5788033333668745,0.7094218375271959,0.2084203910229634,19,19,19,C036,bonus,wf2022,S004_C036_wf2022,
202205,19,0.1264019133063802,0.0536779528737331,2.3548199314477585,1.0,0.5399263560603668,1.659528454421147,0.7398322395002134,0.2905890002905981,19,19,19,C036,bonus,wf2022,S004_C036_wf2022,
202206,21,0.102316602237439,0.0759987919022304,1.3462924827682197,0.9523809523809524,0.5239142345589315,1.2816536753795913,0.7842248922773685,0.2628334435794445,21,21,21,C036,bonus,wf2022,S004_C036_wf2022,
202207,21,0.091020308868989,0.0748645022028156,1.21580062901381,0.8571428571428571,0.6100851742551816,0.9507995655081914,0.7819774712110207,0.2848404344608439,21,21,21,C036,bonus,wf2022,S004_C036_wf2022,
202208,23,0.0606095173539561,0.0980362624827834,0.6182356999237919,0.7391304347826086,0.0728912890698753,-0.3582097960182417,0.7854665616237295,0.1104712251754262,23,23,23,C036,bonus,wf2022,S004_C036_wf2022,
202209,21,0.0607295540695915,0.0847294561654673,0.7167466524391872,0.7142857142857143,0.3992354967966565,-0.8505436612232111,0.7684882504325352,0.213515995537073,21,21,21,C036,bonus,wf2022,S004_C036_wf2022,
202210,16,0.1233987545398087,0.0933243931452424,1.322256168842812,0.9375,0.8964589816853898,1.9653984154045356,0.7805654713046128,0.3841275549301565,16,16,16,C036,bonus,wf2022,S004_C036_wf2022,
202211,22,0.1095809278175151,0.101215872984907,1.0826456818077874,0.8181818181818182,0.5632206260514161,1.2489426206754768,0.8018418484791955,0.2722460043986722,22,22,22,C036,bonus,wf2022,S004_C036_wf2022,
202212,22,0.0849816939109816,0.081831962136971,1.0384902389208082,0.7727272727272727,0.9603242390386726,0.6508834339917444,0.793812246942079,0.3839462751933707,22,22,22,C036,bonus,wf2022,S004_C036_wf2022,
202301,16,0.0665722474172861,0.069598605172906,0.9565169769120888,0.8125,-0.1094081833970944,0.9361310893074132,0.8201512943416364,0.0477610556452952,16,16,15,C036,bonus,wf2023,S004_C036_wf2023,
202302,20,0.1214373955464031,0.0578536582131452,2.099044369830545,0.95,0.6236842594898989,0.9166958292533924,0.8347412390372698,0.28525786435435,20,20,20,C036,bonus,wf2023,S004_C036_wf2023,
202303,23,0.0666606792896973,0.0753838481746115,0.8842833167032172,0.782608695652174,0.4581770189030725,0.2722816151100027,0.817727304016572,0.2187991861818291,23,23,23,C036,bonus,wf2023,S004_C036_wf2023,
202304,19,0.0517357747730896,0.0807642946141916,0.6405773122916475,0.7368421052631579,0.2598217510731171,-0.1815905728068589,0.7955404974159757,0.1599786860063783,19,19,19,C036,bonus,wf2023,S004_C036_wf2023,
202305,20,0.0596242665282006,0.0659905558937583,0.9035272656922736,0.8,0.1871374758605815,0.0589940502546423,0.7632129087564576,0.1510270767425174,20,20,20,C036,bonus,wf2023,S004_C036_wf2023,
202306,20,0.0401504734726048,0.08386764835459,0.4787361308003984,0.8,0.0700935384170806,0.398042899064834,0.7978730444536598,0.0977263375780681,20,20,20,C036,bonus,wf2023,S004_C036_wf2023,
202307,21,0.0901257288804381,0.0634283686645011,1.4209056732508822,0.8571428571428571,0.2748579354543405,0.3591211485083939,0.8079010624512248,0.1761373534531099,21,21,21,C036,bonus,wf2023,S004_C036_wf2023,
202308,23,0.0277701745983933,0.1066991668707496,0.2602660865387344,0.6521739130434783,0.0615883304126379,-0.3592859140278908,0.7863308245506558,0.093685321597952,23,23,23,C036,bonus,wf2023,S004_C036_wf2023,
202309,20,0.0125539168809946,0.062385979217415,0.2012297801280672,0.6,-0.1164225654159695,-0.2212681183416479,0.8138116584503752,0.0259512995924944,20,20,20,C036,bonus,wf2023,S004_C036_wf2023,
202310,17,0.0282171888486792,0.0703795707977043,0.4009286861067312,0.6470588235294118,0.0169467622884832,-0.0591606338942654,0.7729931741236253,0.084472951988929,17,17,17,C036,bonus,wf2023,S004_C036_wf2023,
202311,22,0.0834970908274264,0.0822424753479476,1.015255079254008,0.9090909090909092,0.3652683556360316,0.7565169774001671,0.8314567904515421,0.1935423058863174,22,22,22,C036,bonus,wf2023,S004_C036_wf2023,
202312,21,0.0643553772625208,0.0583648017973541,1.102640209178921,0.9047619047619048,0.2787782618242805,-0.0320921821825502,0.7883283406709687,0.1728771272510019,21,21,21,C036,bonus,wf2023,S004_C036_wf2023,
202101,20,0.0837442928353908,0.099938991798039,0.8379541491135402,0.8,0.822370368551826,-0.2301511538384046,0.6146717564407446,0.3958073007674807,20,20,19,C037,bonus,wf2021,S004_C037_wf2021,
202102,15,0.0873182769979675,0.0902933231272579,0.9670513164622656,0.8,0.5130540734677012,1.2803861694480925,0.6289014818355133,0.3001730882888433,15,15,15,C037,bonus,wf2021,S004_C037_wf2021,
202103,23,0.1011770752633487,0.0546540143285939,1.85122861524949,0.9565217391304348,0.6887490554290758,0.6540134188866862,0.6920322930481196,0.3394858588196263,23,23,23,C037,bonus,wf2021,S004_C037_wf2021,
202104,21,0.0681443081435423,0.0525436206878845,1.296909258467889,0.8571428571428571,0.4787277825177768,0.4784394071892432,0.742003009547872,0.2482751551483884,21,21,21,C037,bonus,wf2021,S004_C037_wf2021,
202105,18,0.0749545198724094,0.0471164806496509,1.5908344349773655,1.0,0.6514619717422735,1.4236667028370331,0.7152745257967293,0.3108380417326269,18,18,18,C037,bonus,wf2021,S004_C037_wf2021,
202106,21,0.0760990212350887,0.0567211919381893,1.3416329705838324,0.9523809523809524,0.6872900172239119,0.6757183072128082,0.7038146809384237,0.325482209379682,21,21,21,C037,bonus,wf2021,S004_C037_wf2021,
202107,22,0.0708221023929857,0.0506032756451064,1.3995556906173223,0.9545454545454546,0.6844142893510746,0.8686122119132854,0.6863882550158831,0.3277366512577517,22,22,22,C037,bonus,wf2021,S004_C037_wf2021,
202108,22,0.0816272495652763,0.0633718005251555,1.2880689658308562,0.9090909090909092,0.3437658489373731,0.7410723339183578,0.6785653006810652,0.2322110643030028,22,22,22,C037,bonus,wf2021,S004_C037_wf2021,
202109,20,0.0730314945008461,0.0866018227808697,0.8433020478753561,0.8,0.2886342739856239,0.2852485622276342,0.6980380393031839,0.2063914682050704,20,20,20,C037,bonus,wf2021,S004_C037_wf2021,
202110,16,0.0513551958946764,0.0484165314867043,1.0606954756513085,0.875,0.3230092190075783,-0.1144473940192569,0.6456606722045186,0.2237466423987884,16,16,16,C037,bonus,wf2021,S004_C037_wf2021,
202111,22,0.0845320339966518,0.0544733502645355,1.55180530637723,0.9090909090909092,0.3602200759076794,1.3734666461553562,0.7158311282156004,0.2271294979062844,22,22,22,C037,bonus,wf2021,S004_C037_wf2021,
202112,23,0.0692177427491695,0.0651307587805416,1.0627504430341286,0.8695652173913043,0.2864911799195365,0.5905762602541977,0.7054321954503032,0.2020047924404378,23,23,23,C037,bonus,wf2021,S004_C037_wf2021,
202201,19,0.1060349954010961,0.0847585763800678,1.251023789328672,0.8947368421052632,0.5263358759784943,-0.718054691989526,0.6763306671659951,0.2974155608041882,19,19,18,C037,bonus,wf2022,S004_C037_wf2022,
202202,16,0.0933604870188818,0.0580284932684439,1.6088731890209442,0.9375,0.5862514996433627,1.2007126244619688,0.6767169750082622,0.3102045521980828,16,16,16,C037,bonus,wf2022,S004_C037_wf2022,
202203,23,0.0612384827755783,0.0595692396619345,1.028021897259677,0.8695652173913043,0.1848554170995015,-0.5089854761342855,0.665593533367989,0.1802739582296851,23,23,23,C037,bonus,wf2022,S004_C037_wf2022,
202204,19,0.0811544902776438,0.1187391104024621,0.6834689092968058,0.8421052631578947,0.259975058480082,-1.609664171423276,0.6028698937080821,0.2295933455426575,19,19,19,C037,bonus,wf2022,S004_C037_wf2022,
202205,19,0.1248226595072558,0.0533343062592239,2.3403821716658846,1.0,0.515142915720674,1.634745014081455,0.6419178206752044,0.3118965923165432,19,19,19,C037,bonus,wf2022,S004_C037_wf2022,
202206,21,0.1014857952051175,0.07486902732819,1.35551106815175,0.9523809523809524,0.5131666316685671,1.2709060724892267,0.6863344496946931,0.2886439726742091,21,21,21,C037,bonus,wf2022,S004_C037_wf2022,
202207,21,0.0893972726370628,0.0733985657913976,1.2179702923778424,0.8571428571428571,0.5442349452661793,0.8849493365191892,0.6954772293974701,0.2903862238154379,21,21,21,C037,bonus,wf2022,S004_C037_wf2022,
202208,23,0.0598235033869924,0.096436701732989,0.6203395834983024,0.782608695652174,0.1182020457904335,-0.3128990392976835,0.7049208066805528,0.1479137730877611,23,23,23,C037,bonus,wf2022,S004_C037_wf2022,
202209,21,0.0596589622094785,0.0831077804694939,0.7178505053612559,0.7619047619047619,0.3667410708409254,-0.8830380871789422,0.6728084748743528,0.2320433636737632,21,21,21,C037,bonus,wf2022,S004_C037_wf2022,
202210,16,0.1227475268455342,0.0955439019930673,1.284723821039262,0.9375,0.8660211149556329,1.9349605486747783,0.6894909452832383,0.4020580616399321,16,16,16,C037,bonus,wf2022,S004_C037_wf2022,
202211,22,0.1087371428800654,0.1001290272194498,1.0859702316067592,0.8181818181818182,0.5411288880695596,1.2268508826936204,0.7215337599524093,0.2893733955871712,22,22,22,C037,bonus,wf2022,S004_C037_wf2022,
202212,22,0.0843153182391819,0.0808186738420336,1.0432653028182908,0.7727272727272727,0.9077162006652923,0.5982753956183641,0.7143298198037531,0.3917420415541345,22,22,22,C037,bonus,wf2022,S004_C037_wf2022,
202301,16,0.0653234319767358,0.0666460796685423,0.9801541561276436,0.8125,-0.1131443030136348,0.9323949696908728,0.7482981566711661,0.067696634885254,16,16,15,C037,bonus,wf2023,S004_C037_wf2023,
202302,20,0.1198472814153689,0.0564484348663962,2.1231285101000017,0.95,0.5551311864967117,0.8481427562602052,0.7529477584216643,0.2885939409886618,20,20,20,C037,bonus,wf2023,S004_C037_wf2023,
202303,23,0.0667901921557645,0.0725834285430816,0.9201851372468772,0.782608695652174,0.4498701794884924,0.2639747756954226,0.7613550174785912,0.2332706254652761,23,23,23,C037,bonus,wf2023,S004_C037_wf2023,
202304,19,0.0479814764534075,0.0790527059457853,0.6069555226397113,0.6842105263157895,0.2168096701425073,-0.2246026537374686,0.7345417871463435,0.1638729554802121,19,19,19,C037,bonus,wf2023,S004_C037_wf2023,
202305,20,0.0577758626680947,0.0651489820051452,0.8868267913001585,0.8,0.2058709549625021,0.0777275293565629,0.7003314712810663,0.1747721901716686,20,20,20,C037,bonus,wf2023,S004_C037_wf2023,
202306,20,0.0385470257694345,0.0797467592571553,0.4833679277816659,0.8,0.0730814210322008,0.4010307816799541,0.7194586669730444,0.1215056365255207,20,20,20,C037,bonus,wf2023,S004_C037_wf2023,
202307,21,0.088527255096942,0.0633620988708546,1.397164182919182,0.8571428571428571,0.2675016593336565,0.3517648723877099,0.7420405945502727,0.193049221473792,21,21,21,C037,bonus,wf2023,S004_C037_wf2023,
202308,23,0.0270138594428677,0.1044703269713911,0.2585792561965027,0.6521739130434783,0.0775433191336531,-0.3433309253068754,0.7134005507752094,0.1200483742846802,23,23,23,C037,bonus,wf2023,S004_C037_wf2023,
202309,20,0.0119256639212247,0.0604496309949256,0.1972826587183939,0.6,-0.0985195616547313,-0.2033651145804099,0.7480249704534228,0.0508069059360436,20,20,20,C037,bonus,wf2023,S004_C037_wf2023,
202310,17,0.0263766355742241,0.0702936005524942,0.3752352328933054,0.6470588235294118,0.0139854770807185,-0.06212191910203,0.6898088451951416,0.1078036437953627,17,17,17,C037,bonus,wf2023,S004_C037_wf2023,
202311,22,0.0820574382737622,0.0786936499764973,1.0427453587204234,0.9090909090909092,0.3251634876833947,0.7164121094475302,0.758056571050886,0.2029550502992575,22,22,22,C037,bonus,wf2023,S004_C037_wf2023,
202312,21,0.0633446098920246,0.0577450380575354,1.0969706146683984,0.9047619047619048,0.2901954831264772,-0.0206749608803536,0.7161628027483025,0.1975476480702623,21,21,21,C037,bonus,wf2023,S004_C037_wf2023,
202101,20,0.0828744751238951,0.1005174292506016,0.8244786575000786,0.8,0.8619555148115086,-0.1905660075787218,0.5354619609749571,0.4310978562005234,20,20,19,C038,bonus,wf2021,S004_C038_wf2021,
202102,15,0.0875001520788016,0.0936846949893412,0.9339855574996194,0.8,0.4550181366726946,1.2223502326530855,0.5452653278684197,0.3079259034728031,15,15,15,C038,bonus,wf2021,S004_C038_wf2021,
202103,23,0.0987743947326791,0.0563527662943501,1.7527869744094924,0.9565217391304348,0.6368879482269325,0.602152311684543,0.6333357034191474,0.3405754313354072,23,23,23,C038,bonus,wf2021,S004_C038_wf2021,
202104,21,0.066214575829845,0.0517314951211873,1.2799664048898909,0.8095238095238095,0.4117737322993467,0.4114853569708129,0.6924155935928039,0.2422932719439008,21,21,21,C038,bonus,wf2021,S004_C038_wf2021,
202105,18,0.0737761826899034,0.0465268665884895,1.5856684126705238,1.0,0.6093959417667807,1.3816006728615404,0.6637891742625046,0.3131925033272442,18,18,18,C038,bonus,wf2021,S004_C038_wf2021,
202106,21,0.0749539165829221,0.0570729178998177,1.3133009374865254,0.9523809523809524,0.6638953691212822,0.6523236591101783,0.6552494270153575,0.3325753492649462,21,21,21,C038,bonus,wf2021,S004_C038_wf2021,
202107,22,0.070781172568777,0.0500275368082689,1.4148442454811754,0.9545454545454546,0.6634533071383636,0.8476512297005746,0.6261376401099346,0.3395071691360395,22,22,22,C038,bonus,wf2021,S004_C038_wf2021,
202108,22,0.079134055402572,0.0618841253053644,1.27874563972729,0.8636363636363636,0.2634527640243376,0.6607592490053223,0.6121098248240355,0.2270565039211194,22,22,22,C038,bonus,wf2021,S004_C038_wf2021,
202109,20,0.0717697909492965,0.0867774657938218,0.8270556220184777,0.8,0.2555924445176825,0.2522067327596927,0.6133130993177135,0.2213917199397093,20,20,20,C038,bonus,wf2021,S004_C038_wf2021,
202110,16,0.0504819435703464,0.049458720841294,1.0206884187792828,0.875,0.2753364844519813,-0.1621201285748537,0.5716467712107206,0.2312996914005167,16,16,16,C038,bonus,wf2021,S004_C038_wf2021,
202111,22,0.0824446292005511,0.0540728950879837,1.5246941941318817,0.9090909090909092,0.3703867731205581,1.383633343368235,0.6418909669006104,0.2515265935462047,22,22,22,C038,bonus,wf2021,S004_C038_wf2021,
202112,23,0.0685142063110848,0.0636469879307337,1.0764720930022331,0.8695652173913043,0.3018755930049779,0.6059606733396391,0.646149366418783,0.2241235505002924,23,23,23,C038,bonus,wf2021,S004_C038_wf2021,
202201,19,0.1047532369249965,0.084359247901817,1.2417516695610584,0.8947368421052632,0.5735989485908304,-0.6707916193771898,0.5786408488239402,0.3403887247000656,19,19,18,C038,bonus,wf2022,S004_C038_wf2022,
202202,16,0.0927795208033794,0.0578333175686689,1.6042572811635232,0.9375,0.6037878247243857,1.218248949542992,0.5951307211356535,0.3397089393979714,16,16,16,C038,bonus,wf2022,S004_C038_wf2022,
202203,23,0.0599418339718297,0.0609012439485342,0.9842464633806952,0.8695652173913043,0.1939126871315238,-0.4999282061022631,0.5772921504427416,0.2089628945953665,23,23,23,C038,bonus,wf2022,S004_C038_wf2022,
202204,19,0.0775138679543013,0.1195899413168196,0.6481637761569786,0.8421052631578947,0.1847124546972996,-1.684926775206058,0.5128319687304493,0.2325696929717756,19,19,19,C038,bonus,wf2022,S004_C038_wf2022,
202205,19,0.1228623416290477,0.0526658547328444,2.3328652359728266,1.0,0.4412882398480007,1.560890338208781,0.5511494813629478,0.316186564197135,19,19,19,C038,bonus,wf2022,S004_C038_wf2022,
202206,21,0.1005377913121104,0.0737904655711973,1.3624767174711174,0.9523809523809524,0.4228131250959463,1.180552565916606,0.5898981043080403,0.2900896227612159,21,21,21,C038,bonus,wf2022,S004_C038_wf2022,
202207,21,0.0882505296004581,0.07237029652083,1.2194302613511796,0.8571428571428571,0.53052101607423,0.8712354073272398,0.6192736345179286,0.3086744263070736,21,21,21,C038,bonus,wf2022,S004_C038_wf2022,
202208,23,0.0584504033262559,0.0943251987734546,0.6196690183143864,0.782608695652174,0.1019199131810537,-0.3291811719070632,0.6224190933372499,0.1672304072836435,23,23,23,C038,bonus,wf2022,S004_C038_wf2022,
202209,21,0.0587295231252524,0.0814554165014632,0.7210020603626449,0.7619047619047619,0.3841170326449244,-0.865662125374943,0.5952840914949482,0.2601416915950938,21,21,21,C038,bonus,wf2022,S004_C038_wf2022,
202210,16,0.1220424437680797,0.0958749236405361,1.272933934483781,0.9375,0.8351510290839607,1.9040904628031063,0.6047855272245759,0.4179266280650473,16,16,16,C038,bonus,wf2022,S004_C038_wf2022,
202211,22,0.1076021598018224,0.098913804736733,1.0878376389242548,0.8181818181818182,0.5167741201176385,1.202496114741699,0.6421309208615129,0.3054338236975666,22,22,22,C038,bonus,wf2022,S004_C038_wf2022,
202212,22,0.0842833899256741,0.0797138595171537,1.0573241646584322,0.8181818181818182,0.903407746678846,0.5939669416319174,0.6426600863331556,0.4119376540739767,22,22,22,C038,bonus,wf2022,S004_C038_wf2022,
202301,16,0.0641669524779642,0.0640347854733106,1.0020639876229258,0.8125,-0.0733569379452989,0.9721823347592088,0.6935933713965169,0.0955816881886409,16,16,15,C038,bonus,wf2023,S004_C038_wf2023,
202302,20,0.1184682586725421,0.0551256479853452,2.149058795717669,0.95,0.4988624112819732,0.7918739810454667,0.665673130209405,0.2973440877907873,20,20,20,C038,bonus,wf2023,S004_C038_wf2023,
202303,23,0.0668450212928519,0.0708739235161664,0.9431539553134032,0.782608695652174,0.4096710369493578,0.2237756331562881,0.7044461362203305,0.238305478735849,23,23,23,C038,bonus,wf2023,S004_C038_wf2023,
202304,19,0.0443365716754884,0.0773038174882167,0.5735366391478216,0.6842105263157895,0.155852715886042,-0.285559607993934,0.6640491886887611,0.1652756868293796,19,19,19,C038,bonus,wf2023,S004_C038_wf2023,
202305,20,0.0554392408836032,0.0641319720561466,0.864455576620456,0.8,0.1658180941742581,0.0376746685683189,0.639532152098286,0.1800614789762329,20,20,20,C038,bonus,wf2023,S004_C038_wf2023,
202306,20,0.0363297387000821,0.0758350620515748,0.4790625565173876,0.8,0.0398423008628961,0.3677916615106495,0.6495263480902121,0.131626681311838,20,20,20,C038,bonus,wf2023,S004_C038_wf2023,
202307,21,0.0859220638226059,0.0626042982770981,1.372462693253092,0.8571428571428571,0.2502186384456121,0.3344818514996655,0.670289931750059,0.2083474375377083,21,21,21,C038,bonus,wf2023,S004_C038_wf2023,
202308,23,0.0263224691925759,0.101984715798867,0.2581020987937917,0.6086956521739131,0.0724151735043441,-0.3484590709361845,0.6304274408049605,0.1431253074868455,23,23,23,C038,bonus,wf2023,S004_C038_wf2023,
202309,20,0.0114158735667481,0.0582754320059216,0.1958951340864893,0.6,-0.0719694010045248,-0.1768149539302033,0.6759526165624111,0.0801897441566184,20,20,20,C038,bonus,wf2023,S004_C038_wf2023,
202310,17,0.0255686071587956,0.0704138247179961,0.3631191354992667,0.6470588235294118,-0.0092639650469784,-0.0853713612297269,0.6177418222477872,0.1221257066750885,17,17,17,C038,bonus,wf2023,S004_C038_wf2023,
202311,22,0.0803049907096726,0.075418594786281,1.0647903337000444,0.9090909090909092,0.2873490647433175,0.6785976865074529,0.6778752448275891,0.2149641422585875,22,22,22,C038,bonus,wf2023,S004_C038_wf2023,
202312,21,0.0628717609524667,0.0567638296827797,1.1076025226596005,0.9047619047619048,0.2684342923224007,-0.0424361516844302,0.6380489031897499,0.2142643211207819,21,21,21,C038,bonus,wf2023,S004_C038_wf2023,
202101,20,0.0810949884067061,0.0989326211037757,0.819699180128274,0.8,0.907174493850058,-0.1453470285401728,0.4329304664275806,0.4747112035894256,20,20,19,C039,bonus,wf2021,S004_C039_wf2021,
202102,15,0.0858821543448484,0.0990281368037584,0.8672500272830435,0.8,0.3886977482148944,1.1560298441952854,0.416647922656049,0.325967809405593,15,15,15,C039,bonus,wf2021,S004_C039_wf2021,
202103,23,0.0955359220740028,0.0563736107358358,1.694692265174919,0.9565217391304348,0.472142683757133,0.4374070472147435,0.5149621313793284,0.3253685345429424,23,23,23,C039,bonus,wf2021,S004_C039_wf2021,
202104,21,0.0624639774812766,0.050429546807147,1.2386384854924766,0.8095238095238095,0.3584144998009945,0.3581261244724608,0.5130185608199114,0.2786043726868356,21,21,21,C039,bonus,wf2021,S004_C039_wf2021,
202105,18,0.0736160997944429,0.0465656088178399,1.5809113563278394,1.0,0.5207118722582352,1.2929166033529949,0.5562466476197913,0.3187860073093103,18,18,18,C039,bonus,wf2021,S004_C039_wf2021,
202106,21,0.0723941956646959,0.058189211631612,1.244117141902759,0.9523809523809524,0.5738921948098136,0.5623204847987099,0.5192402839750975,0.3453532515162932,21,21,21,C039,bonus,wf2021,S004_C039_wf2021,
202107,22,0.0699157675439427,0.0483814095173218,1.4450957142724636,0.9545454545454546,0.653266014734638,0.8374639372968492,0.4909693556939754,0.3766553047297759,22,22,22,C039,bonus,wf2021,S004_C039_wf2021,
202108,22,0.0743526291380898,0.0613351222809506,1.212235769214112,0.8636363636363636,0.213868945357812,0.6111754303387965,0.5004801259979168,0.2437576974632044,22,22,22,C039,bonus,wf2021,S004_C039_wf2021,
202109,20,0.0689621467299244,0.0873095177359219,0.7898582940122134,0.8,0.1694639633165006,0.1660782515585109,0.479390377560169,0.2346069344188692,20,20,20,C039,bonus,wf2021,S004_C039_wf2021,
202110,16,0.0489567362759875,0.0518624443897073,0.943972789020787,0.875,0.2145327908095501,-0.222923822217285,0.4671386029834478,0.2438009508582256,16,16,16,C039,bonus,wf2021,S004_C039_wf2021,
202111,22,0.0776628080632172,0.053039728216267,1.4642384241968722,0.9090909090909092,0.2757677317706696,1.2890143020183464,0.5131118253175049,0.2598618951612362,22,22,22,C039,bonus,wf2021,S004_C039_wf2021,
202112,23,0.066497713745706,0.0593118656621059,1.121153634325672,0.8695652173913043,0.3190266576558256,0.6231117379904869,0.512197038342784,0.2686479712921949,23,23,23,C039,bonus,wf2021,S004_C039_wf2021,
202201,19,0.1007418350796032,0.0831675367611508,1.211311997479546,0.8947368421052632,0.5441174137002658,-0.7002731542677544,0.43993291639652,0.371552083222965,19,19,18,C039,bonus,wf2022,S004_C039_wf2022,
202202,16,0.0905480910138162,0.0588088497503603,1.5397017863499598,0.9375,0.5362001640309552,1.1506612888495615,0.4698087933983236,0.3561366475953159,16,16,16,C039,bonus,wf2022,S004_C039_wf2022,
202203,23,0.0573084128370401,0.0627425647405987,0.9133897071943844,0.8695652173913043,0.1836688728927499,-0.510172020341037,0.4407877922560264,0.2457876893258331,23,23,23,C039,bonus,wf2022,S004_C039_wf2022,
202204,19,0.0739975092164066,0.1204965897108798,0.614104593283152,0.7894736842105263,-0.0827801920852473,-1.952419421988605,0.3582566821105986,0.1972879414278089,19,19,19,C039,bonus,wf2022,S004_C039_wf2022,
202205,19,0.1199886788975983,0.0531549147762982,2.257339314766456,1.0,0.3569142811861497,1.4765163795469307,0.4095093155050389,0.3322169612633726,19,19,19,C039,bonus,wf2022,S004_C039_wf2022,
202206,21,0.0973363985392315,0.0698611539626651,1.393283577755523,0.9523809523809524,0.3637668145489982,1.1215062553696578,0.4386051835987197,0.3164830487007761,21,21,21,C039,bonus,wf2022,S004_C039_wf2022,
202207,21,0.0858301166966072,0.0709725033188034,1.2093432341122938,0.8571428571428571,0.4229042229663894,0.7636186142193991,0.4766441617563586,0.3182100650416521,21,21,21,C039,bonus,wf2022,S004_C039_wf2022,
202208,23,0.0562332766823603,0.0906325178505147,0.6204536519123197,0.782608695652174,0.1621543605710377,-0.2689467245170792,0.494111265437354,0.2229062392130492,23,23,23,C039,bonus,wf2022,S004_C039_wf2022,
202209,21,0.0553959051500383,0.0797993746636061,0.6941897149389897,0.7619047619047619,0.2332315341584571,-1.0165476238614108,0.4620067815958228,0.2535257878288056,21,21,21,C039,bonus,wf2022,S004_C039_wf2022,
202210,16,0.1192117731720116,0.0958441165106271,1.2438089839222788,0.9375,0.7289400780212663,1.7978795117404118,0.4437058433710929,0.4332549796638567,16,16,16,C039,bonus,wf2022,S004_C039_wf2022,
202211,22,0.1046804884476635,0.0951467169164774,1.100200740920521,0.8181818181818182,0.4963105709058208,1.1820325655298811,0.4920708702090515,0.3431441055880962,22,22,22,C039,bonus,wf2022,S004_C039_wf2022,
202212,22,0.0800501950681786,0.0780422461840359,1.0257289991296212,0.8181818181818182,0.793014500321474,0.4835736952745457,0.5034176508679401,0.4188991328633316,22,22,22,C039,bonus,wf2022,S004_C039_wf2022,
202301,16,0.061257671088704,0.0599627375857535,1.0215956368085863,0.8125,-0.0750029630684109,0.9705363096360966,0.5508715933865352,0.1367407014989977,16,16,15,C039,bonus,wf2023,S004_C039_wf2023,
202302,20,0.1138767389290338,0.0544431728161,2.0916624259517427,0.95,0.4170661392284565,0.71007770899195,0.4898074942192642,0.3237282890743712,20,20,20,C039,bonus,wf2023,S004_C039_wf2023,
202303,23,0.0644578949574651,0.066926788728475,0.9631105299101324,0.782608695652174,0.2962954517815062,0.1104000479884365,0.5289742434639548,0.2559795204782514,23,23,23,C039,bonus,wf2023,S004_C039_wf2023,
202304,19,0.0396792860509419,0.0746924910607007,0.531235275292875,0.631578947368421,0.0470110007714819,-0.3944013231084941,0.5146615276741369,0.1755765563495802,19,19,19,C039,bonus,wf2023,S004_C039_wf2023,
202305,20,0.0528545338315382,0.0632753519275277,0.8353099938831637,0.8,0.0993772677313463,-0.0287661578745927,0.5065196073949201,0.1989991116335431,20,20,20,C039,bonus,wf2023,S004_C039_wf2023,
202306,20,0.0349889120422179,0.0729808890804904,0.4794256754481131,0.8,0.05700369666613,0.3849530573138834,0.4978664458420271,0.181736740064118,20,20,20,C039,bonus,wf2023,S004_C039_wf2023,
202307,21,0.0813968704629745,0.0604890386334149,1.3456466213038785,0.8571428571428571,0.236068695815765,0.3203319088698185,0.5057698030622056,0.2516484160112576,21,21,21,C039,bonus,wf2023,S004_C039_wf2023,
202308,23,0.024768419153422,0.0986903982727826,0.2509709109184209,0.5652173913043478,0.0960327126289783,-0.32484153181155,0.4508848024142607,0.2034517407257841,23,23,23,C039,bonus,wf2023,S004_C039_wf2023,
202309,20,0.0121420108420691,0.0532970751253846,0.2278175831132255,0.65,0.0241872177881482,-0.0806583351375302,0.5101778608449459,0.1590596114197883,20,20,20,C039,bonus,wf2023,S004_C039_wf2023,
202310,17,0.0248628426046453,0.0704249590106837,0.3530402140649252,0.7058823529411765,-0.0231556635931824,-0.099263059775931,0.4514169485348958,0.1675733534034346,17,17,17,C039,bonus,wf2023,S004_C039_wf2023,
202311,22,0.0764408446066313,0.0703969446980184,1.085854576992502,0.9090909090909092,0.2425018322419752,0.6337504540061105,0.5210592962858347,0.2470090986294947,22,22,22,C039,bonus,wf2023,S004_C039_wf2023,
202312,21,0.0621327754331474,0.0558234414097358,1.1130230215851808,0.8571428571428571,0.2817210635483473,-0.0291493804584835,0.4654126929523307,0.269745621352064,21,21,21,C039,bonus,wf2023,S004_C039_wf2023,
202101,20,0.078705138477957,0.0972026049991162,0.8097019465545459,0.8,0.7315062505797194,-0.321015271810511,0.3024150155744994,0.4602094258927488,20,20,19,C040,bonus,wf2021,S004_C040_wf2021,
202102,15,0.0829248536562285,0.1012984797247858,0.8186189356594891,0.8,0.4920223795190077,1.2593544754993982,0.2758111346383524,0.398033314926688,15,15,15,C040,bonus,wf2021,S004_C040_wf2021,
202103,23,0.0918189708820499,0.057735805986332,1.590329767004317,0.9565217391304348,0.3310272314864255,0.2962915949440361,0.3005032838662324,0.3458847726388779,23,23,23,C040,bonus,wf2021,S004_C040_wf2021,
202104,21,0.0601225182525109,0.0478729565316816,1.2558764406523082,0.8571428571428571,0.1737041059038479,0.1734157305753141,0.2753188389606351,0.2935645873839682,21,21,21,C040,bonus,wf2021,S004_C040_wf2021,
202105,18,0.06784877789961,0.0447047975335001,1.5177068601813162,1.0,0.3371382474695777,1.1093429785643372,0.2945714768517119,0.3399095423452037,18,18,18,C040,bonus,wf2021,S004_C040_wf2021,
202106,21,0.0696542072249419,0.0576555208282237,1.2081099298793352,0.9523809523809524,0.3675842806351454,0.3560125706240415,0.280049082463499,0.3541222423414707,21,21,21,C040,bonus,wf2021,S004_C040_wf2021,
202107,22,0.0648729510422526,0.0454416860629009,1.427608802905216,0.9545454545454546,0.3668868142509611,0.551084736813172,0.2549118024798246,0.359541683948242,22,22,22,C040,bonus,wf2021,S004_C040_wf2021,
202108,22,0.0702273311094719,0.061997835334793,1.1327384372412193,0.8636363636363636,0.2304062284744324,0.6277127134554169,0.2859561335605204,0.3114259609179624,22,22,22,C040,bonus,wf2021,S004_C040_wf2021,
202109,20,0.0654992189309602,0.0780516466127516,0.8391779260715728,0.8,0.2187994058991204,0.2154136941411306,0.2678126611968887,0.3114957109830536,20,20,20,C040,bonus,wf2021,S004_C040_wf2021,
202110,16,0.046610550896347,0.0504566734838503,0.923773758316938,0.875,0.0976064545755482,-0.3398501584512869,0.2860123636984177,0.2621224476216779,16,16,16,C040,bonus,wf2021,S004_C040_wf2021,
202111,22,0.0736960894133286,0.0545065333940342,1.3520597408125508,0.9090909090909092,0.1751050774148584,1.1883516476625355,0.2833961253387488,0.2969911213881643,22,22,22,C040,bonus,wf2021,S004_C040_wf2021,
202112,23,0.0663837478768353,0.0573994175403363,1.156523022732512,0.8695652173913043,0.3608417249765108,0.6649268053111721,0.2682541377781739,0.3543297753102352,23,23,23,C040,bonus,wf2021,S004_C040_wf2021,
202201,19,0.0973787892997042,0.0807750541346465,1.2055552341367726,0.8947368421052632,0.3028369265683356,-0.9415536413996848,0.226739896254884,0.3617806248139171,19,19,18,C040,bonus,wf2022,S004_C040_wf2022,
202202,16,0.0868242928365202,0.0601461887113962,1.4435543580846886,0.9375,0.504562913469953,1.1190240382885597,0.296386369166721,0.3971826804255777,16,16,16,C040,bonus,wf2022,S004_C040_wf2022,
202203,23,0.0525570972792083,0.0642556264513694,0.8179376683687791,0.8695652173913043,0.0286873393054718,-0.6651535539283151,0.2527286573546538,0.2538104434969288,23,23,23,C040,bonus,wf2022,S004_C040_wf2022,
202204,19,0.0711098592336325,0.1211399188264716,0.5870060003548025,0.7894736842105263,-0.1525656142324673,-2.0222048441358256,0.2078883765439,0.2203077464605428,19,19,19,C040,bonus,wf2022,S004_C040_wf2022,
202205,19,0.1204681458188239,0.0542275872262452,2.2215287823191083,1.0,0.4677529264292718,1.5873550247900527,0.2082658441067039,0.4260333830242999,19,19,19,C040,bonus,wf2022,S004_C040_wf2022,
202206,21,0.0944927456953813,0.0663685493386956,1.423757888893438,0.9523809523809524,0.3301396992277259,1.0878791400483856,0.2297390213860565,0.3679173016306533,21,21,21,C040,bonus,wf2022,S004_C040_wf2022,
202207,21,0.0809213347857694,0.0713079905727664,1.1348144034881062,0.8571428571428571,0.2637854365122085,0.6044998277652183,0.2447252921122618,0.3380865772342918,21,21,21,C040,bonus,wf2022,S004_C040_wf2022,
202208,23,0.0545703966709217,0.0852563450208089,0.6400743153791373,0.7391304347826086,0.2517006661783799,-0.1794004189097371,0.2698520291176511,0.3163827497865873,23,23,23,C040,bonus,wf2022,S004_C040_wf2022,
202209,21,0.0535130709929477,0.0761990208480505,0.7022802970087875,0.7142857142857143,0.1609380910162134,-1.088841067003654,0.2830187260577602,0.2847810378847151,21,21,21,C040,bonus,wf2022,S004_C040_wf2022,
202210,16,0.1141018849700538,0.0921207579044883,1.2386120953146706,0.9375,0.5569990954437951,1.625938529162941,0.2595112636950595,0.4348871035126422,16,16,16,C040,bonus,wf2022,S004_C040_wf2022,
202211,22,0.0991966937910904,0.0895309347668568,1.1079599922574663,0.8181818181818182,0.3831274571609085,1.0688494517849694,0.2537729295191021,0.3784850358089781,22,22,22,C040,bonus,wf2022,S004_C040_wf2022,
202212,22,0.0755486759212457,0.076381905374119,0.9890912716985498,0.8181818181818182,0.5298282105285439,0.2203874054816154,0.2762911793886924,0.4062805797104537,22,22,22,C040,bonus,wf2022,S004_C040_wf2022,
202301,16,0.0602686287623308,0.0568607300373805,1.0599341359618488,0.875,0.0417681947429297,1.0873074674474372,0.3175939881359483,0.2413597134870267,16,16,15,C040,bonus,wf2023,S004_C040_wf2023,
202302,20,0.1069892907438069,0.0522578900335692,2.047332769751696,0.95,0.2411306386271285,0.534142208390622,0.2548263839335786,0.3386869927055878,20,20,20,C040,bonus,wf2023,S004_C040_wf2023,
202303,23,0.0603529749964057,0.0681944152808839,0.8850134537823909,0.782608695652174,0.1509851814750774,-0.0349102223179923,0.2856652899445508,0.2837371574577202,23,23,23,C040,bonus,wf2023,S004_C040_wf2023,
202304,19,0.0388841549975073,0.0718099434425054,0.5414870578284179,0.6842105263157895,-0.0257212485900334,-0.4671335724700096,0.2944039828166742,0.2195160925769906,19,19,19,C040,bonus,wf2023,S004_C040_wf2023,
202305,20,0.0541628471214532,0.0617856889279015,0.8766244750407567,0.8,0.1537946869523594,0.0256512613464202,0.3024833302352869,0.277058545863703,20,20,20,C040,bonus,wf2023,S004_C040_wf2023,
202306,20,0.0360176849919372,0.0701561504225172,0.513393120560632,0.8,0.108109046662586,0.4360584073103393,0.2742142463487121,0.264575514090937,20,20,20,C040,bonus,wf2023,S004_C040_wf2023,
202307,21,0.0747886423899972,0.0590732048439792,1.2660332647860353,0.8571428571428571,0.0429897149197399,0.1272529279737932,0.2680604698160215,0.2623942304871143,21,21,21,C040,bonus,wf2023,S004_C040_wf2023,
202308,23,0.022230232489667,0.0964694714006375,0.2304380045511491,0.5652173913043478,0.0229032815751955,-0.3979709628653331,0.23287042569094,0.2459019497611434,23,23,23,C040,bonus,wf2023,S004_C040_wf2023,
202309,20,0.0166550707292588,0.0528964436776472,0.3148618238072002,0.7,0.1303717879877087,0.0255262350620301,0.2722945623308209,0.2640851959887699,20,20,20,C040,bonus,wf2023,S004_C040_wf2023,
202310,17,0.0239653593219576,0.0673578799896624,0.3557914727369051,0.7058823529411765,0.0890297715364491,0.0129223753537005,0.2565704326933991,0.2593239453816981,17,17,17,C040,bonus,wf2023,S004_C040_wf2023,
202311,22,0.075077509657207,0.0638610579823118,1.1756383628658635,0.9090909090909092,0.2043299728792164,0.5955785946433517,0.2797374305786962,0.3074087665530389,22,22,22,C040,bonus,wf2023,S004_C040_wf2023,
202312,21,0.0562271739451022,0.0546218453060738,1.0293898646234458,0.9047619047619048,0.1170086321591686,-0.1938618118476621,0.2436892262903893,0.2844866913386746,21,21,21,C040,bonus,wf2023,S004_C040_wf2023,
202101,20,0.0686013089354674,0.0812650941241097,0.8441669781455996,0.8,0.3280471018524158,-0.7244744205378147,0.0310517573679839,0.4165391269195165,20,20,19,C041,bonus,wf2021,S004_C041_wf2021,
202102,15,0.0721930844793167,0.076167385507507,0.9478214855123452,0.8,0.1451867836893773,0.9125188796697682,0.0259476383872762,0.364648977382357,15,15,15,C041,bonus,wf2021,S004_C041_wf2021,
202103,23,0.0821594840437707,0.0499804579487948,1.6438321579194708,0.9565217391304348,0.2599798373115228,0.2252442007691333,0.02133706473854,0.4044566253894031,23,23,23,C041,bonus,wf2021,S004_C041_wf2021,
202104,21,0.0600347384343317,0.0381325482045735,1.5743699611223814,0.9523809523809524,0.1495315148604928,0.1492431395319592,0.0177050310112154,0.3635618405285159,21,21,21,C041,bonus,wf2021,S004_C041_wf2021,
202105,18,0.0625705788018282,0.0484117084047282,1.292467893897277,0.8888888888888888,0.3315964276276518,1.1038011587224117,0.0189284636963368,0.4188286207001258,18,18,18,C041,bonus,wf2021,S004_C041_wf2021,
202106,21,0.0631550418106448,0.0494117172407098,1.2781389787160038,0.9523809523809524,0.3340423423440706,0.3224706323329667,0.0211464082009504,0.4191307969671939,21,21,21,C041,bonus,wf2021,S004_C041_wf2021,
202107,22,0.060277677281586,0.0453905216296826,1.3279793912341429,0.9090909090909092,0.3032179070143291,0.48741582957654,0.0247917365163752,0.4076389220620205,22,22,22,C041,bonus,wf2021,S004_C041_wf2021,
202108,22,0.0612439093507206,0.057268754765028,1.0694122755419164,0.7727272727272727,0.0441239641879013,0.4414304491688859,0.0271839929496541,0.3295795551117624,22,22,22,C041,bonus,wf2021,S004_C041_wf2021,
202109,20,0.0578091254039593,0.0672669712501881,0.8593983693564573,0.8,0.1162201822892879,0.1128344705312981,0.023144162985105,0.3510464559528386,20,20,20,C041,bonus,wf2021,S004_C041_wf2021,
202110,16,0.0473723239778913,0.0446588939867773,1.0607590056286975,0.75,0.2977833598397474,-0.1396732531870876,0.0154135099370879,0.4036598845619543,16,16,16,C041,bonus,wf2021,S004_C041_wf2021,
202111,22,0.076847240197215,0.0444559221641535,1.7286164914869273,0.9090909090909092,0.4046663965950009,1.417912966842678,0.0213556735888575,0.445732112980729,22,22,22,C041,bonus,wf2021,S004_C041_wf2021,
202112,23,0.0518306192015695,0.0469732217620215,1.1034077982591184,0.8260869565217391,-0.1009497672381619,0.2031353130964993,0.0171798109763459,0.2852933742162755,23,23,23,C041,bonus,wf2021,S004_C041_wf2021,
202201,19,0.0990116192290928,0.0748104288088634,1.3235002232384214,0.9473684210526316,0.3028904266625205,-0.9415001413054996,0.0166929202362853,0.4254638996195077,19,19,18,C041,bonus,wf2022,S004_C041_wf2022,
202202,16,0.0836358663333422,0.0490240595545234,1.7060167414394631,0.875,0.126909195249834,0.7413703200684404,0.0193633443498688,0.3657181018033264,16,16,16,C041,bonus,wf2022,S004_C041_wf2022,
202203,23,0.0622469339682156,0.0436089592945301,1.4273886599266614,0.9565217391304348,0.2681433400283029,-0.4256975532054842,0.018831281575472,0.3996923911231356,23,23,23,C041,bonus,wf2022,S004_C041_wf2022,
202204,19,0.083049679191308,0.0968137346687534,0.8578295163951802,0.8421052631578947,0.3945211919302008,-1.4751180379731568,0.0207364848702801,0.4453552837944994,19,19,19,C041,bonus,wf2022,S004_C041_wf2022,
202205,19,0.1113960661200408,0.0457645806027446,2.434110935856802,1.0,0.2619366888467568,1.3815387872075375,0.0243856673913638,0.4158237328846342,19,19,19,C041,bonus,wf2022,S004_C041_wf2022,
202206,21,0.0900717213111976,0.0655597566980611,1.3738873639514515,0.9523809523809524,0.1549960406914047,0.9127354815120644,0.0207553820603189,0.3763008861138047,21,21,21,C041,bonus,wf2022,S004_C041_wf2022,
202207,21,0.0733931077769375,0.0639305803073242,1.148012538352154,0.8571428571428571,0.0214963024604485,0.3622106937134584,0.0194831936642183,0.329961175749644,21,21,21,C041,bonus,wf2022,S004_C041_wf2022,
202208,23,0.0526556993977949,0.0851736502079561,0.6182158363441416,0.7391304347826086,0.2188133582640443,-0.2122877268240724,0.0142361352028741,0.382435446677469,23,23,23,C041,bonus,wf2022,S004_C041_wf2022,
202209,21,0.0556228505235111,0.0646624378218243,0.8602034256236739,0.7619047619047619,0.1267499305271004,-1.1230292274927671,0.0069067440148106,0.3582020961630914,21,21,21,C041,bonus,wf2022,S004_C041_wf2022,
202210,16,0.1023272211567277,0.0764836949512937,1.3378958903841098,0.9375,0.1759407656294599,1.244880199348606,0.0147373662015355,0.3892919082910684,16,16,16,C041,bonus,wf2022,S004_C041_wf2022,
202211,22,0.0895685533062126,0.0833131948338449,1.0750824462420758,0.8181818181818182,0.0291254103736635,0.7148474049977243,0.0106479149744218,0.3413706699422575,22,22,22,C041,bonus,wf2022,S004_C041_wf2022,
202212,22,0.071154665576653,0.065562301029486,1.085298478841551,0.8181818181818182,0.1213873492103346,-0.1880534558365936,0.0079610869391069,0.3624897449120295,22,22,22,C041,bonus,wf2022,S004_C041_wf2022,
202301,16,0.0692627839626199,0.0526352223170958,1.3159018032706868,0.9375,0.4024738079867417,1.4480130806912497,0.0134936854802046,0.444399150337009,16,16,15,C041,bonus,wf2023,S004_C041_wf2023,
202302,20,0.0993955690529891,0.0583109733809282,1.70457742839701,0.95,0.1434814127649348,0.4364929825284282,0.0102272237292091,0.3797344843319133,20,20,20,C041,bonus,wf2023,S004_C041_wf2023,
202303,23,0.0496950123601391,0.0646197764525839,0.7690372063822261,0.8695652173913043,-0.0233424048986978,-0.2092378086917676,0.0089856879416864,0.3101795770919403,23,23,23,C041,bonus,wf2023,S004_C041_wf2023,
202304,19,0.0394711622110055,0.0650938853204355,0.6063728108516213,0.7894736842105263,-0.0341467948758724,-0.4755591187558486,0.0131438221622191,0.3016012797729747,19,19,19,C041,bonus,wf2023,S004_C041_wf2023,
202305,20,0.0619898045180678,0.050167211615523,1.2356637437446605,0.9,0.4275885103742919,0.2994450847683527,0.0114404747705086,0.4496403324883621,20,20,20,C041,bonus,wf2023,S004_C041_wf2023,
202306,20,0.0403705219620744,0.06514557777303,0.6196970437920903,0.75,0.2741690357641836,0.6021183964119368,0.0212013637567944,0.3920385103870465,20,20,20,C041,bonus,wf2023,S004_C041_wf2023,
202307,21,0.0606895789377634,0.055498782637682,1.0935299127905007,0.8571428571428571,-0.235662486297521,-0.1513992732434675,0.0079148043322723,0.2512026443861673,21,21,21,C041,bonus,wf2023,S004_C041_wf2023,
202308,23,0.022241921388948,0.0915582391727737,0.2429264868995211,0.5652173913043478,0.1678792406850501,-0.2529950037554784,0.0073192056798403,0.3570647790571422,23,23,23,C041,bonus,wf2023,S004_C041_wf2023,
202309,20,0.0119279526325278,0.048872511439016,0.244062608638637,0.6,0.2033367650697076,0.0984912121440291,0.0083037730464667,0.3632810786599834,20,20,20,C041,bonus,wf2023,S004_C041_wf2023,
202310,17,0.0174964510159515,0.0621205844893029,0.2816530327232256,0.6470588235294118,-0.0328991680478804,-0.1090065642306289,0.0127038988814503,0.2933176603275814,17,17,17,C041,bonus,wf2023,S004_C041_wf2023,
202311,22,0.0700566862450925,0.0660761135816692,1.0602422335039945,0.8181818181818182,0.2362169300159949,0.6274655517801304,0.0088433342708364,0.3962347532215846,22,22,22,C041,bonus,wf2023,S004_C041_wf2023,
202312,21,0.0497631929204726,0.0520621636277203,0.955841813957506,0.9047619047619048,-0.0023017502053845,-0.3131721942122153,0.0066930133830863,0.3172068480916478,21,21,21,C041,bonus,wf2023,S004_C041_wf2023,
202101,20,0.0731125866947969,0.0794585577617579,0.9201348319712988,0.8,0.3813909717587593,-0.6711305506314712,0.0481121329107738,0.4292286863323143,20,20,19,C042,gap,wf2021,S004_C042_wf2021,
202102,15,0.077817249178892,0.0783475237674774,0.9932317632633914,0.8,0.2458933758428914,1.0132254718232825,0.0431819969986291,0.3919403133248355,15,15,15,C042,gap,wf2021,S004_C042_wf2021,
202103,23,0.0892697637326007,0.0502895719328347,1.7751148061436446,0.9565217391304348,0.3218445161103244,0.2871088795679349,0.0394031213655647,0.4204403239164682,23,23,23,C042,gap,wf2021,S004_C042_wf2021,
202104,21,0.0637732956868162,0.0357402118554125,1.7843569575024325,0.9523809523809524,0.2285660655018355,0.2282776901733017,0.037762152923892,0.3827504920481095,21,21,21,C042,gap,wf2021,S004_C042_wf2021,
202105,18,0.0666255874180087,0.0470787379868467,1.4151948473347606,0.9444444444444444,0.291435996137569,1.063640727232329,0.0392522111042694,0.4023053704771933,18,18,18,C042,gap,wf2021,S004_C042_wf2021,
202106,21,0.0687892728661987,0.0468989613489341,1.4667547188177144,0.9047619047619048,0.4029295110760489,0.3913578010649449,0.0401613066068798,0.4363461704872302,21,21,21,C042,gap,wf2021,S004_C042_wf2021,
202107,22,0.059240338713374,0.0442788119716799,1.3378935900823905,0.9545454545454546,0.2485406038515923,0.4327385264138033,0.0432636602039191,0.3852792185796515,22,22,22,C042,gap,wf2021,S004_C042_wf2021,
202108,22,0.0706306815061245,0.0592166687692839,1.192749997155548,0.8181818181818182,0.1370050674019751,0.5343115523829597,0.0467829118202015,0.3553189192769818,22,22,22,C042,gap,wf2021,S004_C042_wf2021,
202109,20,0.0654922854708398,0.0669528918250522,0.9781845665751238,0.8,0.2117898924954717,0.208404180737482,0.0409620825412411,0.3774452571746051,20,20,20,C042,gap,wf2021,S004_C042_wf2021,
202110,16,0.0499966064695767,0.0385740171579619,1.2961213312276747,1.0,0.2554484964526055,-0.1820081165742297,0.0366985516914906,0.3856236260161651,16,16,16,C042,gap,wf2021,S004_C042_wf2021,
202111,22,0.0781154288494604,0.0483382315021749,1.6160175170236788,0.9090909090909092,0.2422725215494583,1.2555190917971353,0.0393250281548234,0.3921304195581747,22,22,22,C042,gap,wf2021,S004_C042_wf2021,
202112,23,0.0620117152702422,0.0512010715054655,1.2111409673061762,0.8695652173913043,0.0925968179540841,0.3966818982887453,0.0414037476136823,0.3401626072102174,23,23,23,C042,gap,wf2021,S004_C042_wf2021,
202201,19,0.1001670627648251,0.0740790482399862,1.3521645477993207,0.9473684210526316,0.3764792193658259,-0.8679113486021943,0.0346689583958485,0.4426099033969232,19,19,18,C042,gap,wf2022,S004_C042_wf2022,
202202,16,0.0858202548575398,0.0467234267244972,1.836771420118124,0.9375,0.2122846626247149,0.8267457874433213,0.0355957785577143,0.3873347671631161,16,16,16,C042,gap,wf2022,S004_C042_wf2022,
202203,23,0.0617681029986029,0.0467051158322754,1.3225125748626931,0.9130434782608696,0.2013601484193056,-0.4924807448144814,0.0353281779516224,0.3745168323397462,23,23,23,C042,gap,wf2022,S004_C042_wf2022,
202204,19,0.0860348824672542,0.1008923719419648,0.8527392191427816,0.8421052631578947,0.3181535291754983,-1.5514857007278595,0.0376985863220816,0.4185504358429267,19,19,19,C042,gap,wf2022,S004_C042_wf2022,
202205,19,0.1187717555971146,0.0479424626176262,2.477381200552843,1.0,0.3420313853302336,1.4616334836910143,0.043937522280372,0.4369368611538043,19,19,19,C042,gap,wf2022,S004_C042_wf2022,
202206,21,0.0908464592089949,0.0654612371205563,1.3877901366527496,0.9047619047619048,0.1724335190947893,0.930172959915449,0.0410191821136682,0.3757628847779343,21,21,21,C042,gap,wf2022,S004_C042_wf2022,
202207,21,0.0764814126533584,0.0646559982549168,1.1828974065456062,0.8571428571428571,0.0870841725225276,0.4277985637755373,0.0381354098603194,0.3452771938600057,21,21,21,C042,gap,wf2022,S004_C042_wf2022,
202208,23,0.0589058355457123,0.0887479382239461,0.6637431440612133,0.7391304347826086,0.2253074329970447,-0.2057936520910722,0.0322424246369962,0.3814818367262995,23,23,23,C042,gap,wf2022,S004_C042_wf2022,
202209,21,0.0544356712483064,0.0661341299693972,0.8231101138473567,0.7619047619047619,0.1045826071768531,-1.1451965508430144,0.0258573468423525,0.3453918465996727,21,21,21,C042,gap,wf2022,S004_C042_wf2022,
202210,16,0.1085809908271645,0.0777716871385226,1.3961506407050943,0.9375,0.3487871618764017,1.4177265955955474,0.0362624432193919,0.4371898119279688,16,16,16,C042,gap,wf2022,S004_C042_wf2022,
202211,22,0.0966775655922729,0.0836364908218043,1.1559256568792895,0.8181818181818182,0.2048194371206552,0.890541431744716,0.033169862882017,0.3901658985085006,22,22,22,C042,gap,wf2022,S004_C042_wf2022,
202212,22,0.0736669444343206,0.0672986083768095,1.0946280496894434,0.7727272727272727,0.2000759175278723,-0.109364887519056,0.0296799212448221,0.3805855766586433,22,22,22,C042,gap,wf2022,S004_C042_wf2022,
202301,16,0.0695506360248783,0.0527292177060423,1.319015131470619,0.9375,0.368431142740213,1.4139704154447206,0.0293823635887712,0.4295348881553839,16,16,15,C042,gap,wf2023,S004_C042_wf2023,
202302,20,0.1014808699847072,0.056777010733131,1.7873584514989296,0.95,0.1489413188327243,0.4419528885962177,0.0280940776809511,0.3768465203394149,20,20,20,C042,gap,wf2023,S004_C042_wf2023,
202303,23,0.0529033417285076,0.0637327431320441,0.8300810404300393,0.8260869565217391,-0.0326634939010968,-0.2185588976941666,0.027477652220319,0.3031189928549783,23,23,23,C042,gap,wf2023,S004_C042_wf2023,
202304,19,0.0443854886592545,0.0669252401328818,0.6632100022521551,0.8421052631578947,-0.0620969594986875,-0.5035092833786635,0.0318888092184826,0.2895584648485508,19,19,19,C042,gap,wf2023,S004_C042_wf2023,
202305,20,0.0625338188209465,0.0488577984208708,1.2799147903118293,0.9,0.3291923629770499,0.2010489373711107,0.0339732882327658,0.4135792499516638,20,20,20,C042,gap,wf2023,S004_C042_wf2023,
202306,20,0.039571227042297,0.0681245904722038,0.5808655401523909,0.8,0.202923254073618,0.5308726147213713,0.0372567343088329,0.3655284467463544,20,20,20,C042,gap,wf2023,S004_C042_wf2023,
202307,21,0.0695944543612671,0.0526509257864133,1.3218087492627937,0.8571428571428571,-0.1152476581452191,-0.0309844450911657,0.0274106870175978,0.2850402781956617,21,21,21,C042,gap,wf2023,S004_C042_wf2023,
202308,23,0.024718895683501,0.0927444390304529,0.2665269847110129,0.5652173913043478,0.107095732217922,-0.3137785122226067,0.0264263880154815,0.3340883615341325,23,23,23,C042,gap,wf2023,S004_C042_wf2023,
202309,20,0.0147908652605348,0.0493084435542644,0.2999661760618621,0.6,0.1706963629333292,0.0658508100076507,0.0249489694338746,0.3496405641540503,20,20,20,C042,gap,wf2023,S004_C042_wf2023,
202310,17,0.020247751383874,0.0614378226948552,0.3295649242721228,0.7058823529411765,-0.1291565408484482,-0.2052639370311967,0.0292613958424497,0.2605737195462802,17,17,17,C042,gap,wf2023,S004_C042_wf2023,
202311,22,0.0704200293289717,0.0641703893390596,1.0973913366317696,0.8181818181818182,0.1868735038194146,0.5781221255835498,0.0282387746737729,0.3757584304752812,22,22,22,C042,gap,wf2023,S004_C042_wf2023,
202312,21,0.0507445906097835,0.0453639029568565,1.1186116560130264,0.9047619047619048,-0.0055364309861502,-0.3164068749929811,0.0248026395817926,0.3111961150735305,21,21,21,C042,gap,wf2023,S004_C042_wf2023,
202101,20,0.0739793801656543,0.0818445335874693,0.9039012982655794,0.85,0.4506566729013492,-0.6018648494888814,0.075808781210451,0.4420461195735312,20,20,19,C043,gap,wf2021,S004_C043_wf2021,
202102,15,0.0825942512763442,0.0850675313483392,0.970925686536414,0.8,0.3550224889828787,1.12235458496327,0.0702208310283974,0.4184781978968821,15,15,15,C043,gap,wf2021,S004_C043_wf2021,
202103,23,0.0917288013316886,0.0553290611906772,1.6578774220579875,0.9565217391304348,0.4128919085041228,0.3781562719617332,0.0693072221599501,0.4397669264359272,23,23,23,C043,gap,wf2021,S004_C043_wf2021,
202104,21,0.0652386406612109,0.0380223845444612,1.7157956146838844,0.9047619047619048,0.1966050626630008,0.196316687334467,0.066811683839642,0.365033469911492,21,21,21,C043,gap,wf2021,S004_C043_wf2021,
202105,18,0.0679769477190154,0.0420652840795006,1.6159868929101613,0.9444444444444444,0.3617710971653697,1.1339758282601295,0.0710067242455587,0.4144200909635495,18,18,18,C043,gap,wf2021,S004_C043_wf2021,
202106,21,0.0719524808662784,0.0508051943677392,1.4162426059325857,0.9047619047619048,0.4468987087694091,0.4353269987583053,0.0726780476828703,0.441047190672473,21,21,21,C043,gap,wf2021,S004_C043_wf2021,
202107,22,0.0604616240380551,0.044428721250152,1.3608679776676724,0.9545454545454546,0.232227221184569,0.4164251437467801,0.073436429118479,0.371821887235049,22,22,22,C043,gap,wf2021,S004_C043_wf2021,
202108,22,0.06892280322193,0.0599998256351045,1.1487167252966974,0.7727272727272727,0.1059370968722269,0.5032435818532114,0.0741855951180418,0.3370945718150275,22,22,22,C043,gap,wf2021,S004_C043_wf2021,
202109,20,0.0681995549610889,0.0677774808611342,1.0062273500666006,0.75,0.2078328512419579,0.2044471394839681,0.0712003656252804,0.3682695676694388,20,20,20,C043,gap,wf2021,S004_C043_wf2021,
202110,16,0.0501155746609804,0.0437598296830684,1.1452415382770822,0.8125,0.1697674096916926,-0.2676892033351425,0.0679994557433938,0.3505766160488818,16,16,16,C043,gap,wf2021,S004_C043_wf2021,
202111,22,0.07962994002146,0.0489314557629394,1.627377292988115,0.9090909090909092,0.165327404881949,1.178573975129626,0.0689365910611073,0.3607692201548365,22,22,22,C043,gap,wf2021,S004_C043_wf2021,
202112,23,0.0679466603858199,0.0543170675569774,1.2509265216599812,0.8695652173913043,0.1867236033992721,0.4908086837339334,0.0709685272845828,0.3619051869887347,23,23,23,C043,gap,wf2021,S004_C043_wf2021,
202201,19,0.1004177768813765,0.0753545293716719,1.3326043931093363,0.9473684210526316,0.3302136850503762,-0.914176882917644,0.0637585981912675,0.4201036368102832,19,19,18,C043,gap,wf2022,S004_C043_wf2022,
202202,16,0.0860144064265454,0.0500117384729342,1.71988435221254,0.9375,0.2714130917690067,0.885874216587613,0.0649849786193996,0.3963341965155002,16,16,16,C043,gap,wf2022,S004_C043_wf2022,
202203,23,0.0582827002368256,0.0534897708095226,1.089604598314146,0.9130434782608696,0.111108491166406,-0.5827324020673812,0.0649937422924628,0.3371475047569132,23,23,23,C043,gap,wf2022,S004_C043_wf2022,
202204,19,0.0843565583977749,0.1088434528515991,0.7750264824177304,0.8421052631578947,0.271547925102667,-1.598091304800691,0.0691393134653801,0.394465206850296,19,19,19,C043,gap,wf2022,S004_C043_wf2022,
202205,19,0.1220076405885883,0.0496192039367978,2.4588794440151576,1.0,0.3969678342576436,1.516569932618424,0.0762601485036523,0.4450153619616327,19,19,19,C043,gap,wf2022,S004_C043_wf2022,
202206,21,0.0943554798282152,0.0663171865172522,1.422790754304224,0.9047619047619048,0.232357472675523,0.9900969134961826,0.0698716287915015,0.3864879450964925,21,21,21,C043,gap,wf2022,S004_C043_wf2022,
202207,21,0.0804730815041537,0.0672441991384718,1.1967289749178274,0.8571428571428571,0.1680787357309029,0.5087931269839127,0.0654869211345979,0.3629667769805529,21,21,21,C043,gap,wf2022,S004_C043_wf2022,
202208,23,0.0559730591266906,0.0855222787690911,0.6544851228510526,0.7391304347826086,0.1985277843847719,-0.2325733007033447,0.0646553816466962,0.3625509444720989,23,23,23,C043,gap,wf2022,S004_C043_wf2022,
202209,21,0.054874818828054,0.0687424842321547,0.7982664496489931,0.7619047619047619,0.0888076584656814,-1.160971499554186,0.0583983480554854,0.3310727206542804,21,21,21,C043,gap,wf2022,S004_C043_wf2022,
202210,16,0.114230591468351,0.0819027676236604,1.3947097855500503,0.9375,0.3936734637452978,1.462612897464444,0.0672952312878152,0.4436057063245852,16,16,16,C043,gap,wf2022,S004_C043_wf2022,
202211,22,0.1016147362966273,0.0863144435098049,1.1772622537395423,0.8181818181818182,0.3252055890072495,1.0109275836313103,0.0654538525592179,0.4185714154530604,22,22,22,C043,gap,wf2022,S004_C043_wf2022,
202212,22,0.0732249922387291,0.0699721676697513,1.0464874060259246,0.8181818181818182,0.1810839469556992,-0.1283568580912291,0.0602885319841369,0.3655286213869603,22,22,22,C043,gap,wf2022,S004_C043_wf2022,
202301,16,0.0707003006666974,0.0544940126652332,1.2973957543009809,0.9375,0.3583406606099316,1.4038799333144392,0.0582319627580339,0.4183127296222482,16,16,15,C043,gap,wf2023,S004_C043_wf2023,
202302,20,0.1037557350895144,0.056599669815603,1.8331508898822533,0.95,0.2182371679856321,0.5112487377491257,0.0577815878607122,0.3896389680732817,20,20,20,C043,gap,wf2023,S004_C043_wf2023,
202303,23,0.0587896430747929,0.0626353761826551,0.9386012611044698,0.8695652173913043,0.0582404293806569,-0.1276549744124127,0.0560014913352865,0.3241875386435283,23,23,23,C043,gap,wf2023,S004_C043_wf2023,
202304,19,0.0471353071469269,0.0669813294636271,0.7037081456038102,0.8421052631578947,0.0328423815916326,-0.4085699422883433,0.0617090720289907,0.3101941157275633,19,19,19,C043,gap,wf2023,S004_C043_wf2023,
202305,20,0.0616610378517436,0.0551405132657207,1.1182528815899957,0.9,0.3382080393924189,0.2100646137864797,0.0637645480352157,0.4069974625478584,20,20,20,C043,gap,wf2023,S004_C043_wf2023,
202306,20,0.0376212558501113,0.0695445258360751,0.5409664585073056,0.8,0.1859399010010548,0.5138892616488082,0.069058391320935,0.3501129552440805,20,20,20,C043,gap,wf2023,S004_C043_wf2023,
202307,21,0.0734792161628704,0.0501412283774034,1.4654450746560563,0.9047619047619048,-0.0830685914081648,0.0011946216458886,0.0573233061197754,0.287274117206766,21,21,21,C043,gap,wf2023,S004_C043_wf2023,
202308,23,0.0271341308754919,0.0914468774938958,0.2967201463746335,0.6086956521739131,0.0751053859800806,-0.3457688584604481,0.0555687317652101,0.3167146486146579,23,23,23,C043,gap,wf2023,S004_C043_wf2023,
202309,20,0.017510178458557,0.0509256348786109,0.3438381966232777,0.7,0.1586106013320365,0.0537650484063579,0.0549609680962991,0.3380989613541441,20,20,20,C043,gap,wf2023,S004_C043_wf2023,
202310,17,0.0222334336206623,0.0611159765411776,0.3637908592638177,0.7058823529411765,-0.1259906781526121,-0.2020980743353604,0.0610476401860161,0.2527818779466764,17,17,17,C043,gap,wf2023,S004_C043_wf2023,
202311,22,0.0756641108596696,0.067712401124563,1.1174335808957463,0.8636363636363636,0.2693105677137776,0.660559189477913,0.0599963140199874,0.3930599204520049,22,22,22,C043,gap,wf2023,S004_C043_wf2023,
202312,21,0.0536058263740328,0.0491677497984739,1.0902639757513708,0.9047619047619048,-0.0003576804237717,-0.3112281244306025,0.0569618706861398,0.3042464652166396,21,21,21,C043,gap,wf2023,S004_C043_wf2023,
202101,20,0.0752948648292751,0.0856674587690877,0.8789202564328253,0.85,0.6049044833658628,-0.4476170390243677,0.1227069874925717,0.4747771946936973,20,20,19,C044,gap,wf2021,S004_C044_wf2021,
202102,15,0.0851770892977939,0.0916436394001843,0.9294380914516868,0.8,0.3510044795583144,1.1183365755387056,0.1141200461754324,0.4051361657339821,15,15,15,C044,gap,wf2021,S004_C044_wf2021,
202103,23,0.0925027949229363,0.0583551536084775,1.5851692473224497,0.9565217391304348,0.3994047616499941,0.3646691251076046,0.1138416593342807,0.4226700486638886,23,23,23,C044,gap,wf2021,S004_C044_wf2021,
202104,21,0.0659257027745525,0.0430503092212935,1.531364210084334,0.9523809523809524,0.227887870174503,0.2275994948459692,0.1116854655454775,0.3612310024985286,21,21,21,C044,gap,wf2021,S004_C044_wf2021,
202105,18,0.0720409447571882,0.0455677588638058,1.5809630877942915,1.0,0.3406703932194194,1.1128751243141792,0.1196244276035335,0.3951301675876411,18,18,18,C044,gap,wf2021,S004_C044_wf2021,
202106,21,0.0733021273448193,0.0506283150534504,1.4478484474040108,0.9523809523809524,0.4546737389355704,0.4431020289244665,0.1162605118589241,0.4308448190609216,21,21,21,C044,gap,wf2021,S004_C044_wf2021,
202107,22,0.0657767954320774,0.044887531299769,1.465368968340118,0.9545454545454546,0.4052908111513768,0.5894887337135878,0.1204186727586014,0.4117723596906636,22,22,22,C044,gap,wf2021,S004_C044_wf2021,
202108,22,0.0718084753143522,0.0605729020509792,1.1854884425698635,0.8181818181818182,0.2128107865417437,0.6101172715227282,0.1210827810463593,0.3562417917743563,22,22,22,C044,gap,wf2021,S004_C044_wf2021,
202109,20,0.068427571886246,0.0689052903166521,0.9930670282613904,0.75,0.2453660656522666,0.2419803538942768,0.1191251149061937,0.3652433139783203,20,20,20,C044,gap,wf2021,S004_C044_wf2021,
202110,16,0.0494621249760155,0.0449627195173669,1.1000696912229844,0.875,0.1644434607272972,-0.273013152299538,0.1164024237215236,0.3341971610921382,16,16,16,C044,gap,wf2021,S004_C044_wf2021,
202111,22,0.0793703568324386,0.0519125411262976,1.5289245163194605,0.9090909090909092,0.1378684852010142,1.151115055448691,0.1149712180629703,0.3386173228743886,22,22,22,C044,gap,wf2021,S004_C044_wf2021,
202112,23,0.0681199018576869,0.0570632901443586,1.1937605014599983,0.8695652173913043,0.2487290979979251,0.5528141783325863,0.1153839113653514,0.3672515167328469,23,23,23,C044,gap,wf2021,S004_C044_wf2021,
202201,19,0.1011268885403957,0.0772228082707082,1.309546891714824,0.9473684210526316,0.3460920290131857,-0.8982985389548348,0.1097265171993441,0.4113604089603108,19,19,18,C044,gap,wf2022,S004_C044_wf2022,
202202,16,0.0873236322186695,0.051205743965575,1.7053483741467783,0.9375,0.3430461086483076,0.9575072334669138,0.1117007382476561,0.4043330640076632,16,16,16,C044,gap,wf2022,S004_C044_wf2022,
202203,23,0.0603634741240776,0.0574098948355017,1.051447216495324,0.9130434782608696,0.1586243162275579,-0.5352165770062293,0.1129490365047505,0.3378479735664733,23,23,23,C044,gap,wf2022,S004_C044_wf2022,
202204,19,0.0827253400830534,0.1140664310418535,0.7252382609630316,0.7894736842105263,0.2102141624770757,-1.6594250674262818,0.114629166043122,0.3617656349634074,19,19,19,C044,gap,wf2022,S004_C044_wf2022,
202205,19,0.1255367945467157,0.0536588262312614,2.3395367242226124,1.0,0.542934869211595,1.6625369675723751,0.1252261667218178,0.4755273285656194,19,19,19,C044,gap,wf2022,S004_C044_wf2022,
202206,21,0.0961547953559206,0.0693926389028443,1.3856627572637157,0.9047619047619048,0.3157524221599147,1.0734918629805743,0.1189805520657307,0.3974934791706234,21,21,21,C044,gap,wf2022,S004_C044_wf2022,
202207,21,0.0798874733621109,0.0709363888433647,1.126184665792774,0.8571428571428571,0.0894728756156102,0.4301872668686201,0.1105095814821809,0.3256439775848732,21,21,21,C044,gap,wf2022,S004_C044_wf2022,
202208,23,0.0569906896737582,0.0885385169395912,0.6436824519281505,0.782608695652174,0.2001866789359596,-0.2309144061521573,0.111036743019021,0.3495412566445848,23,23,23,C044,gap,wf2022,S004_C044_wf2022,
202209,21,0.0540054066629132,0.0712893747996673,0.7575519748163833,0.7619047619047619,0.0926009121159633,-1.1571782459039042,0.106924185815823,0.3173051805552074,21,21,21,C044,gap,wf2022,S004_C044_wf2022,
202210,16,0.1152991600057385,0.0890084414902637,1.295373316005658,0.9375,0.4789200806783911,1.547859514397537,0.1125737958715702,0.4560235494443416,16,16,16,C044,gap,wf2022,S004_C044_wf2022,
202211,22,0.1031311863399203,0.0860995933250735,1.1978126998874794,0.8181818181818182,0.3841638122998259,1.0698858069238868,0.1085031290245471,0.4239506795185517,22,22,22,C044,gap,wf2022,S004_C044_wf2022,
202212,22,0.075789634304125,0.0715419732789762,1.0593729922514878,0.8181818181818182,0.2861617474807564,-0.023279057566172,0.1071490769455951,0.3840196548821983,22,22,22,C044,gap,wf2022,S004_C044_wf2022,
202301,16,0.070727713014486,0.0570628181001312,1.2394710841370689,0.9375,0.265912695727453,1.3114519684319603,0.1061851925865405,0.3762093361480682,16,16,15,C044,gap,wf2023,S004_C044_wf2023,
202302,20,0.1088536858690157,0.0572277220783052,1.9021146031301075,0.95,0.2935948382641699,0.5866064080276634,0.1060351969723629,0.3998093667351483,20,20,20,C044,gap,wf2023,S004_C044_wf2023,
202303,23,0.0605230252686357,0.0644962110960481,0.9383966009802424,0.782608695652174,0.1002489204383212,-0.0856464833547485,0.1037407267672639,0.3231616682087715,23,23,23,C044,gap,wf2023,S004_C044_wf2023,
202304,19,0.050647473761629,0.0727188905574938,0.6964830372595631,0.7368421052631579,0.0758255310856465,-0.3655867927943295,0.1083866773334007,0.3104906456303253,19,19,19,C044,gap,wf2023,S004_C044_wf2023,
202305,20,0.0601062514596396,0.0571784670426555,1.051204318136054,0.8,0.252136301272948,0.1239928756670087,0.1124206728089338,0.3659571891230601,20,20,20,C044,gap,wf2023,S004_C044_wf2023,
202306,20,0.0386628844022862,0.0731557486033573,0.5285009741601079,0.8,0.1749783858794783,0.5029277465272315,0.1150567728476884,0.3334416376704514,20,20,20,C044,gap,wf2023,S004_C044_wf2023,
202307,21,0.0750622737874316,0.0532676041178344,1.4091543073982582,0.8571428571428571,-0.1023616438813888,-0.0180984308273354,0.1050899848319493,0.2677894209009711,21,21,21,C044,gap,wf2023,S004_C044_wf2023,
202308,23,0.0265706332770024,0.0934927409297559,0.2841999604757105,0.5652173913043478,0.0372557552381215,-0.3836184892024072,0.1071067852415512,0.2896729443097721,23,23,23,C044,gap,wf2023,S004_C044_wf2023,
202309,20,0.01773800172707,0.0546516088880964,0.3245650418707717,0.7,0.1284991067722625,0.023653553846584,0.1031801523935306,0.3146908870044476,20,20,20,C044,gap,wf2023,S004_C044_wf2023,
202310,17,0.0264854352573465,0.0628657616351165,0.4213014297205608,0.7058823529411765,0.0728035003973241,-0.0033038957854244,0.1123476465879939,0.2987309302457377,17,17,17,C044,gap,wf2023,S004_C044_wf2023,
202311,22,0.0779461184205459,0.0662748513927356,1.1761040090252035,0.9090909090909092,0.2658308237831746,0.65707944554731,0.1071691192396624,0.378776958731272,22,22,22,C044,gap,wf2023,S004_C044_wf2023,
202312,21,0.0550430423359076,0.0533450960388256,1.0318294730568318,0.8571428571428571,0.0224956722659614,-0.2883747717408694,0.1055047598290656,0.2971144906654317,21,21,21,C044,gap,wf2023,S004_C044_wf2023,
202101,20,0.0808706662391175,0.0896494805143153,0.902076239317461,0.8,0.8082352219563915,-0.2442863004338388,0.2089826082110788,0.5121240506192408,20,20,19,C045,gap,wf2021,S004_C045_wf2021,
202102,15,0.0900159051349682,0.0969242031672033,0.928724737408286,0.8,0.5107898622513731,1.278121958231764,0.2011490850616737,0.4288985952108971,15,15,15,C045,gap,wf2021,S004_C045_wf2021,
202103,23,0.0957394911436526,0.0550438075952069,1.7393326393356083,0.9565217391304348,0.3953126695975851,0.3605770330551955,0.1999618765852382,0.3969010343611651,23,23,23,C045,gap,wf2021,S004_C045_wf2021,
202104,21,0.0652160931632339,0.0442733766726845,1.473031832321715,0.9047619047619048,0.242042246477336,0.2417538711488023,0.19936625540483,0.3388892345870454,21,21,21,C045,gap,wf2021,S004_C045_wf2021,
202105,18,0.0715126275129872,0.0457758074261128,1.5622362888610184,1.0,0.4530624138076122,1.225267144902372,0.2058823531813229,0.4027590691930817,18,18,18,C045,gap,wf2021,S004_C045_wf2021,
202106,21,0.0738491411550403,0.0540912284308093,1.3652701796096995,0.9523809523809524,0.5914525124590173,0.5798808024479134,0.2078808977733294,0.4446111408677224,21,21,21,C045,gap,wf2021,S004_C045_wf2021,
202107,22,0.0697755866602617,0.0452661599850017,1.5414514216222637,0.9545454545454546,0.5280712209101371,0.7122691434723482,0.206575397959274,0.4243589815493636,22,22,22,C045,gap,wf2021,S004_C045_wf2021,
202108,22,0.0757954619058153,0.0602503895183268,1.2580078321777497,0.8636363636363636,0.2527364152515361,0.6500429002325206,0.2066251149431978,0.3441515748548276,22,22,22,C045,gap,wf2021,S004_C045_wf2021,
202109,20,0.0697627706055235,0.0762022020466271,0.9154954677403764,0.8,0.2579091135754284,0.2545234018174384,0.2047917321979168,0.3438403226554628,20,20,20,C045,gap,wf2021,S004_C045_wf2021,
202110,16,0.0484736285726547,0.0471485260078711,1.028104856651559,0.8125,0.1439706018590236,-0.2934860111678115,0.2038778094105018,0.3014172891636184,16,16,16,C045,gap,wf2021,S004_C045_wf2021,
202111,22,0.0780736778950603,0.0540657679208073,1.444050105963879,0.9090909090909092,0.1895566702639277,1.2028032405116047,0.2011247928326512,0.3277590343874071,22,22,22,C045,gap,wf2021,S004_C045_wf2021,
202112,23,0.0680995370731389,0.0623187193691719,1.0927621389284623,0.8695652173913043,0.2967107142327665,0.6007957945674276,0.2044760890610771,0.3549102023807624,23,23,23,C045,gap,wf2021,S004_C045_wf2021,
202201,19,0.1027116945624187,0.0799647037058203,1.284462891781374,0.9473684210526316,0.4052081374511801,-0.8391824305168405,0.1965848385188532,0.4036716675046655,19,19,18,C045,gap,wf2022,S004_C045_wf2022,
202202,16,0.0904623936061564,0.0568214674625816,1.5920460636770446,0.9375,0.4448128329040242,1.0592739577226304,0.199630566229125,0.4097396374449322,16,16,16,C045,gap,wf2022,S004_C045_wf2022,
202203,23,0.0591474129720623,0.0616947414189273,0.9587107687255252,0.9130434782608696,0.1086865281800006,-0.5851543650537865,0.1991799619073869,0.296510935070609,23,23,23,C045,gap,wf2022,S004_C045_wf2022,
202204,19,0.078389080411487,0.119734735069913,0.6546895549208485,0.7894736842105263,-0.0035908356617365,-1.8732300655650944,0.2000378653366537,0.2702670218650778,19,19,19,C045,gap,wf2022,S004_C045_wf2022,
202205,19,0.1257640735971137,0.0529887536191281,2.3734106769349386,1.0,0.4490060722981768,1.568608170658957,0.210508541117427,0.4218548887930704,19,19,19,C045,gap,wf2022,S004_C045_wf2022,
202206,21,0.0986224656424379,0.0697201094193262,1.41454834858736,0.9047619047619048,0.3528230440842554,1.1105624849049152,0.2062651576327626,0.383416352192423,21,21,21,C045,gap,wf2022,S004_C045_wf2022,
202207,21,0.0858692724789093,0.0713900479676126,1.202818528961704,0.8571428571428571,0.2763361692475053,0.6170505605005151,0.2002752838595318,0.3571659746079557,21,21,21,C045,gap,wf2022,S004_C045_wf2022,
202208,23,0.0578877095730443,0.088119062003789,0.6569260754336586,0.7391304347826086,0.2014332560422569,-0.2296678290458599,0.1980797771172808,0.3241611275067105,23,23,23,C045,gap,wf2022,S004_C045_wf2022,
202209,21,0.0541209727766453,0.0760363995413634,0.7117771633466645,0.7142857142857143,0.1195840118852779,-1.1301951461345896,0.1935182365115664,0.2994681217227716,21,21,21,C045,gap,wf2022,S004_C045_wf2022,
202210,16,0.1180022392291218,0.0915038040519036,1.28958834500681,0.9375,0.6214245441644514,1.690363977883597,0.1992382587755494,0.4738567813083193,16,16,16,C045,gap,wf2022,S004_C045_wf2022,
202211,22,0.1051198954727435,0.0945013818100651,1.1123635809264685,0.8181818181818182,0.4600840668222296,1.1458060614462904,0.1984723073827527,0.4205314860209405,22,22,22,C045,gap,wf2022,S004_C045_wf2022,
202212,22,0.0799156669829399,0.0777301557504113,1.028116645482433,0.8181818181818182,0.5480222760014435,0.2385814709545151,0.195969232324748,0.4375821798961846,22,22,22,C045,gap,wf2022,S004_C045_wf2022,
202301,16,0.0684238947312119,0.0584306384495979,1.17102767566427,0.9375,0.162611244494935,1.2081505171994429,0.1924823835484661,0.3184082161764254,16,16,15,C045,gap,wf2023,S004_C045_wf2023,
202302,20,0.1115489079398932,0.0535916483656602,2.0814606630269297,0.95,0.2737792740110308,0.5667908437745244,0.1887787673349048,0.3701197151787951,20,20,20,C045,gap,wf2023,S004_C045_wf2023,
202303,23,0.0611592501903511,0.0679288787301278,0.9003424071421606,0.782608695652174,0.1265282622182023,-0.0593671415748674,0.1898760810906997,0.3054593544143912,23,23,23,C045,gap,wf2023,S004_C045_wf2023,
202304,19,0.0490691640899065,0.074640076267453,0.6574104227075029,0.7894736842105263,0.0929253927854126,-0.3484869310945634,0.1949199163663032,0.2890293085616954,19,19,19,C045,gap,wf2023,S004_C045_wf2023,
202305,20,0.0615456395291446,0.0618744793982328,0.9946853715411202,0.8,0.2735377626997209,0.1453943370937818,0.1979957536432511,0.3472808585285987,20,20,20,C045,gap,wf2023,S004_C045_wf2023,
202306,20,0.0399394082574922,0.0764315315924662,0.522551457825673,0.8,0.1339660216038462,0.4619153822515995,0.202005330831622,0.2955639705346641,20,20,20,C045,gap,wf2023,S004_C045_wf2023,
202307,21,0.0786495820883389,0.0590662586789508,1.3315483974671791,0.8571428571428571,-0.0299407436677253,0.054322469386328,0.1937144939728567,0.2643632615431609,21,21,21,C045,gap,wf2023,S004_C045_wf2023,
202308,23,0.0259888954364116,0.0971981176228631,0.2673806455517047,0.5652173913043478,0.0938866728106897,-0.3269875716298388,0.1954001752630099,0.2799415074388686,23,23,23,C045,gap,wf2023,S004_C045_wf2023,
202309,20,0.0191778895633476,0.0557562890190734,0.3439592178881769,0.7,0.1699826876936362,0.0651371347679575,0.1908600499310273,0.3014079471541216,20,20,20,C045,gap,wf2023,S004_C045_wf2023,
202310,17,0.0273724116380623,0.064428972213246,0.4248463183219117,0.7058823529411765,0.0882376948192479,0.0121302986364994,0.1972887902339867,0.2782336360308033,17,17,17,C045,gap,wf2023,S004_C045_wf2023,
202311,22,0.0776662376384733,0.0669862918841234,1.1594347955970556,0.9090909090909092,0.2691872630110182,0.6604358847751536,0.1928813225535473,0.3539582771926306,22,22,22,C045,gap,wf2023,S004_C045_wf2023,
202312,21,0.0602099248173758,0.0547953318613264,1.098814858348744,0.9047619047619048,0.1341566655563539,-0.1767137784504767,0.1924574613154005,0.3065937311992363,21,21,21,C045,gap,wf2023,S004_C045_wf2023,
202101,20,0.0848023259345611,0.0938567450762258,0.9035293719773562,0.8,0.8844973700712098,-0.1680241523190206,0.3582313662254441,0.4918007315275541,20,20,19,C046,gap,wf2021,S004_C046_wf2021,
202102,15,0.0893618896835735,0.0870127712962115,1.0269973976505706,0.8,0.4981154490080567,1.2654475449884477,0.3515715025673154,0.3797079398056517,15,15,15,C046,gap,wf2021,S004_C046_wf2021,
202103,23,0.0998375733405172,0.0541959217672635,1.842160260125384,0.9565217391304348,0.5195718350631151,0.4848361985207254,0.3517106366804712,0.390293388851,23,23,23,C046,gap,wf2021,S004_C046_wf2021,
202104,21,0.0674138090735209,0.0494764280164372,1.362543978541143,0.9047619047619048,0.3275421983703623,0.3272538230418284,0.3489617739714872,0.3205396509490709,21,21,21,C046,gap,wf2021,S004_C046_wf2021,
202105,18,0.0738801857486271,0.0463688688310781,1.5933143855152636,1.0,0.490526369951573,1.262731101046333,0.3538725582169827,0.3705482178198279,18,18,18,C046,gap,wf2021,S004_C046_wf2021,
202106,21,0.0760058157627512,0.0569122979363079,1.3354901931356085,0.9523809523809524,0.5072213490920741,0.4956496390809704,0.3549767525204367,0.3760757052765916,21,21,21,C046,gap,wf2021,S004_C046_wf2021,
202107,22,0.0710694884650692,0.047976191129316,1.4813491190558878,0.9545454545454546,0.6384214890723111,0.822619411634522,0.3545126001255763,0.4136004620700482,22,22,22,C046,gap,wf2021,S004_C046_wf2021,
202108,22,0.0808191905275863,0.0632917439480244,1.2769310100533104,0.8636363636363636,0.2751316519104758,0.6724381368914601,0.3546949387197429,0.3084586901682544,22,22,22,C046,gap,wf2021,S004_C046_wf2021,
202109,20,0.074162664982319,0.0806747348404176,0.919279934777844,0.8,0.2724834536175221,0.2690977418595324,0.3535168707287923,0.3053550408595465,20,20,20,C046,gap,wf2021,S004_C046_wf2021,
202110,16,0.052539652734547,0.0481530237687286,1.091097684475364,0.875,0.3608068297322029,-0.0766497832946322,0.3524922109944381,0.3235102467151483,16,16,16,C046,gap,wf2021,S004_C046_wf2021,
202111,22,0.0823005671917399,0.0544317206350521,1.511996428397695,0.9090909090909092,0.2978506635395732,1.3110972337872502,0.3531121914822072,0.3163417684939057,22,22,22,C046,gap,wf2021,S004_C046_wf2021,
202112,23,0.0707927216164263,0.0628465406892159,1.1264378411296376,0.8695652173913043,0.3710779523977854,0.6751630327324466,0.3549782004993389,0.3331470142161045,23,23,23,C046,gap,wf2021,S004_C046_wf2021,
202201,19,0.1059070666942743,0.0828021639912862,1.2790374259472193,0.8947368421052632,0.5164079888560841,-0.7279825791119362,0.3475805915468818,0.3930110458704703,19,19,18,C046,gap,wf2022,S004_C046_wf2022,
202202,16,0.093193663868083,0.0586622856668186,1.5886469954033262,0.9375,0.6579110961447094,1.2723722209633157,0.3516926933859233,0.429142986374869,16,16,16,C046,gap,wf2022,S004_C046_wf2022,
202203,23,0.0594707527985235,0.0602699737047891,0.9867393188160276,0.8695652173913043,0.0982459259305833,-0.5955949673032036,0.3486398862713243,0.2486701130171871,23,23,23,C046,gap,wf2022,S004_C046_wf2022,
202204,19,0.0810902371393803,0.1171191133113983,0.6923740698392774,0.8421052631578947,0.0128637911924879,-1.8567754387108704,0.3496833979429543,0.2313902128306122,19,19,19,C046,gap,wf2022,S004_C046_wf2022,
202205,19,0.1249684333719427,0.0533558336892361,2.3421700071224576,1.0,0.442265190337259,1.5618672886980398,0.3582765430835762,0.375183967524882,19,19,19,C046,gap,wf2022,S004_C046_wf2022,
202206,21,0.0995836534422826,0.0719582059962855,1.3839096189727569,0.9523809523809524,0.3823837465458309,1.1401231873664903,0.3553221754408945,0.347951932708394,21,21,21,C046,gap,wf2022,S004_C046_wf2022,
202207,21,0.0900574322564429,0.0712428812081433,1.264090260377467,0.8571428571428571,0.4267043032032605,0.7674186944562701,0.3518282067693982,0.3584858018327359,21,21,21,C046,gap,wf2022,S004_C046_wf2022,
202208,23,0.0587471897327835,0.0932467342668373,0.6300187367921224,0.7391304347826086,0.2037651298939381,-0.2273359551941788,0.3472951323043317,0.2804398751699953,23,23,23,C046,gap,wf2022,S004_C046_wf2022,
202209,21,0.0573840226372515,0.0806648171098183,0.7113884924468131,0.7619047619047619,0.2021921653298166,-1.0475869926900512,0.3447712135804847,0.2801798945797001,21,21,21,C046,gap,wf2022,S004_C046_wf2022,
202210,16,0.1214614699071785,0.0924964768185894,1.3131469876998374,0.9375,0.7206774404167868,1.7896168741359328,0.3488417300583665,0.4601353010703975,16,16,16,C046,gap,wf2022,S004_C046_wf2022,
202211,22,0.1085404645721874,0.0967659030960686,1.1216808927461686,0.8181818181818182,0.5114283556560273,1.197150350280088,0.3491613461355836,0.3920962886850081,22,22,22,C046,gap,wf2022,S004_C046_wf2022,
202212,22,0.0828149128048108,0.0780733747969804,1.060731818243546,0.8181818181818182,0.7514572589574071,0.4420164539104788,0.3456003971256927,0.4548830236714387,22,22,22,C046,gap,wf2022,S004_C046_wf2022,
202301,16,0.0656742446396701,0.062129754081944,1.0570498082617743,0.8125,-0.006404321222026,1.0391349514824813,0.3428349761730104,0.221497908637357,16,16,15,C046,gap,wf2023,S004_C046_wf2023,
202302,20,0.1175445911830646,0.0544513532085361,2.158708356299172,0.95,0.3981432192750517,0.691154789038545,0.3398587207991789,0.3645031860159877,20,20,20,C046,gap,wf2023,S004_C046_wf2023,
202303,23,0.0622295288591788,0.071265169358907,0.8732109867834214,0.782608695652174,0.2287897184083898,0.0428943146153201,0.3399908605347544,0.2915314689057621,23,23,23,C046,gap,wf2023,S004_C046_wf2023,
202304,19,0.0497033995232107,0.0795518778856236,0.624792284535032,0.6842105263157895,0.0791843012356224,-0.3622280226443537,0.3445299659413536,0.2402776603975649,19,19,19,C046,gap,wf2023,S004_C046_wf2023,
202305,20,0.058518121149045,0.0645896160887495,0.9059989003284676,0.8,0.146396753775324,0.0182533281693848,0.3488497857905347,0.2626713388550548,20,20,20,C046,gap,wf2023,S004_C046_wf2023,
202306,20,0.0382604968159011,0.0770824083426385,0.4963583473654534,0.8,0.0047235676390893,0.3326729282868426,0.3492739557935013,0.2119390822800368,20,20,20,C046,gap,wf2023,S004_C046_wf2023,
202307,21,0.0846822871739593,0.0599188549417831,1.413282801486048,0.8571428571428571,0.0944268424651791,0.1786900555192325,0.3430197364383781,0.259295046677624,21,21,21,C046,gap,wf2023,S004_C046_wf2023,
202308,23,0.0267007840027685,0.1005373283279455,0.2655807991602137,0.5652173913043478,0.10485726764346,-0.3160169767970687,0.3443750546801259,0.2388249774901076,23,23,23,C046,gap,wf2023,S004_C046_wf2023,
202309,20,0.0165589615043292,0.0557065531728398,0.2972533851260189,0.65,0.1127447551224579,0.0078992021967793,0.3420100012351962,0.2378440107679101,20,20,20,C046,gap,wf2023,S004_C046_wf2023,
202310,17,0.0302533399358776,0.0676894864267945,0.4469429675551808,0.7647058823529411,0.0859159981764507,0.0098086019937022,0.3459887646224875,0.23407950604054,17,17,17,C046,gap,wf2023,S004_C046_wf2023,
202311,22,0.0793355261889537,0.0731445348873925,1.0846405177241525,0.8636363636363636,0.2525029401485174,0.6437515619126526,0.3408903286876728,0.3052179939138348,22,22,22,C046,gap,wf2023,S004_C046_wf2023,
202312,21,0.0628820277075327,0.0577029732093467,1.0897536852979202,0.9047619047619048,0.174005041732171,-0.1368654022746598,0.3433093578419253,0.2743615162500868,21,21,21,C046,gap,wf2023,S004_C046_wf2023,
202101,20,0.0731125866947969,0.0794585577617579,0.9201348319712988,0.8,0.3813909717587593,-0.6711305506314712,0.0481121329107738,0.4292286863323143,20,20,19,C047,gap,wf2021,S004_C042_wf2021,C042
202102,15,0.077817249178892,0.0783475237674774,0.9932317632633914,0.8,0.2458933758428914,1.0132254718232825,0.0431819969986291,0.3919403133248355,15,15,15,C047,gap,wf2021,S004_C042_wf2021,C042
202103,23,0.0892697637326007,0.0502895719328347,1.7751148061436446,0.9565217391304348,0.3218445161103244,0.2871088795679349,0.0394031213655647,0.4204403239164682,23,23,23,C047,gap,wf2021,S004_C042_wf2021,C042
202104,21,0.0637732956868162,0.0357402118554125,1.7843569575024325,0.9523809523809524,0.2285660655018355,0.2282776901733017,0.037762152923892,0.3827504920481095,21,21,21,C047,gap,wf2021,S004_C042_wf2021,C042
202105,18,0.0666255874180087,0.0470787379868467,1.4151948473347606,0.9444444444444444,0.291435996137569,1.063640727232329,0.0392522111042694,0.4023053704771933,18,18,18,C047,gap,wf2021,S004_C042_wf2021,C042
202106,21,0.0687892728661987,0.0468989613489341,1.4667547188177144,0.9047619047619048,0.4029295110760489,0.3913578010649449,0.0401613066068798,0.4363461704872302,21,21,21,C047,gap,wf2021,S004_C042_wf2021,C042
202107,22,0.059240338713374,0.0442788119716799,1.3378935900823905,0.9545454545454546,0.2485406038515923,0.4327385264138033,0.0432636602039191,0.3852792185796515,22,22,22,C047,gap,wf2021,S004_C042_wf2021,C042
202108,22,0.0706306815061245,0.0592166687692839,1.192749997155548,0.8181818181818182,0.1370050674019751,0.5343115523829597,0.0467829118202015,0.3553189192769818,22,22,22,C047,gap,wf2021,S004_C042_wf2021,C042
202109,20,0.0654922854708398,0.0669528918250522,0.9781845665751238,0.8,0.2117898924954717,0.208404180737482,0.0409620825412411,0.3774452571746051,20,20,20,C047,gap,wf2021,S004_C042_wf2021,C042
202110,16,0.0499966064695767,0.0385740171579619,1.2961213312276747,1.0,0.2554484964526055,-0.1820081165742297,0.0366985516914906,0.3856236260161651,16,16,16,C047,gap,wf2021,S004_C042_wf2021,C042
202111,22,0.0781154288494604,0.0483382315021749,1.6160175170236788,0.9090909090909092,0.2422725215494583,1.2555190917971353,0.0393250281548234,0.3921304195581747,22,22,22,C047,gap,wf2021,S004_C042_wf2021,C042
202112,23,0.0620117152702422,0.0512010715054655,1.2111409673061762,0.8695652173913043,0.0925968179540841,0.3966818982887453,0.0414037476136823,0.3401626072102174,23,23,23,C047,gap,wf2021,S004_C042_wf2021,C042
202201,19,0.1001670627648251,0.0740790482399862,1.3521645477993207,0.9473684210526316,0.3764792193658259,-0.8679113486021943,0.0346689583958485,0.4426099033969232,19,19,18,C047,gap,wf2022,S004_C042_wf2022,C042
202202,16,0.0858202548575398,0.0467234267244972,1.836771420118124,0.9375,0.2122846626247149,0.8267457874433213,0.0355957785577143,0.3873347671631161,16,16,16,C047,gap,wf2022,S004_C042_wf2022,C042
202203,23,0.0617681029986029,0.0467051158322754,1.3225125748626931,0.9130434782608696,0.2013601484193056,-0.4924807448144814,0.0353281779516224,0.3745168323397462,23,23,23,C047,gap,wf2022,S004_C042_wf2022,C042
202204,19,0.0860348824672542,0.1008923719419648,0.8527392191427816,0.8421052631578947,0.3181535291754983,-1.5514857007278595,0.0376985863220816,0.4185504358429267,19,19,19,C047,gap,wf2022,S004_C042_wf2022,C042
202205,19,0.1187717555971146,0.0479424626176262,2.477381200552843,1.0,0.3420313853302336,1.4616334836910143,0.043937522280372,0.4369368611538043,19,19,19,C047,gap,wf2022,S004_C042_wf2022,C042
202206,21,0.0908464592089949,0.0654612371205563,1.3877901366527496,0.9047619047619048,0.1724335190947893,0.930172959915449,0.0410191821136682,0.3757628847779343,21,21,21,C047,gap,wf2022,S004_C042_wf2022,C042
202207,21,0.0764814126533584,0.0646559982549168,1.1828974065456062,0.8571428571428571,0.0870841725225276,0.4277985637755373,0.0381354098603194,0.3452771938600057,21,21,21,C047,gap,wf2022,S004_C042_wf2022,C042
202208,23,0.0589058355457123,0.0887479382239461,0.6637431440612133,0.7391304347826086,0.2253074329970447,-0.2057936520910722,0.0322424246369962,0.3814818367262995,23,23,23,C047,gap,wf2022,S004_C042_wf2022,C042
202209,21,0.0544356712483064,0.0661341299693972,0.8231101138473567,0.7619047619047619,0.1045826071768531,-1.1451965508430144,0.0258573468423525,0.3453918465996727,21,21,21,C047,gap,wf2022,S004_C042_wf2022,C042
202210,16,0.1085809908271645,0.0777716871385226,1.3961506407050943,0.9375,0.3487871618764017,1.4177265955955474,0.0362624432193919,0.4371898119279688,16,16,16,C047,gap,wf2022,S004_C042_wf2022,C042
202211,22,0.0966775655922729,0.0836364908218043,1.1559256568792895,0.8181818181818182,0.2048194371206552,0.890541431744716,0.033169862882017,0.3901658985085006,22,22,22,C047,gap,wf2022,S004_C042_wf2022,C042
202212,22,0.0736669444343206,0.0672986083768095,1.0946280496894434,0.7727272727272727,0.2000759175278723,-0.109364887519056,0.0296799212448221,0.3805855766586433,22,22,22,C047,gap,wf2022,S004_C042_wf2022,C042
202301,16,0.0695506360248783,0.0527292177060423,1.319015131470619,0.9375,0.368431142740213,1.4139704154447206,0.0293823635887712,0.4295348881553839,16,16,15,C047,gap,wf2023,S004_C042_wf2023,C042
202302,20,0.1014808699847072,0.056777010733131,1.7873584514989296,0.95,0.1489413188327243,0.4419528885962177,0.0280940776809511,0.3768465203394149,20,20,20,C047,gap,wf2023,S004_C042_wf2023,C042
202303,23,0.0529033417285076,0.0637327431320441,0.8300810404300393,0.8260869565217391,-0.0326634939010968,-0.2185588976941666,0.027477652220319,0.3031189928549783,23,23,23,C047,gap,wf2023,S004_C042_wf2023,C042
202304,19,0.0443854886592545,0.0669252401328818,0.6632100022521551,0.8421052631578947,-0.0620969594986875,-0.5035092833786635,0.0318888092184826,0.2895584648485508,19,19,19,C047,gap,wf2023,S004_C042_wf2023,C042
202305,20,0.0625338188209465,0.0488577984208708,1.2799147903118293,0.9,0.3291923629770499,0.2010489373711107,0.0339732882327658,0.4135792499516638,20,20,20,C047,gap,wf2023,S004_C042_wf2023,C042
202306,20,0.039571227042297,0.0681245904722038,0.5808655401523909,0.8,0.202923254073618,0.5308726147213713,0.0372567343088329,0.3655284467463544,20,20,20,C047,gap,wf2023,S004_C042_wf2023,C042
202307,21,0.0695944543612671,0.0526509257864133,1.3218087492627937,0.8571428571428571,-0.1152476581452191,-0.0309844450911657,0.0274106870175978,0.2850402781956617,21,21,21,C047,gap,wf2023,S004_C042_wf2023,C042
202308,23,0.024718895683501,0.0927444390304529,0.2665269847110129,0.5652173913043478,0.107095732217922,-0.3137785122226067,0.0264263880154815,0.3340883615341325,23,23,23,C047,gap,wf2023,S004_C042_wf2023,C042
202309,20,0.0147908652605348,0.0493084435542644,0.2999661760618621,0.6,0.1706963629333292,0.0658508100076507,0.0249489694338746,0.3496405641540503,20,20,20,C047,gap,wf2023,S004_C042_wf2023,C042
202310,17,0.020247751383874,0.0614378226948552,0.3295649242721228,0.7058823529411765,-0.1291565408484482,-0.2052639370311967,0.0292613958424497,0.2605737195462802,17,17,17,C047,gap,wf2023,S004_C042_wf2023,C042
202311,22,0.0704200293289717,0.0641703893390596,1.0973913366317696,0.8181818181818182,0.1868735038194146,0.5781221255835498,0.0282387746737729,0.3757584304752812,22,22,22,C047,gap,wf2023,S004_C042_wf2023,C042
202312,21,0.0507445906097835,0.0453639029568565,1.1186116560130264,0.9047619047619048,-0.0055364309861502,-0.3164068749929811,0.0248026395817926,0.3111961150735305,21,21,21,C047,gap,wf2023,S004_C042_wf2023,C042
202101,20,0.0739793801656543,0.0818445335874693,0.9039012982655794,0.85,0.4506566729013492,-0.6018648494888814,0.075808781210451,0.4420461195735312,20,20,19,C048,gap,wf2021,S004_C043_wf2021,C043
202102,15,0.0825942512763442,0.0850675313483392,0.970925686536414,0.8,0.3550224889828787,1.12235458496327,0.0702208310283974,0.4184781978968821,15,15,15,C048,gap,wf2021,S004_C043_wf2021,C043
202103,23,0.0917288013316886,0.0553290611906772,1.6578774220579875,0.9565217391304348,0.4128919085041228,0.3781562719617332,0.0693072221599501,0.4397669264359272,23,23,23,C048,gap,wf2021,S004_C043_wf2021,C043
202104,21,0.0652386406612109,0.0380223845444612,1.7157956146838844,0.9047619047619048,0.1966050626630008,0.196316687334467,0.066811683839642,0.365033469911492,21,21,21,C048,gap,wf2021,S004_C043_wf2021,C043
202105,18,0.0679769477190154,0.0420652840795006,1.6159868929101613,0.9444444444444444,0.3617710971653697,1.1339758282601295,0.0710067242455587,0.4144200909635495,18,18,18,C048,gap,wf2021,S004_C043_wf2021,C043
202106,21,0.0719524808662784,0.0508051943677392,1.4162426059325857,0.9047619047619048,0.4468987087694091,0.4353269987583053,0.0726780476828703,0.441047190672473,21,21,21,C048,gap,wf2021,S004_C043_wf2021,C043
202107,22,0.0604616240380551,0.044428721250152,1.3608679776676724,0.9545454545454546,0.232227221184569,0.4164251437467801,0.073436429118479,0.371821887235049,22,22,22,C048,gap,wf2021,S004_C043_wf2021,C043
202108,22,0.06892280322193,0.0599998256351045,1.1487167252966974,0.7727272727272727,0.1059370968722269,0.5032435818532114,0.0741855951180418,0.3370945718150275,22,22,22,C048,gap,wf2021,S004_C043_wf2021,C043
202109,20,0.0681995549610889,0.0677774808611342,1.0062273500666006,0.75,0.2078328512419579,0.2044471394839681,0.0712003656252804,0.3682695676694388,20,20,20,C048,gap,wf2021,S004_C043_wf2021,C043
202110,16,0.0501155746609804,0.0437598296830684,1.1452415382770822,0.8125,0.1697674096916926,-0.2676892033351425,0.0679994557433938,0.3505766160488818,16,16,16,C048,gap,wf2021,S004_C043_wf2021,C043
202111,22,0.07962994002146,0.0489314557629394,1.627377292988115,0.9090909090909092,0.165327404881949,1.178573975129626,0.0689365910611073,0.3607692201548365,22,22,22,C048,gap,wf2021,S004_C043_wf2021,C043
202112,23,0.0679466603858199,0.0543170675569774,1.2509265216599812,0.8695652173913043,0.1867236033992721,0.4908086837339334,0.0709685272845828,0.3619051869887347,23,23,23,C048,gap,wf2021,S004_C043_wf2021,C043
202201,19,0.1004177768813765,0.0753545293716719,1.3326043931093363,0.9473684210526316,0.3302136850503762,-0.914176882917644,0.0637585981912675,0.4201036368102832,19,19,18,C048,gap,wf2022,S004_C043_wf2022,C043
202202,16,0.0860144064265454,0.0500117384729342,1.71988435221254,0.9375,0.2714130917690067,0.885874216587613,0.0649849786193996,0.3963341965155002,16,16,16,C048,gap,wf2022,S004_C043_wf2022,C043
202203,23,0.0582827002368256,0.0534897708095226,1.089604598314146,0.9130434782608696,0.111108491166406,-0.5827324020673812,0.0649937422924628,0.3371475047569132,23,23,23,C048,gap,wf2022,S004_C043_wf2022,C043
202204,19,0.0843565583977749,0.1088434528515991,0.7750264824177304,0.8421052631578947,0.271547925102667,-1.598091304800691,0.0691393134653801,0.394465206850296,19,19,19,C048,gap,wf2022,S004_C043_wf2022,C043
202205,19,0.1220076405885883,0.0496192039367978,2.4588794440151576,1.0,0.3969678342576436,1.516569932618424,0.0762601485036523,0.4450153619616327,19,19,19,C048,gap,wf2022,S004_C043_wf2022,C043
202206,21,0.0943554798282152,0.0663171865172522,1.422790754304224,0.9047619047619048,0.232357472675523,0.9900969134961826,0.0698716287915015,0.3864879450964925,21,21,21,C048,gap,wf2022,S004_C043_wf2022,C043
202207,21,0.0804730815041537,0.0672441991384718,1.1967289749178274,0.8571428571428571,0.1680787357309029,0.5087931269839127,0.0654869211345979,0.3629667769805529,21,21,21,C048,gap,wf2022,S004_C043_wf2022,C043
202208,23,0.0559730591266906,0.0855222787690911,0.6544851228510526,0.7391304347826086,0.1985277843847719,-0.2325733007033447,0.0646553816466962,0.3625509444720989,23,23,23,C048,gap,wf2022,S004_C043_wf2022,C043
202209,21,0.054874818828054,0.0687424842321547,0.7982664496489931,0.7619047619047619,0.0888076584656814,-1.160971499554186,0.0583983480554854,0.3310727206542804,21,21,21,C048,gap,wf2022,S004_C043_wf2022,C043
202210,16,0.114230591468351,0.0819027676236604,1.3947097855500503,0.9375,0.3936734637452978,1.462612897464444,0.0672952312878152,0.4436057063245852,16,16,16,C048,gap,wf2022,S004_C043_wf2022,C043
202211,22,0.1016147362966273,0.0863144435098049,1.1772622537395423,0.8181818181818182,0.3252055890072495,1.0109275836313103,0.0654538525592179,0.4185714154530604,22,22,22,C048,gap,wf2022,S004_C043_wf2022,C043
202212,22,0.0732249922387291,0.0699721676697513,1.0464874060259246,0.8181818181818182,0.1810839469556992,-0.1283568580912291,0.0602885319841369,0.3655286213869603,22,22,22,C048,gap,wf2022,S004_C043_wf2022,C043
202301,16,0.0707003006666974,0.0544940126652332,1.2973957543009809,0.9375,0.3583406606099316,1.4038799333144392,0.0582319627580339,0.4183127296222482,16,16,15,C048,gap,wf2023,S004_C043_wf2023,C043
202302,20,0.1037557350895144,0.056599669815603,1.8331508898822533,0.95,0.2182371679856321,0.5112487377491257,0.0577815878607122,0.3896389680732817,20,20,20,C048,gap,wf2023,S004_C043_wf2023,C043
202303,23,0.0587896430747929,0.0626353761826551,0.9386012611044698,0.8695652173913043,0.0582404293806569,-0.1276549744124127,0.0560014913352865,0.3241875386435283,23,23,23,C048,gap,wf2023,S004_C043_wf2023,C043
202304,19,0.0471353071469269,0.0669813294636271,0.7037081456038102,0.8421052631578947,0.0328423815916326,-0.4085699422883433,0.0617090720289907,0.3101941157275633,19,19,19,C048,gap,wf2023,S004_C043_wf2023,C043
202305,20,0.0616610378517436,0.0551405132657207,1.1182528815899957,0.9,0.3382080393924189,0.2100646137864797,0.0637645480352157,0.4069974625478584,20,20,20,C048,gap,wf2023,S004_C043_wf2023,C043
202306,20,0.0376212558501113,0.0695445258360751,0.5409664585073056,0.8,0.1859399010010548,0.5138892616488082,0.069058391320935,0.3501129552440805,20,20,20,C048,gap,wf2023,S004_C043_wf2023,C043
202307,21,0.0734792161628704,0.0501412283774034,1.4654450746560563,0.9047619047619048,-0.0830685914081648,0.0011946216458886,0.0573233061197754,0.287274117206766,21,21,21,C048,gap,wf2023,S004_C043_wf2023,C043
202308,23,0.0271341308754919,0.0914468774938958,0.2967201463746335,0.6086956521739131,0.0751053859800806,-0.3457688584604481,0.0555687317652101,0.3167146486146579,23,23,23,C048,gap,wf2023,S004_C043_wf2023,C043
202309,20,0.017510178458557,0.0509256348786109,0.3438381966232777,0.7,0.1586106013320365,0.0537650484063579,0.0549609680962991,0.3380989613541441,20,20,20,C048,gap,wf2023,S004_C043_wf2023,C043
202310,17,0.0222334336206623,0.0611159765411776,0.3637908592638177,0.7058823529411765,-0.1259906781526121,-0.2020980743353604,0.0610476401860161,0.2527818779466764,17,17,17,C048,gap,wf2023,S004_C043_wf2023,C043
202311,22,0.0756641108596696,0.067712401124563,1.1174335808957463,0.8636363636363636,0.2693105677137776,0.660559189477913,0.0599963140199874,0.3930599204520049,22,22,22,C048,gap,wf2023,S004_C043_wf2023,C043
202312,21,0.0536058263740328,0.0491677497984739,1.0902639757513708,0.9047619047619048,-0.0003576804237717,-0.3112281244306025,0.0569618706861398,0.3042464652166396,21,21,21,C048,gap,wf2023,S004_C043_wf2023,C043
202101,20,0.0752948648292751,0.0856674587690877,0.8789202564328253,0.85,0.6049044833658628,-0.4476170390243677,0.1227069874925717,0.4747771946936973,20,20,19,C049,gap,wf2021,S004_C044_wf2021,C044
202102,15,0.0851770892977939,0.0916436394001843,0.9294380914516868,0.8,0.3510044795583144,1.1183365755387056,0.1141200461754324,0.4051361657339821,15,15,15,C049,gap,wf2021,S004_C044_wf2021,C044
202103,23,0.0925027949229363,0.0583551536084775,1.5851692473224497,0.9565217391304348,0.3994047616499941,0.3646691251076046,0.1138416593342807,0.4226700486638886,23,23,23,C049,gap,wf2021,S004_C044_wf2021,C044
202104,21,0.0659257027745525,0.0430503092212935,1.531364210084334,0.9523809523809524,0.227887870174503,0.2275994948459692,0.1116854655454775,0.3612310024985286,21,21,21,C049,gap,wf2021,S004_C044_wf2021,C044
202105,18,0.0720409447571882,0.0455677588638058,1.5809630877942915,1.0,0.3406703932194194,1.1128751243141792,0.1196244276035335,0.3951301675876411,18,18,18,C049,gap,wf2021,S004_C044_wf2021,C044
202106,21,0.0733021273448193,0.0506283150534504,1.4478484474040108,0.9523809523809524,0.4546737389355704,0.4431020289244665,0.1162605118589241,0.4308448190609216,21,21,21,C049,gap,wf2021,S004_C044_wf2021,C044
202107,22,0.0657767954320774,0.044887531299769,1.465368968340118,0.9545454545454546,0.4052908111513768,0.5894887337135878,0.1204186727586014,0.4117723596906636,22,22,22,C049,gap,wf2021,S004_C044_wf2021,C044
202108,22,0.0718084753143522,0.0605729020509792,1.1854884425698635,0.8181818181818182,0.2128107865417437,0.6101172715227282,0.1210827810463593,0.3562417917743563,22,22,22,C049,gap,wf2021,S004_C044_wf2021,C044
202109,20,0.068427571886246,0.0689052903166521,0.9930670282613904,0.75,0.2453660656522666,0.2419803538942768,0.1191251149061937,0.3652433139783203,20,20,20,C049,gap,wf2021,S004_C044_wf2021,C044
202110,16,0.0494621249760155,0.0449627195173669,1.1000696912229844,0.875,0.1644434607272972,-0.273013152299538,0.1164024237215236,0.3341971610921382,16,16,16,C049,gap,wf2021,S004_C044_wf2021,C044
202111,22,0.0793703568324386,0.0519125411262976,1.5289245163194605,0.9090909090909092,0.1378684852010142,1.151115055448691,0.1149712180629703,0.3386173228743886,22,22,22,C049,gap,wf2021,S004_C044_wf2021,C044
202112,23,0.0681199018576869,0.0570632901443586,1.1937605014599983,0.8695652173913043,0.2487290979979251,0.5528141783325863,0.1153839113653514,0.3672515167328469,23,23,23,C049,gap,wf2021,S004_C044_wf2021,C044
202201,19,0.1011268885403957,0.0772228082707082,1.309546891714824,0.9473684210526316,0.3460920290131857,-0.8982985389548348,0.1097265171993441,0.4113604089603108,19,19,18,C049,gap,wf2022,S004_C044_wf2022,C044
202202,16,0.0873236322186695,0.051205743965575,1.7053483741467783,0.9375,0.3430461086483076,0.9575072334669138,0.1117007382476561,0.4043330640076632,16,16,16,C049,gap,wf2022,S004_C044_wf2022,C044
202203,23,0.0603634741240776,0.0574098948355017,1.051447216495324,0.9130434782608696,0.1586243162275579,-0.5352165770062293,0.1129490365047505,0.3378479735664733,23,23,23,C049,gap,wf2022,S004_C044_wf2022,C044
202204,19,0.0827253400830534,0.1140664310418535,0.7252382609630316,0.7894736842105263,0.2102141624770757,-1.6594250674262818,0.114629166043122,0.3617656349634074,19,19,19,C049,gap,wf2022,S004_C044_wf2022,C044
202205,19,0.1255367945467157,0.0536588262312614,2.3395367242226124,1.0,0.542934869211595,1.6625369675723751,0.1252261667218178,0.4755273285656194,19,19,19,C049,gap,wf2022,S004_C044_wf2022,C044
202206,21,0.0961547953559206,0.0693926389028443,1.3856627572637157,0.9047619047619048,0.3157524221599147,1.0734918629805743,0.1189805520657307,0.3974934791706234,21,21,21,C049,gap,wf2022,S004_C044_wf2022,C044
202207,21,0.0798874733621109,0.0709363888433647,1.126184665792774,0.8571428571428571,0.0894728756156102,0.4301872668686201,0.1105095814821809,0.3256439775848732,21,21,21,C049,gap,wf2022,S004_C044_wf2022,C044
202208,23,0.0569906896737582,0.0885385169395912,0.6436824519281505,0.782608695652174,0.2001866789359596,-0.2309144061521573,0.111036743019021,0.3495412566445848,23,23,23,C049,gap,wf2022,S004_C044_wf2022,C044
202209,21,0.0540054066629132,0.0712893747996673,0.7575519748163833,0.7619047619047619,0.0926009121159633,-1.1571782459039042,0.106924185815823,0.3173051805552074,21,21,21,C049,gap,wf2022,S004_C044_wf2022,C044
202210,16,0.1152991600057385,0.0890084414902637,1.295373316005658,0.9375,0.4789200806783911,1.547859514397537,0.1125737958715702,0.4560235494443416,16,16,16,C049,gap,wf2022,S004_C044_wf2022,C044
202211,22,0.1031311863399203,0.0860995933250735,1.1978126998874794,0.8181818181818182,0.3841638122998259,1.0698858069238868,0.1085031290245471,0.4239506795185517,22,22,22,C049,gap,wf2022,S004_C044_wf2022,C044
202212,22,0.075789634304125,0.0715419732789762,1.0593729922514878,0.8181818181818182,0.2861617474807564,-0.023279057566172,0.1071490769455951,0.3840196548821983,22,22,22,C049,gap,wf2022,S004_C044_wf2022,C044
202301,16,0.070727713014486,0.0570628181001312,1.2394710841370689,0.9375,0.265912695727453,1.3114519684319603,0.1061851925865405,0.3762093361480682,16,16,15,C049,gap,wf2023,S004_C044_wf2023,C044
202302,20,0.1088536858690157,0.0572277220783052,1.9021146031301075,0.95,0.2935948382641699,0.5866064080276634,0.1060351969723629,0.3998093667351483,20,20,20,C049,gap,wf2023,S004_C044_wf2023,C044
202303,23,0.0605230252686357,0.0644962110960481,0.9383966009802424,0.782608695652174,0.1002489204383212,-0.0856464833547485,0.1037407267672639,0.3231616682087715,23,23,23,C049,gap,wf2023,S004_C044_wf2023,C044
202304,19,0.050647473761629,0.0727188905574938,0.6964830372595631,0.7368421052631579,0.0758255310856465,-0.3655867927943295,0.1083866773334007,0.3104906456303253,19,19,19,C049,gap,wf2023,S004_C044_wf2023,C044
202305,20,0.0601062514596396,0.0571784670426555,1.051204318136054,0.8,0.252136301272948,0.1239928756670087,0.1124206728089338,0.3659571891230601,20,20,20,C049,gap,wf2023,S004_C044_wf2023,C044
202306,20,0.0386628844022862,0.0731557486033573,0.5285009741601079,0.8,0.1749783858794783,0.5029277465272315,0.1150567728476884,0.3334416376704514,20,20,20,C049,gap,wf2023,S004_C044_wf2023,C044
202307,21,0.0750622737874316,0.0532676041178344,1.4091543073982582,0.8571428571428571,-0.1023616438813888,-0.0180984308273354,0.1050899848319493,0.2677894209009711,21,21,21,C049,gap,wf2023,S004_C044_wf2023,C044
202308,23,0.0265706332770024,0.0934927409297559,0.2841999604757105,0.5652173913043478,0.0372557552381215,-0.3836184892024072,0.1071067852415512,0.2896729443097721,23,23,23,C049,gap,wf2023,S004_C044_wf2023,C044
202309,20,0.01773800172707,0.0546516088880964,0.3245650418707717,0.7,0.1284991067722625,0.023653553846584,0.1031801523935306,0.3146908870044476,20,20,20,C049,gap,wf2023,S004_C044_wf2023,C044
202310,17,0.0264854352573465,0.0628657616351165,0.4213014297205608,0.7058823529411765,0.0728035003973241,-0.0033038957854244,0.1123476465879939,0.2987309302457377,17,17,17,C049,gap,wf2023,S004_C044_wf2023,C044
202311,22,0.0779461184205459,0.0662748513927356,1.1761040090252035,0.9090909090909092,0.2658308237831746,0.65707944554731,0.1071691192396624,0.378776958731272,22,22,22,C049,gap,wf2023,S004_C044_wf2023,C044
202312,21,0.0550430423359076,0.0533450960388256,1.0318294730568318,0.8571428571428571,0.0224956722659614,-0.2883747717408694,0.1055047598290656,0.2971144906654317,21,21,21,C049,gap,wf2023,S004_C044_wf2023,C044
202101,20,0.0808706662391175,0.0896494805143153,0.902076239317461,0.8,0.8082352219563915,-0.2442863004338388,0.2089826082110788,0.5121240506192408,20,20,19,C050,gap,wf2021,S004_C045_wf2021,C045
202102,15,0.0900159051349682,0.0969242031672033,0.928724737408286,0.8,0.5107898622513731,1.278121958231764,0.2011490850616737,0.4288985952108971,15,15,15,C050,gap,wf2021,S004_C045_wf2021,C045
202103,23,0.0957394911436526,0.0550438075952069,1.7393326393356083,0.9565217391304348,0.3953126695975851,0.3605770330551955,0.1999618765852382,0.3969010343611651,23,23,23,C050,gap,wf2021,S004_C045_wf2021,C045
202104,21,0.0652160931632339,0.0442733766726845,1.473031832321715,0.9047619047619048,0.242042246477336,0.2417538711488023,0.19936625540483,0.3388892345870454,21,21,21,C050,gap,wf2021,S004_C045_wf2021,C045
202105,18,0.0715126275129872,0.0457758074261128,1.5622362888610184,1.0,0.4530624138076122,1.225267144902372,0.2058823531813229,0.4027590691930817,18,18,18,C050,gap,wf2021,S004_C045_wf2021,C045
202106,21,0.0738491411550403,0.0540912284308093,1.3652701796096995,0.9523809523809524,0.5914525124590173,0.5798808024479134,0.2078808977733294,0.4446111408677224,21,21,21,C050,gap,wf2021,S004_C045_wf2021,C045
202107,22,0.0697755866602617,0.0452661599850017,1.5414514216222637,0.9545454545454546,0.5280712209101371,0.7122691434723482,0.206575397959274,0.4243589815493636,22,22,22,C050,gap,wf2021,S004_C045_wf2021,C045
202108,22,0.0757954619058153,0.0602503895183268,1.2580078321777497,0.8636363636363636,0.2527364152515361,0.6500429002325206,0.2066251149431978,0.3441515748548276,22,22,22,C050,gap,wf2021,S004_C045_wf2021,C045
202109,20,0.0697627706055235,0.0762022020466271,0.9154954677403764,0.8,0.2579091135754284,0.2545234018174384,0.2047917321979168,0.3438403226554628,20,20,20,C050,gap,wf2021,S004_C045_wf2021,C045
202110,16,0.0484736285726547,0.0471485260078711,1.028104856651559,0.8125,0.1439706018590236,-0.2934860111678115,0.2038778094105018,0.3014172891636184,16,16,16,C050,gap,wf2021,S004_C045_wf2021,C045
202111,22,0.0780736778950603,0.0540657679208073,1.444050105963879,0.9090909090909092,0.1895566702639277,1.2028032405116047,0.2011247928326512,0.3277590343874071,22,22,22,C050,gap,wf2021,S004_C045_wf2021,C045
202112,23,0.0680995370731389,0.0623187193691719,1.0927621389284623,0.8695652173913043,0.2967107142327665,0.6007957945674276,0.2044760890610771,0.3549102023807624,23,23,23,C050,gap,wf2021,S004_C045_wf2021,C045
202201,19,0.1027116945624187,0.0799647037058203,1.284462891781374,0.9473684210526316,0.4052081374511801,-0.8391824305168405,0.1965848385188532,0.4036716675046655,19,19,18,C050,gap,wf2022,S004_C045_wf2022,C045
202202,16,0.0904623936061564,0.0568214674625816,1.5920460636770446,0.9375,0.4448128329040242,1.0592739577226304,0.199630566229125,0.4097396374449322,16,16,16,C050,gap,wf2022,S004_C045_wf2022,C045
202203,23,0.0591474129720623,0.0616947414189273,0.9587107687255252,0.9130434782608696,0.1086865281800006,-0.5851543650537865,0.1991799619073869,0.296510935070609,23,23,23,C050,gap,wf2022,S004_C045_wf2022,C045
202204,19,0.078389080411487,0.119734735069913,0.6546895549208485,0.7894736842105263,-0.0035908356617365,-1.8732300655650944,0.2000378653366537,0.2702670218650778,19,19,19,C050,gap,wf2022,S004_C045_wf2022,C045
202205,19,0.1257640735971137,0.0529887536191281,2.3734106769349386,1.0,0.4490060722981768,1.568608170658957,0.210508541117427,0.4218548887930704,19,19,19,C050,gap,wf2022,S004_C045_wf2022,C045
202206,21,0.0986224656424379,0.0697201094193262,1.41454834858736,0.9047619047619048,0.3528230440842554,1.1105624849049152,0.2062651576327626,0.383416352192423,21,21,21,C050,gap,wf2022,S004_C045_wf2022,C045
202207,21,0.0858692724789093,0.0713900479676126,1.202818528961704,0.8571428571428571,0.2763361692475053,0.6170505605005151,0.2002752838595318,0.3571659746079557,21,21,21,C050,gap,wf2022,S004_C045_wf2022,C045
202208,23,0.0578877095730443,0.088119062003789,0.6569260754336586,0.7391304347826086,0.2014332560422569,-0.2296678290458599,0.1980797771172808,0.3241611275067105,23,23,23,C050,gap,wf2022,S004_C045_wf2022,C045
202209,21,0.0541209727766453,0.0760363995413634,0.7117771633466645,0.7142857142857143,0.1195840118852779,-1.1301951461345896,0.1935182365115664,0.2994681217227716,21,21,21,C050,gap,wf2022,S004_C045_wf2022,C045
202210,16,0.1180022392291218,0.0915038040519036,1.28958834500681,0.9375,0.6214245441644514,1.690363977883597,0.1992382587755494,0.4738567813083193,16,16,16,C050,gap,wf2022,S004_C045_wf2022,C045
202211,22,0.1051198954727435,0.0945013818100651,1.1123635809264685,0.8181818181818182,0.4600840668222296,1.1458060614462904,0.1984723073827527,0.4205314860209405,22,22,22,C050,gap,wf2022,S004_C045_wf2022,C045
202212,22,0.0799156669829399,0.0777301557504113,1.028116645482433,0.8181818181818182,0.5480222760014435,0.2385814709545151,0.195969232324748,0.4375821798961846,22,22,22,C050,gap,wf2022,S004_C045_wf2022,C045
202301,16,0.0684238947312119,0.0584306384495979,1.17102767566427,0.9375,0.162611244494935,1.2081505171994429,0.1924823835484661,0.3184082161764254,16,16,15,C050,gap,wf2023,S004_C045_wf2023,C045
202302,20,0.1115489079398932,0.0535916483656602,2.0814606630269297,0.95,0.2737792740110308,0.5667908437745244,0.1887787673349048,0.3701197151787951,20,20,20,C050,gap,wf2023,S004_C045_wf2023,C045
202303,23,0.0611592501903511,0.0679288787301278,0.9003424071421606,0.782608695652174,0.1265282622182023,-0.0593671415748674,0.1898760810906997,0.3054593544143912,23,23,23,C050,gap,wf2023,S004_C045_wf2023,C045
202304,19,0.0490691640899065,0.074640076267453,0.6574104227075029,0.7894736842105263,0.0929253927854126,-0.3484869310945634,0.1949199163663032,0.2890293085616954,19,19,19,C050,gap,wf2023,S004_C045_wf2023,C045
202305,20,0.0615456395291446,0.0618744793982328,0.9946853715411202,0.8,0.2735377626997209,0.1453943370937818,0.1979957536432511,0.3472808585285987,20,20,20,C050,gap,wf2023,S004_C045_wf2023,C045
202306,20,0.0399394082574922,0.0764315315924662,0.522551457825673,0.8,0.1339660216038462,0.4619153822515995,0.202005330831622,0.2955639705346641,20,20,20,C050,gap,wf2023,S004_C045_wf2023,C045
202307,21,0.0786495820883389,0.0590662586789508,1.3315483974671791,0.8571428571428571,-0.0299407436677253,0.054322469386328,0.1937144939728567,0.2643632615431609,21,21,21,C050,gap,wf2023,S004_C045_wf2023,C045
202308,23,0.0259888954364116,0.0971981176228631,0.2673806455517047,0.5652173913043478,0.0938866728106897,-0.3269875716298388,0.1954001752630099,0.2799415074388686,23,23,23,C050,gap,wf2023,S004_C045_wf2023,C045
202309,20,0.0191778895633476,0.0557562890190734,0.3439592178881769,0.7,0.1699826876936362,0.0651371347679575,0.1908600499310273,0.3014079471541216,20,20,20,C050,gap,wf2023,S004_C045_wf2023,C045
202310,17,0.0273724116380623,0.064428972213246,0.4248463183219117,0.7058823529411765,0.0882376948192479,0.0121302986364994,0.1972887902339867,0.2782336360308033,17,17,17,C050,gap,wf2023,S004_C045_wf2023,C045
202311,22,0.0776662376384733,0.0669862918841234,1.1594347955970556,0.9090909090909092,0.2691872630110182,0.6604358847751536,0.1928813225535473,0.3539582771926306,22,22,22,C050,gap,wf2023,S004_C045_wf2023,C045
202312,21,0.0602099248173758,0.0547953318613264,1.098814858348744,0.9047619047619048,0.1341566655563539,-0.1767137784504767,0.1924574613154005,0.3065937311992363,21,21,21,C050,gap,wf2023,S004_C045_wf2023,C045
202101,20,0.0848023259345611,0.0938567450762258,0.9035293719773562,0.8,0.8844973700712098,-0.1680241523190206,0.3582313662254441,0.4918007315275541,20,20,19,C051,gap,wf2021,S004_C046_wf2021,C046
202102,15,0.0893618896835735,0.0870127712962115,1.0269973976505706,0.8,0.4981154490080567,1.2654475449884477,0.3515715025673154,0.3797079398056517,15,15,15,C051,gap,wf2021,S004_C046_wf2021,C046
202103,23,0.0998375733405172,0.0541959217672635,1.842160260125384,0.9565217391304348,0.5195718350631151,0.4848361985207254,0.3517106366804712,0.390293388851,23,23,23,C051,gap,wf2021,S004_C046_wf2021,C046
202104,21,0.0674138090735209,0.0494764280164372,1.362543978541143,0.9047619047619048,0.3275421983703623,0.3272538230418284,0.3489617739714872,0.3205396509490709,21,21,21,C051,gap,wf2021,S004_C046_wf2021,C046
202105,18,0.0738801857486271,0.0463688688310781,1.5933143855152636,1.0,0.490526369951573,1.262731101046333,0.3538725582169827,0.3705482178198279,18,18,18,C051,gap,wf2021,S004_C046_wf2021,C046
202106,21,0.0760058157627512,0.0569122979363079,1.3354901931356085,0.9523809523809524,0.5072213490920741,0.4956496390809704,0.3549767525204367,0.3760757052765916,21,21,21,C051,gap,wf2021,S004_C046_wf2021,C046
202107,22,0.0710694884650692,0.047976191129316,1.4813491190558878,0.9545454545454546,0.6384214890723111,0.822619411634522,0.3545126001255763,0.4136004620700482,22,22,22,C051,gap,wf2021,S004_C046_wf2021,C046
202108,22,0.0808191905275863,0.0632917439480244,1.2769310100533104,0.8636363636363636,0.2751316519104758,0.6724381368914601,0.3546949387197429,0.3084586901682544,22,22,22,C051,gap,wf2021,S004_C046_wf2021,C046
202109,20,0.074162664982319,0.0806747348404176,0.919279934777844,0.8,0.2724834536175221,0.2690977418595324,0.3535168707287923,0.3053550408595465,20,20,20,C051,gap,wf2021,S004_C046_wf2021,C046
202110,16,0.052539652734547,0.0481530237687286,1.091097684475364,0.875,0.3608068297322029,-0.0766497832946322,0.3524922109944381,0.3235102467151483,16,16,16,C051,gap,wf2021,S004_C046_wf2021,C046
202111,22,0.0823005671917399,0.0544317206350521,1.511996428397695,0.9090909090909092,0.2978506635395732,1.3110972337872502,0.3531121914822072,0.3163417684939057,22,22,22,C051,gap,wf2021,S004_C046_wf2021,C046
202112,23,0.0707927216164263,0.0628465406892159,1.1264378411296376,0.8695652173913043,0.3710779523977854,0.6751630327324466,0.3549782004993389,0.3331470142161045,23,23,23,C051,gap,wf2021,S004_C046_wf2021,C046
202201,19,0.1059070666942743,0.0828021639912862,1.2790374259472193,0.8947368421052632,0.5164079888560841,-0.7279825791119362,0.3475805915468818,0.3930110458704703,19,19,18,C051,gap,wf2022,S004_C046_wf2022,C046
202202,16,0.093193663868083,0.0586622856668186,1.5886469954033262,0.9375,0.6579110961447094,1.2723722209633157,0.3516926933859233,0.429142986374869,16,16,16,C051,gap,wf2022,S004_C046_wf2022,C046
202203,23,0.0594707527985235,0.0602699737047891,0.9867393188160276,0.8695652173913043,0.0982459259305833,-0.5955949673032036,0.3486398862713243,0.2486701130171871,23,23,23,C051,gap,wf2022,S004_C046_wf2022,C046
202204,19,0.0810902371393803,0.1171191133113983,0.6923740698392774,0.8421052631578947,0.0128637911924879,-1.8567754387108704,0.3496833979429543,0.2313902128306122,19,19,19,C051,gap,wf2022,S004_C046_wf2022,C046
202205,19,0.1249684333719427,0.0533558336892361,2.3421700071224576,1.0,0.442265190337259,1.5618672886980398,0.3582765430835762,0.375183967524882,19,19,19,C051,gap,wf2022,S004_C046_wf2022,C046
202206,21,0.0995836534422826,0.0719582059962855,1.3839096189727569,0.9523809523809524,0.3823837465458309,1.1401231873664903,0.3553221754408945,0.347951932708394,21,21,21,C051,gap,wf2022,S004_C046_wf2022,C046
202207,21,0.0900574322564429,0.0712428812081433,1.264090260377467,0.8571428571428571,0.4267043032032605,0.7674186944562701,0.3518282067693982,0.3584858018327359,21,21,21,C051,gap,wf2022,S004_C046_wf2022,C046
202208,23,0.0587471897327835,0.0932467342668373,0.6300187367921224,0.7391304347826086,0.2037651298939381,-0.2273359551941788,0.3472951323043317,0.2804398751699953,23,23,23,C051,gap,wf2022,S004_C046_wf2022,C046
202209,21,0.0573840226372515,0.0806648171098183,0.7113884924468131,0.7619047619047619,0.2021921653298166,-1.0475869926900512,0.3447712135804847,0.2801798945797001,21,21,21,C051,gap,wf2022,S004_C046_wf2022,C046
202210,16,0.1214614699071785,0.0924964768185894,1.3131469876998374,0.9375,0.7206774404167868,1.7896168741359328,0.3488417300583665,0.4601353010703975,16,16,16,C051,gap,wf2022,S004_C046_wf2022,C046
202211,22,0.1085404645721874,0.0967659030960686,1.1216808927461686,0.8181818181818182,0.5114283556560273,1.197150350280088,0.3491613461355836,0.3920962886850081,22,22,22,C051,gap,wf2022,S004_C046_wf2022,C046
202212,22,0.0828149128048108,0.0780733747969804,1.060731818243546,0.8181818181818182,0.7514572589574071,0.4420164539104788,0.3456003971256927,0.4548830236714387,22,22,22,C051,gap,wf2022,S004_C046_wf2022,C046
202301,16,0.0656742446396701,0.062129754081944,1.0570498082617743,0.8125,-0.006404321222026,1.0391349514824813,0.3428349761730104,0.221497908637357,16,16,15,C051,gap,wf2023,S004_C046_wf2023,C046
202302,20,0.1175445911830646,0.0544513532085361,2.158708356299172,0.95,0.3981432192750517,0.691154789038545,0.3398587207991789,0.3645031860159877,20,20,20,C051,gap,wf2023,S004_C046_wf2023,C046
202303,23,0.0622295288591788,0.071265169358907,0.8732109867834214,0.782608695652174,0.2287897184083898,0.0428943146153201,0.3399908605347544,0.2915314689057621,23,23,23,C051,gap,wf2023,S004_C046_wf2023,C046
202304,19,0.0497033995232107,0.0795518778856236,0.624792284535032,0.6842105263157895,0.0791843012356224,-0.3622280226443537,0.3445299659413536,0.2402776603975649,19,19,19,C051,gap,wf2023,S004_C046_wf2023,C046
202305,20,0.058518121149045,0.0645896160887495,0.9059989003284676,0.8,0.146396753775324,0.0182533281693848,0.3488497857905347,0.2626713388550548,20,20,20,C051,gap,wf2023,S004_C046_wf2023,C046
202306,20,0.0382604968159011,0.0770824083426385,0.4963583473654534,0.8,0.0047235676390893,0.3326729282868426,0.3492739557935013,0.2119390822800368,20,20,20,C051,gap,wf2023,S004_C046_wf2023,C046
202307,21,0.0846822871739593,0.0599188549417831,1.413282801486048,0.8571428571428571,0.0944268424651791,0.1786900555192325,0.3430197364383781,0.259295046677624,21,21,21,C051,gap,wf2023,S004_C046_wf2023,C046
202308,23,0.0267007840027685,0.1005373283279455,0.2655807991602137,0.5652173913043478,0.10485726764346,-0.3160169767970687,0.3443750546801259,0.2388249774901076,23,23,23,C051,gap,wf2023,S004_C046_wf2023,C046
202309,20,0.0165589615043292,0.0557065531728398,0.2972533851260189,0.65,0.1127447551224579,0.0078992021967793,0.3420100012351962,0.2378440107679101,20,20,20,C051,gap,wf2023,S004_C046_wf2023,C046
202310,17,0.0302533399358776,0.0676894864267945,0.4469429675551808,0.7647058823529411,0.0859159981764507,0.0098086019937022,0.3459887646224875,0.23407950604054,17,17,17,C051,gap,wf2023,S004_C046_wf2023,C046
202311,22,0.0793355261889537,0.0731445348873925,1.0846405177241525,0.8636363636363636,0.2525029401485174,0.6437515619126526,0.3408903286876728,0.3052179939138348,22,22,22,C051,gap,wf2023,S004_C046_wf2023,C046
202312,21,0.0628820277075327,0.0577029732093467,1.0897536852979202,0.9047619047619048,0.174005041732171,-0.1368654022746598,0.3433093578419253,0.2743615162500868,21,21,21,C051,gap,wf2023,S004_C046_wf2023,C046
202101,20,0.0731125866947969,0.0794585577617579,0.9201348319712988,0.8,0.3813909717587593,-0.6711305506314712,0.0481121329107738,0.4292286863323143,20,20,19,C052,gap,wf2021,S004_C042_wf2021,C042
202102,15,0.077817249178892,0.0783475237674774,0.9932317632633914,0.8,0.2458933758428914,1.0132254718232825,0.0431819969986291,0.3919403133248355,15,15,15,C052,gap,wf2021,S004_C042_wf2021,C042
202103,23,0.0892697637326007,0.0502895719328347,1.7751148061436446,0.9565217391304348,0.3218445161103244,0.2871088795679349,0.0394031213655647,0.4204403239164682,23,23,23,C052,gap,wf2021,S004_C042_wf2021,C042
202104,21,0.0637732956868162,0.0357402118554125,1.7843569575024325,0.9523809523809524,0.2285660655018355,0.2282776901733017,0.037762152923892,0.3827504920481095,21,21,21,C052,gap,wf2021,S004_C042_wf2021,C042
202105,18,0.0666255874180087,0.0470787379868467,1.4151948473347606,0.9444444444444444,0.291435996137569,1.063640727232329,0.0392522111042694,0.4023053704771933,18,18,18,C052,gap,wf2021,S004_C042_wf2021,C042
202106,21,0.0687892728661987,0.0468989613489341,1.4667547188177144,0.9047619047619048,0.4029295110760489,0.3913578010649449,0.0401613066068798,0.4363461704872302,21,21,21,C052,gap,wf2021,S004_C042_wf2021,C042
202107,22,0.059240338713374,0.0442788119716799,1.3378935900823905,0.9545454545454546,0.2485406038515923,0.4327385264138033,0.0432636602039191,0.3852792185796515,22,22,22,C052,gap,wf2021,S004_C042_wf2021,C042
202108,22,0.0706306815061245,0.0592166687692839,1.192749997155548,0.8181818181818182,0.1370050674019751,0.5343115523829597,0.0467829118202015,0.3553189192769818,22,22,22,C052,gap,wf2021,S004_C042_wf2021,C042
202109,20,0.0654922854708398,0.0669528918250522,0.9781845665751238,0.8,0.2117898924954717,0.208404180737482,0.0409620825412411,0.3774452571746051,20,20,20,C052,gap,wf2021,S004_C042_wf2021,C042
202110,16,0.0499966064695767,0.0385740171579619,1.2961213312276747,1.0,0.2554484964526055,-0.1820081165742297,0.0366985516914906,0.3856236260161651,16,16,16,C052,gap,wf2021,S004_C042_wf2021,C042
202111,22,0.0781154288494604,0.0483382315021749,1.6160175170236788,0.9090909090909092,0.2422725215494583,1.2555190917971353,0.0393250281548234,0.3921304195581747,22,22,22,C052,gap,wf2021,S004_C042_wf2021,C042
202112,23,0.0620117152702422,0.0512010715054655,1.2111409673061762,0.8695652173913043,0.0925968179540841,0.3966818982887453,0.0414037476136823,0.3401626072102174,23,23,23,C052,gap,wf2021,S004_C042_wf2021,C042
202201,19,0.1001670627648251,0.0740790482399862,1.3521645477993207,0.9473684210526316,0.3764792193658259,-0.8679113486021943,0.0346689583958485,0.4426099033969232,19,19,18,C052,gap,wf2022,S004_C042_wf2022,C042
202202,16,0.0858202548575398,0.0467234267244972,1.836771420118124,0.9375,0.2122846626247149,0.8267457874433213,0.0355957785577143,0.3873347671631161,16,16,16,C052,gap,wf2022,S004_C042_wf2022,C042
202203,23,0.0617681029986029,0.0467051158322754,1.3225125748626931,0.9130434782608696,0.2013601484193056,-0.4924807448144814,0.0353281779516224,0.3745168323397462,23,23,23,C052,gap,wf2022,S004_C042_wf2022,C042
202204,19,0.0860348824672542,0.1008923719419648,0.8527392191427816,0.8421052631578947,0.3181535291754983,-1.5514857007278595,0.0376985863220816,0.4185504358429267,19,19,19,C052,gap,wf2022,S004_C042_wf2022,C042
202205,19,0.1187717555971146,0.0479424626176262,2.477381200552843,1.0,0.3420313853302336,1.4616334836910143,0.043937522280372,0.4369368611538043,19,19,19,C052,gap,wf2022,S004_C042_wf2022,C042
202206,21,0.0908464592089949,0.0654612371205563,1.3877901366527496,0.9047619047619048,0.1724335190947893,0.930172959915449,0.0410191821136682,0.3757628847779343,21,21,21,C052,gap,wf2022,S004_C042_wf2022,C042
202207,21,0.0764814126533584,0.0646559982549168,1.1828974065456062,0.8571428571428571,0.0870841725225276,0.4277985637755373,0.0381354098603194,0.3452771938600057,21,21,21,C052,gap,wf2022,S004_C042_wf2022,C042
202208,23,0.0589058355457123,0.0887479382239461,0.6637431440612133,0.7391304347826086,0.2253074329970447,-0.2057936520910722,0.0322424246369962,0.3814818367262995,23,23,23,C052,gap,wf2022,S004_C042_wf2022,C042
202209,21,0.0544356712483064,0.0661341299693972,0.8231101138473567,0.7619047619047619,0.1045826071768531,-1.1451965508430144,0.0258573468423525,0.3453918465996727,21,21,21,C052,gap,wf2022,S004_C042_wf2022,C042
202210,16,0.1085809908271645,0.0777716871385226,1.3961506407050943,0.9375,0.3487871618764017,1.4177265955955474,0.0362624432193919,0.4371898119279688,16,16,16,C052,gap,wf2022,S004_C042_wf2022,C042
202211,22,0.0966775655922729,0.0836364908218043,1.1559256568792895,0.8181818181818182,0.2048194371206552,0.890541431744716,0.033169862882017,0.3901658985085006,22,22,22,C052,gap,wf2022,S004_C042_wf2022,C042
202212,22,0.0736669444343206,0.0672986083768095,1.0946280496894434,0.7727272727272727,0.2000759175278723,-0.109364887519056,0.0296799212448221,0.3805855766586433,22,22,22,C052,gap,wf2022,S004_C042_wf2022,C042
202301,16,0.0695506360248783,0.0527292177060423,1.319015131470619,0.9375,0.368431142740213,1.4139704154447206,0.0293823635887712,0.4295348881553839,16,16,15,C052,gap,wf2023,S004_C042_wf2023,C042
202302,20,0.1014808699847072,0.056777010733131,1.7873584514989296,0.95,0.1489413188327243,0.4419528885962177,0.0280940776809511,0.3768465203394149,20,20,20,C052,gap,wf2023,S004_C042_wf2023,C042
202303,23,0.0529033417285076,0.0637327431320441,0.8300810404300393,0.8260869565217391,-0.0326634939010968,-0.2185588976941666,0.027477652220319,0.3031189928549783,23,23,23,C052,gap,wf2023,S004_C042_wf2023,C042
202304,19,0.0443854886592545,0.0669252401328818,0.6632100022521551,0.8421052631578947,-0.0620969594986875,-0.5035092833786635,0.0318888092184826,0.2895584648485508,19,19,19,C052,gap,wf2023,S004_C042_wf2023,C042
202305,20,0.0625338188209465,0.0488577984208708,1.2799147903118293,0.9,0.3291923629770499,0.2010489373711107,0.0339732882327658,0.4135792499516638,20,20,20,C052,gap,wf2023,S004_C042_wf2023,C042
202306,20,0.039571227042297,0.0681245904722038,0.5808655401523909,0.8,0.202923254073618,0.5308726147213713,0.0372567343088329,0.3655284467463544,20,20,20,C052,gap,wf2023,S004_C042_wf2023,C042
202307,21,0.0695944543612671,0.0526509257864133,1.3218087492627937,0.8571428571428571,-0.1152476581452191,-0.0309844450911657,0.0274106870175978,0.2850402781956617,21,21,21,C052,gap,wf2023,S004_C042_wf2023,C042
202308,23,0.024718895683501,0.0927444390304529,0.2665269847110129,0.5652173913043478,0.107095732217922,-0.3137785122226067,0.0264263880154815,0.3340883615341325,23,23,23,C052,gap,wf2023,S004_C042_wf2023,C042
202309,20,0.0147908652605348,0.0493084435542644,0.2999661760618621,0.6,0.1706963629333292,0.0658508100076507,0.0249489694338746,0.3496405641540503,20,20,20,C052,gap,wf2023,S004_C042_wf2023,C042
202310,17,0.020247751383874,0.0614378226948552,0.3295649242721228,0.7058823529411765,-0.1291565408484482,-0.2052639370311967,0.0292613958424497,0.2605737195462802,17,17,17,C052,gap,wf2023,S004_C042_wf2023,C042
202311,22,0.0704200293289717,0.0641703893390596,1.0973913366317696,0.8181818181818182,0.1868735038194146,0.5781221255835498,0.0282387746737729,0.3757584304752812,22,22,22,C052,gap,wf2023,S004_C042_wf2023,C042
202312,21,0.0507445906097835,0.0453639029568565,1.1186116560130264,0.9047619047619048,-0.0055364309861502,-0.3164068749929811,0.0248026395817926,0.3111961150735305,21,21,21,C052,gap,wf2023,S004_C042_wf2023,C042
202101,20,0.0739793801656543,0.0818445335874693,0.9039012982655794,0.85,0.4506566729013492,-0.6018648494888814,0.075808781210451,0.4420461195735312,20,20,19,C053,gap,wf2021,S004_C043_wf2021,C043
202102,15,0.0825942512763442,0.0850675313483392,0.970925686536414,0.8,0.3550224889828787,1.12235458496327,0.0702208310283974,0.4184781978968821,15,15,15,C053,gap,wf2021,S004_C043_wf2021,C043
202103,23,0.0917288013316886,0.0553290611906772,1.6578774220579875,0.9565217391304348,0.4128919085041228,0.3781562719617332,0.0693072221599501,0.4397669264359272,23,23,23,C053,gap,wf2021,S004_C043_wf2021,C043
202104,21,0.0652386406612109,0.0380223845444612,1.7157956146838844,0.9047619047619048,0.1966050626630008,0.196316687334467,0.066811683839642,0.365033469911492,21,21,21,C053,gap,wf2021,S004_C043_wf2021,C043
202105,18,0.0679769477190154,0.0420652840795006,1.6159868929101613,0.9444444444444444,0.3617710971653697,1.1339758282601295,0.0710067242455587,0.4144200909635495,18,18,18,C053,gap,wf2021,S004_C043_wf2021,C043
202106,21,0.0719524808662784,0.0508051943677392,1.4162426059325857,0.9047619047619048,0.4468987087694091,0.4353269987583053,0.0726780476828703,0.441047190672473,21,21,21,C053,gap,wf2021,S004_C043_wf2021,C043
202107,22,0.0604616240380551,0.044428721250152,1.3608679776676724,0.9545454545454546,0.232227221184569,0.4164251437467801,0.073436429118479,0.371821887235049,22,22,22,C053,gap,wf2021,S004_C043_wf2021,C043
202108,22,0.06892280322193,0.0599998256351045,1.1487167252966974,0.7727272727272727,0.1059370968722269,0.5032435818532114,0.0741855951180418,0.3370945718150275,22,22,22,C053,gap,wf2021,S004_C043_wf2021,C043
202109,20,0.0681995549610889,0.0677774808611342,1.0062273500666006,0.75,0.2078328512419579,0.2044471394839681,0.0712003656252804,0.3682695676694388,20,20,20,C053,gap,wf2021,S004_C043_wf2021,C043
202110,16,0.0501155746609804,0.0437598296830684,1.1452415382770822,0.8125,0.1697674096916926,-0.2676892033351425,0.0679994557433938,0.3505766160488818,16,16,16,C053,gap,wf2021,S004_C043_wf2021,C043
202111,22,0.07962994002146,0.0489314557629394,1.627377292988115,0.9090909090909092,0.165327404881949,1.178573975129626,0.0689365910611073,0.3607692201548365,22,22,22,C053,gap,wf2021,S004_C043_wf2021,C043
202112,23,0.0679466603858199,0.0543170675569774,1.2509265216599812,0.8695652173913043,0.1867236033992721,0.4908086837339334,0.0709685272845828,0.3619051869887347,23,23,23,C053,gap,wf2021,S004_C043_wf2021,C043
202201,19,0.1004177768813765,0.0753545293716719,1.3326043931093363,0.9473684210526316,0.3302136850503762,-0.914176882917644,0.0637585981912675,0.4201036368102832,19,19,18,C053,gap,wf2022,S004_C043_wf2022,C043
202202,16,0.0860144064265454,0.0500117384729342,1.71988435221254,0.9375,0.2714130917690067,0.885874216587613,0.0649849786193996,0.3963341965155002,16,16,16,C053,gap,wf2022,S004_C043_wf2022,C043
202203,23,0.0582827002368256,0.0534897708095226,1.089604598314146,0.9130434782608696,0.111108491166406,-0.5827324020673812,0.0649937422924628,0.3371475047569132,23,23,23,C053,gap,wf2022,S004_C043_wf2022,C043
202204,19,0.0843565583977749,0.1088434528515991,0.7750264824177304,0.8421052631578947,0.271547925102667,-1.598091304800691,0.0691393134653801,0.394465206850296,19,19,19,C053,gap,wf2022,S004_C043_wf2022,C043
202205,19,0.1220076405885883,0.0496192039367978,2.4588794440151576,1.0,0.3969678342576436,1.516569932618424,0.0762601485036523,0.4450153619616327,19,19,19,C053,gap,wf2022,S004_C043_wf2022,C043
202206,21,0.0943554798282152,0.0663171865172522,1.422790754304224,0.9047619047619048,0.232357472675523,0.9900969134961826,0.0698716287915015,0.3864879450964925,21,21,21,C053,gap,wf2022,S004_C043_wf2022,C043
202207,21,0.0804730815041537,0.0672441991384718,1.1967289749178274,0.8571428571428571,0.1680787357309029,0.5087931269839127,0.0654869211345979,0.3629667769805529,21,21,21,C053,gap,wf2022,S004_C043_wf2022,C043
202208,23,0.0559730591266906,0.0855222787690911,0.6544851228510526,0.7391304347826086,0.1985277843847719,-0.2325733007033447,0.0646553816466962,0.3625509444720989,23,23,23,C053,gap,wf2022,S004_C043_wf2022,C043
202209,21,0.054874818828054,0.0687424842321547,0.7982664496489931,0.7619047619047619,0.0888076584656814,-1.160971499554186,0.0583983480554854,0.3310727206542804,21,21,21,C053,gap,wf2022,S004_C043_wf2022,C043
202210,16,0.114230591468351,0.0819027676236604,1.3947097855500503,0.9375,0.3936734637452978,1.462612897464444,0.0672952312878152,0.4436057063245852,16,16,16,C053,gap,wf2022,S004_C043_wf2022,C043
202211,22,0.1016147362966273,0.0863144435098049,1.1772622537395423,0.8181818181818182,0.3252055890072495,1.0109275836313103,0.0654538525592179,0.4185714154530604,22,22,22,C053,gap,wf2022,S004_C043_wf2022,C043
202212,22,0.0732249922387291,0.0699721676697513,1.0464874060259246,0.8181818181818182,0.1810839469556992,-0.1283568580912291,0.0602885319841369,0.3655286213869603,22,22,22,C053,gap,wf2022,S004_C043_wf2022,C043
202301,16,0.0707003006666974,0.0544940126652332,1.2973957543009809,0.9375,0.3583406606099316,1.4038799333144392,0.0582319627580339,0.4183127296222482,16,16,15,C053,gap,wf2023,S004_C043_wf2023,C043
202302,20,0.1037557350895144,0.056599669815603,1.8331508898822533,0.95,0.2182371679856321,0.5112487377491257,0.0577815878607122,0.3896389680732817,20,20,20,C053,gap,wf2023,S004_C043_wf2023,C043
202303,23,0.0587896430747929,0.0626353761826551,0.9386012611044698,0.8695652173913043,0.0582404293806569,-0.1276549744124127,0.0560014913352865,0.3241875386435283,23,23,23,C053,gap,wf2023,S004_C043_wf2023,C043
202304,19,0.0471353071469269,0.0669813294636271,0.7037081456038102,0.8421052631578947,0.0328423815916326,-0.4085699422883433,0.0617090720289907,0.3101941157275633,19,19,19,C053,gap,wf2023,S004_C043_wf2023,C043
202305,20,0.0616610378517436,0.0551405132657207,1.1182528815899957,0.9,0.3382080393924189,0.2100646137864797,0.0637645480352157,0.4069974625478584,20,20,20,C053,gap,wf2023,S004_C043_wf2023,C043
202306,20,0.0376212558501113,0.0695445258360751,0.5409664585073056,0.8,0.1859399010010548,0.5138892616488082,0.069058391320935,0.3501129552440805,20,20,20,C053,gap,wf2023,S004_C043_wf2023,C043
202307,21,0.0734792161628704,0.0501412283774034,1.4654450746560563,0.9047619047619048,-0.0830685914081648,0.0011946216458886,0.0573233061197754,0.287274117206766,21,21,21,C053,gap,wf2023,S004_C043_wf2023,C043
202308,23,0.0271341308754919,0.0914468774938958,0.2967201463746335,0.6086956521739131,0.0751053859800806,-0.3457688584604481,0.0555687317652101,0.3167146486146579,23,23,23,C053,gap,wf2023,S004_C043_wf2023,C043
202309,20,0.017510178458557,0.0509256348786109,0.3438381966232777,0.7,0.1586106013320365,0.0537650484063579,0.0549609680962991,0.3380989613541441,20,20,20,C053,gap,wf2023,S004_C043_wf2023,C043
202310,17,0.0222334336206623,0.0611159765411776,0.3637908592638177,0.7058823529411765,-0.1259906781526121,-0.2020980743353604,0.0610476401860161,0.2527818779466764,17,17,17,C053,gap,wf2023,S004_C043_wf2023,C043
202311,22,0.0756641108596696,0.067712401124563,1.1174335808957463,0.8636363636363636,0.2693105677137776,0.660559189477913,0.0599963140199874,0.3930599204520049,22,22,22,C053,gap,wf2023,S004_C043_wf2023,C043
202312,21,0.0536058263740328,0.0491677497984739,1.0902639757513708,0.9047619047619048,-0.0003576804237717,-0.3112281244306025,0.0569618706861398,0.3042464652166396,21,21,21,C053,gap,wf2023,S004_C043_wf2023,C043
202101,20,0.0752948648292751,0.0856674587690877,0.8789202564328253,0.85,0.6049044833658628,-0.4476170390243677,0.1227069874925717,0.4747771946936973,20,20,19,C054,gap,wf2021,S004_C044_wf2021,C044
202102,15,0.0851770892977939,0.0916436394001843,0.9294380914516868,0.8,0.3510044795583144,1.1183365755387056,0.1141200461754324,0.4051361657339821,15,15,15,C054,gap,wf2021,S004_C044_wf2021,C044
202103,23,0.0925027949229363,0.0583551536084775,1.5851692473224497,0.9565217391304348,0.3994047616499941,0.3646691251076046,0.1138416593342807,0.4226700486638886,23,23,23,C054,gap,wf2021,S004_C044_wf2021,C044
202104,21,0.0659257027745525,0.0430503092212935,1.531364210084334,0.9523809523809524,0.227887870174503,0.2275994948459692,0.1116854655454775,0.3612310024985286,21,21,21,C054,gap,wf2021,S004_C044_wf2021,C044
202105,18,0.0720409447571882,0.0455677588638058,1.5809630877942915,1.0,0.3406703932194194,1.1128751243141792,0.1196244276035335,0.3951301675876411,18,18,18,C054,gap,wf2021,S004_C044_wf2021,C044
202106,21,0.0733021273448193,0.0506283150534504,1.4478484474040108,0.9523809523809524,0.4546737389355704,0.4431020289244665,0.1162605118589241,0.4308448190609216,21,21,21,C054,gap,wf2021,S004_C044_wf2021,C044
202107,22,0.0657767954320774,0.044887531299769,1.465368968340118,0.9545454545454546,0.4052908111513768,0.5894887337135878,0.1204186727586014,0.4117723596906636,22,22,22,C054,gap,wf2021,S004_C044_wf2021,C044
202108,22,0.0718084753143522,0.0605729020509792,1.1854884425698635,0.8181818181818182,0.2128107865417437,0.6101172715227282,0.1210827810463593,0.3562417917743563,22,22,22,C054,gap,wf2021,S004_C044_wf2021,C044
202109,20,0.068427571886246,0.0689052903166521,0.9930670282613904,0.75,0.2453660656522666,0.2419803538942768,0.1191251149061937,0.3652433139783203,20,20,20,C054,gap,wf2021,S004_C044_wf2021,C044
202110,16,0.0494621249760155,0.0449627195173669,1.1000696912229844,0.875,0.1644434607272972,-0.273013152299538,0.1164024237215236,0.3341971610921382,16,16,16,C054,gap,wf2021,S004_C044_wf2021,C044
202111,22,0.0793703568324386,0.0519125411262976,1.5289245163194605,0.9090909090909092,0.1378684852010142,1.151115055448691,0.1149712180629703,0.3386173228743886,22,22,22,C054,gap,wf2021,S004_C044_wf2021,C044
202112,23,0.0681199018576869,0.0570632901443586,1.1937605014599983,0.8695652173913043,0.2487290979979251,0.5528141783325863,0.1153839113653514,0.3672515167328469,23,23,23,C054,gap,wf2021,S004_C044_wf2021,C044
202201,19,0.1011268885403957,0.0772228082707082,1.309546891714824,0.9473684210526316,0.3460920290131857,-0.8982985389548348,0.1097265171993441,0.4113604089603108,19,19,18,C054,gap,wf2022,S004_C044_wf2022,C044
202202,16,0.0873236322186695,0.051205743965575,1.7053483741467783,0.9375,0.3430461086483076,0.9575072334669138,0.1117007382476561,0.4043330640076632,16,16,16,C054,gap,wf2022,S004_C044_wf2022,C044
202203,23,0.0603634741240776,0.0574098948355017,1.051447216495324,0.9130434782608696,0.1586243162275579,-0.5352165770062293,0.1129490365047505,0.3378479735664733,23,23,23,C054,gap,wf2022,S004_C044_wf2022,C044
202204,19,0.0827253400830534,0.1140664310418535,0.7252382609630316,0.7894736842105263,0.2102141624770757,-1.6594250674262818,0.114629166043122,0.3617656349634074,19,19,19,C054,gap,wf2022,S004_C044_wf2022,C044
202205,19,0.1255367945467157,0.0536588262312614,2.3395367242226124,1.0,0.542934869211595,1.6625369675723751,0.1252261667218178,0.4755273285656194,19,19,19,C054,gap,wf2022,S004_C044_wf2022,C044
202206,21,0.0961547953559206,0.0693926389028443,1.3856627572637157,0.9047619047619048,0.3157524221599147,1.0734918629805743,0.1189805520657307,0.3974934791706234,21,21,21,C054,gap,wf2022,S004_C044_wf2022,C044
202207,21,0.0798874733621109,0.0709363888433647,1.126184665792774,0.8571428571428571,0.0894728756156102,0.4301872668686201,0.1105095814821809,0.3256439775848732,21,21,21,C054,gap,wf2022,S004_C044_wf2022,C044
202208,23,0.0569906896737582,0.0885385169395912,0.6436824519281505,0.782608695652174,0.2001866789359596,-0.2309144061521573,0.111036743019021,0.3495412566445848,23,23,23,C054,gap,wf2022,S004_C044_wf2022,C044
202209,21,0.0540054066629132,0.0712893747996673,0.7575519748163833,0.7619047619047619,0.0926009121159633,-1.1571782459039042,0.106924185815823,0.3173051805552074,21,21,21,C054,gap,wf2022,S004_C044_wf2022,C044
202210,16,0.1152991600057385,0.0890084414902637,1.295373316005658,0.9375,0.4789200806783911,1.547859514397537,0.1125737958715702,0.4560235494443416,16,16,16,C054,gap,wf2022,S004_C044_wf2022,C044
202211,22,0.1031311863399203,0.0860995933250735,1.1978126998874794,0.8181818181818182,0.3841638122998259,1.0698858069238868,0.1085031290245471,0.4239506795185517,22,22,22,C054,gap,wf2022,S004_C044_wf2022,C044
202212,22,0.075789634304125,0.0715419732789762,1.0593729922514878,0.8181818181818182,0.2861617474807564,-0.023279057566172,0.1071490769455951,0.3840196548821983,22,22,22,C054,gap,wf2022,S004_C044_wf2022,C044
202301,16,0.070727713014486,0.0570628181001312,1.2394710841370689,0.9375,0.265912695727453,1.3114519684319603,0.1061851925865405,0.3762093361480682,16,16,15,C054,gap,wf2023,S004_C044_wf2023,C044
202302,20,0.1088536858690157,0.0572277220783052,1.9021146031301075,0.95,0.2935948382641699,0.5866064080276634,0.1060351969723629,0.3998093667351483,20,20,20,C054,gap,wf2023,S004_C044_wf2023,C044
202303,23,0.0605230252686357,0.0644962110960481,0.9383966009802424,0.782608695652174,0.1002489204383212,-0.0856464833547485,0.1037407267672639,0.3231616682087715,23,23,23,C054,gap,wf2023,S004_C044_wf2023,C044
202304,19,0.050647473761629,0.0727188905574938,0.6964830372595631,0.7368421052631579,0.0758255310856465,-0.3655867927943295,0.1083866773334007,0.3104906456303253,19,19,19,C054,gap,wf2023,S004_C044_wf2023,C044
202305,20,0.0601062514596396,0.0571784670426555,1.051204318136054,0.8,0.252136301272948,0.1239928756670087,0.1124206728089338,0.3659571891230601,20,20,20,C054,gap,wf2023,S004_C044_wf2023,C044
202306,20,0.0386628844022862,0.0731557486033573,0.5285009741601079,0.8,0.1749783858794783,0.5029277465272315,0.1150567728476884,0.3334416376704514,20,20,20,C054,gap,wf2023,S004_C044_wf2023,C044
202307,21,0.0750622737874316,0.0532676041178344,1.4091543073982582,0.8571428571428571,-0.1023616438813888,-0.0180984308273354,0.1050899848319493,0.2677894209009711,21,21,21,C054,gap,wf2023,S004_C044_wf2023,C044
202308,23,0.0265706332770024,0.0934927409297559,0.2841999604757105,0.5652173913043478,0.0372557552381215,-0.3836184892024072,0.1071067852415512,0.2896729443097721,23,23,23,C054,gap,wf2023,S004_C044_wf2023,C044
202309,20,0.01773800172707,0.0546516088880964,0.3245650418707717,0.7,0.1284991067722625,0.023653553846584,0.1031801523935306,0.3146908870044476,20,20,20,C054,gap,wf2023,S004_C044_wf2023,C044
202310,17,0.0264854352573465,0.0628657616351165,0.4213014297205608,0.7058823529411765,0.0728035003973241,-0.0033038957854244,0.1123476465879939,0.2987309302457377,17,17,17,C054,gap,wf2023,S004_C044_wf2023,C044
202311,22,0.0779461184205459,0.0662748513927356,1.1761040090252035,0.9090909090909092,0.2658308237831746,0.65707944554731,0.1071691192396624,0.378776958731272,22,22,22,C054,gap,wf2023,S004_C044_wf2023,C044
202312,21,0.0550430423359076,0.0533450960388256,1.0318294730568318,0.8571428571428571,0.0224956722659614,-0.2883747717408694,0.1055047598290656,0.2971144906654317,21,21,21,C054,gap,wf2023,S004_C044_wf2023,C044
202101,20,0.0808706662391175,0.0896494805143153,0.902076239317461,0.8,0.8082352219563915,-0.2442863004338388,0.2089826082110788,0.5121240506192408,20,20,19,C055,gap,wf2021,S004_C045_wf2021,C045
202102,15,0.0900159051349682,0.0969242031672033,0.928724737408286,0.8,0.5107898622513731,1.278121958231764,0.2011490850616737,0.4288985952108971,15,15,15,C055,gap,wf2021,S004_C045_wf2021,C045
202103,23,0.0957394911436526,0.0550438075952069,1.7393326393356083,0.9565217391304348,0.3953126695975851,0.3605770330551955,0.1999618765852382,0.3969010343611651,23,23,23,C055,gap,wf2021,S004_C045_wf2021,C045
202104,21,0.0652160931632339,0.0442733766726845,1.473031832321715,0.9047619047619048,0.242042246477336,0.2417538711488023,0.19936625540483,0.3388892345870454,21,21,21,C055,gap,wf2021,S004_C045_wf2021,C045
202105,18,0.0715126275129872,0.0457758074261128,1.5622362888610184,1.0,0.4530624138076122,1.225267144902372,0.2058823531813229,0.4027590691930817,18,18,18,C055,gap,wf2021,S004_C045_wf2021,C045
202106,21,0.0738491411550403,0.0540912284308093,1.3652701796096995,0.9523809523809524,0.5914525124590173,0.5798808024479134,0.2078808977733294,0.4446111408677224,21,21,21,C055,gap,wf2021,S004_C045_wf2021,C045
202107,22,0.0697755866602617,0.0452661599850017,1.5414514216222637,0.9545454545454546,0.5280712209101371,0.7122691434723482,0.206575397959274,0.4243589815493636,22,22,22,C055,gap,wf2021,S004_C045_wf2021,C045
202108,22,0.0757954619058153,0.0602503895183268,1.2580078321777497,0.8636363636363636,0.2527364152515361,0.6500429002325206,0.2066251149431978,0.3441515748548276,22,22,22,C055,gap,wf2021,S004_C045_wf2021,C045
202109,20,0.0697627706055235,0.0762022020466271,0.9154954677403764,0.8,0.2579091135754284,0.2545234018174384,0.2047917321979168,0.3438403226554628,20,20,20,C055,gap,wf2021,S004_C045_wf2021,C045
202110,16,0.0484736285726547,0.0471485260078711,1.028104856651559,0.8125,0.1439706018590236,-0.2934860111678115,0.2038778094105018,0.3014172891636184,16,16,16,C055,gap,wf2021,S004_C045_wf2021,C045
202111,22,0.0780736778950603,0.0540657679208073,1.444050105963879,0.9090909090909092,0.1895566702639277,1.2028032405116047,0.2011247928326512,0.3277590343874071,22,22,22,C055,gap,wf2021,S004_C045_wf2021,C045
202112,23,0.0680995370731389,0.0623187193691719,1.0927621389284623,0.8695652173913043,0.2967107142327665,0.6007957945674276,0.2044760890610771,0.3549102023807624,23,23,23,C055,gap,wf2021,S004_C045_wf2021,C045
202201,19,0.1027116945624187,0.0799647037058203,1.284462891781374,0.9473684210526316,0.4052081374511801,-0.8391824305168405,0.1965848385188532,0.4036716675046655,19,19,18,C055,gap,wf2022,S004_C045_wf2022,C045
202202,16,0.0904623936061564,0.0568214674625816,1.5920460636770446,0.9375,0.4448128329040242,1.0592739577226304,0.199630566229125,0.4097396374449322,16,16,16,C055,gap,wf2022,S004_C045_wf2022,C045
202203,23,0.0591474129720623,0.0616947414189273,0.9587107687255252,0.9130434782608696,0.1086865281800006,-0.5851543650537865,0.1991799619073869,0.296510935070609,23,23,23,C055,gap,wf2022,S004_C045_wf2022,C045
202204,19,0.078389080411487,0.119734735069913,0.6546895549208485,0.7894736842105263,-0.0035908356617365,-1.8732300655650944,0.2000378653366537,0.2702670218650778,19,19,19,C055,gap,wf2022,S004_C045_wf2022,C045
202205,19,0.1257640735971137,0.0529887536191281,2.3734106769349386,1.0,0.4490060722981768,1.568608170658957,0.210508541117427,0.4218548887930704,19,19,19,C055,gap,wf2022,S004_C045_wf2022,C045
202206,21,0.0986224656424379,0.0697201094193262,1.41454834858736,0.9047619047619048,0.3528230440842554,1.1105624849049152,0.2062651576327626,0.383416352192423,21,21,21,C055,gap,wf2022,S004_C045_wf2022,C045
202207,21,0.0858692724789093,0.0713900479676126,1.202818528961704,0.8571428571428571,0.2763361692475053,0.6170505605005151,0.2002752838595318,0.3571659746079557,21,21,21,C055,gap,wf2022,S004_C045_wf2022,C045
202208,23,0.0578877095730443,0.088119062003789,0.6569260754336586,0.7391304347826086,0.2014332560422569,-0.2296678290458599,0.1980797771172808,0.3241611275067105,23,23,23,C055,gap,wf2022,S004_C045_wf2022,C045
202209,21,0.0541209727766453,0.0760363995413634,0.7117771633466645,0.7142857142857143,0.1195840118852779,-1.1301951461345896,0.1935182365115664,0.2994681217227716,21,21,21,C055,gap,wf2022,S004_C045_wf2022,C045
202210,16,0.1180022392291218,0.0915038040519036,1.28958834500681,0.9375,0.6214245441644514,1.690363977883597,0.1992382587755494,0.4738567813083193,16,16,16,C055,gap,wf2022,S004_C045_wf2022,C045
202211,22,0.1051198954727435,0.0945013818100651,1.1123635809264685,0.8181818181818182,0.4600840668222296,1.1458060614462904,0.1984723073827527,0.4205314860209405,22,22,22,C055,gap,wf2022,S004_C045_wf2022,C045
202212,22,0.0799156669829399,0.0777301557504113,1.028116645482433,0.8181818181818182,0.5480222760014435,0.2385814709545151,0.195969232324748,0.4375821798961846,22,22,22,C055,gap,wf2022,S004_C045_wf2022,C045
202301,16,0.0684238947312119,0.0584306384495979,1.17102767566427,0.9375,0.162611244494935,1.2081505171994429,0.1924823835484661,0.3184082161764254,16,16,15,C055,gap,wf2023,S004_C045_wf2023,C045
202302,20,0.1115489079398932,0.0535916483656602,2.0814606630269297,0.95,0.2737792740110308,0.5667908437745244,0.1887787673349048,0.3701197151787951,20,20,20,C055,gap,wf2023,S004_C045_wf2023,C045
202303,23,0.0611592501903511,0.0679288787301278,0.9003424071421606,0.782608695652174,0.1265282622182023,-0.0593671415748674,0.1898760810906997,0.3054593544143912,23,23,23,C055,gap,wf2023,S004_C045_wf2023,C045
202304,19,0.0490691640899065,0.074640076267453,0.6574104227075029,0.7894736842105263,0.0929253927854126,-0.3484869310945634,0.1949199163663032,0.2890293085616954,19,19,19,C055,gap,wf2023,S004_C045_wf2023,C045
202305,20,0.0615456395291446,0.0618744793982328,0.9946853715411202,0.8,0.2735377626997209,0.1453943370937818,0.1979957536432511,0.3472808585285987,20,20,20,C055,gap,wf2023,S004_C045_wf2023,C045
202306,20,0.0399394082574922,0.0764315315924662,0.522551457825673,0.8,0.1339660216038462,0.4619153822515995,0.202005330831622,0.2955639705346641,20,20,20,C055,gap,wf2023,S004_C045_wf2023,C045
202307,21,0.0786495820883389,0.0590662586789508,1.3315483974671791,0.8571428571428571,-0.0299407436677253,0.054322469386328,0.1937144939728567,0.2643632615431609,21,21,21,C055,gap,wf2023,S004_C045_wf2023,C045
202308,23,0.0259888954364116,0.0971981176228631,0.2673806455517047,0.5652173913043478,0.0938866728106897,-0.3269875716298388,0.1954001752630099,0.2799415074388686,23,23,23,C055,gap,wf2023,S004_C045_wf2023,C045
202309,20,0.0191778895633476,0.0557562890190734,0.3439592178881769,0.7,0.1699826876936362,0.0651371347679575,0.1908600499310273,0.3014079471541216,20,20,20,C055,gap,wf2023,S004_C045_wf2023,C045
202310,17,0.0273724116380623,0.064428972213246,0.4248463183219117,0.7058823529411765,0.0882376948192479,0.0121302986364994,0.1972887902339867,0.2782336360308033,17,17,17,C055,gap,wf2023,S004_C045_wf2023,C045
202311,22,0.0776662376384733,0.0669862918841234,1.1594347955970556,0.9090909090909092,0.2691872630110182,0.6604358847751536,0.1928813225535473,0.3539582771926306,22,22,22,C055,gap,wf2023,S004_C045_wf2023,C045
202312,21,0.0602099248173758,0.0547953318613264,1.098814858348744,0.9047619047619048,0.1341566655563539,-0.1767137784504767,0.1924574613154005,0.3065937311992363,21,21,21,C055,gap,wf2023,S004_C045_wf2023,C045
202101,20,0.0848023259345611,0.0938567450762258,0.9035293719773562,0.8,0.8844973700712098,-0.1680241523190206,0.3582313662254441,0.4918007315275541,20,20,19,C056,gap,wf2021,S004_C046_wf2021,C046
202102,15,0.0893618896835735,0.0870127712962115,1.0269973976505706,0.8,0.4981154490080567,1.2654475449884477,0.3515715025673154,0.3797079398056517,15,15,15,C056,gap,wf2021,S004_C046_wf2021,C046
202103,23,0.0998375733405172,0.0541959217672635,1.842160260125384,0.9565217391304348,0.5195718350631151,0.4848361985207254,0.3517106366804712,0.390293388851,23,23,23,C056,gap,wf2021,S004_C046_wf2021,C046
202104,21,0.0674138090735209,0.0494764280164372,1.362543978541143,0.9047619047619048,0.3275421983703623,0.3272538230418284,0.3489617739714872,0.3205396509490709,21,21,21,C056,gap,wf2021,S004_C046_wf2021,C046
202105,18,0.0738801857486271,0.0463688688310781,1.5933143855152636,1.0,0.490526369951573,1.262731101046333,0.3538725582169827,0.3705482178198279,18,18,18,C056,gap,wf2021,S004_C046_wf2021,C046
202106,21,0.0760058157627512,0.0569122979363079,1.3354901931356085,0.9523809523809524,0.5072213490920741,0.4956496390809704,0.3549767525204367,0.3760757052765916,21,21,21,C056,gap,wf2021,S004_C046_wf2021,C046
202107,22,0.0710694884650692,0.047976191129316,1.4813491190558878,0.9545454545454546,0.6384214890723111,0.822619411634522,0.3545126001255763,0.4136004620700482,22,22,22,C056,gap,wf2021,S004_C046_wf2021,C046
202108,22,0.0808191905275863,0.0632917439480244,1.2769310100533104,0.8636363636363636,0.2751316519104758,0.6724381368914601,0.3546949387197429,0.3084586901682544,22,22,22,C056,gap,wf2021,S004_C046_wf2021,C046
202109,20,0.074162664982319,0.0806747348404176,0.919279934777844,0.8,0.2724834536175221,0.2690977418595324,0.3535168707287923,0.3053550408595465,20,20,20,C056,gap,wf2021,S004_C046_wf2021,C046
202110,16,0.052539652734547,0.0481530237687286,1.091097684475364,0.875,0.3608068297322029,-0.0766497832946322,0.3524922109944381,0.3235102467151483,16,16,16,C056,gap,wf2021,S004_C046_wf2021,C046
202111,22,0.0823005671917399,0.0544317206350521,1.511996428397695,0.9090909090909092,0.2978506635395732,1.3110972337872502,0.3531121914822072,0.3163417684939057,22,22,22,C056,gap,wf2021,S004_C046_wf2021,C046
202112,23,0.0707927216164263,0.0628465406892159,1.1264378411296376,0.8695652173913043,0.3710779523977854,0.6751630327324466,0.3549782004993389,0.3331470142161045,23,23,23,C056,gap,wf2021,S004_C046_wf2021,C046
202201,19,0.1059070666942743,0.0828021639912862,1.2790374259472193,0.8947368421052632,0.5164079888560841,-0.7279825791119362,0.3475805915468818,0.3930110458704703,19,19,18,C056,gap,wf2022,S004_C046_wf2022,C046
202202,16,0.093193663868083,0.0586622856668186,1.5886469954033262,0.9375,0.6579110961447094,1.2723722209633157,0.3516926933859233,0.429142986374869,16,16,16,C056,gap,wf2022,S004_C046_wf2022,C046
202203,23,0.0594707527985235,0.0602699737047891,0.9867393188160276,0.8695652173913043,0.0982459259305833,-0.5955949673032036,0.3486398862713243,0.2486701130171871,23,23,23,C056,gap,wf2022,S004_C046_wf2022,C046
202204,19,0.0810902371393803,0.1171191133113983,0.6923740698392774,0.8421052631578947,0.0128637911924879,-1.8567754387108704,0.3496833979429543,0.2313902128306122,19,19,19,C056,gap,wf2022,S004_C046_wf2022,C046
202205,19,0.1249684333719427,0.0533558336892361,2.3421700071224576,1.0,0.442265190337259,1.5618672886980398,0.3582765430835762,0.375183967524882,19,19,19,C056,gap,wf2022,S004_C046_wf2022,C046
202206,21,0.0995836534422826,0.0719582059962855,1.3839096189727569,0.9523809523809524,0.3823837465458309,1.1401231873664903,0.3553221754408945,0.347951932708394,21,21,21,C056,gap,wf2022,S004_C046_wf2022,C046
202207,21,0.0900574322564429,0.0712428812081433,1.264090260377467,0.8571428571428571,0.4267043032032605,0.7674186944562701,0.3518282067693982,0.3584858018327359,21,21,21,C056,gap,wf2022,S004_C046_wf2022,C046
202208,23,0.0587471897327835,0.0932467342668373,0.6300187367921224,0.7391304347826086,0.2037651298939381,-0.2273359551941788,0.3472951323043317,0.2804398751699953,23,23,23,C056,gap,wf2022,S004_C046_wf2022,C046
202209,21,0.0573840226372515,0.0806648171098183,0.7113884924468131,0.7619047619047619,0.2021921653298166,-1.0475869926900512,0.3447712135804847,0.2801798945797001,21,21,21,C056,gap,wf2022,S004_C046_wf2022,C046
202210,16,0.1214614699071785,0.0924964768185894,1.3131469876998374,0.9375,0.7206774404167868,1.7896168741359328,0.3488417300583665,0.4601353010703975,16,16,16,C056,gap,wf2022,S004_C046_wf2022,C046
202211,22,0.1085404645721874,0.0967659030960686,1.1216808927461686,0.8181818181818182,0.5114283556560273,1.197150350280088,0.3491613461355836,0.3920962886850081,22,22,22,C056,gap,wf2022,S004_C046_wf2022,C046
202212,22,0.0828149128048108,0.0780733747969804,1.060731818243546,0.8181818181818182,0.7514572589574071,0.4420164539104788,0.3456003971256927,0.4548830236714387,22,22,22,C056,gap,wf2022,S004_C046_wf2022,C046
202301,16,0.0656742446396701,0.062129754081944,1.0570498082617743,0.8125,-0.006404321222026,1.0391349514824813,0.3428349761730104,0.221497908637357,16,16,15,C056,gap,wf2023,S004_C046_wf2023,C046
202302,20,0.1175445911830646,0.0544513532085361,2.158708356299172,0.95,0.3981432192750517,0.691154789038545,0.3398587207991789,0.3645031860159877,20,20,20,C056,gap,wf2023,S004_C046_wf2023,C046
202303,23,0.0622295288591788,0.071265169358907,0.8732109867834214,0.782608695652174,0.2287897184083898,0.0428943146153201,0.3399908605347544,0.2915314689057621,23,23,23,C056,gap,wf2023,S004_C046_wf2023,C046
202304,19,0.0497033995232107,0.0795518778856236,0.624792284535032,0.6842105263157895,0.0791843012356224,-0.3622280226443537,0.3445299659413536,0.2402776603975649,19,19,19,C056,gap,wf2023,S004_C046_wf2023,C046
202305,20,0.058518121149045,0.0645896160887495,0.9059989003284676,0.8,0.146396753775324,0.0182533281693848,0.3488497857905347,0.2626713388550548,20,20,20,C056,gap,wf2023,S004_C046_wf2023,C046
202306,20,0.0382604968159011,0.0770824083426385,0.4963583473654534,0.8,0.0047235676390893,0.3326729282868426,0.3492739557935013,0.2119390822800368,20,20,20,C056,gap,wf2023,S004_C046_wf2023,C046
202307,21,0.0846822871739593,0.0599188549417831,1.413282801486048,0.8571428571428571,0.0944268424651791,0.1786900555192325,0.3430197364383781,0.259295046677624,21,21,21,C056,gap,wf2023,S004_C046_wf2023,C046
202308,23,0.0267007840027685,0.1005373283279455,0.2655807991602137,0.5652173913043478,0.10485726764346,-0.3160169767970687,0.3443750546801259,0.2388249774901076,23,23,23,C056,gap,wf2023,S004_C046_wf2023,C046
202309,20,0.0165589615043292,0.0557065531728398,0.2972533851260189,0.65,0.1127447551224579,0.0078992021967793,0.3420100012351962,0.2378440107679101,20,20,20,C056,gap,wf2023,S004_C046_wf2023,C046
202310,17,0.0302533399358776,0.0676894864267945,0.4469429675551808,0.7647058823529411,0.0859159981764507,0.0098086019937022,0.3459887646224875,0.23407950604054,17,17,17,C056,gap,wf2023,S004_C046_wf2023,C046
202311,22,0.0793355261889537,0.0731445348873925,1.0846405177241525,0.8636363636363636,0.2525029401485174,0.6437515619126526,0.3408903286876728,0.3052179939138348,22,22,22,C056,gap,wf2023,S004_C046_wf2023,C046
202312,21,0.0628820277075327,0.0577029732093467,1.0897536852979202,0.9047619047619048,0.174005041732171,-0.1368654022746598,0.3433093578419253,0.2743615162500868,21,21,21,C056,gap,wf2023,S004_C046_wf2023,C046
202101,20,0.0731125866947969,0.0794585577617579,0.9201348319712988,0.8,0.3813909717587593,-0.6711305506314712,0.0481121329107738,0.4292286863323143,20,20,19,C057,gap,wf2021,S004_C042_wf2021,C042
202102,15,0.077817249178892,0.0783475237674774,0.9932317632633914,0.8,0.2458933758428914,1.0132254718232825,0.0431819969986291,0.3919403133248355,15,15,15,C057,gap,wf2021,S004_C042_wf2021,C042
202103,23,0.0892697637326007,0.0502895719328347,1.7751148061436446,0.9565217391304348,0.3218445161103244,0.2871088795679349,0.0394031213655647,0.4204403239164682,23,23,23,C057,gap,wf2021,S004_C042_wf2021,C042
202104,21,0.0637732956868162,0.0357402118554125,1.7843569575024325,0.9523809523809524,0.2285660655018355,0.2282776901733017,0.037762152923892,0.3827504920481095,21,21,21,C057,gap,wf2021,S004_C042_wf2021,C042
202105,18,0.0666255874180087,0.0470787379868467,1.4151948473347606,0.9444444444444444,0.291435996137569,1.063640727232329,0.0392522111042694,0.4023053704771933,18,18,18,C057,gap,wf2021,S004_C042_wf2021,C042
202106,21,0.0687892728661987,0.0468989613489341,1.4667547188177144,0.9047619047619048,0.4029295110760489,0.3913578010649449,0.0401613066068798,0.4363461704872302,21,21,21,C057,gap,wf2021,S004_C042_wf2021,C042
202107,22,0.059240338713374,0.0442788119716799,1.3378935900823905,0.9545454545454546,0.2485406038515923,0.4327385264138033,0.0432636602039191,0.3852792185796515,22,22,22,C057,gap,wf2021,S004_C042_wf2021,C042
202108,22,0.0706306815061245,0.0592166687692839,1.192749997155548,0.8181818181818182,0.1370050674019751,0.5343115523829597,0.0467829118202015,0.3553189192769818,22,22,22,C057,gap,wf2021,S004_C042_wf2021,C042
202109,20,0.0654922854708398,0.0669528918250522,0.9781845665751238,0.8,0.2117898924954717,0.208404180737482,0.0409620825412411,0.3774452571746051,20,20,20,C057,gap,wf2021,S004_C042_wf2021,C042
202110,16,0.0499966064695767,0.0385740171579619,1.2961213312276747,1.0,0.2554484964526055,-0.1820081165742297,0.0366985516914906,0.3856236260161651,16,16,16,C057,gap,wf2021,S004_C042_wf2021,C042
202111,22,0.0781154288494604,0.0483382315021749,1.6160175170236788,0.9090909090909092,0.2422725215494583,1.2555190917971353,0.0393250281548234,0.3921304195581747,22,22,22,C057,gap,wf2021,S004_C042_wf2021,C042
202112,23,0.0620117152702422,0.0512010715054655,1.2111409673061762,0.8695652173913043,0.0925968179540841,0.3966818982887453,0.0414037476136823,0.3401626072102174,23,23,23,C057,gap,wf2021,S004_C042_wf2021,C042
202201,19,0.1001670627648251,0.0740790482399862,1.3521645477993207,0.9473684210526316,0.3764792193658259,-0.8679113486021943,0.0346689583958485,0.4426099033969232,19,19,18,C057,gap,wf2022,S004_C042_wf2022,C042
202202,16,0.0858202548575398,0.0467234267244972,1.836771420118124,0.9375,0.2122846626247149,0.8267457874433213,0.0355957785577143,0.3873347671631161,16,16,16,C057,gap,wf2022,S004_C042_wf2022,C042
202203,23,0.0617681029986029,0.0467051158322754,1.3225125748626931,0.9130434782608696,0.2013601484193056,-0.4924807448144814,0.0353281779516224,0.3745168323397462,23,23,23,C057,gap,wf2022,S004_C042_wf2022,C042
202204,19,0.0860348824672542,0.1008923719419648,0.8527392191427816,0.8421052631578947,0.3181535291754983,-1.5514857007278595,0.0376985863220816,0.4185504358429267,19,19,19,C057,gap,wf2022,S004_C042_wf2022,C042
202205,19,0.1187717555971146,0.0479424626176262,2.477381200552843,1.0,0.3420313853302336,1.4616334836910143,0.043937522280372,0.4369368611538043,19,19,19,C057,gap,wf2022,S004_C042_wf2022,C042
202206,21,0.0908464592089949,0.0654612371205563,1.3877901366527496,0.9047619047619048,0.1724335190947893,0.930172959915449,0.0410191821136682,0.3757628847779343,21,21,21,C057,gap,wf2022,S004_C042_wf2022,C042
202207,21,0.0764814126533584,0.0646559982549168,1.1828974065456062,0.8571428571428571,0.0870841725225276,0.4277985637755373,0.0381354098603194,0.3452771938600057,21,21,21,C057,gap,wf2022,S004_C042_wf2022,C042
202208,23,0.0589058355457123,0.0887479382239461,0.6637431440612133,0.7391304347826086,0.2253074329970447,-0.2057936520910722,0.0322424246369962,0.3814818367262995,23,23,23,C057,gap,wf2022,S004_C042_wf2022,C042
202209,21,0.0544356712483064,0.0661341299693972,0.8231101138473567,0.7619047619047619,0.1045826071768531,-1.1451965508430144,0.0258573468423525,0.3453918465996727,21,21,21,C057,gap,wf2022,S004_C042_wf2022,C042
202210,16,0.1085809908271645,0.0777716871385226,1.3961506407050943,0.9375,0.3487871618764017,1.4177265955955474,0.0362624432193919,0.4371898119279688,16,16,16,C057,gap,wf2022,S004_C042_wf2022,C042
202211,22,0.0966775655922729,0.0836364908218043,1.1559256568792895,0.8181818181818182,0.2048194371206552,0.890541431744716,0.033169862882017,0.3901658985085006,22,22,22,C057,gap,wf2022,S004_C042_wf2022,C042
202212,22,0.0736669444343206,0.0672986083768095,1.0946280496894434,0.7727272727272727,0.2000759175278723,-0.109364887519056,0.0296799212448221,0.3805855766586433,22,22,22,C057,gap,wf2022,S004_C042_wf2022,C042
202301,16,0.0695506360248783,0.0527292177060423,1.319015131470619,0.9375,0.368431142740213,1.4139704154447206,0.0293823635887712,0.4295348881553839,16,16,15,C057,gap,wf2023,S004_C042_wf2023,C042
202302,20,0.1014808699847072,0.056777010733131,1.7873584514989296,0.95,0.1489413188327243,0.4419528885962177,0.0280940776809511,0.3768465203394149,20,20,20,C057,gap,wf2023,S004_C042_wf2023,C042
202303,23,0.0529033417285076,0.0637327431320441,0.8300810404300393,0.8260869565217391,-0.0326634939010968,-0.2185588976941666,0.027477652220319,0.3031189928549783,23,23,23,C057,gap,wf2023,S004_C042_wf2023,C042
202304,19,0.0443854886592545,0.0669252401328818,0.6632100022521551,0.8421052631578947,-0.0620969594986875,-0.5035092833786635,0.0318888092184826,0.2895584648485508,19,19,19,C057,gap,wf2023,S004_C042_wf2023,C042
202305,20,0.0625338188209465,0.0488577984208708,1.2799147903118293,0.9,0.3291923629770499,0.2010489373711107,0.0339732882327658,0.4135792499516638,20,20,20,C057,gap,wf2023,S004_C042_wf2023,C042
202306,20,0.039571227042297,0.0681245904722038,0.5808655401523909,0.8,0.202923254073618,0.5308726147213713,0.0372567343088329,0.3655284467463544,20,20,20,C057,gap,wf2023,S004_C042_wf2023,C042
202307,21,0.0695944543612671,0.0526509257864133,1.3218087492627937,0.8571428571428571,-0.1152476581452191,-0.0309844450911657,0.0274106870175978,0.2850402781956617,21,21,21,C057,gap,wf2023,S004_C042_wf2023,C042
202308,23,0.024718895683501,0.0927444390304529,0.2665269847110129,0.5652173913043478,0.107095732217922,-0.3137785122226067,0.0264263880154815,0.3340883615341325,23,23,23,C057,gap,wf2023,S004_C042_wf2023,C042
202309,20,0.0147908652605348,0.0493084435542644,0.2999661760618621,0.6,0.1706963629333292,0.0658508100076507,0.0249489694338746,0.3496405641540503,20,20,20,C057,gap,wf2023,S004_C042_wf2023,C042
202310,17,0.020247751383874,0.0614378226948552,0.3295649242721228,0.7058823529411765,-0.1291565408484482,-0.2052639370311967,0.0292613958424497,0.2605737195462802,17,17,17,C057,gap,wf2023,S004_C042_wf2023,C042
202311,22,0.0704200293289717,0.0641703893390596,1.0973913366317696,0.8181818181818182,0.1868735038194146,0.5781221255835498,0.0282387746737729,0.3757584304752812,22,22,22,C057,gap,wf2023,S004_C042_wf2023,C042
202312,21,0.0507445906097835,0.0453639029568565,1.1186116560130264,0.9047619047619048,-0.0055364309861502,-0.3164068749929811,0.0248026395817926,0.3111961150735305,21,21,21,C057,gap,wf2023,S004_C042_wf2023,C042
202101,20,0.0739793801656543,0.0818445335874693,0.9039012982655794,0.85,0.4506566729013492,-0.6018648494888814,0.075808781210451,0.4420461195735312,20,20,19,C058,gap,wf2021,S004_C043_wf2021,C043
202102,15,0.0825942512763442,0.0850675313483392,0.970925686536414,0.8,0.3550224889828787,1.12235458496327,0.0702208310283974,0.4184781978968821,15,15,15,C058,gap,wf2021,S004_C043_wf2021,C043
202103,23,0.0917288013316886,0.0553290611906772,1.6578774220579875,0.9565217391304348,0.4128919085041228,0.3781562719617332,0.0693072221599501,0.4397669264359272,23,23,23,C058,gap,wf2021,S004_C043_wf2021,C043
202104,21,0.0652386406612109,0.0380223845444612,1.7157956146838844,0.9047619047619048,0.1966050626630008,0.196316687334467,0.066811683839642,0.365033469911492,21,21,21,C058,gap,wf2021,S004_C043_wf2021,C043
202105,18,0.0679769477190154,0.0420652840795006,1.6159868929101613,0.9444444444444444,0.3617710971653697,1.1339758282601295,0.0710067242455587,0.4144200909635495,18,18,18,C058,gap,wf2021,S004_C043_wf2021,C043
202106,21,0.0719524808662784,0.0508051943677392,1.4162426059325857,0.9047619047619048,0.4468987087694091,0.4353269987583053,0.0726780476828703,0.441047190672473,21,21,21,C058,gap,wf2021,S004_C043_wf2021,C043
202107,22,0.0604616240380551,0.044428721250152,1.3608679776676724,0.9545454545454546,0.232227221184569,0.4164251437467801,0.073436429118479,0.371821887235049,22,22,22,C058,gap,wf2021,S004_C043_wf2021,C043
202108,22,0.06892280322193,0.0599998256351045,1.1487167252966974,0.7727272727272727,0.1059370968722269,0.5032435818532114,0.0741855951180418,0.3370945718150275,22,22,22,C058,gap,wf2021,S004_C043_wf2021,C043
202109,20,0.0681995549610889,0.0677774808611342,1.0062273500666006,0.75,0.2078328512419579,0.2044471394839681,0.0712003656252804,0.3682695676694388,20,20,20,C058,gap,wf2021,S004_C043_wf2021,C043
202110,16,0.0501155746609804,0.0437598296830684,1.1452415382770822,0.8125,0.1697674096916926,-0.2676892033351425,0.0679994557433938,0.3505766160488818,16,16,16,C058,gap,wf2021,S004_C043_wf2021,C043
202111,22,0.07962994002146,0.0489314557629394,1.627377292988115,0.9090909090909092,0.165327404881949,1.178573975129626,0.0689365910611073,0.3607692201548365,22,22,22,C058,gap,wf2021,S004_C043_wf2021,C043
202112,23,0.0679466603858199,0.0543170675569774,1.2509265216599812,0.8695652173913043,0.1867236033992721,0.4908086837339334,0.0709685272845828,0.3619051869887347,23,23,23,C058,gap,wf2021,S004_C043_wf2021,C043
202201,19,0.1004177768813765,0.0753545293716719,1.3326043931093363,0.9473684210526316,0.3302136850503762,-0.914176882917644,0.0637585981912675,0.4201036368102832,19,19,18,C058,gap,wf2022,S004_C043_wf2022,C043
202202,16,0.0860144064265454,0.0500117384729342,1.71988435221254,0.9375,0.2714130917690067,0.885874216587613,0.0649849786193996,0.3963341965155002,16,16,16,C058,gap,wf2022,S004_C043_wf2022,C043
202203,23,0.0582827002368256,0.0534897708095226,1.089604598314146,0.9130434782608696,0.111108491166406,-0.5827324020673812,0.0649937422924628,0.3371475047569132,23,23,23,C058,gap,wf2022,S004_C043_wf2022,C043
202204,19,0.0843565583977749,0.1088434528515991,0.7750264824177304,0.8421052631578947,0.271547925102667,-1.598091304800691,0.0691393134653801,0.394465206850296,19,19,19,C058,gap,wf2022,S004_C043_wf2022,C043
202205,19,0.1220076405885883,0.0496192039367978,2.4588794440151576,1.0,0.3969678342576436,1.516569932618424,0.0762601485036523,0.4450153619616327,19,19,19,C058,gap,wf2022,S004_C043_wf2022,C043
202206,21,0.0943554798282152,0.0663171865172522,1.422790754304224,0.9047619047619048,0.232357472675523,0.9900969134961826,0.0698716287915015,0.3864879450964925,21,21,21,C058,gap,wf2022,S004_C043_wf2022,C043
202207,21,0.0804730815041537,0.0672441991384718,1.1967289749178274,0.8571428571428571,0.1680787357309029,0.5087931269839127,0.0654869211345979,0.3629667769805529,21,21,21,C058,gap,wf2022,S004_C043_wf2022,C043
202208,23,0.0559730591266906,0.0855222787690911,0.6544851228510526,0.7391304347826086,0.1985277843847719,-0.2325733007033447,0.0646553816466962,0.3625509444720989,23,23,23,C058,gap,wf2022,S004_C043_wf2022,C043
202209,21,0.054874818828054,0.0687424842321547,0.7982664496489931,0.7619047619047619,0.0888076584656814,-1.160971499554186,0.0583983480554854,0.3310727206542804,21,21,21,C058,gap,wf2022,S004_C043_wf2022,C043
202210,16,0.114230591468351,0.0819027676236604,1.3947097855500503,0.9375,0.3936734637452978,1.462612897464444,0.0672952312878152,0.4436057063245852,16,16,16,C058,gap,wf2022,S004_C043_wf2022,C043
202211,22,0.1016147362966273,0.0863144435098049,1.1772622537395423,0.8181818181818182,0.3252055890072495,1.0109275836313103,0.0654538525592179,0.4185714154530604,22,22,22,C058,gap,wf2022,S004_C043_wf2022,C043
202212,22,0.0732249922387291,0.0699721676697513,1.0464874060259246,0.8181818181818182,0.1810839469556992,-0.1283568580912291,0.0602885319841369,0.3655286213869603,22,22,22,C058,gap,wf2022,S004_C043_wf2022,C043
202301,16,0.0707003006666974,0.0544940126652332,1.2973957543009809,0.9375,0.3583406606099316,1.4038799333144392,0.0582319627580339,0.4183127296222482,16,16,15,C058,gap,wf2023,S004_C043_wf2023,C043
202302,20,0.1037557350895144,0.056599669815603,1.8331508898822533,0.95,0.2182371679856321,0.5112487377491257,0.0577815878607122,0.3896389680732817,20,20,20,C058,gap,wf2023,S004_C043_wf2023,C043
202303,23,0.0587896430747929,0.0626353761826551,0.9386012611044698,0.8695652173913043,0.0582404293806569,-0.1276549744124127,0.0560014913352865,0.3241875386435283,23,23,23,C058,gap,wf2023,S004_C043_wf2023,C043
202304,19,0.0471353071469269,0.0669813294636271,0.7037081456038102,0.8421052631578947,0.0328423815916326,-0.4085699422883433,0.0617090720289907,0.3101941157275633,19,19,19,C058,gap,wf2023,S004_C043_wf2023,C043
202305,20,0.0616610378517436,0.0551405132657207,1.1182528815899957,0.9,0.3382080393924189,0.2100646137864797,0.0637645480352157,0.4069974625478584,20,20,20,C058,gap,wf2023,S004_C043_wf2023,C043
202306,20,0.0376212558501113,0.0695445258360751,0.5409664585073056,0.8,0.1859399010010548,0.5138892616488082,0.069058391320935,0.3501129552440805,20,20,20,C058,gap,wf2023,S004_C043_wf2023,C043
202307,21,0.0734792161628704,0.0501412283774034,1.4654450746560563,0.9047619047619048,-0.0830685914081648,0.0011946216458886,0.0573233061197754,0.287274117206766,21,21,21,C058,gap,wf2023,S004_C043_wf2023,C043
202308,23,0.0271341308754919,0.0914468774938958,0.2967201463746335,0.6086956521739131,0.0751053859800806,-0.3457688584604481,0.0555687317652101,0.3167146486146579,23,23,23,C058,gap,wf2023,S004_C043_wf2023,C043
202309,20,0.017510178458557,0.0509256348786109,0.3438381966232777,0.7,0.1586106013320365,0.0537650484063579,0.0549609680962991,0.3380989613541441,20,20,20,C058,gap,wf2023,S004_C043_wf2023,C043
202310,17,0.0222334336206623,0.0611159765411776,0.3637908592638177,0.7058823529411765,-0.1259906781526121,-0.2020980743353604,0.0610476401860161,0.2527818779466764,17,17,17,C058,gap,wf2023,S004_C043_wf2023,C043
202311,22,0.0756641108596696,0.067712401124563,1.1174335808957463,0.8636363636363636,0.2693105677137776,0.660559189477913,0.0599963140199874,0.3930599204520049,22,22,22,C058,gap,wf2023,S004_C043_wf2023,C043
202312,21,0.0536058263740328,0.0491677497984739,1.0902639757513708,0.9047619047619048,-0.0003576804237717,-0.3112281244306025,0.0569618706861398,0.3042464652166396,21,21,21,C058,gap,wf2023,S004_C043_wf2023,C043
202101,20,0.0752948648292751,0.0856674587690877,0.8789202564328253,0.85,0.6049044833658628,-0.4476170390243677,0.1227069874925717,0.4747771946936973,20,20,19,C059,gap,wf2021,S004_C044_wf2021,C044
202102,15,0.0851770892977939,0.0916436394001843,0.9294380914516868,0.8,0.3510044795583144,1.1183365755387056,0.1141200461754324,0.4051361657339821,15,15,15,C059,gap,wf2021,S004_C044_wf2021,C044
202103,23,0.0925027949229363,0.0583551536084775,1.5851692473224497,0.9565217391304348,0.3994047616499941,0.3646691251076046,0.1138416593342807,0.4226700486638886,23,23,23,C059,gap,wf2021,S004_C044_wf2021,C044
202104,21,0.0659257027745525,0.0430503092212935,1.531364210084334,0.9523809523809524,0.227887870174503,0.2275994948459692,0.1116854655454775,0.3612310024985286,21,21,21,C059,gap,wf2021,S004_C044_wf2021,C044
202105,18,0.0720409447571882,0.0455677588638058,1.5809630877942915,1.0,0.3406703932194194,1.1128751243141792,0.1196244276035335,0.3951301675876411,18,18,18,C059,gap,wf2021,S004_C044_wf2021,C044
202106,21,0.0733021273448193,0.0506283150534504,1.4478484474040108,0.9523809523809524,0.4546737389355704,0.4431020289244665,0.1162605118589241,0.4308448190609216,21,21,21,C059,gap,wf2021,S004_C044_wf2021,C044
202107,22,0.0657767954320774,0.044887531299769,1.465368968340118,0.9545454545454546,0.4052908111513768,0.5894887337135878,0.1204186727586014,0.4117723596906636,22,22,22,C059,gap,wf2021,S004_C044_wf2021,C044
202108,22,0.0718084753143522,0.0605729020509792,1.1854884425698635,0.8181818181818182,0.2128107865417437,0.6101172715227282,0.1210827810463593,0.3562417917743563,22,22,22,C059,gap,wf2021,S004_C044_wf2021,C044
202109,20,0.068427571886246,0.0689052903166521,0.9930670282613904,0.75,0.2453660656522666,0.2419803538942768,0.1191251149061937,0.3652433139783203,20,20,20,C059,gap,wf2021,S004_C044_wf2021,C044
202110,16,0.0494621249760155,0.0449627195173669,1.1000696912229844,0.875,0.1644434607272972,-0.273013152299538,0.1164024237215236,0.3341971610921382,16,16,16,C059,gap,wf2021,S004_C044_wf2021,C044
202111,22,0.0793703568324386,0.0519125411262976,1.5289245163194605,0.9090909090909092,0.1378684852010142,1.151115055448691,0.1149712180629703,0.3386173228743886,22,22,22,C059,gap,wf2021,S004_C044_wf2021,C044
202112,23,0.0681199018576869,0.0570632901443586,1.1937605014599983,0.8695652173913043,0.2487290979979251,0.5528141783325863,0.1153839113653514,0.3672515167328469,23,23,23,C059,gap,wf2021,S004_C044_wf2021,C044
202201,19,0.1011268885403957,0.0772228082707082,1.309546891714824,0.9473684210526316,0.3460920290131857,-0.8982985389548348,0.1097265171993441,0.4113604089603108,19,19,18,C059,gap,wf2022,S004_C044_wf2022,C044
202202,16,0.0873236322186695,0.051205743965575,1.7053483741467783,0.9375,0.3430461086483076,0.9575072334669138,0.1117007382476561,0.4043330640076632,16,16,16,C059,gap,wf2022,S004_C044_wf2022,C044
202203,23,0.0603634741240776,0.0574098948355017,1.051447216495324,0.9130434782608696,0.1586243162275579,-0.5352165770062293,0.1129490365047505,0.3378479735664733,23,23,23,C059,gap,wf2022,S004_C044_wf2022,C044
202204,19,0.0827253400830534,0.1140664310418535,0.7252382609630316,0.7894736842105263,0.2102141624770757,-1.6594250674262818,0.114629166043122,0.3617656349634074,19,19,19,C059,gap,wf2022,S004_C044_wf2022,C044
202205,19,0.1255367945467157,0.0536588262312614,2.3395367242226124,1.0,0.542934869211595,1.6625369675723751,0.1252261667218178,0.4755273285656194,19,19,19,C059,gap,wf2022,S004_C044_wf2022,C044
202206,21,0.0961547953559206,0.0693926389028443,1.3856627572637157,0.9047619047619048,0.3157524221599147,1.0734918629805743,0.1189805520657307,0.3974934791706234,21,21,21,C059,gap,wf2022,S004_C044_wf2022,C044
202207,21,0.0798874733621109,0.0709363888433647,1.126184665792774,0.8571428571428571,0.0894728756156102,0.4301872668686201,0.1105095814821809,0.3256439775848732,21,21,21,C059,gap,wf2022,S004_C044_wf2022,C044
202208,23,0.0569906896737582,0.0885385169395912,0.6436824519281505,0.782608695652174,0.2001866789359596,-0.2309144061521573,0.111036743019021,0.3495412566445848,23,23,23,C059,gap,wf2022,S004_C044_wf2022,C044
202209,21,0.0540054066629132,0.0712893747996673,0.7575519748163833,0.7619047619047619,0.0926009121159633,-1.1571782459039042,0.106924185815823,0.3173051805552074,21,21,21,C059,gap,wf2022,S004_C044_wf2022,C044
202210,16,0.1152991600057385,0.0890084414902637,1.295373316005658,0.9375,0.4789200806783911,1.547859514397537,0.1125737958715702,0.4560235494443416,16,16,16,C059,gap,wf2022,S004_C044_wf2022,C044
202211,22,0.1031311863399203,0.0860995933250735,1.1978126998874794,0.8181818181818182,0.3841638122998259,1.0698858069238868,0.1085031290245471,0.4239506795185517,22,22,22,C059,gap,wf2022,S004_C044_wf2022,C044
202212,22,0.075789634304125,0.0715419732789762,1.0593729922514878,0.8181818181818182,0.2861617474807564,-0.023279057566172,0.1071490769455951,0.3840196548821983,22,22,22,C059,gap,wf2022,S004_C044_wf2022,C044
202301,16,0.070727713014486,0.0570628181001312,1.2394710841370689,0.9375,0.265912695727453,1.3114519684319603,0.1061851925865405,0.3762093361480682,16,16,15,C059,gap,wf2023,S004_C044_wf2023,C044
202302,20,0.1088536858690157,0.0572277220783052,1.9021146031301075,0.95,0.2935948382641699,0.5866064080276634,0.1060351969723629,0.3998093667351483,20,20,20,C059,gap,wf2023,S004_C044_wf2023,C044
202303,23,0.0605230252686357,0.0644962110960481,0.9383966009802424,0.782608695652174,0.1002489204383212,-0.0856464833547485,0.1037407267672639,0.3231616682087715,23,23,23,C059,gap,wf2023,S004_C044_wf2023,C044
202304,19,0.050647473761629,0.0727188905574938,0.6964830372595631,0.7368421052631579,0.0758255310856465,-0.3655867927943295,0.1083866773334007,0.3104906456303253,19,19,19,C059,gap,wf2023,S004_C044_wf2023,C044
202305,20,0.0601062514596396,0.0571784670426555,1.051204318136054,0.8,0.252136301272948,0.1239928756670087,0.1124206728089338,0.3659571891230601,20,20,20,C059,gap,wf2023,S004_C044_wf2023,C044
202306,20,0.0386628844022862,0.0731557486033573,0.5285009741601079,0.8,0.1749783858794783,0.5029277465272315,0.1150567728476884,0.3334416376704514,20,20,20,C059,gap,wf2023,S004_C044_wf2023,C044
202307,21,0.0750622737874316,0.0532676041178344,1.4091543073982582,0.8571428571428571,-0.1023616438813888,-0.0180984308273354,0.1050899848319493,0.2677894209009711,21,21,21,C059,gap,wf2023,S004_C044_wf2023,C044
202308,23,0.0265706332770024,0.0934927409297559,0.2841999604757105,0.5652173913043478,0.0372557552381215,-0.3836184892024072,0.1071067852415512,0.2896729443097721,23,23,23,C059,gap,wf2023,S004_C044_wf2023,C044
202309,20,0.01773800172707,0.0546516088880964,0.3245650418707717,0.7,0.1284991067722625,0.023653553846584,0.1031801523935306,0.3146908870044476,20,20,20,C059,gap,wf2023,S004_C044_wf2023,C044
202310,17,0.0264854352573465,0.0628657616351165,0.4213014297205608,0.7058823529411765,0.0728035003973241,-0.0033038957854244,0.1123476465879939,0.2987309302457377,17,17,17,C059,gap,wf2023,S004_C044_wf2023,C044
202311,22,0.0779461184205459,0.0662748513927356,1.1761040090252035,0.9090909090909092,0.2658308237831746,0.65707944554731,0.1071691192396624,0.378776958731272,22,22,22,C059,gap,wf2023,S004_C044_wf2023,C044
202312,21,0.0550430423359076,0.0533450960388256,1.0318294730568318,0.8571428571428571,0.0224956722659614,-0.2883747717408694,0.1055047598290656,0.2971144906654317,21,21,21,C059,gap,wf2023,S004_C044_wf2023,C044
202101,20,0.0808706662391175,0.0896494805143153,0.902076239317461,0.8,0.8082352219563915,-0.2442863004338388,0.2089826082110788,0.5121240506192408,20,20,19,C060,gap,wf2021,S004_C045_wf2021,C045
202102,15,0.0900159051349682,0.0969242031672033,0.928724737408286,0.8,0.5107898622513731,1.278121958231764,0.2011490850616737,0.4288985952108971,15,15,15,C060,gap,wf2021,S004_C045_wf2021,C045
202103,23,0.0957394911436526,0.0550438075952069,1.7393326393356083,0.9565217391304348,0.3953126695975851,0.3605770330551955,0.1999618765852382,0.3969010343611651,23,23,23,C060,gap,wf2021,S004_C045_wf2021,C045
202104,21,0.0652160931632339,0.0442733766726845,1.473031832321715,0.9047619047619048,0.242042246477336,0.2417538711488023,0.19936625540483,0.3388892345870454,21,21,21,C060,gap,wf2021,S004_C045_wf2021,C045
202105,18,0.0715126275129872,0.0457758074261128,1.5622362888610184,1.0,0.4530624138076122,1.225267144902372,0.2058823531813229,0.4027590691930817,18,18,18,C060,gap,wf2021,S004_C045_wf2021,C045
202106,21,0.0738491411550403,0.0540912284308093,1.3652701796096995,0.9523809523809524,0.5914525124590173,0.5798808024479134,0.2078808977733294,0.4446111408677224,21,21,21,C060,gap,wf2021,S004_C045_wf2021,C045
202107,22,0.0697755866602617,0.0452661599850017,1.5414514216222637,0.9545454545454546,0.5280712209101371,0.7122691434723482,0.206575397959274,0.4243589815493636,22,22,22,C060,gap,wf2021,S004_C045_wf2021,C045
202108,22,0.0757954619058153,0.0602503895183268,1.2580078321777497,0.8636363636363636,0.2527364152515361,0.6500429002325206,0.2066251149431978,0.3441515748548276,22,22,22,C060,gap,wf2021,S004_C045_wf2021,C045
202109,20,0.0697627706055235,0.0762022020466271,0.9154954677403764,0.8,0.2579091135754284,0.2545234018174384,0.2047917321979168,0.3438403226554628,20,20,20,C060,gap,wf2021,S004_C045_wf2021,C045
202110,16,0.0484736285726547,0.0471485260078711,1.028104856651559,0.8125,0.1439706018590236,-0.2934860111678115,0.2038778094105018,0.3014172891636184,16,16,16,C060,gap,wf2021,S004_C045_wf2021,C045
202111,22,0.0780736778950603,0.0540657679208073,1.444050105963879,0.9090909090909092,0.1895566702639277,1.2028032405116047,0.2011247928326512,0.3277590343874071,22,22,22,C060,gap,wf2021,S004_C045_wf2021,C045
202112,23,0.0680995370731389,0.0623187193691719,1.0927621389284623,0.8695652173913043,0.2967107142327665,0.6007957945674276,0.2044760890610771,0.3549102023807624,23,23,23,C060,gap,wf2021,S004_C045_wf2021,C045
202201,19,0.1027116945624187,0.0799647037058203,1.284462891781374,0.9473684210526316,0.4052081374511801,-0.8391824305168405,0.1965848385188532,0.4036716675046655,19,19,18,C060,gap,wf2022,S004_C045_wf2022,C045
202202,16,0.0904623936061564,0.0568214674625816,1.5920460636770446,0.9375,0.4448128329040242,1.0592739577226304,0.199630566229125,0.4097396374449322,16,16,16,C060,gap,wf2022,S004_C045_wf2022,C045
202203,23,0.0591474129720623,0.0616947414189273,0.9587107687255252,0.9130434782608696,0.1086865281800006,-0.5851543650537865,0.1991799619073869,0.296510935070609,23,23,23,C060,gap,wf2022,S004_C045_wf2022,C045
202204,19,0.078389080411487,0.119734735069913,0.6546895549208485,0.7894736842105263,-0.0035908356617365,-1.8732300655650944,0.2000378653366537,0.2702670218650778,19,19,19,C060,gap,wf2022,S004_C045_wf2022,C045
202205,19,0.1257640735971137,0.0529887536191281,2.3734106769349386,1.0,0.4490060722981768,1.568608170658957,0.210508541117427,0.4218548887930704,19,19,19,C060,gap,wf2022,S004_C045_wf2022,C045
202206,21,0.0986224656424379,0.0697201094193262,1.41454834858736,0.9047619047619048,0.3528230440842554,1.1105624849049152,0.2062651576327626,0.383416352192423,21,21,21,C060,gap,wf2022,S004_C045_wf2022,C045
202207,21,0.0858692724789093,0.0713900479676126,1.202818528961704,0.8571428571428571,0.2763361692475053,0.6170505605005151,0.2002752838595318,0.3571659746079557,21,21,21,C060,gap,wf2022,S004_C045_wf2022,C045
202208,23,0.0578877095730443,0.088119062003789,0.6569260754336586,0.7391304347826086,0.2014332560422569,-0.2296678290458599,0.1980797771172808,0.3241611275067105,23,23,23,C060,gap,wf2022,S004_C045_wf2022,C045
202209,21,0.0541209727766453,0.0760363995413634,0.7117771633466645,0.7142857142857143,0.1195840118852779,-1.1301951461345896,0.1935182365115664,0.2994681217227716,21,21,21,C060,gap,wf2022,S004_C045_wf2022,C045
202210,16,0.1180022392291218,0.0915038040519036,1.28958834500681,0.9375,0.6214245441644514,1.690363977883597,0.1992382587755494,0.4738567813083193,16,16,16,C060,gap,wf2022,S004_C045_wf2022,C045
202211,22,0.1051198954727435,0.0945013818100651,1.1123635809264685,0.8181818181818182,0.4600840668222296,1.1458060614462904,0.1984723073827527,0.4205314860209405,22,22,22,C060,gap,wf2022,S004_C045_wf2022,C045
202212,22,0.0799156669829399,0.0777301557504113,1.028116645482433,0.8181818181818182,0.5480222760014435,0.2385814709545151,0.195969232324748,0.4375821798961846,22,22,22,C060,gap,wf2022,S004_C045_wf2022,C045
202301,16,0.0684238947312119,0.0584306384495979,1.17102767566427,0.9375,0.162611244494935,1.2081505171994429,0.1924823835484661,0.3184082161764254,16,16,15,C060,gap,wf2023,S004_C045_wf2023,C045
202302,20,0.1115489079398932,0.0535916483656602,2.0814606630269297,0.95,0.2737792740110308,0.5667908437745244,0.1887787673349048,0.3701197151787951,20,20,20,C060,gap,wf2023,S004_C045_wf2023,C045
202303,23,0.0611592501903511,0.0679288787301278,0.9003424071421606,0.782608695652174,0.1265282622182023,-0.0593671415748674,0.1898760810906997,0.3054593544143912,23,23,23,C060,gap,wf2023,S004_C045_wf2023,C045
202304,19,0.0490691640899065,0.074640076267453,0.6574104227075029,0.7894736842105263,0.0929253927854126,-0.3484869310945634,0.1949199163663032,0.2890293085616954,19,19,19,C060,gap,wf2023,S004_C045_wf2023,C045
202305,20,0.0615456395291446,0.0618744793982328,0.9946853715411202,0.8,0.2735377626997209,0.1453943370937818,0.1979957536432511,0.3472808585285987,20,20,20,C060,gap,wf2023,S004_C045_wf2023,C045
202306,20,0.0399394082574922,0.0764315315924662,0.522551457825673,0.8,0.1339660216038462,0.4619153822515995,0.202005330831622,0.2955639705346641,20,20,20,C060,gap,wf2023,S004_C045_wf2023,C045
202307,21,0.0786495820883389,0.0590662586789508,1.3315483974671791,0.8571428571428571,-0.0299407436677253,0.054322469386328,0.1937144939728567,0.2643632615431609,21,21,21,C060,gap,wf2023,S004_C045_wf2023,C045
202308,23,0.0259888954364116,0.0971981176228631,0.2673806455517047,0.5652173913043478,0.0938866728106897,-0.3269875716298388,0.1954001752630099,0.2799415074388686,23,23,23,C060,gap,wf2023,S004_C045_wf2023,C045
202309,20,0.0191778895633476,0.0557562890190734,0.3439592178881769,0.7,0.1699826876936362,0.0651371347679575,0.1908600499310273,0.3014079471541216,20,20,20,C060,gap,wf2023,S004_C045_wf2023,C045
202310,17,0.0273724116380623,0.064428972213246,0.4248463183219117,0.7058823529411765,0.0882376948192479,0.0121302986364994,0.1972887902339867,0.2782336360308033,17,17,17,C060,gap,wf2023,S004_C045_wf2023,C045
202311,22,0.0776662376384733,0.0669862918841234,1.1594347955970556,0.9090909090909092,0.2691872630110182,0.6604358847751536,0.1928813225535473,0.3539582771926306,22,22,22,C060,gap,wf2023,S004_C045_wf2023,C045
202312,21,0.0602099248173758,0.0547953318613264,1.098814858348744,0.9047619047619048,0.1341566655563539,-0.1767137784504767,0.1924574613154005,0.3065937311992363,21,21,21,C060,gap,wf2023,S004_C045_wf2023,C045
202101,20,0.0848023259345611,0.0938567450762258,0.9035293719773562,0.8,0.8844973700712098,-0.1680241523190206,0.3582313662254441,0.4918007315275541,20,20,19,C061,gap,wf2021,S004_C046_wf2021,C046
202102,15,0.0893618896835735,0.0870127712962115,1.0269973976505706,0.8,0.4981154490080567,1.2654475449884477,0.3515715025673154,0.3797079398056517,15,15,15,C061,gap,wf2021,S004_C046_wf2021,C046
202103,23,0.0998375733405172,0.0541959217672635,1.842160260125384,0.9565217391304348,0.5195718350631151,0.4848361985207254,0.3517106366804712,0.390293388851,23,23,23,C061,gap,wf2021,S004_C046_wf2021,C046
202104,21,0.0674138090735209,0.0494764280164372,1.362543978541143,0.9047619047619048,0.3275421983703623,0.3272538230418284,0.3489617739714872,0.3205396509490709,21,21,21,C061,gap,wf2021,S004_C046_wf2021,C046
202105,18,0.0738801857486271,0.0463688688310781,1.5933143855152636,1.0,0.490526369951573,1.262731101046333,0.3538725582169827,0.3705482178198279,18,18,18,C061,gap,wf2021,S004_C046_wf2021,C046
202106,21,0.0760058157627512,0.0569122979363079,1.3354901931356085,0.9523809523809524,0.5072213490920741,0.4956496390809704,0.3549767525204367,0.3760757052765916,21,21,21,C061,gap,wf2021,S004_C046_wf2021,C046
202107,22,0.0710694884650692,0.047976191129316,1.4813491190558878,0.9545454545454546,0.6384214890723111,0.822619411634522,0.3545126001255763,0.4136004620700482,22,22,22,C061,gap,wf2021,S004_C046_wf2021,C046
202108,22,0.0808191905275863,0.0632917439480244,1.2769310100533104,0.8636363636363636,0.2751316519104758,0.6724381368914601,0.3546949387197429,0.3084586901682544,22,22,22,C061,gap,wf2021,S004_C046_wf2021,C046
202109,20,0.074162664982319,0.0806747348404176,0.919279934777844,0.8,0.2724834536175221,0.2690977418595324,0.3535168707287923,0.3053550408595465,20,20,20,C061,gap,wf2021,S004_C046_wf2021,C046
202110,16,0.052539652734547,0.0481530237687286,1.091097684475364,0.875,0.3608068297322029,-0.0766497832946322,0.3524922109944381,0.3235102467151483,16,16,16,C061,gap,wf2021,S004_C046_wf2021,C046
202111,22,0.0823005671917399,0.0544317206350521,1.511996428397695,0.9090909090909092,0.2978506635395732,1.3110972337872502,0.3531121914822072,0.3163417684939057,22,22,22,C061,gap,wf2021,S004_C046_wf2021,C046
202112,23,0.0707927216164263,0.0628465406892159,1.1264378411296376,0.8695652173913043,0.3710779523977854,0.6751630327324466,0.3549782004993389,0.3331470142161045,23,23,23,C061,gap,wf2021,S004_C046_wf2021,C046
202201,19,0.1059070666942743,0.0828021639912862,1.2790374259472193,0.8947368421052632,0.5164079888560841,-0.7279825791119362,0.3475805915468818,0.3930110458704703,19,19,18,C061,gap,wf2022,S004_C046_wf2022,C046
202202,16,0.093193663868083,0.0586622856668186,1.5886469954033262,0.9375,0.6579110961447094,1.2723722209633157,0.3516926933859233,0.429142986374869,16,16,16,C061,gap,wf2022,S004_C046_wf2022,C046
202203,23,0.0594707527985235,0.0602699737047891,0.9867393188160276,0.8695652173913043,0.0982459259305833,-0.5955949673032036,0.3486398862713243,0.2486701130171871,23,23,23,C061,gap,wf2022,S004_C046_wf2022,C046
202204,19,0.0810902371393803,0.1171191133113983,0.6923740698392774,0.8421052631578947,0.0128637911924879,-1.8567754387108704,0.3496833979429543,0.2313902128306122,19,19,19,C061,gap,wf2022,S004_C046_wf2022,C046
202205,19,0.1249684333719427,0.0533558336892361,2.3421700071224576,1.0,0.442265190337259,1.5618672886980398,0.3582765430835762,0.375183967524882,19,19,19,C061,gap,wf2022,S004_C046_wf2022,C046
202206,21,0.0995836534422826,0.0719582059962855,1.3839096189727569,0.9523809523809524,0.3823837465458309,1.1401231873664903,0.3553221754408945,0.347951932708394,21,21,21,C061,gap,wf2022,S004_C046_wf2022,C046
202207,21,0.0900574322564429,0.0712428812081433,1.264090260377467,0.8571428571428571,0.4267043032032605,0.7674186944562701,0.3518282067693982,0.3584858018327359,21,21,21,C061,gap,wf2022,S004_C046_wf2022,C046
202208,23,0.0587471897327835,0.0932467342668373,0.6300187367921224,0.7391304347826086,0.2037651298939381,-0.2273359551941788,0.3472951323043317,0.2804398751699953,23,23,23,C061,gap,wf2022,S004_C046_wf2022,C046
202209,21,0.0573840226372515,0.0806648171098183,0.7113884924468131,0.7619047619047619,0.2021921653298166,-1.0475869926900512,0.3447712135804847,0.2801798945797001,21,21,21,C061,gap,wf2022,S004_C046_wf2022,C046
202210,16,0.1214614699071785,0.0924964768185894,1.3131469876998374,0.9375,0.7206774404167868,1.7896168741359328,0.3488417300583665,0.4601353010703975,16,16,16,C061,gap,wf2022,S004_C046_wf2022,C046
202211,22,0.1085404645721874,0.0967659030960686,1.1216808927461686,0.8181818181818182,0.5114283556560273,1.197150350280088,0.3491613461355836,0.3920962886850081,22,22,22,C061,gap,wf2022,S004_C046_wf2022,C046
202212,22,0.0828149128048108,0.0780733747969804,1.060731818243546,0.8181818181818182,0.7514572589574071,0.4420164539104788,0.3456003971256927,0.4548830236714387,22,22,22,C061,gap,wf2022,S004_C046_wf2022,C046
202301,16,0.0656742446396701,0.062129754081944,1.0570498082617743,0.8125,-0.006404321222026,1.0391349514824813,0.3428349761730104,0.221497908637357,16,16,15,C061,gap,wf2023,S004_C046_wf2023,C046
202302,20,0.1175445911830646,0.0544513532085361,2.158708356299172,0.95,0.3981432192750517,0.691154789038545,0.3398587207991789,0.3645031860159877,20,20,20,C061,gap,wf2023,S004_C046_wf2023,C046
202303,23,0.0622295288591788,0.071265169358907,0.8732109867834214,0.782608695652174,0.2287897184083898,0.0428943146153201,0.3399908605347544,0.2915314689057621,23,23,23,C061,gap,wf2023,S004_C046_wf2023,C046
202304,19,0.0497033995232107,0.0795518778856236,0.624792284535032,0.6842105263157895,0.0791843012356224,-0.3622280226443537,0.3445299659413536,0.2402776603975649,19,19,19,C061,gap,wf2023,S004_C046_wf2023,C046
202305,20,0.058518121149045,0.0645896160887495,0.9059989003284676,0.8,0.146396753775324,0.0182533281693848,0.3488497857905347,0.2626713388550548,20,20,20,C061,gap,wf2023,S004_C046_wf2023,C046
202306,20,0.0382604968159011,0.0770824083426385,0.4963583473654534,0.8,0.0047235676390893,0.3326729282868426,0.3492739557935013,0.2119390822800368,20,20,20,C061,gap,wf2023,S004_C046_wf2023,C046
202307,21,0.0846822871739593,0.0599188549417831,1.413282801486048,0.8571428571428571,0.0944268424651791,0.1786900555192325,0.3430197364383781,0.259295046677624,21,21,21,C061,gap,wf2023,S004_C046_wf2023,C046
202308,23,0.0267007840027685,0.1005373283279455,0.2655807991602137,0.5652173913043478,0.10485726764346,-0.3160169767970687,0.3443750546801259,0.2388249774901076,23,23,23,C061,gap,wf2023,S004_C046_wf2023,C046
202309,20,0.0165589615043292,0.0557065531728398,0.2972533851260189,0.65,0.1127447551224579,0.0078992021967793,0.3420100012351962,0.2378440107679101,20,20,20,C061,gap,wf2023,S004_C046_wf2023,C046
202310,17,0.0302533399358776,0.0676894864267945,0.4469429675551808,0.7647058823529411,0.0859159981764507,0.0098086019937022,0.3459887646224875,0.23407950604054,17,17,17,C061,gap,wf2023,S004_C046_wf2023,C046
202311,22,0.0793355261889537,0.0731445348873925,1.0846405177241525,0.8636363636363636,0.2525029401485174,0.6437515619126526,0.3408903286876728,0.3052179939138348,22,22,22,C061,gap,wf2023,S004_C046_wf2023,C046
202312,21,0.0628820277075327,0.0577029732093467,1.0897536852979202,0.9047619047619048,0.174005041732171,-0.1368654022746598,0.3433093578419253,0.2743615162500868,21,21,21,C061,gap,wf2023,S004_C046_wf2023,C046
202101,20,0.0731125866947969,0.0794585577617579,0.9201348319712988,0.8,0.3813909717587593,-0.6711305506314712,0.0481121329107738,0.4292286863323143,20,20,19,C062,gap,wf2021,S004_C042_wf2021,C042
202102,15,0.077817249178892,0.0783475237674774,0.9932317632633914,0.8,0.2458933758428914,1.0132254718232825,0.0431819969986291,0.3919403133248355,15,15,15,C062,gap,wf2021,S004_C042_wf2021,C042
202103,23,0.0892697637326007,0.0502895719328347,1.7751148061436446,0.9565217391304348,0.3218445161103244,0.2871088795679349,0.0394031213655647,0.4204403239164682,23,23,23,C062,gap,wf2021,S004_C042_wf2021,C042
202104,21,0.0637732956868162,0.0357402118554125,1.7843569575024325,0.9523809523809524,0.2285660655018355,0.2282776901733017,0.037762152923892,0.3827504920481095,21,21,21,C062,gap,wf2021,S004_C042_wf2021,C042
202105,18,0.0666255874180087,0.0470787379868467,1.4151948473347606,0.9444444444444444,0.291435996137569,1.063640727232329,0.0392522111042694,0.4023053704771933,18,18,18,C062,gap,wf2021,S004_C042_wf2021,C042
202106,21,0.0687892728661987,0.0468989613489341,1.4667547188177144,0.9047619047619048,0.4029295110760489,0.3913578010649449,0.0401613066068798,0.4363461704872302,21,21,21,C062,gap,wf2021,S004_C042_wf2021,C042
202107,22,0.059240338713374,0.0442788119716799,1.3378935900823905,0.9545454545454546,0.2485406038515923,0.4327385264138033,0.0432636602039191,0.3852792185796515,22,22,22,C062,gap,wf2021,S004_C042_wf2021,C042
202108,22,0.0706306815061245,0.0592166687692839,1.192749997155548,0.8181818181818182,0.1370050674019751,0.5343115523829597,0.0467829118202015,0.3553189192769818,22,22,22,C062,gap,wf2021,S004_C042_wf2021,C042
202109,20,0.0654922854708398,0.0669528918250522,0.9781845665751238,0.8,0.2117898924954717,0.208404180737482,0.0409620825412411,0.3774452571746051,20,20,20,C062,gap,wf2021,S004_C042_wf2021,C042
202110,16,0.0499966064695767,0.0385740171579619,1.2961213312276747,1.0,0.2554484964526055,-0.1820081165742297,0.0366985516914906,0.3856236260161651,16,16,16,C062,gap,wf2021,S004_C042_wf2021,C042
202111,22,0.0781154288494604,0.0483382315021749,1.6160175170236788,0.9090909090909092,0.2422725215494583,1.2555190917971353,0.0393250281548234,0.3921304195581747,22,22,22,C062,gap,wf2021,S004_C042_wf2021,C042
202112,23,0.0620117152702422,0.0512010715054655,1.2111409673061762,0.8695652173913043,0.0925968179540841,0.3966818982887453,0.0414037476136823,0.3401626072102174,23,23,23,C062,gap,wf2021,S004_C042_wf2021,C042
202201,19,0.1001670627648251,0.0740790482399862,1.3521645477993207,0.9473684210526316,0.3764792193658259,-0.8679113486021943,0.0346689583958485,0.4426099033969232,19,19,18,C062,gap,wf2022,S004_C042_wf2022,C042
202202,16,0.0858202548575398,0.0467234267244972,1.836771420118124,0.9375,0.2122846626247149,0.8267457874433213,0.0355957785577143,0.3873347671631161,16,16,16,C062,gap,wf2022,S004_C042_wf2022,C042
202203,23,0.0617681029986029,0.0467051158322754,1.3225125748626931,0.9130434782608696,0.2013601484193056,-0.4924807448144814,0.0353281779516224,0.3745168323397462,23,23,23,C062,gap,wf2022,S004_C042_wf2022,C042
202204,19,0.0860348824672542,0.1008923719419648,0.8527392191427816,0.8421052631578947,0.3181535291754983,-1.5514857007278595,0.0376985863220816,0.4185504358429267,19,19,19,C062,gap,wf2022,S004_C042_wf2022,C042
202205,19,0.1187717555971146,0.0479424626176262,2.477381200552843,1.0,0.3420313853302336,1.4616334836910143,0.043937522280372,0.4369368611538043,19,19,19,C062,gap,wf2022,S004_C042_wf2022,C042
202206,21,0.0908464592089949,0.0654612371205563,1.3877901366527496,0.9047619047619048,0.1724335190947893,0.930172959915449,0.0410191821136682,0.3757628847779343,21,21,21,C062,gap,wf2022,S004_C042_wf2022,C042
202207,21,0.0764814126533584,0.0646559982549168,1.1828974065456062,0.8571428571428571,0.0870841725225276,0.4277985637755373,0.0381354098603194,0.3452771938600057,21,21,21,C062,gap,wf2022,S004_C042_wf2022,C042
202208,23,0.0589058355457123,0.0887479382239461,0.6637431440612133,0.7391304347826086,0.2253074329970447,-0.2057936520910722,0.0322424246369962,0.3814818367262995,23,23,23,C062,gap,wf2022,S004_C042_wf2022,C042
202209,21,0.0544356712483064,0.0661341299693972,0.8231101138473567,0.7619047619047619,0.1045826071768531,-1.1451965508430144,0.0258573468423525,0.3453918465996727,21,21,21,C062,gap,wf2022,S004_C042_wf2022,C042
202210,16,0.1085809908271645,0.0777716871385226,1.3961506407050943,0.9375,0.3487871618764017,1.4177265955955474,0.0362624432193919,0.4371898119279688,16,16,16,C062,gap,wf2022,S004_C042_wf2022,C042
202211,22,0.0966775655922729,0.0836364908218043,1.1559256568792895,0.8181818181818182,0.2048194371206552,0.890541431744716,0.033169862882017,0.3901658985085006,22,22,22,C062,gap,wf2022,S004_C042_wf2022,C042
202212,22,0.0736669444343206,0.0672986083768095,1.0946280496894434,0.7727272727272727,0.2000759175278723,-0.109364887519056,0.0296799212448221,0.3805855766586433,22,22,22,C062,gap,wf2022,S004_C042_wf2022,C042
202301,16,0.0695506360248783,0.0527292177060423,1.319015131470619,0.9375,0.368431142740213,1.4139704154447206,0.0293823635887712,0.4295348881553839,16,16,15,C062,gap,wf2023,S004_C042_wf2023,C042
202302,20,0.1014808699847072,0.056777010733131,1.7873584514989296,0.95,0.1489413188327243,0.4419528885962177,0.0280940776809511,0.3768465203394149,20,20,20,C062,gap,wf2023,S004_C042_wf2023,C042
202303,23,0.0529033417285076,0.0637327431320441,0.8300810404300393,0.8260869565217391,-0.0326634939010968,-0.2185588976941666,0.027477652220319,0.3031189928549783,23,23,23,C062,gap,wf2023,S004_C042_wf2023,C042
202304,19,0.0443854886592545,0.0669252401328818,0.6632100022521551,0.8421052631578947,-0.0620969594986875,-0.5035092833786635,0.0318888092184826,0.2895584648485508,19,19,19,C062,gap,wf2023,S004_C042_wf2023,C042
202305,20,0.0625338188209465,0.0488577984208708,1.2799147903118293,0.9,0.3291923629770499,0.2010489373711107,0.0339732882327658,0.4135792499516638,20,20,20,C062,gap,wf2023,S004_C042_wf2023,C042
202306,20,0.039571227042297,0.0681245904722038,0.5808655401523909,0.8,0.202923254073618,0.5308726147213713,0.0372567343088329,0.3655284467463544,20,20,20,C062,gap,wf2023,S004_C042_wf2023,C042
202307,21,0.0695944543612671,0.0526509257864133,1.3218087492627937,0.8571428571428571,-0.1152476581452191,-0.0309844450911657,0.0274106870175978,0.2850402781956617,21,21,21,C062,gap,wf2023,S004_C042_wf2023,C042
202308,23,0.024718895683501,0.0927444390304529,0.2665269847110129,0.5652173913043478,0.107095732217922,-0.3137785122226067,0.0264263880154815,0.3340883615341325,23,23,23,C062,gap,wf2023,S004_C042_wf2023,C042
202309,20,0.0147908652605348,0.0493084435542644,0.2999661760618621,0.6,0.1706963629333292,0.0658508100076507,0.0249489694338746,0.3496405641540503,20,20,20,C062,gap,wf2023,S004_C042_wf2023,C042
202310,17,0.020247751383874,0.0614378226948552,0.3295649242721228,0.7058823529411765,-0.1291565408484482,-0.2052639370311967,0.0292613958424497,0.2605737195462802,17,17,17,C062,gap,wf2023,S004_C042_wf2023,C042
202311,22,0.0704200293289717,0.0641703893390596,1.0973913366317696,0.8181818181818182,0.1868735038194146,0.5781221255835498,0.0282387746737729,0.3757584304752812,22,22,22,C062,gap,wf2023,S004_C042_wf2023,C042
202312,21,0.0507445906097835,0.0453639029568565,1.1186116560130264,0.9047619047619048,-0.0055364309861502,-0.3164068749929811,0.0248026395817926,0.3111961150735305,21,21,21,C062,gap,wf2023,S004_C042_wf2023,C042
202101,20,0.0739793801656543,0.0818445335874693,0.9039012982655794,0.85,0.4506566729013492,-0.6018648494888814,0.075808781210451,0.4420461195735312,20,20,19,C063,gap,wf2021,S004_C043_wf2021,C043
202102,15,0.0825942512763442,0.0850675313483392,0.970925686536414,0.8,0.3550224889828787,1.12235458496327,0.0702208310283974,0.4184781978968821,15,15,15,C063,gap,wf2021,S004_C043_wf2021,C043
202103,23,0.0917288013316886,0.0553290611906772,1.6578774220579875,0.9565217391304348,0.4128919085041228,0.3781562719617332,0.0693072221599501,0.4397669264359272,23,23,23,C063,gap,wf2021,S004_C043_wf2021,C043
202104,21,0.0652386406612109,0.0380223845444612,1.7157956146838844,0.9047619047619048,0.1966050626630008,0.196316687334467,0.066811683839642,0.365033469911492,21,21,21,C063,gap,wf2021,S004_C043_wf2021,C043
202105,18,0.0679769477190154,0.0420652840795006,1.6159868929101613,0.9444444444444444,0.3617710971653697,1.1339758282601295,0.0710067242455587,0.4144200909635495,18,18,18,C063,gap,wf2021,S004_C043_wf2021,C043
202106,21,0.0719524808662784,0.0508051943677392,1.4162426059325857,0.9047619047619048,0.4468987087694091,0.4353269987583053,0.0726780476828703,0.441047190672473,21,21,21,C063,gap,wf2021,S004_C043_wf2021,C043
202107,22,0.0604616240380551,0.044428721250152,1.3608679776676724,0.9545454545454546,0.232227221184569,0.4164251437467801,0.073436429118479,0.371821887235049,22,22,22,C063,gap,wf2021,S004_C043_wf2021,C043
202108,22,0.06892280322193,0.0599998256351045,1.1487167252966974,0.7727272727272727,0.1059370968722269,0.5032435818532114,0.0741855951180418,0.3370945718150275,22,22,22,C063,gap,wf2021,S004_C043_wf2021,C043
202109,20,0.0681995549610889,0.0677774808611342,1.0062273500666006,0.75,0.2078328512419579,0.2044471394839681,0.0712003656252804,0.3682695676694388,20,20,20,C063,gap,wf2021,S004_C043_wf2021,C043
202110,16,0.0501155746609804,0.0437598296830684,1.1452415382770822,0.8125,0.1697674096916926,-0.2676892033351425,0.0679994557433938,0.3505766160488818,16,16,16,C063,gap,wf2021,S004_C043_wf2021,C043
202111,22,0.07962994002146,0.0489314557629394,1.627377292988115,0.9090909090909092,0.165327404881949,1.178573975129626,0.0689365910611073,0.3607692201548365,22,22,22,C063,gap,wf2021,S004_C043_wf2021,C043
202112,23,0.0679466603858199,0.0543170675569774,1.2509265216599812,0.8695652173913043,0.1867236033992721,0.4908086837339334,0.0709685272845828,0.3619051869887347,23,23,23,C063,gap,wf2021,S004_C043_wf2021,C043
202201,19,0.1004177768813765,0.0753545293716719,1.3326043931093363,0.9473684210526316,0.3302136850503762,-0.914176882917644,0.0637585981912675,0.4201036368102832,19,19,18,C063,gap,wf2022,S004_C043_wf2022,C043
202202,16,0.0860144064265454,0.0500117384729342,1.71988435221254,0.9375,0.2714130917690067,0.885874216587613,0.0649849786193996,0.3963341965155002,16,16,16,C063,gap,wf2022,S004_C043_wf2022,C043
202203,23,0.0582827002368256,0.0534897708095226,1.089604598314146,0.9130434782608696,0.111108491166406,-0.5827324020673812,0.0649937422924628,0.3371475047569132,23,23,23,C063,gap,wf2022,S004_C043_wf2022,C043
202204,19,0.0843565583977749,0.1088434528515991,0.7750264824177304,0.8421052631578947,0.271547925102667,-1.598091304800691,0.0691393134653801,0.394465206850296,19,19,19,C063,gap,wf2022,S004_C043_wf2022,C043
202205,19,0.1220076405885883,0.0496192039367978,2.4588794440151576,1.0,0.3969678342576436,1.516569932618424,0.0762601485036523,0.4450153619616327,19,19,19,C063,gap,wf2022,S004_C043_wf2022,C043
202206,21,0.0943554798282152,0.0663171865172522,1.422790754304224,0.9047619047619048,0.232357472675523,0.9900969134961826,0.0698716287915015,0.3864879450964925,21,21,21,C063,gap,wf2022,S004_C043_wf2022,C043
202207,21,0.0804730815041537,0.0672441991384718,1.1967289749178274,0.8571428571428571,0.1680787357309029,0.5087931269839127,0.0654869211345979,0.3629667769805529,21,21,21,C063,gap,wf2022,S004_C043_wf2022,C043
202208,23,0.0559730591266906,0.0855222787690911,0.6544851228510526,0.7391304347826086,0.1985277843847719,-0.2325733007033447,0.0646553816466962,0.3625509444720989,23,23,23,C063,gap,wf2022,S004_C043_wf2022,C043
202209,21,0.054874818828054,0.0687424842321547,0.7982664496489931,0.7619047619047619,0.0888076584656814,-1.160971499554186,0.0583983480554854,0.3310727206542804,21,21,21,C063,gap,wf2022,S004_C043_wf2022,C043
202210,16,0.114230591468351,0.0819027676236604,1.3947097855500503,0.9375,0.3936734637452978,1.462612897464444,0.0672952312878152,0.4436057063245852,16,16,16,C063,gap,wf2022,S004_C043_wf2022,C043
202211,22,0.1016147362966273,0.0863144435098049,1.1772622537395423,0.8181818181818182,0.3252055890072495,1.0109275836313103,0.0654538525592179,0.4185714154530604,22,22,22,C063,gap,wf2022,S004_C043_wf2022,C043
202212,22,0.0732249922387291,0.0699721676697513,1.0464874060259246,0.8181818181818182,0.1810839469556992,-0.1283568580912291,0.0602885319841369,0.3655286213869603,22,22,22,C063,gap,wf2022,S004_C043_wf2022,C043
202301,16,0.0707003006666974,0.0544940126652332,1.2973957543009809,0.9375,0.3583406606099316,1.4038799333144392,0.0582319627580339,0.4183127296222482,16,16,15,C063,gap,wf2023,S004_C043_wf2023,C043
202302,20,0.1037557350895144,0.056599669815603,1.8331508898822533,0.95,0.2182371679856321,0.5112487377491257,0.0577815878607122,0.3896389680732817,20,20,20,C063,gap,wf2023,S004_C043_wf2023,C043
202303,23,0.0587896430747929,0.0626353761826551,0.9386012611044698,0.8695652173913043,0.0582404293806569,-0.1276549744124127,0.0560014913352865,0.3241875386435283,23,23,23,C063,gap,wf2023,S004_C043_wf2023,C043
202304,19,0.0471353071469269,0.0669813294636271,0.7037081456038102,0.8421052631578947,0.0328423815916326,-0.4085699422883433,0.0617090720289907,0.3101941157275633,19,19,19,C063,gap,wf2023,S004_C043_wf2023,C043
202305,20,0.0616610378517436,0.0551405132657207,1.1182528815899957,0.9,0.3382080393924189,0.2100646137864797,0.0637645480352157,0.4069974625478584,20,20,20,C063,gap,wf2023,S004_C043_wf2023,C043
202306,20,0.0376212558501113,0.0695445258360751,0.5409664585073056,0.8,0.1859399010010548,0.5138892616488082,0.069058391320935,0.3501129552440805,20,20,20,C063,gap,wf2023,S004_C043_wf2023,C043
202307,21,0.0734792161628704,0.0501412283774034,1.4654450746560563,0.9047619047619048,-0.0830685914081648,0.0011946216458886,0.0573233061197754,0.287274117206766,21,21,21,C063,gap,wf2023,S004_C043_wf2023,C043
202308,23,0.0271341308754919,0.0914468774938958,0.2967201463746335,0.6086956521739131,0.0751053859800806,-0.3457688584604481,0.0555687317652101,0.3167146486146579,23,23,23,C063,gap,wf2023,S004_C043_wf2023,C043
202309,20,0.017510178458557,0.0509256348786109,0.3438381966232777,0.7,0.1586106013320365,0.0537650484063579,0.0549609680962991,0.3380989613541441,20,20,20,C063,gap,wf2023,S004_C043_wf2023,C043
202310,17,0.0222334336206623,0.0611159765411776,0.3637908592638177,0.7058823529411765,-0.1259906781526121,-0.2020980743353604,0.0610476401860161,0.2527818779466764,17,17,17,C063,gap,wf2023,S004_C043_wf2023,C043
202311,22,0.0756641108596696,0.067712401124563,1.1174335808957463,0.8636363636363636,0.2693105677137776,0.660559189477913,0.0599963140199874,0.3930599204520049,22,22,22,C063,gap,wf2023,S004_C043_wf2023,C043
202312,21,0.0536058263740328,0.0491677497984739,1.0902639757513708,0.9047619047619048,-0.0003576804237717,-0.3112281244306025,0.0569618706861398,0.3042464652166396,21,21,21,C063,gap,wf2023,S004_C043_wf2023,C043
202101,20,0.0752948648292751,0.0856674587690877,0.8789202564328253,0.85,0.6049044833658628,-0.4476170390243677,0.1227069874925717,0.4747771946936973,20,20,19,C064,gap,wf2021,S004_C044_wf2021,C044
202102,15,0.0851770892977939,0.0916436394001843,0.9294380914516868,0.8,0.3510044795583144,1.1183365755387056,0.1141200461754324,0.4051361657339821,15,15,15,C064,gap,wf2021,S004_C044_wf2021,C044
202103,23,0.0925027949229363,0.0583551536084775,1.5851692473224497,0.9565217391304348,0.3994047616499941,0.3646691251076046,0.1138416593342807,0.4226700486638886,23,23,23,C064,gap,wf2021,S004_C044_wf2021,C044
202104,21,0.0659257027745525,0.0430503092212935,1.531364210084334,0.9523809523809524,0.227887870174503,0.2275994948459692,0.1116854655454775,0.3612310024985286,21,21,21,C064,gap,wf2021,S004_C044_wf2021,C044
202105,18,0.0720409447571882,0.0455677588638058,1.5809630877942915,1.0,0.3406703932194194,1.1128751243141792,0.1196244276035335,0.3951301675876411,18,18,18,C064,gap,wf2021,S004_C044_wf2021,C044
202106,21,0.0733021273448193,0.0506283150534504,1.4478484474040108,0.9523809523809524,0.4546737389355704,0.4431020289244665,0.1162605118589241,0.4308448190609216,21,21,21,C064,gap,wf2021,S004_C044_wf2021,C044
202107,22,0.0657767954320774,0.044887531299769,1.465368968340118,0.9545454545454546,0.4052908111513768,0.5894887337135878,0.1204186727586014,0.4117723596906636,22,22,22,C064,gap,wf2021,S004_C044_wf2021,C044
202108,22,0.0718084753143522,0.0605729020509792,1.1854884425698635,0.8181818181818182,0.2128107865417437,0.6101172715227282,0.1210827810463593,0.3562417917743563,22,22,22,C064,gap,wf2021,S004_C044_wf2021,C044
202109,20,0.068427571886246,0.0689052903166521,0.9930670282613904,0.75,0.2453660656522666,0.2419803538942768,0.1191251149061937,0.3652433139783203,20,20,20,C064,gap,wf2021,S004_C044_wf2021,C044
202110,16,0.0494621249760155,0.0449627195173669,1.1000696912229844,0.875,0.1644434607272972,-0.273013152299538,0.1164024237215236,0.3341971610921382,16,16,16,C064,gap,wf2021,S004_C044_wf2021,C044
202111,22,0.0793703568324386,0.0519125411262976,1.5289245163194605,0.9090909090909092,0.1378684852010142,1.151115055448691,0.1149712180629703,0.3386173228743886,22,22,22,C064,gap,wf2021,S004_C044_wf2021,C044
202112,23,0.0681199018576869,0.0570632901443586,1.1937605014599983,0.8695652173913043,0.2487290979979251,0.5528141783325863,0.1153839113653514,0.3672515167328469,23,23,23,C064,gap,wf2021,S004_C044_wf2021,C044
202201,19,0.1011268885403957,0.0772228082707082,1.309546891714824,0.9473684210526316,0.3460920290131857,-0.8982985389548348,0.1097265171993441,0.4113604089603108,19,19,18,C064,gap,wf2022,S004_C044_wf2022,C044
202202,16,0.0873236322186695,0.051205743965575,1.7053483741467783,0.9375,0.3430461086483076,0.9575072334669138,0.1117007382476561,0.4043330640076632,16,16,16,C064,gap,wf2022,S004_C044_wf2022,C044
202203,23,0.0603634741240776,0.0574098948355017,1.051447216495324,0.9130434782608696,0.1586243162275579,-0.5352165770062293,0.1129490365047505,0.3378479735664733,23,23,23,C064,gap,wf2022,S004_C044_wf2022,C044
202204,19,0.0827253400830534,0.1140664310418535,0.7252382609630316,0.7894736842105263,0.2102141624770757,-1.6594250674262818,0.114629166043122,0.3617656349634074,19,19,19,C064,gap,wf2022,S004_C044_wf2022,C044
202205,19,0.1255367945467157,0.0536588262312614,2.3395367242226124,1.0,0.542934869211595,1.6625369675723751,0.1252261667218178,0.4755273285656194,19,19,19,C064,gap,wf2022,S004_C044_wf2022,C044
202206,21,0.0961547953559206,0.0693926389028443,1.3856627572637157,0.9047619047619048,0.3157524221599147,1.0734918629805743,0.1189805520657307,0.3974934791706234,21,21,21,C064,gap,wf2022,S004_C044_wf2022,C044
202207,21,0.0798874733621109,0.0709363888433647,1.126184665792774,0.8571428571428571,0.0894728756156102,0.4301872668686201,0.1105095814821809,0.3256439775848732,21,21,21,C064,gap,wf2022,S004_C044_wf2022,C044
202208,23,0.0569906896737582,0.0885385169395912,0.6436824519281505,0.782608695652174,0.2001866789359596,-0.2309144061521573,0.111036743019021,0.3495412566445848,23,23,23,C064,gap,wf2022,S004_C044_wf2022,C044
202209,21,0.0540054066629132,0.0712893747996673,0.7575519748163833,0.7619047619047619,0.0926009121159633,-1.1571782459039042,0.106924185815823,0.3173051805552074,21,21,21,C064,gap,wf2022,S004_C044_wf2022,C044
202210,16,0.1152991600057385,0.0890084414902637,1.295373316005658,0.9375,0.4789200806783911,1.547859514397537,0.1125737958715702,0.4560235494443416,16,16,16,C064,gap,wf2022,S004_C044_wf2022,C044
202211,22,0.1031311863399203,0.0860995933250735,1.1978126998874794,0.8181818181818182,0.3841638122998259,1.0698858069238868,0.1085031290245471,0.4239506795185517,22,22,22,C064,gap,wf2022,S004_C044_wf2022,C044
202212,22,0.075789634304125,0.0715419732789762,1.0593729922514878,0.8181818181818182,0.2861617474807564,-0.023279057566172,0.1071490769455951,0.3840196548821983,22,22,22,C064,gap,wf2022,S004_C044_wf2022,C044
202301,16,0.070727713014486,0.0570628181001312,1.2394710841370689,0.9375,0.265912695727453,1.3114519684319603,0.1061851925865405,0.3762093361480682,16,16,15,C064,gap,wf2023,S004_C044_wf2023,C044
202302,20,0.1088536858690157,0.0572277220783052,1.9021146031301075,0.95,0.2935948382641699,0.5866064080276634,0.1060351969723629,0.3998093667351483,20,20,20,C064,gap,wf2023,S004_C044_wf2023,C044
202303,23,0.0605230252686357,0.0644962110960481,0.9383966009802424,0.782608695652174,0.1002489204383212,-0.0856464833547485,0.1037407267672639,0.3231616682087715,23,23,23,C064,gap,wf2023,S004_C044_wf2023,C044
202304,19,0.050647473761629,0.0727188905574938,0.6964830372595631,0.7368421052631579,0.0758255310856465,-0.3655867927943295,0.1083866773334007,0.3104906456303253,19,19,19,C064,gap,wf2023,S004_C044_wf2023,C044
202305,20,0.0601062514596396,0.0571784670426555,1.051204318136054,0.8,0.252136301272948,0.1239928756670087,0.1124206728089338,0.3659571891230601,20,20,20,C064,gap,wf2023,S004_C044_wf2023,C044
202306,20,0.0386628844022862,0.0731557486033573,0.5285009741601079,0.8,0.1749783858794783,0.5029277465272315,0.1150567728476884,0.3334416376704514,20,20,20,C064,gap,wf2023,S004_C044_wf2023,C044
202307,21,0.0750622737874316,0.0532676041178344,1.4091543073982582,0.8571428571428571,-0.1023616438813888,-0.0180984308273354,0.1050899848319493,0.2677894209009711,21,21,21,C064,gap,wf2023,S004_C044_wf2023,C044
202308,23,0.0265706332770024,0.0934927409297559,0.2841999604757105,0.5652173913043478,0.0372557552381215,-0.3836184892024072,0.1071067852415512,0.2896729443097721,23,23,23,C064,gap,wf2023,S004_C044_wf2023,C044
202309,20,0.01773800172707,0.0546516088880964,0.3245650418707717,0.7,0.1284991067722625,0.023653553846584,0.1031801523935306,0.3146908870044476,20,20,20,C064,gap,wf2023,S004_C044_wf2023,C044
202310,17,0.0264854352573465,0.0628657616351165,0.4213014297205608,0.7058823529411765,0.0728035003973241,-0.0033038957854244,0.1123476465879939,0.2987309302457377,17,17,17,C064,gap,wf2023,S004_C044_wf2023,C044
202311,22,0.0779461184205459,0.0662748513927356,1.1761040090252035,0.9090909090909092,0.2658308237831746,0.65707944554731,0.1071691192396624,0.378776958731272,22,22,22,C064,gap,wf2023,S004_C044_wf2023,C044
202312,21,0.0550430423359076,0.0533450960388256,1.0318294730568318,0.8571428571428571,0.0224956722659614,-0.2883747717408694,0.1055047598290656,0.2971144906654317,21,21,21,C064,gap,wf2023,S004_C044_wf2023,C044
202101,20,0.0808706662391175,0.0896494805143153,0.902076239317461,0.8,0.8082352219563915,-0.2442863004338388,0.2089826082110788,0.5121240506192408,20,20,19,C065,gap,wf2021,S004_C045_wf2021,C045
202102,15,0.0900159051349682,0.0969242031672033,0.928724737408286,0.8,0.5107898622513731,1.278121958231764,0.2011490850616737,0.4288985952108971,15,15,15,C065,gap,wf2021,S004_C045_wf2021,C045
202103,23,0.0957394911436526,0.0550438075952069,1.7393326393356083,0.9565217391304348,0.3953126695975851,0.3605770330551955,0.1999618765852382,0.3969010343611651,23,23,23,C065,gap,wf2021,S004_C045_wf2021,C045
202104,21,0.0652160931632339,0.0442733766726845,1.473031832321715,0.9047619047619048,0.242042246477336,0.2417538711488023,0.19936625540483,0.3388892345870454,21,21,21,C065,gap,wf2021,S004_C045_wf2021,C045
202105,18,0.0715126275129872,0.0457758074261128,1.5622362888610184,1.0,0.4530624138076122,1.225267144902372,0.2058823531813229,0.4027590691930817,18,18,18,C065,gap,wf2021,S004_C045_wf2021,C045
202106,21,0.0738491411550403,0.0540912284308093,1.3652701796096995,0.9523809523809524,0.5914525124590173,0.5798808024479134,0.2078808977733294,0.4446111408677224,21,21,21,C065,gap,wf2021,S004_C045_wf2021,C045
202107,22,0.0697755866602617,0.0452661599850017,1.5414514216222637,0.9545454545454546,0.5280712209101371,0.7122691434723482,0.206575397959274,0.4243589815493636,22,22,22,C065,gap,wf2021,S004_C045_wf2021,C045
202108,22,0.0757954619058153,0.0602503895183268,1.2580078321777497,0.8636363636363636,0.2527364152515361,0.6500429002325206,0.2066251149431978,0.3441515748548276,22,22,22,C065,gap,wf2021,S004_C045_wf2021,C045
202109,20,0.0697627706055235,0.0762022020466271,0.9154954677403764,0.8,0.2579091135754284,0.2545234018174384,0.2047917321979168,0.3438403226554628,20,20,20,C065,gap,wf2021,S004_C045_wf2021,C045
202110,16,0.0484736285726547,0.0471485260078711,1.028104856651559,0.8125,0.1439706018590236,-0.2934860111678115,0.2038778094105018,0.3014172891636184,16,16,16,C065,gap,wf2021,S004_C045_wf2021,C045
202111,22,0.0780736778950603,0.0540657679208073,1.444050105963879,0.9090909090909092,0.1895566702639277,1.2028032405116047,0.2011247928326512,0.3277590343874071,22,22,22,C065,gap,wf2021,S004_C045_wf2021,C045
202112,23,0.0680995370731389,0.0623187193691719,1.0927621389284623,0.8695652173913043,0.2967107142327665,0.6007957945674276,0.2044760890610771,0.3549102023807624,23,23,23,C065,gap,wf2021,S004_C045_wf2021,C045
202201,19,0.1027116945624187,0.0799647037058203,1.284462891781374,0.9473684210526316,0.4052081374511801,-0.8391824305168405,0.1965848385188532,0.4036716675046655,19,19,18,C065,gap,wf2022,S004_C045_wf2022,C045
202202,16,0.0904623936061564,0.0568214674625816,1.5920460636770446,0.9375,0.4448128329040242,1.0592739577226304,0.199630566229125,0.4097396374449322,16,16,16,C065,gap,wf2022,S004_C045_wf2022,C045
202203,23,0.0591474129720623,0.0616947414189273,0.9587107687255252,0.9130434782608696,0.1086865281800006,-0.5851543650537865,0.1991799619073869,0.296510935070609,23,23,23,C065,gap,wf2022,S004_C045_wf2022,C045
202204,19,0.078389080411487,0.119734735069913,0.6546895549208485,0.7894736842105263,-0.0035908356617365,-1.8732300655650944,0.2000378653366537,0.2702670218650778,19,19,19,C065,gap,wf2022,S004_C045_wf2022,C045
202205,19,0.1257640735971137,0.0529887536191281,2.3734106769349386,1.0,0.4490060722981768,1.568608170658957,0.210508541117427,0.4218548887930704,19,19,19,C065,gap,wf2022,S004_C045_wf2022,C045
202206,21,0.0986224656424379,0.0697201094193262,1.41454834858736,0.9047619047619048,0.3528230440842554,1.1105624849049152,0.2062651576327626,0.383416352192423,21,21,21,C065,gap,wf2022,S004_C045_wf2022,C045
202207,21,0.0858692724789093,0.0713900479676126,1.202818528961704,0.8571428571428571,0.2763361692475053,0.6170505605005151,0.2002752838595318,0.3571659746079557,21,21,21,C065,gap,wf2022,S004_C045_wf2022,C045
202208,23,0.0578877095730443,0.088119062003789,0.6569260754336586,0.7391304347826086,0.2014332560422569,-0.2296678290458599,0.1980797771172808,0.3241611275067105,23,23,23,C065,gap,wf2022,S004_C045_wf2022,C045
202209,21,0.0541209727766453,0.0760363995413634,0.7117771633466645,0.7142857142857143,0.1195840118852779,-1.1301951461345896,0.1935182365115664,0.2994681217227716,21,21,21,C065,gap,wf2022,S004_C045_wf2022,C045
202210,16,0.1180022392291218,0.0915038040519036,1.28958834500681,0.9375,0.6214245441644514,1.690363977883597,0.1992382587755494,0.4738567813083193,16,16,16,C065,gap,wf2022,S004_C045_wf2022,C045
202211,22,0.1051198954727435,0.0945013818100651,1.1123635809264685,0.8181818181818182,0.4600840668222296,1.1458060614462904,0.1984723073827527,0.4205314860209405,22,22,22,C065,gap,wf2022,S004_C045_wf2022,C045
202212,22,0.0799156669829399,0.0777301557504113,1.028116645482433,0.8181818181818182,0.5480222760014435,0.2385814709545151,0.195969232324748,0.4375821798961846,22,22,22,C065,gap,wf2022,S004_C045_wf2022,C045
202301,16,0.0684238947312119,0.0584306384495979,1.17102767566427,0.9375,0.162611244494935,1.2081505171994429,0.1924823835484661,0.3184082161764254,16,16,15,C065,gap,wf2023,S004_C045_wf2023,C045
202302,20,0.1115489079398932,0.0535916483656602,2.0814606630269297,0.95,0.2737792740110308,0.5667908437745244,0.1887787673349048,0.3701197151787951,20,20,20,C065,gap,wf2023,S004_C045_wf2023,C045
202303,23,0.0611592501903511,0.0679288787301278,0.9003424071421606,0.782608695652174,0.1265282622182023,-0.0593671415748674,0.1898760810906997,0.3054593544143912,23,23,23,C065,gap,wf2023,S004_C045_wf2023,C045
202304,19,0.0490691640899065,0.074640076267453,0.6574104227075029,0.7894736842105263,0.0929253927854126,-0.3484869310945634,0.1949199163663032,0.2890293085616954,19,19,19,C065,gap,wf2023,S004_C045_wf2023,C045
202305,20,0.0615456395291446,0.0618744793982328,0.9946853715411202,0.8,0.2735377626997209,0.1453943370937818,0.1979957536432511,0.3472808585285987,20,20,20,C065,gap,wf2023,S004_C045_wf2023,C045
202306,20,0.0399394082574922,0.0764315315924662,0.522551457825673,0.8,0.1339660216038462,0.4619153822515995,0.202005330831622,0.2955639705346641,20,20,20,C065,gap,wf2023,S004_C045_wf2023,C045
202307,21,0.0786495820883389,0.0590662586789508,1.3315483974671791,0.8571428571428571,-0.0299407436677253,0.054322469386328,0.1937144939728567,0.2643632615431609,21,21,21,C065,gap,wf2023,S004_C045_wf2023,C045
202308,23,0.0259888954364116,0.0971981176228631,0.2673806455517047,0.5652173913043478,0.0938866728106897,-0.3269875716298388,0.1954001752630099,0.2799415074388686,23,23,23,C065,gap,wf2023,S004_C045_wf2023,C045
202309,20,0.0191778895633476,0.0557562890190734,0.3439592178881769,0.7,0.1699826876936362,0.0651371347679575,0.1908600499310273,0.3014079471541216,20,20,20,C065,gap,wf2023,S004_C045_wf2023,C045
202310,17,0.0273724116380623,0.064428972213246,0.4248463183219117,0.7058823529411765,0.0882376948192479,0.0121302986364994,0.1972887902339867,0.2782336360308033,17,17,17,C065,gap,wf2023,S004_C045_wf2023,C045
202311,22,0.0776662376384733,0.0669862918841234,1.1594347955970556,0.9090909090909092,0.2691872630110182,0.6604358847751536,0.1928813225535473,0.3539582771926306,22,22,22,C065,gap,wf2023,S004_C045_wf2023,C045
202312,21,0.0602099248173758,0.0547953318613264,1.098814858348744,0.9047619047619048,0.1341566655563539,-0.1767137784504767,0.1924574613154005,0.3065937311992363,21,21,21,C065,gap,wf2023,S004_C045_wf2023,C045
202101,20,0.0848023259345611,0.0938567450762258,0.9035293719773562,0.8,0.8844973700712098,-0.1680241523190206,0.3582313662254441,0.4918007315275541,20,20,19,C066,gap,wf2021,S004_C046_wf2021,C046
202102,15,0.0893618896835735,0.0870127712962115,1.0269973976505706,0.8,0.4981154490080567,1.2654475449884477,0.3515715025673154,0.3797079398056517,15,15,15,C066,gap,wf2021,S004_C046_wf2021,C046
202103,23,0.0998375733405172,0.0541959217672635,1.842160260125384,0.9565217391304348,0.5195718350631151,0.4848361985207254,0.3517106366804712,0.390293388851,23,23,23,C066,gap,wf2021,S004_C046_wf2021,C046
202104,21,0.0674138090735209,0.0494764280164372,1.362543978541143,0.9047619047619048,0.3275421983703623,0.3272538230418284,0.3489617739714872,0.3205396509490709,21,21,21,C066,gap,wf2021,S004_C046_wf2021,C046
202105,18,0.0738801857486271,0.0463688688310781,1.5933143855152636,1.0,0.490526369951573,1.262731101046333,0.3538725582169827,0.3705482178198279,18,18,18,C066,gap,wf2021,S004_C046_wf2021,C046
202106,21,0.0760058157627512,0.0569122979363079,1.3354901931356085,0.9523809523809524,0.5072213490920741,0.4956496390809704,0.3549767525204367,0.3760757052765916,21,21,21,C066,gap,wf2021,S004_C046_wf2021,C046
202107,22,0.0710694884650692,0.047976191129316,1.4813491190558878,0.9545454545454546,0.6384214890723111,0.822619411634522,0.3545126001255763,0.4136004620700482,22,22,22,C066,gap,wf2021,S004_C046_wf2021,C046
202108,22,0.0808191905275863,0.0632917439480244,1.2769310100533104,0.8636363636363636,0.2751316519104758,0.6724381368914601,0.3546949387197429,0.3084586901682544,22,22,22,C066,gap,wf2021,S004_C046_wf2021,C046
202109,20,0.074162664982319,0.0806747348404176,0.919279934777844,0.8,0.2724834536175221,0.2690977418595324,0.3535168707287923,0.3053550408595465,20,20,20,C066,gap,wf2021,S004_C046_wf2021,C046
202110,16,0.052539652734547,0.0481530237687286,1.091097684475364,0.875,0.3608068297322029,-0.0766497832946322,0.3524922109944381,0.3235102467151483,16,16,16,C066,gap,wf2021,S004_C046_wf2021,C046
202111,22,0.0823005671917399,0.0544317206350521,1.511996428397695,0.9090909090909092,0.2978506635395732,1.3110972337872502,0.3531121914822072,0.3163417684939057,22,22,22,C066,gap,wf2021,S004_C046_wf2021,C046
202112,23,0.0707927216164263,0.0628465406892159,1.1264378411296376,0.8695652173913043,0.3710779523977854,0.6751630327324466,0.3549782004993389,0.3331470142161045,23,23,23,C066,gap,wf2021,S004_C046_wf2021,C046
202201,19,0.1059070666942743,0.0828021639912862,1.2790374259472193,0.8947368421052632,0.5164079888560841,-0.7279825791119362,0.3475805915468818,0.3930110458704703,19,19,18,C066,gap,wf2022,S004_C046_wf2022,C046
202202,16,0.093193663868083,0.0586622856668186,1.5886469954033262,0.9375,0.6579110961447094,1.2723722209633157,0.3516926933859233,0.429142986374869,16,16,16,C066,gap,wf2022,S004_C046_wf2022,C046
202203,23,0.0594707527985235,0.0602699737047891,0.9867393188160276,0.8695652173913043,0.0982459259305833,-0.5955949673032036,0.3486398862713243,0.2486701130171871,23,23,23,C066,gap,wf2022,S004_C046_wf2022,C046
202204,19,0.0810902371393803,0.1171191133113983,0.6923740698392774,0.8421052631578947,0.0128637911924879,-1.8567754387108704,0.3496833979429543,0.2313902128306122,19,19,19,C066,gap,wf2022,S004_C046_wf2022,C046
202205,19,0.1249684333719427,0.0533558336892361,2.3421700071224576,1.0,0.442265190337259,1.5618672886980398,0.3582765430835762,0.375183967524882,19,19,19,C066,gap,wf2022,S004_C046_wf2022,C046
202206,21,0.0995836534422826,0.0719582059962855,1.3839096189727569,0.9523809523809524,0.3823837465458309,1.1401231873664903,0.3553221754408945,0.347951932708394,21,21,21,C066,gap,wf2022,S004_C046_wf2022,C046
202207,21,0.0900574322564429,0.0712428812081433,1.264090260377467,0.8571428571428571,0.4267043032032605,0.7674186944562701,0.3518282067693982,0.3584858018327359,21,21,21,C066,gap,wf2022,S004_C046_wf2022,C046
202208,23,0.0587471897327835,0.0932467342668373,0.6300187367921224,0.7391304347826086,0.2037651298939381,-0.2273359551941788,0.3472951323043317,0.2804398751699953,23,23,23,C066,gap,wf2022,S004_C046_wf2022,C046
202209,21,0.0573840226372515,0.0806648171098183,0.7113884924468131,0.7619047619047619,0.2021921653298166,-1.0475869926900512,0.3447712135804847,0.2801798945797001,21,21,21,C066,gap,wf2022,S004_C046_wf2022,C046
202210,16,0.1214614699071785,0.0924964768185894,1.3131469876998374,0.9375,0.7206774404167868,1.7896168741359328,0.3488417300583665,0.4601353010703975,16,16,16,C066,gap,wf2022,S004_C046_wf2022,C046
202211,22,0.1085404645721874,0.0967659030960686,1.1216808927461686,0.8181818181818182,0.5114283556560273,1.197150350280088,0.3491613461355836,0.3920962886850081,22,22,22,C066,gap,wf2022,S004_C046_wf2022,C046
202212,22,0.0828149128048108,0.0780733747969804,1.060731818243546,0.8181818181818182,0.7514572589574071,0.4420164539104788,0.3456003971256927,0.4548830236714387,22,22,22,C066,gap,wf2022,S004_C046_wf2022,C046
202301,16,0.0656742446396701,0.062129754081944,1.0570498082617743,0.8125,-0.006404321222026,1.0391349514824813,0.3428349761730104,0.221497908637357,16,16,15,C066,gap,wf2023,S004_C046_wf2023,C046
202302,20,0.1175445911830646,0.0544513532085361,2.158708356299172,0.95,0.3981432192750517,0.691154789038545,0.3398587207991789,0.3645031860159877,20,20,20,C066,gap,wf2023,S004_C046_wf2023,C046
202303,23,0.0622295288591788,0.071265169358907,0.8732109867834214,0.782608695652174,0.2287897184083898,0.0428943146153201,0.3399908605347544,0.2915314689057621,23,23,23,C066,gap,wf2023,S004_C046_wf2023,C046
202304,19,0.0497033995232107,0.0795518778856236,0.624792284535032,0.6842105263157895,0.0791843012356224,-0.3622280226443537,0.3445299659413536,0.2402776603975649,19,19,19,C066,gap,wf2023,S004_C046_wf2023,C046
202305,20,0.058518121149045,0.0645896160887495,0.9059989003284676,0.8,0.146396753775324,0.0182533281693848,0.3488497857905347,0.2626713388550548,20,20,20,C066,gap,wf2023,S004_C046_wf2023,C046
202306,20,0.0382604968159011,0.0770824083426385,0.4963583473654534,0.8,0.0047235676390893,0.3326729282868426,0.3492739557935013,0.2119390822800368,20,20,20,C066,gap,wf2023,S004_C046_wf2023,C046
202307,21,0.0846822871739593,0.0599188549417831,1.413282801486048,0.8571428571428571,0.0944268424651791,0.1786900555192325,0.3430197364383781,0.259295046677624,21,21,21,C066,gap,wf2023,S004_C046_wf2023,C046
202308,23,0.0267007840027685,0.1005373283279455,0.2655807991602137,0.5652173913043478,0.10485726764346,-0.3160169767970687,0.3443750546801259,0.2388249774901076,23,23,23,C066,gap,wf2023,S004_C046_wf2023,C046
202309,20,0.0165589615043292,0.0557065531728398,0.2972533851260189,0.65,0.1127447551224579,0.0078992021967793,0.3420100012351962,0.2378440107679101,20,20,20,C066,gap,wf2023,S004_C046_wf2023,C046
202310,17,0.0302533399358776,0.0676894864267945,0.4469429675551808,0.7647058823529411,0.0859159981764507,0.0098086019937022,0.3459887646224875,0.23407950604054,17,17,17,C066,gap,wf2023,S004_C046_wf2023,C046
202311,22,0.0793355261889537,0.0731445348873925,1.0846405177241525,0.8636363636363636,0.2525029401485174,0.6437515619126526,0.3408903286876728,0.3052179939138348,22,22,22,C066,gap,wf2023,S004_C046_wf2023,C046
202312,21,0.0628820277075327,0.0577029732093467,1.0897536852979202,0.9047619047619048,0.174005041732171,-0.1368654022746598,0.3433093578419253,0.2743615162500868,21,21,21,C066,gap,wf2023,S004_C046_wf2023,C046
