label,tag,trade_date,excess,alpha,profile
wf2021,H01,20210104,0.002877509772587393,0.0028413264197605414,0.00018351204310271333
wf2021,H01,20210105,-0.001441784235849418,-9.272749042689887e-05,-0.0013576134912318793
wf2021,H01,20210106,0.00795278496067793,0.007321305604710342,0.0004192671889715529
wf2021,H01,20210107,-0.00697382273504957,-0.005621078178856787,-0.001332883006172301
wf2021,H01,20210108,-0.001357790882714198,-0.0012097633987523371,-0.0002516458230284523
wf2021,H01,20210111,0.0019720496696254385,0.0011215851708600406,0.0005810292732023314
wf2021,H01,20210112,-0.0016829710039025607,-0.0007122353820415439,-0.0010216528592892787
wf2021,H01,20210113,-0.0021631052360264118,0.00042981348681811026,-0.0026381439873282664
wf2021,H01,20210114,0.003921621565160589,0.0031129583600302668,0.0011546678873706662
wf2021,H01,20210115,0.00430769145699726,0.0018147234576525307,0.002446228695916331
wf2021,H01,20210118,-0.0004304048546688224,0.0011672592437556644,-0.0015843223927695027
wf2021,H01,20210119,0.004920431705802433,0.002886575191283543,0.002068267276538626
wf2021,H01,20210120,0.00430678665530538,0.0033054755021534685,0.0009259752758242083
wf2021,H01,20210121,0.003061815370857696,0.002786588749076182,0.0002624756497767941
wf2021,H01,20210122,0.004915236561205481,0.004593202355182996,0.00043404892899216784
wf2021,H01,20210125,0.0006470936311595713,0.0023426698268153236,-0.0017293078730923764
wf2021,H01,20210126,0.0009510926913505113,0.001455223282471013,-0.0005775186121962891
wf2021,H01,20210127,-0.0012687438017223215,0.001043590930591805,-0.0025616496686482427
wf2021,H01,20210128,0.00026868764978815393,0.001801611276347948,-0.0012673873549962022
wf2021,H01,20210129,0.00468953534721348,0.004544626747590491,0.0007417112884063256
wf2021,H01,20210201,-0.0010604240599130395,-0.002289628026792898,0.0008823077205142268
wf2021,H01,20210202,-0.0047922089289984555,-0.0038887448230376033,-0.0008131106168750268
wf2021,H01,20210203,-0.0008363609491019788,-0.0010534184790780298,4.507760359248326e-05
wf2021,H01,20210204,-0.0017193481361505863,0.002357893126917805,-0.004501229087617199
wf2021,H01,20210205,-0.004667927578804442,-0.003925731868854005,-0.0011265750055798308
wf2021,H01,20210208,0.002469501458567735,-0.0001683561343859654,0.002228387715892099
wf2021,H01,20210209,0.0010929748802421674,0.001125559449925121,-0.0003015007988113955
wf2021,H01,20210210,0.005343880992806527,0.004341472248524426,0.001186427918418179
wf2021,H01,20210218,0.003973016340411879,0.004259459530766202,-0.00022442122223989206
wf2021,H01,20210219,0.0027710067108995887,0.0033661722421935722,-0.0007489926499758966
wf2021,H01,20210222,-0.0003147858367026036,7.761450884542147e-05,-0.0005418351089375497
wf2021,H01,20210223,0.004610939188560119,0.004892077082230395,-0.0003623706002085417
wf2021,H01,20210224,-0.0024851259657781045,-0.0007286604693144665,-0.001680520027724785
wf2021,H01,20210225,0.0009273751457480766,0.0011514764461844893,-0.00047548197276175996
wf2021,H01,20210226,0.0023350944546861284,0.00017356866779166217,0.0020633331843731752
wf2021,H01,20210301,0.0035482574404891247,0.004324569279926689,-0.0006724669277646971
wf2021,H01,20210302,4.619486851834692e-05,-0.0005930719313327266,0.00044341843707700794
wf2021,H01,20210303,-0.001125432524130554,0.0008066692051241712,-0.0022114090123881896
wf2021,H01,20210304,0.006757158059150364,0.00693990987763468,-0.00023540621270281875
wf2021,H01,20210305,-0.003917582148313151,-0.0014072370139702967,-0.002035744348223204
wf2021,H01,20210308,-0.0036265148112420986,-0.0007680086474193523,-0.0031666318635268976
wf2021,H01,20210309,0.0023684538490076033,0.001358284562943006,0.001234628386894039
wf2021,H01,20210310,0.0022106030504325316,0.0005149807640331707,0.0015151321970943302
wf2021,H01,20210311,-0.0014809393202263937,-0.00015230685356427086,-0.0014061129689045175
wf2021,H01,20210312,-0.001712582576597468,-0.00012288311941746318,-0.0017815741050161873
wf2021,H01,20210315,-0.0010958125242109922,-0.0011903082708313998,9.743254293820764e-05
wf2021,H01,20210316,0.003844393355943905,0.0026683639226510545,0.001333575373403954
wf2021,H01,20210317,-3.1849609634340866e-06,-0.00023414539289227823,0.00037323849763436315
wf2021,H01,20210318,0.004124382571201659,0.004749474103125554,-0.00047613957235889974
wf2021,H01,20210319,0.0003998598478543343,0.0002786607787769125,0.0003416473836917438
wf2021,H01,20210322,0.0017517849473942075,0.003259018827756475,-0.0014831758530754122
wf2021,H01,20210323,-0.0010775415819082711,0.0004128853915486623,-0.0014785346325774406
wf2021,H01,20210324,0.0027263467118314117,0.0024743616724496077,7.692482754412388e-05
wf2021,H01,20210325,0.004959964032186197,0.0036564125004910036,0.0012759690094386465
wf2021,H01,20210326,-0.0006062176693710037,-0.0006476708283313238,2.9131601718907234e-05
wf2021,H01,20210329,0.004586504044988685,0.004448597918484372,3.285164412975873e-05
wf2021,H01,20210330,-0.0009683735103745139,0.0001586613404441652,-0.0012708132295052984
wf2021,H01,20210331,0.0019148569233007583,0.0011645610314351639,0.0005944090435047084
wf2021,H01,20210401,0.004390940274017081,0.0039008759126580982,0.0005938574748864016
wf2021,H01,20210402,0.004727300653510926,0.004146803183840652,0.0006070351267569329
wf2021,H01,20210406,-0.0007058749137919713,-0.00031007957178880434,-1.7118199349306683e-05
wf2021,H01,20210407,0.00424057387992193,0.004071449573231932,8.203771969716618e-05
wf2021,H01,20210408,-0.0007000484594862201,-0.0007501632389759941,-6.321612503657295e-05
wf2021,H01,20210409,-0.007431778054507326,-0.005619698882952332,-0.0018383362095793217
wf2021,H01,20210412,0.004058211525676425,0.004238291557752444,-0.0002077197468899987
wf2021,H01,20210413,0.003198263507104407,0.002517061731642103,0.0005363870483460424
wf2021,H01,20210414,-0.0011547054681082499,-0.00032077252765000234,-0.0010713069615307202
wf2021,H01,20210415,0.000363405106907317,0.0003491035387856557,-0.00012185185178872695
wf2021,H01,20210416,0.006207013472659345,0.0051754114308806744,0.0009182649955965081
wf2021,H01,20210419,0.0021314828552488844,0.0019493273991514652,8.937202394154823e-05
wf2021,H01,20210420,0.0002807799804794625,0.0002362228375350086,-0.00016710580995820589
wf2021,H01,20210421,0.0007780665948994331,0.0004413059741725471,0.0003961473068833177
wf2021,H01,20210422,0.0018527689117411334,0.0015120641708576178,0.00026475506581041943
wf2021,H01,20210423,0.001138984176257068,0.0012507699898874972,-0.0002931991346805053
wf2021,H01,20210426,-0.0011602072205453978,-0.0007421172472381741,-0.000625379486493894
wf2021,H01,20210427,-0.0020402609483020527,-0.001925748929707849,0.00012869461239648614
wf2021,H01,20210428,-0.0014526849637294674,-0.0008898765159994337,-0.0007457242222776049
wf2021,H01,20210429,-0.0019525794848840785,-0.0019228679442009054,-0.00013841392221769787
wf2021,H01,20210430,-0.0024642873402888114,-0.003324629642506128,0.0007108021407584581
wf2021,H01,20210506,-0.0023172081528750593,-0.0018307385183216585,-0.00045750082405325094
wf2021,H01,20210507,-0.004480434679535103,-0.0053433459217184474,0.0008204021564255782
wf2021,H01,20210510,0.0038043583629733873,0.0048766426837777216,-0.001019172927239738
wf2021,H01,20210511,0.0005857283097362494,-0.00013762143490562507,0.000544642596238363
wf2021,H01,20210512,0.0003692361907424672,0.0010785175824684803,-0.0007897891825463567
wf2021,H01,20210513,0.004430925634763168,0.004057161091806158,0.0002858939040116505
wf2021,H01,20210514,0.00804379900031929,0.007731026666545446,0.000273295485667519
wf2021,H01,20210517,-7.801241667387045e-05,-0.00018787468602133673,0.00014609090354276695
wf2021,H01,20210518,0.00043346116349099386,0.00015765294761640075,0.0002404495247466451
wf2021,H01,20210519,0.003756028265050955,0.0036527034414038694,-6.398296210518667e-05
wf2021,H01,20210520,-0.0016808668363836976,-0.0016610749647068775,-6.31211270781697e-05
wf2021,H01,20210521,0.0012737856456215522,0.0009747199001239379,0.00011493398289071205
wf2021,H01,20210524,0.0028637734414585243,0.0025477825768170197,0.00030173942215592207
wf2021,H01,20210525,0.0018047636670231113,0.0015585078976736034,0.00022492171849499172
wf2021,H01,20210526,0.004906589888726036,0.004083538396450736,0.0007161585837476437
wf2021,H01,20210527,-0.0004970427421852005,-0.0003534646725232433,-0.0001960113590451219
wf2021,H01,20210528,0.001335294315985617,0.0007643085181929599,0.0005640404858093383
wf2021,H01,20210531,0.0011586478609023395,0.00078970482131086,0.0004638220305970633
wf2021,H01,20210601,-0.001693156663646651,-0.0014247846091107177,-0.0002905187798337746
wf2021,H01,20210602,-0.003140145989063743,-0.002522763032974922,-0.0005826405503989176
wf2021,H01,20210603,0.0019330939603726793,0.0008929243018797274,0.0006287055547977919
wf2021,H01,20210604,0.0036235257571452023,0.00266305697037996,0.000692995759757242
wf2021,H01,20210607,0.0019083308099576493,0.002208564505251177,-0.0002855969073333356
wf2021,H01,20210608,0.000801398986313769,0.00021456474101050305,0.000432546363429008
wf2021,H01,20210609,0.0037969999170652134,0.0031683038103783125,0.0005846536349682242
wf2021,H01,20210610,0.002114683605961275,0.00272067364153548,-0.0005141599675827969
wf2021,H01,20210611,0.004828968832029924,0.004236147617098734,0.00029489334487665323
wf2021,H01,20210615,-0.0006678109973081107,0.00021812922961774532,-0.0010167853992007578
wf2021,H01,20210616,0.002108490111541331,0.0009837673104521358,0.001150767963711202
wf2021,H01,20210617,0.0019884648763934566,0.0014328657235715724,0.000549553227482038
wf2021,H01,20210618,0.00590164736764206,0.005048015737716455,0.0008704804789759519
wf2021,H01,20210621,-0.00042047264682991935,-0.00019742370681708436,-0.00010614760165947749
wf2021,H01,20210622,0.0014608292228807176,0.0007401779361965392,0.000557235736632914
wf2021,H01,20210623,-0.00020236589313922266,0.00021732402231912514,-0.0005587375689029224
wf2021,H01,20210624,-0.0014061457180143985,-0.0015478618679873393,8.93488935746562e-05
wf2021,H01,20210625,0.00411507189218789,0.003493493521142193,0.0005246993359902316
wf2021,H01,20210628,-0.0010020675790700685,-0.0008765280427120796,-0.0001918426937997716
wf2021,H01,20210629,0.0013207140955239054,0.0005151178326801118,0.0006059081397671592
wf2021,H01,20210630,0.0011588278567263577,0.0024482236803664943,-0.0012708810739047371
wf2021,H01,20210701,0.0006922635317728352,0.00044494103176285837,-6.631010292521042e-05
wf2021,H01,20210702,0.0009075024612699781,-0.0001753733500562228,0.0009320912393930835
wf2021,H01,20210705,-0.0014137565436642507,-0.0005761609152651453,-0.0004687835696684817
wf2021,H01,20210706,0.00492350534988478,0.0037871411668287114,0.0011265126732234955
wf2021,H01,20210707,0.0028557003490344577,0.002459574792249401,0.00021088554125864802
wf2021,H01,20210708,-0.00022819154187360673,-0.0006324969494219939,0.0002486799529988968
wf2021,H01,20210709,0.002387347032983782,0.0013279895314410781,0.001007398534933864
wf2021,H01,20210712,0.0013532388250141261,0.0008797122051138166,0.00036919778265986734
wf2021,H01,20210713,0.0024776974715201997,0.0026036824405689754,-5.969341123918643e-05
wf2021,H01,20210714,-0.0008336336039747958,-0.0006471327871681825,-0.00018963749517335817
wf2021,H01,20210715,-0.0004410285010534923,-0.0003288245032566227,-0.0003081201677075288
wf2021,H01,20210716,0.004186104876882029,0.004056286015049518,5.1419779706857175e-05
wf2021,H01,20210719,-0.00046083998578877374,-0.001068846367955901,0.00045243294128752726
wf2021,H01,20210720,0.0026705207622054507,0.0015729006171356678,0.0009151505961474248
wf2021,H01,20210721,-0.0003037865424124907,-0.0005073156628479566,1.3726049191212137e-05
wf2021,H01,20210722,-0.0008995390537198909,-0.00023235914719628794,-0.000812546637983234
wf2021,H01,20210723,-0.0008467272152416268,-0.0003271987065820959,-0.0004632125430737228
wf2021,H01,20210726,0.0006072541965413125,0.0017289236399647802,-0.0012609582334427104
wf2021,H01,20210727,-0.0006087260051485487,0.0006104686841477021,-0.0011221864935688905
wf2021,H01,20210728,0.0037868126252274745,3.875920193987343e-05,0.0037185264876730454
wf2021,H01,20210729,0.004525717283460462,0.003409392737398119,0.0009514897335443327
wf2021,H01,20210730,0.0077669676525755176,0.007063474938327184,0.0005748824584491703
wf2021,H01,20210802,0.0030031095490293284,0.004048749838173927,-0.001105535305545584
wf2021,H01,20210803,0.002308542028247769,0.0007218725404848009,0.0014912589516185885
wf2021,H01,20210804,-0.00019553917818926868,0.0006827720117580831,-0.000742119931147672
wf2021,H01,20210805,-0.003292685923389471,-0.0037344231529276486,0.0002628796986156267
wf2021,H01,20210806,0.005634159063075536,0.006419626079700057,-0.0006333268768954145
wf2021,H01,20210809,0.0046099083005151295,0.0037572762878164247,0.0008274158724901634
wf2021,H01,20210810,-0.0018006154967685224,-0.0018230570907971442,0.00018075408157902515
wf2021,H01,20210811,-0.00016349349895596055,-0.00011823993458063599,-0.00010271502680497788
wf2021,H01,20210812,-0.0012854842586162794,-0.0014089797078773742,9.46755144648268e-05
wf2021,H01,20210813,0.0011786235600483304,0.0022225864058174494,-0.0007643179956460931
wf2021,H01,20210816,-0.001290764771066405,0.0005404263796975461,-0.0016803684538762536
wf2021,H01,20210817,-0.001503895581501792,-0.0007858700083870054,-0.0007324266810651766
wf2021,H01,20210818,0.0008741691126896924,0.0005325071942733166,0.00013014428702382247
wf2021,H01,20210819,-0.004869790965049317,-0.004822958205609152,-0.00036894514356342685
wf2021,H01,20210820,0.003509559618234126,0.0017256626886147854,0.0018167398491228993
wf2021,H01,20210823,9.01735331520527e-05,2.5168391772213033e-05,4.6265160802814435e-05
wf2021,H01,20210824,0.0025839059221579594,0.002732295107644718,-0.00023223494220534844
wf2021,H01,20210825,-0.0062777916316235,-0.005335339478875543,-0.0011064374900827299
wf2021,H01,20210826,-0.0016755762713555526,-0.0017137763666225363,-5.669643816033936e-05
wf2021,H01,20210827,-0.002342915137100462,-0.0031634830028216612,0.000676423181427834
wf2021,H01,20210830,-0.0034654186306803027,-0.0017668294972088456,-0.0018123054790919124
wf2021,H01,20210831,0.004979645568390145,0.007815161380261323,-0.0028451137103567264
wf2021,H01,20210901,-0.005700972068686092,-0.006540957094655801,0.0009208823673981817
wf2021,H01,20210902,0.002459036754963716,0.0037696609178455315,-0.0013665293859377063
wf2021,H01,20210903,0.005707043383771794,0.0051994768610002864,0.000533066909118028
wf2021,H01,20210906,0.0003635888714518549,-3.299735842978571e-05,0.000304683167964425
wf2021,H01,20210907,-0.0018011798039537074,-0.000712259969893631,-0.001165651121212521
wf2021,H01,20210908,-0.002707969431042814,-0.0018446786948087272,-0.0010380780217274386
wf2021,H01,20210909,0.004685079964033093,0.004652503101561272,1.4909961460114312e-05
wf2021,H01,20210910,-0.004259968433959163,-0.0034099699433332064,-0.000953887908100327
wf2021,H01,20210913,0.004310708689956347,0.004201855994569362,0.00025805996726255005
wf2021,H01,20210914,-0.004570767360424041,-0.004404026164117079,-0.00024421082586948036
wf2021,H01,20210915,0.002373347293168864,0.0029179123146639055,-0.0007614827847582214
wf2021,H01,20210916,0.0032599022214725984,0.0027138435329972354,0.00048101605272957246
wf2021,H01,20210917,-0.006284393280697898,-0.0062136389256334185,-0.00020883676208710285
wf2021,H01,20210922,0.003295121609562134,0.004077761634710122,-0.000811130714328231
wf2021,H01,20210923,0.004735501916707418,0.00496389207567213,-0.00036049775124232295
wf2021,H01,20210924,0.006902958800067468,0.0075907445729087855,-0.0007297439636136684
wf2021,H01,20210927,-0.003288691594114683,-0.003046316194681046,-0.00031713666307039816
wf2021,H01,20210928,0.0008656256992790774,0.0025454696237329775,-0.0017788622999520955
wf2021,H01,20210929,0.0009571200115873445,-0.0012668584484234497,0.002125278732282518
wf2021,H01,20210930,0.0026836281641472795,0.003963263879132572,-0.0013450790285935807
wf2021,H01,20211008,0.003852318207634448,0.00386392816387568,2.476706448209981e-05
wf2021,H01,20211011,0.0014519096239032497,0.0024309697506062046,-0.0007913019191508725
wf2021,H01,20211012,0.007804198304261975,0.007756664784485431,0.0002705996590671879
wf2021,H01,20211013,0.002182532049076178,0.001719597479629883,0.0004609126238179454
wf2021,H01,20211014,0.0018337290754557225,0.0020635632397497587,-6.509151070325148e-05
wf2021,H01,20211015,-0.004067407274639898,-0.0043012343377507424,0.0002089997344921408
wf2021,H01,20211018,0.0002882094057407216,-0.00017773128899663528,0.00024247660129883206
wf2021,H01,20211019,-0.002698643348830019,-0.0028422890665214685,-5.120889983344513e-05
wf2021,H01,20211020,-0.0008952697227028938,-0.0002442794157854111,-0.0005742832084326347
wf2021,H01,20211021,0.002383351674730942,0.002752216195255724,-0.0004027910201831286
wf2021,H01,20211022,0.0008957242196880183,5.322063623349263e-05,0.000830354457767379
wf2021,H01,20211025,0.002488910659014424,0.002492298566329887,1.9324207657327565e-05
wf2021,H01,20211026,-0.002543709074488993,-0.0023553316112136747,-0.0001734501419932115
wf2021,H01,20211027,-0.0003846561775537674,0.0001843224861850963,-0.0007471494634098057
wf2021,H01,20211028,0.0014984829113345328,0.0012546977349571164,6.274671257238639e-05
wf2021,H01,20211029,0.0020973710458671527,0.0011665965311001133,0.0008402897392389111
wf2021,H01,20211101,0.002933617185435342,0.0026695551425936154,0.0002591586808096065
wf2021,H01,20211102,0.0038634609355017602,0.003857770756198374,0.00012740429267587425
wf2021,H01,20211103,0.001933865366598975,0.0012625438194812178,0.0007386440318521513
wf2021,H01,20211104,0.003769025902718559,0.004097925612745467,-0.0001496378565668205
wf2021,H01,20211105,-0.0012208124185730104,-0.0013019156182285019,9.654391713030702e-05
wf2021,H01,20211108,0.0009781772921501238,0.0004178987406668252,0.000551538207288305
wf2021,H01,20211109,0.0007266884501714805,0.0006203733176377891,0.0001371605169017931
wf2021,H01,20211110,-8.969788070646405e-05,0.00014268763238987518,-6.396466921105071e-05
wf2021,H01,20211111,0.0017186211012170868,0.001508786767101973,0.0006158771170457329
wf2021,H01,20211112,0.002581174408079605,0.002475528249512572,0.00028193902220928144
wf2021,H01,20211115,0.0014493818518594593,0.001125588377252565,0.00013383659462268832
wf2021,H01,20211116,0.002785512496960057,0.002241594417749609,0.0006012872271636928
wf2021,H01,20211117,0.002324702524436761,0.002382090098223451,-0.00018251501950920134
wf2021,H01,20211118,0.0031401819324765948,0.0030713645486432723,-9.022656648990488e-06
wf2021,H01,20211119,0.002985175570820152,0.0024048881735308433,0.0006066109060348231
wf2021,H01,20211122,-0.0001505358278071716,-0.0003882054276404369,0.00025562817028294675
wf2021,H01,20211123,0.0005002505306504115,0.0005088926439684174,0.00011992438461228276
wf2021,H01,20211124,0.000976999383712507,0.0013521804668040719,-0.00032498967446915357
wf2021,H01,20211125,0.0001231532272488625,-9.099489823407816e-05,0.00016817687820544594
wf2021,H01,20211126,0.0009640718146354479,0.0009913544544981967,-1.2799749374009539e-05
wf2021,H01,20211129,7.726467402293432e-05,0.00013326883876648126,-0.00024703210441916695
wf2021,H01,20211130,0.000622921316918084,0.0005741779208825117,-6.137782103844848e-06
wf2021,H01,20211201,0.00025181293201618354,0.0004900776564655208,-0.0004006961485817301
wf2021,H01,20211202,0.0014725225866776817,0.0015010229779137277,-0.0001543544677014045
wf2021,H01,20211203,-0.0023833346813722824,-0.0019843701152797823,-0.0004057470200988395
wf2021,H01,20211206,-0.001783460823094626,-0.0012203436001142526,-0.000528450320926726
wf2021,H01,20211207,0.002714234949112911,0.0018739212103568985,0.0008235077195848247
wf2021,H01,20211208,0.0016374647304533436,0.0017044554160259933,-0.0001659788730321839
wf2021,H01,20211209,0.0012819734344185897,0.0013319493314717734,2.9327176744429733e-05
wf2021,H01,20211210,-0.0013015657132600445,-0.0010322141219692355,-0.0002964346149635735
wf2021,H01,20211213,0.00023922680048757677,0.0003432312074949967,0.0001148904342085734
wf2021,H01,20211214,-0.003932006334639623,-0.0030805299208844345,-0.0005715613743646723
wf2021,H01,20211215,0.001761753357435317,0.0014845502210915332,0.0002927405248445342
wf2021,H01,20211216,-0.0026731603679533656,-0.0026026884783751847,-0.00021589895845813823
wf2021,H01,20211217,-0.005215144510817756,-0.004379977786446573,-0.0010556273384852888
wf2021,H01,20211220,-0.0011647843635500237,-0.0006519736232723553,-0.0006111788042290129
wf2021,H01,20211221,0.003307708550382934,0.0026935627790846445,0.0005229409064180567
wf2021,H01,20211222,0.0011968761831640503,0.0010591748380515654,2.5856107632893745e-05
wf2021,H01,20211223,-0.00028810742755217694,-0.0001787103708461493,-0.00047575687685674247
wf2021,H01,20211224,-0.0005611368578920467,-0.0002755838253984642,-0.0003689618667125841
wf2021,H01,20211227,0.002977369866428119,0.0025796655306843438,0.00038521861961015257
wf2021,H01,20211228,0.0016303042997176493,0.0019590505387340924,-0.0001658235944676767
wf2021,H01,20211229,-2.8746507763813267e-05,-0.0004454003502473318,0.00027508089333457664
wf2021,H01,20211230,-0.0012123818570751038,-0.0011219518050693948,-0.00012126503500121915
wf2021,H01,20211231,-0.001070232250795401,-0.0011113479922665187,-0.00014622168258719034
wf2021,LH019,20210104,0.005549578467474077,0.0048617812601824606,0.0008351258975674785
wf2021,LH019,20210105,-0.0037225234558450632,-0.003969786461780826,0.0002387062601264012
wf2021,LH019,20210106,0.002979694131352538,0.002758713644251518,8.768320104984872e-06
wf2021,LH019,20210107,0.0038775078532405803,0.0029526881593296955,0.0009446812439313667
wf2021,LH019,20210108,0.0014293638577177505,0.0002655796436644727,0.0010601658749866817
wf2021,LH019,20210111,0.00305842459944863,0.002182719426719871,0.0006062699471656956
wf2021,LH019,20210112,-0.0032925441507859234,-0.003832307147108681,0.0004888457588944964
wf2021,LH019,20210113,0.005117700701782678,0.003432390123836185,0.0016400853134627474
wf2021,LH019,20210114,0.007080851179274469,0.008087299372993666,-0.0006604435114788494
wf2021,LH019,20210115,0.002964883073393621,0.0028490873480082816,6.90564219569369e-05
wf2021,LH019,20210118,0.003344852522387708,0.003277961198594327,8.023302944836341e-05
wf2021,LH019,20210119,0.0015836993857301085,0.0025501984312694416,-0.0009320882835195972
wf2021,LH019,20210120,0.0019286886894207536,0.0018183628682658095,3.49899438272408e-05
wf2021,LH019,20210121,0.0002704204749121447,0.00024341816257076205,1.4251340336664209e-05
wf2021,LH019,20210122,-0.0012778320249429292,-0.0002810807565283314,-0.0008847365454449148
wf2021,LH019,20210125,0.002254774928029308,0.00181606379917978,0.0004049794514129025
wf2021,LH019,20210126,0.0009010600275568921,0.0004797415313771516,0.0003479304751039539
wf2021,LH019,20210127,0.0026714261645880664,0.0012786347280968951,0.0011434765001570534
wf2021,LH019,20210128,-0.0007980632891283982,-0.0006713621566273629,0.00013883513906255625
wf2021,LH019,20210129,0.0004440885091380473,0.0008183834047752167,0.00022250779314616516
wf2021,LH019,20210201,0.0032157919601454896,0.0027396111142087716,0.00012928459957108616
wf2021,LH019,20210202,-0.0029662843120329737,-0.002744362349642162,-0.0001315684733049886
wf2021,LH019,20210203,-0.0021441925414153705,-0.0019857133869412387,-0.00033045908085769816
wf2021,LH019,20210204,0.0033483680003063565,0.002784352761124419,0.00014002741463312984
wf2021,LH019,20210205,-8.553885071712003e-06,-0.0006856595779472763,0.00029272639724617106
wf2021,LH019,20210208,0.0022463494251348734,0.0020105748204255753,-0.0001736952723523054
wf2021,LH019,20210209,0.0023676209998180217,0.0014692750186317918,0.0006294297520577875
wf2021,LH019,20210210,0.004685541295082987,0.0045812680764610175,0.00028829239275805015
wf2021,LH019,20210218,0.00559455014238501,0.0049801243922949125,0.0006764477182045303
wf2021,LH019,20210219,0.0016653841192175098,0.0012916209397102851,0.00021993606082531034
wf2021,LH019,20210222,-0.0005768404352759857,-0.0006587599717954863,-6.75152268700235e-05
wf2021,LH019,20210223,0.00898113624835348,0.008057231830401189,0.000842671711414027
wf2021,LH019,20210224,-0.00303485427493398,-0.0028507507630053824,-0.00010815804318974347
wf2021,LH019,20210225,0.006625835564185354,0.00519908535980192,0.0011753695320580867
wf2021,LH019,20210226,0.002734840416411779,0.002740261167540228,-0.00010361335364973722
wf2021,LH019,20210301,0.0023954633330592317,0.001785198466053343,0.0007141097786787542
wf2021,LH019,20210302,-0.001430502129621411,-0.000883700168246877,-0.0007426503241485988
wf2021,LH019,20210303,0.0007715962586650228,-0.001141841808998452,0.001634130784530009
wf2021,LH019,20210304,0.0059033483954413525,0.004913857229515718,0.0009368367717071302
wf2021,LH019,20210305,-0.0017209308288249122,-0.002514709067235478,0.0012683790245302177
wf2021,LH019,20210308,0.0007268805646048829,-0.00015988467051673513,0.0005786395354174709
wf2021,LH019,20210309,-0.0019322156946595306,-0.0006280380899239544,-0.0010797185039061344
wf2021,LH019,20210310,0.0027124024701810114,0.002853538159201047,-0.00032162577832506344
wf2021,LH019,20210311,-0.004057823559594942,-0.0039138715080512835,-0.0002214325537860533
wf2021,LH019,20210312,-0.0027662093830529235,-0.003246719833643505,0.00028863580275439993
wf2021,LH019,20210315,0.0027758625983073017,0.002044175958058058,0.0007346234365670478
wf2021,LH019,20210316,0.0037253656145774883,0.004474384063189112,-0.0005914725085005191
wf2021,LH019,20210317,-0.00038915341022591904,0.00038344434798647425,-0.0006303196925068744
wf2021,LH019,20210318,0.0006521031046642094,4.068751024865352e-05,0.0007603675539805513
wf2021,LH019,20210319,-0.0011159390749923628,-0.0008510776944583413,-4.441306591969721e-05
wf2021,LH019,20210322,0.0042261742315420295,0.002395353410113013,0.0018548788487158735
wf2021,LH019,20210323,-0.0008637768289509636,-0.0012545136918855478,0.00040262920381407927
wf2021,LH019,20210324,0.00418050630842528,0.0037503476919004772,0.00025509840468712137
wf2021,LH019,20210325,0.0016986319002926555,0.001983250756310756,-0.00031220137827464784
wf2021,LH019,20210326,0.0015754271197453214,0.0021276628432948517,-0.0005645572807909451
wf2021,LH019,20210329,0.002225578750473218,0.002719707500477016,-0.0005991832323783531
wf2021,LH019,20210330,-0.000424331757625066,-0.001279568211693405,0.0007114580753817198
wf2021,LH019,20210331,0.0024757979533852406,0.002605943967763339,-0.00028603286273898537
wf2021,LH019,20210401,0.0027748862261512105,0.0029572123428475527,-7.85330031689263e-05
wf2021,LH019,20210402,0.002905814180241677,0.0033294435342336864,-0.0003970916969053483
wf2021,LH019,20210406,-0.0036329211107708117,-0.0021535915168747677,-0.0011006524512421846
wf2021,LH019,20210407,0.0023281652399529994,0.001997253294038332,0.0002438253589218341
wf2021,LH019,20210408,0.0011766124398366593,0.00013681145926547298,0.0009264700760448394
wf2021,LH019,20210409,-0.004508014168872733,-0.0054482685838976065,0.0009139973770005502
wf2021,LH019,20210412,0.003823374269368466,0.0035614479525622666,0.0002342866019922196
wf2021,LH019,20210413,0.0030482382573403313,0.0027078629697302246,0.0001955605604938429
wf2021,LH019,20210414,0.0025730350209960257,0.001707635603794895,0.0006280253961286585
wf2021,LH019,20210415,0.0014422401460434126,0.0006605814617059317,0.0006455052644270908
wf2021,LH019,20210416,0.0030778953761997855,0.0031597536103527544,-0.00019519528033513347
wf2021,LH019,20210419,0.001767652655967367,0.0017779726682030385,-0.00010310344439154215
wf2021,LH019,20210420,0.0013376812300268984,0.0009316955790438504,0.00019432269808038806
wf2021,LH019,20210421,0.0006184594616766453,0.00025029292723596666,0.00042755322059710986
wf2021,LH019,20210422,0.0021904319032716047,0.0022814941459000982,-0.00016701191770159031
wf2021,LH019,20210423,0.00010207059333122801,-0.0005844053664050814,0.0005050626386862321
wf2021,LH019,20210426,0.0009876112734486103,0.0007264983805546521,5.382337970728931e-05
wf2021,LH019,20210427,-0.00046123698677955093,6.43401167515034e-05,-0.0002823704725403647
wf2021,LH019,20210428,0.0030216290818636245,0.0025292638340805597,0.00030944947323549273
wf2021,LH019,20210429,-0.001993830627127607,-0.001800279793560725,-0.0003022532151014058
wf2021,LH019,20210430,-0.0040778322743615075,-0.0033663597352830183,-0.0008610127005373471
wf2021,LH019,20210506,-0.004336126183149202,-0.003960892209944203,-0.00034626516270485025
wf2021,LH019,20210507,-0.007450999622756431,-0.006504924621401322,-0.0009885840871128753
wf2021,LH019,20210510,0.0021727591413850675,0.0019409865167833362,0.0002848840181663275
wf2021,LH019,20210511,-0.0010265203006863798,-0.0009424849268313694,-0.0002627425222585224
wf2021,LH019,20210512,0.0013922527800470145,0.00041072534962597885,0.0009010196396006941
wf2021,LH019,20210513,0.003764291624211675,0.0029732419737353378,0.0007031790115309806
wf2021,LH019,20210514,0.003453055715345578,0.0036579083563807765,-0.00024432948914152746
wf2021,LH019,20210517,-0.0005610043019564455,0.00035307610672042283,-0.0008778517744815682
wf2021,LH019,20210518,-0.0008164187477355898,-0.0005126422408930893,-0.00033913519797044815
wf2021,LH019,20210519,0.004362108753768867,0.003625573488007198,0.000569227480009396
wf2021,LH019,20210520,-0.0007383018998315034,-7.933383560618275e-05,-0.0007022973196266708
wf2021,LH019,20210521,0.0023657567713508947,0.0014507644764550826,0.0007308605322889097
wf2021,LH019,20210524,0.0015169988040360481,0.0017169452963321581,-0.00021419793478169428
wf2021,LH019,20210525,0.0009538448781465265,0.0007569721329005045,0.00017553869439150728
wf2021,LH019,20210526,0.0030500939042852364,0.002911002321290039,3.219867446754051e-05
wf2021,LH019,20210527,-0.0008112197909437269,-0.00036176597510673196,-0.0005018871052201589
wf2021,LH019,20210528,-0.00033511152129657787,0.00043959205884370794,-0.0007816488921236037
wf2021,LH019,20210531,-0.0001363741494756418,-0.0003786441070893139,0.0003371489486192562
wf2021,LH019,20210601,-0.0018911119331734994,-0.00241761618878636,0.0005043575303150184
wf2021,LH019,20210602,-0.0018013184916544753,-0.0020830301912958178,0.00031645410533124555
wf2021,LH019,20210603,0.004194925444194917,0.0030577653935605804,0.0007256959469391771
wf2021,LH019,20210604,0.003860468177270233,0.0036764352420638117,-8.344009180158088e-05
wf2021,LH019,20210607,0.0032413817965072215,0.002199165118957347,0.0010568534655100664
wf2021,LH019,20210608,0.0027163657602321425,0.002397673937772177,0.00016440394058570812
wf2021,LH019,20210609,0.0030253885053499827,0.0024204699332669387,0.0005608761003643685
wf2021,LH019,20210610,0.0004478291278676525,0.0007952371049458645,-0.0002555779090868036
wf2021,LH019,20210611,0.005916426353811425,0.004674797569830899,0.0009437009139259904
wf2021,LH019,20210615,0.0014726818689498183,0.0008764104750729118,0.0004654262216020058
wf2021,LH019,20210616,0.00208679403788122,0.0024477299735421445,-0.0003348907730389185
wf2021,LH019,20210617,0.0020210929734581374,0.0023375805381885954,-0.00032253349007030493
wf2021,LH019,20210618,0.00456439438988376,0.0050678534010305904,-0.00048661016209648376
wf2021,LH019,20210621,-1.0161655454306133e-05,6.384524591504859e-05,4.2894436984001894e-05
wf2021,LH019,20210622,0.0016677635535866531,0.0013748313619410815,0.00012951664159430583
wf2021,LH019,20210623,0.0032916298688463325,0.0017781773480497953,0.0013744048673519625
wf2021,LH019,20210624,-0.0005260046586725844,-0.00048078768464538454,-9.758423042548436e-05
wf2021,LH019,20210625,0.0015599957027645616,0.001953622024710443,-0.0004905053570013473
wf2021,LH019,20210628,0.0014808325101485168,0.0018680081671701178,-0.0004534788144633817
wf2021,LH019,20210629,0.002953247135936945,0.0023287732841085216,0.00042478572875179004
wf2021,LH019,20210630,0.002720479830354469,0.002587732295392213,0.0001512622846976573
wf2021,LH019,20210701,-0.0018850523580750192,-0.0017969132147098903,-0.0004017717463003183
wf2021,LH019,20210702,0.0008197785014463551,0.0013225747127070633,-0.0006535807831938257
wf2021,LH019,20210705,-0.0010180981787181356,-0.000817617839804638,0.00016833171981712582
wf2021,LH019,20210706,0.0038852939946786213,0.004461587299879473,-0.0005861448150334236
wf2021,LH019,20210707,0.002337007206051008,0.00242583040107921,-0.00027406321055460945
wf2021,LH019,20210708,-0.0028343024839541406,-0.003095508100530121,0.0001055801620264898
wf2021,LH019,20210709,0.0026515382913450247,0.0025703338759574174,2.9245448778770556e-05
wf2021,LH019,20210712,0.0027763611260294713,0.00227195113587381,0.0004000811529152207
wf2021,LH019,20210713,0.0019734406581306853,0.0015685972137945948,0.00047113500214567895
wf2021,LH019,20210714,0.0016674803122373235,0.0024096438542132075,-0.0007453002203426297
wf2021,LH019,20210715,-0.00038229199915204137,-0.000653770772699604,7.556260363690364e-05
wf2021,LH019,20210716,0.0035720412532665212,0.0026909223018591983,0.000802719869281669
wf2021,LH019,20210719,-0.0008417621711609617,-0.00036291542101041675,-0.000634420191030145
wf2021,LH019,20210720,0.0017752206854346562,0.002921135643272697,-0.0013283845067603983
wf2021,LH019,20210721,0.0005912380323328525,0.0004171195536381647,-1.5684592549564606e-05
wf2021,LH019,20210722,1.910904544707992e-05,-0.0005780198022454098,0.000451762116232856
wf2021,LH019,20210723,-0.0024854125303000827,-0.0024729961636146664,4.3899598900390483e-05
wf2021,LH019,20210726,0.00048607255414581316,-0.0008813286072664666,0.0012281123713930387
wf2021,LH019,20210727,0.0016484461519463492,0.0021264401666421925,-0.00038098581896848084
wf2021,LH019,20210728,-0.0008669127714635017,-0.0005456681864898986,-0.00035077152058815607
wf2021,LH019,20210729,0.0018488956479740838,0.0005483267885293764,0.0011357340469266963
wf2021,LH019,20210730,0.0055969592657258566,0.004645517011857324,0.0008228319980693684
wf2021,LH019,20210802,0.006472264874571402,0.004078345362227615,0.0023340244959428012
wf2021,LH019,20210803,0.00017301747175702507,0.0019342210776216234,-0.0018566141420089778
wf2021,LH019,20210804,0.0023884680694728983,0.0018264122662655707,0.0006982470620070069
wf2021,LH019,20210805,-0.0013332662336491212,-0.0009994208192650033,-0.0005127029453066692
wf2021,LH019,20210806,0.00448694859960024,0.0035388565906047924,0.001100232148724553
wf2021,LH019,20210809,0.003574183700472147,0.0027568627780260578,0.0007921047822375463
wf2021,LH019,20210810,2.7334353481542166e-05,0.0009920495319116628,-0.000806402690879717
wf2021,LH019,20210811,-0.0024599760990498803,-0.0019982688961701785,-0.0005191686653093545
wf2021,LH019,20210812,0.0007925910263093367,-0.00015624433412892623,0.0009200154256419955
wf2021,LH019,20210813,-0.00025684764265393825,-0.001113112675327468,0.0011359098827965553
wf2021,LH019,20210816,0.0007997598777782673,0.0001372152099429262,0.0008133673647230323
wf2021,LH019,20210817,0.0019186165066051083,0.0015192651097279226,0.00038495028892679623
wf2021,LH019,20210818,-0.000502664974726022,0.0001475881429340258,-0.0008617707490526015
wf2021,LH019,20210819,-0.0015608501454576294,-0.0018844253761354218,1.4628465545342168e-06
wf2021,LH019,20210820,0.000641794645148807,0.0008820653172629898,-0.00020742775261061737
wf2021,LH019,20210823,0.00022691642999511305,0.0005032571400382467,-0.0002950806906201597
wf2021,LH019,20210824,0.0016471849129987897,0.0015500370387796394,1.3302117500558629e-05
wf2021,LH019,20210825,-0.002514323958479496,-0.0030788357534856725,0.00040052645767140263
wf2021,LH019,20210826,-0.0025703628256120463,-0.002041292516973143,-0.0006239668420662269
wf2021,LH019,20210827,-0.0015539799741579453,-0.0009520239166645168,-0.000746100741786794
wf2021,LH019,20210830,-0.0013673372315809646,-0.0020735824353508266,0.0005925288581494065
wf2021,LH019,20210831,0.004673697159956398,0.002081349643936996,0.0025827496175338575
wf2021,LH019,20210901,-0.004209564511973182,-0.003060605886195097,-0.0010680612843496098
wf2021,LH019,20210902,0.0036260435761712824,0.002027647204279557,0.0015424911488358352
wf2021,LH019,20210903,0.004205547010614277,0.003711574788955708,0.0005194726080050902
wf2021,LH019,20210906,-0.002374668999706425,-0.001767598436684856,-0.0006989736249387854
wf2021,LH019,20210907,0.000301088709046814,-0.001390626375794223,0.001614983797688594
wf2021,LH019,20210908,-0.0015055215948237511,-0.002351196971446289,0.0006708880911291865
wf2021,LH019,20210909,0.004213129866447807,0.005706731350733538,-0.0015112683852974392
wf2021,LH019,20210910,-0.0035557350518700555,-0.004141989262757152,0.00048236479341272576
wf2021,LH019,20210913,0.002417741970380062,0.005371523267021982,-0.002804574024766357
wf2021,LH019,20210914,-0.0032911647926142655,-0.0025313047663428822,-0.0008373296558339021
wf2021,LH019,20210915,0.004093488135736666,0.0007958742951525532,0.0030806960773209335
wf2021,LH019,20210916,0.002135784335655742,0.0015749135371482133,0.0004958281627617381
wf2021,LH019,20210917,-0.005659355157108808,-0.005379849594405181,-0.00041758796972624936
wf2021,LH019,20210922,0.005882455440812153,0.0038765005143384813,0.0019774642372934305
wf2021,LH019,20210923,0.00345217417816086,0.0030178594312495447,0.0003022071546337033
wf2021,LH019,20210924,0.00825640402981882,0.006068432235067168,0.002146013603979304
wf2021,LH019,20210927,-0.00023749777469922288,-0.00036490926382436596,5.2650225488380984e-05
wf2021,LH019,20210928,0.00453751858849321,0.0027342256339128092,0.0017042745790822027
wf2021,LH019,20210929,-0.0012067208933879033,0.0003526557877521439,-0.0016580764088683334
wf2021,LH019,20210930,0.003777634153189869,0.0007490721753578933,0.002963118664223688
wf2021,LH019,20211008,0.004085156998882955,0.0026806114515335365,0.0014409225680727497
wf2021,LH019,20211011,0.0031620461279414196,0.0014274670618076503,0.001922337273685851
wf2021,LH019,20211012,0.003999541573113628,0.004394092508035063,-0.00017148479563078918
wf2021,LH019,20211013,0.002013262763931431,0.0031077872649297885,-0.0010965464466267077
wf2021,LH019,20211014,0.0012165171107561242,0.0023758505525443103,-0.0009945907881974022
wf2021,LH019,20211015,-0.004724418949149269,-0.0026242745304634395,-0.002124971747304533
wf2021,LH019,20211018,-0.001570095447840468,-0.0008539426394314738,-0.0009396169018475186
wf2021,LH019,20211019,-0.0029170328184464404,-0.0013897014094118758,-0.001722186026559458
wf2021,LH019,20211020,0.000326785139901236,0.0010943381078465041,-0.0006908458694604204
wf2021,LH019,20211021,0.006002988364224835,0.004352397883391559,0.0016166639811749312
wf2021,LH019,20211022,-0.0017564154620836785,0.0006978212170252622,-0.0024663858047960863
wf2021,LH019,20211025,0.0034558878448124673,0.0036809138760832546,-0.00020231391629799768
wf2021,LH019,20211026,-0.0021828557425936333,-0.0003857195442022547,-0.0017822088771092747
wf2021,LH019,20211027,0.004733322354761234,0.0023784084628668506,0.002176743092223443
wf2021,LH019,20211028,0.002074196535385967,0.0016009081015953852,0.00029224996998555646
wf2021,LH019,20211029,-0.0008285616959672112,-0.0004771931174173564,-0.0004418533540779802
wf2021,LH019,20211101,0.0030961282976600286,0.0018835318000107449,0.0012076931356171615
wf2021,LH019,20211102,0.0005742284201129266,0.00011547077044081645,0.0005804717630445985
wf2021,LH019,20211103,-0.0008045459252450544,-0.00022386892467225148,-0.0005133545158384084
wf2021,LH019,20211104,0.0015686010085038705,-0.0013295221791963644,0.003077385041160324
wf2021,LH019,20211105,-0.0005856004017460439,0.00018257581923862966,-0.000752735503509857
wf2021,LH019,20211108,-0.0018354280019178895,-0.0016446011001025008,-0.00019956724601038415
wf2021,LH019,20211109,-0.0008794091376469549,-0.0017307759249809084,0.0008822121717020558
wf2021,LH019,20211110,0.0008302374243812326,0.0006265812131198617,0.0003720770551466614
wf2021,LH019,20211111,-0.0008647609254008575,0.00034842961826270403,-0.0008071477607329426
wf2021,LH019,20211112,0.00181678822262271,-0.00022814658301663202,0.0022212276692815903
wf2021,LH019,20211115,0.002165141451924915,0.000505297506639636,0.0014698870653010703
wf2021,LH019,20211116,-0.0005758771495454704,0.0012924702424231486,-0.0018109782440153734
wf2021,LH019,20211117,0.0005310744711471112,0.0017987109100794782,-0.0013927638846548793
wf2021,LH019,20211118,0.0013568108178650916,0.0014821360839503334,-0.0002031653065675548
wf2021,LH019,20211119,-0.0007011649593517064,0.0018610197279816244,-0.0025358611785878155
wf2021,LH019,20211122,0.00024361280635567823,-0.00020197087698141174,0.00046354225378677084
wf2021,LH019,20211123,-0.0024308496861956807,-0.002214453761621693,-8.782942664369787e-05
wf2021,LH019,20211124,0.0007025750524752188,-8.355274877545446e-06,0.0007611217359751762
wf2021,LH019,20211125,0.0006518702264988671,0.001938647543595364,-0.0013327485643739928
wf2021,LH019,20211126,-0.0021779561516120493,0.0005029609750442063,-0.0026664342361675153
wf2021,LH019,20211129,0.0021605142562648788,0.0002067654271661768,0.0017627208894230805
wf2021,LH019,20211130,0.004799980980935576,0.0032362704127703187,0.0015088293900258436
wf2021,LH019,20211201,0.006102731507257486,0.003138873809090355,0.0013904223655512825
wf2021,LH019,20211202,0.0013072403581908254,0.0009800220061242078,0.00020136427560125877
wf2021,LH019,20211203,0.0003903661818272699,-0.0001107795049759065,0.0003551370117511105
wf2021,LH019,20211206,0.004626623363030432,0.0015520425820587638,0.003109247683025315
wf2021,LH019,20211207,0.0006185017583013944,0.002442794306245675,-0.0018410985671154676
wf2021,LH019,20211208,0.004414529022194949,0.0018809800317505611,0.0024345608029848536
wf2021,LH019,20211209,0.0019383783767881455,0.0026130763505090916,-0.0005953948999233322
wf2021,LH019,20211210,0.001665225488629479,0.0025668207895184476,-0.00019731272107161786
wf2021,LH019,20211213,-0.0012557318791556098,-0.001748832880107512,0.000711995842167897
wf2021,LH019,20211214,-0.005411592695158144,-0.005319420078229098,0.0001877424224614708
wf2021,LH019,20211215,0.00025909241813944217,4.796243050757882e-05,0.00022666737613261348
wf2021,LH019,20211216,5.110286163815571e-05,-0.0022979540212831762,0.002203629814041375
wf2021,LH019,20211217,-8.106927033183636e-05,-0.004324651702445717,0.004023121817999773
wf2021,LH019,20211220,0.0007552920874800868,-0.0007065599785827311,0.0013634840021114708
wf2021,LH019,20211221,0.002098089823774344,0.002760554422773623,-0.0007536694638795116
wf2021,LH019,20211222,0.0013590625958998172,0.003225341396205415,-0.0019781240377851894
wf2021,LH019,20211223,0.005900931625343804,0.0010972613506135818,0.0027914491339550837
wf2021,LH019,20211224,0.0005527394385747226,-0.0012013140234718972,0.001670644627827618
wf2021,LH019,20211227,0.002492071561354281,0.002602944339132689,-0.00012335849391202985
wf2021,LH019,20211228,0.0009364829765503323,-1.705957553557982e-05,0.0011164651966346787
wf2021,LH019,20211229,0.0002540051898957448,0.0001341672101337686,-2.17349693869654e-05
wf2021,LH019,20211230,0.0009243971728989629,-0.00042771538901404505,0.0013212775789174986
wf2021,LH019,20211231,0.00059926888900152,-0.0038201887971992298,0.00423212026214244
wf2021,TS_K10,20210104,0.005467691470684631,0.004785424229916493,0.0008295959310440013
wf2021,TS_K10,20210105,-0.003925093640331773,-0.004146571215840234,0.00021292082969910186
wf2021,TS_K10,20210106,0.0027828543335370846,0.0025415662640875906,2.90759024534576e-05
wf2021,TS_K10,20210107,0.004049430564349899,0.0032787356924583767,0.0007905564219120047
wf2021,TS_K10,20210108,0.002309221855802058,0.0012693281826511842,0.000936275334084282
wf2021,TS_K10,20210111,0.0029375598394461924,0.0020863590456562772,0.0005817655682268492
wf2021,TS_K10,20210112,-0.0024023052876225755,-0.0028426796751819987,0.0003894571501311642
wf2021,TS_K10,20210113,0.005756995285460122,0.0041926152485728604,0.0015191547724035174
wf2021,TS_K10,20210114,0.006632847622212178,0.007452692804132712,-0.0004738404996801884
wf2021,TS_K10,20210115,0.0035567253605700306,0.003439632450867821,7.035360627380985e-05
wf2021,TS_K10,20210118,0.0020554782418486434,0.001983060986513345,8.575896099028282e-05
wf2021,TS_K10,20210119,0.002368786573197546,0.003046582624636017,-0.0006433852894187354
wf2021,TS_K10,20210120,0.0018563343303830493,0.0017700980529313712,1.0900400123976177e-05
wf2021,TS_K10,20210121,1.6018895885443543e-05,-9.087893316649619e-06,1.2355817197372342e-05
wf2021,TS_K10,20210122,0.0012051751098901987,0.0019708554679037198,-0.0006536656350438396
wf2021,TS_K10,20210125,0.002069573734077271,0.0019663383127409007,6.95037438997443e-05
wf2021,TS_K10,20210126,0.0007539019100068485,0.0004984303462572567,0.00018208354267380507
wf2021,TS_K10,20210127,0.0019540274210688973,0.0011730695361007258,0.0005316429486340529
wf2021,TS_K10,20210128,-0.0016936983833436923,-0.0011146580201892727,-0.0003135040915908265
wf2021,TS_K10,20210129,0.0010494878692230147,0.00141120952900543,0.00023508102900091817
wf2021,TS_K10,20210201,0.0035556920365527422,0.0030446716725684646,0.00016412411761864646
wf2021,TS_K10,20210202,-0.003910720593944992,-0.0035920660340633902,-0.00022830107079577954
wf2021,TS_K10,20210203,-0.002268514382971081,-0.0021305706276968967,-0.00030992368165775404
wf2021,TS_K10,20210204,0.0018683478538481738,0.0023124709236938923,-0.0008681108943945275
wf2021,TS_K10,20210205,-0.0023517532417567147,-0.002483135463050852,-0.0002529970743352569
wf2021,TS_K10,20210208,0.0030094358308736906,0.0021391973239794203,0.0004607686298326701
wf2021,TS_K10,20210209,0.0014713189372432692,0.0009880535417799829,0.00021434916633484275
wf2021,TS_K10,20210210,0.003839146998597942,0.0033802941076168636,0.0006428720651171614
wf2021,TS_K10,20210218,0.0049557968698078145,0.004472772666201405,0.0005450461717208371
wf2021,TS_K10,20210219,0.0011637147529498983,0.0008153663520410364,0.00019452128222694832
wf2021,TS_K10,20210222,-0.00047638345924234937,-0.0005435303544610999,-8.228786817077462e-05
wf2021,TS_K10,20210223,0.006035761808367848,0.0053698105372508315,0.0005847185645787526
wf2021,TS_K10,20210224,-0.0026749118457143166,-0.0022642465661436187,-0.0003347198108318439
wf2021,TS_K10,20210225,0.004302268124411218,0.003354702648452648,0.0006961848036332239
wf2021,TS_K10,20210226,0.0019971853061681866,0.001454848160908874,0.00044414454273802677
wf2021,TS_K10,20210301,0.0015975523996302633,0.0014154877953230984,0.00028590951598003094
wf2021,TS_K10,20210302,-0.0007146223434563569,-0.0005048650278818281,-0.000405605678348592
wf2021,TS_K10,20210303,-0.00044321943500567895,-0.00123047681664333,0.0005079500985041839
wf2021,TS_K10,20210304,0.005269083418136646,0.004789764640138625,0.0004266643837795201
wf2021,TS_K10,20210305,-0.00608976645582583,-0.005849439196165914,0.0002342735264597356
wf2021,TS_K10,20210308,-0.0004229696016163284,-0.00011835055560854076,-0.0006127447457119365
wf2021,TS_K10,20210309,5.525381259511089e-05,0.00041215649071976376,-0.00013244357729520968
wf2021,TS_K10,20210310,0.0029732175198076485,0.0024050652778519707,0.0003876621526506501
wf2021,TS_K10,20210311,-0.00232655671077011,-0.0018531819132576127,-0.0005508552997548914
wf2021,TS_K10,20210312,-0.004144030019497981,-0.0038731379343661426,-0.00046276673296802106
wf2021,TS_K10,20210315,0.0014058141890268168,0.0009804277386682957,0.000428323246676325
wf2021,TS_K10,20210316,0.003970185473383187,0.003992624932098898,0.00013510648139539302
wf2021,TS_K10,20210317,0.0004676930751389644,0.0009015189201434987,-0.0002915477792990161
wf2021,TS_K10,20210318,0.001688583963707343,0.0015735198693789206,0.0002640160538934172
wf2021,TS_K10,20210319,-0.001401605680862443,-0.0012596916785278984,7.853431227977795e-05
wf2021,TS_K10,20210322,0.005087880443851334,0.004512233576202777,0.0005997048949354142
wf2021,TS_K10,20210323,-0.0024227450771678646,-0.002060272874372869,-0.0003505798619155023
wf2021,TS_K10,20210324,0.0038555151278373938,0.0035404748297281226,0.00013998008627159143
wf2021,TS_K10,20210325,0.001721426019514697,0.0013987020527288056,0.00029514144452934325
wf2021,TS_K10,20210326,0.00038929539846706946,0.000668541656783875,-0.0002915678155582192
wf2021,TS_K10,20210329,0.0040729232796355526,0.004330114058651387,-0.00036224526139038793
wf2021,TS_K10,20210330,-0.000637105153442494,-0.0007921881840834045,1.1304651954291211e-05
wf2021,TS_K10,20210331,0.0028277745008647775,0.0026219967912055673,4.989086129832346e-05
wf2021,TS_K10,20210401,0.004542103644277231,0.004501029851456707,0.0001448669063479408
wf2021,TS_K10,20210402,0.001525620302240958,0.00168688417041278,-0.00013472621108516185
wf2021,TS_K10,20210406,-0.00352270604320056,-0.00236814138578098,-0.0007758875147657216
wf2021,TS_K10,20210407,0.002909281974203505,0.0026111711987039446,0.00021102418850672773
wf2021,TS_K10,20210408,-0.00013610471532084852,-0.0007690793436681201,0.000519643723820925
wf2021,TS_K10,20210409,-0.0061897515521258,-0.006285715871269435,6.970728111931111e-05
wf2021,TS_K10,20210412,0.004694425797588353,0.004681454634264811,-1.4668551490437277e-05
wf2021,TS_K10,20210413,0.002830015976725211,0.002459196567573476,0.00022600468203547134
wf2021,TS_K10,20210414,0.002067045750475841,0.001777191638600068,5.248009080330155e-05
wf2021,TS_K10,20210415,0.00031953905585155665,-9.351475695673931e-05,0.0002769003928979047
wf2021,TS_K10,20210416,0.0034740169512183887,0.0032088397335604717,0.00015184017147575345
wf2021,TS_K10,20210419,0.001438654853490024,0.0014257470387318582,-7.987561739770515e-05
wf2021,TS_K10,20210420,0.0015357438534301326,0.0012085493697972173,0.0001155315307302552
wf2021,TS_K10,20210421,0.00040946420145074975,9.397358152089536e-05,0.0003748773060862866
wf2021,TS_K10,20210422,0.002575486189793628,0.0024784229518121544,2.1113562908376262e-05
wf2021,TS_K10,20210423,-0.00026001047195245257,-0.000655017739645269,0.00021359394664274036
wf2021,TS_K10,20210426,0.000393434016518218,0.0002144724038233948,-2.83279004918454e-05
wf2021,TS_K10,20210427,-0.0005706252255991478,-0.00019238294792059906,-0.0001350356466878595
wf2021,TS_K10,20210428,0.00015677493034650701,-1.1870982137057425e-05,-1.4269862064007115e-05
wf2021,TS_K10,20210429,-0.001081010111179035,-0.00098195014391136,-0.00020776234880220016
wf2021,TS_K10,20210430,-0.0022992451968225787,-0.0021503282570027506,-0.0002984571012786863
wf2021,TS_K10,20210506,-0.003510858215113756,-0.0031323305870779483,-0.0003495588175356567
wf2021,TS_K10,20210507,-0.00709585147618504,-0.006660088089777907,-0.0004782724721649008
wf2021,TS_K10,20210510,0.0036419418361158685,0.0038036897282078307,-0.00010863649852736588
wf2021,TS_K10,20210511,-0.00015887347319469385,-0.0003005512304252308,-3.702939117297395e-05
wf2021,TS_K10,20210512,0.000701714443168037,0.00024169271315951124,0.0003795139391881835
wf2021,TS_K10,20210513,0.0036007148428746395,0.002937835214862489,0.0005750089890667927
wf2021,TS_K10,20210514,0.004167467000268834,0.004241972804434736,-0.00011398265227222969
wf2021,TS_K10,20210517,0.000253105476082093,0.0008417860171025239,-0.0005524519068251309
wf2021,TS_K10,20210518,0.0005006183328519327,0.0005880442888170276,-0.00012278464709304356
wf2021,TS_K10,20210519,0.003994750976193133,0.003558520733944336,0.0002689224564965243
wf2021,TS_K10,20210520,-0.0015026455814970306,-0.001212117356787353,-0.0003338574801110277
wf2021,TS_K10,20210521,0.0016453452937410743,0.0009051053585012534,0.0005561081726329167
wf2021,TS_K10,20210524,0.0013145214476701604,0.001309729706616694,-9.459701432115653e-06
wf2021,TS_K10,20210525,-0.0003529941105023457,-0.00044208771426243985,6.775955290557839e-05
wf2021,TS_K10,20210526,0.004449220865980639,0.004097485425208296,0.0002448425322446857
wf2021,TS_K10,20210527,-8.4347290368898e-05,0.00030623673176677596,-0.00044301731151883815
wf2021,TS_K10,20210528,-0.0005671582587457435,-0.00018031519638274872,-0.0003937883743463128
wf2021,TS_K10,20210531,0.00034364972995339516,2.371873666539355e-06,0.00043615684729244073
wf2021,TS_K10,20210601,-0.001414933425219131,-0.001634756094059701,0.0001976759435427277
wf2021,TS_K10,20210602,-0.0013228388841521584,-0.001366559511303104,7.846303284084866e-05
wf2021,TS_K10,20210603,0.0028788802431280167,0.001806794505824035,0.0006606216336088221
wf2021,TS_K10,20210604,0.004164640637319407,0.0037125114032820422,0.0001846562070293633
wf2021,TS_K10,20210607,0.0017698418897316298,0.0012353624181655593,0.000549116259526262
wf2021,TS_K10,20210608,0.002832216895732004,0.002384120346024966,0.0002938086678327805
wf2021,TS_K10,20210609,0.004750424892195486,0.00413569266498229,0.0005706897554945193
wf2021,TS_K10,20210610,0.0011989180882833947,0.0017069312445080595,-0.00041618308823325483
wf2021,TS_K10,20210611,0.00598568485375636,0.004948616847670701,0.000739140136031122
wf2021,TS_K10,20210615,-0.0002760150520418909,-0.00031872958208940816,-8.813064222738137e-05
wf2021,TS_K10,20210616,0.0027142461120376795,0.002478112558400203,0.00026217871625948213
wf2021,TS_K10,20210617,0.001371262060032935,0.001295014735615908,7.020139907718188e-05
wf2021,TS_K10,20210618,0.004310079448860469,0.004204418617864399,0.0001225096800464172
wf2021,TS_K10,20210621,-0.000765806929837862,-0.0007271033150388032,7.819772355429804e-05
wf2021,TS_K10,20210622,0.0014028057943866624,0.0009213417419543932,0.00031804850238100445
wf2021,TS_K10,20210623,0.00243922161870957,0.001958706692408001,0.0003414672728569947
wf2021,TS_K10,20210624,-0.0003513803214308547,-0.0004764423171915556,7.269473936241628e-05
wf2021,TS_K10,20210625,0.0030277865920013986,0.002990985727849884,-6.0078170903949714e-05
wf2021,TS_K10,20210628,-0.0005485766062533811,-0.00016724675715625029,-0.0004476330065389107
wf2021,TS_K10,20210629,0.0025934058285523223,0.0017333284969066423,0.0006603892085690472
wf2021,TS_K10,20210630,0.003199944490935632,0.0037581815250203074,-0.0005397222843492732
wf2021,TS_K10,20210701,-0.0014881372437059795,-0.0014953431176438852,-0.00030642672899728273
wf2021,TS_K10,20210702,0.0005017640148881307,0.00019102797172682658,0.00015995147122818795
wf2021,TS_K10,20210705,-0.0005583235468887737,-4.3423939616876216e-05,-0.00014608754854127372
wf2021,TS_K10,20210706,0.005541040036837132,0.005241083152093018,0.0002901053749115422
wf2021,TS_K10,20210707,0.0025307350036845536,0.0022891718467746396,5.6323141383505905e-05
wf2021,TS_K10,20210708,-0.0015160801873224834,-0.0018775294067541293,0.0002058237648821548
wf2021,TS_K10,20210709,0.002842183273746246,0.0023101833631476937,0.0004800409439897112
wf2021,TS_K10,20210712,0.003180288512805168,0.002778250030226528,0.00029770964533819825
wf2021,TS_K10,20210713,0.0034212817127949177,0.0033501851305990575,0.00013738814000544903
wf2021,TS_K10,20210714,0.001214011121630416,0.0016110117749273361,-0.0004001373316636656
wf2021,TS_K10,20210715,0.0007063988606181523,0.0005658948150544971,-5.541212434700377e-05
wf2021,TS_K10,20210716,0.0031911226955627144,0.0026636624882468364,0.0004490611251902245
wf2021,TS_K10,20210719,0.0007107941444715431,0.0005590836368089623,-3.862933217020246e-06
wf2021,TS_K10,20210720,0.00361736287477085,0.0037831323965601587,-0.0003482390707116648
wf2021,TS_K10,20210721,-0.000293991346789584,-0.00047318565556751617,-1.0608762466321289e-05
wf2021,TS_K10,20210722,-0.0003576637852802326,-0.0005431521256039557,4.012160886409131e-05
wf2021,TS_K10,20210723,-0.0017040693642635472,-0.0014875860530182117,-0.00016016734565952885
wf2021,TS_K10,20210726,0.0006353603818428644,0.0004982583896977954,-2.186797874172814e-06
wf2021,TS_K10,20210727,0.0012537268151514812,0.0020411902679960724,-0.0006904552571172278
wf2021,TS_K10,20210728,0.001768848797932137,-0.00021975909097062376,0.001959080953288208
wf2021,TS_K10,20210729,0.002335623807352232,0.0012452727691068435,0.0009255162257273788
wf2021,TS_K10,20210730,0.006074060646647186,0.005194872880432478,0.0007505775104155437
wf2021,TS_K10,20210802,0.00441143268621778,0.003438496932812407,0.0009130407370043875
wf2021,TS_K10,20210803,0.0006415212573151526,0.0009054097374036896,-0.0003592990162329152
wf2021,TS_K10,20210804,-0.000871782526164197,-0.0005989915234136195,-0.00013659974395089793
wf2021,TS_K10,20210805,-0.0023613858233272663,-0.002447686595136965,-9.25567591128521e-05
wf2021,TS_K10,20210806,0.007060058283694706,0.007096924532646072,0.00011527389077774106
wf2021,TS_K10,20210809,0.004339843928993855,0.0034829209228025232,0.0008317068659827924
wf2021,TS_K10,20210810,-0.0021172020257157684,-0.0016195181639424034,-0.00033937137422296163
wf2021,TS_K10,20210811,-0.0026171323783356413,-0.002363681346156391,-0.0003109124946089033
wf2021,TS_K10,20210812,0.0002723613316563097,-0.00019488125186718137,0.0004384226487272236
wf2021,TS_K10,20210813,0.0006450681686158261,0.0008015127056431996,0.0001232003130956526
wf2021,TS_K10,20210816,-0.0017203858043092733,-0.0011502738743855757,-0.0004192892330360027
wf2021,TS_K10,20210817,-0.0013627228083038087,-0.001214420159547028,-0.00016270375670717223
wf2021,TS_K10,20210818,0.00026579744894656473,0.00033421672840777596,-0.00027993691085376464
wf2021,TS_K10,20210819,-0.0034384258862239763,-0.0035728387457921356,-0.00018769952455509895
wf2021,TS_K10,20210820,0.0022867618946608263,0.0014039906269455254,0.0009156141872188595
wf2021,TS_K10,20210823,0.0009847633868973011,0.0010422245237897486,-7.620111746947356e-05
wf2021,TS_K10,20210824,0.00034298543412999895,0.00031547855668072116,-5.633887926931574e-05
wf2021,TS_K10,20210825,-0.003590435772036528,-0.00338181620384193,-0.0003726049055293733
wf2021,TS_K10,20210826,-0.0018539153013325674,-0.001690308173031196,-0.0002585036617286954
wf2021,TS_K10,20210827,-0.0009298220852972019,-0.001018107385895306,-5.585938369526123e-05
wf2021,TS_K10,20210830,-0.001807173714951166,-0.0014206435529661864,-0.0005002465076054337
wf2021,TS_K10,20210831,0.005992233301548973,0.0060483849090136165,-6.574950595019031e-05
wf2021,TS_K10,20210901,-0.007621620225621836,-0.007456775082336588,-8.394780185677316e-05
wf2021,TS_K10,20210902,0.0017716230567309808,0.0017240285260607105,-8.31069238562028e-06
wf2021,TS_K10,20210903,0.006810294063431803,0.006302835764275753,0.0005329586855025758
wf2021,TS_K10,20210906,-0.001442796311436522,-0.0014116763937688786,-0.00012302297958485825
wf2021,TS_K10,20210907,-0.0008010118223316567,-0.0011243704022553555,0.0002466272927712542
wf2021,TS_K10,20210908,-0.0015212829882838377,-0.0014633397361616548,-0.0002327305376155345
wf2021,TS_K10,20210909,0.003432513641765808,0.00424406335025712,-0.0008292166095030198
wf2021,TS_K10,20210910,-0.00363035412973979,-0.0035119414400159774,-0.00022230210719818207
wf2021,TS_K10,20210913,0.0020842291412825845,0.003533357659328248,-0.0012999212461701016
wf2021,TS_K10,20210914,-0.004970986257197588,-0.0044384576013429804,-0.000609998285417127
wf2021,TS_K10,20210915,0.0014695349935505107,-5.336469468099445e-05,0.001305981924968325
wf2021,TS_K10,20210916,0.004263727700387266,0.0036092792913180174,0.0005894057733234584
wf2021,TS_K10,20210917,-0.0060870789977065885,-0.005827335747963012,-0.00039782565676619984
wf2021,TS_K10,20210922,0.005369855123436857,0.004971626064912085,0.0003697383693445277
wf2021,TS_K10,20210923,0.003765374391620507,0.003706237831651769,-7.29710323088744e-05
wf2021,TS_K10,20210924,0.006161199873845568,0.0052404800124569995,0.0008787616706162196
wf2021,TS_K10,20210927,-0.001673605404336218,-0.0017190775519373052,-2.9289116035674772e-05
wf2021,TS_K10,20210928,0.0029123846508262857,0.0024846382011860374,0.00032872807414205407
wf2021,TS_K10,20210929,-0.0014440493072891795,-0.001604915183346128,6.216614832866836e-05
wf2021,TS_K10,20210930,0.003289864204415023,0.002339085085881522,0.0008853358049252125
wf2021,TS_K10,20211008,0.004409424335783987,0.0036301208276589662,0.0008156805288483532
wf2021,TS_K10,20211011,0.0023974645818636703,0.001968353665215482,0.0006168691242002697
wf2021,TS_K10,20211012,0.004587259093391796,0.00488138989140542,-7.106465872298051e-05
wf2021,TS_K10,20211013,0.0009350201120093644,0.0016314410315287412,-0.000698442865147727
wf2021,TS_K10,20211014,0.0011204720376147273,0.0019674120140936047,-0.0006821973228880926
wf2021,TS_K10,20211015,-0.003993151819249653,-0.002592008384065537,-0.00142597076380282
wf2021,TS_K10,20211018,-0.0003943197230506395,-0.00020216891514701114,-0.0004156149013421535
wf2021,TS_K10,20211019,-0.004010681415876606,-0.0032367748688164957,-0.0009687611645850043
wf2021,TS_K10,20211020,0.0006675468629991901,0.0014945695907924777,-0.0007503156293084401
wf2021,TS_K10,20211021,0.004959498609647163,0.004264171717323697,0.0006614003926651206
wf2021,TS_K10,20211022,-0.000872941099787577,0.00042065334208498805,-0.001305743567559712
wf2021,TS_K10,20211025,0.0008595408945598296,0.00104436396623957,-0.0001621109567069504
wf2021,TS_K10,20211026,-0.0016416063539545639,-0.0005218146304627958,-0.0011048644022096643
wf2021,TS_K10,20211027,0.0016512514588083622,0.0005116898931373631,0.00096139076600006
wf2021,TS_K10,20211028,0.002404377798000913,0.0020910857662947433,0.00013225356790113859
wf2021,TS_K10,20211029,0.0012441233944516846,0.00100421262339877,0.00014942599552478626
wf2021,TS_K10,20211101,0.0052046596899972125,0.00411669406140025,0.0010830622665648421
wf2021,TS_K10,20211102,0.002628197455105657,0.0023214906270335824,0.000428420941444564
wf2021,TS_K10,20211103,0.00039403087479150146,0.0003998745706429248,6.147878888297333e-05
wf2021,TS_K10,20211104,0.002556182341189099,0.0008032057135569379,0.0019322384810922491
wf2021,TS_K10,20211105,-0.0016965455477334678,-0.0010776190748433964,-0.0006034857554152559
wf2021,TS_K10,20211108,0.0010426449242169917,0.0008465154610000633,0.00018738911902193515
wf2021,TS_K10,20211109,0.0005319305634098152,-0.0002345228893407024,0.0007972988371186202
wf2021,TS_K10,20211110,0.000527749296973884,0.00037966722353480946,0.0003165029173243667
wf2021,TS_K10,20211111,0.00012920259633461897,0.0006337387316921846,-9.849335242694701e-05
wf2021,TS_K10,20211112,0.0017326727739905082,0.000220091172849596,0.0016888744647831633
wf2021,TS_K10,20211115,0.0022018826103743835,0.0007946389019089287,0.0012172868284812484
wf2021,TS_K10,20211116,0.0006650263737501862,0.0018754155234069051,-0.001153020001703474
wf2021,TS_K10,20211117,0.001246808555654279,0.0021328748389039423,-0.0010111937289721735
wf2021,TS_K10,20211118,0.000976698895867269,0.0011384079322655286,-0.00023954907688057372
wf2021,TS_K10,20211119,8.150225682821213e-05,0.0015022888016811196,-0.0013944630361073936
wf2021,TS_K10,20211122,0.0010656889782860164,0.0006394527480900574,0.00044419480064564047
wf2021,TS_K10,20211123,-0.0004523241017124393,-0.0003439943322583503,2.0236728476200624e-05
wf2021,TS_K10,20211124,0.0009778716639854245,0.0007277482452503195,0.00030031482735751674
wf2021,TS_K10,20211125,0.0010744899636677642,0.0018662424612554504,-0.0008377237448651821
wf2021,TS_K10,20211126,-0.0009171613055600969,0.0007444320979104008,-0.001647110512981758
wf2021,TS_K10,20211129,0.002205041159711897,0.0011126967708959537,0.0009013164491403219
wf2021,TS_K10,20211130,0.0011475574969397433,0.00018228024822825533,0.0009103960705720704
wf2021,TS_K10,20211201,0.00221079037799877,0.0004949891523078411,0.0015533698015585394
wf2021,TS_K10,20211202,0.002369799697251193,0.0022341322557155956,9.81336507023745e-06
wf2021,TS_K10,20211203,-0.0016304146003625203,-0.0017337152359137933,9.651818154493329e-05
wf2021,TS_K10,20211206,0.0014161552074081728,-9.07334588869036e-05,0.0015415555683487231
wf2021,TS_K10,20211207,0.002778355771728783,0.003335798336542584,-0.000574248583984987
wf2021,TS_K10,20211208,0.0025407511894910764,0.0010398418526194042,0.0014019211494121385
wf2021,TS_K10,20211209,0.00017536155469504702,0.0007153194969506996,-0.00046065486845803857
wf2021,TS_K10,20211210,-0.0017256465087980995,-0.0009275781406238166,-0.0008251513918470473
wf2021,TS_K10,20211213,0.0008668544916476013,0.0007131383341060741,0.00037261099875752124
wf2021,TS_K10,20211214,-0.005263204139551486,-0.004650248233282228,-0.0003330408668787422
wf2021,TS_K10,20211215,0.001405840185376584,0.0010887119787757115,0.00033266559510162076
wf2021,TS_K10,20211216,-0.0007691814245099305,-0.0021187563514453688,0.0012041478580554822
wf2021,TS_K10,20211217,-0.0016498223012970312,-0.003957371310046998,0.0020870883946358604
wf2021,TS_K10,20211220,-6.433005216937432e-05,-0.0006482581836639483,0.0004855600675432231
wf2021,TS_K10,20211221,0.0032938355374830157,0.0032767999461283817,-7.41692735256e-05
wf2021,TS_K10,20211222,0.0011063820825973109,0.002170820077435049,-0.0011762832323173305
wf2021,TS_K10,20211223,0.0048465822711604226,0.0021286639126049177,0.0023515585384047927
wf2021,TS_K10,20211224,0.0010547495118521629,0.0001798111288228498,0.0007915295488103121
wf2021,TS_K10,20211227,0.004795558287991978,0.0046524055569335965,0.00013066701492476124
wf2021,TS_K10,20211228,0.0008707925590353058,0.0005480892491205336,0.0004856259544635379
wf2021,TS_K10,20211229,0.0016349685669867376,0.001250791089601225,0.00024260452823657286
wf2021,TS_K10,20211230,0.0007204161812775275,7.632784986590123e-05,0.000613253348416115
wf2021,TS_K10,20211231,-0.002206380667506504,-0.004687356983140555,0.0022936388915757444
wf2021,TS_K12.5,20210104,0.005971946521014891,0.005261794568356709,0.0008574806429340434
wf2021,TS_K12.5,20210105,-0.002689683398254832,-0.0027835216348985428,8.528149083435101e-05
wf2021,TS_K12.5,20210106,0.0034558130828462007,0.003165478387130022,7.81225287201399e-05
wf2021,TS_K12.5,20210107,0.0032005844101324126,0.0025726527686717056,0.0006477931914811888
wf2021,TS_K12.5,20210108,0.0028433042530430983,0.0017835641603824886,0.0009561217535940139
wf2021,TS_K12.5,20210111,0.003160408264433208,0.0022338615849681887,0.0006571114539019562
wf2021,TS_K12.5,20210112,-0.003175602890146477,-0.0034297705305488444,0.00020325040297410773
wf2021,TS_K12.5,20210113,0.004627464638054,0.003331790800919835,0.0012504485726504196
wf2021,TS_K12.5,20210114,0.005965462977744071,0.006759879588075157,-0.00044841192809074414
wf2021,TS_K12.5,20210115,0.0036574289971032844,0.003210916334848924,0.0003997733588259621
wf2021,TS_K12.5,20210118,0.001638275753501868,0.0017453028997931668,-9.368544063631442e-05
wf2021,TS_K12.5,20210119,0.0023912934236506016,0.0028795879818230273,-0.0004538837961526883
wf2021,TS_K12.5,20210120,0.002492499054652291,0.0022928589459208113,0.00012430423140377943
wf2021,TS_K12.5,20210121,0.00035893667883159057,0.00028490500111843305,6.128070570843675e-05
wf2021,TS_K12.5,20210122,0.0009870205013009087,0.0016401995757159872,-0.0005411643514453973
wf2021,TS_K12.5,20210125,0.00276901428012809,0.002856154483093784,-0.00012087188040232021
wf2021,TS_K12.5,20210126,0.000602296637375664,0.0004441141940244495,8.479442227542703e-05
wf2021,TS_K12.5,20210127,0.0018500319329808092,0.0012844958509361524,0.00031622114571053597
wf2021,TS_K12.5,20210128,-0.0016962474638029957,-0.001032279732891592,-0.0003984314593478095
wf2021,TS_K12.5,20210129,0.0012319909712933362,0.0015638438282230237,0.0002649498318536468
wf2021,TS_K12.5,20210201,0.003318566269575812,0.0027246440331508085,0.0002470259900593727
wf2021,TS_K12.5,20210202,-0.004166533712321641,-0.00377844600394786,-0.00029773421928795706
wf2021,TS_K12.5,20210203,-0.002577157792967383,-0.002482893597460417,-0.0002662441218905368
wf2021,TS_K12.5,20210204,-0.00026567847644668775,0.0005481257863703296,-0.001237792087365825
wf2021,TS_K12.5,20210205,-0.002539169150680448,-0.0026342782078297993,-0.00028927023848004306
wf2021,TS_K12.5,20210208,0.003030316681685387,0.001959681339436769,0.0006611654651870154
wf2021,TS_K12.5,20210209,0.000972650176252512,0.0006066552751094955,9.707867201457217e-05
wf2021,TS_K12.5,20210210,0.004208436270995781,0.0036785105366508855,0.0007139449084809763
wf2021,TS_K12.5,20210218,0.0055683027443335295,0.005186260362378873,0.0004440643500690874
wf2021,TS_K12.5,20210219,0.0026429526887573433,0.002417723665469457,7.14019046059702e-05
wf2021,TS_K12.5,20210222,-0.001279074319379678,-0.0013165529065813804,-0.00011195617618782159
wf2021,TS_K12.5,20210223,0.006890476848508345,0.006335944124201209,0.0004733000177688724
wf2021,TS_K12.5,20210224,-0.00285837365337897,-0.0023024412685330067,-0.00047998691610710886
wf2021,TS_K12.5,20210225,0.0038035985368146544,0.0029608314922878773,0.0005913863722014299
wf2021,TS_K12.5,20210226,0.0022606367045831834,0.0016782991209101988,0.0004841449811516982
wf2021,TS_K12.5,20210301,0.0022309142225620917,0.002085838641611486,0.00024892049262347144
wf2021,TS_K12.5,20210302,4.3875588452745376e-05,0.00018917467764553492,-0.00034114745196685205
wf2021,TS_K12.5,20210303,-0.0004650492440246151,-0.001189776238822921,0.0004454197116648391
wf2021,TS_K12.5,20210304,0.005198740010229037,0.0046968152191595,0.00044927039685103347
wf2021,TS_K12.5,20210305,-0.005155445646554397,-0.004807164161094937,0.00012631930066019223
wf2021,TS_K12.5,20210308,-0.0009021300465384581,-0.0005500829679183728,-0.0006601727783242344
wf2021,TS_K12.5,20210309,0.0009482867701538691,0.0013255141647048707,-0.0001527682937215594
wf2021,TS_K12.5,20210310,0.00216602444010848,0.0016665818408913204,0.00031895250991212756
wf2021,TS_K12.5,20210311,-0.0027877772154181776,-0.0023390005296166512,-0.0005262571880439207
wf2021,TS_K12.5,20210312,-0.004053403696625168,-0.003895150002274485,-0.0003501283421868648
wf2021,TS_K12.5,20210315,0.0010655948788248302,0.0007193896851552437,0.0003491419899873901
wf2021,TS_K12.5,20210316,0.004298358405537143,0.004332548799100807,0.00012335554654744176
wf2021,TS_K12.5,20210317,0.0005487270920906911,0.0010128590595826284,-0.00032185390178641825
wf2021,TS_K12.5,20210318,0.0017558755067881144,0.0016322453336807194,0.0002725821326723893
wf2021,TS_K12.5,20210319,-0.0011154553551609749,-0.0009599844668717248,6.497742632507119e-05
wf2021,TS_K12.5,20210322,0.004510903160534862,0.003949862448958003,0.0005850987388637162
wf2021,TS_K12.5,20210323,-0.0028334979392467766,-0.002525685132117591,-0.00029592046624969193
wf2021,TS_K12.5,20210324,0.0036238445193159936,0.0033111242941119725,0.00013766001336634057
wf2021,TS_K12.5,20210325,0.002031238170965958,0.0017128664950234187,0.00029078915368599184
wf2021,TS_K12.5,20210326,0.0011547031797594332,0.001465901560252504,-0.0003235199377344842
wf2021,TS_K12.5,20210329,0.004094687616014865,0.004246154336499745,-0.00025652120285943417
wf2021,TS_K12.5,20210330,-0.000962930704952298,-0.0010808490497381923,-2.58600339007253e-05
wf2021,TS_K12.5,20210331,0.0033017832525830968,0.0030315870335807637,0.00011430937064144576
wf2021,TS_K12.5,20210401,0.004283554533428393,0.004226700815694171,0.00016064683126163967
wf2021,TS_K12.5,20210402,0.001584137706017617,0.0017143615225748005,-0.0001036861594705208
wf2021,TS_K12.5,20210406,-0.0028620133374504626,-0.0017618265815819538,-0.0007215096132146511
wf2021,TS_K12.5,20210407,0.0031965208324690247,0.002886384166463885,0.00022305007901230698
wf2021,TS_K12.5,20210408,5.962175410282851e-06,-0.0006135658859978721,0.0005061971568818084
wf2021,TS_K12.5,20210409,-0.006290037469082729,-0.006427291198052868,0.00011099669094581416
wf2021,TS_K12.5,20210412,0.004390468806306717,0.00438058957078998,-1.7760479297242824e-05
wf2021,TS_K12.5,20210413,0.0031677586952840904,0.0028497309037457483,0.0001732130644220814
wf2021,TS_K12.5,20210414,0.0013464905405119955,0.0011086660383842382,4.504810552845664e-07
wf2021,TS_K12.5,20210415,0.00017238277099913997,-0.00022356332992284604,0.0002597926810115925
wf2021,TS_K12.5,20210416,0.0033873266246184433,0.0030823490052740623,0.00019164057316221748
wf2021,TS_K12.5,20210419,0.0012611915748511299,0.0012491516461888368,-8.074350349357711e-05
wf2021,TS_K12.5,20210420,0.000505353571776202,0.0001708263846189429,0.00012286423425459953
wf2021,TS_K12.5,20210421,0.00021237470171799446,-0.00010783625704022026,0.00037959764491464617
wf2021,TS_K12.5,20210422,0.0019682317161082265,0.001920643534699349,-2.8361493664218623e-05
wf2021,TS_K12.5,20210423,-3.780247761795124e-05,-0.00044273299172195834,0.0002235171930539307
wf2021,TS_K12.5,20210426,-0.0007143360715162039,-0.0008518410039156825,-6.978458078718975e-05
wf2021,TS_K12.5,20210427,-0.001121202433886004,-0.0007245526540966643,-0.00015344314879865015
wf2021,TS_K12.5,20210428,0.00015505544819456726,2.531174941680333e-05,-5.317207576980773e-05
wf2021,TS_K12.5,20210429,-0.0006392801200554906,-0.000565290350007575,-0.0001826921515824414
wf2021,TS_K12.5,20210430,-0.0018374247481066754,-0.0017848943990730066,-0.00020207051049252672
wf2021,TS_K12.5,20210506,-0.002355028412372998,-0.0019393875422174603,-0.0003866720596553868
wf2021,TS_K12.5,20210507,-0.0076579585394437304,-0.007335839733538799,-0.00036462789166269715
wf2021,TS_K12.5,20210510,0.00300098748266037,0.0032084115522716607,-0.00015431267604669438
wf2021,TS_K12.5,20210511,-0.0006991369672365716,-0.0008644979623935005,-1.3346153246582217e-05
wf2021,TS_K12.5,20210512,0.00042080808464172153,-3.634840611670553e-05,0.00037664869993808535
wf2021,TS_K12.5,20210513,0.0029859927799535998,0.002344446239855586,0.000553675901152661
wf2021,TS_K12.5,20210514,0.004218155782151918,0.004222066677284152,-4.338774323856235e-05
wf2021,TS_K12.5,20210517,-5.4931122633757566e-05,0.0004435341795544635,-0.00046223666799292094
wf2021,TS_K12.5,20210518,-0.0006711233467226073,-0.0005622854517965296,-0.0001441965860540256
wf2021,TS_K12.5,20210519,0.002677868828151644,0.002241538575464556,0.00026902246693481574
wf2021,TS_K12.5,20210520,-0.0011393298964013354,-0.0009021878142139478,-0.00028047133758873785
wf2021,TS_K12.5,20210521,0.001417866080213685,0.0007047869810008518,0.0005289473366059303
wf2021,TS_K12.5,20210524,0.0012035353769889092,0.0012353801290997956,-4.609619459647115e-05
wf2021,TS_K12.5,20210525,4.846128398922761e-05,-1.3895824526087179e-05,4.102305766079934e-05
wf2021,TS_K12.5,20210526,0.0049112912404231475,0.004627964856081003,0.0001764334758144885
wf2021,TS_K12.5,20210527,-0.00014866479001114262,0.00024293970535973537,-0.00044403778475404277
wf2021,TS_K12.5,20210528,-0.0005345805880576354,-0.00012598282073064102,-0.0004155430793103131
wf2021,TS_K12.5,20210531,0.0006486487077377668,0.0002589787212507736,0.00048454897749257875
wf2021,TS_K12.5,20210601,-0.0008687885969897707,-0.0011491770598267136,0.00025824173753909803
wf2021,TS_K12.5,20210602,-0.0015528607490214038,-0.0016278240508307703,0.0001097057074992696
wf2021,TS_K12.5,20210603,0.0030071122553287613,0.0019127869553436769,0.000682861196289924
wf2021,TS_K12.5,20210604,0.0034364266547468386,0.0029899715610004532,0.00017898206673838357
wf2021,TS_K12.5,20210607,0.0007268903416040638,0.00016737318658360833,0.0005741539429806477
wf2021,TS_K12.5,20210608,0.0024008868558919607,0.001906978809330604,0.00033962016468709963
wf2021,TS_K12.5,20210609,0.004834866603328548,0.004234721452973904,0.0005561026786359656
wf2021,TS_K12.5,20210610,0.000937140808814893,0.0014406847271952864,-0.00041171385038898543
wf2021,TS_K12.5,20210611,0.004233987413817987,0.0032306835454637317,0.0007053759982997194
wf2021,TS_K12.5,20210615,0.00025417996505396924,5.311754008892683e-05,7.021725269014325e-05
wf2021,TS_K12.5,20210616,0.00353363263641834,0.003351055175268945,0.00020862262377140356
wf2021,TS_K12.5,20210617,0.0011473284527600807,0.0011500961889278289,-8.813661507593533e-06
wf2021,TS_K12.5,20210618,0.004563203900438129,0.004529853380928172,5.019936856030506e-05
wf2021,TS_K12.5,20210621,-0.0005734358184161636,-0.0004984743559448626,4.193987588205565e-05
wf2021,TS_K12.5,20210622,0.0019235747179694408,0.0014981910519212772,0.0002619681159968998
wf2021,TS_K12.5,20210623,0.002443739018199448,0.0018080356572120686,0.0004966557075428051
wf2021,TS_K12.5,20210624,-0.0005916021071255349,-0.0006832701382015593,3.930077467774007e-05
wf2021,TS_K12.5,20210625,0.002611732055118713,0.002679556384928218,-0.00016470336486497047
wf2021,TS_K12.5,20210628,-0.0003894987413839493,-6.609491635039893e-05,-0.0003897069824753335
wf2021,TS_K12.5,20210629,0.0019823640561717707,0.0011928522871710926,0.0005898236459240448
wf2021,TS_K12.5,20210630,0.0029031165489506634,0.0034056700980307016,-0.00048403879934463844
wf2021,TS_K12.5,20210701,-0.0001731984447124529,-0.00026725957917543,-0.00021957146847221003
wf2021,TS_K12.5,20210702,0.0017034139679916738,0.0014174912782104552,0.0001351381178481035
wf2021,TS_K12.5,20210705,-0.0011893927036926526,-0.000718061677842551,-0.00010251896711947826
wf2021,TS_K12.5,20210706,0.005055387119444875,0.0048518032375294605,0.00019373237208284311
wf2021,TS_K12.5,20210707,0.0019123070591961495,0.0017405562801330347,-1.3489236463292651e-05
wf2021,TS_K12.5,20210708,-0.0014900489304574705,-0.001835887253641592,0.00019021286863463052
wf2021,TS_K12.5,20210709,0.002907396336358097,0.0023962675945045668,0.00045916977524469043
wf2021,TS_K12.5,20210712,0.0023612520459690613,0.001973148409240549,0.0002837747994880708
wf2021,TS_K12.5,20210713,0.0049012227789011304,0.004774741277706232,0.0001927730590044874
wf2021,TS_K12.5,20210714,0.0008301187429439593,0.0012735309116933705,-0.0004465488471161565
wf2021,TS_K12.5,20210715,-0.00028845764779512374,-0.0004052482336035146,-7.912558410226878e-05
wf2021,TS_K12.5,20210716,0.0035517677162477694,0.0030146413795537467,0.00045872725456836923
wf2021,TS_K12.5,20210719,-0.0006882963887349317,-0.000893380697964241,4.9510868349709255e-05
wf2021,TS_K12.5,20210720,0.002943566258168228,0.002960709925668568,-0.00019961321642269673
wf2021,TS_K12.5,20210721,0.0001546542845714616,-3.458482428641722e-05,-5.639623863737666e-07
wf2021,TS_K12.5,20210722,-0.00029447639963781254,-0.00035764337674513833,-8.219975435230553e-05
wf2021,TS_K12.5,20210723,-0.0018238991438066319,-0.001516833887036254,-0.00025074929118457155
wf2021,TS_K12.5,20210726,0.0008906365156465812,0.0009642373043455823,-0.00021288957871824202
wf2021,TS_K12.5,20210727,0.001137265173022886,0.001958393447109221,-0.0007241200783589718
wf2021,TS_K12.5,20210728,0.0019030061723452965,-0.0002098167460916581,0.0020832959828223988
wf2021,TS_K12.5,20210729,0.0031586419883073303,0.0020823694238545883,0.0009114377519347294
wf2021,TS_K12.5,20210730,0.006133225398385393,0.005263205389591434,0.0007414097529947963
wf2021,TS_K12.5,20210802,0.003228554484020281,0.0025890268275144935,0.0005796326401048017
wf2021,TS_K12.5,20210803,0.0006337384930446433,0.0007065265636469415,-0.00016819860674667628
wf2021,TS_K12.5,20210804,-0.0009859564338935093,-0.0006871310399316146,-0.00016263413516221504
wf2021,TS_K12.5,20210805,-0.001407817099573732,-0.0015284577132948013,-5.8216917201481716e-05
wf2021,TS_K12.5,20210806,0.007347724503572682,0.007540822389996626,-4.0957746694836355e-05
wf2021,TS_K12.5,20210809,0.004775910811204608,0.003910208745824535,0.0008404859251715329
wf2021,TS_K12.5,20210810,-0.0019141930996196769,-0.0014890380539190197,-0.00026684255815025365
wf2021,TS_K12.5,20210811,-0.0028396761589727995,-0.0026256330754097475,-0.0002715045459927058
wf2021,TS_K12.5,20210812,-0.0007462115587169181,-0.0012117403532371587,0.00043670885972397295
wf2021,TS_K12.5,20210813,0.0017089066560002542,0.001876212651373285,0.00011233885474999579
wf2021,TS_K12.5,20210816,-0.0022818221677671953,-0.00159579871236642,-0.0005352007585130763
wf2021,TS_K12.5,20210817,-0.0015520953573255267,-0.0013476838134464132,-0.0002188126518295041
wf2021,TS_K12.5,20210818,0.0003861928469203191,0.0004657082510946425,-0.0002910330355668768
wf2021,TS_K12.5,20210819,-0.0032117563026417915,-0.0033395531560832894,-0.00019431553068176088
wf2021,TS_K12.5,20210820,0.003646691889681107,0.0026318901331364047,0.0010476446760482596
wf2021,TS_K12.5,20210823,0.0015500137268951771,0.0015899104524305222,-5.86367061123713e-05
wf2021,TS_K12.5,20210824,0.0015769930007705516,0.00156010417253904,-6.695692848708156e-05
wf2021,TS_K12.5,20210825,-0.0036451801843232212,-0.003341518961438936,-0.00046764656021906016
wf2021,TS_K12.5,20210826,-0.001176509840219338,-0.0010297213771838817,-0.0002416849964627793
wf2021,TS_K12.5,20210827,-0.0011297733264873208,-0.0013494484482896598,7.553043750897352e-05
wf2021,TS_K12.5,20210830,-0.0016157966596389794,-0.0011226170312268469,-0.0006068959740325864
wf2021,TS_K12.5,20210831,0.005258858456166951,0.00569885966643444,-0.00044959910875303497
wf2021,TS_K12.5,20210901,-0.006584479805144642,-0.006588174200652088,8.459173693592105e-05
wf2021,TS_K12.5,20210902,0.0029297188000139245,0.002990799803892828,-0.00011698622693479465
wf2021,TS_K12.5,20210903,0.006863297630697398,0.006334142428113587,0.0005546555889303342
wf2021,TS_K12.5,20210906,-0.001388104898558543,-0.0014331429910417537,-4.686496943400576e-05
wf2021,TS_K12.5,20210907,-0.0009977700047885821,-0.0012080482703543966,0.00013354697841336976
wf2021,TS_K12.5,20210908,-0.002764750482160938,-0.002566325521739908,-0.0003732122459143824
wf2021,TS_K12.5,20210909,0.004001347392950894,0.004781575873402703,-0.000797895381463516
wf2021,TS_K12.5,20210910,-0.003446498071174256,-0.003201967429590247,-0.0003484200590583778
wf2021,TS_K12.5,20210913,0.002515443666561014,0.0037118313102976743,-0.001047180371861097
wf2021,TS_K12.5,20210914,-0.004152949643509457,-0.0036901108655360763,-0.0005403084075358988
wf2021,TS_K12.5,20210915,0.0014821351725326105,0.0002671257556696841,0.0009980916535997472
wf2021,TS_K12.5,20210916,0.0034186652541903454,0.0027595867934463855,0.0005940358249981697
wf2021,TS_K12.5,20210917,-0.006376122667627262,-0.006095717072926478,-0.00041848800172340897
wf2021,TS_K12.5,20210922,0.005093896316915077,0.004868570552572113,0.00019683507516272318
wf2021,TS_K12.5,20210923,0.0032333959359145074,0.0032609326048333317,-0.00015964426119643576
wf2021,TS_K12.5,20210924,0.0064895822179305215,0.00582369273824527,0.0006239312889128975
wf2021,TS_K12.5,20210927,-0.00167576287122485,-0.001736664401540355,-1.385973332125652e-05
wf2021,TS_K12.5,20210928,0.002680239893254919,0.002599575494529939,-1.835397677321215e-05
wf2021,TS_K12.5,20210929,-0.0007567636845992216,-0.0011897773846480221,0.0003343139723205194
wf2021,TS_K12.5,20210930,0.0026799618311918634,0.0020170040846194657,0.0005975144329641084
wf2021,TS_K12.5,20211008,0.0033605271443695912,0.002738890537808533,0.0006580136272843898
wf2021,TS_K12.5,20211011,0.002358462068191602,0.0020703950192891576,0.0004758252564545265
wf2021,TS_K12.5,20211012,0.006354046364557719,0.0066649004913776014,-8.77879875292377e-05
wf2021,TS_K12.5,20211013,0.0023166707329491864,0.002764438416956721,-0.0004497896296358854
wf2021,TS_K12.5,20211014,0.0009785555658624817,0.0017456791879842284,-0.000602380968530961
wf2021,TS_K12.5,20211015,-0.003359771625414767,-0.0023865503517850137,-0.0009980486022484567
wf2021,TS_K12.5,20211018,7.696632095305616e-05,0.00015842115009269652,-0.0003049189225781645
wf2021,TS_K12.5,20211019,-0.004022240104119371,-0.0034336824958607326,-0.0007834122257835311
wf2021,TS_K12.5,20211020,6.615264502155688e-05,0.0008274048202187476,-0.0006845450767123441
wf2021,TS_K12.5,20211021,0.005289285704848226,0.004814759983853411,0.0004405992213364703
wf2021,TS_K12.5,20211022,-0.0015173504042575144,-0.0006628055897029251,-0.0008666939402417356
wf2021,TS_K12.5,20211025,0.001380867934544343,0.0015369666477005237,-0.00013338659818339077
wf2021,TS_K12.5,20211026,-0.0013943236666315965,-0.0004854423826177426,-0.0008939539627317476
wf2021,TS_K12.5,20211027,0.0016212600769129754,0.0008296206283048262,0.0006134686489372045
wf2021,TS_K12.5,20211028,0.001952267258234221,0.0016486183544396256,0.00012261043998956713
wf2021,TS_K12.5,20211029,0.0015998790495436923,0.0012342123178669096,0.00027518195614865547
wf2021,TS_K12.5,20211101,0.004016796070505523,0.0031139735141109976,0.0008979191943624028
wf2021,TS_K12.5,20211102,0.0034134590104197594,0.0032155938310033903,0.00031957929278885876
wf2021,TS_K12.5,20211103,0.001005553279925164,0.0009353039093570508,0.00013757185530250917
wf2021,TS_K12.5,20211104,0.0033059992616058295,0.0019599831118280522,0.001525278003237865
wf2021,TS_K12.5,20211105,-0.001384899246769938,-0.000890736718112852,-0.0004787218111822691
wf2021,TS_K12.5,20211108,0.0010710275243292888,0.0007981889945459771,0.0002640981855883164
wf2021,TS_K12.5,20211109,0.0005584213964151073,-6.667044903446782e-05,0.0006559372298176774
wf2021,TS_K12.5,20211110,0.0003501612325084516,0.0001624237782634478,0.00035615829813029527
wf2021,TS_K12.5,20211111,0.00028412136223400497,0.0006308426144887202,5.93215306759037e-05
wf2021,TS_K12.5,20211112,0.0020873229050259127,0.0007662041294421832,0.001497411639225977
wf2021,TS_K12.5,20211115,0.002042766282935168,0.0008507582208017522,0.0010020511821492084
wf2021,TS_K12.5,20211116,0.000944337384590278,0.001887576178141881,-0.0008858696455983593
wf2021,TS_K12.5,20211117,0.0017852330410683473,0.002517846300701862,-0.0008577407053560245
wf2021,TS_K12.5,20211118,0.0016196759307455736,0.0017494327727884521,-0.00020759688252519143
wf2021,TS_K12.5,20211119,0.0010298414204330452,0.0020954976554473518,-0.0010393327262687903
wf2021,TS_K12.5,20211122,0.0016750558225380303,0.0012762182161967991,0.00041679617679091203
wf2021,TS_K12.5,20211123,-0.0003180668832065518,-0.00022474273781570472,3.524235253944284e-05
wf2021,TS_K12.5,20211124,0.0004571302096302702,0.0003049689747265419,0.00020235264352613938
wf2021,TS_K12.5,20211125,0.0015895944745921288,0.0021801607791196178,-0.0006365375518049845
wf2021,TS_K12.5,20211126,-0.0014942839691501355,-0.00018174586065262716,-0.0012980552180087688
wf2021,TS_K12.5,20211129,0.00242088866561905,0.0015349900210165158,0.0006948707049269127
wf2021,TS_K12.5,20211130,0.0011794604151405645,0.0004013974962122132,0.0007231817407889314
wf2021,TS_K12.5,20211201,0.002184528127269726,0.0007126241026590825,0.0013094726004782519
wf2021,TS_K12.5,20211202,0.002965629250491232,0.002822805773682121,1.6969400343751212e-05
wf2021,TS_K12.5,20211203,-0.0027978188127336275,-0.0028308566388910634,2.625537215109481e-05
wf2021,TS_K12.5,20211206,0.000885049346384603,-0.0003017399541707414,0.0012214562026089915
wf2021,TS_K12.5,20211207,0.004084552584108654,0.004459802632337803,-0.0003920560674003373
wf2021,TS_K12.5,20211208,0.002740193982331391,0.0014957968976417467,0.0011454088972301108
wf2021,TS_K12.5,20211209,0.0013379702193551013,0.0017395047118456003,-0.0003222314186928845
wf2021,TS_K12.5,20211210,-0.0008796113363606279,-0.0001178580662117808,-0.0007888362938216116
wf2021,TS_K12.5,20211213,0.000927681286297638,0.000869578661282995,0.0002769974662306371
wf2021,TS_K12.5,20211214,-0.005238851763650538,-0.004612006878218978,-0.0003469298460410449
wf2021,TS_K12.5,20211215,0.001979798624915515,0.0016426748889729885,0.0003526611244432749
wf2021,TS_K12.5,20211216,-0.0019767815331949634,-0.0031299227522971233,0.0010077141502222058
wf2021,TS_K12.5,20211217,-0.0028387538627790976,-0.004628585983404777,0.0015693715065115724
wf2021,TS_K12.5,20211220,0.0006295204250363097,0.0002732363376196516,0.0002579160234653132
wf2021,TS_K12.5,20211221,0.0029599096816865338,0.002821345938270574,4.7358878535725996e-05
wf2021,TS_K12.5,20211222,0.00036200047957226505,0.0011904151887821351,-0.0009402599466894619
wf2021,TS_K12.5,20211223,0.0027117402229402208,0.000481372448011939,0.001864007954777569
wf2021,TS_K12.5,20211224,0.0002616208018442765,-0.0004324967494665433,0.0006107087170918186
wf2021,TS_K12.5,20211227,0.005745497058961383,0.005595786123598924,0.0001372252192288371
wf2021,TS_K12.5,20211228,-0.0001674541555858782,-0.0003251533532447712,0.00032062184220765897
wf2021,TS_K12.5,20211229,0.0023431256357932338,0.0019033080511669802,0.0002982446354773119
wf2021,TS_K12.5,20211230,0.0006770463752571723,0.00014214628478901226,0.0005040651074726496
wf2021,TS_K12.5,20211231,-0.001999326772076539,-0.004073937506891247,0.0018872733107563994
wf2021,TS_K15,20210104,0.005853631444782377,0.005161091045523018,0.0008398690895352203
wf2021,TS_K15,20210105,-0.001976470541421282,-0.0019391365739385305,-4.589071329211031e-05
wf2021,TS_K15,20210106,0.004616578275632891,0.0042532896332011065,0.00015107647543574653
wf2021,TS_K15,20210107,0.003276849557180939,0.0027504388057135554,0.0005462723014878648
wf2021,TS_K15,20210108,0.0025690719931528785,0.001574722570765969,0.0008907310833203184
wf2021,TS_K15,20210111,0.003319816439109332,0.0023941918864704417,0.0006561893270758285
wf2021,TS_K15,20210112,-0.003198733476460481,-0.00332149763515943,7.18469212706877e-05
wf2021,TS_K15,20210113,0.003624199278456868,0.0027209570800101716,0.0008580169339629518
wf2021,TS_K15,20210114,0.0049280083179718305,0.005589475877573726,-0.00031546287736154916
wf2021,TS_K15,20210115,0.005075540122169464,0.0043799675244279935,0.0006488332943130699
wf2021,TS_K15,20210118,0.0017784663124588338,0.0021781361447627697,-0.00038632812664895106
wf2021,TS_K15,20210119,0.0024009416677425585,0.002596000310780976,-0.00016064788101868114
wf2021,TS_K15,20210120,0.00294705591244068,0.0026624944439791486,0.00020922559113382874
wf2021,TS_K15,20210121,0.0014264274855552376,0.0013236015000471725,9.007501350334556e-05
wf2021,TS_K15,20210122,0.002695650680005865,0.0032705308439370012,-0.0004628654409614542
wf2021,TS_K15,20210125,0.002238527524935625,0.0026052667990539547,-0.00040047095155495445
wf2021,TS_K15,20210126,-0.00023342287308056884,-0.0003646421616075746,5.7831267451219235e-05
wf2021,TS_K15,20210127,-0.0002832009068097618,-0.000486987558992575,-4.5528284151307656e-05
wf2021,TS_K15,20210128,-0.0010029636023241913,-0.00030084820574818356,-0.0004365791250124147
wf2021,TS_K15,20210129,0.0020472369277927246,0.0021946680074345446,0.0004493716091415145
wf2021,TS_K15,20210201,0.0029096568663640947,0.0022551200671958637,0.0003076405528026
wf2021,TS_K15,20210202,-0.004287687955560447,-0.003853740220945015,-0.0003435942455296085
wf2021,TS_K15,20210203,-0.002313360724498833,-0.0022464068826038653,-0.00023893376827853957
wf2021,TS_K15,20210204,0.0011425075958565734,0.002224066351966413,-0.0015055465806586477
wf2021,TS_K15,20210205,-0.0017233668108972422,-0.0017337617570758366,-0.0003739843494507984
wf2021,TS_K15,20210208,0.0025284526978082283,0.0012741754255884406,0.0008448073951581869
wf2021,TS_K15,20210209,0.0015243708340873076,0.0011541737254129707,0.00010128087954589446
wf2021,TS_K15,20210210,0.004647273559292481,0.004022514840204125,0.0008087778932244382
wf2021,TS_K15,20210218,0.004088755149540602,0.0037240216283215737,0.00042675548933345756
wf2021,TS_K15,20210219,0.0028386639988644304,0.002741489168559179,-5.6652288376663795e-05
wf2021,TS_K15,20210222,5.076512722485688e-06,-2.278895519597802e-06,-0.00014207935514744003
wf2021,TS_K15,20210223,0.0056744894611912775,0.005109642026710844,0.0004836147279421696
wf2021,TS_K15,20210224,-0.00337989741384573,-0.002698187756356604,-0.0006057641887502709
wf2021,TS_K15,20210225,0.003701153079480062,0.0030438820456876858,0.00040589036146702857
wf2021,TS_K15,20210226,0.0028884853848122685,0.002129757850032526,0.0006605349322584552
wf2021,TS_K15,20210301,0.002813499609590127,0.002777442254899541,0.00013990226636345228
wf2021,TS_K15,20210302,0.0001335929634164873,0.00019357276075634392,-0.00025582816011392016
wf2021,TS_K15,20210303,-0.001035754898790875,-0.0014470015800525165,0.00013193939812817688
wf2021,TS_K15,20210304,0.005490816605654671,0.0051311820577075624,0.0003069801537286041
wf2021,TS_K15,20210305,-0.0059909731459070695,-0.005359516289155201,-0.00015685607063221782
wf2021,TS_K15,20210308,-0.0015465070864863102,-0.0009635899166118733,-0.0008910428695785867
wf2021,TS_K15,20210309,0.0011936364458891152,0.001414514045222564,3.5815014959922944e-06
wf2021,TS_K15,20210310,0.0024963120212807416,0.0018898086714790492,0.0004260132604966624
wf2021,TS_K15,20210311,-0.002656805422568865,-0.0020765413604005617,-0.000657744564410698
wf2021,TS_K15,20210312,-0.0040828776524414415,-0.003543305655608833,-0.0007314466446687915
wf2021,TS_K15,20210315,7.169153671508256e-05,-0.00029054556250735115,0.0003651738955402364
wf2021,TS_K15,20210316,0.0042408591128074895,0.0040697989969781375,0.0003286060559404565
wf2021,TS_K15,20210317,0.0014768915644434522,0.0017987572746342479,-0.00017958764448527752
wf2021,TS_K15,20210318,0.001597112755152736,0.0016443400647223752,0.00010172464999535553
wf2021,TS_K15,20210319,-0.0005757766865634971,-0.0005043931540124099,0.0001490647820632356
wf2021,TS_K15,20210322,0.004257362750657579,0.003968291155562702,0.00031312962238173365
wf2021,TS_K15,20210323,-0.0035297919439807608,-0.00297648821450014,-0.0005414113886011249
wf2021,TS_K15,20210324,0.0035677653400580326,0.0031642597737853015,0.00022844535443505018
wf2021,TS_K15,20210325,0.0027837467877994283,0.0021768563744146673,0.0005793078911282141
wf2021,TS_K15,20210326,-0.00012377559826330436,0.00012154614610937031,-0.0002576433016140878
wf2021,TS_K15,20210329,0.003841895141319113,0.004094309856218147,-0.00035746919727358746
wf2021,TS_K15,20210330,-0.0015413667247783256,-0.0014102695722041792,-0.0002748755312607658
wf2021,TS_K15,20210331,0.0034469415452552093,0.0031035320038054204,0.00018752269308890178
wf2021,TS_K15,20210401,0.00462535231377975,0.00446331045877063,0.00026583496853653846
wf2021,TS_K15,20210402,0.001491678561016464,0.0014756252288377365,4.259098926538788e-05
wf2021,TS_K15,20210406,-0.003503458110792818,-0.002405021837677313,-0.0007197591304616455
wf2021,TS_K15,20210407,0.00399964077283717,0.0036964219702206843,0.00021613221562365436
wf2021,TS_K15,20210408,1.0471707460452378e-06,-0.0005809767364021864,0.00046869300262188476
wf2021,TS_K15,20210409,-0.00719835945217108,-0.006956310944560741,-0.00026830554563466325
wf2021,TS_K15,20210412,0.0042326467310362225,0.004243543555517407,-3.853653929516363e-05
wf2021,TS_K15,20210413,0.003515883769873938,0.0031449915006542114,0.00022607754210346478
wf2021,TS_K15,20210414,0.002129048162328042,0.0020664960529397447,-0.00017482191168417463
wf2021,TS_K15,20210415,-0.0003261114266532323,-0.0007661781678252074,0.00030391332126158407
wf2021,TS_K15,20210416,0.00445229640318716,0.004058955647037218,0.0002800037099677789
wf2021,TS_K15,20210419,0.0018702572116084649,0.0018240485800926618,-4.657480064006773e-05
wf2021,TS_K15,20210420,0.0004410174941624507,0.00013499696574115227,9.435757551863853e-05
wf2021,TS_K15,20210421,0.00010193540106726625,-0.00023690543292078525,0.0003982275201444828
wf2021,TS_K15,20210422,0.0027508905017574114,0.0026333787210803547,4.1562105603959144e-05
wf2021,TS_K15,20210423,0.00030077681227334927,-5.266754190494854e-05,0.00017203103312822112
wf2021,TS_K15,20210426,-8.879268991854664e-05,-0.00014828396466571388,-0.00014779823843950223
wf2021,TS_K15,20210427,-0.0017692917939922692,-0.0014504555297397436,-7.56296332618359e-05
wf2021,TS_K15,20210428,2.7399877590149422e-05,6.433241950113159e-05,-0.00021984831645855272
wf2021,TS_K15,20210429,-0.0012303711549007407,-0.0011265631723101077,-0.00021251036412515815
wf2021,TS_K15,20210430,-0.0009057503247882847,-0.0009395023395387088,-0.00011578814670843389
wf2021,TS_K15,20210506,-0.0028742354036411797,-0.002382544220453852,-0.0004627223726871764
wf2021,TS_K15,20210507,-0.007510912077905196,-0.007284362730126447,-0.00026905843353651634
wf2021,TS_K15,20210510,0.002858858117563555,0.0032512702985634887,-0.00033930078743533716
wf2021,TS_K15,20210511,-0.0011952916294320267,-0.0014289266258770451,5.492784804150822e-05
wf2021,TS_K15,20210512,-0.0002654482885228503,-0.0005366867395651395,0.00019073066022194684
wf2021,TS_K15,20210513,0.0027580361845010552,0.002088499154991871,0.0005816663905638291
wf2021,TS_K15,20210514,0.005635539457790214,0.005542493351846449,5.356925783743771e-05
wf2021,TS_K15,20210517,-0.0011917669829841463,-0.0006598482626059926,-0.0004956900861828532
wf2021,TS_K15,20210518,-0.001071128670080826,-0.0009988791405704733,-0.00010760822063830093
wf2021,TS_K15,20210519,0.0028435554155975037,0.0024042072062283276,0.00027204042361690396
wf2021,TS_K15,20210520,-0.0008446395588146923,-0.0006174540709586798,-0.000270514743257363
wf2021,TS_K15,20210521,0.0017597978081636684,0.0009911171720728613,0.0005845488734839048
wf2021,TS_K15,20210524,0.0012840923626520895,0.0012478412514686224,2.1999668697884697e-05
wf2021,TS_K15,20210525,0.0005884312725419659,0.0004994973593568401,6.759986233060994e-05
wf2021,TS_K15,20210526,0.00453020370904132,0.004216884312549268,0.00020642648796439524
wf2021,TS_K15,20210527,0.00041144236915981614,0.000788433735428077,-0.0004294246556514257
wf2021,TS_K15,20210528,-0.0013989655488984825,-0.0009553743757168694,-0.00045053648516493007
wf2021,TS_K15,20210531,0.0006962577892766948,0.0003078686050471409,0.00048326817523513887
wf2021,TS_K15,20210601,-0.0010373464368110142,-0.0013001667652896049,0.0002406736031807494
wf2021,TS_K15,20210602,-0.002410050251561063,-0.0024579834064957697,8.26755606246102e-05
wf2021,TS_K15,20210603,0.0026235701449793935,0.001501351911942346,0.0007107541293418874
wf2021,TS_K15,20210604,0.003009681975065932,0.0025670319094861878,0.0001751770385717425
wf2021,TS_K15,20210607,0.0008942146673466408,0.0003045734560233478,0.0006042779992834852
wf2021,TS_K15,20210608,0.0019592117778987413,0.0015123051038450487,0.0002926187921794355
wf2021,TS_K15,20210609,0.003687876999387785,0.0030896444735688824,0.0005541900541002258
wf2021,TS_K15,20210610,-8.487277145576184e-05,0.00041554204834277664,-0.00040858475180712955
wf2021,TS_K15,20210611,0.002940658824044157,0.001905270255049046,0.0007374606989405765
wf2021,TS_K15,20210615,-0.00010566387985994422,-0.00030591930685528444,6.941025472044092e-05
wf2021,TS_K15,20210616,0.0031261217066201087,0.0030519276014646032,0.00010023926777751231
wf2021,TS_K15,20210617,0.002770124098198476,0.0028166659618230404,-5.258778896440958e-05
wf2021,TS_K15,20210618,0.004402014406320926,0.004488428434181164,-6.956517880989029e-05
wf2021,TS_K15,20210621,-0.00048480486375206567,-0.00046309248185159776,9.51889564528888e-05
wf2021,TS_K15,20210622,0.0015195926901954817,0.001125922938916202,0.00023025420122801488
wf2021,TS_K15,20210623,0.0021863673226447116,0.001488001655498288,0.0005593180137018481
wf2021,TS_K15,20210624,-0.0008230448910215278,-0.0008767919295728497,1.379782153037719e-06
wf2021,TS_K15,20210625,0.003063520453110786,0.0030773586321719442,-0.00011071721411662415
wf2021,TS_K15,20210628,-4.405064069454463e-05,0.0002649031294270776,-0.00037525692756340393
wf2021,TS_K15,20210629,0.0015344157387856255,0.0008277664479298449,0.0005069611677791468
wf2021,TS_K15,20210630,0.0040661901867842555,0.0044673720214867645,-0.000382667084967108
wf2021,TS_K15,20210701,-0.0016542139075475517,-0.0017807863957129302,-0.00018706011476980877
wf2021,TS_K15,20210702,0.001185713467345393,0.0010128347233702973,2.2094172041978708e-05
wf2021,TS_K15,20210705,-0.0021025807417747043,-0.001670984836170644,-6.278384687343706e-05
wf2021,TS_K15,20210706,0.005824782486355664,0.005708386648862855,0.000106544327660236
wf2021,TS_K15,20210707,0.002475171011834313,0.002371679582610009,-8.174858630210416e-05
wf2021,TS_K15,20210708,-0.0016553635020657752,-0.0020046424784262943,0.00019365352181102843
wf2021,TS_K15,20210709,0.0040808817195621076,0.0036549757378998814,0.00037394701505338607
wf2021,TS_K15,20210712,0.0009672310914726227,0.0005718505207372335,0.0002910517334949468
wf2021,TS_K15,20210713,0.004565695775709408,0.004387987384597748,0.00024399994892125012
wf2021,TS_K15,20210714,0.0010377077278885868,0.0015273475007302998,-0.0004927764512084583
wf2021,TS_K15,20210715,-8.493311585146073e-05,-0.00024801277086601727,-3.283651489610295e-05
wf2021,TS_K15,20210716,0.0033123792760076944,0.002693141846901037,0.0005408383469810034
wf2021,TS_K15,20210719,-0.00020335591065931457,-0.0003375294674273631,-2.1399884111551835e-05
wf2021,TS_K15,20210720,0.003572298729983955,0.0035503681035428097,-0.00016053892248121295
wf2021,TS_K15,20210721,-0.00034883125933326837,-0.0005561459595224205,1.7511628944898612e-05
wf2021,TS_K15,20210722,-0.001133869378046614,-0.0011926053998863365,-8.663070961990914e-05
wf2021,TS_K15,20210723,-0.0017974582064517516,-0.0015543022396110832,-0.00018684000125486093
wf2021,TS_K15,20210726,0.0007247597402853974,0.0006194906710975128,-3.401972083135938e-05
wf2021,TS_K15,20210727,0.002127737050290006,0.002922947260801715,-0.0006982020147843476
wf2021,TS_K15,20210728,0.0006982975340463562,-0.00118444609198203,0.00185321669041383
wf2021,TS_K15,20210729,0.002710482296906881,0.0015883682154134169,0.0009572792689754541
wf2021,TS_K15,20210730,0.006101286381171127,0.005258546718344394,0.000714129407027571
wf2021,TS_K15,20210802,0.003998326718399054,0.0033372674909594446,0.0006011642110386233
wf2021,TS_K15,20210803,0.0009884114641155115,0.0011114310570410743,-0.00021843012906994064
wf2021,TS_K15,20210804,-0.0004783044190941315,-0.0002411350607971418,-0.00010097809949731153
wf2021,TS_K15,20210805,-0.0017839935882874168,-0.0019848366249942,2.1985505784231216e-05
wf2021,TS_K15,20210806,0.007484509193373486,0.007632066549090302,4.582784012290396e-06
wf2021,TS_K15,20210809,0.003763361454402689,0.0029511491542917865,0.0007869961599023617
wf2021,TS_K15,20210810,-0.002490742980894106,-0.002130376555797326,-0.00020205393754637642
wf2021,TS_K15,20210811,-0.0026680429185864255,-0.00248306988175587,-0.0002424344992602083
wf2021,TS_K15,20210812,-0.00044493884087190257,-0.0009563452771757342,0.0004825865015075642
wf2021,TS_K15,20210813,0.002112781786793913,0.002314359877278048,7.806675963889135e-05
wf2021,TS_K15,20210816,-0.0020188046781805073,-0.0013316169733463131,-0.0005363650079464957
wf2021,TS_K15,20210817,-0.0005573016672757811,-0.00031156837526963787,-0.0002601343999565351
wf2021,TS_K15,20210818,0.0004177166582574527,0.0004932219422234425,-0.0002870229153585432
wf2021,TS_K15,20210819,-0.0027967476191835434,-0.0029185122505149606,-0.00020034775279184316
wf2021,TS_K15,20210820,0.0033629235347371195,0.0023511990788233983,0.0010445673754172836
wf2021,TS_K15,20210823,0.001001562223280311,0.001104982434377317,-0.00012216019167403177
wf2021,TS_K15,20210824,0.0019111054722398988,0.0018690468024983378,-4.178708697703334e-05
wf2021,TS_K15,20210825,-0.0037795978574831513,-0.0034348457554292454,-0.0005087374393886808
wf2021,TS_K15,20210826,-0.0018807101632154568,-0.0017186421649622364,-0.00025696453168054366
wf2021,TS_K15,20210827,-0.0018535973297755946,-0.0020520839738194224,5.434195975046206e-05
wf2021,TS_K15,20210830,-0.002366319200511132,-0.0018448402539582894,-0.0006351952921732965
wf2021,TS_K15,20210831,0.005105695447987516,0.005459786321252672,-0.00036368877175070157
wf2021,TS_K15,20210901,-0.0070783991971215925,-0.007034418421383936,3.691656569081912e-05
wf2021,TS_K15,20210902,0.0030021023555852396,0.002949326259712161,-3.129127182812611e-06
wf2021,TS_K15,20210903,0.005858332676212972,0.00528284558638252,0.0006009874761769752
wf2021,TS_K15,20210906,-0.0013058021434548452,-0.0013297606411505816,-6.794456422148053e-05
wf2021,TS_K15,20210907,-0.002592247777379126,-0.0028451297854711825,0.00017615072093961213
wf2021,TS_K15,20210908,-0.0019963420090349667,-0.0018281700169463047,-0.0003429592775820148
wf2021,TS_K15,20210909,0.0037177263142347664,0.004476738479319686,-0.0007766790660966273
wf2021,TS_K15,20210910,-0.004451665121351818,-0.00413126225256719,-0.0004242922862589977
wf2021,TS_K15,20210913,0.0027528019826559644,0.0036738367410466596,-0.000771827486515133
wf2021,TS_K15,20210914,-0.004819602227145342,-0.004327568060763075,-0.0005695037959447858
wf2021,TS_K15,20210915,0.0012379121864972854,6.609933215522739e-06,0.0010143844900185827
wf2021,TS_K15,20210916,0.003313674996933765,0.0026286981331057405,0.0006199342280822336
wf2021,TS_K15,20210917,-0.0070834557483260875,-0.006796930708458761,-0.00042460744688995085
wf2021,TS_K15,20210922,0.00601854371080159,0.005860646153756354,0.00012940686786499557
wf2021,TS_K15,20210923,0.0038349668602582643,0.0038146657227165334,-0.00011180645473587909
wf2021,TS_K15,20210924,0.006659807615403662,0.006011630813701501,0.0006062186109298084
wf2021,TS_K15,20210927,-0.0020074125531640654,-0.0019890169565389255,-9.315686026190144e-05
wf2021,TS_K15,20210928,0.0017861281727892253,0.001954304238548951,-0.00026719444125791866
wf2021,TS_K15,20210929,0.0004954676078161718,-0.00028960485729417743,0.000686372737382071
wf2021,TS_K15,20210930,0.0025498892519562784,0.0021950963320111413,0.0002893496063368462
wf2021,TS_K15,20211008,0.003109614745505448,0.002541514212395204,0.0006044775538335751
wf2021,TS_K15,20211011,0.001935089533016533,0.0017725484868496935,0.00035029925371892357
wf2021,TS_K15,20211012,0.006825692580792958,0.007086412676447992,-3.7653956364388304e-05
wf2021,TS_K15,20211013,0.0024675732206108332,0.0029895393347185296,-0.0005239880597360455
wf2021,TS_K15,20211014,0.0017044267928666692,0.0023849290289295355,-0.0005157595824720824
wf2021,TS_K15,20211015,-0.0032776349900231483,-0.002416539113575816,-0.0008859232050660357
wf2021,TS_K15,20211018,0.0002798497362661032,0.0002809545633857739,-0.0002245689205581948
wf2021,TS_K15,20211019,-0.004593997106518711,-0.004100779420033445,-0.0006880723040101595
wf2021,TS_K15,20211020,-0.0006380298402016583,0.00014359951737262302,-0.0007049222590894333
wf2021,TS_K15,20211021,0.006196920456634997,0.005724704951400101,0.0004382890055765509
wf2021,TS_K15,20211022,-0.0007570502109609037,-6.353603041193005e-05,-0.0007056633062361198
wf2021,TS_K15,20211025,0.002458494153599882,0.0025881299086210896,-0.0001069236400484183
wf2021,TS_K15,20211026,-0.0019106122269623022,-0.0010327869862407151,-0.0008628979194394774
wf2021,TS_K15,20211027,0.0013174416601873622,0.0005770253074206499,0.0005622455530957667
wf2021,TS_K15,20211028,0.0025563221466151104,0.002224509679769416,0.00015077400304066663
wf2021,TS_K15,20211029,0.0012176330210115164,0.0007586743077665332,0.00036847393771685454
wf2021,TS_K15,20211101,0.003676696017953023,0.0028020895613658317,0.0008697030945550692
wf2021,TS_K15,20211102,0.0030636133481197377,0.0028816003839367823,0.0003037270775554457
wf2021,TS_K15,20211103,0.0003684657548742396,0.0002636561291659716,0.0001721321104426634
wf2021,TS_K15,20211104,0.0037594027618382203,0.0024937439368956688,0.0014449206784026406
wf2021,TS_K15,20211105,-0.0010469979743581905,-0.0005840131049799222,-0.0004475441519034522
wf2021,TS_K15,20211108,0.0010220509387615234,0.0006954006127592935,0.0003179099818072343
wf2021,TS_K15,20211109,-0.00022693900730332353,-0.000768252235146404,0.0005721586122111826
wf2021,TS_K15,20211110,-0.0008320304171128452,-0.0009293077514506006,0.000265698178223044
wf2021,TS_K15,20211111,-0.00015051610886264617,0.00013919587309435752,0.0001163308009736149
wf2021,TS_K15,20211112,0.0022814795041878975,0.0011268877852176908,0.0013308845826124562
wf2021,TS_K15,20211115,0.002117589195642364,0.0010944180280288904,0.000833214287629267
wf2021,TS_K15,20211116,0.0009997326978578962,0.0017780970270346104,-0.0007209951812234695
wf2021,TS_K15,20211117,0.0015348975027281598,0.0021456127528728924,-0.0007358426958672431
wf2021,TS_K15,20211118,0.0018922628889732965,0.0020074172781486344,-0.00019299442965764913
wf2021,TS_K15,20211119,0.001478244398851484,0.0023176674809640848,-0.0008130995733670845
wf2021,TS_K15,20211122,0.0014806077982408637,0.0011230513527547494,0.00037551501593579466
wf2021,TS_K15,20211123,-0.0002964063355969451,-0.00021686784611922556,4.902800845257033e-05
wf2021,TS_K15,20211124,0.0008180295961384231,0.0006982529967266482,0.00016996800803418627
wf2021,TS_K15,20211125,0.0006329158241643739,0.0011535861679203405,-0.0005666415910334628
wf2021,TS_K15,20211126,-0.0006125252098379494,0.0005517230331447408,-0.0011497653524939503
wf2021,TS_K15,20211129,0.0019089549282251322,0.0011055659757417042,0.0006123610128078061
wf2021,TS_K15,20211130,0.0009206675323331793,0.00016405117250982835,0.0007017351816839318
wf2021,TS_K15,20211201,0.0011204130265429178,-0.0001545756616566906,0.0011125572640672187
wf2021,TS_K15,20211202,0.002950512827714343,0.002829303103299751,-4.644352050767788e-06
wf2021,TS_K15,20211203,-0.002215771894601065,-0.0021598736033351523,-6.268074527225221e-05
wf2021,TS_K15,20211206,-0.00013853935748229466,-0.0011580533133044599,0.001054180857875812
wf2021,TS_K15,20211207,0.0038081501118207624,0.004063504749696363,-0.0002721606570467885
wf2021,TS_K15,20211208,0.0030366387085726965,0.001875453570293455,0.0010621969508197069
wf2021,TS_K15,20211209,0.0008360244200136314,0.0011785251526433426,-0.00026319765883209793
wf2021,TS_K15,20211210,0.0004674437057009583,0.001191253690049011,-0.0007508930080208168
wf2021,TS_K15,20211213,0.0005676492790647339,0.00048220901506978916,0.0003043351052109377
wf2021,TS_K15,20211214,-0.004934867840005323,-0.004302767156259856,-0.0003521856443549523
wf2021,TS_K15,20211215,0.002658392540336745,0.002278070979668439,0.00039585894916905603
wf2021,TS_K15,20211216,-0.001952206571504785,-0.0029413814197368797,0.0008437477793521386
wf2021,TS_K15,20211217,-0.003630401938573405,-0.005082355325609737,0.0012314927729222256
wf2021,TS_K15,20211220,0.00033661409177697735,6.883194714611096e-05,0.00016941408067952087
wf2021,TS_K15,20211221,0.003983347482050786,0.003830584158882261,6.155845828829097e-05
wf2021,TS_K15,20211222,-0.0002649850603804278,0.0005007321076985066,-0.0008775624055585263
wf2021,TS_K15,20211223,0.0025596843648588476,0.0005236468949906867,0.0016696776497174505
wf2021,TS_K15,20211224,5.516134940506193e-05,-0.0005160108969449159,0.00048776341213097567
wf2021,TS_K15,20211227,0.0057675000388057365,0.005597887074063709,0.00015712724860840666
wf2021,TS_K15,20211228,0.0003994513063573103,0.0002729076388757836,0.00028946631203029244
wf2021,TS_K15,20211229,0.002213705417473911,0.001800639184082426,0.0002714932842425431
wf2021,TS_K15,20211230,-6.0754617924077894e-05,-0.0005417896884653089,0.00045020008754572175
wf2021,TS_K15,20211231,-0.002858163081850485,-0.0045758158246019896,0.0015303153186931964
wf2021,TS_K20,20210104,0.004795663574900395,0.004180416175618774,0.0007625760895574839
wf2021,TS_K20,20210105,-0.0019437841934418464,-0.0015465717059670405,-0.00040576923328416645
wf2021,TS_K20,20210106,0.006233967967539895,0.005710739379693155,0.00031101642085070347
wf2021,TS_K20,20210107,0.0002577739089806451,-0.00012330637408497123,0.00040094183308609797
wf2021,TS_K20,20210108,0.0016816839364374656,0.0007473160746591464,0.0008307495227117322
wf2021,TS_K20,20210111,0.0029358515777761947,0.00197436100715494,0.000692055345058188
wf2021,TS_K20,20210112,-0.0031658141956554947,-0.0030368340221310114,-0.0001798974109527441
wf2021,TS_K20,20210113,0.0012623812913463163,0.0010593419411452074,0.0001578140857173636
wf2021,TS_K20,20210114,0.006616323692420361,0.007090360172566163,-0.00012803179790545814
wf2021,TS_K20,20210115,0.005560156633764893,0.004487947453804402,0.001025469876532089
wf2021,TS_K20,20210118,0.002149085555651887,0.0028927090728480638,-0.0007302818115411923
wf2021,TS_K20,20210119,0.003165053930371387,0.002923356563891993,0.0002761081284991295
wf2021,TS_K20,20210120,0.003998971853347668,0.0035624859027516137,0.00036115007326835305
wf2021,TS_K20,20210121,0.0016025490124187136,0.0014584464802820632,0.00013135156013192845
wf2021,TS_K20,20210122,0.004187171098988975,0.004606663271528065,-0.00030747744956940965
wf2021,TS_K20,20210125,0.0024784656650137177,0.0030273175798453495,-0.0005825835922682582
wf2021,TS_K20,20210126,0.0004025617833784919,0.00039719896730485874,-6.802520500215372e-05
wf2021,TS_K20,20210127,0.001284598995421769,0.0015475457587089516,-0.0005122616996213032
wf2021,TS_K20,20210128,-0.0006953738738286284,0.00013935668532419766,-0.0005691942875892326
wf2021,TS_K20,20210129,0.003382531164233589,0.003423955819833481,0.000555378033183441
wf2021,TS_K20,20210201,0.001095273342727005,0.0002486284899666208,0.0004997486063947524
wf2021,TS_K20,20210202,-0.004936363534326473,-0.0044360760403544695,-0.0004099340048861846
wf2021,TS_K20,20210203,-0.00229332369150171,-0.0023458400430821226,-0.00011946357480315746
wf2021,TS_K20,20210204,0.0006320149493500311,0.0024645582558570217,-0.0022565311310557964
wf2021,TS_K20,20210205,-0.0025236529965369063,-0.002373986960417819,-0.0005340453317484806
wf2021,TS_K20,20210208,0.0034187787581049962,0.001726014284717273,0.001283294596326126
wf2021,TS_K20,20210209,0.0017375353433923242,0.001447729551356696,2.0889562907185012e-05
wf2021,TS_K20,20210210,0.005181014519088409,0.004513954183087512,0.0008510795101369763
wf2021,TS_K20,20210218,0.004952447864111621,0.0048332456741321615,0.00018122415809388993
wf2021,TS_K20,20210219,0.002243656355271193,0.002445047028622765,-0.00035521779203348503
wf2021,TS_K20,20210222,0.00047722574441968774,0.0005610950826917674,-0.00023330410166160433
wf2021,TS_K20,20210223,0.006038303152517251,0.00578613184661362,0.00017093859936536662
wf2021,TS_K20,20210224,-0.0038709291995998856,-0.0029369109101823098,-0.0008580728206787234
wf2021,TS_K20,20210225,0.003702826410350779,0.0033510275194141965,0.00010041821861123457
wf2021,TS_K20,20210226,0.0022172847091932145,0.0009285138369902871,0.0011905782696816423
wf2021,TS_K20,20210301,0.003660519893631985,0.0037448410748945043,1.9523730410346974e-05
wf2021,TS_K20,20210302,-0.0003938040077284804,-0.00045413778668988995,-0.00013551458381265267
wf2021,TS_K20,20210303,-0.0010861026220680345,-0.0008024246988701441,-0.0005629852063313576
wf2021,TS_K20,20210304,0.004924839864720603,0.004642752518337206,0.00022943295216489327
wf2021,TS_K20,20210305,-0.0051851273344983035,-0.004099754485146979,-0.0006107720632316711
wf2021,TS_K20,20210308,-0.0015350674991398278,-0.0003666233623195429,-0.001476569836524428
wf2021,TS_K20,20210309,0.0017619289712137286,0.0018090527562528822,0.0001773353157902886
wf2021,TS_K20,20210310,0.003130898842993588,0.002296923033954254,0.0006534857197343026
wf2021,TS_K20,20210311,-0.001724842746945775,-0.0009095627496441066,-0.0008927604995440637
wf2021,TS_K20,20210312,-0.0034839598651859945,-0.0026538210603907117,-0.0010220134526314642
wf2021,TS_K20,20210315,-0.0008146352115201896,-0.0011173241868336341,0.00030562577163124785
wf2021,TS_K20,20210316,0.004297825803832123,0.003899600428268848,0.0005557713156743794
wf2021,TS_K20,20210317,0.0008365564399983243,0.001001908043660737,-2.3073537956894418e-05
wf2021,TS_K20,20210318,0.0021193993830252314,0.0022701454361005505,-1.7940935103247176e-06
wf2021,TS_K20,20210319,-0.0004909756014442289,-0.0004589435195801676,0.00018841623275026107
wf2021,TS_K20,20210322,0.0032386189415642298,0.0031791750681658413,8.350190068524496e-05
wf2021,TS_K20,20210323,-0.0031798933826347135,-0.002380550006295097,-0.0007874510354601214
wf2021,TS_K20,20210324,0.0030372730985537234,0.0026229831701498948,0.00023922971656614844
wf2021,TS_K20,20210325,0.0034380713635264026,0.00266941517572274,0.0007410736655471159
wf2021,TS_K20,20210326,7.38887888371688e-05,0.0002949068026512167,-0.0002333395710554618
wf2021,TS_K20,20210329,0.004706600151491498,0.004893345809694358,-0.0002918001405774132
wf2021,TS_K20,20210330,-0.0009772802344125695,-0.0006188054968592011,-0.0005022531162399877
wf2021,TS_K20,20210331,0.003450687461220801,0.003066336361851194,0.00022846425100872064
wf2021,TS_K20,20210401,0.0034958455438254352,0.0032146786810229038,0.00038495997632994954
wf2021,TS_K20,20210402,0.002015175566381207,0.0018506854811519283,0.00019102774231594073
wf2021,TS_K20,20210406,-0.0029372018176728257,-0.0019159386234569344,-0.0006425860515620323
wf2021,TS_K20,20210407,0.004222605485543686,0.003911677032174176,0.0002238418663766765
wf2021,TS_K20,20210408,-0.0005940939752447021,-0.0011190964692439412,0.0004116715894728927
wf2021,TS_K20,20210409,-0.0073381256457527785,-0.006790354899075325,-0.0005740277847017788
wf2021,TS_K20,20210412,0.004228839939624723,0.004288637563991829,-8.743733918108629e-05
wf2021,TS_K20,20210413,0.00290656997031722,0.0024195340152216526,0.0003422212279793034
wf2021,TS_K20,20210414,0.0017627466411739498,0.0017439501549279706,-0.00021857753482649333
wf2021,TS_K20,20210415,0.0010434660678281058,0.0006382301731423226,0.0002690824747753949
wf2021,TS_K20,20210416,0.003214288705420362,0.0027365123948949284,0.00036443926434326856
wf2021,TS_K20,20210419,0.0019058120981701706,0.0018617645757686963,-4.873590975439714e-05
wf2021,TS_K20,20210420,0.00027770751745446456,5.9774336980611994e-05,6.2702275711925686e-06
wf2021,TS_K20,20210421,-2.5764190537803586e-05,-0.0003908449005460075,0.0004244673961646352
wf2021,TS_K20,20210422,0.002164179285416093,0.001977728368048457,0.00011050124229453889
wf2021,TS_K20,20210423,0.0002251312436826504,-5.3449560247649985e-05,9.716748288022437e-05
wf2021,TS_K20,20210426,-3.475821082488898e-05,6.1605163902434e-05,-0.0003036528879139925
wf2021,TS_K20,20210427,-0.0018306311473185177,-0.0015411794923630264,-4.6245023964801676e-05
wf2021,TS_K20,20210428,0.00017106040266885248,0.0002552542841398297,-0.000267109656018549
wf2021,TS_K20,20210429,-0.0010478122997325551,-0.0009267719379028042,-0.00022974274336427547
wf2021,TS_K20,20210430,-0.0013656936870005058,-0.0015253555856747489,1.01217372153856e-05
wf2021,TS_K20,20210506,-0.0016483422827436771,-0.001169439448543081,-0.0004499340237004465
wf2021,TS_K20,20210507,-0.007525065601154087,-0.007258476831254897,-0.00030909785565695494
wf2021,TS_K20,20210510,0.002644401156105013,0.0030939791235743965,-0.0003964665739047866
wf2021,TS_K20,20210511,-0.00028147126878890275,-0.0006173090260194322,0.00015713060882701727
wf2021,TS_K20,20210512,0.0013897477973754068,0.0011561020084598019,0.00015313799809526222
wf2021,TS_K20,20210513,0.0017392166076913036,0.001121587055013821,0.000529758913732126
wf2021,TS_K20,20210514,0.006048735011210383,0.0059423387497999774,6.691941330407803e-05
wf2021,TS_K20,20210517,-0.0011592089468662106,-0.000694213234009291,-0.00042876707866161876
wf2021,TS_K20,20210518,-0.0006900199492330763,-0.0006485990657632444,-7.677957459777994e-05
wf2021,TS_K20,20210519,0.003176700309120051,0.0027603585896905126,0.00024903393367726567
wf2021,TS_K20,20210520,-0.0017192846259952166,-0.0014173189836672797,-0.00034529489772928664
wf2021,TS_K20,20210521,0.0023067313836647504,0.0016246004959175795,0.000497999125140269
wf2021,TS_K20,20210524,0.00042840167805491443,0.00035428398962224585,5.986624594708446e-05
wf2021,TS_K20,20210525,0.0006056040859919861,0.00048210905265687505,0.00010216098248059562
wf2021,TS_K20,20210526,0.0034194333720725277,0.0029549758804965653,0.00035756458304830733
wf2021,TS_K20,20210527,-0.0004191429623637507,-6.869799074259785e-05,-0.0004028782610043175
wf2021,TS_K20,20210528,-0.0009492299866911899,-0.0005950444826517956,-0.00036113081602271276
wf2021,TS_K20,20210531,0.001369218071988811,0.0009432521902050019,0.0005208448727893932
wf2021,TS_K20,20210601,-3.587632992854608e-05,-0.0002294142658256298,0.00017139121059924037
wf2021,TS_K20,20210602,-0.0023278791843244807,-0.0023034568065330653,1.0320027898487309e-05
wf2021,TS_K20,20210603,0.0015492474873729338,0.0004145906805505868,0.0007231927031271867
wf2021,TS_K20,20210604,0.002367989444261513,0.0018226142321851333,0.0002779021850683787
wf2021,TS_K20,20210607,0.0017070276529302492,0.001115699898748274,0.0006059645421421671
wf2021,TS_K20,20210608,0.0026487543592262903,0.0022215205773609935,0.0002729458999910379
wf2021,TS_K20,20210609,0.003778994891598316,0.0031386189758354074,0.0005963334440442333
wf2021,TS_K20,20210610,-0.00024215260180768597,0.00031368768474516416,-0.00046401021856144064
wf2021,TS_K20,20210611,0.0037588659830185755,0.0027451728804131006,0.0007157652325509392
wf2021,TS_K20,20210615,-0.000301506061599191,-0.0005472931274226102,0.00011494189354852206
wf2021,TS_K20,20210616,0.002431895236592844,0.0023432964527374724,0.00011464394647737704
wf2021,TS_K20,20210617,0.0013167926452617128,0.0013739171370816246,-6.317041715975667e-05
wf2021,TS_K20,20210618,0.004504330159619367,0.004586444222709001,-6.526521403928462e-05
wf2021,TS_K20,20210621,-0.0002068201247429546,-0.0001447712356472113,5.485244925761449e-05
wf2021,TS_K20,20210622,0.00218224600998467,0.001666911517355876,0.00035191894257752975
wf2021,TS_K20,20210623,0.001989673122205928,0.0012669065149650302,0.0005837189537963233
wf2021,TS_K20,20210624,-0.001611898406370729,-0.0016549345438588035,-9.331118910210179e-06
wf2021,TS_K20,20210625,0.00273001037148826,0.0027288414300810897,-9.57100936482943e-05
wf2021,TS_K20,20210628,-0.0011017799543682084,-0.0008254172208531145,-0.0003426658909568775
wf2021,TS_K20,20210629,0.0019499040049873635,0.0012038777145899002,0.0005463381673208289
wf2021,TS_K20,20210630,0.004781335137305652,0.005270406062084381,-0.00047055617504332756
wf2021,TS_K20,20210701,-0.0008733327399228965,-0.0009885741624227817,-0.00019839118043530208
wf2021,TS_K20,20210702,0.0016588318337966614,0.0014062267777439777,0.00010182048411956591
wf2021,TS_K20,20210705,-0.0014173856618864952,-0.0009381920347836773,-0.00011038156837219471
wf2021,TS_K20,20210706,0.007039642610595293,0.0067572154264671225,0.0002725756742955975
wf2021,TS_K20,20210707,0.0014090600732179744,0.0012469042617523677,-2.308420406080176e-05
wf2021,TS_K20,20210708,-0.0001573604222203295,-0.0004760236116796115,0.0001630377349097909
wf2021,TS_K20,20210709,0.0034754265609760054,0.0029188606750425884,0.0005046069193245758
wf2021,TS_K20,20210712,0.001229904157549735,0.000775873260302749,0.00034970206000654424
wf2021,TS_K20,20210713,0.0038809912373806697,0.0037965401877916574,0.0001507426073986007
wf2021,TS_K20,20210714,0.0010456479929712914,0.0014909268822333567,-0.00044841556762881046
wf2021,TS_K20,20210715,4.00537797806621e-05,-6.126809358466092e-05,-9.459429654533673e-05
wf2021,TS_K20,20210716,0.004322274231745425,0.003876254395282702,0.0003676207543370694
wf2021,TS_K20,20210719,5.374751788046143e-05,-0.0002459080925452257,0.00014408216954608658
wf2021,TS_K20,20210720,0.0027606902891257924,0.0024795638096097483,9.86569305936861e-05
wf2021,TS_K20,20210721,-0.0006971048904714765,-0.0008966713802431663,9.763418527436225e-06
wf2021,TS_K20,20210722,-0.0009733549019260469,-0.0009221010960178325,-0.00019662053736784442
wf2021,TS_K20,20210723,-0.0015963860811425683,-0.001352783015765801,-0.00018728709979096145
wf2021,TS_K20,20210726,0.0016469448062599833,0.001858951938483757,-0.0003512959222430176
wf2021,TS_K20,20210727,0.0009880719209597356,0.0019004080287239932,-0.000815327912036898
wf2021,TS_K20,20210728,0.00023013207175620262,-0.0020491123230167814,0.002249717459158431
wf2021,TS_K20,20210729,0.002948684948658367,0.001882917676361841,0.0009009324597785154
wf2021,TS_K20,20210730,0.006324048153723352,0.005580810420637071,0.0006146274772871226
wf2021,TS_K20,20210802,0.003965179007963752,0.0036063053037321538,0.0002989786878306119
wf2021,TS_K20,20210803,0.0007575769916463044,0.0006309468688413175,3.1219586660609496e-05
wf2021,TS_K20,20210804,-0.0006218299570208835,-0.00043418030567408516,-5.145839254711948e-05
wf2021,TS_K20,20210805,-0.0015816755016331966,-0.0017594255619346722,-1.107470621075125e-06
wf2021,TS_K20,20210806,0.006856784975763046,0.007063887748898364,-5.4962633406211656e-05
wf2021,TS_K20,20210809,0.0048865778062418055,0.004150032464889398,0.0007113292011438675
wf2021,TS_K20,20210810,-0.002232932285198162,-0.0018585743071713433,-0.00021604549047641474
wf2021,TS_K20,20210811,-0.001634391933476685,-0.0015467654072439303,-0.00014508798866240847
wf2021,TS_K20,20210812,0.000453292247611578,9.607849554553406e-05,0.00032839381726977617
wf2021,TS_K20,20210813,0.0022573358439607035,0.0024427159554364242,9.42647386473058e-05
wf2021,TS_K20,20210816,-0.0015133267346241173,-0.0008437595469313346,-0.0005187444908050884
wf2021,TS_K20,20210817,-0.0012672697657735727,-0.0010166251194172456,-0.00026504575430671853
wf2021,TS_K20,20210818,-0.00015581455836257644,-0.0002048994391222546,-0.00016243275063287563
wf2021,TS_K20,20210819,-0.0039518209381191275,-0.0040506343827008745,-0.0002232989395415114
wf2021,TS_K20,20210820,0.004007881281544671,0.003118181043876641,0.0009225431571715918
wf2021,TS_K20,20210823,0.0006165402239260674,0.000684206914112928,-8.640667076388625e-05
wf2021,TS_K20,20210824,0.0022135054912158928,0.002187353573804381,-5.7693839307082904e-05
wf2021,TS_K20,20210825,-0.0032201096985158516,-0.0029589620382122527,-0.00042513299763837463
wf2021,TS_K20,20210826,-0.0021813422200858378,-0.0021330231874036073,-0.0001432155661095533
wf2021,TS_K20,20210827,-0.0018412371655065515,-0.0022023084303674414,0.0002169265805675256
wf2021,TS_K20,20210830,-0.001215767653617027,-0.0006383341311751462,-0.0006911498680623352
wf2021,TS_K20,20210831,0.0041167712909488865,0.004894195495554539,-0.0007870221030911991
wf2021,TS_K20,20210901,-0.006959145857698271,-0.007117817977548917,0.00023956946127912045
wf2021,TS_K20,20210902,0.002283026766832028,0.0025613241299532676,-0.0003342025861771294
wf2021,TS_K20,20210903,0.006140090892933606,0.005644722630174513,0.0005208686491056175
wf2021,TS_K20,20210906,-0.001951213080049299,-0.0020150905569582224,-2.802558500829142e-05
wf2021,TS_K20,20210907,-0.0021120819406181207,-0.0020929720285166485,-9.584119925391783e-05
wf2021,TS_K20,20210908,-0.002372661643680176,-0.0020780019752226373,-0.00046944695395089055
wf2021,TS_K20,20210909,0.002905535623101829,0.003418494830219064,-0.000530626108128943
wf2021,TS_K20,20210910,-0.004376926891175009,-0.004000434712432955,-0.00048038159621642486
wf2021,TS_K20,20210913,0.003238866694307908,0.003957413540344275,-0.0005693395741608032
wf2021,TS_K20,20210914,-0.004673785962731169,-0.004318981879073799,-0.0004322737132198898
wf2021,TS_K20,20210915,0.00035893304291790586,-0.00031217862466899115,0.00045419390432371686
wf2021,TS_K20,20210916,0.0037946799657719793,0.003170372921795548,0.0005592644082306403
wf2021,TS_K20,20210917,-0.0062979469943495615,-0.006042110500638743,-0.00039391890073344236
wf2021,TS_K20,20210922,0.00545371730413178,0.005531841911782968,-0.00010661529683143054
wf2021,TS_K20,20210923,0.0035675080054201804,0.00361009451987864,-0.00017469410673607232
wf2021,TS_K20,20210924,0.006157153807151858,0.005898818449534815,0.00021637716684469514
wf2021,TS_K20,20210927,-0.0017511157872859523,-0.0017148581558897064,-0.00011101889503300768
wf2021,TS_K20,20210928,0.0019069963018314325,0.002328263644000307,-0.0005202857176670676
wf2021,TS_K20,20210929,0.0007393169066649066,-0.0003448289560613019,0.0009854461349979283
wf2021,TS_K20,20210930,0.0032883442248928703,0.0033130243532392446,-9.012344195466157e-05
wf2021,TS_K20,20211008,0.003207173859243774,0.002720779439247851,0.0005227714407192545
wf2021,TS_K20,20211011,0.0019100854936342868,0.001916963874057445,0.00018087982712892584
wf2021,TS_K20,20211012,0.007088533101205207,0.007294833358601417,1.6765881894434425e-05
wf2021,TS_K20,20211013,0.003310989673474269,0.0035978447830149083,-0.0002888770551689882
wf2021,TS_K20,20211014,0.00013883714514133054,0.0007327274245465775,-0.00042914762581446227
wf2021,TS_K20,20211015,-0.003728572866121469,-0.003109131575797717,-0.0006442686189424552
wf2021,TS_K20,20211018,0.0007869391236305237,0.0007313292070037974,-0.0001678541768117985
wf2021,TS_K20,20211019,-0.003752750334821278,-0.0033972359291729714,-0.0005503690231732015
wf2021,TS_K20,20211020,-0.0006267667239123398,8.849514988586244e-05,-0.0006385547753133538
wf2021,TS_K20,20211021,0.005418678789273169,0.005082667908519119,0.0003020843810957039
wf2021,TS_K20,20211022,-0.0008141219760646025,-0.0003240876234518175,-0.0005021834782999326
wf2021,TS_K20,20211025,0.0026737904481724637,0.0027844133114216262,-8.791074827637325e-05
wf2021,TS_K20,20211026,-0.0026357312328401453,-0.0018781058214151394,-0.0007426980901429031
wf2021,TS_K20,20211027,0.0014650553866960465,0.0010054401784231227,0.0002814444086019824
wf2021,TS_K20,20211028,0.0028475248175423174,0.0025226563624843813,0.0001438299912529095
wf2021,TS_K20,20211029,0.0022329543044680763,0.0016796069334192212,0.00046286259552073003
wf2021,TS_K20,20211101,0.0054695453158190785,0.004736930486181706,0.0007277114676052499
wf2021,TS_K20,20211102,0.0033486553047761217,0.0032286232999798772,0.00024174611816873422
wf2021,TS_K20,20211103,0.0004385459155062388,0.00023957900079608853,0.000266289399444545
wf2021,TS_K20,20211104,0.00532026261827306,0.004369422247672096,0.001130102224061052
wf2021,TS_K20,20211105,-0.0008759122542749695,-0.0005479215068603786,-0.0003125500299397741
wf2021,TS_K20,20211108,0.0008183212998809902,0.000427629077066721,0.0003819518786192766
wf2021,TS_K20,20211109,0.0005946238701382807,0.00013928310032628545,0.0004861861541800973
wf2021,TS_K20,20211110,-0.0007626181890072279,-0.0008487980208895135,0.00025460067576757564
wf2021,TS_K20,20211111,0.0006638017751542224,0.0008201347047426946,0.00024970985334214833
wf2021,TS_K20,20211112,0.0017342959605304697,0.0008414935032803057,0.0010690953208924122
wf2021,TS_K20,20211115,0.002204733138768843,0.001398641514717341,0.0006161347440672959
wf2021,TS_K20,20211116,0.0018312531473269663,0.0021482277206650515,-0.0002596054253848396
wf2021,TS_K20,20211117,0.0014653411406208641,0.0018763161929607397,-0.0005361024980623857
wf2021,TS_K20,20211118,0.0008479593397149824,0.0009211369803654925,-0.0001510176811328235
wf2021,TS_K20,20211119,0.002315777786635214,0.0026309529254837562,-0.00028885163010302625
wf2021,TS_K20,20211122,0.000968277476521767,0.0006233169211806918,0.00036291912579075586
wf2021,TS_K20,20211123,-0.00011004710660728403,-5.764086518412608e-05,7.61602565071323e-05
wf2021,TS_K20,20211124,0.0008973177263999134,0.0009601638587284481,-1.2654723706123693e-05
wf2021,TS_K20,20211125,0.0004242478755731964,0.0006683325501431631,-0.00029005592184746235
wf2021,TS_K20,20211126,0.0006447112130994095,0.0014838781194930167,-0.0008246840159048684
wf2021,TS_K20,20211129,0.00086784312307889,0.0003941993876162007,0.00028261579578706917
wf2021,TS_K20,20211130,0.0014951328081093535,0.0009975071580144738,0.0004427444719554593
wf2021,TS_K20,20211201,0.0013634530537747526,0.00037108231581917193,0.0008299393138231886
wf2021,TS_K20,20211202,0.0034988025452513958,0.003411397543431831,-3.844907464579456e-05
wf2021,TS_K20,20211203,-0.0013473894878690829,-0.0011808091932953432,-0.00017336274858008104
wf2021,TS_K20,20211206,-0.0006395474763999862,-0.001351604952295369,0.00074672437794903
wf2021,TS_K20,20211207,0.00331396422890071,0.0033620438945032648,-6.488568477374486e-05
wf2021,TS_K20,20211208,0.0026734848635996166,0.001825134836650742,0.0007493618394893408
wf2021,TS_K20,20211209,-0.0007122901435794807,-0.0004439695617150292,-0.00018901750806683793
wf2021,TS_K20,20211210,0.00020378989556246122,0.0009143299927660779,-0.0007376231208763809
wf2021,TS_K20,20211213,0.0006597185091747294,0.0006299747923726368,0.00024863855801808684
wf2021,TS_K20,20211214,-0.004765515259917721,-0.00407615733345136,-0.0004094428870758445
wf2021,TS_K20,20211215,0.0023757313692399,0.002022598662778568,0.00036867009496208
wf2021,TS_K20,20211216,-0.0018505511694964583,-0.0026862484828841663,0.0006902702445077511
wf2021,TS_K20,20211217,-0.0034664375158615507,-0.004610301485033351,0.0009234033550576933
wf2021,TS_K20,20211220,0.00034383456473347646,0.00022266035604931656,2.2806144732809638e-05
wf2021,TS_K20,20211221,0.003955471922658289,0.00371638904395558,0.0001478780138224739
wf2021,TS_K20,20211222,1.6264151380000758e-05,0.0006422018794078903,-0.0007377829655074805
wf2021,TS_K20,20211223,0.003261099353494442,0.0016920472560136377,0.001202692277330093
wf2021,TS_K20,20211224,-4.680557734787656e-05,-0.0004906131257284627,0.00036039871416158344
wf2021,TS_K20,20211227,0.004352591627611096,0.004168358600492212,0.0001717473109852627
wf2021,TS_K20,20211228,0.00104506198797162,0.000989874885474161,0.00021810974704622528
wf2021,TS_K20,20211229,0.0017408017103590929,0.0013176215436063608,0.00028160721760379253
wf2021,TS_K20,20211230,-0.0002282320610979844,-0.0006619911858563805,0.0004029241417628856
wf2021,TS_K20,20211231,-0.002266015828446684,-0.003739910361118525,0.0012865571086135338
wf2021,TS_K25,20210104,0.0057166248737902745,0.005128390175455784,0.0007355633886103532
wf2021,TS_K25,20210105,-0.0025813454712253475,-0.0019967161600039146,-0.0005931860570307936
wf2021,TS_K25,20210106,0.007170469228677822,0.006444048082487495,0.0005142089791942892
wf2021,TS_K25,20210107,-0.0018605001085372796,-0.0018976521328394006,5.7013574322602894e-05
wf2021,TS_K25,20210108,0.0018463547817918237,0.0012287810611542236,0.000513955381571009
wf2021,TS_K25,20210111,0.0021717712962374524,0.0012183472918514378,0.0006839887788229504
wf2021,TS_K25,20210112,-0.0026061869663941903,-0.002349545533018965,-0.00030755867080348794
wf2021,TS_K25,20210113,0.0011694863532830022,0.001586974012282391,-0.0004627129234831326
wf2021,TS_K25,20210114,0.005667964306454373,0.00581017847721497,0.0002037905114797478
wf2021,TS_K25,20210115,0.004856018518733187,0.0033655832335294663,0.0014436959817753195
wf2021,TS_K25,20210118,0.001464965916214716,0.0024179689933372115,-0.0009396613714675114
wf2021,TS_K25,20210119,0.004389787879642103,0.0035743862906660426,0.0008498123509957968
wf2021,TS_K25,20210120,0.0032536976732097057,0.0026341428852569414,0.0005442189106250632
wf2021,TS_K25,20210121,0.0021116988747606306,0.0019231687863652705,0.00017577911639063952
wf2021,TS_K25,20210122,0.003447535002584134,0.0036761107967359275,-0.00011656107118211177
wf2021,TS_K25,20210125,0.0029613105848079763,0.003785908748630735,-0.0008583298412593847
wf2021,TS_K25,20210126,-9.576854561569974e-05,2.7065130827247526e-05,-0.0001962216975187351
wf2021,TS_K25,20210127,-0.00043708572025467907,0.00042636839096755525,-0.0011127690475563564
wf2021,TS_K25,20210128,-0.0001804721233364063,0.0009249115954749105,-0.0008398474472477227
wf2021,TS_K25,20210129,0.0034535639222418,0.003465842079136985,0.000584524531888148
wf2021,TS_K25,20210201,0.0014411396081575622,0.00048506016136030293,0.000609183200431629
wf2021,TS_K25,20210202,-0.005394900088161304,-0.004816352394795682,-0.0004881942042798024
wf2021,TS_K25,20210203,-0.0010802327161106087,-0.0011102710117978352,-0.00014194163069634013
wf2021,TS_K25,20210204,-0.001192059922606176,0.0011809268075316775,-0.0027969745546866575
wf2021,TS_K25,20210205,-0.0032563112084469017,-0.002955879842952521,-0.0006848106611237748
wf2021,TS_K25,20210208,0.003142795216482964,0.0011701671876611058,0.001563158151760256
wf2021,TS_K25,20210209,0.0006663988500478875,0.000510618953530571,-0.00011313633261112625
wf2021,TS_K25,20210210,0.004259147943497504,0.003433507438158725,0.0010096596794748585
wf2021,TS_K25,20210218,0.004325707893573234,0.004262064481017737,0.00012566538066992143
wf2021,TS_K25,20210219,0.0021398212860477377,0.0023581947261261085,-0.00037220055876028527
wf2021,TS_K25,20210222,0.00045798195802998747,0.000623419366009508,-0.00031487217136904526
wf2021,TS_K25,20210223,0.005460780253628366,0.005250258279131073,0.00012928926795902846
wf2021,TS_K25,20210224,-0.0030789339711561423,-0.002033599898223313,-0.0009693886041939762
wf2021,TS_K25,20210225,0.003345208023839975,0.0031205893213772508,-2.676196986262252e-05
wf2021,TS_K25,20210226,0.0019449155385888178,0.000535572108447365,0.001311150827620163
wf2021,TS_K25,20210301,0.004034977247928857,0.004245955695039565,-0.00010713353543784192
wf2021,TS_K25,20210302,7.165147168363036e-05,-9.632635579964543e-05,-2.787053529078963e-05
wf2021,TS_K25,20210303,-0.0010379416250673075,-0.0005593279429910444,-0.0007579209652097279
wf2021,TS_K25,20210304,0.005412807240113204,0.005223768245097446,0.00013638460079725594
wf2021,TS_K25,20210305,-0.006617215128480647,-0.005237317092939112,-0.0009052972494218855
wf2021,TS_K25,20210308,-0.0020884863178778044,-0.0007335761184504203,-0.001663035899131529
wf2021,TS_K25,20210309,0.0022815757289216115,0.0020672026994958386,0.00043883213025521477
wf2021,TS_K25,20210310,0.003121479378781475,0.00209047982724092,0.0008505094622355278
wf2021,TS_K25,20210311,-0.0019172999481142537,-0.0010601329620230737,-0.000934647488333575
wf2021,TS_K25,20210312,-0.0030084568746453415,-0.0020415210254476584,-0.0011588104970338647
wf2021,TS_K25,20210315,-0.0007934590805985745,-0.001011470728503777,0.0002209484442230019
wf2021,TS_K25,20210316,0.003293833934755133,0.0027577424114915696,0.0006936374633746674
wf2021,TS_K25,20210317,0.0004618616745045588,0.00046995649278284946,0.00013418324742722716
wf2021,TS_K25,20210318,0.002387314903283536,0.002641126307073059,-0.00010485944422452829
wf2021,TS_K25,20210319,-5.267482646370905e-05,-6.45654658836663e-05,0.00023233895403427927
wf2021,TS_K25,20210322,0.0032163185722241684,0.003340300991991567,-9.992439248054225e-05
wf2021,TS_K25,20210323,-0.002628615372637557,-0.001728546191933634,-0.000888176839824429
wf2021,TS_K25,20210324,0.002777197902887544,0.00234817343614233,0.00025396425490753456
wf2021,TS_K25,20210325,0.004422748274189531,0.0035568793797791654,0.0008382863721538203
wf2021,TS_K25,20210326,-0.0005941011648229629,-0.000384349503090101,-0.00022207321897427492
wf2021,TS_K25,20210329,0.004728486047945997,0.004873260067862128,-0.00024982850229068507
wf2021,TS_K25,20210330,-0.0018178861464176617,-0.001363361795989386,-0.0005983027291148954
wf2021,TS_K25,20210331,0.003298881575921806,0.0028459465783751228,0.0002970481491857966
wf2021,TS_K25,20210401,0.004047408783225035,0.0037514212110989586,0.00039978068565349445
wf2021,TS_K25,20210402,0.002253531549499699,0.002132194514018074,0.00014787469256828325
wf2021,TS_K25,20210406,-0.0018809776923522118,-0.0009116436237209297,-0.0005906569259774232
wf2021,TS_K25,20210407,0.003765879429611723,0.0034292071971688837,0.0002495856454500065
wf2021,TS_K25,20210408,-0.0010447810230794423,-0.0015224491177398725,0.00036433719013408345
wf2021,TS_K25,20210409,-0.007554234259896615,-0.006892921090109209,-0.0006875702078117268
wf2021,TS_K25,20210412,0.003024585609091416,0.0031186185427246518,-0.00012167264844721801
wf2021,TS_K25,20210413,0.0025625229451697387,0.0020609223252560397,0.00035678589279743394
wf2021,TS_K25,20210414,0.0009652122491677247,0.001000800430261933,-0.00027296220216668104
wf2021,TS_K25,20210415,0.000738169477312008,0.00041949495201796784,0.0001825211053836509
wf2021,TS_K25,20210416,0.0045308266162193776,0.00398144077972579,0.00043604879031142413
wf2021,TS_K25,20210419,0.0024401688952069038,0.0023982963885120605,-5.0910925461028496e-05
wf2021,TS_K25,20210420,0.0004819537840951432,0.0002931822631905525,-2.2891431998068958e-05
wf2021,TS_K25,20210421,0.0007118812400919903,0.0003457818447636483,0.0004254860814847739
wf2021,TS_K25,20210422,0.0034118454796904186,0.0031808453757089334,0.0001550504289083878
wf2021,TS_K25,20210423,0.0006775987399194336,0.00046855184985908186,2.7633569010274917e-05
wf2021,TS_K25,20210426,0.0007452379118598612,0.0008149366051157996,-0.0002769882064426076
wf2021,TS_K25,20210427,-0.0008044529459153059,-0.000536953046903171,-2.4293268021445294e-05
wf2021,TS_K25,20210428,-0.0009877141099020907,-0.0008968028374796403,-0.00027382704697002263
wf2021,TS_K25,20210429,0.0005115744998771517,0.0006418555674054023,-0.00023898344906277526
wf2021,TS_K25,20210430,-0.0027821699212602817,-0.0031395028266088176,0.00020779274388967728
wf2021,TS_K25,20210506,-0.0026906255032913594,-0.002197214840845328,-0.0004644418519458817
wf2021,TS_K25,20210507,-0.007316146227190309,-0.007159718776452143,-0.0001989365364959318
wf2021,TS_K25,20210510,0.00305942736780793,0.0035810756241686573,-0.00046853686279613063
wf2021,TS_K25,20210511,-0.00031786469752537357,-0.0007528702273156096,0.00025629838138672414
wf2021,TS_K25,20210512,0.0008948435699266859,0.0007706048148202969,4.373096428604686e-05
wf2021,TS_K25,20210513,0.0020870777541902585,0.0014260081216935087,0.0005731989935513972
wf2021,TS_K25,20210514,0.006705271525213004,0.00666027384265891,5.520834447766149e-06
wf2021,TS_K25,20210517,-0.001715366189979408,-0.0013226824957022663,-0.0003564550600818414
wf2021,TS_K25,20210518,-0.0004045584231283899,-0.00043304760276041763,-6.869511495920575e-06
wf2021,TS_K25,20210519,0.0033694161829830823,0.002944669869299917,0.0002574385279308926
wf2021,TS_K25,20210520,-0.002493442823880786,-0.0022253525767795533,-0.0003114195025025828
wf2021,TS_K25,20210521,0.002712845298901506,0.002017297314522423,0.0005114162217721815
wf2021,TS_K25,20210524,0.0012162681236975378,0.0010228499165197238,0.00017916676469222865
wf2021,TS_K25,20210525,0.0017952826869197386,0.0015865406388921842,0.00018740799717303905
wf2021,TS_K25,20210526,0.004326729917265113,0.003727328726773351,0.0004925082819641062
wf2021,TS_K25,20210527,-0.0002631909148185347,0.00011802634007777204,-0.0004336505442794719
wf2021,TS_K25,20210528,-0.00031296702745677203,-8.95221044262453e-05,-0.00023039023501384456
wf2021,TS_K25,20210531,0.0007613687831776132,0.0003067684846706456,0.0005494792895125527
wf2021,TS_K25,20210601,0.0004749255757352574,0.00036400827979598985,8.877057064142447e-05
wf2021,TS_K25,20210602,-0.0028826428335071977,-0.002711310373684641,-0.00013659005413265373
wf2021,TS_K25,20210603,0.0019091986211036125,0.0007179733556422707,0.0007797611617661816
wf2021,TS_K25,20210604,0.003434880966554708,0.0028022757520091324,0.00036513218753757466
wf2021,TS_K25,20210607,0.0010830586130962361,0.0006103349985922363,0.0004873604024641914
wf2021,TS_K25,20210608,0.0025653846326564272,0.0021082058222863884,0.0003028909284957804
wf2021,TS_K25,20210609,0.0029231789345536613,0.002258803064730367,0.0006203333981046172
wf2021,TS_K25,20210610,0.00044589578939754123,0.0010510767516408504,-0.0005133508942519024
wf2021,TS_K25,20210611,0.003002529056981746,0.0020412327696274317,0.0006633684172997795
wf2021,TS_K25,20210615,0.00038774481795155434,0.000295029408111178,-3.8129762434522174e-05
wf2021,TS_K25,20210616,0.0035381844550554167,0.0032935599968848452,0.0002706696207925782
wf2021,TS_K25,20210617,0.0013650476281510636,0.001229363732181247,0.00012963797062996978
wf2021,TS_K25,20210618,0.00424155358472166,0.00406983085975372,0.0001885715740182894
wf2021,TS_K25,20210621,-0.00047722249937875386,-0.0003452877871284561,-1.5033373896940905e-05
wf2021,TS_K25,20210622,0.002473665282822725,0.0018660606425025374,0.0004441890902689242
wf2021,TS_K25,20210623,0.0015317616370926373,0.0010623246771063555,0.00033038930654170646
wf2021,TS_K25,20210624,-0.0005863955651956452,-0.0006336478262057223,-5.114995388207465e-06
wf2021,TS_K25,20210625,0.002907826667261652,0.0027394528710562157,7.149476114997114e-05
wf2021,TS_K25,20210628,-0.0018798231488887165,-0.0016385380890798168,-0.00030758821725068074
wf2021,TS_K25,20210629,0.0015850642712945126,0.0008451699577711742,0.0005402061904467039
wf2021,TS_K25,20210630,0.003653838039240279,0.004228735188522971,-0.0005563823995472928
wf2021,TS_K25,20210701,-0.0006442615965650284,-0.0007621500236266136,-0.00019574417587360255
wf2021,TS_K25,20210702,0.0006727684014723838,0.00021348970767432932,0.000308494121864939
wf2021,TS_K25,20210705,-0.0016625889547181411,-0.0011280336676993976,-0.00016574322828811998
wf2021,TS_K25,20210706,0.006290467941454647,0.005972804472346051,0.0003078119592760235
wf2021,TS_K25,20210707,0.002232904517076243,0.002106777808265492,-5.911330671565743e-05
wf2021,TS_K25,20210708,1.6049180430656278e-05,-0.00029529262727995666,0.0001557163531611211
wf2021,TS_K25,20210709,0.002382944208109727,0.0017985237912383596,0.0005324614502625253
wf2021,TS_K25,20210712,0.0009631164018756482,0.0004898642324920792,0.00036892333214312784
wf2021,TS_K25,20210713,0.0027868595493617367,0.002704606555788221,0.00014854455138310407
wf2021,TS_K25,20210714,-8.968514995251389e-05,0.0003340873652948227,-0.0004269091936140815
wf2021,TS_K25,20210715,0.0004874030583689098,0.00042129909024445246,-0.00012981220178620204
wf2021,TS_K25,20210716,0.0035942363670186483,0.003166988383607563,0.0003488489012854315
wf2021,TS_K25,20210719,-0.0005387979663218053,-0.0008684425130327788,0.000174071105831373
wf2021,TS_K25,20210720,0.0015662156391983654,0.0012198088671719902,0.0001639372231040176
wf2021,TS_K25,20210721,-0.0005462929358030265,-0.0007445357514906782,8.439744443398556e-06
wf2021,TS_K25,20210722,-0.0019229204760469777,-0.0017916033170832745,-0.0002766838904233353
wf2021,TS_K25,20210723,-0.0013033468103759386,-0.001021813512298425,-0.00022521733249170612
wf2021,TS_K25,20210726,0.0016472309121950586,0.0018216565926028124,-0.00031371447042699774
wf2021,TS_K25,20210727,0.0010182537223061422,0.0019489754280014057,-0.0008337135099679046
wf2021,TS_K25,20210728,0.0006889498859289113,-0.0014731481307678645,0.0021325710810822236
wf2021,TS_K25,20210729,0.002875418822719803,0.0017910935665992793,0.0009194904436025125
wf2021,TS_K25,20210730,0.005933039714463548,0.0051993538376846875,0.0006050756209796982
wf2021,TS_K25,20210802,0.0037398556643342164,0.003553367099035118,0.00012659354889811225
wf2021,TS_K25,20210803,0.00018985143368955605,8.727735557461334e-06,8.571316198771568e-05
wf2021,TS_K25,20210804,0.0001977317611062705,0.0004833976330007135,-0.00014947461309476254
wf2021,TS_K25,20210805,-0.0015498142135080583,-0.0017422125930488378,1.3540848618228676e-05
wf2021,TS_K25,20210806,0.007588270431901715,0.007863932189941041,-0.000123521618310218
wf2021,TS_K25,20210809,0.0046746661878489075,0.0039597015296297415,0.0006897485180106267
wf2021,TS_K25,20210810,-0.0021887592077944416,-0.00187766606154826,-0.00015278065869577778
wf2021,TS_K25,20210811,-0.0019285972244947455,-0.001801713166243741,-0.0001843455206806581
wf2021,TS_K25,20210812,8.619365911668737e-05,-0.00029757688432341406,0.0003549506086438335
wf2021,TS_K25,20210813,0.0028122916904123572,0.0031318806656941483,-3.994412515876463e-05
wf2021,TS_K25,20210816,-0.001576247337407629,-0.0006769658694214715,-0.0007484587710984618
wf2021,TS_K25,20210817,-0.0003869334451383679,-2.4536512575564157e-05,-0.00037679804051319454
wf2021,TS_K25,20210818,-0.0001837491538739795,-0.0002995529196613733,-9.571386560515889e-05
wf2021,TS_K25,20210819,-0.003695997369913053,-0.003777378401011754,-0.00024073135302455875
wf2021,TS_K25,20210820,0.0031941159064627044,0.002130626341261008,0.0010963324847052562
wf2021,TS_K25,20210823,-6.658613230721769e-05,4.6662767185473266e-05,-0.00013198888006971658
wf2021,TS_K25,20210824,0.0024770884886451605,0.002458450767369457,-6.520803544289084e-05
wf2021,TS_K25,20210825,-0.0042436534411346115,-0.0038571364242182327,-0.0005505023542511506
wf2021,TS_K25,20210826,-0.0021904168058049,-0.002188617290201313,-9.669604903091102e-05
wf2021,TS_K25,20210827,-0.001987878443614199,-0.0024691505104620366,0.00033712738255447296
wf2021,TS_K25,20210830,-0.0022142999648643628,-0.0014896102563111305,-0.0008384060541736878
wf2021,TS_K25,20210831,0.005239137322428629,0.00648108887733707,-0.0012515494533939862
wf2021,TS_K25,20210901,-0.006829005508204921,-0.007121112534326009,0.0003730043675495624
wf2021,TS_K25,20210902,0.004148581745517643,0.004450736684080212,-0.000358060161618458
wf2021,TS_K25,20210903,0.005338396000900383,0.004868443428026092,0.0004954529592208093
wf2021,TS_K25,20210906,-0.0016998784526217198,-0.001798461670437358,6.680155898422546e-06
wf2021,TS_K25,20210907,-0.0027843082947731496,-0.002635009422826691,-0.00022603015909890436
wf2021,TS_K25,20210908,-0.0025693550716072797,-0.0022238291042196157,-0.000520313252881016
wf2021,TS_K25,20210909,0.00333325190336171,0.003842293220390719,-0.0005267082180407165
wf2021,TS_K25,20210910,-0.004518595709110596,-0.004102275778628258,-0.0005202093479567085
wf2021,TS_K25,20210913,0.003582995851269779,0.004251420823124976,-0.0005192176999796326
wf2021,TS_K25,20210914,-0.00397946266823518,-0.0036362759594056305,-0.0004206563383920692
wf2021,TS_K25,20210915,0.0008812712564113933,0.0002639168215626304,0.00040043667158558266
wf2021,TS_K25,20210916,0.004049766665763434,0.003509196773002453,0.0004755272570151905
wf2021,TS_K25,20210917,-0.006725236398373958,-0.006508355457130319,-0.0003549633482662618
wf2021,TS_K25,20210922,0.0053294503271308314,0.005427728206917636,-0.00012676856896704658
wf2021,TS_K25,20210923,0.003491965404710324,0.003527784637186453,-0.00016792682475374064
wf2021,TS_K25,20210924,0.006347131833311582,0.0061045758148543785,0.00020059782768485512
wf2021,TS_K25,20210927,-0.0016563937664837054,-0.0016335550413649627,-9.759998875550392e-05
wf2021,TS_K25,20210928,0.001002363547702348,0.0015699436900730571,-0.0006665985178689021
wf2021,TS_K25,20210929,0.0008035518550933499,-0.00037573790025205846,0.001080590027617125
wf2021,TS_K25,20210930,0.00360515938677268,0.003695775040007906,-0.00015605896684351415
wf2021,TS_K25,20211008,0.003237385779942821,0.0027005936848379613,0.0005731691158281924
wf2021,TS_K25,20211011,0.0019503684481976952,0.0020071440933239738,0.00013098256242580192
wf2021,TS_K25,20211012,0.007265023871074663,0.0074855062906850674,2.583719680241168e-06
wf2021,TS_K25,20211013,0.003173663791082501,0.0034153858722684727,-0.00024374402681432133
wf2021,TS_K25,20211014,0.001080696002153954,0.001672472772400041,-0.0004270341166553028
wf2021,TS_K25,20211015,-0.003643080126734399,-0.003057881944220061,-0.0006100255111330435
wf2021,TS_K25,20211018,0.000794805036242319,0.0007129836111511245,-0.00014164266834732972
wf2021,TS_K25,20211019,-0.003960828563201265,-0.0035860785150823994,-0.0005696046656437577
wf2021,TS_K25,20211020,-0.00011045730529230576,0.0005668701187200115,-0.0006006203255274692
wf2021,TS_K25,20211021,0.004695639086104356,0.004383835425435188,0.00027787716101082235
wf2021,TS_K25,20211022,-0.00112228647588802,-0.0007171295322794354,-0.00041730606929573104
wf2021,TS_K25,20211025,0.003306508909671305,0.0033815362749731945,-5.231525032909934e-05
wf2021,TS_K25,20211026,-0.001903064394652168,-0.0012948277873323678,-0.000593309286037695
wf2021,TS_K25,20211027,0.001659921651878466,0.00131076804745943,0.00017098280474809496
wf2021,TS_K25,20211028,0.0030022556611809057,0.002699155164096434,0.00012206203327944391
wf2021,TS_K25,20211029,0.0016155661673537356,0.0010055443814214952,0.0005195370104041148
wf2021,TS_K25,20211101,0.003736776921247088,0.0029911040974505807,0.0007407694617643856
wf2021,TS_K25,20211102,0.00367788008895243,0.003512971665447806,0.00028662253687711313
wf2021,TS_K25,20211103,0.0002634828484761303,-5.929831802003582e-06,0.00033673516501252763
wf2021,TS_K25,20211104,0.005019763823545345,0.004059858757586882,0.0011391669194185518
wf2021,TS_K25,20211105,-0.0016511964894860547,-0.0014382292178217644,-0.00019752655418947364
wf2021,TS_K25,20211108,0.0004393035368945135,6.0411457517736304e-05,0.00037015173518178225
wf2021,TS_K25,20211109,0.0005982108150318511,0.00014796061056551385,0.00048109558883444
wf2021,TS_K25,20211110,0.000320063590200665,0.00029576867405874444,0.00019271576002721173
wf2021,TS_K25,20211111,-0.000849669280093961,-0.0006696896954429029,0.00022606319827955942
wf2021,TS_K25,20211112,0.0021214606047799053,0.0012754310388753069,0.0010223224295468469
wf2021,TS_K25,20211115,0.0025577311849460486,0.0017784918638048461,0.0005892824411569959
wf2021,TS_K25,20211116,0.00175946358586407,0.0020686340452867897,-0.0002518013114694741
wf2021,TS_K25,20211117,0.001422787784145653,0.0018425527362806034,-0.0005448923978574615
wf2021,TS_K25,20211118,0.0013684479010735648,0.0014622800231983632,-0.00017167216260711212
wf2021,TS_K25,20211119,0.0024288045883220912,0.0027865777891052396,-0.0003314496920376314
wf2021,TS_K25,20211122,0.002008061375956338,0.001716556632997893,0.00030946331340812535
wf2021,TS_K25,20211123,-0.00015350426562402283,-9.294904777292623e-05,6.801128007919346e-05
wf2021,TS_K25,20211124,0.0012223781669308902,0.0012983219847126238,-2.5752409159321855e-05
wf2021,TS_K25,20211125,-0.0001365672867894652,7.428877228900124e-05,-0.00025682730635596154
wf2021,TS_K25,20211126,0.0007070933283137679,0.0016131242760749334,-0.0008915480572724264
wf2021,TS_K25,20211129,0.0008368508295109019,0.00035179167127314065,0.00029403121856214087
wf2021,TS_K25,20211130,0.0008749939435632684,0.00040910258731628545,0.00041101017810756245
wf2021,TS_K25,20211201,0.0013005109889601338,0.00045740281332421715,0.0006806767515035272
wf2021,TS_K25,20211202,0.0035624194616640445,0.0034889188117562748,-5.235342655758918e-05
wf2021,TS_K25,20211203,-0.0009089329176263875,-0.0007947599645715207,-0.00012095540706120993
wf2021,TS_K25,20211206,-0.0006109610690039294,-0.0011626850882283015,0.0005863909212780189
wf2021,TS_K25,20211207,0.003183628887522232,0.0031473832033754655,1.9439664975580678e-05
wf2021,TS_K25,20211208,0.002086067276779205,0.0013252119810578575,0.0006618671082618151
wf2021,TS_K25,20211209,0.0004657830803253206,0.0007838706434040266,-0.000238784489281092
wf2021,TS_K25,20211210,-0.00018409574319772515,0.00038057588907006656,-0.0005917546559405565
wf2021,TS_K25,20211213,-1.7207710094051254e-05,-2.8529777294262007e-05,0.0002302169084162045
wf2021,TS_K25,20211214,-0.005028936741812221,-0.0042682639928790225,-0.000480757709542683
wf2021,TS_K25,20211215,0.002915365743466229,0.0026062613442905218,0.0003246417876764562
wf2021,TS_K25,20211216,-0.002924564775476846,-0.003513470291429862,0.00044347844707305774
wf2021,TS_K25,20211217,-0.0031227622312897663,-0.0039875519546418514,0.0006443291092379781
wf2021,TS_K25,20211220,0.0011586297293700448,0.001135558693389764,-7.529702797106643e-05
wf2021,TS_K25,20211221,0.004080619750015953,0.0037387873981199874,0.0002506274870157311
wf2021,TS_K25,20211222,-0.00025070711831507494,0.00019465135825634349,-0.0005572037140510104
wf2021,TS_K25,20211223,0.002411258593345551,0.001147851198122452,0.0008970475750723848
wf2021,TS_K25,20211224,0.00018559462163709496,-0.0001822211061654758,0.00028440689358356886
wf2021,TS_K25,20211227,0.003789069459367314,0.003564069110808527,0.00021251463242516434
wf2021,TS_K25,20211228,0.0007262219573267211,0.000752613164395413,0.0001365314374800747
wf2021,TS_K25,20211229,0.000922185988009026,0.0004891598225049501,0.0002914532163551359
wf2021,TS_K25,20211230,6.725553248062947e-05,-0.00035914782225556613,0.00039556837174068593
wf2021,TS_K25,20211231,-0.001659599827179654,-0.0030906695549098202,0.001243732303671856
wf2021,TS_K30,20210104,0.004856322575715335,0.004395448200679707,0.0006082030653114905
wf2021,TS_K30,20210105,-0.0022370890756907916,-0.0014932497684910168,-0.0007523960530091325
wf2021,TS_K30,20210106,0.008340110642674176,0.0075105101516774915,0.0006173883240006509
wf2021,TS_K30,20210107,-0.0032801630024483636,-0.003039293001392596,-0.0002210084510352863
wf2021,TS_K30,20210108,0.0007801009354809901,0.0003879179602578574,0.00028856463615653906
wf2021,TS_K30,20210111,0.0023968617010562583,0.0014516148837220113,0.000675811591771182
wf2021,TS_K30,20210112,-0.004086217677856049,-0.0036216220968289573,-0.0005155128184553506
wf2021,TS_K30,20210113,0.0003444544362968291,0.001409661979626308,-0.0011104328078132238
wf2021,TS_K30,20210114,0.004398058033733693,0.004300481338348387,0.0004435813776256511
wf2021,TS_K30,20210115,0.005300322748837743,0.003518799764089536,0.001734783681319812
wf2021,TS_K30,20210118,0.001100930639247683,0.0022560794999584885,-0.0011418071550558216
wf2021,TS_K30,20210119,0.004485323093526876,0.0034553566364906663,0.0010643772190559468
wf2021,TS_K30,20210120,0.003345246626241193,0.0025693644045420108,0.0007005463443714818
wf2021,TS_K30,20210121,0.003248233566104923,0.003029858961061539,0.0002056236330386637
wf2021,TS_K30,20210122,0.003751833888982658,0.003881005276248737,-1.715666429639704e-05
wf2021,TS_K30,20210125,0.00288928502267591,0.0038900521908540047,-0.0010344988456147204
wf2021,TS_K30,20210126,0.000847901396539836,0.0010376340859095876,-0.0002631207104455393
wf2021,TS_K30,20210127,-0.0004939628955387566,0.0006379305463970458,-0.0013812083782699213
wf2021,TS_K30,20210128,-0.0008949591887210447,0.00030203196266502194,-0.000931454879822476
wf2021,TS_K30,20210129,0.003988295686691097,0.0039410660328977045,0.000644032342576727
wf2021,TS_K30,20210201,0.001768975648089878,0.0006801712254648669,0.0007419081762593797
wf2021,TS_K30,20210202,-0.005510551223227475,-0.004876030710119351,-0.0005441670240222997
wf2021,TS_K30,20210203,-0.00027389639482815545,-0.000365143568263421,-8.073275294830394e-05
wf2021,TS_K30,20210204,-0.0008547258838982608,0.001918633863847319,-0.0031973475722943865
wf2021,TS_K30,20210205,-0.003008867151365829,-0.002599652108188113,-0.0007935943388071084
wf2021,TS_K30,20210208,0.002878897069858631,0.0006518218575161945,0.0018176053352808317
wf2021,TS_K30,20210209,0.0006978255342896256,0.0006350190951268408,-0.00020610978996565775
wf2021,TS_K30,20210210,0.004011836541179967,0.0031058519480295053,0.0010900037672865375
wf2021,TS_K30,20210218,0.00431238957410764,0.0043359315390593435,3.848000316272767e-05
wf2021,TS_K30,20210219,0.0022811257324757313,0.0026390814117366154,-0.0005117827979427992
wf2021,TS_K30,20210222,-0.0002723770921579053,-6.214611407904039e-05,-0.00035966574146838946
wf2021,TS_K30,20210223,0.004952401664097706,0.004832065224663048,3.910373289639393e-05
wf2021,TS_K30,20210224,-0.0030587283209924845,-0.001862750679647877,-0.0011200321726057543
wf2021,TS_K30,20210225,0.001973954588409658,0.001838952113963347,-0.00011637819787903669
wf2021,TS_K30,20210226,0.002144894003880859,0.000536982434222654,0.001509718967136917
wf2021,TS_K30,20210301,0.004083650167919767,0.004368243098462886,-0.0001807480188702523
wf2021,TS_K30,20210302,0.0002398346386836437,8.491666682841143e-05,-4.0930390918834415e-05
wf2021,TS_K30,20210303,-0.0008823993368364327,-0.00010683176368665845,-0.0010548748562832402
wf2021,TS_K30,20210304,0.005370098413289205,0.005242236862616677,7.520715645402416e-05
wf2021,TS_K30,20210305,-0.006550727912381973,-0.004865412682984542,-0.0012107144432777777
wf2021,TS_K30,20210308,-0.0027276093505206635,-0.0009688142334248304,-0.0020669208167999817
wf2021,TS_K30,20210309,0.0024859194647665044,0.002077482741855402,0.000632895823740545
wf2021,TS_K30,20210310,0.0035024471168121594,0.002278527168502737,0.001043429859004395
wf2021,TS_K30,20210311,-0.0016259283490304539,-0.0006544358139842458,-0.0010489730372886027
wf2021,TS_K30,20210312,-0.003257554352079603,-0.0020860403538644915,-0.001363388646051292
wf2021,TS_K30,20210315,-0.0010681267496022613,-0.001225675652547391,0.00016048569926293115
wf2021,TS_K30,20210316,0.003597321508026754,0.002928222167788585,0.0008266452803492723
wf2021,TS_K30,20210317,0.0001915143428914629,0.00015216324268855607,0.00018162916590842544
wf2021,TS_K30,20210318,0.0019803226654134536,0.002305524676663962,-0.00017625005168551346
wf2021,TS_K30,20210319,-0.0009494694329495578,-0.0009999721943882004,0.00027095107605296624
wf2021,TS_K30,20210322,0.003173048410690625,0.00346008215265153,-0.0002629757146740475
wf2021,TS_K30,20210323,-0.0028042196825015606,-0.0017545743610251445,-0.0010377529805969212
wf2021,TS_K30,20210324,0.003227766592490467,0.0028035524111692635,0.00024915396948352374
wf2021,TS_K30,20210325,0.004096987299529871,0.0031421491248087314,0.0009272556524645959
wf2021,TS_K30,20210326,-0.0005889707086035731,-0.000377248113259381,-0.00022404415258560567
wf2021,TS_K30,20210329,0.00491996107096628,0.00498978302781084,-0.00017487643921911282
wf2021,TS_K30,20210330,-0.0014210284634893291,-0.0008683676949452669,-0.0006964391472306822
wf2021,TS_K30,20210331,0.002969338351762053,0.002451933322342517,0.00036151818105864954
wf2021,TS_K30,20210401,0.005781234081550332,0.005445650896470533,0.00043937629860721713
wf2021,TS_K30,20210402,0.0034079714934829985,0.003211252232674885,0.00022325691789477372
wf2021,TS_K30,20210406,-0.0023224797677693625,-0.001327705976437095,-0.0006160966486784088
wf2021,TS_K30,20210407,0.0038429616044073243,0.003512105169954289,0.00024376984746020218
wf2021,TS_K30,20210408,-0.0011660386214379886,-0.0015773936047583932,0.0002980240787940579
wf2021,TS_K30,20210409,-0.006969374770512335,-0.006033933755531764,-0.0009616980530048924
wf2021,TS_K30,20210412,0.0033671581759706967,0.003474934890208995,-0.00013541642905227913
wf2021,TS_K30,20210413,0.0031806179961931854,0.002645636196965256,0.0003901670721116657
wf2021,TS_K30,20210414,0.0009962419333983874,0.0011519587714965784,-0.00039309085917066334
wf2021,TS_K30,20210415,0.000496956699334963,0.0002128861925818228,0.00014791708684275007
wf2021,TS_K30,20210416,0.0048273295684367595,0.004186979849641771,0.000527012672612824
wf2021,TS_K30,20210419,0.002242614234662087,0.002155281863557083,-5.451061050866293e-06
wf2021,TS_K30,20210420,0.0006843382989688779,0.0005019963996649981,-2.9321053598780348e-05
wf2021,TS_K30,20210421,0.0008909409033991595,0.0005390172259980561,0.0004113103635575347
wf2021,TS_K30,20210422,0.0034005297943067083,0.0030849221847414716,0.00023965793449213935
wf2021,TS_K30,20210423,0.0012399016715222803,0.0011096176958495481,-5.11293453773445e-05
wf2021,TS_K30,20210426,0.00067773710710127,0.000828105799793623,-0.0003576582058790219
wf2021,TS_K30,20210427,-0.002413714687877841,-0.0022168147977620844,4.630674087493351e-05
wf2021,TS_K30,20210428,-0.0006549936478525433,-0.0004892388137304111,-0.0003486706086697033
wf2021,TS_K30,20210429,-0.000790230177643703,-0.0007000012809903281,-0.0001989312781879022
wf2021,TS_K30,20210430,-0.0031878717286238263,-0.0036487516903948953,0.00031133980031221016
wf2021,TS_K30,20210506,-0.003151665968559812,-0.0026732575358821517,-0.00044943962217750954
wf2021,TS_K30,20210507,-0.006255427662298081,-0.006327132501661387,2.9195753605539877e-05
wf2021,TS_K30,20210510,0.003154379847699562,0.0037970658466538187,-0.0005895746053896613
wf2021,TS_K30,20210511,-0.0007124069161434307,-0.0012006431332270656,0.0003095290686801224
wf2021,TS_K30,20210512,0.0012618598221449846,0.001354292221161937,-0.00017294018983729563
wf2021,TS_K30,20210513,0.0024777684194343917,0.0018996731152641827,0.0004902246652248546
wf2021,TS_K30,20210514,0.00822573022986806,0.008013210024152116,0.00017304335760961543
wf2021,TS_K30,20210517,-0.0009297488419012859,-0.0006712003573004716,-0.00022231985040551463
wf2021,TS_K30,20210518,0.00065647539418858,0.0005356069500871372,8.550975297349472e-05
wf2021,TS_K30,20210519,0.004727224298573802,0.004379279289864716,0.00018063722295681386
wf2021,TS_K30,20210520,-0.0023959962238827275,-0.0022498484188488645,-0.00018947706043521335
wf2021,TS_K30,20210521,0.0022351769260806655,0.0016211779473913092,0.00042986721608245386
wf2021,TS_K30,20210524,0.0017612089184119387,0.0015379770330592104,0.0002089804428671428
wf2021,TS_K30,20210525,0.0012446931247502482,0.0010242418751628803,0.000199117198732854
wf2021,TS_K30,20210526,0.004548330427652324,0.00385465062598484,0.0005867868931398294
wf2021,TS_K30,20210527,-0.00016190411710721503,0.00011973286712140944,-0.00033407027361178883
wf2021,TS_K30,20210528,0.00011589750311423105,0.00010729293325874452,1.659257872168923e-06
wf2021,TS_K30,20210531,0.000632112370274769,0.00023931802942432352,0.00048767333185603114
wf2021,TS_K30,20210601,-0.0003594134499224763,-0.00028457497330545826,-9.698520191486087e-05
wf2021,TS_K30,20210602,-0.00251734667887989,-0.002187947583940405,-0.0002946566892495816
wf2021,TS_K30,20210603,0.0020834932609555042,0.0009821721146146172,0.0006898570426457267
wf2021,TS_K30,20210604,0.003455946668541195,0.0027420043822204646,0.00044646925931273026
wf2021,TS_K30,20210607,0.000635510992766782,0.00040890267568849316,0.00024124510503848058
wf2021,TS_K30,20210608,0.0013492346928662305,0.0008546073959652339,0.0003403394150267379
wf2021,TS_K30,20210609,0.003151289585894803,0.0025200586359342197,0.0005871884782419061
wf2021,TS_K30,20210610,0.0013400522422516142,0.0019468880656031387,-0.000515005755360117
wf2021,TS_K30,20210611,0.0031755312059161475,0.002373546490546658,0.0005040568453149551
wf2021,TS_K30,20210615,-0.001359797510224232,-0.0011728577189080004,-0.00031778496359113174
wf2021,TS_K30,20210616,0.00352810744366985,0.002997862398492175,0.00055629020779968
wf2021,TS_K30,20210617,0.001979659129946172,0.001747174835535378,0.00022643836907094788
wf2021,TS_K30,20210618,0.00470699442683185,0.004372065812289281,0.00035177746359291775
wf2021,TS_K30,20210621,0.00017886344184598647,0.00031516782269462405,-1.9403042495279638e-05
wf2021,TS_K30,20210622,0.0031129895697121195,0.002466685542305581,0.0004828884773552745
wf2021,TS_K30,20210623,0.0003298101735115591,7.425996760497376e-05,0.00011650255246201092
wf2021,TS_K30,20210624,-0.0007311312981159738,-0.0008580834860512964,7.458493153703824e-05
wf2021,TS_K30,20210625,0.0029092514961681784,0.002659834037865193,0.00015253842324751974
wf2021,TS_K30,20210628,-0.0020813609907327727,-0.0018012690429053525,-0.0003463951052691999
wf2021,TS_K30,20210629,0.0025114725723533876,0.0016838501250167868,0.0006279343242599682
wf2021,TS_K30,20210630,0.0029978883341683013,0.003832122283183062,-0.0008157191992793604
wf2021,TS_K30,20210701,-7.840134598015996e-05,-0.00019920739129342276,-0.00019282655762192495
wf2021,TS_K30,20210702,-0.0005862471519629125,-0.001258380174065699,0.0005213484501696705
wf2021,TS_K30,20210705,-0.0009769859820313817,-0.00035931065212280546,-0.00024886327117795286
wf2021,TS_K30,20210706,0.005998041909889115,0.005409188356201449,0.0005790020438550963
wf2021,TS_K30,20210707,0.0013538293163192676,0.0011454405846170138,2.3148716175844122e-05
wf2021,TS_K30,20210708,-0.0007801748306858784,-0.0011408733042907193,0.0002050730190553499
wf2021,TS_K30,20210709,0.0037241946962821744,0.002990317900114709,0.0006819178295586253
wf2021,TS_K30,20210712,0.000304409950267941,-0.0001422396914961842,0.00034232080452368353
wf2021,TS_K30,20210713,0.0034995766953829083,0.0035482467201341616,1.7621533058335692e-05
wf2021,TS_K30,20210714,-0.0005089595327802945,-0.0001815248400906015,-0.0003305713710564384
wf2021,TS_K30,20210715,7.714111850511585e-05,4.1464208246084474e-05,-0.00016023925965162763
wf2021,TS_K30,20210716,0.0032353325958964277,0.0028875880602283917,0.0002693454535423827
wf2021,TS_K30,20210719,-0.001073207944373229,-0.0014581901529077657,0.00022940876765493645
wf2021,TS_K30,20210720,0.0020705559215621963,0.0015370698256585782,0.00035101654698125863
wf2021,TS_K30,20210721,-0.0011509612615845889,-0.0013479394859998422,7.175153170999784e-06
wf2021,TS_K30,20210722,-0.0016614564332012357,-0.0014786553923708497,-0.00032816777229001897
wf2021,TS_K30,20210723,-0.0014768188325342945,-0.001124781657419462,-0.0002957212095290268
wf2021,TS_K30,20210726,0.0009456774052342756,0.0014624787691772617,-0.0006560901539622347
wf2021,TS_K30,20210727,0.0005650737091079765,0.0015790447836002467,-0.000916962878764908
wf2021,TS_K30,20210728,0.0016273049499206105,-0.0011444208690204764,0.002742198883326529
wf2021,TS_K30,20210729,0.004623317866579204,0.003459433992211405,0.000999049061849788
wf2021,TS_K30,20210730,0.0064687473888215725,0.005752487106793776,0.0005876500262286316
wf2021,TS_K30,20210802,0.0045507896568459695,0.004927346935213363,-0.0004364522947683798
wf2021,TS_K30,20210803,0.0007690026353147708,7.124360763358919e-05,0.0006023484915368037
wf2021,TS_K30,20210804,-6.380736126226222e-05,0.0004197424750645237,-0.0003473585775271065
wf2021,TS_K30,20210805,-0.00223608192544162,-0.0025422350993957324,0.00012729564303156152
wf2021,TS_K30,20210806,0.00710479092920766,0.007656238136483694,-0.0003993070675469287
wf2021,TS_K30,20210809,0.004619873642510115,0.0038152805438728603,0.000779376958428714
wf2021,TS_K30,20210810,-0.0023799064559171367,-0.002184424293425448,-3.7169674941284756e-05
wf2021,TS_K30,20210811,-0.0011969758852206937,-0.0011211679057586041,-0.00013326944189174353
wf2021,TS_K30,20210812,-0.00018255661162919245,-0.0005100139409237603,0.00029863739449830006
wf2021,TS_K30,20210813,0.0020735687061056553,0.0026751888241945314,-0.00032197526796584944
wf2021,TS_K30,20210816,-0.0018879627307497385,-0.0005785522468487384,-0.0011585877870133013
wf2021,TS_K30,20210817,-0.0014122677297368335,-0.0009176321506038234,-0.0005090366870834026
wf2021,TS_K30,20210818,0.000502695548711051,0.00031917761989104266,-2.7999702572546026e-05
wf2021,TS_K30,20210819,-0.0045016924983760035,-0.004531201584281522,-0.0002926032982177404
wf2021,TS_K30,20210820,0.002785933038872406,0.001484051655827067,0.001334724302548896
wf2021,TS_K30,20210823,0.001110349420500865,0.0012569808840089838,-0.00016537144408514467
wf2021,TS_K30,20210824,0.002625750116939483,0.002701587907301252,-0.0001596835470803617
wf2021,TS_K30,20210825,-0.0054562736010473865,-0.004919893488035762,-0.0007003654503463983
wf2021,TS_K30,20210826,-0.0024491071125769728,-0.002413325724056326,-0.00013067792194796998
wf2021,TS_K30,20210827,-0.001693683040875485,-0.0023037558237007064,0.00046592809853185585
wf2021,TS_K30,20210830,-0.0022823345175488857,-0.0013142386234556835,-0.0010818122397136564
wf2021,TS_K30,20210831,0.005845322073752193,0.0075865863912849725,-0.001750862216018325
wf2021,TS_K30,20210901,-0.0062538966139274645,-0.006732441677181548,0.0005594424046825593
wf2021,TS_K30,20210902,0.0021825793931931174,0.0028644409336062034,-0.0007377667634689761
wf2021,TS_K30,20210903,0.005904274518456806,0.00538579694760242,0.0005439779572009063
wf2021,TS_K30,20210906,-0.000820312045298352,-0.0010381068887556442,0.00012589178154007744
wf2021,TS_K30,20210907,-0.0023599055279659746,-0.0018907601262435339,-0.0005458766888748853
wf2021,TS_K30,20210908,-0.001889580088184543,-0.0013540141233871848,-0.0007103532502907102
wf2021,TS_K30,20210909,0.004367292901398825,0.004774196979304014,-0.0004245709789168959
wf2021,TS_K30,20210910,-0.004491690851803263,-0.00393205259378681,-0.0006635276754908232
wf2021,TS_K30,20210913,0.003880386059441256,0.004407830579342384,-0.00037823724802556375
wf2021,TS_K30,20210914,-0.0045442631744067735,-0.004262546733146187,-0.00035918607082310454
wf2021,TS_K30,20210915,0.0022774360118075574,0.0018452439824831269,0.00021527426606125018
wf2021,TS_K30,20210916,0.004654861902246504,0.004130200894379635,0.00045961837212107865
wf2021,TS_K30,20210917,-0.006420199135721023,-0.006275143684516861,-0.00028313785822678547
wf2021,TS_K30,20210922,0.005170368255904508,0.005470605909503923,-0.0003287283427796577
wf2021,TS_K30,20210923,0.004279550375198511,0.004379762061310581,-0.0002323192783896843
wf2021,TS_K30,20210924,0.007523476229425459,0.007551780923374292,-7.02628847211824e-05
wf2021,TS_K30,20210927,-0.001708977620300995,-0.001621392363731006,-0.00016234652020674992
wf2021,TS_K30,20210928,0.0008983844168852957,0.0018238341559073158,-0.001024468114520212
wf2021,TS_K30,20210929,0.001290554199453009,-0.0003766004670058971,0.0015684549387306283
wf2021,TS_K30,20210930,0.0039909764104206664,0.004559686867644062,-0.0006341537708316862
wf2021,TS_K30,20211008,0.004010656049613766,0.003605533443792407,0.000441499626544691
wf2021,TS_K30,20211011,0.0021038323445106023,0.0025141914759623093,-0.00022260092389962162
wf2021,TS_K30,20211012,0.007228860293861147,0.007354767381731504,9.715905142028782e-05
wf2021,TS_K30,20211013,0.0038908086717858786,0.003927536690800135,-3.8749964642605084e-05
wf2021,TS_K30,20211014,0.0003070605802012599,0.0007779084345626706,-0.00030610520077062683
wf2021,TS_K30,20211015,-0.004338004317282208,-0.004064405731861737,-0.0002984259140391741
wf2021,TS_K30,20211018,0.0003958440847525507,0.00017265222948110786,-2.722381670817596e-07
wf2021,TS_K30,20211019,-0.003556710790925482,-0.0032861612895270192,-0.0004654041189233558
wf2021,TS_K30,20211020,-4.5060075341722856e-05,0.0006909481044189733,-0.0006593010812758484
wf2021,TS_K30,20211021,0.003817988884940582,0.003648256236185564,0.0001358061490966721
wf2021,TS_K30,20211022,-0.00035809099591978255,-0.0002576739367535214,-0.00011256618485340941
wf2021,TS_K30,20211025,0.003428555154587591,0.0034840645533601765,-3.279728379979637e-05
wf2021,TS_K30,20211026,-0.0016700820948920593,-0.0010824052363992381,-0.0005727495372107163
wf2021,TS_K30,20211027,0.001234339510636645,0.0008507545467358793,0.00020541416422982593
wf2021,TS_K30,20211028,0.0026666310970242402,0.0023856226429925373,9.996999022667583e-05
wf2021,TS_K30,20211029,0.0019127119345548043,0.0011817681273886874,0.0006404590316379917
wf2021,TS_K30,20211101,0.004175569448918035,0.0034638114432574653,0.0007068546436284485
wf2021,TS_K30,20211102,0.004150733917900494,0.004019667930161621,0.00025278010111136145
wf2021,TS_K30,20211103,0.0009848041844753713,0.0006006600663885531,0.0004514666028212111
wf2021,TS_K30,20211104,0.004882738109822279,0.004202524853555284,0.0008594751097270833
wf2021,TS_K30,20211105,-0.0017898104038899078,-0.0017201179973757516,-5.4251689039340836e-05
wf2021,TS_K30,20211108,0.00042853110921726306,1.7520909667026528e-05,0.0004022698553552415
wf2021,TS_K30,20211109,0.0006323824971374917,0.000273535333015332,0.0003896925484902618
wf2021,TS_K30,20211110,0.00021376158936490912,0.000289724509393359,9.245792385683921e-05
wf2021,TS_K30,20211111,-0.00032190918668044063,-0.00026272184931578745,0.00034685544556596615
wf2021,TS_K30,20211112,0.0017700922070346178,0.0011771456856604057,0.0007692393850164607
wf2021,TS_K30,20211115,0.002004174667058623,0.0014709578100940324,0.00034325997698038386
wf2021,TS_K30,20211116,0.0020871159438938663,0.0019838281051789463,0.00016065698666816505
wf2021,TS_K30,20211117,0.0022522181307400658,0.002542869287866103,-0.0004157786028485473
wf2021,TS_K30,20211118,0.0011699918719746023,0.001163690769954221,-7.153893846193055e-05
wf2021,TS_K30,20211119,0.0024100254880401835,0.0024154515384032602,2.089745838243902e-05
wf2021,TS_K30,20211122,0.0012721652614700973,0.0009954409549500953,0.00029468287696968307
wf2021,TS_K30,20211123,-0.0003020757336367613,-0.00027074204564495367,9.723280993848177e-05
wf2021,TS_K30,20211124,0.0006362771412544493,0.0008154233119975782,-0.00012895476212071745
wf2021,TS_K30,20211125,0.0006639015991161156,0.000753536226425303,-0.00013560587458668255
wf2021,TS_K30,20211126,0.0010948391660018351,0.0017261311381564315,-0.000616809081665856
wf2021,TS_K30,20211129,0.0005196715827468909,0.0002341326948786447,9.451094819262475e-05
wf2021,TS_K30,20211130,0.0005597651397324759,0.00018281911572651317,0.0003220648458665438
wf2021,TS_K30,20211201,0.0020299719893235625,0.0013682880860766589,0.0004992524791145115
wf2021,TS_K30,20211202,0.002992121696010183,0.002908937395038812,-4.2669775493987176e-05
wf2021,TS_K30,20211203,-0.0017314435971899043,-0.0015299931479677176,-0.00020823290322852995
wf2021,TS_K30,20211206,-0.0009992508951037907,-0.0012735861091402625,0.00030900211609011973
wf2021,TS_K30,20211207,0.003417518091834125,0.003117657266063714,0.0002830548065992224
wf2021,TS_K30,20211208,0.0013659904128972148,0.0007970246473945648,0.0004699775780431166
wf2021,TS_K30,20211209,0.0003534752583225524,0.0005643759525314385,-0.000131597620411272
wf2021,TS_K30,20211210,0.0003741286499370144,0.0008058112368171665,-0.00045876561055291566
wf2021,TS_K30,20211213,0.00044196544858025443,0.00045012259992485026,0.00021073768987139792
wf2021,TS_K30,20211214,-0.004532326834066028,-0.0037575743350087283,-0.0004948374596667845
wf2021,TS_K30,20211215,0.0023042441608589013,0.0019759967808837767,0.0003437847684758742
wf2021,TS_K30,20211216,-0.002661937653806374,-0.0030792509977991675,0.00027188627511283593
wf2021,TS_K30,20211217,-0.003920774408192912,-0.004269793769930387,0.00012855874762336857
wf2021,TS_K30,20211220,-0.00013400156512998786,-3.0186351691286945e-05,-0.00020218327739004733
wf2021,TS_K30,20211221,0.004472479056687996,0.004060199021820686,0.00032107516998707513
wf2021,TS_K30,20211222,0.0006922572606376113,0.0009921472941193073,-0.0004117352709612879
wf2021,TS_K30,20211223,0.0012598689146361332,0.00039487873253968536,0.0004986303619457363
wf2021,TS_K30,20211224,-0.00031284687458067034,-0.0005116247040315301,0.00011536899523185756
wf2021,TS_K30,20211227,0.003927375125740578,0.003662885985920581,0.00025200342368637265
wf2021,TS_K30,20211228,0.0007701557959904533,0.0009160773534424359,1.700108709678353e-05
wf2021,TS_K30,20211229,0.00016331322102867453,-0.0002828011703225235,0.00030454144220225785
wf2021,TS_K30,20211230,-0.00033216657815165074,-0.0005840218519004653,0.00022102029075330337
wf2021,TS_K30,20211231,-0.002176699103847029,-0.003118713820490289,0.000754677292584952
wf2021,TS_K40,20210104,0.0036512793538919066,0.0033926771930480066,0.0004059308511197617
wf2021,TS_K40,20210105,-0.002383731928493303,-0.0013988657501717361,-0.0009934229241309268
wf2021,TS_K40,20210106,0.009392097537349233,0.008488035222856771,0.0006918501474964261
wf2021,TS_K40,20210107,-0.004405351328323503,-0.00379901278021196,-0.0005864769980910621
wf2021,TS_K40,20210108,0.0003373683341327226,0.0002097147786633963,2.4035216402729364e-05
wf2021,TS_K40,20210111,0.0013647001496167842,0.0004192320628221102,0.0006760328612316093
wf2021,TS_K40,20210112,-0.0031987317690610508,-0.0024188968219526446,-0.0008307521845366685
wf2021,TS_K40,20210113,0.0002773467229577604,0.002063056006299113,-0.001830934547825097
wf2021,TS_K40,20210114,0.005330482940381156,0.0050576068358077556,0.0006188807868137468
wf2021,TS_K40,20210115,0.004873772125389501,0.002704695402687889,0.00212233741927321
wf2021,TS_K40,20210118,0.00071499733273034,0.002208191732957471,-0.0014798526945721474
wf2021,TS_K40,20210119,0.004435351812312325,0.002919068457431719,0.0015506941169003427
wf2021,TS_K40,20210120,0.0036296154622642548,0.0026586321522265284,0.0008956474327100252
wf2021,TS_K40,20210121,0.003870708821285496,0.0036016846335647865,0.0002562732157159891
wf2021,TS_K40,20210122,0.004981320561562617,0.004876254342632485,0.00021708094189981598
wf2021,TS_K40,20210125,0.002281601059322836,0.003577848662857158,-0.0013299792809709492
wf2021,TS_K40,20210126,0.0009530954262663319,0.0012609430573493545,-0.00038123565215880933
wf2021,TS_K40,20210127,-0.0015309264521521197,0.00012427844420432612,-0.001904519832690565
wf2021,TS_K40,20210128,-0.00024846832857143737,0.0011389152494474383,-0.0011218473064552841
wf2021,TS_K40,20210129,0.004871099560940825,0.004733726440467842,0.0007341758092563172
wf2021,TS_K40,20210201,0.0012549940628192,7.324558633814849e-05,0.0008348522301154213
wf2021,TS_K40,20210202,-0.005782055858765218,-0.004991881605197252,-0.0006998207644821463
wf2021,TS_K40,20210203,0.00013180447291378378,-2.808550731127487e-05,-1.2089946158509248e-05
wf2021,TS_K40,20210204,-0.0005432539151249537,0.0028591571123375405,-0.0038263988520113017
wf2021,TS_K40,20210205,-0.004371734312205481,-0.003805156499016764,-0.0009509571088181096
wf2021,TS_K40,20210208,0.0029186912995505486,0.00029262470551827033,0.002216596716970674
wf2021,TS_K40,20210209,0.0004897226874221103,0.0005533772157651522,-0.00033257075747148524
wf2021,TS_K40,20210210,0.0037850713490261215,0.002807203756804072,0.0011618867663581332
wf2021,TS_K40,20210218,0.00437830683948566,0.004524991762650614,-8.466295505052296e-05
wf2021,TS_K40,20210219,0.0013516189022170968,0.0018375768256864112,-0.00063978504215123
wf2021,TS_K40,20210222,0.0004681726141546813,0.0007919392031689814,-0.0004732013524038241
wf2021,TS_K40,20210223,0.004607193013281524,0.004612456770301163,-8.64964635579009e-05
wf2021,TS_K40,20210224,-0.0026553821959722015,-0.0011663836086809344,-0.0014130531185524112
wf2021,TS_K40,20210225,0.001735392479351118,0.0017312853614207646,-0.0002472735543949937
wf2021,TS_K40,20210226,0.002744240000440292,0.0009277589072526151,0.0017182884906663902
wf2021,TS_K40,20210301,0.004387734853261685,0.004877597377851571,-0.00038601761291702004
wf2021,TS_K40,20210302,0.00031196958536187924,-2.527013106251e-05,0.0001413913536503243
wf2021,TS_K40,20210303,-0.0013421956609572117,-0.00012293512004697346,-0.0014985678240437023
wf2021,TS_K40,20210304,0.006075568681304648,0.006044356504026363,-2.1442216940215015e-05
wf2021,TS_K40,20210305,-0.005304365395068971,-0.003237300657013833,-0.0015924639519354822
wf2021,TS_K40,20210308,-0.002702435523845182,-0.00041647215419586634,-0.0025940890693534648
wf2021,TS_K40,20210309,0.003409721104859679,0.0027287622952736137,0.0009054179104155077
wf2021,TS_K40,20210310,0.003127518521075179,0.0017248612302194545,0.0012221672015506994
wf2021,TS_K40,20210311,-0.0015125214067764382,-0.00045853122206093483,-0.0011314706869578986
wf2021,TS_K40,20210312,-0.0029976455327330284,-0.0016168932013755485,-0.0015726269791936616
wf2021,TS_K40,20210315,-0.0008316428317287385,-0.0010168117056519924,0.00018810567024105503
wf2021,TS_K40,20210316,0.0036927107856193084,0.002823631784390797,0.0010266249413396142
wf2021,TS_K40,20210317,0.0006876871376444505,0.0005792495649466406,0.0002507156384033285
wf2021,TS_K40,20210318,0.002589819632513947,0.003073258249491494,-0.00033448665741255175
wf2021,TS_K40,20210319,-8.643927592603615e-05,-0.00016465925453458245,0.00029866829322287055
wf2021,TS_K40,20210322,0.002985219599506782,0.0039873135171487,-0.0009780358903550613
wf2021,TS_K40,20210323,-0.0022300526382684135,-0.0009350719355931972,-0.0012830883617957229
wf2021,TS_K40,20210324,0.0034521175518519086,0.0031056529802756883,0.00017140435973853977
wf2021,TS_K40,20210325,0.005025266673529006,0.0038812733551240163,0.0011164107961484449
wf2021,TS_K40,20210326,-0.0006818867259873711,-0.0005457033780101764,-0.00014850490521860742
wf2021,TS_K40,20210329,0.004985317251694937,0.004966624015085392,-8.636124576501006e-05
wf2021,TS_K40,20210330,-0.0013632806995306198,-0.0006151600201963345,-0.0008918990580209047
wf2021,TS_K40,20210331,0.0035327052954625534,0.0029114678092320824,0.0004653506378695839
wf2021,TS_K40,20210401,0.005874597139164684,0.005500121576855839,0.00047826867583626093
wf2021,TS_K40,20210402,0.0038971411544282183,0.003508655456551306,0.00041502335496357436
wf2021,TS_K40,20210406,-0.0013197266804097236,-0.0005451122671429471,-0.0003959372706129167
wf2021,TS_K40,20210407,0.004746057269890615,0.0044455730497359415,0.00021339763316183903
wf2021,TS_K40,20210408,-0.0008985695474439891,-0.0011733411690109039,0.00016144071704056793
wf2021,TS_K40,20210409,-0.007339906243498156,-0.006020940363318928,-0.0013452229182035556
wf2021,TS_K40,20210412,0.0032042673706863724,0.0032562213708337263,-7.959371496133476e-05
wf2021,TS_K40,20210413,0.003953145428357107,0.0033555713067635875,0.00045275939447725724
wf2021,TS_K40,20210414,-0.000694880533218388,-0.0003003431945038281,-0.0006319113597870315
wf2021,TS_K40,20210415,0.000333745545245066,0.00017653651287497405,2.1055612459703064e-05
wf2021,TS_K40,20210416,0.005875024503656642,0.005083183221682327,0.0006785042357921498
wf2021,TS_K40,20210419,0.0028497595163514263,0.002718220369526068,3.875571466948766e-05
wf2021,TS_K40,20210420,0.0009159380143895757,0.0007775723252298899,-7.329726374297345e-05
wf2021,TS_K40,20210421,0.0006508734664731259,0.0003152670308165306,0.00039499312181302706
wf2021,TS_K40,20210422,0.0035538853816746785,0.0031976835927615675,0.00028025211384001563
wf2021,TS_K40,20210423,0.0021416545619477767,0.0021207953538479357,-0.00016055411295023614
wf2021,TS_K40,20210426,0.00022589551922498011,0.0004952480275236266,-0.0004766420214853155
wf2021,TS_K40,20210427,-0.0010503566911633387,-0.0008760397637750242,6.88897036023752e-05
wf2021,TS_K40,20210428,-0.000997211640655323,-0.0005826104605457343,-0.0005975169546571613
wf2021,TS_K40,20210429,-0.0020833781324614137,-0.002048163753501318,-0.00014391676049462044
wf2021,TS_K40,20210430,-0.0029558935217430925,-0.0036989299638815615,0.0005934962806796113
wf2021,TS_K40,20210506,-0.0027815930667909657,-0.0021955003693550834,-0.0005571238869357329
wf2021,TS_K40,20210507,-0.00518413650584331,-0.005589313660518909,0.000362668068917834
wf2021,TS_K40,20210510,0.004040062469337735,0.004937885757976317,-0.0008447118950739851
wf2021,TS_K40,20210511,-0.0004834617002486795,-0.0010521801906935263,0.00039001134204133536
wf2021,TS_K40,20210512,0.0011338049437763847,0.0015874001428337393,-0.0005341029898776964
wf2021,TS_K40,20210513,0.003047861367270246,0.0025931174817146966,0.000366873246610196
wf2021,TS_K40,20210514,0.008231727263626192,0.007918676891218158,0.0002735735243017051
wf2021,TS_K40,20210517,-0.0006056844579115624,-0.0005525301477574765,-1.692567595878587e-05
wf2021,TS_K40,20210518,0.0008170052402761939,0.0005983970750536642,0.00018324947409458143
wf2021,TS_K40,20210519,0.004545176142037071,0.004351754579805281,2.6113776479517666e-05
wf2021,TS_K40,20210520,-0.0028221862648040827,-0.0028318972670541534,-3.3618253151279394e-05
wf2021,TS_K40,20210521,0.002042892298064848,0.0016401357483526659,0.0002186247871052784
wf2021,TS_K40,20210524,0.0022012640539490168,0.0019630605581376615,0.00022395205332577001
wf2021,TS_K40,20210525,0.0011920911368387115,0.0009686707350181752,0.00020208635096602128
wf2021,TS_K40,20210526,0.0037907283913130125,0.002999291399640598,0.00068454408314476
wf2021,TS_K40,20210527,-0.00015103373787050782,1.5133820977508244e-05,-0.00021860084823118126
wf2021,TS_K40,20210528,0.0013165176107792116,0.0009982936972613246,0.00031127860153456924
wf2021,TS_K40,20210531,0.001730386151312895,0.0012855722581327001,0.0005396928841857794
wf2021,TS_K40,20210601,-0.00136716027097992,-0.0011062185030103872,-0.0002830884932673749
wf2021,TS_K40,20210602,-0.003892475272114622,-0.0033699745477709328,-0.0004877583186537861
wf2021,TS_K40,20210603,0.0019320043775866644,0.0008419906089395445,0.0006785496649519601
wf2021,TS_K40,20210604,0.0035659199223953214,0.0027282227793665207,0.0005702241160207991
wf2021,TS_K40,20210607,0.0011382218429945522,0.0012067992290459347,-5.394059809119063e-05
wf2021,TS_K40,20210608,0.0013257004372937494,0.0007829733619062497,0.00038843919351324186
wf2021,TS_K40,20210609,0.003952218434901883,0.00330314778289113,0.0006050281802920771
wf2021,TS_K40,20210610,0.001977988700734226,0.0025936550962028016,-0.0005238363274771681
wf2021,TS_K40,20210611,0.0036511519452011015,0.003059607119169132,0.0002936169559774349
wf2021,TS_K40,20210615,-0.0006945361185240941,-0.00018336236176647535,-0.0006420189290325197
wf2021,TS_K40,20210616,0.0038666036035518558,0.002919581809476956,0.000973066956696905
wf2021,TS_K40,20210617,0.0015811597655313852,0.0011656880555731331,0.0004094257846184071
wf2021,TS_K40,20210618,0.005467002706277686,0.00475491640383319,0.0007289351514948437
wf2021,TS_K40,20210621,0.0006274224772923314,0.000807207852630941,-6.288403698525223e-05
wf2021,TS_K40,20210622,0.002845021958916189,0.0021803561823193715,0.000501250226545552
wf2021,TS_K40,20210623,0.000546135129080293,0.0007842730535888947,-0.00037718557795317657
wf2021,TS_K40,20210624,3.589482660494624e-05,-0.00015659100058663825,0.0001401185707932999
wf2021,TS_K40,20210625,0.0032786201592587333,0.0027394492262151323,0.0004422918979881357
wf2021,TS_K40,20210628,-0.0015703836797752516,-0.001387727472366316,-0.0002489593648507173
wf2021,TS_K40,20210629,0.0023824917335398335,0.0015965242695491935,0.0005862793409140055
wf2021,TS_K40,20210630,0.0024003329457244777,0.003488729620781214,-0.0010698819253213358
wf2021,TS_K40,20210701,0.0001559445034788982,-2.4791721207544776e-05,-0.00013289637824874393
wf2021,TS_K40,20210702,8.053746177143217e-05,-0.000905358826855849,0.0008351117166941665
wf2021,TS_K40,20210705,-0.002008291340432308,-0.001269277581501299,-0.0003702017002003853
wf2021,TS_K40,20210706,0.005466757030585191,0.00458366242233525,0.0008732430984173665
wf2021,TS_K40,20210707,0.0021060039472490834,0.001871859956039799,4.8903975682875946e-05
wf2021,TS_K40,20210708,-0.0006736728922863639,-0.0010490493759427659,0.00021975102910691164
wf2021,TS_K40,20210709,0.0037978498937124867,0.002930236338952722,0.0008156545881509237
wf2021,TS_K40,20210712,0.0011987236730978462,0.0007159230436336388,0.00037847179222376577
wf2021,TS_K40,20210713,0.003120022003982899,0.0031965668230352485,-1.0253261242761173e-05
wf2021,TS_K40,20210714,-0.00030518502271761026,-7.613851540017806e-05,-0.00023218318568417781
wf2021,TS_K40,20210715,0.0002990173375256144,0.00030507107202085897,-0.00020196990440590342
wf2021,TS_K40,20210716,0.00406733495659665,0.003823344206394058,0.00016559166807693777
wf2021,TS_K40,20210719,-0.0005750318548250948,-0.001071649486802064,0.000341044191097369
wf2021,TS_K40,20210720,0.0022367633586094712,0.0012941919452511335,0.00076010186443598
wf2021,TS_K40,20210721,-0.0017449318074973684,-0.0019620446547503017,2.730977600868013e-05
wf2021,TS_K40,20210722,-0.001728413983084258,-0.0013658806796878796,-0.0005079000348560089
wf2021,TS_K40,20210723,-0.001717245008248729,-0.0013028955755459764,-0.0003580334671169458
wf2021,TS_K40,20210726,0.0016386233850653534,0.0026401614594460054,-0.0011408268643998982
wf2021,TS_K40,20210727,0.0007757659236507994,0.0019281432342034012,-0.001055369114825237
wf2021,TS_K40,20210728,0.003231355136181776,-0.0005110819970238056,0.003712910197591025
wf2021,TS_K40,20210729,0.0035774099068707765,0.0024239049913937502,0.0009886701029590142
wf2021,TS_K40,20210730,0.006540188329318689,0.00584755621728642,0.0005640218562331049
wf2021,TS_K40,20210802,0.004079443712815181,0.005063729417488446,-0.0010441807210742502
wf2021,TS_K40,20210803,0.0015573929848428196,0.0002870194174199175,0.0011749630312785238
wf2021,TS_K40,20210804,-0.0008427410942204779,-8.158552806890762e-05,-0.0006249643073518896
wf2021,TS_K40,20210805,-0.002729171691729235,-0.0031897823296848198,0.00028175310703303346
wf2021,TS_K40,20210806,0.007857162741714966,0.0086008972765692,-0.0005915943951251258
wf2021,TS_K40,20210809,0.005073169888405409,0.00423576705458178,0.0008121866936150879
wf2021,TS_K40,20210810,-0.0020457863579913917,-0.0020244049810510087,0.0001369311106100202
wf2021,TS_K40,20210811,-0.0014297948044405383,-0.0014387353227622549,-4.852094410793691e-05
wf2021,TS_K40,20210812,-0.0010820508918269272,-0.0012736590464943564,0.00016278821987116086
wf2021,TS_K40,20210813,0.0027921648397074535,0.003628971807664646,-0.0005571621178341658
wf2021,TS_K40,20210816,-0.0013479983756439912,0.0003659785114355131,-0.0015631541901918115
wf2021,TS_K40,20210817,-0.0013285128669954975,-0.0006252548024032725,-0.0007176591725426171
wf2021,TS_K40,20210818,0.0005173682974342194,0.00019482272373112818,0.00011102794231053791
wf2021,TS_K40,20210819,-0.0050052720978236015,-0.004981975800985168,-0.00034540868096169254
wf2021,TS_K40,20210820,0.0025408513195644793,0.0008339655159215145,0.001739728723146523
wf2021,TS_K40,20210823,0.00039200912436962703,0.00045253970636711043,-7.927056257450901e-05
wf2021,TS_K40,20210824,0.003465928393468606,0.003587231457645682,-0.0002051488208956685
wf2021,TS_K40,20210825,-0.00633979272325659,-0.005523346933491595,-0.000980431127099771
wf2021,TS_K40,20210826,-0.002005003132815898,-0.0020310464787590406,-6.885318748418023e-05
wf2021,TS_K40,20210827,-0.002738399557077856,-0.0035539855944579815,0.0006714413530867599
wf2021,TS_K40,20210830,-0.004176185597395264,-0.002691327130867104,-0.0015985748121486161
wf2021,TS_K40,20210831,0.005136279183345993,0.007667789761183116,-0.002541108476322668
wf2021,TS_K40,20210901,-0.005946002570813536,-0.006641236503090693,0.0007761312737056306
wf2021,TS_K40,20210902,0.0014391203831363019,0.0025043731740441826,-0.001121158013963771
wf2021,TS_K40,20210903,0.006564875310101068,0.006076744060595356,0.0005136316358522335
wf2021,TS_K40,20210906,-7.288435389604664e-05,-0.00043202065349856123,0.00026723323768529936
wf2021,TS_K40,20210907,-0.0026707068736020363,-0.0017408404401402756,-0.0010065977206142078
wf2021,TS_K40,20210908,-0.0036320376129182967,-0.0029452009899289928,-0.0008616239084826558
wf2021,TS_K40,20210909,0.004674024102397851,0.0048609224449867785,-0.00020456524360063465
wf2021,TS_K40,20210910,-0.004550760430251953,-0.0038285866298357536,-0.0008260632178905701
wf2021,TS_K40,20210913,0.003939180095967441,0.003921656637973168,0.0001667307298698363
wf2021,TS_K40,20210914,-0.0042373278096076395,-0.004128493065762959,-0.00018630437340720062
wf2021,TS_K40,20210915,0.0022207813166485266,0.002303810228209243,-0.0002999466748238984
wf2021,TS_K40,20210916,0.003203685618629217,0.0027164804910909538,0.0004221624917924717
wf2021,TS_K40,20210917,-0.005559634837233625,-0.005465353247206161,-0.00023236399705008727
wf2021,TS_K40,20210922,0.0046997588868749355,0.005479445414487233,-0.0008081772167925388
wf2021,TS_K40,20210923,0.005563435368928933,0.005714678296341941,-0.0002833505196906184
wf2021,TS_K40,20210924,0.007601231042836304,0.008087523378521656,-0.0005282505264577015
wf2021,TS_K40,20210927,-0.002566657998337044,-0.0024029212095139363,-0.00023849805245986996
wf2021,TS_K40,20210928,0.0006489892902065628,0.0022101431101102876,-0.001660172195401918
wf2021,TS_K40,20210929,0.0012234148484250515,-0.0009200618202798839,0.002044776940976655
wf2021,TS_K40,20210930,0.0027557985494185387,0.004008785273831339,-0.001318430038021089
wf2021,TS_K40,20211008,0.00426415242349538,0.00417987348446344,0.00012065595975527154
wf2021,TS_K40,20211011,0.0014957524559975639,0.002366044319503803,-0.0006825336559541558
wf2021,TS_K40,20211012,0.0077461160277532935,0.007742991185659998,0.00022619098138394148
wf2021,TS_K40,20211013,0.0031868175475071427,0.002910800024465145,0.00027399557741364746
wf2021,TS_K40,20211014,0.0009632875836599868,0.0013032225685254315,-0.00017519233127466047
wf2021,TS_K40,20211015,-0.004139172877544799,-0.004379157232224751,0.0002151570260612495
wf2021,TS_K40,20211018,0.0006481475070599565,0.0002636731378515286,0.00016101027576990404
wf2021,TS_K40,20211019,-0.0030869924370957405,-0.0029814814433744437,-0.0003003656112461899
wf2021,TS_K40,20211020,-0.0003769826408539633,0.000323274972155844,-0.00062355051452496
wf2021,TS_K40,20211021,0.0038698678633682865,0.003898672273953109,-6.273091024316761e-05
wf2021,TS_K40,20211022,-0.0005148417924331497,-0.0006730393191460529,0.00014604840102575565
wf2021,TS_K40,20211025,0.002053642870148713,0.0020753184057910696,1.0365793304326066e-06
wf2021,TS_K40,20211026,-0.002312869315488915,-0.0019557390389659344,-0.0003422029552408778
wf2021,TS_K40,20211027,0.00037251434879885525,0.0006284716675021143,-0.00043412811837420073
wf2021,TS_K40,20211028,0.0019879111740631564,0.001711506007097939,9.536670316019081e-05
wf2021,TS_K40,20211029,0.0024754731015297,0.0016151468959524282,0.0007698414300491444
wf2021,TS_K40,20211101,0.00288740999734826,0.0022765843304852983,0.0006059223048308413
wf2021,TS_K40,20211102,0.005123026354570733,0.005082320515665609,0.00016241995227761285
wf2021,TS_K40,20211103,0.001188510111886901,0.0006976249711318078,0.0005582076254894855
wf2021,TS_K40,20211104,0.004769685024938908,0.004333870768942336,0.0006150761094566606
wf2021,TS_K40,20211105,-0.0018899989247248231,-0.0018113741786298255,-6.318402862018135e-05
wf2021,TS_K40,20211108,0.0009557237199185019,0.0004793229286129187,0.00046766044711058917
wf2021,TS_K40,20211109,0.001283425524596607,0.0009805809492726633,0.0003336899596920458
wf2021,TS_K40,20211110,-0.0006253717527554253,-0.0004720226692516171,1.5071760381482e-05
wf2021,TS_K40,20211111,-0.00015423345486794554,-0.0002834958074231391,0.0005353051354858117
wf2021,TS_K40,20211112,0.003091726954435386,0.002622287625570515,0.0006457321925071194
wf2021,TS_K40,20211115,0.002119199912674191,0.0017421469538540409,0.00018709607883594408
wf2021,TS_K40,20211116,0.002155707743542977,0.0017216595124262225,0.0004914173790699996
wf2021,TS_K40,20211117,0.002085206469332946,0.0022877289310346146,-0.000327649907424179
wf2021,TS_K40,20211118,0.0018658378405227317,0.0018205599019038554,-3.256210186343628e-05
wf2021,TS_K40,20211119,0.003117319014295979,0.0029319235173712985,0.00021171900567019708
wf2021,TS_K40,20211122,0.00040992816994632,0.00014974846183859789,0.0002781382785574034
wf2021,TS_K40,20211123,0.0009253562855150973,0.0009422859082178675,0.00011163687522751995
wf2021,TS_K40,20211124,0.0012930598698902842,0.001533206831770511,-0.0001899555532578152
wf2021,TS_K40,20211125,0.0003073268467203706,0.00028377222589004555,-2.2416626447170542e-05
wf2021,TS_K40,20211126,4.057333709075019e-05,0.00046528942024950417,-0.00041023319267001365
wf2021,TS_K40,20211129,-0.0004724978248430963,-0.0005619769013662649,-0.0001015488631524514
wf2021,TS_K40,20211130,0.0013440707256424309,0.0010505091778405268,0.00023868036966248466
wf2021,TS_K40,20211201,0.0009776084843771266,0.0006595819619421827,0.00015559509830255416
wf2021,TS_K40,20211202,0.00204482008238923,0.001993466664207818,-7.450065828394607e-05
wf2021,TS_K40,20211203,-0.003172289213778868,-0.0028505078468363974,-0.00032856382094881146
wf2021,TS_K40,20211206,-0.0013534397257428873,-0.0011842777894669277,-0.00013449503422231172
wf2021,TS_K40,20211207,0.003392205387564396,0.0028808025509263167,0.0004945968174668928
wf2021,TS_K40,20211208,0.001610267402294043,0.0013619545765493689,0.0001493246382851393
wf2021,TS_K40,20211209,0.000560899080012629,0.0007337982531722604,-9.359609936201666e-05
wf2021,TS_K40,20211210,-0.0004461422334742296,-5.072721535700093e-05,-0.0004224980417899934
wf2021,TS_K40,20211213,0.00026173832623792564,0.0003251781435419176,0.00015545502391200178
wf2021,TS_K40,20211214,-0.003498986908110113,-0.002708933442434307,-0.0005101384262852903
wf2021,TS_K40,20211215,0.0017990558056325111,0.0014624258720397822,0.0003521673220934778
wf2021,TS_K40,20211216,-0.002421167991145793,-0.0026280971320927185,6.150207206696867e-05
wf2021,TS_K40,20211217,-0.005215432890679226,-0.004889227751978267,-0.0005466657528150622
wf2021,TS_K40,20211220,-0.0005842747997538318,-0.00031310244271144606,-0.00036954042099373143
wf2021,TS_K40,20211221,0.003233158600023587,0.002715346871042524,0.000426606864100829
wf2021,TS_K40,20211222,0.0009265003531233897,0.0009869127337450313,-0.00017225761810123256
wf2021,TS_K40,20211223,0.00016108768187665656,-0.00020892775676286274,3.6556184888058294e-06
wf2021,TS_K40,20211224,-0.0009767651472651915,-0.0009012008197420494,-0.00015897316174214398
wf2021,TS_K40,20211227,0.00401855974044992,0.0036994318598000684,0.0003066421645162292
wf2021,TS_K40,20211228,0.0007155931425712433,0.0009644117201354579,-8.589593301544804e-05
wf2021,TS_K40,20211229,0.0002580460795646774,-0.00016949628111632986,0.00028596941153206744
wf2021,TS_K40,20211230,-0.0009866096904839802,-0.0010787913618327967,6.134668835330604e-05
wf2021,TS_K40,20211231,-0.0019070641586502578,-0.002545032906574374,0.00045063132386580803
wf2021,TS_K50,20210104,0.002877509772587393,0.0028413264197605414,0.00018351204310271333
wf2021,TS_K50,20210105,-0.0011201764427658262,0.00020242877342711656,-0.0013311619620023029
wf2021,TS_K50,20210106,0.008703995762960742,0.00796440387546671,0.0005273797204979979
wf2021,TS_K50,20210107,-0.006127957213151444,-0.004972643591364795,-0.0011354520717661671
wf2021,TS_K50,20210108,-0.001841988624530666,-0.0015609087765360383,-0.00038469818706122344
wf2021,TS_K50,20210111,0.0023266841547210353,0.0014338671736146783,0.0006233817555432906
wf2021,TS_K50,20210112,-0.0027252736781610346,-0.001538294754441212,-0.0012378961611480823
wf2021,TS_K50,20210113,-0.0015687709084992423,0.001251500183172369,-0.002865496356155355
wf2021,TS_K50,20210114,0.004111973745156393,0.0033527591644681018,0.0011052192629286352
wf2021,TS_K50,20210115,0.005453972702474873,0.0028409966975612893,0.0025662367014851807
wf2021,TS_K50,20210118,0.00010513114498969696,0.0017307929590170256,-0.001612320108372345
wf2021,TS_K50,20210119,0.004568124642442514,0.002660493638610201,0.0019420417658520493
wf2021,TS_K50,20210120,0.004039127972276333,0.003009194288230672,0.000954597806717959
wf2021,TS_K50,20210121,0.0038355514520192063,0.0035638115771522193,0.00025898890286226605
wf2021,TS_K50,20210122,0.0056627874580347255,0.005340953041885256,0.0004338491391191502
wf2021,TS_K50,20210125,0.0008571965289431898,0.0024758154618117843,-0.0016523506103052195
wf2021,TS_K50,20210126,0.00018739388708567,0.000630318707341642,-0.0005163128413317595
wf2021,TS_K50,20210127,-0.0019438444012948135,0.00018603944898153407,-0.0023791987866104663
wf2021,TS_K50,20210128,-3.8683032521236865e-05,0.0015500656984183993,-0.0013232124593760435
wf2021,TS_K50,20210129,0.004681471863510773,0.004502558423038977,0.0007757161292551297
wf2021,TS_K50,20210201,0.00026999784772779563,-0.0009941444072281563,0.000917246008590321
wf2021,TS_K50,20210202,-0.005057269663242403,-0.004177310952133544,-0.0007896052220230383
wf2021,TS_K50,20210203,-0.0004826443530183966,-0.0007398606597909296,8.523638038896658e-05
wf2021,TS_K50,20210204,-0.0019121586676660134,0.0020083655485101165,-0.004344512040724935
wf2021,TS_K50,20210205,-0.0044514854388692515,-0.0037224558368871624,-0.0011134088976114827
wf2021,TS_K50,20210208,0.002563785375395502,-0.0002581744021747964,0.002412489900508698
wf2021,TS_K50,20210209,0.0007118149751247603,0.0008531667320247462,-0.0004102679860284274
wf2021,TS_K50,20210210,0.00474785162278327,0.0037679074241191253,0.0011639633728002274
wf2021,TS_K50,20210218,0.004438349603179979,0.004703849430302942,-0.0002034778590085311
wf2021,TS_K50,20210219,0.0018980340497054254,0.0025061153210312404,-0.0007619083900077278
wf2021,TS_K50,20210222,0.0009008370735853763,0.0012970986755470508,-0.0005456963653511979
wf2021,TS_K50,20210223,0.004334554440896191,0.0045222710302528155,-0.0002689492958948895
wf2021,TS_K50,20210224,-0.0028386079146227455,-0.001139357913774039,-0.0016233045321098517
wf2021,TS_K50,20210225,0.0015932453878455184,0.0017783543118620449,-0.0004364895963418732
wf2021,TS_K50,20210226,0.0026035991883456566,0.0003949249354775657,0.0021104816503468037
wf2021,TS_K50,20210301,0.003931601104143795,0.004521322715478569,-0.00048587669966190816
wf2021,TS_K50,20210302,0.00018353417213080522,-0.00029890346530591825,0.00028658927466265706
wf2021,TS_K50,20210303,-0.0020995809652787304,-0.0003354471849265428,-0.002043441063485654
wf2021,TS_K50,20210304,0.0060989180292990545,0.006163720050357918,-0.00011745641527736444
wf2021,TS_K50,20210305,-0.005141053099129279,-0.0027060632005874623,-0.0019603891124221643
wf2021,TS_K50,20210308,-0.003018882092328621,-0.0003404413616249139,-0.0029865664304078573
wf2021,TS_K50,20210309,0.0030348820368853342,0.0021622838302051478,0.001097057307509628
wf2021,TS_K50,20210310,0.0027193751273010026,0.0011063908119637819,0.0014324942260321902
wf2021,TS_K50,20210311,-0.001446615060937707,-0.0002356378831852707,-0.001288457679994831
wf2021,TS_K50,20210312,-0.0029223624163854903,-0.0013532814831937103,-0.001760955581027962
wf2021,TS_K50,20210315,-0.0008095098875294873,-0.0009467529158622996,0.00014017982465061368
wf2021,TS_K50,20210316,0.0034708088879532384,0.0024277918490007277,0.0012005629790636148
wf2021,TS_K50,20210317,0.0007862251029454948,0.0005998264117306687,0.0003286767569203439
wf2021,TS_K50,20210318,0.002560031055518827,0.0030820418817836992,-0.0003730588666998783
wf2021,TS_K50,20210319,5.125283383636964e-05,-4.676230678547804e-05,0.0003184634552361697
wf2021,TS_K50,20210322,0.002451583302237938,0.0035703872921197533,-0.001094745962594958
wf2021,TS_K50,20210323,-0.001996312095616525,-0.0005628621868282168,-0.0014215575679088154
wf2021,TS_K50,20210324,0.00404156545655889,0.00372931873854771,0.00013718650617349976
wf2021,TS_K50,20210325,0.00550004325492647,0.004219466129870732,0.0012529946027991898
wf2021,TS_K50,20210326,-0.0001947491804249544,-0.00010064993151870437,-0.0001064208061476634
wf2021,TS_K50,20210329,0.004547554959549114,0.004473684719981604,-3.1184242807043966e-05
wf2021,TS_K50,20210330,-0.0014876175446120843,-0.0005337806542671874,-0.0010976152690315164
wf2021,TS_K50,20210331,0.0030566416016342196,0.0023919771211310904,0.0005087776321422436
wf2021,TS_K50,20210401,0.005417976141500315,0.004927010424642749,0.0005947588303849823
wf2021,TS_K50,20210402,0.004107566819941474,0.0036503589258656804,0.0004837455511624544
wf2021,TS_K50,20210406,-0.0012266016671495673,-0.0005098413709646568,-0.00033808315353105146
wf2021,TS_K50,20210407,0.0036284862074215636,0.003312837327744763,0.00022856229268396715
wf2021,TS_K50,20210408,-0.0012733331006145577,-0.0014430812996113842,5.641729447047964e-05
wf2021,TS_K50,20210409,-0.007249814487506379,-0.005642531731803466,-0.001633539793727239
wf2021,TS_K50,20210412,0.0034460602292776246,0.0035761859388629643,-0.00015776542439932122
wf2021,TS_K50,20210413,0.003548080616279793,0.0028995692155126197,0.0005036966736509138
wf2021,TS_K50,20210414,-0.0009167240185231811,-0.0003501974930452089,-0.0008039005465504442
wf2021,TS_K50,20210415,0.0004910766040281175,0.00037075748776883285,-1.5834303651107437e-05
wf2021,TS_K50,20210416,0.006196702101100673,0.00529244249385581,0.0007909225610626986
wf2021,TS_K50,20210419,0.002909398572355098,0.0027429642094197494,7.36509307794786e-05
wf2021,TS_K50,20210420,0.0012039878515463281,0.0011141107137632022,-0.00012178581511953407
wf2021,TS_K50,20210421,0.0007661373517022087,0.0003762342650570364,0.00044928977280160376
wf2021,TS_K50,20210422,0.0031772282287571433,0.0028210783777968002,0.0002802001758872462
wf2021,TS_K50,20210423,0.0023829477442833353,0.0024116850998263497,-0.0002101506765930912
wf2021,TS_K50,20210426,-3.025810457927148e-05,0.00028786991026499517,-0.0005254175280309349
wf2021,TS_K50,20210427,-0.0012352450361672277,-0.0010506166993532757,5.857829417673749e-05
wf2021,TS_K50,20210428,-0.0010961694208994053,-0.0006640609234139282,-0.0006150242720330497
wf2021,TS_K50,20210429,-0.0020127139438949355,-0.001993390012969584,-0.00012802631245987622
wf2021,TS_K50,20210430,-0.002227296927568994,-0.003023727970155662,0.00064689088112781
wf2021,TS_K50,20210506,-0.0021828472602204154,-0.0015611047236418576,-0.0005927737260784072
wf2021,TS_K50,20210507,-0.004873629925679404,-0.005293794680634834,0.00037765566919766453
wf2021,TS_K50,20210510,0.004507214727871182,0.005485711813350544,-0.0009253856919147663
wf2021,TS_K50,20210511,0.0001541385436568208,-0.00047554680612207163,0.00045097820137537985
wf2021,TS_K50,20210512,0.0010117502424966647,0.0015975941833124496,-0.0006663517316361274
wf2021,TS_K50,20210513,0.003588800588335845,0.0031464704895428778,0.00035445945984761165
wf2021,TS_K50,20210514,0.008383035142547395,0.008041127792409822,0.00030243050203124504
wf2021,TS_K50,20210517,-3.463606106046593e-05,-3.974162064792349e-05,4.133419378275867e-05
wf2021,TS_K50,20210518,0.0007005554623582502,0.00044030282075097863,0.00022489395047932355
wf2021,TS_K50,20210519,0.004003397058398535,0.003814721495065055,2.136777758120775e-05
wf2021,TS_K50,20210520,-0.002320463189938948,-0.00233140617176499,-3.2386273575307154e-05
wf2021,TS_K50,20210521,0.0012947192486482614,0.0008895441492968035,0.00022104333674455464
wf2021,TS_K50,20210524,0.002479347619823064,0.002181713519656693,0.00028338265768078884
wf2021,TS_K50,20210525,0.0010403831245156814,0.0007926321168011331,0.00022641695686003197
wf2021,TS_K50,20210526,0.0035442324712912183,0.0027038110752543817,0.0007335284875091823
wf2021,TS_K50,20210527,-0.0007463965647262157,-0.0005932867991465194,-0.0002055430549628608
wf2021,TS_K50,20210528,0.0008018593649337449,0.0003916463428156519,0.0004032677101347766
wf2021,TS_K50,20210531,0.001349912031576991,0.0009227524342970981,0.0005220385882854771
wf2021,TS_K50,20210601,-0.00118904231449392,-0.0009227271097775834,-0.00028846193001418
wf2021,TS_K50,20210602,-0.004332385674222143,-0.0037857002165498374,-0.0005119430519824025
wf2021,TS_K50,20210603,0.0019446035597175091,0.000840971520676922,0.0006921679353454275
wf2021,TS_K50,20210604,0.0033441647133970924,0.0024763112746523925,0.000600380411736698
wf2021,TS_K50,20210607,0.0014741797705273697,0.0015466749907009835,-5.785843221342254e-05
wf2021,TS_K50,20210608,0.001841440676805166,0.0012602421164663068,0.00042691067846460076
wf2021,TS_K50,20210609,0.0037108235876980415,0.003073170763237385,0.0005936103527419799
wf2021,TS_K50,20210610,0.0021740524526474366,0.0027988364286942987,-0.0005329539080554539
wf2021,TS_K50,20210611,0.003921829060799591,0.00335023982070891,0.00027366137003614633
wf2021,TS_K50,20210615,-0.001057341531539512,-0.00046127529387025607,-0.0007269114099441578
wf2021,TS_K50,20210616,0.0031262937067517878,0.002084418645011796,0.0010679202243619986
wf2021,TS_K50,20210617,0.0012016390604706658,0.0007218361129211817,0.00047375702220964043
wf2021,TS_K50,20210618,0.0062944647014215125,0.005478288257627388,0.0008330252928444701
wf2021,TS_K50,20210621,0.00022873247200235446,0.00045659039948568834,-0.0001109565891299758
wf2021,TS_K50,20210622,0.0029259567903229923,0.0022379659913126446,0.0005245752489590834
wf2021,TS_K50,20210623,0.0009027987949166497,0.0011433588675289596,-0.00037960772605688547
wf2021,TS_K50,20210624,-0.00041309210699558025,-0.0006384872754559534,0.00017302791206208948
wf2021,TS_K50,20210625,0.004045156144263709,0.0034625157256916984,0.0004857613835165432
wf2021,TS_K50,20210628,-0.0014574432532405996,-0.0012846256198997947,-0.00023912079078258614
wf2021,TS_K50,20210629,0.0015359428004696222,0.0007386238003581006,0.0005976308770348883
wf2021,TS_K50,20210630,0.0018368177178181826,0.003033028115794775,-0.0011776956482411917
wf2021,TS_K50,20210701,0.0007749989439051787,0.0006011339965670158,-0.00013976765559702513
wf2021,TS_K50,20210702,-5.236675021509478e-05,-0.0011461975800469138,0.0009430462578987021
wf2021,TS_K50,20210705,-0.001613409035748993,-0.0008425423473772664,-0.00040205462964110363
wf2021,TS_K50,20210706,0.005499263199637022,0.004503995633023788,0.0009854160567806611
wf2021,TS_K50,20210707,0.0019319936511497057,0.0016368171068345022,0.0001099365287887951
wf2021,TS_K50,20210708,-0.0009406657577723443,-0.0013226141918610374,0.00022632297953920237
wf2021,TS_K50,20210709,0.0035619617008846513,0.002606410492142756,0.0009035922421330517
wf2021,TS_K50,20210712,0.0017014848773618148,0.001223704392273805,0.00037345164784756906
wf2021,TS_K50,20210713,0.0017774357339762617,0.0018878546956713688,-4.412740388551833e-05
wf2021,TS_K50,20210714,-0.0003030104664827806,-9.520791131914814e-05,-0.0002109392335303777
wf2021,TS_K50,20210715,0.0006660130986172265,0.0006810715159195132,-0.0002109745872129464
wf2021,TS_K50,20210716,0.003911575206804019,0.0036838167496447446,0.00014935937503361948
wf2021,TS_K50,20210719,-0.0009078894168753151,-0.001436108383454515,0.00037264552569959985
wf2021,TS_K50,20210720,0.001963287539088381,0.0008855534718891877,0.0008952645182768342
wf2021,TS_K50,20210721,-0.001598604759234617,-0.001804679821609807,1.6271991130936824e-05
wf2021,TS_K50,20210722,-0.0010623699961000623,-0.0006404281815051691,-0.0005673085460545259
wf2021,TS_K50,20210723,-0.0014074972152898022,-0.0009479543939220608,-0.00040322685578193427
wf2021,TS_K50,20210726,0.0013935668341413347,0.0024936885282950474,-0.001239410484172958
wf2021,TS_K50,20210727,0.0013084780824310083,0.002488415608685815,-0.0010829293305274414
wf2021,TS_K50,20210728,0.0029166668199147386,-0.0009439669805370113,0.0038311068648371914
wf2021,TS_K50,20210729,0.004734621074164341,0.003580222192676607,0.0009895640689697234
wf2021,TS_K50,20210730,0.006465278123873142,0.005760387556374636,0.000576280311699343
wf2021,TS_K50,20210802,0.0038892017950183087,0.0051011708462001355,-0.0012718640675828128
wf2021,TS_K50,20210803,0.002155087775794401,0.0008376284924744041,0.0012220487471756181
wf2021,TS_K50,20210804,-0.00014604370860220057,0.0006891957732795656,-0.000699048223082086
wf2021,TS_K50,20210805,-0.0029595406462845767,-0.0034313553162877617,0.00029295713908063394
wf2021,TS_K50,20210806,0.0072103812852010955,0.008053241858436162,-0.0006907204335059593
wf2021,TS_K50,20210809,0.0051570234040794055,0.004279958030686695,0.000851849233184169
wf2021,TS_K50,20210810,-0.0016646861311335349,-0.0016619128260008426,0.00015553918241771107
wf2021,TS_K50,20210811,-0.0010902091101370724,-0.0010914669962081248,-5.620357635860121e-05
wf2021,TS_K50,20210812,-0.0007723721492431457,-0.0009376968496517174,0.0001365047656123037
wf2021,TS_K50,20210813,0.0017348344068617988,0.002614444512645033,-0.0005999652556602076
wf2021,TS_K50,20210816,-0.0017343646405120518,3.302207588265756e-05,-0.0016165640195070162
wf2021,TS_K50,20210817,-0.0013796560439761872,-0.0006988678997461892,-0.000695189252180389
wf2021,TS_K50,20210818,0.0005383559106727372,0.0002362606465314532,9.05776327487297e-05
wf2021,TS_K50,20210819,-0.004449955657340436,-0.004376943110671836,-0.00039512493079186015
wf2021,TS_K50,20210820,0.0031624871167010744,0.0013708759646604185,0.0018244540715442155
wf2021,TS_K50,20210823,0.000684923622766548,0.0007037319926240614,-3.754835043453889e-05
wf2021,TS_K50,20210824,0.0039019228943604585,0.004024301336679797,-0.00020622419903793337
wf2021,TS_K50,20210825,-0.006301371786127816,-0.0054209847836648225,-0.00104437233979777
wf2021,TS_K50,20210826,-0.0026624341717416487,-0.0027079738846906925,-4.935682047827863e-05
wf2021,TS_K50,20210827,-0.0027456087481931317,-0.0035654221176180025,0.0006756686851315052
wf2021,TS_K50,20210830,-0.0035693180093137036,-0.002039050497379408,-0.0016439838575547506
wf2021,TS_K50,20210831,0.00529540419345449,0.008053904002839962,-0.0027680977078710163
wf2021,TS_K50,20210901,-0.005219273485591033,-0.005974255841304312,0.0008358796971417526
wf2021,TS_K50,20210902,0.0012369193908826294,0.002317708742229709,-0.0011366945744029698
wf2021,TS_K50,20210903,0.0073565438012676634,0.006824044847715755,0.0005579993398984321
wf2021,TS_K50,20210906,-0.00031074449980547994,-0.000686478493077428,0.0002838309313547341
wf2021,TS_K50,20210907,-0.0027676604256215067,-0.0018041650807492187,-0.001040226632024732
wf2021,TS_K50,20210908,-0.0037218416692605272,-0.002985208897151747,-0.0009114200576021322
wf2021,TS_K50,20210909,0.004341386794954894,0.004563394504970928,-0.00023967461102774126
wf2021,TS_K50,20210910,-0.004561984215012641,-0.0037814346136127025,-0.0008844390188743096
wf2021,TS_K50,20210913,0.004122387756903035,0.004109881299337092,0.0001617137294415065
wf2021,TS_K50,20210914,-0.004496532493862325,-0.0043354705317252265,-0.00023853159169961752
wf2021,TS_K50,20210915,0.0024155304674291223,0.002515564531118979,-0.00031695182695303534
wf2021,TS_K50,20210916,0.003550157913566972,0.00300767322501663,0.0004774420528045517
wf2021,TS_K50,20210917,-0.005424769696372046,-0.005329139713660686,-0.0002337123897339837
wf2021,TS_K50,20210922,0.004554509515665341,0.005357143791587599,-0.0008311249651025
wf2021,TS_K50,20210923,0.006079075198411468,0.006260201180711597,-0.0003132335745777443
wf2021,TS_K50,20210924,0.006856265543451357,0.0074065193015061615,-0.0005922119488271612
wf2021,TS_K50,20210927,-0.0025115967622848824,-0.0023160383940265612,-0.0002703196318950825
wf2021,TS_K50,20210928,0.0005882387576267196,0.0022390855923678267,-0.0017498652102393045
wf2021,TS_K50,20210929,0.001745111396916587,-0.0005499330203098755,0.002196344689498181
wf2021,TS_K50,20210930,0.003139932570145613,0.004472293085972463,-0.0013978038294351386
wf2021,TS_K50,20211008,0.004757597609536308,0.004702236116236029,9.173851402361044e-05
wf2021,TS_K50,20211011,0.0015086811411734128,0.0024154068021675123,-0.0007189674534420184
wf2021,TS_K50,20211012,0.007650766331676518,0.007663242809141682,0.0002105896618254818
wf2021,TS_K50,20211013,0.003060845311494199,0.0027253702613109186,0.00033345310455493106
wf2021,TS_K50,20211014,0.0011483454270369156,0.0014603377448113824,-0.00014724966418368173
wf2021,TS_K50,20211015,-0.0035150806624858347,-0.0038086134301802245,0.0002687054390756869
wf2021,TS_K50,20211018,0.0005910718689745003,0.00017896030990099146,0.00018864746563498392
wf2021,TS_K50,20211019,-0.003387905387690598,-0.0033195500214981983,-0.00026320998371729223
wf2021,TS_K50,20211020,-0.0006787268420051567,2.1706735565667836e-05,-0.0006237264790859771
wf2021,TS_K50,20211021,0.003199400431530436,0.003270352345070959,-0.00010487841319886784
wf2021,TS_K50,20211022,0.00018428951008232514,-0.00020113292334631973,0.0003732733077414981
wf2021,TS_K50,20211025,0.0024086156144446005,0.0024211719376371816,1.015579178020771e-05
wf2021,TS_K50,20211026,-0.0019770235263058267,-0.001657943271633252,-0.0003041529333904702
wf2021,TS_K50,20211027,0.0012976564107683546,0.0016401530813352622,-0.0005206674702378491
wf2021,TS_K50,20211028,0.002110364626414391,0.0018401366131459173,8.918954946344447e-05
wf2021,TS_K50,20211029,0.0020110901916705476,0.0011114107994688036,0.0008091946166736165
wf2021,TS_K50,20211101,0.0030907067240798503,0.0025834625078936797,0.0005023408541540495
wf2021,TS_K50,20211102,0.004967803408820857,0.004938316555815692,0.00015120096637765318
wf2021,TS_K50,20211103,0.0012881189250464262,0.0007311278989212725,0.0006243135108595462
wf2021,TS_K50,20211104,0.00407031727150749,0.0037390866486157236,0.0005104924763518553
wf2021,TS_K50,20211105,-0.00149835126518638,-0.0014532126730918437,-2.9697874619720476e-05
wf2021,TS_K50,20211108,0.001243600594955964,0.0007033199599737214,0.0005315402907872504
wf2021,TS_K50,20211109,0.0004743622152609565,0.0002017139577115783,0.00030349364191748054
wf2021,TS_K50,20211110,-0.0010877739206928971,-0.000958488220566004,3.9135143758397666e-05
wf2021,TS_K50,20211111,0.00014888348639462666,-1.2946498655212778e-05,0.0005678727679804581
wf2021,TS_K50,20211112,0.003006936708820714,0.0026523430872158276,0.0005308864852471363
wf2021,TS_K50,20211115,0.002027128376682027,0.0015947497381810594,0.00024242175851676168
wf2021,TS_K50,20211116,0.0022079720095860393,0.0017425310483092692,0.0005228101092300165
wf2021,TS_K50,20211117,0.0018954889573677136,0.002053582945398102,-0.00028322143375289943
wf2021,TS_K50,20211118,0.0018062677362598312,0.0017627058256749978,-3.427812989747835e-05
wf2021,TS_K50,20211119,0.003021951654673811,0.002781462267320832,0.00026681289609849473
wf2021,TS_K50,20211122,0.0006139796898032824,0.000354047069065299,0.0002778911911876646
wf2021,TS_K50,20211123,0.0009233170547418611,0.0009418481988270738,0.00011003535384507725
wf2021,TS_K50,20211124,0.0006547404037689365,0.0009403498730855699,-0.00023541806069422218
wf2021,TS_K50,20211125,-1.7229150966628203e-05,-0.00012852919247706716,6.532879423294387e-05
wf2021,TS_K50,20211126,4.079759336331613e-05,0.00041313162099214455,-0.0003578511371400883
wf2021,TS_K50,20211129,-0.0003008069439888097,-0.00037899434517506817,-0.00011284053848936151
wf2021,TS_K50,20211130,0.0014275790664668477,0.0011369434036742076,0.00023575448465322006
wf2021,TS_K50,20211201,0.0014665345089676235,0.0011557980578530834,0.00014830502698214823
wf2021,TS_K50,20211202,0.0015820758956286186,0.001544878321674355,-8.865650251109491e-05
wf2021,TS_K50,20211203,-0.003032974355029406,-0.0026775190318066512,-0.0003622377772290944
wf2021,TS_K50,20211206,-0.001173092409746868,-0.0009413060567730353,-0.00019711945092018573
wf2021,TS_K50,20211207,0.0032361760518517003,0.0027067023238717194,0.0005126677088087917
wf2021,TS_K50,20211208,0.0016316258990042957,0.0014065428819377847,0.00012609482960697737
wf2021,TS_K50,20211209,0.0006272996519634346,0.0007995718932555014,-9.296916749445271e-05
wf2021,TS_K50,20211210,-0.0006601242639114693,-0.0002837125005846878,-0.00040349478699954627
wf2021,TS_K50,20211213,0.0006547035393661338,0.0007279860988600499,0.00014561228172207906
wf2021,TS_K50,20211214,-0.0038855041832668216,-0.003080667453725762,-0.0005249216901505438
wf2021,TS_K50,20211215,0.0010971506674787648,0.0008127698696199699,0.0002999181863595452
wf2021,TS_K50,20211216,-0.0029057641011729614,-0.0030492429949423904,-1.9481751105265453e-06
wf2021,TS_K50,20211217,-0.005060996714578958,-0.004682869060495309,-0.0005985882681977579
wf2021,TS_K50,20211220,-0.0006646871886897728,-0.00035789017265551486,-0.00040516507998560633
wf2021,TS_K50,20211221,0.002853783238988758,0.0023513705938486102,0.00041120778025991513
wf2021,TS_K50,20211222,0.0003784047233062488,0.00043448022607845923,-0.00016792074025180235
wf2021,TS_K50,20211223,3.378007378318504e-05,-0.00032486272191852115,-7.717024449009082e-06
wf2021,TS_K50,20211224,-0.00023097689077184597,-0.0001528911614794838,-0.00016149456351136461
wf2021,TS_K50,20211227,0.0037849181509612955,0.0034411038185897793,0.00033132861623789435
wf2021,TS_K50,20211228,0.001097639120584274,0.0013585221058855987,-9.796034075255728e-05
wf2021,TS_K50,20211229,0.0004428995705512452,2.1841559340622413e-05,0.00027948506206168196
wf2021,TS_K50,20211230,-0.0007395908173351718,-0.0007742342070190315,3.8084066883488043e-06
wf2021,TS_K50,20211231,-0.0022957693521632426,-0.002894155197391274,0.000411048421169723
wf2021,TS_K70,20210104,0.002877509772587393,0.0028413264197605414,0.00018351204310271333
wf2021,TS_K70,20210105,-0.001441784235849418,-9.272749042689887e-05,-0.0013576134912318793
wf2021,TS_K70,20210106,0.007893670411220646,0.007271264615250876,0.00041019362897373285
wf2021,TS_K70,20210107,-0.006644374235325053,-0.00528832032808965,-0.00133619235721492
wf2021,TS_K70,20210108,-0.0018496356992685273,-0.001594410542548724,-0.0003588434957863923
wf2021,TS_K70,20210111,0.0019668334477201954,0.001092410785552837,0.0006049874366042919
wf2021,TS_K70,20210112,-0.0027252736781610346,-0.001538294754441212,-0.0012378961611480823
wf2021,TS_K70,20210113,-0.0020051213574380933,0.0005301944121824677,-0.0025805410341043066
wf2021,TS_K70,20210114,0.0038666376686569866,0.003109731449639043,0.0011029109012582845
wf2021,TS_K70,20210115,0.005269691142246411,0.002762653282529831,0.0024602985562881823
wf2021,TS_K70,20210118,-0.0008980969226019043,0.0006759476263989966,-0.001560702843345917
wf2021,TS_K70,20210119,0.004454302435882369,0.002546454249539262,0.0019422589483628421
wf2021,TS_K70,20210120,0.004039127972276333,0.003009194288230672,0.000954597806717959
wf2021,TS_K70,20210121,0.0038355514520192063,0.0035638115771522193,0.00025898890286226605
wf2021,TS_K70,20210122,0.0056627874580347255,0.005340953041885256,0.0004338491391191502
wf2021,TS_K70,20210125,0.0007543012623185746,0.002359928013550998,-0.001639358428669048
wf2021,TS_K70,20210126,0.0006462682829255456,0.0011200505113858567,-0.0005471702495360979
wf2021,TS_K70,20210127,-0.0019438444012948135,0.00018603944898153407,-0.0023791987866104663
wf2021,TS_K70,20210128,0.0005127249662103886,0.0020320784048281646,-0.0012538171670541827
wf2021,TS_K70,20210129,0.004903381011931152,0.004763171054324658,0.0007370126463898294
wf2021,TS_K70,20210201,-0.0007270516316949004,-0.001977956638887014,0.0009040087608264829
wf2021,TS_K70,20210202,-0.004194741558062319,-0.0033047166972237484,-0.0007996713717527482
wf2021,TS_K70,20210203,-0.000992697769283929,-0.001214039174254254,4.9361478586758416e-05
wf2021,TS_K70,20210204,-0.0017298259885732397,0.0020716726489486527,-0.004225486462070699
wf2021,TS_K70,20210205,-0.004491812587740503,-0.003795393377089313,-0.001080798506280583
wf2021,TS_K70,20210208,0.003062994339881938,0.00035775588592578333,0.0022957685768945496
wf2021,TS_K70,20210209,0.0013940111295753328,0.0014329669520607585,-0.0003078720516138696
wf2021,TS_K70,20210210,0.0054947796308197835,0.004496729710141263,0.0011820690948146024
wf2021,TS_K70,20210218,0.004438349603179979,0.004703849430302942,-0.0002034778590085311
wf2021,TS_K70,20210219,0.0018980340497054254,0.0025061153210312404,-0.0007619083900077278
wf2021,TS_K70,20210222,0.0009008370735853763,0.0012970986755470508,-0.0005456963653511979
wf2021,TS_K70,20210223,0.004334554440896191,0.0045222710302528155,-0.0002689492958948895
wf2021,TS_K70,20210224,-0.0028386079146227455,-0.001139357913774039,-0.0016233045321098517
wf2021,TS_K70,20210225,0.0016073741612534242,0.0017830320561008175,-0.0004270385671727409
wf2021,TS_K70,20210226,0.0027036654054803516,0.0005330362701608029,0.002072436532798259
wf2021,TS_K70,20210301,0.003751994555117019,0.004510406985607965,-0.0006545675188180792
wf2021,TS_K70,20210302,0.00018353417213080522,-0.00029890346530591825,0.00028658927466265706
wf2021,TS_K70,20210303,-0.0020995809652787304,-0.0003354471849265428,-0.002043441063485654
wf2021,TS_K70,20210304,0.006366927037790621,0.006451924606839845,-0.00013765196326772554
wf2021,TS_K70,20210305,-0.005141053099129279,-0.0027060632005874623,-0.0019603891124221643
wf2021,TS_K70,20210308,-0.002929829387281268,-0.0003377636326582005,-0.0029001914543272172
wf2021,TS_K70,20210309,0.0022987286797069694,0.0013891520575975793,0.0011340357229388327
wf2021,TS_K70,20210310,0.0028125962969332598,0.0012368297337202743,0.0013952764739079593
wf2021,TS_K70,20210311,-0.001446615060937707,-0.0002356378831852707,-0.001288457679994831
wf2021,TS_K70,20210312,-0.0029223624163854903,-0.0013532814831937103,-0.001760955581027962
wf2021,TS_K70,20210315,-0.0009382538856731737,-0.0010487626031101694,0.00011344551375479719
wf2021,TS_K70,20210316,0.0034942065409190827,0.002451622790122854,0.0012001296909073323
wf2021,TS_K70,20210317,0.0007862251029454948,0.0005998264117306687,0.0003286767569203439
wf2021,TS_K70,20210318,0.002560031055518827,0.0030820418817836992,-0.0003730588666998783
wf2021,TS_K70,20210319,5.125283383636964e-05,-4.676230678547804e-05,0.0003184634552361697
wf2021,TS_K70,20210322,0.002451583302237938,0.0035703872921197533,-0.001094745962594958
wf2021,TS_K70,20210323,-0.001996312095616525,-0.0005628621868282168,-0.0014215575679088154
wf2021,TS_K70,20210324,0.00404156545655889,0.00372931873854771,0.00013718650617349976
wf2021,TS_K70,20210325,0.00550004325492647,0.004219466129870732,0.0012529946027991898
wf2021,TS_K70,20210326,-0.0001947491804249544,-0.00010064993151870437,-0.0001064208061476634
wf2021,TS_K70,20210329,0.004547554959549114,0.004473684719981604,-3.1184242807043966e-05
wf2021,TS_K70,20210330,-0.0014876175446120843,-0.0005337806542671874,-0.0010976152690315164
wf2021,TS_K70,20210331,0.0030566416016342196,0.0023919771211310904,0.0005087776321422436
wf2021,TS_K70,20210401,0.005417976141500315,0.004927010424642749,0.0005947588303849823
wf2021,TS_K70,20210402,0.004107566819941474,0.0036503589258656804,0.0004837455511624544
wf2021,TS_K70,20210406,-0.0012266016671495673,-0.0005098413709646568,-0.00033808315353105146
wf2021,TS_K70,20210407,0.0036284862074215636,0.003312837327744763,0.00022856229268396715
wf2021,TS_K70,20210408,-0.0012733331006145577,-0.0014430812996113842,5.641729447047964e-05
wf2021,TS_K70,20210409,-0.007249814487506379,-0.005642531731803466,-0.001633539793727239
wf2021,TS_K70,20210412,0.0034460602292776246,0.0035761859388629643,-0.00015776542439932122
wf2021,TS_K70,20210413,0.003548080616279793,0.0028995692155126197,0.0005036966736509138
wf2021,TS_K70,20210414,-0.0009167240185231811,-0.0003501974930452089,-0.0008039005465504442
wf2021,TS_K70,20210415,0.0004910766040281175,0.00037075748776883285,-1.5834303651107437e-05
wf2021,TS_K70,20210416,0.006207836780179348,0.005256817037817049,0.0008376826961801305
wf2021,TS_K70,20210419,0.0028483998786432456,0.0026848957299720764,7.072071651529843e-05
wf2021,TS_K70,20210420,0.0012039878515463281,0.0011141107137632022,-0.00012178581511953407
wf2021,TS_K70,20210421,0.0007661373517022087,0.0003762342650570364,0.00044928977280160376
wf2021,TS_K70,20210422,0.0031772282287571433,0.0028210783777968002,0.0002802001758872462
wf2021,TS_K70,20210423,0.0023829477442833353,0.0024116850998263497,-0.0002101506765930912
wf2021,TS_K70,20210426,-0.00032667173099826426,4.266276732892686e-05,-0.0005766240115138597
wf2021,TS_K70,20210427,-0.0012352450361672277,-0.0010506166993532757,5.857829417673749e-05
wf2021,TS_K70,20210428,-0.0010961694208994053,-0.0006640609234139282,-0.0006150242720330497
wf2021,TS_K70,20210429,-0.0020127139438949355,-0.001993390012969584,-0.00012802631245987622
wf2021,TS_K70,20210430,-0.002227296927568994,-0.003023727970155662,0.00064689088112781
wf2021,TS_K70,20210506,-0.0021828472602204154,-0.0015611047236418576,-0.0005927737260784072
wf2021,TS_K70,20210507,-0.004873629925679404,-0.005293794680634834,0.00037765566919766453
wf2021,TS_K70,20210510,0.004507214727871182,0.005485711813350544,-0.0009253856919147663
wf2021,TS_K70,20210511,0.0001541385436568208,-0.00047554680612207163,0.00045097820137537985
wf2021,TS_K70,20210512,0.0010117502424966647,0.0015975941833124496,-0.0006663517316361274
wf2021,TS_K70,20210513,0.003588800588335845,0.0031464704895428778,0.00035445945984761165
wf2021,TS_K70,20210514,0.008383035142547395,0.008041127792409822,0.00030243050203124504
wf2021,TS_K70,20210517,-3.463606106046593e-05,-3.974162064792349e-05,4.133419378275867e-05
wf2021,TS_K70,20210518,0.0007005554623582502,0.00044030282075097863,0.00022489395047932355
wf2021,TS_K70,20210519,0.004003397058398535,0.003814721495065055,2.136777758120775e-05
wf2021,TS_K70,20210520,-0.002320463189938948,-0.00233140617176499,-3.2386273575307154e-05
wf2021,TS_K70,20210521,0.0012947192486482614,0.0008895441492968035,0.00022104333674455464
wf2021,TS_K70,20210524,0.002479347619823064,0.002181713519656693,0.00028338265768078884
wf2021,TS_K70,20210525,0.0010403831245156814,0.0007926321168011331,0.00022641695686003197
wf2021,TS_K70,20210526,0.0035442324712912183,0.0027038110752543817,0.0007335284875091823
wf2021,TS_K70,20210527,-0.0007463965647262157,-0.0005932867991465194,-0.0002055430549628608
wf2021,TS_K70,20210528,0.0008018593649337449,0.0003916463428156519,0.0004032677101347766
wf2021,TS_K70,20210531,0.001349912031576991,0.0009227524342970981,0.0005220385882854771
wf2021,TS_K70,20210601,-0.00118904231449392,-0.0009227271097775834,-0.00028846193001418
wf2021,TS_K70,20210602,-0.004332385674222143,-0.0037857002165498374,-0.0005119430519824025
wf2021,TS_K70,20210603,0.0019328574389907514,0.0008298062396009014,0.0006915870956946898
wf2021,TS_K70,20210604,0.0033441647133970924,0.0024763112746523925,0.000600380411736698
wf2021,TS_K70,20210607,0.0014741797705273697,0.0015466749907009835,-5.785843221342254e-05
wf2021,TS_K70,20210608,0.001841440676805166,0.0012602421164663068,0.00042691067846460076
wf2021,TS_K70,20210609,0.0037108235876980415,0.003073170763237385,0.0005936103527419799
wf2021,TS_K70,20210610,0.0021740524526474366,0.0027988364286942987,-0.0005329539080554539
wf2021,TS_K70,20210611,0.003921829060799591,0.00335023982070891,0.00027366137003614633
wf2021,TS_K70,20210615,-0.001057341531539512,-0.00046127529387025607,-0.0007269114099441578
wf2021,TS_K70,20210616,0.0031262937067517878,0.002084418645011796,0.0010679202243619986
wf2021,TS_K70,20210617,0.0012016390604706658,0.0007218361129211817,0.00047375702220964043
wf2021,TS_K70,20210618,0.0062944647014215125,0.005478288257627388,0.0008330252928444701
wf2021,TS_K70,20210621,0.00022873247200235446,0.00045659039948568834,-0.0001109565891299758
wf2021,TS_K70,20210622,0.0029259567903229923,0.0022379659913126446,0.0005245752489590834
wf2021,TS_K70,20210623,0.0009027987949166497,0.0011433588675289596,-0.00037960772605688547
wf2021,TS_K70,20210624,-0.00041309210699558025,-0.0006384872754559534,0.00017302791206208948
wf2021,TS_K70,20210625,0.004045156144263709,0.0034625157256916984,0.0004857613835165432
wf2021,TS_K70,20210628,-0.0014574432532405996,-0.0012846256198997947,-0.00023912079078258614
wf2021,TS_K70,20210629,0.0015359428004696222,0.0007386238003581006,0.0005976308770348883
wf2021,TS_K70,20210630,0.0018368177178181826,0.003033028115794775,-0.0011776956482411917
wf2021,TS_K70,20210701,0.0007749989439051787,0.0006011339965670158,-0.00013976765559702513
wf2021,TS_K70,20210702,-5.236675021509478e-05,-0.0011461975800469138,0.0009430462578987021
wf2021,TS_K70,20210705,-0.001613409035748993,-0.0008425423473772664,-0.00040205462964110363
wf2021,TS_K70,20210706,0.005499263199637022,0.004503995633023788,0.0009854160567806611
wf2021,TS_K70,20210707,0.0019319936511497057,0.0016368171068345022,0.0001099365287887951
wf2021,TS_K70,20210708,-0.0009406657577723443,-0.0013226141918610374,0.00022632297953920237
wf2021,TS_K70,20210709,0.0035619617008846513,0.002606410492142756,0.0009035922421330517
wf2021,TS_K70,20210712,0.0017014848773618148,0.001223704392273805,0.00037345164784756906
wf2021,TS_K70,20210713,0.0017774357339762617,0.0018878546956713688,-4.412740388551833e-05
wf2021,TS_K70,20210714,-0.0003030104664827806,-9.520791131914814e-05,-0.0002109392335303777
wf2021,TS_K70,20210715,0.0006660130986172265,0.0006810715159195132,-0.0002109745872129464
wf2021,TS_K70,20210716,0.003911575206804019,0.0036838167496447446,0.00014935937503361948
wf2021,TS_K70,20210719,-0.0009078894168753151,-0.001436108383454515,0.00037264552569959985
wf2021,TS_K70,20210720,0.001963287539088381,0.0008855534718891877,0.0008952645182768342
wf2021,TS_K70,20210721,-0.001598604759234617,-0.001804679821609807,1.6271991130936824e-05
wf2021,TS_K70,20210722,-0.0010623699961000623,-0.0006404281815051691,-0.0005673085460545259
wf2021,TS_K70,20210723,-0.0014074972152898022,-0.0009479543939220608,-0.00040322685578193427
wf2021,TS_K70,20210726,0.0013935668341413347,0.0024936885282950474,-0.001239410484172958
wf2021,TS_K70,20210727,0.0013084780824310083,0.002488415608685815,-0.0010829293305274414
wf2021,TS_K70,20210728,0.0029166668199147386,-0.0009439669805370113,0.0038311068648371914
wf2021,TS_K70,20210729,0.004389593217038286,0.0032994382497867213,0.0009253201547335541
wf2021,TS_K70,20210730,0.006465278123873142,0.005760387556374636,0.000576280311699343
wf2021,TS_K70,20210802,0.0038892017950183087,0.0051011708462001355,-0.0012718640675828128
wf2021,TS_K70,20210803,0.002155087775794401,0.0008376284924744041,0.0012220487471756181
wf2021,TS_K70,20210804,-0.00014604370860220057,0.0006891957732795656,-0.000699048223082086
wf2021,TS_K70,20210805,-0.0029595406462845767,-0.0034313553162877617,0.00029295713908063394
wf2021,TS_K70,20210806,0.0072103812852010955,0.008053241858436162,-0.0006907204335059593
wf2021,TS_K70,20210809,0.0051570234040794055,0.004279958030686695,0.000851849233184169
wf2021,TS_K70,20210810,-0.0016646861311335349,-0.0016619128260008426,0.00015553918241771107
wf2021,TS_K70,20210811,-0.0010902091101370724,-0.0010914669962081248,-5.620357635860121e-05
wf2021,TS_K70,20210812,-0.0007723721492431457,-0.0009376968496517174,0.0001365047656123037
wf2021,TS_K70,20210813,0.0017348344068617988,0.002614444512645033,-0.0005999652556602076
wf2021,TS_K70,20210816,-0.0017343646405120518,3.302207588265756e-05,-0.0016165640195070162
wf2021,TS_K70,20210817,-0.0013796560439761872,-0.0006988678997461892,-0.000695189252180389
wf2021,TS_K70,20210818,0.0005383559106727372,0.0002362606465314532,9.05776327487297e-05
wf2021,TS_K70,20210819,-0.004449955657340436,-0.004376943110671836,-0.00039512493079186015
wf2021,TS_K70,20210820,0.0031624871167010744,0.0013708759646604185,0.0018244540715442155
wf2021,TS_K70,20210823,0.000684923622766548,0.0007037319926240614,-3.754835043453889e-05
wf2021,TS_K70,20210824,0.0039019228943604585,0.004024301336679797,-0.00020622419903793337
wf2021,TS_K70,20210825,-0.006301371786127816,-0.0054209847836648225,-0.00104437233979777
wf2021,TS_K70,20210826,-0.0026624341717416487,-0.0027079738846906925,-4.935682047827863e-05
wf2021,TS_K70,20210827,-0.0027456087481931317,-0.0035654221176180025,0.0006756686851315052
wf2021,TS_K70,20210830,-0.0035693180093137036,-0.002039050497379408,-0.0016439838575547506
wf2021,TS_K70,20210831,0.00529540419345449,0.008053904002839962,-0.0027680977078710163
wf2021,TS_K70,20210901,-0.005219273485591033,-0.005974255841304312,0.0008358796971417526
wf2021,TS_K70,20210902,0.0012369193908826294,0.002317708742229709,-0.0011366945744029698
wf2021,TS_K70,20210903,0.0073565438012676634,0.006824044847715755,0.0005579993398984321
wf2021,TS_K70,20210906,-0.00031074449980547994,-0.000686478493077428,0.0002838309313547341
wf2021,TS_K70,20210907,-0.0027676604256215067,-0.0018041650807492187,-0.001040226632024732
wf2021,TS_K70,20210908,-0.0037218416692605272,-0.002985208897151747,-0.0009114200576021322
wf2021,TS_K70,20210909,0.004341386794954894,0.004563394504970928,-0.00023967461102774126
wf2021,TS_K70,20210910,-0.004561984215012641,-0.0037814346136127025,-0.0008844390188743096
wf2021,TS_K70,20210913,0.004122387756903035,0.004109881299337092,0.0001617137294415065
wf2021,TS_K70,20210914,-0.004496532493862325,-0.0043354705317252265,-0.00023853159169961752
wf2021,TS_K70,20210915,0.0024155304674291223,0.002515564531118979,-0.00031695182695303534
wf2021,TS_K70,20210916,0.003550157913566972,0.00300767322501663,0.0004774420528045517
wf2021,TS_K70,20210917,-0.005424769696372046,-0.005329139713660686,-0.0002337123897339837
wf2021,TS_K70,20210922,0.004554509515665341,0.005357143791587599,-0.0008311249651025
wf2021,TS_K70,20210923,0.006079075198411468,0.006260201180711597,-0.0003132335745777443
wf2021,TS_K70,20210924,0.006856265543451357,0.0074065193015061615,-0.0005922119488271612
wf2021,TS_K70,20210927,-0.0025115967622848824,-0.0023160383940265612,-0.0002703196318950825
wf2021,TS_K70,20210928,0.0005882387576267196,0.0022390855923678267,-0.0017498652102393045
wf2021,TS_K70,20210929,0.001745111396916587,-0.0005499330203098755,0.002196344689498181
wf2021,TS_K70,20210930,0.003139932570145613,0.004472293085972463,-0.0013978038294351386
wf2021,TS_K70,20211008,0.004757597609536308,0.004702236116236029,9.173851402361044e-05
wf2021,TS_K70,20211011,0.0015086811411734128,0.0024154068021675123,-0.0007189674534420184
wf2021,TS_K70,20211012,0.007650766331676518,0.007663242809141682,0.0002105896618254818
wf2021,TS_K70,20211013,0.003060845311494199,0.0027253702613109186,0.00033345310455493106
wf2021,TS_K70,20211014,0.0011483454270369156,0.0014603377448113824,-0.00014724966418368173
wf2021,TS_K70,20211015,-0.0035150806624858347,-0.0038086134301802245,0.0002687054390756869
wf2021,TS_K70,20211018,0.0005910718689745003,0.00017896030990099146,0.00018864746563498392
wf2021,TS_K70,20211019,-0.003387905387690598,-0.0033195500214981983,-0.00026320998371729223
wf2021,TS_K70,20211020,-0.0006787268420051567,2.1706735565667836e-05,-0.0006237264790859771
wf2021,TS_K70,20211021,0.003199400431530436,0.003270352345070959,-0.00010487841319886784
wf2021,TS_K70,20211022,0.00018428951008232514,-0.00020113292334631973,0.0003732733077414981
wf2021,TS_K70,20211025,0.0024086156144446005,0.0024211719376371816,1.015579178020771e-05
wf2021,TS_K70,20211026,-0.0019770235263058267,-0.001657943271633252,-0.0003041529333904702
wf2021,TS_K70,20211027,0.0012976564107683546,0.0016401530813352622,-0.0005206674702378491
wf2021,TS_K70,20211028,0.002110364626414391,0.0018401366131459173,8.918954946344447e-05
wf2021,TS_K70,20211029,0.0020110901916705476,0.0011114107994688036,0.0008091946166736165
wf2021,TS_K70,20211101,0.0030907067240798503,0.0025834625078936797,0.0005023408541540495
wf2021,TS_K70,20211102,0.004967803408820857,0.004938316555815692,0.00015120096637765318
wf2021,TS_K70,20211103,0.0012881189250464262,0.0007311278989212725,0.0006243135108595462
wf2021,TS_K70,20211104,0.00407031727150749,0.0037390866486157236,0.0005104924763518553
wf2021,TS_K70,20211105,-0.00149835126518638,-0.0014532126730918437,-2.9697874619720476e-05
wf2021,TS_K70,20211108,0.001243600594955964,0.0007033199599737214,0.0005315402907872504
wf2021,TS_K70,20211109,0.0004743622152609565,0.0002017139577115783,0.00030349364191748054
wf2021,TS_K70,20211110,-0.0010877739206928971,-0.000958488220566004,3.9135143758397666e-05
wf2021,TS_K70,20211111,0.00014888348639462666,-1.2946498655212778e-05,0.0005678727679804581
wf2021,TS_K70,20211112,0.003006936708820714,0.0026523430872158276,0.0005308864852471363
wf2021,TS_K70,20211115,0.002027128376682027,0.0015947497381810594,0.00024242175851676168
wf2021,TS_K70,20211116,0.0022079720095860393,0.0017425310483092692,0.0005228101092300165
wf2021,TS_K70,20211117,0.0018954889573677136,0.002053582945398102,-0.00028322143375289943
wf2021,TS_K70,20211118,0.0018062677362598312,0.0017627058256749978,-3.427812989747835e-05
wf2021,TS_K70,20211119,0.003021951654673811,0.002781462267320832,0.00026681289609849473
wf2021,TS_K70,20211122,0.0006139796898032824,0.000354047069065299,0.0002778911911876646
wf2021,TS_K70,20211123,0.0009233170547418611,0.0009418481988270738,0.00011003535384507725
wf2021,TS_K70,20211124,0.0006547404037689365,0.0009403498730855699,-0.00023541806069422218
wf2021,TS_K70,20211125,-1.7229150966628203e-05,-0.00012852919247706716,6.532879423294387e-05
wf2021,TS_K70,20211126,4.079759336331613e-05,0.00041313162099214455,-0.0003578511371400883
wf2021,TS_K70,20211129,-0.0003008069439888097,-0.00037899434517506817,-0.00011284053848936151
wf2021,TS_K70,20211130,0.0014275790664668477,0.0011369434036742076,0.00023575448465322006
wf2021,TS_K70,20211201,0.0014665345089676235,0.0011557980578530834,0.00014830502698214823
wf2021,TS_K70,20211202,0.0015820758956286186,0.001544878321674355,-8.865650251109491e-05
wf2021,TS_K70,20211203,-0.003032974355029406,-0.0026775190318066512,-0.0003622377772290944
wf2021,TS_K70,20211206,-0.001173092409746868,-0.0009413060567730353,-0.00019711945092018573
wf2021,TS_K70,20211207,0.0032361760518517003,0.0027067023238717194,0.0005126677088087917
wf2021,TS_K70,20211208,0.0016316258990042957,0.0014065428819377847,0.00012609482960697737
wf2021,TS_K70,20211209,0.0006272996519634346,0.0007995718932555014,-9.296916749445271e-05
wf2021,TS_K70,20211210,-0.0006601242639114693,-0.0002837125005846878,-0.00040349478699954627
wf2021,TS_K70,20211213,0.0006547035393661338,0.0007279860988600499,0.00014561228172207906
wf2021,TS_K70,20211214,-0.0038855041832668216,-0.003080667453725762,-0.0005249216901505438
wf2021,TS_K70,20211215,0.0010971506674787648,0.0008127698696199699,0.0002999181863595452
wf2021,TS_K70,20211216,-0.0029057641011729614,-0.0030492429949423904,-1.9481751105265453e-06
wf2021,TS_K70,20211217,-0.005060996714578958,-0.004682869060495309,-0.0005985882681977579
wf2021,TS_K70,20211220,-0.0006646871886897728,-0.00035789017265551486,-0.00040516507998560633
wf2021,TS_K70,20211221,0.002853783238988758,0.0023513705938486102,0.00041120778025991513
wf2021,TS_K70,20211222,0.0003784047233062488,0.00043448022607845923,-0.00016792074025180235
wf2021,TS_K70,20211223,3.378007378318504e-05,-0.00032486272191852115,-7.717024449009082e-06
wf2021,TS_K70,20211224,-0.00023097689077184597,-0.0001528911614794838,-0.00016149456351136461
wf2021,TS_K70,20211227,0.0037849181509612955,0.0034411038185897793,0.00033132861623789435
wf2021,TS_K70,20211228,0.001097639120584274,0.0013585221058855987,-9.796034075255728e-05
wf2021,TS_K70,20211229,0.0004428995705512452,2.1841559340622413e-05,0.00027948506206168196
wf2021,TS_K70,20211230,-0.0007395908173351718,-0.0007742342070190315,3.8084066883488043e-06
wf2021,TS_K70,20211231,-0.0022957693521632426,-0.002894155197391274,0.000411048421169723
wf2022,H01,20220104,0.005086436347378445,0.00038106448066954634,0.004462987048733707
wf2022,H01,20220105,0.001098784138529459,0.0026623316079176355,-0.001558538336089245
wf2022,H01,20220106,0.005913814640315493,0.0007372685334882202,0.005230047560065875
wf2022,H01,20220107,0.001805979737841145,0.0008019130314894688,0.0011053643384953849
wf2022,H01,20220110,0.0043804112812678925,0.0015937482840595908,0.002741926526331085
wf2022,H01,20220111,-0.005341916464102679,-0.0021888321007339636,-0.0031234232448106415
wf2022,H01,20220112,0.0027769379907460886,-0.00040214957100849063,0.003168285239679553
wf2022,H01,20220113,-0.0005378305685132204,0.0029107882905421117,-0.003447492812935177
wf2022,H01,20220114,-0.001573170108940548,-0.000343085459440647,-0.00130212186562168
wf2022,H01,20220117,0.0015634313112791384,-0.0004798420448751037,0.0021022440112843993
wf2022,H01,20220118,0.0018983640471265135,-0.0009451349472843823,0.002781081435233115
wf2022,H01,20220119,0.0031870259238880073,-0.0009313746732711686,0.003981787241679097
wf2022,H01,20220120,0.0004004367048113175,-0.001208756646232025,0.0013237770300184178
wf2022,H01,20220121,-0.0022794571442339676,0.00010717164955052522,-0.0025249141928471294
wf2022,H01,20220124,-0.0009799543387620999,-0.0029817418611386886,0.0020679645688315897
wf2022,H01,20220125,0.0003486116741246567,-9.085920084085559e-06,0.00023559912982731125
wf2022,H01,20220126,0.00415912150228635,0.0009867142118897977,0.0030097912167273695
wf2022,H01,20220127,-0.0012549809779567218,-0.00107882691026802,-0.00027834002190070675
wf2022,H01,20220128,0.003396384198279725,0.0023152970141017766,0.0012043714136160254
wf2022,H01,20220207,0.004848383064655966,0.002561989673807593,0.002255031663553956
wf2022,H01,20220208,-0.0012683372888015621,0.0015597017648008376,-0.002762319465741452
wf2022,H01,20220209,0.0012105437123091688,-0.0017371964414424428,0.0029628592399830963
wf2022,H01,20220210,0.0005308707332718904,-0.0023988996399304063,0.0029641313247490116
wf2022,H01,20220211,0.0010516795240071845,0.0023468206109284063,-0.0013702941651366845
wf2022,H01,20220214,-0.0016248127399704501,0.000255649792190436,-0.0019002477386747434
wf2022,H01,20220215,-0.0009277881824126359,1.1615208104999246e-05,-0.0006837344687663037
wf2022,H01,20220216,0.0009169706297503031,0.0011362196765805578,-0.0002110228135196843
wf2022,H01,20220217,0.0016498281567910982,0.0011146942025890287,0.0005048632275627398
wf2022,H01,20220218,-0.00017932593430931322,0.0015973634708326958,-0.0018904817274354624
wf2022,H01,20220221,-0.0012163108655043192,-0.002028630812578237,0.0007502122368271719
wf2022,H01,20220222,-0.0017331349409129577,0.0009020800399937579,-0.002646603783579019
wf2022,H01,20220223,0.0012446974138618783,-0.00024082817235378262,0.0013275310665485582
wf2022,H01,20220224,0.0027424246952651287,0.0033742217069949367,-0.000573815272766458
wf2022,H01,20220225,0.0015698479746571552,0.0017541992208968235,-0.0002043188672902524
wf2022,H01,20220228,-0.0008823539225262635,-0.000347827793131375,-0.0004566389848844352
wf2022,H01,20220301,0.00258324557397919,0.0023696490317207954,0.0002442931958123088
wf2022,H01,20220302,0.00552330034429752,0.0026393811392363617,0.003072558434631586
wf2022,H01,20220303,0.0046457094469017106,0.004053474929188329,0.0007379795207686638
wf2022,H01,20220304,0.000185545857208853,0.00036011357955223467,-8.92949208487824e-05
wf2022,H01,20220307,-0.0015259768483850827,-0.0022255338733319398,0.0006102967009522561
wf2022,H01,20220308,-0.0007595923920039899,0.0002938636521761553,-0.001017912831141785
wf2022,H01,20220309,0.0024101877046064195,0.003229402298177388,-0.0008830404818241027
wf2022,H01,20220310,0.005954566650084016,0.004930357290948816,0.0008359584756689203
wf2022,H01,20220311,0.001322040199613149,-0.0001306195233083184,0.0013463415075456004
wf2022,H01,20220314,-0.0015442179703800615,-0.0013121334889692315,-0.00025844084197727493
wf2022,H01,20220315,-0.0033537224395950513,-0.0024751556095174015,-0.0008696170589055962
wf2022,H01,20220316,-0.0003358210341161648,0.0012349139703590312,-0.0016055744409213288
wf2022,H01,20220317,0.0010676227150311912,0.0007070474501738324,0.0003150861665105997
wf2022,H01,20220318,-0.0023581471981892164,-0.0007881037601417126,-0.0015055030075322021
wf2022,H01,20220321,0.0010428904791692573,-0.0009704680392827233,0.001898779327360827
wf2022,H01,20220322,0.0006114708737036956,0.0005333136478221888,-3.1382539518853955e-05
wf2022,H01,20220323,0.002774775362081268,0.0022274162497654105,0.0005857977754348134
wf2022,H01,20220324,0.0023591616029108213,0.001046155053460235,0.001227331464507893
wf2022,H01,20220325,0.002524006266887519,0.0013059070164968465,0.0010174430262373988
wf2022,H01,20220328,0.0013236773045446678,0.001013574268363417,0.00014390138174764713
wf2022,H01,20220329,-5.7502884982321006e-05,0.00026158498373750165,-0.0004538515097726225
wf2022,H01,20220330,-2.2568754665725247e-05,-0.0014395375592586655,0.0012399822910585283
wf2022,H01,20220331,0.0015357325523903515,4.003540246951527e-05,0.0013557762251896171
wf2022,H01,20220401,-0.001153597300007558,-0.0018525983719542307,0.0006733006641205638
wf2022,H01,20220406,0.0012334087995258224,0.0004712111220675318,0.0009543824806436602
wf2022,H01,20220407,-0.002304682991706862,-0.0033724831040191972,0.0007992242107589198
wf2022,H01,20220408,0.0023946362820864153,0.0009587873747891752,0.0011938907169748165
wf2022,H01,20220411,0.0007626176640535935,0.0006501005126202291,6.306778615430897e-05
wf2022,H01,20220412,0.002102273460308262,0.0005486894913955637,0.0015603777915755524
wf2022,H01,20220413,0.0008558360932376576,0.0010546820204170397,-0.0002955322717743316
wf2022,H01,20220414,0.00661237545456631,0.0053555478773479916,0.0012183488992429479
wf2022,H01,20220415,0.0005510777753699406,0.0013119488783744845,-0.0007356059455793873
wf2022,H01,20220418,-0.00020393496670070496,-0.00036426266519192294,0.00015987446773360977
wf2022,H01,20220419,0.0005025481405382722,-1.995581634112219e-05,0.0005681668267675633
wf2022,H01,20220420,0.00017767208405079088,-0.0009401712846489046,0.0012860709445414913
wf2022,H01,20220421,0.00011485660144525643,0.00019273626053601786,0.0003670464059095142
wf2022,H01,20220422,-0.0013546297820712233,-0.003257504617058278,0.0018237722427016498
wf2022,H01,20220425,0.003926119098024025,0.0033029317370464814,0.00039103865982032914
wf2022,H01,20220426,0.008254018402971814,0.009478408742937986,-0.0012398630452097616
wf2022,H01,20220427,-0.001996609766333115,-0.002669256284128232,0.0006460430125951485
wf2022,H01,20220428,0.0020342781964758777,0.0032557191108000495,-0.001251075014877769
wf2022,H01,20220429,0.00425784071190893,0.005213093934407034,-0.0007717896912052609
wf2022,H01,20220505,0.0022794003534479853,0.0027308799125600586,-0.0002218566516392427
wf2022,H01,20220506,0.0010750395604322213,0.0014693617941458443,-0.0002158843683877395
wf2022,H01,20220509,0.0004643960976236927,0.0015199571030988363,-0.0009728109996809992
wf2022,H01,20220510,0.0024384590900474934,0.0029865970272627573,-0.0006281631756720253
wf2022,H01,20220511,0.0006721706674637897,0.0008011604525300332,-0.000286172642136383
wf2022,H01,20220512,-0.00011494124164051437,-0.0006116193898140711,0.00030859765503932755
wf2022,H01,20220513,-0.00042765664530499564,-0.00019712217750331482,-0.000306483402578309
wf2022,H01,20220516,0.0019453255869077185,0.0020480280887046746,-0.0002587612215241956
wf2022,H01,20220517,0.0003807268704948529,0.0006302724028989439,-0.000268625767211309
wf2022,H01,20220518,0.001685125915454869,0.0022345266535645694,-0.0005332482940408253
wf2022,H01,20220519,0.003246280277587282,0.003182985293553154,-2.107461431631234e-05
wf2022,H01,20220520,0.0027909332243671245,0.003227246753667999,-0.0005141363937479729
wf2022,H01,20220523,-0.00024055556176449944,-0.002149276511584113,0.0017652565935774582
wf2022,H01,20220524,0.00338857611758632,0.003660608049016267,-0.0003201642569845431
wf2022,H01,20220525,0.0006783358542023759,-7.88581331253786e-05,0.0006551364249421663
wf2022,H01,20220526,6.971056048329797e-05,8.423477793604483e-05,-1.1591709986413097e-05
wf2022,H01,20220527,0.000335592656721187,0.0005916885259067149,-0.00021519811199527438
wf2022,H01,20220530,0.0028895385494752193,0.0029609077064090697,-0.0001145741691299833
wf2022,H01,20220531,-0.0016177676224316466,-0.0015010231250980118,-8.504331663295925e-05
wf2022,H01,20220601,0.0020456907608768643,0.002358863362634659,-0.0003278835308145597
wf2022,H01,20220602,0.0004097405707196265,0.0019400355321655119,-0.0016052748974760688
wf2022,H01,20220606,0.001807485891056333,0.001351278340599809,0.00038504551821205176
wf2022,H01,20220607,0.0021462287158596403,0.0017441448997464264,0.0003522778814700732
wf2022,H01,20220608,0.001432060534413214,-4.871615095024248e-05,0.0013902032667442953
wf2022,H01,20220609,-0.0016227621273424819,-0.000700755095854829,-0.0009648286204835899
wf2022,H01,20220610,-0.0014349037029309872,3.309181535893073e-05,-0.0014440060234691043
wf2022,H01,20220613,6.981028177114462e-05,-0.0011965503312971932,0.0012089010827306722
wf2022,H01,20220614,0.004085843260829292,0.002624657128794112,0.0014197469960467327
wf2022,H01,20220615,0.00027350247604219363,0.0020175078142314583,-0.001786867268840463
wf2022,H01,20220616,-0.0008407538754714497,-0.000207457359038159,-0.0006448716189488967
wf2022,H01,20220617,-0.00015760315876712366,0.0007046903514336459,-0.000866027341358241
wf2022,H01,20220620,0.0014279297314449837,0.0006301732422097307,0.000926002265281006
wf2022,H01,20220621,0.0012685994200538828,0.0013309245354190826,-8.64292025978855e-05
wf2022,H01,20220622,-0.002113063962888923,-0.0013803705812809601,-0.0007099049527218935
wf2022,H01,20220623,0.0005898168405925174,0.0014015551450497529,-0.0008303497420226041
wf2022,H01,20220624,-0.0008005824933446362,9.816859366137243e-05,-0.0008684674875775617
wf2022,H01,20220627,-0.00042200987620353084,-0.0007971370091410454,0.0002919056243258618
wf2022,H01,20220628,0.005281489721404263,0.0034809997170984993,0.0017109757071408663
wf2022,H01,20220629,0.001094999910597333,0.0015744006110912727,-0.0004904391612898144
wf2022,H01,20220630,0.0016599549155582355,0.001543644457606361,0.00011903450606154918
wf2022,H01,20220701,0.001970881310674376,0.0021216305787843206,-0.0002709152469631083
wf2022,H01,20220704,-0.00023063370246158982,-0.0007913623856416858,0.0004981840258393527
wf2022,H01,20220705,0.0007245717758002646,0.0008642962802829418,-0.00017330120265736162
wf2022,H01,20220706,-0.0023560373548712366,-0.0017852146350571475,-0.00061595191631987
wf2022,H01,20220707,0.002888357169968152,0.0022003499890383207,0.000582773873487325
wf2022,H01,20220708,-0.0006001200429187666,-0.0013859200217494756,0.0007370917135156578
wf2022,H01,20220711,0.0004372505218034825,-0.0007108758430894747,0.0012588921183864493
wf2022,H01,20220712,-0.0003908683417762262,-0.0001114506169016653,-0.0003490288794358318
wf2022,H01,20220713,0.0006664891402332019,0.0017518907662888636,-0.0009433136633248528
wf2022,H01,20220714,0.0012251097984990328,0.001660612237470972,-0.0002608096392794372
wf2022,H01,20220715,-0.00013975881669286636,-0.0002502650009867771,2.927482599898322e-05
wf2022,H01,20220718,-0.0008180165281885862,-0.00047837715924867543,-0.0004001913215241561
wf2022,H01,20220719,-0.0012603534634101701,-0.000631455299646669,-0.0005839553921240309
wf2022,H01,20220720,-0.00035636899579290053,-0.0005832217364701397,0.0002501909482178624
wf2022,H01,20220721,0.0007009090460597253,0.00029087122332662905,0.0003723737717499562
wf2022,H01,20220722,0.0037939011575973377,0.0030832169401743695,0.0007575416528161555
wf2022,H01,20220725,-0.0008560917579446947,-0.00020471849735812037,-0.00072298635001434
wf2022,H01,20220726,-0.0010478316981345215,-0.00023346380526947558,-0.0008323111069304679
wf2022,H01,20220727,0.0012403332294552115,0.0013478666391854397,-0.00016088144621234483
wf2022,H01,20220728,-0.002252335781554052,-0.0020676825285232156,-0.00010101263414951178
wf2022,H01,20220729,0.0020655892910758315,0.002688355997768512,-0.000563917313877353
wf2022,H01,20220801,0.0013240553221555498,0.0002239477476164561,0.0010428582516730344
wf2022,H01,20220802,0.0014299999591869178,0.0016912225465892726,-0.0002654380255312367
wf2022,H01,20220803,0.000980442394513236,0.001162958581677423,-0.00016185705277858606
wf2022,H01,20220804,0.0027376282297421773,0.0021545407613879296,0.0005684033257394043
wf2022,H01,20220805,-0.0019540465780331813,-0.0008140458581185483,-0.0011728875119329221
wf2022,H01,20220808,-0.00026468550759712684,0.0002636522562449456,-0.0005229951783692517
wf2022,H01,20220809,-0.0018066007373935067,-0.0013891224470460567,-0.0004776171679544194
wf2022,H01,20220810,0.002667568470314118,0.002173383453060747,0.0005136492624263439
wf2022,H01,20220811,0.0009619999877265315,-0.00011291406707378854,0.0010516322974162134
wf2022,H01,20220812,-0.00014161148656752914,0.0010362610300565834,-0.0012200649395849002
wf2022,H01,20220815,-0.0011713729606565183,-0.00035759535946180396,-0.0008279927123122526
wf2022,H01,20220816,-0.00040956792677079726,-0.0006315882007405082,0.0002545855355837625
wf2022,H01,20220817,-0.0017851724342001641,-0.0006099078718569029,-0.001173718734548373
wf2022,H01,20220818,0.0020490292400400633,0.00031929444076449307,0.0017172593425453324
wf2022,H01,20220819,0.002282423667083435,0.0019047462193553073,0.00037581874023194284
wf2022,H01,20220822,-0.0005759634125498589,-3.2295978535109565e-05,-0.0005366819632317036
wf2022,H01,20220823,0.004115592468730209,0.002038588078267754,0.002077905918747009
wf2022,H01,20220824,0.001975302300868728,0.0011832133795730319,0.0007958885937955876
wf2022,H01,20220825,-3.056677724547815e-05,-0.00047080097162729344,0.0004402341943818166
wf2022,H01,20220826,0.00018500774955309152,0.0002476598969825456,-6.265214742945509e-05
wf2022,H01,20220829,0.0017173394322617774,0.0006502543259031068,0.0010670851063586692
wf2022,H01,20220830,0.003265467655974654,0.0016677684442215884,0.001597699211753064
wf2022,H01,20220831,0.002538278834622294,0.0022130365981873727,0.00032524223643492096
wf2022,H01,20220901,-0.0011658108279169483,-0.0005323901424801017,-0.0006334206854368448
wf2022,H01,20220902,-0.0016537263398327601,-0.002038195842843948,0.00038446950301118866
wf2022,H01,20220905,-0.0019903640531838684,-0.0014512364902702784,-0.0005391275629135893
wf2022,H01,20220906,-0.00011485527640046856,0.0006546102253320391,-0.0007694655017325068
wf2022,H01,20220907,-7.040448715718746e-05,-0.0009642192776161394,0.0008938147904589504
wf2022,H01,20220908,0.0020684994812446354,0.0015935915729046247,0.0004749079083400112
wf2022,H01,20220909,-0.000665121436894211,-0.0005262952941432141,-0.00013882614275099659
wf2022,H01,20220913,0.001510486966808059,0.0011200071353486963,0.00039047983145936333
wf2022,H01,20220914,0.0021700356256584286,0.0005459038639780072,0.0016241317616804262
wf2022,H01,20220915,0.002134707117177323,0.002162500781063541,-2.779366388621774e-05
wf2022,H01,20220916,0.0016657668072424525,0.0014857957423133868,0.0001799710649290669
wf2022,H01,20220919,-0.0015437823327786315,-0.0009547953035984552,-0.0005889870291801754
wf2022,H01,20220920,-0.0004686712945545994,-0.0009624539901700828,0.0004937826956154842
wf2022,H01,20220921,-0.00033271229707943287,-9.932057962494395e-06,-0.0003227802391169375
wf2022,H01,20220922,0.0009335807117438547,-0.0004393896963425016,0.0013729704080863577
wf2022,H01,20220923,0.0006080970377147707,0.001071723202045985,-0.0004636261643312127
wf2022,H01,20220926,0.002857759220716953,0.0029854764772490675,-0.00012771725653211414
wf2022,H01,20220927,-0.0009299564376873057,-0.0026077277688632224,0.001677771331175917
wf2022,H01,20220928,0.0034879908227792387,0.0036594089937147718,-0.0001714181709355331
wf2022,H01,20220929,0.0015701134802201082,1.7408359137226963e-05,0.0015527051210828839
wf2022,H01,20220930,-0.0004370527980368452,-0.0011714443909081394,0.0007343915928712938
wf2022,H01,20221010,-0.0013425820043025576,-0.0008399564306632052,-0.0005026255736393533
wf2022,H01,20221011,0.001083211736556254,0.0022725674731991076,-0.001189355736642849
wf2022,H01,20221012,0.0013846999825263342,0.001703914808694275,-0.00031921482616793995
wf2022,H01,20221013,0.0028696401282719483,0.003491827728021285,-0.0006221875997493321
wf2022,H01,20221014,0.0014432426536551326,0.0017187834041667122,-0.00027554075051157824
wf2022,H01,20221017,-0.00034114271953453266,0.00030380941107428956,-0.000644952130608822
wf2022,H01,20221018,-0.0010776241326800936,-0.0009296202752126644,-0.00014800385746742943
wf2022,H01,20221019,0.0007953551584297786,0.0003569281636642274,0.0004384269947655505
wf2022,H01,20221020,-0.0010831198693348077,-0.0010634766673599287,-1.9643201974878765e-05
wf2022,H01,20221021,0.0008668372125891447,0.0014629165856888892,-0.0005960793730997464
wf2022,H01,20221024,-0.0009456305841842112,-0.0007213020498734641,-0.00022432853431074667
wf2022,H01,20221025,0.0016498515097441227,0.002153252640009571,-0.0005034011302654472
wf2022,H01,20221026,0.0012618778298624654,8.827771477871026e-05,0.0011736001150837554
wf2022,H01,20221027,0.0018870241455643255,0.0009797127799943174,0.0009073113655700027
wf2022,H01,20221028,0.0026791784844290636,0.0032430294611104087,-0.000563850976681346
wf2022,H01,20221031,0.002302861277041445,0.0026761935365644954,-0.000373332259523049
wf2022,H01,20221101,0.0012560446115712325,0.001817039903385032,-0.0005609952918138007
wf2022,H01,20221102,-0.0006768277384628283,-5.3973490963385405e-05,-0.0005752354039551159
wf2022,H01,20221103,0.0013412369890504483,0.0019800878669740452,-0.0006388508779235966
wf2022,H01,20221104,-0.0007690671504766069,-0.0008166757073023285,4.9925822265097917e-05
wf2022,H01,20221107,-0.0004120976641728792,-0.0007247377625250298,0.0003197650393280151
wf2022,H01,20221108,-2.8675709025811295e-05,-0.00015041277194505605,0.0001176165733183331
wf2022,H01,20221109,0.0008230021771281019,-0.00036302334465177134,0.0011957248904789306
wf2022,H01,20221110,0.0005273364276979923,-0.0002265852719447983,0.0007555237950807388
wf2022,H01,20221111,-0.0002941923985105067,-0.0012473403884055807,0.0009591590214818965
wf2022,H01,20221114,0.0012443920607757251,0.0024050829317952215,-0.0011621586584402844
wf2022,H01,20221115,-0.0012043185173837394,-0.001302179267750551,0.00011194831524700869
wf2022,H01,20221116,0.001166530058720582,0.000878393921439216,0.0003008535017826491
wf2022,H01,20221117,0.00028892249070093176,-6.25903508977018e-05,0.00035316589070955593
wf2022,H01,20221118,-0.0002951615918604599,0.000733085632577062,-0.001019893571611987
wf2022,H01,20221121,0.0004387280011609804,-0.0012561864710921166,0.0017185335143938194
wf2022,H01,20221122,0.00022922731707820596,-0.0004616158893700914,0.0006715256016861727
wf2022,H01,20221123,0.000277679955118763,0.0008692040513375198,-0.0005751624444631867
wf2022,H01,20221124,-0.0007457779219992812,-0.0022000175394853226,0.0014632070455183853
wf2022,H01,20221125,-0.0012633475039179544,-0.0010896812826830698,-0.00018480208764190518
wf2022,H01,20221128,0.0004081725630181686,0.0001121091859267962,0.0002870189384786833
wf2022,H01,20221129,-0.0009823815067564984,-0.0008716807499973358,-0.00012145193880630376
wf2022,H01,20221130,0.0020079780544746684,0.002506541072439019,-0.00048191821900161753
wf2022,H01,20221201,-0.0006779045293877949,-0.0005937701314239177,-8.554225615970837e-05
wf2022,H01,20221202,0.00031086976789550073,-0.0007678736176377453,0.0010824937554516016
wf2022,H01,20221205,0.0015304772997515974,0.0013155681455308094,0.00022906050942237817
wf2022,H01,20221206,0.0018972269543089115,0.002182991853184508,-0.000282575297858557
wf2022,H01,20221207,0.0005903842520049826,0.0003933960699059146,0.00019439735602579334
wf2022,H01,20221208,0.001326799470845541,0.0013423929986241328,-2.4785449795605046e-05
wf2022,H01,20221209,0.0009802938320592324,0.0014736089186125408,-0.0004981321432537782
wf2022,H01,20221212,0.002114899201619526,0.0013196630243158148,0.0007935305037439334
wf2022,H01,20221213,-0.000254349402947249,-0.00042630926310011595,0.00016150244846985384
wf2022,H01,20221214,-0.0009249034163907959,-0.0004140717767631689,-0.0005108316396276271
wf2022,H01,20221215,0.0007762248307751959,0.0002045747426844602,0.0005716500880907336
wf2022,H01,20221216,0.0009935446271008182,0.0011934411752971537,-0.00019989654819633666
wf2022,H01,20221219,0.0003981469878331489,0.00015656845420515227,0.0002415785336279959
wf2022,H01,20221220,0.00010831223114347432,-0.00016890944524034716,0.0002772216763838213
wf2022,H01,20221221,0.0015050714810267256,0.0014229949065241688,8.207657450255617e-05
wf2022,H01,20221222,-0.00044596510335303445,-0.0005236774853265965,7.771238197356194e-05
wf2022,H01,20221223,-8.877756312360152e-05,0.0007566201622494234,-0.0008453977253730228
wf2022,H01,20221226,0.0011748499872590024,0.0006329482263991213,0.0005419017608598818
wf2022,H01,20221227,-8.051181805220423e-06,-0.00021653180182764885,0.00020848062002242672
wf2022,H01,20221228,7.22698833340342e-05,0.00013922627508659283,-6.69563917525587e-05
wf2022,H01,20221229,-0.00048213936567332964,-0.0007710761498065345,0.00028893678413320547
wf2022,H01,20221230,0.0008700058719599557,0.0014600977443090823,-0.0005900918723491279
wf2022,LH019,20220104,0.009612812390892688,0.002130705941488209,0.005099990893689984
wf2022,LH019,20220105,-0.0010914416514461612,0.0011816867958863112,-0.001995417468973845
wf2022,LH019,20220106,0.009714737459974263,0.001558294112221312,0.005512954347937249
wf2022,LH019,20220107,0.001365971488340131,-7.020171745558548e-05,0.0012813107138578217
wf2022,LH019,20220110,0.004532391541728718,0.00013164206741159834,0.003635498498963995
wf2022,LH019,20220111,-0.007005691461947319,-0.0017772669459329234,-0.005198763397456322
wf2022,LH019,20220112,0.00652015712854714,0.0009997482296014984,0.005509606576870616
wf2022,LH019,20220113,-0.005021869593321744,0.0013874371257818691,-0.006408180672983459
wf2022,LH019,20220114,-0.0009377265929469414,0.0016725976963417237,-0.0026823615054104434
wf2022,LH019,20220117,0.003610768538344293,-0.000313423547247082,0.0026944877667153737
wf2022,LH019,20220118,0.005038202782396345,-0.00012005731205940946,0.0050958425352779745
wf2022,LH019,20220119,0.006686002658908525,-0.0015189239961055534,0.008068313299534004
wf2022,LH019,20220120,0.002422585396708917,-0.000522462301169121,0.002659631376853114
wf2022,LH019,20220121,-0.0047635732274823005,-0.00032815587164913043,-0.0045737027548958045
wf2022,LH019,20220124,0.002175853054232381,-0.0018646541478790685,0.004106684248566444
wf2022,LH019,20220125,0.0007565268166839483,-2.4505412113046457e-06,0.0006368788935138222
wf2022,LH019,20220126,0.007183606906507049,0.0012597129135128297,0.005761277919325036
wf2022,LH019,20220127,0.0008650976702120148,0.0012791690716411552,-0.0005162573556411457
wf2022,LH019,20220128,0.001632356808601347,-0.000653179670319756,0.0024088207083591768
wf2022,LH019,20220207,0.005542516362601745,0.001573418132976273,0.003937736502331049
wf2022,LH019,20220208,-0.003909533054099601,0.001181331814977288,-0.005025145281215943
wf2022,LH019,20220209,0.004738159546963784,-0.00030295915217071467,0.0045155739474829456
wf2022,LH019,20220210,0.004588138372677481,-0.0015569024003766398,0.005833583510060069
wf2022,LH019,20220211,-0.0012969264236422167,0.0017210462709149332,-0.0030931257727726136
wf2022,LH019,20220214,-0.0037749042548115364,-0.00023333092542204256,-0.003561358535903351
wf2022,LH019,20220215,-0.0009129140790650071,0.0005800157077238816,-0.001237260865037559
wf2022,LH019,20220216,-0.0011042225913208146,-0.0007259720100176149,-0.0003700243479926298
wf2022,LH019,20220217,0.0038881605895136114,0.002854056956288018,0.0010038329065862673
wf2022,LH019,20220218,-0.0014570152099563048,0.0026540161125016438,-0.004224823644751402
wf2022,LH019,20220221,0.0006620592848766947,-0.0010797754829865024,0.0015339322248828693
wf2022,LH019,20220222,-0.005187542248677466,0.0003896765329947414,-0.005588607584344511
wf2022,LH019,20220223,0.001114780533010569,-0.0021446896988121713,0.003101475712155635
wf2022,LH019,20220224,0.001788141313551558,0.003113031442559989,-0.001266908390045084
wf2022,LH019,20220225,0.001649409619543948,0.0024091392282971544,-0.0007796972298037903
wf2022,LH019,20220228,-0.0005808809614927055,0.0003704255774001537,-0.0008734193943824062
wf2022,LH019,20220301,0.0014114235746853377,0.001382285672533883,5.983455570536978e-05
wf2022,LH019,20220302,0.005517856641507346,-0.00028415156233720356,0.005990647433414977
wf2022,LH019,20220303,0.002453104980398772,0.0011655495650533983,0.0014333004184006576
wf2022,LH019,20220304,-0.0007146336715019158,-1.2064071403933329e-05,-0.0006172967986033794
wf2022,LH019,20220307,0.0034056851042929444,0.0013897180672603772,0.0019267067130379653
wf2022,LH019,20220308,-0.0046933872922093455,-0.00010045487975698567,-0.004557389199414001
wf2022,LH019,20220309,-0.0009760561844746191,0.0014224419173104299,-0.0024623239900381936
wf2022,LH019,20220310,0.004829439079444844,0.0026146207998909853,0.002026567396087582
wf2022,LH019,20220311,0.0036521715751704695,0.0003846671651399254,0.00316118619465468
wf2022,LH019,20220314,-0.004644771255024563,-0.002564069423701137,-0.0021070581918898636
wf2022,LH019,20220315,-0.0041007391472821855,-0.0016931416692010479,-0.0023986477069090815
wf2022,LH019,20220316,-0.003651352521197245,0.0002003078976985581,-0.003886499855341934
wf2022,LH019,20220317,0.0007136094995286533,-0.000584466095099123,0.001252586496281016
wf2022,LH019,20220318,-0.004201843918972582,-0.0004612974128799119,-0.0036760060755773676
wf2022,LH019,20220321,0.003757737596791376,-0.00033724394295071283,0.0039804023486509355
wf2022,LH019,20220322,0.0010122656133504321,0.0007687288813979434,0.000133996966552128
wf2022,LH019,20220323,0.0015334602601900296,0.00026759942448874687,0.0013042994988202374
wf2022,LH019,20220324,0.0023887414785893953,-0.0006180483649616041,0.002921114758608306
wf2022,LH019,20220325,0.0030866391625676403,0.000696120201766221,0.0021898627366481464
wf2022,LH019,20220328,1.7257681847921563e-05,-0.0003679505306337128,0.00021900655804803023
wf2022,LH019,20220329,0.0017211950917090935,0.002194315535675729,-0.0006078840850194344
wf2022,LH019,20220330,0.002809857714774567,-0.00035612373751173524,0.0029889949387518905
wf2022,LH019,20220331,0.00533308639714459,0.0012639458293423847,0.0039292196430709865
wf2022,LH019,20220401,0.0015525016441002432,1.894171753662548e-05,0.0015078595187375103
wf2022,LH019,20220406,0.0023299837737759885,-0.0002488145040538145,0.0027709830810151727
wf2022,LH019,20220407,0.0018477907893683114,-0.0014047556553908778,0.0029839705432057745
wf2022,LH019,20220408,0.0005836379442921563,-0.0024452708916194465,0.002786950645589175
wf2022,LH019,20220411,0.0021105099097929597,0.0008295811192130717,0.0012314794253008288
wf2022,LH019,20220412,0.0029746892049517526,-0.0023194089781568747,0.005300892005771482
wf2022,LH019,20220413,-0.000567763775174257,6.464372932835346e-05,-0.0007290938490975605
wf2022,LH019,20220414,0.005859478723144768,0.002110893032327849,0.003710107012841549
wf2022,LH019,20220415,0.0009497172175981687,0.0014173103958808756,-0.0004423280208575506
wf2022,LH019,20220418,-0.0007167477084586557,-0.0011136596135710552,0.0003964586743547912
wf2022,LH019,20220419,0.001531764635001322,-0.0010933313823186497,0.0026707588872081395
wf2022,LH019,20220420,0.003591005220171632,-0.0006839521995031958,0.0044431849955166225
wf2022,LH019,20220421,0.003938117215228635,0.0007845350626685943,0.003598508217560317
wf2022,LH019,20220422,0.002121887205561654,-0.0014365379548737492,0.0034793225681500027
wf2022,LH019,20220425,0.0033556803445357816,0.0030131016355241648,0.0001104300078544035
wf2022,LH019,20220426,0.0029071515603659344,0.006395817919794892,-0.0035041390646725515
wf2022,LH019,20220427,0.002172569481908415,-0.0006940161534368014,0.0028399821301452505
wf2022,LH019,20220428,0.0008085126732956943,0.003543333482802983,-0.002764454910060888
wf2022,LH019,20220429,-0.0016083422643111689,0.0008579243151595688,-0.0022828030481778904
wf2022,LH019,20220505,-0.0007842227996987632,0.0004412568669359686,-0.0009958567591619029
wf2022,LH019,20220506,-0.0005540278172158838,0.0010707509474996708,-0.001446340899389671
wf2022,LH019,20220509,-0.000772221099457876,0.001812007869058776,-0.0025014789627225073
wf2022,LH019,20220510,0.0031838053336774906,0.004298369040162529,-0.001194588944941798
wf2022,LH019,20220511,-0.00045602570753029963,-9.421124977081733e-05,-0.0005189973148296235
wf2022,LH019,20220512,-0.000879182985918471,-0.0018629947257307051,0.0007957312466780055
wf2022,LH019,20220513,-0.0034385268070112286,-0.0028078139677900965,-0.0007066617739977603
wf2022,LH019,20220516,0.001573924721593144,0.001051509285853104,0.00036635671601280056
wf2022,LH019,20220517,9.51872586636305e-05,0.00052748855957503,-0.000451381535718619
wf2022,LH019,20220518,-0.0010934615114277582,0.00031359670051472996,-0.0013909057678736126
wf2022,LH019,20220519,0.003062620153214079,0.002149540675705274,0.0008287098791583652
wf2022,LH019,20220520,-0.0003087345792105508,0.0006785942918392743,-0.0010651517354969215
wf2022,LH019,20220523,0.0036805678810279477,-0.0012429485527630662,0.004780052077548849
wf2022,LH019,20220524,0.0006565464636843661,0.001393421043598715,-0.0007850069054689435
wf2022,LH019,20220525,0.003406877284133518,0.0009612912588301154,0.0023435284629178144
wf2022,LH019,20220526,-0.002694087905339613,-0.0024346363960295737,-0.0002565190018437058
wf2022,LH019,20220527,0.0005632361351734505,8.940188527068215e-05,0.000514732007093023
wf2022,LH019,20220530,0.004559239107971624,0.0036751990344411596,0.0008408350613343284
wf2022,LH019,20220531,0.0015316132509447843,0.0011779562715002298,0.0003853581601452299
wf2022,LH019,20220601,0.0026393410685263755,0.002169921861061472,0.0004547082784081383
wf2022,LH019,20220602,-0.0011817718205409996,0.002255891778692878,-0.003512643535264058
wf2022,LH019,20220606,0.0008325598452054604,0.0005583007068982215,0.00020309710606276692
wf2022,LH019,20220607,0.0010265606743418705,-6.364168170746367e-05,0.0010403964214061939
wf2022,LH019,20220608,0.0011964875713602018,-0.002333532404250431,0.003439446556991472
wf2022,LH019,20220609,-0.001686844139121596,0.00010255334686662847,-0.0018322190749841582
wf2022,LH019,20220610,-0.0015011189846772346,0.0016440518196681824,-0.003121181309524605
wf2022,LH019,20220613,0.0020723600162034905,-0.0009344436189765459,0.002949344104842372
wf2022,LH019,20220614,0.007238940118184781,0.0034207060630004967,0.003776794919195835
wf2022,LH019,20220615,-0.0031929064408459497,0.0009340921382014438,-0.004169860509698591
wf2022,LH019,20220616,-0.00034358311535126213,0.0008752561736904056,-0.0012304143915572749
wf2022,LH019,20220617,-0.0013252588277218782,0.00022961003588100234,-0.0015586026947603526
wf2022,LH019,20220620,0.00345511025905273,0.0006953730025159487,0.0028879830325825337
wf2022,LH019,20220621,-0.0013844070334768626,-0.0006967456065735178,-0.0007117655141360328
wf2022,LH019,20220622,-0.0011021785701498116,0.0004989373707693961,-0.0015783275120331373
wf2022,LH019,20220623,-0.001363167678240143,0.00014205921276263262,-0.0015238383285681458
wf2022,LH019,20220624,-0.002027436778916489,0.0002551641477481336,-0.0022523173272361767
wf2022,LH019,20220627,0.002642017426034992,0.0008668735920632092,0.001691922325360133
wf2022,LH019,20220628,0.006488894550010707,0.0016623161691705053,0.004737064083675306
wf2022,LH019,20220629,-0.0007809238837416946,0.0004045203102020442,-0.0011964826547396145
wf2022,LH019,20220630,0.001585458553243797,0.0009123105295078425,0.0006758720718456296
wf2022,LH019,20220701,0.00023474640680897461,0.0005728891963146332,-0.0004583087683588212
wf2022,LH019,20220704,0.0009567046671847077,-0.0006889608934758139,0.001583120903319779
wf2022,LH019,20220705,0.0002693454791048537,0.0008456195277255684,-0.0006098507467953999
wf2022,LH019,20220706,-0.0006721352997389072,0.0013161847909479022,-0.0020334492871925906
wf2022,LH019,20220707,0.0018640270886749427,-0.00040557225148669766,0.0021643660327191334
wf2022,LH019,20220708,-0.000500438196610534,-0.0023423414663550127,0.0017931950044294271
wf2022,LH019,20220711,0.0014501032273827891,-0.0019342453698605751,0.003495114350736858
wf2022,LH019,20220712,-0.0030137554993183227,-0.00163045840772819,-0.0014529082461514017
wf2022,LH019,20220713,-0.0012096594657329462,0.003036373350700834,-0.004103944853702972
wf2022,LH019,20220714,-0.0013390678361306606,0.0006029164721985633,-0.001767291508636721
wf2022,LH019,20220715,0.00024448013942890423,0.0006831829992017614,-0.0005199342180677863
wf2022,LH019,20220718,-0.0007144005461372817,-0.0002721059282752169,-0.0005028465704463119
wf2022,LH019,20220719,0.0013108820357471043,0.0020565460375062735,-0.0007007212301196995
wf2022,LH019,20220720,0.0015278983784666137,0.001233965813593488,0.0003172707724137503
wf2022,LH019,20220721,0.0006204716174685173,-0.0003750812266167281,0.0009578887931021051
wf2022,LH019,20220722,0.0014973657358961596,-0.0013713561756510525,0.0029155793469404
wf2022,LH019,20220725,-0.0029086001208146767,-0.000289670744394264,-0.00269054246584818
wf2022,LH019,20220726,-0.00258727301750056,0.00044133997662404467,-0.003046556208190029
wf2022,LH019,20220727,0.0004352733095132136,0.0009437830999274381,-0.0005618578268963414
wf2022,LH019,20220728,-0.001683375805225748,-0.0011138867837011774,0.00029947433707744797
wf2022,LH019,20220729,0.0016857824556898117,0.0036725034983824535,-0.0019278716498773126
wf2022,LH019,20220801,0.00563050624100675,0.002137096730963525,0.003436160187177169
wf2022,LH019,20220802,0.0043942830376478385,0.0029151495539592224,0.001474918045559736
wf2022,LH019,20220803,0.0006889887686047508,0.0011997895181745533,-0.0004901416151842
wf2022,LH019,20220804,0.007451163495395853,0.00409066829301443,0.0033458110597665847
wf2022,LH019,20220805,-0.005342955260675564,-0.0010419822853841951,-0.004333859767309659
wf2022,LH019,20220808,-0.0028745861070772327,-0.001005250575801462,-0.00186399294580295
wf2022,LH019,20220809,-0.001277947000194899,5.079282454901755e-05,-0.0013888787023508859
wf2022,LH019,20220810,0.004794324208190702,0.00241134870946569,0.002402439743897984
wf2022,LH019,20220811,0.000750873806338666,-0.002709478234564861,0.00343707028351942
wf2022,LH019,20220812,-0.00472107476810167,-0.0002315009925470743,-0.0045317661985153825
wf2022,LH019,20220815,-0.003858546998447501,-0.0011658297643730446,-0.0027069323451919956
wf2022,LH019,20220816,0.0004966270909376848,-0.0005345853228244902,0.0010637776753762266
wf2022,LH019,20220817,-0.0018773423232365234,0.0019938782442830145,-0.0038696747397246496
wf2022,LH019,20220818,0.003323097838401224,-0.0022680024304696567,0.005578624812140644
wf2022,LH019,20220819,-0.00028435044876828994,-0.001284489819651846,0.0009982806633873711
wf2022,LH019,20220822,-0.0017412253113621777,0.00020504116314203308,-0.001939281003721165
wf2022,LH019,20220823,0.0041925411861106765,-0.002922346423372517,0.007115789137767754
wf2022,LH019,20220824,0.004550795503211827,-0.0006474590445249141,0.005202054220236633
wf2022,LH019,20220825,0.0020439615311546298,4.2834390084245833e-07,0.0020435331872537886
wf2022,LH019,20220826,-0.0005684590133289988,-0.00034200666351858703,-0.0002264523498104127
wf2022,LH019,20220829,0.003569428026324816,-0.0008316128512127167,0.004401040877537531
wf2022,LH019,20220830,0.006228915819136725,-0.0010782768178888562,0.00730719263702558
wf2022,LH019,20220831,0.00030467501157443837,-0.0012013788525634124,0.0015060538641378496
wf2022,LH019,20220901,-0.0012963332214389212,0.0008934804941599557,-0.0021898137155988728
wf2022,LH019,20220902,-0.00021538769701160126,-0.0012918745152932462,0.001076486818281645
wf2022,LH019,20220905,-0.003947514746233017,-0.0008752276263802546,-0.003072287119852762
wf2022,LH019,20220906,-0.0029536294554744543,0.0010332608780249941,-0.003986890333499448
wf2022,LH019,20220907,0.0027392267362124417,-0.00014697653756294988,0.00288620327377539
wf2022,LH019,20220908,0.0032620702362497547,0.00032101073344571057,0.002941059502804045
wf2022,LH019,20220909,-0.0007495592890754887,-0.0005405455888561097,-0.00020901370021937903
wf2022,LH019,20220913,0.0007139246324616658,-0.0007327285490287684,0.001446653181490435
wf2022,LH019,20220914,0.00396283969486462,-0.0025931875300768143,0.006556027224941434
wf2022,LH019,20220915,0.000718229286031366,0.002175985549405946,-0.0014577562633745838
wf2022,LH019,20220916,0.0010437077550499562,0.001456085543467844,-0.00041237778841788915
wf2022,LH019,20220919,-0.00580729612428928,-0.0024158211549581182,-0.0033914749693311624
wf2022,LH019,20220920,0.0015121911971217785,-0.0002387522031749968,0.0017509434002967775
wf2022,LH019,20220921,-0.0008036927062441595,0.0012701401680712129,-0.002073832874315373
wf2022,LH019,20220922,0.004111250628322209,-0.00013200225219599563,0.004243252880518206
wf2022,LH019,20220923,-0.0035591525151227703,-0.0006185013075563007,-0.0029406512075664704
wf2022,LH019,20220926,0.001165540655521772,0.000625621039629739,0.0005399196158920319
wf2022,LH019,20220927,0.004822309189420507,-0.0003741003400663216,0.005196409529486829
wf2022,LH019,20220928,0.002216106998033627,0.0026514967673790836,-0.00043538976934545713
wf2022,LH019,20220929,0.004289612078324883,-0.00014407400165300163,0.004433686079977885
wf2022,LH019,20220930,0.002201840008828594,0.0003226594531137261,0.001879180555714869
wf2022,LH019,20221010,-0.002599257894447489,-0.0008477894369073563,-0.001751468457540133
wf2022,LH019,20221011,0.0006394412747999859,0.003636525892210079,-0.002997084617410096
wf2022,LH019,20221012,0.0007528348418521652,0.000979237539881117,-0.00022640269802895024
wf2022,LH019,20221013,0.0007928731942279943,0.0021591995058825465,-0.0013663263116545517
wf2022,LH019,20221014,0.0014018113450776862,0.0022716217946673247,-0.0008698104495896363
wf2022,LH019,20221017,-0.0027860913759664343,-0.0014403369606737998,-0.0013457544152926345
wf2022,LH019,20221018,0.0003534575322272169,0.0007547755683993308,-0.000401318036172115
wf2022,LH019,20221019,0.0030093509833848064,0.0018561045951826448,0.0011532463882021607
wf2022,LH019,20221020,0.00031897004358745175,0.0002861214252244173,3.28486183630345e-05
wf2022,LH019,20221021,0.0011834518661601838,0.0030840213747386942,-0.0019005695085785135
wf2022,LH019,20221024,-0.0015693949412958264,-0.000844645955206095,-0.0007247489860897315
wf2022,LH019,20221025,0.0009487092574093255,0.0018039241285926885,-0.0008552148711833589
wf2022,LH019,20221026,0.005881326965125167,0.0022580441602741983,0.003623282804850969
wf2022,LH019,20221027,0.0028966206568098937,0.0009336899482265743,0.001962930708583314
wf2022,LH019,20221028,0.0035161433973317415,0.004677433425166403,-0.001161290027834661
wf2022,LH019,20221031,-0.0014653222173771872,-0.0004239898188886774,-0.0010413323984885124
wf2022,LH019,20221101,-0.0008382381816609413,0.0009307781324206189,-0.001769016314081562
wf2022,LH019,20221102,-0.0014389025128700066,0.0002403820766072271,-0.0016316657459329066
wf2022,LH019,20221103,-0.0012255912450994944,0.0004591537988141358,-0.0016847450439136272
wf2022,LH019,20221104,-0.001853221979814663,-0.002209024201545391,0.0003581194871701039
wf2022,LH019,20221107,-0.0006324517536786379,-0.0013790765795089104,0.0007537497668061373
wf2022,LH019,20221108,-0.0014026103379133413,-0.0016164432759217852,0.00020971244840753227
wf2022,LH019,20221109,0.0012730476557336065,-0.0017590585471939063,0.0030418055716265697
wf2022,LH019,20221110,0.004326434415783544,0.0023297622775631825,0.0019982742336583114
wf2022,LH019,20221111,0.0009001680156225276,-0.001834399111294361,0.002740578158503711
wf2022,LH019,20221114,0.0005408273274587691,0.0032459103090093366,-0.0027065507689713547
wf2022,LH019,20221115,0.0011778162280438815,0.00017622560335341266,0.0010156781895706655
wf2022,LH019,20221116,0.0017367605263051578,0.0007250854135579125,0.0010243924772485274
wf2022,LH019,20221117,0.002150978630999067,0.001344701829642749,0.0008079298504672389
wf2022,LH019,20221118,-0.0030183845056477882,-8.759566224493062e-06,-0.003001271286597761
wf2022,LH019,20221121,0.004797387532096635,9.607355954555224e-05,0.004724933014691805
wf2022,LH019,20221122,-1.8739667613310376e-05,-0.001363530058585114,0.00132547278620968
wf2022,LH019,20221123,-0.0016278864548054076,0.00025685389234766107,-0.0018683786953974982
wf2022,LH019,20221124,0.0032617946853037644,-0.0014404583560944939,0.004711220469430602
wf2022,LH019,20221125,-0.0028258875291007133,-0.002327402829718989,-0.0005096205657887437
wf2022,LH019,20221128,0.0005580895171891365,-0.0005164808108431624,0.0010655258894196127
wf2022,LH019,20221129,-0.0015083358237836621,-0.001116015098797978,-0.000403071907032825
wf2022,LH019,20221130,-9.532263358022746e-05,0.00146593271842237,-0.0015446105530398633
wf2022,LH019,20221201,-0.0003560369343180063,-3.8644475057047795e-05,-0.00031880031745679116
wf2022,LH019,20221202,0.0026732280578677225,-0.0010708421685202633,0.0037478205963063418
wf2022,LH019,20221205,0.0011970701857304269,0.0005323975169104703,0.0006788240240215469
wf2022,LH019,20221206,-0.0020017974096986422,-0.0010668855186589687,-0.0009317222900226347
wf2022,LH019,20221207,0.0002128282463551858,-0.0005526870092252175,0.0007629244295071269
wf2022,LH019,20221208,1.2673005144641378e-05,-2.292136808516873e-05,2.640245121279721e-05
wf2022,LH019,20221209,0.0008304772318131568,0.0030911419465297118,-0.0022654817714170246
wf2022,LH019,20221212,0.0009091785230824977,-0.002076687018406543,0.0029841598679292633
wf2022,LH019,20221213,0.00046163826731992173,4.7906378773466603e-05,0.00040327447686344366
wf2022,LH019,20221214,-0.0007920837145556818,0.0011252025296818952,-0.001917286244237577
wf2022,LH019,20221215,0.004378090415130699,0.002271120977840012,0.002106969437290686
wf2022,LH019,20221216,-0.0001265023146018035,0.0008200568624716748,-0.0009465591770734784
wf2022,LH019,20221219,0.00013930281013125722,-0.0014408186595825173,0.0015801214697137745
wf2022,LH019,20221220,0.0010589057439087547,-5.4445404944867865e-05,0.0011133511488536235
wf2022,LH019,20221221,0.00207745383868658,0.0016084673142368463,0.00046898652444973436
wf2022,LH019,20221222,0.0007416387307565262,0.000171764441867721,0.0005698742888888056
wf2022,LH019,20221223,-0.003038454055578092,0.00018441258086181956,-0.00322286663643991
wf2022,LH019,20221226,0.0009869640986046044,-0.000820254123831737,0.001807218222436342
wf2022,LH019,20221227,0.000980952773132638,-8.973925028222545e-05,0.001070692023414862
wf2022,LH019,20221228,0.0027005183042421613,0.0032990071016786218,-0.0005984887974364602
wf2022,LH019,20221229,-0.0005557546134103723,-0.0017750154165262883,0.0012192608031159147
wf2022,LH019,20221230,-0.0027283580829221762,0.0005215565041318254,-0.0032499145870540013
wf2022,TS_K10,20220104,0.009528582466541468,0.002092509656311938,0.0050539572545150345
wf2022,TS_K10,20220105,-0.0014475813608837863,0.0008169290077029284,-0.0019867993902280877
wf2022,TS_K10,20220106,0.009970800327550221,0.0019465519487652286,0.007098720697518045
wf2022,TS_K10,20220107,0.001362747476288246,-1.5867646029946053e-05,0.0012237526303802992
wf2022,TS_K10,20220110,0.004736990374756096,0.00048342305727352465,0.0030812365728768954
wf2022,TS_K10,20220111,-0.00689808076776181,-0.0018998530413571822,-0.004968566607846553
wf2022,TS_K10,20220112,0.006057175653153049,0.0006255368950049494,0.0054208364360730735
wf2022,TS_K10,20220113,-0.004032951528005075,0.0017682862623553592,-0.005800111744240282
wf2022,TS_K10,20220114,-0.0010594781137066647,0.0013173709494164972,-0.0024488862792449383
wf2022,TS_K10,20220117,0.004235598570216933,0.0006564439869597195,0.003638125238387368
wf2022,TS_K10,20220118,0.0029349236104809296,-0.001636112104419956,0.004508618155723108
wf2022,TS_K10,20220119,0.0064331401733862675,-0.0010942462067987547,0.007390773024704946
wf2022,TS_K10,20220120,0.0018559168041806968,-0.0005196566917108961,0.0020901571748666668
wf2022,TS_K10,20220121,-0.002461882142070534,0.0013588566685673658,-0.003959024209700535
wf2022,TS_K10,20220124,0.002219154838804173,-0.0015454104218207813,0.0038307423070799563
wf2022,TS_K10,20220125,0.0010318842656669444,0.0004699533734410155,0.0004398324278444975
wf2022,TS_K10,20220126,0.00727303833864475,0.001908478323553926,0.00520194394142164
wf2022,TS_K10,20220127,-0.00015329808383701335,0.0003513852839290111,-0.0006068693219780289
wf2022,TS_K10,20220128,0.0019643750512080282,-2.897623677869725e-05,0.0021166355174247996
wf2022,TS_K10,20220207,0.005145945725389706,0.001419911072912827,0.003694672925182462
wf2022,TS_K10,20220208,-0.003276927413161653,0.0013951396463194356,-0.004606347471620144
wf2022,TS_K10,20220209,0.0041002494432286285,-0.0006821789461246915,0.004797547475584804
wf2022,TS_K10,20220210,0.0036739357940266254,-0.0020424391670183194,0.005750735912591657
wf2022,TS_K10,20220211,-0.000926739081961139,0.0018216758816368868,-0.0028235680418134896
wf2022,TS_K10,20220214,-0.0028401945123860605,0.0004375564247664658,-0.003297536143666384
wf2022,TS_K10,20220215,-0.001392015670188311,5.1483683815545646e-05,-0.0011878304322525267
wf2022,TS_K10,20220216,-5.6126603526314954e-05,0.00033586688690172105,-0.00038376725711746526
wf2022,TS_K10,20220217,0.0033936375983761643,0.002472089488642013,0.0008912773830948229
wf2022,TS_K10,20220218,-0.0022259894090401675,0.0012851581623617224,-0.003624939893695345
wf2022,TS_K10,20220221,0.0011015868518473148,-0.00040682863467960946,0.0014463077762801777
wf2022,TS_K10,20220222,-0.003566012690791348,0.001594889993419849,-0.005172291486883501
wf2022,TS_K10,20220223,0.0024124241489355824,-0.0002993596269085209,0.0025537892561770005
wf2022,TS_K10,20220224,0.00275721487924668,0.003977424412709733,-0.0011622277944997041
wf2022,TS_K10,20220225,0.002486541530777563,0.0030702863230729713,-0.000603712413345993
wf2022,TS_K10,20220228,-0.001499844427900355,-0.0006540934898387143,-0.0007678637935511883
wf2022,TS_K10,20220301,0.0009397415202201855,0.0008555374959223331,0.00011490067785176704
wf2022,TS_K10,20220302,0.004998893596631232,-0.0002162671207563155,0.005403799946957975
wf2022,TS_K10,20220303,0.0032300633997985745,0.0021191726199274253,0.0012566357829264323
wf2022,TS_K10,20220304,-0.001337708232408457,-0.0009215195430329623,-0.00033091588788089466
wf2022,TS_K10,20220307,0.003197471451663294,0.0015388325656752186,0.0015693785619934756
wf2022,TS_K10,20220308,-0.004283615598103438,-0.0008828911202407128,-0.0033651812648243643
wf2022,TS_K10,20220309,0.000939869973656627,0.0028803026570884396,-0.002004258571684952
wf2022,TS_K10,20220310,0.003971578233168214,0.0020672109768965557,0.0017161163728053796
wf2022,TS_K10,20220311,0.003070717994373112,8.35446077738514e-05,0.0028808551712233986
wf2022,TS_K10,20220314,-0.0017806758959388463,-0.0007352346911321467,-0.0010717975653731326
wf2022,TS_K10,20220315,-0.0025822280575774764,-0.0005829320848662574,-0.0019903462015391725
wf2022,TS_K10,20220316,-0.0021911266558826727,0.001095993785757484,-0.0033219598780862875
wf2022,TS_K10,20220317,0.00042454302864394083,-0.0006040691514287635,0.0009831230817259448
wf2022,TS_K10,20220318,-0.004031880644516548,-0.0008160678774612649,-0.003151272336539979
wf2022,TS_K10,20220321,0.002897481503614311,-0.000802892615998642,0.0035857949285218
wf2022,TS_K10,20220322,0.0002577528749405137,0.00010477338424109975,4.343972529905328e-05
wf2022,TS_K10,20220323,0.0015556042370162022,0.0005262786279478598,0.0010677642721872984
wf2022,TS_K10,20220324,0.0006711558887079042,-0.0016827946794686812,0.002268275483233892
wf2022,TS_K10,20220325,0.00226265593991558,0.00015951268530864674,0.0019024870304536602
wf2022,TS_K10,20220328,0.0005604392508499496,0.00018230213248400306,0.00021193546393234055
wf2022,TS_K10,20220329,0.0009069351087391993,0.0012156790493215574,-0.0004435075816351541
wf2022,TS_K10,20220330,0.0011120027554002284,-0.001280880122871711,0.0022158963647375273
wf2022,TS_K10,20220331,0.005354886838002101,0.0017597744161209875,0.0034551914971498957
wf2022,TS_K10,20220401,0.00024300069498485108,-0.0009447039414194496,0.0011620042285781927
wf2022,TS_K10,20220406,0.0033390018650020017,0.001285666717315617,0.0022455199508717586
wf2022,TS_K10,20220407,0.002785845928832194,0.0001424544563419692,0.00237481557093681
wf2022,TS_K10,20220408,0.0003194879010500612,-0.002236528519491741,0.002314058230219379
wf2022,TS_K10,20220411,0.0023008786321510807,0.0015626343079860466,0.0006887949588859736
wf2022,TS_K10,20220412,0.002632710251626428,-0.001001024089223242,0.003640528163512524
wf2022,TS_K10,20220413,0.000349660065795631,0.0007682000424679292,-0.0005152263212672489
wf2022,TS_K10,20220414,0.006434812980376214,0.0036791510052406632,0.0027171832971601825
wf2022,TS_K10,20220415,0.0011770276370752508,0.0018013238713146793,-0.0005990310768142697
wf2022,TS_K10,20220418,-0.0003248839214887939,-0.0005717531745096461,0.00024641602226324475
wf2022,TS_K10,20220419,0.00026745999915396383,-0.0014184750249586445,0.0017315978940007765
wf2022,TS_K10,20220420,0.0015193695048858896,-0.0013987422680922556,0.0030863393488199365
wf2022,TS_K10,20220421,0.002779316000386221,0.0010625403810942742,0.0021617016842922234
wf2022,TS_K10,20220422,0.0007376056773942541,-0.0019936815322359586,0.002652184617344813
wf2022,TS_K10,20220425,0.004003685709444017,0.003500512236022635,0.0002710247722641691
wf2022,TS_K10,20220426,0.0070416129127141396,0.009686946426197971,-0.002660806218727426
wf2022,TS_K10,20220427,-0.0002395825356027656,-0.002262707540665072,0.001996521499862342
wf2022,TS_K10,20220428,-0.00042639325473160794,0.0018674426389910944,-0.0023234699942762996
wf2022,TS_K10,20220429,-0.00040589923256093355,0.0018051428649881614,-0.002027578566256248
wf2022,TS_K10,20220505,0.000305475360812971,0.0014087142959431137,-0.0008736160276573106
wf2022,TS_K10,20220506,-0.0009990307267471292,0.0002671278333409877,-0.001087720694762232
wf2022,TS_K10,20220509,-0.0015611008583405368,0.000589008178374834,-0.0020673590309212278
wf2022,TS_K10,20220510,0.0029455879572699937,0.003957492334761348,-0.0010919296159481143
wf2022,TS_K10,20220511,-0.0013962113135677495,-0.0009080188463049417,-0.0006453753243329485
wf2022,TS_K10,20220512,-0.0005737910891029218,-0.0014198255226099696,0.0006579539403728181
wf2022,TS_K10,20220513,-0.001812060365092673,-0.0012741854089427667,-0.0006138238909265348
wf2022,TS_K10,20220516,0.0014471444199824018,0.0011978249324917055,9.326076776345704e-05
wf2022,TS_K10,20220517,-0.00021660244142107047,0.00024660347154826384,-0.0004822861477765522
wf2022,TS_K10,20220518,0.00028691925342303,0.0014762509320521704,-0.001173179234560264
wf2022,TS_K10,20220519,0.004239070521306093,0.0034581443144600125,0.0006965566084956408
wf2022,TS_K10,20220520,0.00039108165775293344,0.0013951317646795141,-0.0010818729713736779
wf2022,TS_K10,20220523,0.003538240431292486,-0.0008759401490221084,0.004270716224072435
wf2022,TS_K10,20220524,0.0006206708746013291,0.0012863688080805723,-0.0007138302590338431
wf2022,TS_K10,20220525,0.002714134133767549,0.0007510483444170898,0.0018610282269648712
wf2022,TS_K10,20220526,-0.0008847745873493162,-0.0007308874494115328,-0.00015095463047144972
wf2022,TS_K10,20220527,0.0004299135205343887,0.00018572482829316386,0.0002850864494314776
wf2022,TS_K10,20220530,0.002452832184646942,0.0019393382539450751,0.000470288918505734
wf2022,TS_K10,20220531,0.000140597354150041,-5.9739167591950786e-05,0.00023203770244266736
wf2022,TS_K10,20220601,0.0017678137276523793,0.0015014663676577364,0.00025163643093787963
wf2022,TS_K10,20220602,-0.0018929022018890351,0.0011808398525965738,-0.003148721990515793
wf2022,TS_K10,20220606,0.0019439517526403647,0.001550720297363894,0.00032206942303199823
wf2022,TS_K10,20220607,0.0025137093716124863,0.001608231720786461,0.0008556717161828851
wf2022,TS_K10,20220608,0.0027115975903726705,-0.0003762944053352806,0.0029973185770887883
wf2022,TS_K10,20220609,-0.0014657221172025836,9.725504332292503e-05,-0.001605798749521444
wf2022,TS_K10,20220610,-0.0028165423909915933,-2.5785736298578082e-05,-0.0027667671598722013
wf2022,TS_K10,20220613,0.0020732220128573094,-0.0004223930446218997,0.002438155527141543
wf2022,TS_K10,20220614,0.005797461738979157,0.002770671572184659,0.00298535103080605
wf2022,TS_K10,20220615,-0.0026723203259746177,0.000771491664973465,-0.0034866739215992813
wf2022,TS_K10,20220616,-0.0005141980971750792,0.0005104085516068168,-0.0010361817512975027
wf2022,TS_K10,20220617,-0.0027923031375022347,-0.001516293196991513,-0.0012797437716681936
wf2022,TS_K10,20220620,0.0022094761463882593,2.7821827199061503e-05,0.002309900095234951
wf2022,TS_K10,20220621,0.0002903859121577996,0.0007999184831980285,-0.0005336366582729135
wf2022,TS_K10,20220622,-0.0026454238951105144,-0.0012510815573052528,-0.0013715539089191933
wf2022,TS_K10,20220623,-0.0006390434647462993,0.0006139624356331713,-0.0012716173379448386
wf2022,TS_K10,20220624,-0.0010078120137199014,0.0008410722158745392,-0.001818600630165994
wf2022,TS_K10,20220627,0.00031228469093898953,-0.0010219742168259371,0.0012510373991532753
wf2022,TS_K10,20220628,0.004740454892303122,0.0009719688949520297,0.0036789717001861973
wf2022,TS_K10,20220629,-0.00037377624882927243,0.0005631476408137417,-0.0009479623504388878
wf2022,TS_K10,20220630,0.0023041063595427838,0.0018309810121550883,0.0004758493954973712
wf2022,TS_K10,20220701,1.0583276374710217e-05,0.00017409825648258072,-0.0002836809589610336
wf2022,TS_K10,20220704,0.0030294728150868184,0.0018066555588102267,0.0011602725989358492
wf2022,TS_K10,20220705,8.35469011969403e-05,0.0005153386806258221,-0.00046536847760356625
wf2022,TS_K10,20220706,-0.0009332727996828353,0.0005289339746133161,-0.0015073359708019326
wf2022,TS_K10,20220707,0.00017519732080614747,-0.001467220016516186,0.0015371840298798265
wf2022,TS_K10,20220708,-0.0011847776553751202,-0.0025556525444834026,0.0013221666237932304
wf2022,TS_K10,20220711,0.0025972932695938113,5.103566534913156e-05,0.002657023357738173
wf2022,TS_K10,20220712,-0.0035720376541844012,-0.002547110833655804,-0.0010945379750898676
wf2022,TS_K10,20220713,-0.0019620355905561123,0.0011723888626429513,-0.0029923364904682562
wf2022,TS_K10,20220714,0.0011142028573701244,0.0025246006979491903,-0.0012357050408865608
wf2022,TS_K10,20220715,-0.00015114936049315242,0.00013085493063703306,-0.0003632356494251156
wf2022,TS_K10,20220718,-0.0010774200971309274,-0.0007177386226816988,-0.0004202334270334758
wf2022,TS_K10,20220719,0.0003806869761802129,0.0009411973720354301,-0.0005155676242157481
wf2022,TS_K10,20220720,0.00013350293173122751,-2.5856966686220077e-05,0.00018269810595807098
wf2022,TS_K10,20220721,0.0005218534075347146,-0.00010396467301917507,0.0005881540295707498
wf2022,TS_K10,20220722,0.003109781274306723,0.0010378894951794085,0.002118749214520502
wf2022,TS_K10,20220725,-0.00033275171270981396,0.0014231825378667137,-0.0018275473400042946
wf2022,TS_K10,20220726,-0.004068197391784521,-0.0019893104282825863,-0.0020968301775673563
wf2022,TS_K10,20220727,-0.00014604558033910232,0.00018410524983651552,-0.00038349886665773507
wf2022,TS_K10,20220728,-0.0030780339220671457,-0.002536921157983956,-0.0004574721452018631
wf2022,TS_K10,20220729,0.0005425424094201879,0.0018917553127244407,-0.001290363510488924
wf2022,TS_K10,20220801,0.005091119081266714,0.0027194255757241707,0.0023144441826764865
wf2022,TS_K10,20220802,0.0025490253925288834,0.0014370803021440926,0.0011077296522559097
wf2022,TS_K10,20220803,0.0008377288747536092,0.001138311189169365,-0.000279923180030157
wf2022,TS_K10,20220804,0.005798450147683654,0.0032180070841320843,0.0025657589209367292
wf2022,TS_K10,20220805,-0.004190386349293676,-0.0012353607460235518,-0.0029879123952884145
wf2022,TS_K10,20220808,-0.0019661099240031506,-0.0006860621283018768,-0.0012747052102284532
wf2022,TS_K10,20220809,-0.0023081002941741182,-0.0013438120575063296,-0.0010244271142747575
wf2022,TS_K10,20220810,0.003566768537099309,0.001883462876573465,0.001702769905698813
wf2022,TS_K10,20220811,0.0011142075876709036,-0.0012058440247172473,0.002296769855004044
wf2022,TS_K10,20220812,-0.0034882761567466094,-0.0005124440548251074,-0.0030180245248822893
wf2022,TS_K10,20220815,-0.0030842078453410596,-0.0010424051542292795,-0.0020560178022293193
wf2022,TS_K10,20220816,0.0009552147315635023,0.0002634424898854371,0.0007243375032921168
wf2022,TS_K10,20220817,-0.001566771786584033,0.001169566746052768,-0.0027347927048419125
wf2022,TS_K10,20220818,0.0039327587063560125,4.278845863119746e-05,0.0038774947909945763
wf2022,TS_K10,20220819,0.0033765085488529053,0.002669102177123842,0.0007055476642328774
wf2022,TS_K10,20220822,-0.002347670651433307,-0.0009015558867180663,-0.001439129293932194
wf2022,TS_K10,20220823,0.005017794140629552,0.0004053472380311318,0.004613348430882978
wf2022,TS_K10,20220824,0.004292584436379646,0.0012672173278771288,0.00302916678100241
wf2022,TS_K10,20220825,0.0011473234496845006,-0.00019246487645022207,0.0013397883261347227
wf2022,TS_K10,20220826,-0.00029936894580318354,-9.903462965287015e-05,-0.00020033431615031357
wf2022,TS_K10,20220829,0.0016045567893447302,-0.001212030790286736,0.0028165875796314654
wf2022,TS_K10,20220830,0.006028682414786123,0.0013069725059057233,0.004721709908880399
wf2022,TS_K10,20220831,0.0003525242074500427,-0.0006334714042242012,0.0009859956116742435
wf2022,TS_K10,20220901,-0.0021143993337443996,-0.0005111627387517125,-0.0016032365949926863
wf2022,TS_K10,20220902,-0.0004479181340110816,-0.0011060165367079598,0.0006580984026968776
wf2022,TS_K10,20220905,-0.001832127344539563,0.00016523241864827286,-0.0019973597631878347
wf2022,TS_K10,20220906,-0.0020108143812732505,0.0005417523173570706,-0.0025525666986303203
wf2022,TS_K10,20220907,0.0016616319359246167,-0.0003630305084176465,0.00202466244434226
wf2022,TS_K10,20220908,0.004653500277406272,0.002546315406812328,0.002107184870593943
wf2022,TS_K10,20220909,-0.0005108411020118917,-0.0003799215085880118,-0.00013091959342387965
wf2022,TS_K10,20220913,0.00033004498733715804,-0.0006740791821996033,0.0010041241695367621
wf2022,TS_K10,20220914,0.003351399596495625,-0.0012152329970583707,0.004566632593553996
wf2022,TS_K10,20220915,0.0020232734973072916,0.002786275297144474,-0.0007630017998371836
wf2022,TS_K10,20220916,0.0029562128591367753,0.0030697022034497368,-0.00011348934431295922
wf2022,TS_K10,20220919,-0.004506594183609004,-0.002313317910678389,-0.0021932762729306166
wf2022,TS_K10,20220920,-3.729909073728246e-05,-0.001149779754111624,0.001112480663374342
wf2022,TS_K10,20220921,0.00016532442551901293,0.0013650252434969032,-0.0011997008179778896
wf2022,TS_K10,20220922,0.003593190788337298,0.0007628118297902996,0.0028303789585470036
wf2022,TS_K10,20220923,0.0004842418736940475,0.002376121461994595,-0.0018918795883005467
wf2022,TS_K10,20220926,0.00010516754938993955,-0.00011749535672134873,0.00022266290611129167
wf2022,TS_K10,20220927,0.0013783347882945184,-0.0018580234343831422,0.0032363582226776592
wf2022,TS_K10,20220928,0.0037661950795625015,0.004014620055151258,-0.0002484249755887562
wf2022,TS_K10,20220929,0.0026374361617423625,-5.217984776802989e-05,0.0026896160095103944
wf2022,TS_K10,20220930,0.00277794387983734,0.0014714656950159302,0.0013064781848214089
wf2022,TS_K10,20221010,-0.0007601310564403357,0.00039070528024406643,-0.001150836336684403
wf2022,TS_K10,20221011,-0.0005438306455606175,0.0012861862195417454,-0.001830016865102365
wf2022,TS_K10,20221012,-0.00015065217611130895,0.0003306174834602542,-0.0004812696595715614
wf2022,TS_K10,20221013,0.0006582674234843523,0.0017635724919404258,-0.0011053050684560718
wf2022,TS_K10,20221014,-0.002023934209129996,-0.001413574425194869,-0.0006103597839351245
wf2022,TS_K10,20221017,-0.0021870297948688965,-0.0010846754388258175,-0.0011023543560430783
wf2022,TS_K10,20221018,-0.0007055952301702056,-0.0004019795655011538,-0.0003036156646690531
wf2022,TS_K10,20221019,0.0005585767163544561,-0.00027381770557768497,0.0008323944219321405
wf2022,TS_K10,20221020,-0.00099186145273261,-0.0009927015209068826,8.400681742726512e-07
wf2022,TS_K10,20221021,0.0004425754454463575,0.0017068834804044432,-0.0012643080349580896
wf2022,TS_K10,20221024,-0.0003873495652223476,3.4121107090172255e-05,-0.00042147067231251996
wf2022,TS_K10,20221025,-0.0005091662718024678,0.00010688472325329527,-0.0006160509950557653
wf2022,TS_K10,20221026,0.004586443931879992,0.002052752227646846,0.0025336917042331464
wf2022,TS_K10,20221027,0.0028033711205150136,0.0013591058280767248,0.0014442652924382812
wf2022,TS_K10,20221028,-0.0018697561368515303,-0.0009682542983827903,-0.0009015018384687406
wf2022,TS_K10,20221031,0.0019488591756026442,0.0026150615154497156,-0.0006662023398470648
wf2022,TS_K10,20221101,0.0012428396546942753,0.0023260390331827415,-0.0010831993784884697
wf2022,TS_K10,20221102,-0.001229798111374882,-0.00019190171071854748,-0.000990277557112008
wf2022,TS_K10,20221103,0.002118106020821877,0.0031389520071953697,-0.001020845986373492
wf2022,TS_K10,20221104,-0.0008799147333739786,-0.0010160831595659788,0.00013848569163137653
wf2022,TS_K10,20221107,-0.0010317190603281205,-0.0014975685905747617,0.0004729744712225055
wf2022,TS_K10,20221108,-0.0004537951899392091,-0.0006279683478814926,0.00017005266834137166
wf2022,TS_K10,20221109,0.00010247199845433074,-0.0019893255319811706,0.002101496899134559
wf2022,TS_K10,20221110,0.0047930072769650925,0.0033967521936104188,0.001397857178792623
wf2022,TS_K10,20221111,-0.0005583298269017033,-0.002499883001623342,0.0019475642063084614
wf2022,TS_K10,20221114,0.0015224955744307447,0.003338838092116551,-0.0018178103051065954
wf2022,TS_K10,20221115,0.0004818573050533535,-0.00013336125313882837,0.0006293061230723783
wf2022,TS_K10,20221116,0.0006077482649506404,-6.455255397589077e-05,0.0006850181834278143
wf2022,TS_K10,20221117,0.0014165811917685352,0.0008229789253142904,0.0005952553155651678
wf2022,TS_K10,20221118,-0.002431166516716989,-0.00025437596163994605,-0.002168436902251508
wf2022,TS_K10,20221121,0.004645536887935634,0.00134997231819152,0.003319183611884836
wf2022,TS_K10,20221122,0.0012157890646548692,0.00023512572427887202,0.0009613457356138736
wf2022,TS_K10,20221123,-0.0010769557842178505,0.00018922808677776504,-0.0012498222192400452
wf2022,TS_K10,20221124,0.002935171395476873,-0.0005024410195534697,0.0034465798430626856
wf2022,TS_K10,20221125,-0.0015073934228837138,-0.0010441300889419331,-0.0004743992003488014
wf2022,TS_K10,20221128,-0.00018263568303994102,-0.0008684373009673616,0.0006767571793147344
wf2022,TS_K10,20221129,-0.0003557233622111635,-8.505983669636796e-05,-0.00028141470756193625
wf2022,TS_K10,20221130,-0.0002415993027286038,0.0007598381760772089,-0.0009847926798430778
wf2022,TS_K10,20221201,-0.000600964703113425,-0.00037969509171306926,-0.00022267746959618687
wf2022,TS_K10,20221202,0.002861946744869632,0.00013511308812742595,0.0027305840266605625
wf2022,TS_K10,20221205,0.0022328848214290898,0.0016801696297945189,0.000566866546836161
wf2022,TS_K10,20221206,-0.000871957357984109,-0.0003451284992712102,-0.0005236392576958599
wf2022,TS_K10,20221207,2.085182724595588e-05,-0.0004692878034938638,0.0004875488046665448
wf2022,TS_K10,20221208,0.0009803082249182783,0.000903982119455948,6.713418344531739e-05
wf2022,TS_K10,20221209,-0.0014839773768173317,1.631128563083344e-05,-0.0015051057191486348
wf2022,TS_K10,20221212,0.0015012742787208627,-0.00039302271176928406,0.0018925913169303686
wf2022,TS_K10,20221213,0.0014408328327074323,0.0009972928127765165,0.0004330826082479045
wf2022,TS_K10,20221214,-0.002087816058485255,-0.0008002604742816566,-0.001287555584203598
wf2022,TS_K10,20221215,0.003565562802311656,0.002291136459981801,0.0012744263423298543
wf2022,TS_K10,20221216,0.000238632432805818,0.0008875501111491664,-0.0006489176783433532
wf2022,TS_K10,20221219,-0.0009863934128284072,-0.0021008415612682,0.0011144481484397927
wf2022,TS_K10,20221220,0.0004816021750386765,-0.0002713619533818725,0.0007529641284205475
wf2022,TS_K10,20221221,0.002067936304790744,0.0017672171001966801,0.00030071920459406366
wf2022,TS_K10,20221222,0.0006915924449850306,0.00036502912742731084,0.00032656331755771974
wf2022,TS_K10,20221223,-0.001740992641512784,0.0002756097641993074,-0.0020166024057120912
wf2022,TS_K10,20221226,0.0014769110222101122,0.00016343412676207757,0.0013134768954480352
wf2022,TS_K10,20221227,0.0008210519640625344,0.00022475807530844227,0.0005962938887540902
wf2022,TS_K10,20221228,0.0010916544769991585,0.001426418732494573,-0.00033476425549541354
wf2022,TS_K10,20221229,-0.0002587859568326653,-0.0010407444660633376,0.0007819585092306719
wf2022,TS_K10,20221230,-0.002107310732778634,0.0001957528441524329,-0.002303063576931066
wf2022,TS_K12.5,20220104,0.00854124778715195,0.0014874320907159058,0.004671700140721549
wf2022,TS_K12.5,20220105,-0.0015861675668888487,0.0006218464430767946,-0.0019303030316070156
wf2022,TS_K12.5,20220106,0.00945303110692617,0.0017291683365936203,0.006798335089065599
wf2022,TS_K12.5,20220107,0.001433055099681748,6.539698570830926e-05,0.0012127956220355466
wf2022,TS_K12.5,20220110,0.00502224526549862,0.0008955003947819568,0.002954414126110988
wf2022,TS_K12.5,20220111,-0.006275609796979353,-0.001496025297899325,-0.003972339800425436
wf2022,TS_K12.5,20220112,0.005206151710993952,3.4903002981752e-05,0.004731394668777723
wf2022,TS_K12.5,20220113,-0.0030082915909969542,0.0025603827122833065,-0.005567548257160108
wf2022,TS_K12.5,20220114,-0.0011257075395469211,0.0010855395739850539,-0.0022832843296537522
wf2022,TS_K12.5,20220117,0.004353424209999547,0.0010076821092410292,0.0034047127558886744
wf2022,TS_K12.5,20220118,0.0034142152432891457,-0.0010670604738917725,0.004418858158003139
wf2022,TS_K12.5,20220119,0.00612333383903511,-0.0009092798164842622,0.006896000300039299
wf2022,TS_K12.5,20220120,0.0017828111156735545,-0.0005919292498976607,0.0020893240445462903
wf2022,TS_K12.5,20220121,-0.00221610887191949,0.0014828038076234553,-0.0038371980786055817
wf2022,TS_K12.5,20220124,0.0019698916279873996,-0.0014674865441810813,0.003503555218623488
wf2022,TS_K12.5,20220125,0.0009227953118568491,0.00033918187805562027,0.0004615149694197965
wf2022,TS_K12.5,20220126,0.006623305042743555,0.0018278733591134539,0.004632815609960921
wf2022,TS_K12.5,20220127,0.0004177516632393359,0.0007357062199817004,-0.0004201405109543686
wf2022,TS_K12.5,20220128,0.002346493468691521,0.00055088480833309,0.0019188928897965031
wf2022,TS_K12.5,20220207,0.0046516249676173994,0.0011886057820622996,0.0034316574582606823
wf2022,TS_K12.5,20220208,-0.0026593737609390145,0.0016831344127425866,-0.004276788585820655
wf2022,TS_K12.5,20220209,0.0044026882865963925,-0.0001301869693376755,0.0045479943421655525
wf2022,TS_K12.5,20220210,0.003113138443417634,-0.0021011446438170866,0.005248644038781435
wf2022,TS_K12.5,20220211,-0.0008008805374820446,0.0017129452454208343,-0.002588978861118342
wf2022,TS_K12.5,20220214,-0.002286596649662335,0.00080314668133851,-0.0031095285375147027
wf2022,TS_K12.5,20220215,-0.0012212105174335061,0.00012350226836700863,-0.001089043864049184
wf2022,TS_K12.5,20220216,0.0004268392862882683,0.0007581466815870357,-0.0003230811619881979
wf2022,TS_K12.5,20220217,0.0036682190560692034,0.0027751962307809193,0.0008627520986489553
wf2022,TS_K12.5,20220218,-0.002427454685387168,0.0009860208104301438,-0.003527267818110765
wf2022,TS_K12.5,20220221,0.0011508124194024964,-0.00030850211480487036,0.0013972068239606202
wf2022,TS_K12.5,20220222,-0.003227381198366049,0.0015407233761570345,-0.004779493377195387
wf2022,TS_K12.5,20220223,0.0014234016391843664,-0.001320064449874772,0.00258547156939203
wf2022,TS_K12.5,20220224,0.00297056941592648,0.004094263253522477,-0.001065712098632648
wf2022,TS_K12.5,20220225,0.002822336421135898,0.003422271350188529,-0.0006199025501032159
wf2022,TS_K12.5,20220228,-0.001545213151254412,-0.0007811037804137849,-0.0006862222263301738
wf2022,TS_K12.5,20220301,0.0011564114656375324,0.0011305929453899136,5.651517380153299e-05
wf2022,TS_K12.5,20220302,0.004883857647575419,0.00019058019922759675,0.0048819166779182485
wf2022,TS_K12.5,20220303,0.0029256530921453767,0.0020032306861192456,0.0010681674090814149
wf2022,TS_K12.5,20220304,-0.0010427254954358638,-0.0005914974815550616,-0.00036595521238620026
wf2022,TS_K12.5,20220307,0.003143594234386888,0.001608702319417574,0.001445631590974713
wf2022,TS_K12.5,20220308,-0.0036125545328566013,-0.0005631004292912703,-0.0030139108905269728
wf2022,TS_K12.5,20220309,0.00011997313880648952,0.0017835161310110802,-0.0017273688804577312
wf2022,TS_K12.5,20220310,0.00361165426123709,0.0018781856741602303,0.001545217703610581
wf2022,TS_K12.5,20220311,0.0023962641334381793,-0.00026625784353923173,0.0025562037616015426
wf2022,TS_K12.5,20220314,-0.0021994050778300217,-0.0011004507160410752,-0.0011253107223553893
wf2022,TS_K12.5,20220315,-0.00301124850640724,-0.0012574214001575055,-0.0017448773350776851
wf2022,TS_K12.5,20220316,-0.0023014764953986876,0.0007075102482179203,-0.003043826180062737
wf2022,TS_K12.5,20220317,0.00039907149368922923,-0.0006072575997139022,0.0009608399950563696
wf2022,TS_K12.5,20220318,-0.003950449948628459,-0.0010301449907683107,-0.002855764527344845
wf2022,TS_K12.5,20220321,0.002764874565129761,-0.000577063022465846,0.003227358396504453
wf2022,TS_K12.5,20220322,-0.0002498012394540989,-0.0005587357531756369,0.00019939474832117682
wf2022,TS_K12.5,20220323,0.0023630502423729726,0.001465967770709876,0.0009355211347820531
wf2022,TS_K12.5,20220324,-8.038711951077228e-05,-0.0022941614761376036,0.0021280992716841396
wf2022,TS_K12.5,20220325,0.002497180427909018,0.0006289324017877344,0.001667591801968011
wf2022,TS_K12.5,20220328,0.00022462995507520518,-0.00014711032419483102,0.00020553862483643138
wf2022,TS_K12.5,20220329,0.000619867327430846,0.0008821112042076587,-0.00039700751782961307
wf2022,TS_K12.5,20220330,0.0016752826228122277,-0.0005093999033344487,0.002007696012612265
wf2022,TS_K12.5,20220331,0.004665177167164578,0.0013485306276380857,0.003176725614795272
wf2022,TS_K12.5,20220401,-0.0005445770608920146,-0.0014835622243081366,0.0009132847555900117
wf2022,TS_K12.5,20220406,0.003472909708531969,0.001599930233067987,0.002065164278649355
wf2022,TS_K12.5,20220407,0.0021981265991497783,-0.00028808572558723503,0.0022176364231835995
wf2022,TS_K12.5,20220408,0.0007226257096366005,-0.001543134746335474,0.0020238022656496497
wf2022,TS_K12.5,20220411,0.0013306305478269186,0.0006328781194591188,0.0006483030630887432
wf2022,TS_K12.5,20220412,0.0020939100979729085,-0.0010794143895779841,0.0031801183102137475
wf2022,TS_K12.5,20220413,0.0008141003240479117,0.0012170227039493041,-0.0004996087244963413
wf2022,TS_K12.5,20220414,0.007165295286394672,0.004693550919797696,0.0024332656886216085
wf2022,TS_K12.5,20220415,0.002520435288516772,0.0030191197959364567,-0.00047341934999452776
wf2022,TS_K12.5,20220418,-0.0006639039742274457,-0.0008651981430119063,0.0002008409380268524
wf2022,TS_K12.5,20220419,0.0008963876886525207,-0.0006277913979059581,0.001569841956446649
wf2022,TS_K12.5,20220420,0.0007551596177420017,-0.0019336883760997573,0.0028570755696835557
wf2022,TS_K12.5,20220421,0.0011429933966674317,-0.0002703610072560019,0.0018582804689237105
wf2022,TS_K12.5,20220422,0.0008905482738311848,-0.0014606005821344954,0.0022720462636802814
wf2022,TS_K12.5,20220425,0.004882589980127319,0.0043985631735185896,0.00025187810545151
wf2022,TS_K12.5,20220426,0.008599167172907356,0.010878381304370455,-0.002294686836706689
wf2022,TS_K12.5,20220427,1.624927355033806e-05,-0.0017932791701628743,0.0017829249385132467
wf2022,TS_K12.5,20220428,-0.0003615878664048888,0.0016378273575754039,-0.002029049324533887
wf2022,TS_K12.5,20220429,0.00030597299889986024,0.00218135723970312,-0.001691920709510412
wf2022,TS_K12.5,20220505,0.0004956818248715959,0.0014806293280318183,-0.0007553245956873912
wf2022,TS_K12.5,20220506,-0.0012627297604286027,-9.895433777128631e-05,-0.00098533755733143
wf2022,TS_K12.5,20220509,-0.0011847518751685222,0.0008473495609455309,-0.0019493514303199103
wf2022,TS_K12.5,20220510,0.0028196277097198184,0.0037517991483352053,-0.0010121966770721491
wf2022,TS_K12.5,20220511,-0.0014832405508271914,-0.0010528591609516016,-0.0005875642469457308
wf2022,TS_K12.5,20220512,-0.00018412893769284393,-0.0009920898396514712,0.000619880408824398
wf2022,TS_K12.5,20220513,-0.0012677560696110288,-0.000799797214406175,-0.0005439077899814824
wf2022,TS_K12.5,20220516,0.0021709647650528696,0.0019449424528681998,6.996359245742918e-05
wf2022,TS_K12.5,20220517,-0.0005956421023163285,-0.00019367219571783358,-0.00042105014140571284
wf2022,TS_K12.5,20220518,0.00047246732778466905,0.0015200752078447072,-0.0010314554359911624
wf2022,TS_K12.5,20220519,0.004046680075058654,0.0033998904605377755,0.0005624200161704414
wf2022,TS_K12.5,20220520,0.000784430928882399,0.0016673968916790423,-0.0009607888272437417
wf2022,TS_K12.5,20220523,0.002460367321695092,-0.0014116684784346444,0.003728571443887579
wf2022,TS_K12.5,20220524,0.0011457317410307234,0.0017147587547884588,-0.0006171593393123315
wf2022,TS_K12.5,20220525,0.0025125164719651573,0.0008282708775776706,0.0015821880320018985
wf2022,TS_K12.5,20220526,-0.0007122782477714599,-0.0005592325633870681,-0.00015011317691805847
wf2022,TS_K12.5,20220527,0.0009191300815526333,0.0007726108236551362,0.0001874170150877519
wf2022,TS_K12.5,20220530,0.002987582447877512,0.0025923188065513393,0.00035205862913003847
wf2022,TS_K12.5,20220531,-0.00048631636917688837,-0.0006664532007939872,0.00021183801231777454
wf2022,TS_K12.5,20220601,0.0017468368730236949,0.001508185541211327,0.00022394040275560307
wf2022,TS_K12.5,20220602,-0.000625925574979978,0.0020487086482744335,-0.002749614159284596
wf2022,TS_K12.5,20220606,0.0012315128154038362,0.0008801915909396438,0.0002801591922197203
wf2022,TS_K12.5,20220607,0.002970292349585825,0.0021636838108063596,0.0007568026041363245
wf2022,TS_K12.5,20220608,0.002267521470966951,-0.0003995664843859694,0.0025765145367337575
wf2022,TS_K12.5,20220609,-0.001889322392713548,-0.0005564240552627822,-0.0013757199264467018
wf2022,TS_K12.5,20220610,-0.0016986310214441385,0.0006199901505272785,-0.002294631677150604
wf2022,TS_K12.5,20220613,0.002263695267330573,5.534427723906919e-05,0.00215089145975384
wf2022,TS_K12.5,20220614,0.005542433581437028,0.0028865666736128596,0.0026144277718357207
wf2022,TS_K12.5,20220615,-0.0023714793938930945,0.000655425910584777,-0.003069767235129069
wf2022,TS_K12.5,20220616,-0.0002606158950362392,0.0005889692548431556,-0.0008611602523950013
wf2022,TS_K12.5,20220617,-0.002839868538279843,-0.0017386202525859502,-0.0011049821168513667
wf2022,TS_K12.5,20220620,0.0021139043227716083,9.797480162092113e-05,0.00214417529719644
wf2022,TS_K12.5,20220621,-0.0005062736185300464,1.877451462147635e-05,-0.0005491522203842084
wf2022,TS_K12.5,20220622,-0.00254921418714215,-0.001367967255259936,-0.0011584585029961434
wf2022,TS_K12.5,20220623,-0.000271930687431152,0.0007631458617307305,-0.00105368798672725
wf2022,TS_K12.5,20220624,-0.0018351133397027262,-0.00018573480042192515,-0.0016190949398523543
wf2022,TS_K12.5,20220627,0.00024772657553064764,-0.0011057107405477795,0.0012702158074667724
wf2022,TS_K12.5,20220628,0.004422733830728314,0.0009594930706605327,0.0033737264629028828
wf2022,TS_K12.5,20220629,-0.0006123535545502741,0.00019421065709846567,-0.000817602672444614
wf2022,TS_K12.5,20220630,0.0013327101832574068,0.0009276018135908935,0.00040783241777618876
wf2022,TS_K12.5,20220701,0.0011177870700122229,0.0011706307140397216,-0.00017300962288066313
wf2022,TS_K12.5,20220704,0.0022429174329406283,0.0012020196703382388,0.0009783531052616461
wf2022,TS_K12.5,20220705,-0.00014920893638958356,0.0002359608330849167,-0.000418746467649184
wf2022,TS_K12.5,20220706,-0.0006976297356499038,0.0005875095599152417,-0.0013302684920709277
wf2022,TS_K12.5,20220707,0.0001693000510066935,-0.0013953165868696095,0.001459383330433797
wf2022,TS_K12.5,20220708,-0.0018586558062321287,-0.0029720721610689807,0.001064708089521802
wf2022,TS_K12.5,20220711,0.0025015407442306615,0.0003662251670505794,0.0022460813306735728
wf2022,TS_K12.5,20220712,-0.003540647525946199,-0.002691387558208707,-0.0009188711222987627
wf2022,TS_K12.5,20220713,-0.0009322444444367544,0.0018015111722839902,-0.002591667653989937
wf2022,TS_K12.5,20220714,0.0012105554368124355,0.0025192468388118994,-0.0011339986023069567
wf2022,TS_K12.5,20220715,-0.0006455150024483082,-0.00037509271476097506,-0.00035165364598226654
wf2022,TS_K12.5,20220718,-0.0019908208704710537,-0.0017631728737516476,-0.00028819994930365304
wf2022,TS_K12.5,20220719,0.0003915906867905765,0.0008074500894446785,-0.0003709166310146334
wf2022,TS_K12.5,20220720,0.0004727538207801073,0.0003378020991882712,0.00015828992913245987
wf2022,TS_K12.5,20220721,0.0007346123672471381,0.00023087734018481428,0.0004660709760791838
wf2022,TS_K12.5,20220722,0.004237480080416816,0.002384266472632759,0.0019000710431772445
wf2022,TS_K12.5,20220725,-0.0009548654623186045,0.0005671477728322673,-0.0015936263245786384
wf2022,TS_K12.5,20220726,-0.003669338854315126,-0.0017953867942335174,-0.0018918952741470315
wf2022,TS_K12.5,20220727,-0.00025557356561979865,-9.97361697869278e-08,-0.00030882186593212833
wf2022,TS_K12.5,20220728,-0.0031322396369059813,-0.002544366068289045,-0.0005042329497356123
wf2022,TS_K12.5,20220729,0.0005604749677661017,0.0017898006758298149,-0.0011704763152483846
wf2022,TS_K12.5,20220801,0.004848695047194124,0.0026985529264230636,0.002092892797905002
wf2022,TS_K12.5,20220802,0.0023121305443674013,0.0011024886461696334,0.001205426460068887
wf2022,TS_K12.5,20220803,0.0004587128870071847,0.0005797889534167645,-0.00010041693202397987
wf2022,TS_K12.5,20220804,0.005475434681428103,0.002933606232280044,0.0025271443065332175
wf2022,TS_K12.5,20220805,-0.003971456595193155,-0.0011224062219507738,-0.0028819371652606717
wf2022,TS_K12.5,20220808,-0.0028729573922541976,-0.0016064430506710077,-0.0012611717561103702
wf2022,TS_K12.5,20220809,-0.00251983187159299,-0.0016017035785052321,-0.0009782671706947276
wf2022,TS_K12.5,20220810,0.00445994325746313,0.0027473303756595465,0.001732077126976558
wf2022,TS_K12.5,20220811,0.0012182445450558365,-0.0010332191210914688,0.0022281819087631985
wf2022,TS_K12.5,20220812,-0.0031081140853306283,-0.0002726128212396554,-0.00287769368705176
wf2022,TS_K12.5,20220815,-0.003202213152807368,-0.001185635637233646,-0.0020307926266912614
wf2022,TS_K12.5,20220816,0.0008231880915425343,0.0001745532103193271,0.0006812001428372597
wf2022,TS_K12.5,20220817,-0.003077126906115996,-0.0004428563783837951,-0.0026327246999373125
wf2022,TS_K12.5,20220818,0.004049820085810954,0.00016304693246411265,0.0038742976966166026
wf2022,TS_K12.5,20220819,0.0021098716178738217,0.0012947927007681804,0.0008132202096094556
wf2022,TS_K12.5,20220822,-0.002664630890561238,-0.0012149575861402735,-0.001442687833637919
wf2022,TS_K12.5,20220823,0.0042091673682282775,-0.00031613030627966664,0.0045261992027925005
wf2022,TS_K12.5,20220824,0.004531586886943942,0.0013564122958936776,0.0031789742635501567
wf2022,TS_K12.5,20220825,0.0008095319704882952,-0.0005807629240162587,0.0013902948945045553
wf2022,TS_K12.5,20220826,-0.0009073365919934377,-0.000690540899050774,-0.00021679569294266472
wf2022,TS_K12.5,20220829,0.002327042458015319,-0.0006489891596262968,0.0029760316176416154
wf2022,TS_K12.5,20220830,0.006840243525623502,0.0020514615447068505,0.004788781980916649
wf2022,TS_K12.5,20220831,0.0012848430545108862,0.00029608588801578983,0.000988757166495096
wf2022,TS_K12.5,20220901,-0.002286502660439716,-0.0007235835116410144,-0.0015629191487987035
wf2022,TS_K12.5,20220902,-0.0005603232005273536,-0.0011969754889053792,0.0006366522883780262
wf2022,TS_K12.5,20220905,-0.0019329743569361114,0.00013120885810166672,-0.0020641832150377773
wf2022,TS_K12.5,20220906,-0.0019782119067104473,0.0005964822639512697,-0.0025746941706617163
wf2022,TS_K12.5,20220907,0.0017393175364253449,-0.00025466307467625685,0.001993980611101601
wf2022,TS_K12.5,20220908,0.004786561734005687,0.002642060577345633,0.002144501156660054
wf2022,TS_K12.5,20220909,0.0006740521655645227,0.0007793860886941009,-0.00010533392312957733
wf2022,TS_K12.5,20220913,0.0003703726380598262,-0.0006240069468328611,0.0009943795848926873
wf2022,TS_K12.5,20220914,0.0033327450387553442,-0.0011559581720071948,0.0044887032107625395
wf2022,TS_K12.5,20220915,0.0011499335497337747,0.001944449392451643,-0.0007945158427178664
wf2022,TS_K12.5,20220916,0.002502064790385703,0.0026608966070748546,-0.0001588318166891521
wf2022,TS_K12.5,20220919,-0.004574112703446187,-0.0024634451713166808,-0.0021106675321295064
wf2022,TS_K12.5,20220920,-0.0004257333668468569,-0.0014932396390226238,0.0010675062721757674
wf2022,TS_K12.5,20220921,-2.745325075960859e-05,0.0011186079754028075,-0.0011460612261624155
wf2022,TS_K12.5,20220922,0.0031437419151210608,0.00037448765592387463,0.002769254259197189
wf2022,TS_K12.5,20220923,-0.00022429035919063062,0.0016788336420506473,-0.0019031240012412783
wf2022,TS_K12.5,20220926,0.0009365964375588932,0.0006363317746147699,0.00030026466294412647
wf2022,TS_K12.5,20220927,0.001990425987253141,-0.0011751049920544158,0.003165530979307556
wf2022,TS_K12.5,20220928,0.003140116446411866,0.0033572171931582147,-0.00021710074674634807
wf2022,TS_K12.5,20220929,0.002110735069714294,-0.0004198290166408513,0.002530564086355147
wf2022,TS_K12.5,20220930,0.0015575950801146477,0.0003554987572328733,0.0012020963228817762
wf2022,TS_K12.5,20221010,-0.0005966411043983773,0.0004805770259669383,-0.0010772181303653153
wf2022,TS_K12.5,20221011,-5.615199895465939e-05,0.0017452112001119686,-0.0018013631990666296
wf2022,TS_K12.5,20221012,0.0008360349128473596,0.0011643156378971285,-0.00032828072504976916
wf2022,TS_K12.5,20221013,0.001800337285308845,0.0027874176290449628,-0.0009870803437361149
wf2022,TS_K12.5,20221014,-0.001653615014349073,-0.0011682563500094317,-0.0004853586643396406
wf2022,TS_K12.5,20221017,-0.002151537676268233,-0.0010413186701086078,-0.0011102190061596257
wf2022,TS_K12.5,20221018,-0.001369686889976936,-0.0010657491726414165,-0.0003039377173355201
wf2022,TS_K12.5,20221019,0.0006832701234812978,-0.00017367249997114385,0.000856942623452441
wf2022,TS_K12.5,20221020,-0.000608075349305166,-0.0005607375766873787,-4.7337772617787366e-05
wf2022,TS_K12.5,20221021,-7.63244164585248e-05,0.0011876563052262497,-0.0012639807216847782
wf2022,TS_K12.5,20221024,-0.0009072965046465768,-0.00043559881446822717,-0.00047169769017834956
wf2022,TS_K12.5,20221025,0.00024436401597140514,0.0006927548036170061,-0.00044839078764560164
wf2022,TS_K12.5,20221026,0.00437662741531014,0.0018904083536062017,0.002486219061703938
wf2022,TS_K12.5,20221027,0.0020376893741898133,0.0006126743081429211,0.0014250150660468888
wf2022,TS_K12.5,20221028,0.00014585039050952,0.0008874862703761078,-0.0007416358798665884
wf2022,TS_K12.5,20221031,0.002370297085400659,0.002901045828422418,-0.0005307487430217571
wf2022,TS_K12.5,20221101,0.001022343575866622,0.002032486731049309,-0.0010101431551826916
wf2022,TS_K12.5,20221102,-0.0017122155516727405,-0.0006777379523915855,-0.000986858755736828
wf2022,TS_K12.5,20221103,0.0020584391264587415,0.0030543810029819646,-0.00099594187652322
wf2022,TS_K12.5,20221104,-0.00011527294163333167,-0.0002875134740489682,0.0001745577978550126
wf2022,TS_K12.5,20221107,-0.0006481357701535279,-0.001107181297945337,0.00046617046876767346
wf2022,TS_K12.5,20221108,-0.00013278354948548178,-0.00032364925136507444,0.0001867452122786809
wf2022,TS_K12.5,20221109,0.0004434085208427055,-0.0015482416386884054,0.0020013495282301674
wf2022,TS_K12.5,20221110,0.004453101787105107,0.0031563812552692395,0.0012983226272738138
wf2022,TS_K12.5,20221111,-0.00014127701022321527,-0.0018964762054737565,0.0017612102268373636
wf2022,TS_K12.5,20221114,0.0008486646618695512,0.002498772473003181,-0.0016515755985544184
wf2022,TS_K12.5,20221115,0.0003915939131082463,-0.00010392935083171418,0.000509610828820157
wf2022,TS_K12.5,20221116,-2.556981081053983e-07,-0.0005924948047464605,0.0006049564711396375
wf2022,TS_K12.5,20221117,0.0011648059221577205,0.0006083922458035194,0.000558066725465123
wf2022,TS_K12.5,20221118,-0.0029664690354205903,-0.00099030642865424,-0.0019678089539408154
wf2022,TS_K12.5,20221121,0.0035753419040444514,0.0006079139317919331,0.002991047014393239
wf2022,TS_K12.5,20221122,0.0010674973906473918,0.00014372441212639645,0.0009044553737588713
wf2022,TS_K12.5,20221123,-0.0010469628225186402,0.00013859187750116518,-0.001169193048264235
wf2022,TS_K12.5,20221124,0.0028068647269733817,-0.0003025601199984949,0.00311839227500422
wf2022,TS_K12.5,20221125,-0.0010199052771619047,-0.0005897985424654039,-0.00044124260110352145
wf2022,TS_K12.5,20221128,0.0006412749538760587,1.8050601179487788e-05,0.0006141799140838816
wf2022,TS_K12.5,20221129,0.00012638009312826833,0.00033170753866601174,-0.00021607862758488413
wf2022,TS_K12.5,20221130,0.0011754343336128174,0.002036396158691518,-0.000844317026115967
wf2022,TS_K12.5,20221201,-0.00042393419007448387,-0.00024409295576050297,-0.00018124909250981228
wf2022,TS_K12.5,20221202,0.0034858882337376693,0.0010347488837272345,0.002454889719928793
wf2022,TS_K12.5,20221205,0.002959043050296389,0.002465881022613196,0.000507313382884784
wf2022,TS_K12.5,20221206,0.00026628502735514246,0.0006763184896339241,-0.00040684386126174204
wf2022,TS_K12.5,20221207,-1.7215412316886475e-05,-0.0004171588196086965,0.0003973525812185346
wf2022,TS_K12.5,20221208,0.0018159785370628965,0.0017099021267949434,9.688448825093999e-05
wf2022,TS_K12.5,20221209,-0.0013806818140154678,-0.0001023050559229971,-0.0012831938147929395
wf2022,TS_K12.5,20221212,0.002368824285409638,0.0007962323118125846,0.001570886300037276
wf2022,TS_K12.5,20221213,0.0009524945770772878,0.0004990116846924458,0.00044302548070183114
wf2022,TS_K12.5,20221214,-0.002343743527767615,-0.001231377176619501,-0.0011123663511481137
wf2022,TS_K12.5,20221215,0.003602492292618776,0.002523983490146799,0.0010785088024719777
wf2022,TS_K12.5,20221216,7.213809448881198e-05,0.0006368757884350758,-0.0005647376939462663
wf2022,TS_K12.5,20221219,-0.0011416944311633493,-0.002046856804625773,0.0009051623734624231
wf2022,TS_K12.5,20221220,0.0008570833504053261,0.0001462624467095651,0.0007108209036957614
wf2022,TS_K12.5,20221221,0.002995800496440151,0.0027297276317062736,0.00026607286473387707
wf2022,TS_K12.5,20221222,0.0008352675756069768,0.0005842067311958845,0.0002510608444110924
wf2022,TS_K12.5,20221223,-0.0020214745566133462,-0.00023045516131582017,-0.001791019395297526
wf2022,TS_K12.5,20221226,0.0017592361104769322,0.0005388044090004834,0.0012204317014764495
wf2022,TS_K12.5,20221227,0.0007358665115734849,0.00023126310074044883,0.0005046034108330365
wf2022,TS_K12.5,20221228,0.0011094591476019638,0.0013208652098667506,-0.00021140606226478605
wf2022,TS_K12.5,20221229,4.70673667189378e-05,-0.0006133654542292173,0.0006604328209481561
wf2022,TS_K12.5,20221230,-0.00200045016410947,0.0001314680306783038,-0.0021319181947877697
wf2022,TS_K15,20220104,0.008607340882270468,0.001859046462381314,0.004366178864174657
wf2022,TS_K15,20220105,-0.0012592045513232265,0.0008652308877429212,-0.00184672446070752
wf2022,TS_K15,20220106,0.008662015824931365,0.0011998278459658597,0.006536660297698553
wf2022,TS_K15,20220107,0.0012240391317173,-0.00014047243521670083,0.0012096490749961056
wf2022,TS_K15,20220110,0.005152234486133811,0.001158910726470635,0.0028209930150575
wf2022,TS_K15,20220111,-0.005895311101969328,-0.0012550171313898519,-0.003833049271924882
wf2022,TS_K15,20220112,0.005722300143847219,0.0007991384346640302,0.004483307669948712
wf2022,TS_K15,20220113,-0.0030309131981296634,0.0023167389446638576,-0.005346526096673369
wf2022,TS_K15,20220114,-0.001204819656249986,0.0008669637077068038,-0.002143820580078569
wf2022,TS_K15,20220117,0.0033357174714691885,0.00014507028253626778,0.0032496178440630766
wf2022,TS_K15,20220118,0.004089919596976662,-0.0002846598799945149,0.004312161917793396
wf2022,TS_K15,20220119,0.006529978477088048,-0.00016747856896840747,0.0065608436905763776
wf2022,TS_K15,20220120,0.0013861895963883115,-0.0009064362281634442,0.0020072095035268303
wf2022,TS_K15,20220121,-0.002324829536082326,0.0012137435030346467,-0.0036768584381796096
wf2022,TS_K15,20220124,0.0016404541198279665,-0.0015289880378513735,0.0032356192041343365
wf2022,TS_K15,20220125,0.001725180206391016,0.0011530994797096237,0.00044998226229996097
wf2022,TS_K15,20220126,0.005757775885349651,0.001212344476163314,0.004382815335517158
wf2022,TS_K15,20220127,0.0006979519078280164,0.0009540752096738906,-0.00035830925605788
wf2022,TS_K15,20220128,0.0019745912281687802,0.00027667742870280076,0.0018211980289040504
wf2022,TS_K15,20220207,0.004403775140401602,0.001108826135921298,0.003263587277185885
wf2022,TS_K15,20220208,-0.0025529842093443365,0.001682069963557669,-0.0041693345850410575
wf2022,TS_K15,20220209,0.0034711301900299737,-0.0008481481832231959,0.004334397459484654
wf2022,TS_K15,20220210,0.0025154259805009183,-0.0024779250823855035,0.005027712014433137
wf2022,TS_K15,20220211,-0.0007164476095877664,0.001668435707157529,-0.002460036394960758
wf2022,TS_K15,20220214,-0.002398229957756608,0.0005113892360854013,-0.002929404400355866
wf2022,TS_K15,20220215,-0.0008551714408400225,0.00045317561574881055,-0.001052678134837501
wf2022,TS_K15,20220216,0.00021971069078819154,0.0005627382536507516,-0.00033480132955199054
wf2022,TS_K15,20220217,0.003980582950468527,0.0031306669871872263,0.0008196452366419713
wf2022,TS_K15,20220218,-0.0020088684819338266,0.0010927477386461085,-0.003215408542873387
wf2022,TS_K15,20220221,0.000852663476597966,-0.0004860590110021335,0.001276614777353353
wf2022,TS_K15,20220222,-0.003543331295683433,0.0009478787410638443,-0.004502598839419579
wf2022,TS_K15,20220223,0.001059776130988458,-0.001473120711616891,0.0023749023229382433
wf2022,TS_K15,20220224,0.002958139954707553,0.004016799155284534,-0.0010006774616136314
wf2022,TS_K15,20220225,0.0026928189880481073,0.003211609515452288,-0.0005387581484547648
wf2022,TS_K15,20220228,-0.001442888122266556,-0.0007168600608461286,-0.0006481409169099751
wf2022,TS_K15,20220301,0.000632095281915798,0.0005592356946168848,0.00010355624085282887
wf2022,TS_K15,20220302,0.0043042752232952605,-6.822985971337184e-05,0.0045611443125790595
wf2022,TS_K15,20220303,0.0030343281892077044,0.0021275490416555764,0.0010525241506074115
wf2022,TS_K15,20220304,-0.0018105167698363803,-0.001442767975302029,-0.00028247599303974806
wf2022,TS_K15,20220307,0.002276142169604787,0.0008436812955756076,0.0013432005500345777
wf2022,TS_K15,20220308,-0.0037734632446017897,-0.0010226872159779631,-0.0027152328155854674
wf2022,TS_K15,20220309,0.0009095563569240551,0.002392388296239948,-0.0015466578275690368
wf2022,TS_K15,20220310,0.004216550357915657,0.002533333706642738,0.0014949657678066382
wf2022,TS_K15,20220311,0.002174755397713387,-0.0003627431337132183,0.0024311803160507414
wf2022,TS_K15,20220314,-0.0018041019717599735,-0.0008276175366492293,-0.0010028407956771954
wf2022,TS_K15,20220315,-0.0032567620699461702,-0.0016538043171374255,-0.0015940079816366924
wf2022,TS_K15,20220316,-0.0022110172250271627,0.0006850711508876029,-0.0029309278123608976
wf2022,TS_K15,20220317,0.0007677556428508769,-0.00013229633263644395,0.0008545628771405575
wf2022,TS_K15,20220318,-0.004046221650513033,-0.0012285368108092213,-0.0027531444091885076
wf2022,TS_K15,20220321,0.002323262301429568,-0.0008965598825704812,0.003105242992908896
wf2022,TS_K15,20220322,-0.0004744833213010556,-0.000719184471511797,0.00013516138481038133
wf2022,TS_K15,20220323,0.002294364547033051,0.0013969887776296476,0.0009358144325223588
wf2022,TS_K15,20220324,0.001076254244953152,-0.0010782329357110494,0.002068812095721509
wf2022,TS_K15,20220325,0.0031527852600912918,0.0013146272228945315,0.0016375018130434875
wf2022,TS_K15,20220328,-0.00015311052656937114,-0.0005286359997432395,0.00020932381874026474
wf2022,TS_K15,20220329,0.001325704688500972,0.0016284058632040422,-0.0004374648157558696
wf2022,TS_K15,20220330,0.0018286124217326714,-0.0003120072650528952,0.001963633173251155
wf2022,TS_K15,20220331,0.003918067015420482,0.0007919005104409986,0.002986245580248264
wf2022,TS_K15,20220401,-0.00016712333838721574,-0.0011159082651383007,0.0009230845189249772
wf2022,TS_K15,20220406,0.0026808090016867576,0.0009692607719158917,0.0019037330329562336
wf2022,TS_K15,20220407,0.0017657380515254412,-0.0006062156277892605,0.002103377777761287
wf2022,TS_K15,20220408,0.0005975630661948887,-0.0016246570427680123,0.0019802619186404745
wf2022,TS_K15,20220411,0.001670847191332113,0.001006587031154148,0.0006148107948989071
wf2022,TS_K15,20220412,0.0024242582861132116,-0.0005569913412999112,0.0029880434500759783
wf2022,TS_K15,20220413,0.0005369167664734907,0.000851320128027088,-0.00041108970614854595
wf2022,TS_K15,20220414,0.007403254317150122,0.005101574106861154,0.0022632015323135993
wf2022,TS_K15,20220415,0.0026930361015227453,0.003216581019270189,-0.0004982797603222883
wf2022,TS_K15,20220418,-0.00027228356857387885,-0.00047096172887617756,0.000198224929544691
wf2022,TS_K15,20220419,0.0019262322073364674,0.0004978534898170853,0.0014740415874075503
wf2022,TS_K15,20220420,0.0007858004676910627,-0.0017050030302530514,0.0026590310737859076
wf2022,TS_K15,20220421,0.0014974207028563427,0.00018065364039629458,0.001761693127460325
wf2022,TS_K15,20220422,0.000958377250496259,-0.0014106853996147652,0.002289960057825631
wf2022,TS_K15,20220425,0.00481121535168547,0.004314477752409183,0.0002645888981190733
wf2022,TS_K15,20220426,0.0076490116633360535,0.009944741117469551,-0.002311202159377088
wf2022,TS_K15,20220427,0.00026931636530731773,-0.0015528795438125474,0.0017955924039199
wf2022,TS_K15,20220428,-0.0004020551207767134,0.0016457377821390907,-0.002077427003469409
wf2022,TS_K15,20220429,0.0009377206914924219,0.0027809425437820626,-0.0016597583209967959
wf2022,TS_K15,20220505,-0.0002081677614120831,0.00075632793050787,-0.0007348727844471231
wf2022,TS_K15,20220506,-0.0004712924699833698,0.0007225515293237702,-0.0010154061339812553
wf2022,TS_K15,20220509,-0.0015220105885585967,0.00044350065793538455,-0.0018827612406998391
wf2022,TS_K15,20220510,0.002836714717474228,0.0037367311384165214,-0.0009800416593990556
wf2022,TS_K15,20220511,-0.0011052992882624926,-0.000784360555042716,-0.0004781215902899162
wf2022,TS_K15,20220512,0.0002396205412791702,-0.000547643216189903,0.000599183264334845
wf2022,TS_K15,20220513,-0.0009874959848012986,-0.0005556147514192006,-0.0005078301681587267
wf2022,TS_K15,20220516,0.0018372267050981714,0.0015694922075053881,0.00011167577786554389
wf2022,TS_K15,20220517,-0.00012203075493919316,0.00021839945068644013,-0.00035951044043285073
wf2022,TS_K15,20220518,0.0008914016580955433,0.0019042040962652146,-0.0009966499941007957
wf2022,TS_K15,20220519,0.0037325465715264995,0.0030711401865552816,0.0005770367866207799
wf2022,TS_K15,20220520,0.0007431531679192287,0.0015531011955233912,-0.0008877708920512578
wf2022,TS_K15,20220523,0.002939751224061281,-0.0008761786586633378,0.0036724655264824464
wf2022,TS_K15,20220524,0.0004931651029046608,0.0010381834390928778,-0.0005931506617428165
wf2022,TS_K15,20220525,0.002569436383284258,0.0008442045879627712,0.0016231742329359008
wf2022,TS_K15,20220526,-0.0008217312763877663,-0.0006922932753032336,-0.0001265054936181988
wf2022,TS_K15,20220527,0.0006123362092029412,0.00038494311116668675,0.00026829085522650883
wf2022,TS_K15,20220530,0.0032100600304612505,0.0026832647968664516,0.00048359022139866253
wf2022,TS_K15,20220531,-0.00027913887436775264,-0.0005027760382970972,0.0002553383446300185
wf2022,TS_K15,20220601,0.0019733772399094327,0.0016479326846549837,0.0003107336261976845
wf2022,TS_K15,20220602,-0.0009241858422467733,0.00164733266067582,-0.002646498438952776
wf2022,TS_K15,20220606,0.0006861033021131648,0.0002914764587047152,0.0003234648111639769
wf2022,TS_K15,20220607,0.00270436754679761,0.0019184247841291292,0.0007361368280253406
wf2022,TS_K15,20220608,0.0031930335438407013,0.0006368716797041258,0.002465588445517414
wf2022,TS_K15,20220609,-0.001508779909745378,-0.00014947943288899003,-0.0014021220658523223
wf2022,TS_K15,20220610,-0.0024346593987227706,-0.00011145892496153307,-0.0022992109789404243
wf2022,TS_K15,20220613,0.00183875904811355,-0.000293785381888331,0.0020750848996642156
wf2022,TS_K15,20220614,0.0060964090586910335,0.003486957412500739,0.0025680125102018458
wf2022,TS_K15,20220615,-0.0024606756153701826,0.00047125868138662264,-0.002974796227408003
wf2022,TS_K15,20220616,-0.00048233836739717834,0.0003465538910129531,-0.0008404673609257374
wf2022,TS_K15,20220617,-0.002715707508953431,-0.0016293900595215065,-0.0010900512805893962
wf2022,TS_K15,20220620,0.0020308281205055484,7.04652949099965e-05,0.0020886086016413045
wf2022,TS_K15,20220621,-0.0008150928870847909,-0.00033902201834967255,-0.0005001749559678053
wf2022,TS_K15,20220622,-0.0019052859701223744,-0.0007347607587516052,-0.001147736782484701
wf2022,TS_K15,20220623,-0.00032712937043630035,0.0006505038934774357,-0.0009962447014791051
wf2022,TS_K15,20220624,-0.001212543687514129,0.0003066689671527828,-0.0014889290552384635
wf2022,TS_K15,20220627,0.000461404684825863,-0.0008460048309096857,0.0012241880071238967
wf2022,TS_K15,20220628,0.005231482083168367,0.0019289479361845815,0.0032130198498188877
wf2022,TS_K15,20220629,-0.0009036400052686742,-0.00012315768177972587,-0.000791520784284824
wf2022,TS_K15,20220630,0.0014205021018132596,0.001058818450660727,0.000364407699262208
wf2022,TS_K15,20220701,0.0008273380035454725,0.0008755482313175894,-0.00016837620662528104
wf2022,TS_K15,20220704,0.0020934585499051937,0.0011266203469097883,0.0009042935456546621
wf2022,TS_K15,20220705,0.00019556389925729986,0.0005668272116548282,-0.0004048400105722124
wf2022,TS_K15,20220706,-0.000725814559191078,0.0004917316225417069,-0.0012626753782385668
wf2022,TS_K15,20220707,0.0006167461182122304,-0.0008907084744414933,0.0014022212852112174
wf2022,TS_K15,20220708,-0.0008858197814306697,-0.0019716441664481064,0.0010371161197023835
wf2022,TS_K15,20220711,0.0022606582818435386,0.00025215607768093635,0.0021192679576560952
wf2022,TS_K15,20220712,-0.0033658342926609647,-0.0026431217325002363,-0.0007923237147219992
wf2022,TS_K15,20220713,-0.0010004257663016039,0.0015839830536306001,-0.002442320857201395
wf2022,TS_K15,20220714,0.00035210680075299997,0.0016284912622724532,-0.0011016916618269462
wf2022,TS_K15,20220715,-0.0007450512869572566,-0.0006054324875166968,-0.00022085015773549196
wf2022,TS_K15,20220718,-0.001546409690767454,-0.001321497093663378,-0.0002854645496883226
wf2022,TS_K15,20220719,-0.00013757107272220452,0.0003187259599968782,-0.0004113542610796128
wf2022,TS_K15,20220720,0.0013655928878297755,0.001209051002831263,0.00017988009253913582
wf2022,TS_K15,20220721,0.00047462597827538085,-6.235135162760823e-05,0.0004993132789198485
wf2022,TS_K15,20220722,0.0044531735497926024,0.002686355871399969,0.0018136751137858209
wf2022,TS_K15,20220725,-0.0015716613263383004,-9.320571162312364e-05,-0.0015500687041429429
wf2022,TS_K15,20220726,-0.003325996660677885,-0.0015613449410007548,-0.0017825949337425535
wf2022,TS_K15,20220727,-0.00026218942379712534,-2.426891650246457e-05,-0.00029126854377677807
wf2022,TS_K15,20220728,-0.003336171214480977,-0.0028108228520879663,-0.0004417077435116861
wf2022,TS_K15,20220729,0.00032303495599216806,0.001538183424413058,-0.0011562990756055606
wf2022,TS_K15,20220801,0.004659454468831432,0.002633647098452934,0.0019685580475124463
wf2022,TS_K15,20220802,0.002476991553254404,0.0015890763525430777,0.0008836997625824453
wf2022,TS_K15,20220803,0.0006133734059831173,0.000808114084669972,-0.00017408154430125302
wf2022,TS_K15,20220804,0.0056701377735571545,0.003436065164321176,0.002219388466621135
wf2022,TS_K15,20220805,-0.003911819515676738,-0.001374737062682209,-0.002569969245012819
wf2022,TS_K15,20220808,-0.002438332085995451,-0.0012854312513884217,-0.001147558249134209
wf2022,TS_K15,20220809,-0.0017724425849496416,-0.0009203498155164971,-0.0009122316470401144
wf2022,TS_K15,20220810,0.004143542706931401,0.002574149891011775,0.0015888570610925947
wf2022,TS_K15,20220811,0.0008766923691285171,-0.0012140146372853166,0.0020674252490297273
wf2022,TS_K15,20220812,-0.0021233474366493567,0.0004860169059451196,-0.002651556765555263
wf2022,TS_K15,20220815,-0.003264562388738291,-0.0014585829689183838,-0.0018201945309374462
wf2022,TS_K15,20220816,0.0005082751375251244,-8.965087118021267e-05,0.0006304912703193892
wf2022,TS_K15,20220817,-0.0022927208732997366,0.0001451304517310585,-0.0024363054972359067
wf2022,TS_K15,20220818,0.002571287484838076,-0.0009597271370516776,0.0035185391651595165
wf2022,TS_K15,20220819,0.0019581602293220835,0.0012265268718429406,0.0007297746499829571
wf2022,TS_K15,20220822,-0.0026553098232423075,-0.001321877226588952,-0.0013264471258703102
wf2022,TS_K15,20220823,0.003972553104424514,-0.00014582669432819883,0.004119281327037263
wf2022,TS_K15,20220824,0.004507980452626922,0.001832808736560961,0.002678971388565852
wf2022,TS_K15,20220825,0.0003586690848761155,-0.000852546744753277,0.0012112158296293933
wf2022,TS_K15,20220826,-0.0006700481104711595,-0.0005160348535803051,-0.00015401325689085428
wf2022,TS_K15,20220829,0.0016752804799791225,-0.0009601273640634176,0.002635407844042539
wf2022,TS_K15,20220830,0.00608625655190485,0.0019400773276586096,0.004146179224246239
wf2022,TS_K15,20220831,0.0014812192446991852,0.0005955075920698668,0.0008857116526293177
wf2022,TS_K15,20220901,-0.0025892441155570545,-0.001183693138203458,-0.0014055509773535947
wf2022,TS_K15,20220902,-0.0006152659434403734,-0.0012255582174484393,0.000610292274008066
wf2022,TS_K15,20220905,-0.0020499349716230804,-0.00024046452567209181,-0.0018094704459509863
wf2022,TS_K15,20220906,-0.0014188614321252414,0.0010424628629436704,-0.002461324295068912
wf2022,TS_K15,20220907,0.0018428395308331177,4.2276440135009195e-06,0.0018386118868196162
wf2022,TS_K15,20220908,0.005041661459255538,0.003162952406682515,0.0018787090525730216
wf2022,TS_K15,20220909,7.42892950284452e-05,0.0001629144071560881,-8.862511212764318e-05
wf2022,TS_K15,20220913,0.0010204267990193364,5.893874820251147e-05,0.0009614880508168252
wf2022,TS_K15,20220914,0.002290747330440372,-0.0018526402479736794,0.004143387578414052
wf2022,TS_K15,20220915,0.0017238698021238043,0.0024700572848343027,-0.0007461874827105015
wf2022,TS_K15,20220916,0.001934840157331981,0.0021068238665705582,-0.00017198370923857725
wf2022,TS_K15,20220919,-0.003972594844163272,-0.0020831407571725194,-0.0018894540869907532
wf2022,TS_K15,20220920,7.433026204343388e-05,-0.0008691161275535022,0.0009434463895969373
wf2022,TS_K15,20220921,0.0006073247680105512,0.0016032339658958066,-0.0009959091978852552
wf2022,TS_K15,20220922,0.002927625048481014,0.0004666499909407721,0.002460975057540243
wf2022,TS_K15,20220923,0.0005716182148891441,0.0021878982379403165,-0.0016162800230511715
wf2022,TS_K15,20220926,0.0009569698714725315,0.000686967545437881,0.00027000232603465016
wf2022,TS_K15,20220927,0.0016616558971475105,-0.0011592046505906701,0.00282086054773818
wf2022,TS_K15,20220928,0.003591018210633596,0.0037956169645580106,-0.00020459875392441482
wf2022,TS_K15,20220929,0.001866066910589716,-0.0004447333360020476,0.0023108002465917665
wf2022,TS_K15,20220930,0.0010076656634492795,-5.520850535255888e-05,0.0010628741688018372
wf2022,TS_K15,20221010,-0.000709214579438424,0.0001817817978314102,-0.0008909963772698339
wf2022,TS_K15,20221011,-0.00020494462131800256,0.0013789722948950051,-0.0015839169162130107
wf2022,TS_K15,20221012,0.0009601661417545544,0.0013364248506901727,-0.00037625870893561814
wf2022,TS_K15,20221013,0.0023735095202981824,0.0033115357035672756,-0.0009380261832690891
wf2022,TS_K15,20221014,-0.0011694875582852933,-0.0007096659242726978,-0.0004598216340125937
wf2022,TS_K15,20221017,-0.00121183778470758,-0.0002517684537346252,-0.0009600693309729548
wf2022,TS_K15,20221018,-0.0008105609507133033,-0.0005595150412577253,-0.0002510459094555768
wf2022,TS_K15,20221019,0.00029602788478191606,-0.00042447805259827583,0.0007205059373801912
wf2022,TS_K15,20221020,-0.0014839644464325636,-0.0014427957627536768,-4.1168683678886714e-05
wf2022,TS_K15,20221021,0.0005679567749327548,0.0016253800384534059,-0.0010574232635206546
wf2022,TS_K15,20221024,-0.0009203065850190814,-0.0005671318421572541,-0.0003531747428618275
wf2022,TS_K15,20221025,0.0007176357266625508,0.0012101286010944938,-0.0004924928744319463
wf2022,TS_K15,20221026,0.003778937342793307,0.0016380216943107115,0.0021409156484825946
wf2022,TS_K15,20221027,0.0013173233611495638,3.892381781127731e-06,0.00131343097936843
wf2022,TS_K15,20221028,-0.0008492904655416321,-0.0001565469680869811,-0.0006927434974546509
wf2022,TS_K15,20221031,0.0020094364668903943,0.002469517872235866,-0.00046008140534547175
wf2022,TS_K15,20221101,0.0008708663528761654,0.0017786417038239222,-0.0009077753509477585
wf2022,TS_K15,20221102,-0.00156586540016289,-0.00064757559587462,-0.0008706709607439424
wf2022,TS_K15,20221103,0.0018354746697573296,0.002732533366468438,-0.0008970586967111076
wf2022,TS_K15,20221104,-0.00023859963697307144,-0.0003773202296803013,0.00014103785814660645
wf2022,TS_K15,20221107,-0.00047846339451705774,-0.0009406308012362453,0.000469292347695052
wf2022,TS_K15,20221108,-0.0004626848183585541,-0.0006536941582417413,0.00018688885028227576
wf2022,TS_K15,20221109,-4.4496152310391935e-05,-0.0018025731036678042,0.0017677763200564685
wf2022,TS_K15,20221110,0.0042944262280535965,0.003137368629754514,0.0011586596937370294
wf2022,TS_K15,20221111,0.00013554547900989852,-0.0014687148867321997,0.0016102713973289214
wf2022,TS_K15,20221114,0.0006046877466410021,0.002097365795973888,-0.001494145836753674
wf2022,TS_K15,20221115,-0.0004039953622857217,-0.0008183220560466678,0.0004284142586411428
wf2022,TS_K15,20221116,-0.0003489104665010895,-0.0008524634522745259,0.0005162703502747204
wf2022,TS_K15,20221117,0.0008904329668340738,0.00035394539270717395,0.0005381406232378229
wf2022,TS_K15,20221118,-0.002792621180509952,-0.001047274048654934,-0.0017369934790294824
wf2022,TS_K15,20221121,0.002681910766744606,1.2731230586948797e-05,0.002692798578298379
wf2022,TS_K15,20221122,0.000967407045333153,0.00012253722260054437,0.0008255522179704837
wf2022,TS_K15,20221123,-0.0005754294533558005,0.00044633306915823804,-0.0010054008707584684
wf2022,TS_K15,20221124,0.0017450539584491758,-0.0009127336375130729,0.002666755023994591
wf2022,TS_K15,20221125,-0.0013294214516505593,-0.0009379375700161835,-0.00040261974804139613
wf2022,TS_K15,20221128,0.00031323322650115074,-0.00023927123941190113,0.0005434600273003623
wf2022,TS_K15,20221129,-3.2337943629099134e-05,0.00015550505347477768,-0.0001985941791510177
wf2022,TS_K15,20221130,0.0012836071708379887,0.0020232629798575463,-0.0007230110100568227
wf2022,TS_K15,20221201,-0.0001867349343465585,-6.906744088621981e-06,-0.0001812360484537685
wf2022,TS_K15,20221202,0.002366337090424428,0.00025184232764271006,0.002118245132700076
wf2022,TS_K15,20221205,0.002639921800790152,0.002215375067324382,0.00043869808866735987
wf2022,TS_K15,20221206,0.0012238444875541802,0.0015726255958338055,-0.00034559150726258623
wf2022,TS_K15,20221207,0.0007009469461426148,0.00037405281267697383,0.0003243033073923655
wf2022,TS_K15,20221208,0.0019019297383272567,0.001796747646975818,9.599016933442548e-05
wf2022,TS_K15,20221209,-0.0007020522519956144,0.00038518617751658464,-0.0010920554862126682
wf2022,TS_K15,20221212,0.00102793736284497,-0.0002962316702499795,0.0013224633595351719
wf2022,TS_K15,20221213,0.00038080112890065757,1.6323639153485047e-05,0.0003540200780641616
wf2022,TS_K15,20221214,-0.0013485958411402171,-0.00045020774011224546,-0.0008983881010279722
wf2022,TS_K15,20221215,0.003072975544556998,0.0021350778809898505,0.0009378976635671467
wf2022,TS_K15,20221216,0.0008576754518471036,0.0013082269602571455,-0.00045055150841004604
wf2022,TS_K15,20221219,-0.0011881477133280048,-0.0019217231253735444,0.0007335754120455407
wf2022,TS_K15,20221220,0.0004768254880779905,-0.00011698665451528287,0.0005938121425932726
wf2022,TS_K15,20221221,0.002753549500109897,0.002528910689107184,0.0002246388110027134
wf2022,TS_K15,20221222,0.0013056485691662068,0.0010859867401834152,0.00021966182898279168
wf2022,TS_K15,20221223,-0.001177025073676381,0.00023919833193001872,-0.0014162234056063995
wf2022,TS_K15,20221226,0.0014639407653140356,0.00043741559598743716,0.001026525169326599
wf2022,TS_K15,20221227,0.00025376557198760613,-0.00016441859527895948,0.000418184167266567
wf2022,TS_K15,20221228,0.001243579992126819,0.0014492901467206562,-0.0002057101545938361
wf2022,TS_K15,20221229,0.00028694194741802573,-0.00024154927285254747,0.0005284912202705731
wf2022,TS_K15,20221230,-0.001528278053905742,0.0001725494930288702,-0.0017008275469346105
wf2022,TS_K20,20220104,0.008430705573843508,0.0020758221173224137,0.004932453829231912
wf2022,TS_K20,20220105,-0.0016242925845754552,0.0003360045569434521,-0.001955288008219973
wf2022,TS_K20,20220106,0.008478418848419603,0.0016641285907527457,0.006867791710905463
wf2022,TS_K20,20220107,0.0011172651826792564,-0.00026106570702462005,0.0014796285218475864
wf2022,TS_K20,20220110,0.00448292993295339,0.0007368653129808182,0.0029808136446194487
wf2022,TS_K20,20220111,-0.005956899285796678,-0.0015567845130939999,-0.004370453654144605
wf2022,TS_K20,20220112,0.004397757456130642,-0.0001129227223128824,0.004499877856368498
wf2022,TS_K20,20220113,-0.002086900094639188,0.002981599483255324,-0.005067373531774358
wf2022,TS_K20,20220114,-0.0017402654860575548,0.0001879230360402455,-0.002000225738219578
wf2022,TS_K20,20220117,0.002706007766106992,-0.00019865995850496763,0.0029636383797421147
wf2022,TS_K20,20220118,0.003642922721943465,-0.0005676495162942806,0.003313187424909714
wf2022,TS_K20,20220119,0.005880175708006866,-0.0003455430948838667,0.006089105447410658
wf2022,TS_K20,20220120,0.0007285466415329865,-0.0016763592192151455,0.0021194895397232067
wf2022,TS_K20,20220121,-0.0031694874016248713,0.0003029365528409377,-0.0036107093535284445
wf2022,TS_K20,20220124,0.0011829933899397405,-0.001821907789113969,0.0030710782255087086
wf2022,TS_K20,20220125,0.0013223220843381423,0.0007003229140376849,0.0004999007059190259
wf2022,TS_K20,20220126,0.005477841738114213,0.0013226572028474713,0.003992568461597559
wf2022,TS_K20,20220127,0.00023982927852192644,0.0003229108433839087,-0.0001852675190739878
wf2022,TS_K20,20220128,0.001688925016215037,9.229468324193922e-05,0.001719914562411176
wf2022,TS_K20,20220207,0.004188358663629554,0.000997255158896356,0.003159741777438781
wf2022,TS_K20,20220208,-0.002061600395074999,0.0020226141720414447,-0.004018494979255497
wf2022,TS_K20,20220209,0.0036062508662764257,-0.0006194633581254729,0.004240833310633383
wf2022,TS_K20,20220210,0.002570453842258392,-0.002126868108593964,0.0047316829023990705
wf2022,TS_K20,20220211,-0.000686908394197883,0.001593902600872854,-0.0023559640732862
wf2022,TS_K20,20220214,-0.0030638485921309295,-0.00034078291617906564,-0.002742850882465721
wf2022,TS_K20,20220215,-0.0012078147482448443,4.458150240397121e-05,-0.000996727328897484
wf2022,TS_K20,20220216,0.0005288477100449211,0.0008592570357692135,-0.0003221830924137226
wf2022,TS_K20,20220217,0.0037492382030211626,0.0029268510641476822,0.0007921164122341544
wf2022,TS_K20,20220218,-0.0014357420445739316,0.00146515183949131,-0.0030146862063586953
wf2022,TS_K20,20220221,0.0005374572029821518,-0.0006910026244669757,0.0011663521172023787
wf2022,TS_K20,20220222,-0.00291373276936408,0.0012006596669741456,-0.00412578123901053
wf2022,TS_K20,20220223,0.000938944931743034,-0.0014735509410351826,0.0022545013531111106
wf2022,TS_K20,20220224,0.002103080796087042,0.003056803054494511,-0.0008957405194441213
wf2022,TS_K20,20220225,0.0022800189884289316,0.002741818351695193,-0.0004817669843168454
wf2022,TS_K20,20220228,-0.0017050722686918988,-0.0009941696228811757,-0.0006330155013002713
wf2022,TS_K20,20220301,0.0011204291250929387,0.0010518299073035411,9.929587134331261e-05
wf2022,TS_K20,20220302,0.004041460591391306,-4.4180796275664966e-05,0.0042742806172373984
wf2022,TS_K20,20220303,0.002335954242570758,0.0014704357595582754,0.0010112634860677653
wf2022,TS_K20,20220304,-0.0017241500071666915,-0.0013765811645667222,-0.0002622960411053691
wf2022,TS_K20,20220307,0.0019042223033054369,0.0005535362189956561,0.001261425760315178
wf2022,TS_K20,20220308,-0.002721407324848676,-0.00026675006048058946,-0.002419114051329722
wf2022,TS_K20,20220309,0.0013530543857745853,0.0027490110607580887,-0.001459782563236648
wf2022,TS_K20,20220310,0.005539466903471454,0.003974080797708273,0.001377135222296902
wf2022,TS_K20,20220311,0.0008598152698639991,-0.0013535243495191598,0.0021070214040072952
wf2022,TS_K20,20220314,-0.0022810850151964435,-0.0012209108728741397,-0.0010865305028887446
wf2022,TS_K20,20220315,-0.003000462441579768,-0.001518018729562435,-0.0014734939408452823
wf2022,TS_K20,20220316,-0.0006381146780422599,0.001934612507215362,-0.002607566621703754
wf2022,TS_K20,20220317,0.00042486033535956737,-0.0004485649158178797,0.0008279361528306851
wf2022,TS_K20,20220318,-0.0032533257835340532,-0.0006065750094127527,-0.0025822103436059967
wf2022,TS_K20,20220321,0.0016743004270630588,-0.0012787999327741586,0.0028385211687460645
wf2022,TS_K20,20220322,-0.0005445172755095518,-0.0008463559981646905,0.00019229895725477787
wf2022,TS_K20,20220323,0.002677595302244396,0.001860411902713405,0.0008556220626499477
wf2022,TS_K20,20220324,0.0014363700917849934,-0.0005839205899144134,0.0019346155967567143
wf2022,TS_K20,20220325,0.0029793532567929074,0.001298685636685532,0.0014800113959541024
wf2022,TS_K20,20220328,0.001613368031226606,0.0012795638527214972,0.00016760252407150444
wf2022,TS_K20,20220329,0.000841037252547739,0.0011124745150464098,-0.0004062009035514691
wf2022,TS_K20,20220330,0.0005887479127403617,-0.0014284042506227893,0.001840165649828739
wf2022,TS_K20,20220331,0.0033292248983099364,0.00041275837504050104,0.0027765455985382164
wf2022,TS_K20,20220401,-0.001593082734141554,-0.002489324367829405,0.0008705412258617424
wf2022,TS_K20,20220406,0.0025149505113180246,0.0009781557949133733,0.0017289795195900236
wf2022,TS_K20,20220407,-0.00012144464466931452,-0.002174260676613286,0.0017842401303905578
wf2022,TS_K20,20220408,0.001960649517723241,-2.6191015755300067e-05,0.0017448823431561165
wf2022,TS_K20,20220411,0.0017899717376494116,0.0013084197273567576,0.0004321026450135948
wf2022,TS_K20,20220412,0.002282111465869291,-0.0002556412025666334,0.0025445464910987792
wf2022,TS_K20,20220413,0.0009377494874648999,0.0012254890455748564,-0.00038442590270490614
wf2022,TS_K20,20220414,0.008438770677064746,0.006510613707109696,0.0018896782919796812
wf2022,TS_K20,20220415,0.002440330060518174,0.0030637060948897777,-0.000598110876946447
wf2022,TS_K20,20220418,-0.000431683547620563,-0.0005879127550079286,0.00015577597662975713
wf2022,TS_K20,20220419,0.0017868068460794393,0.0006431693415792498,0.0011893003743883585
wf2022,TS_K20,20220420,0.00034779178311046544,-0.0018993322823003575,0.0024153516412526166
wf2022,TS_K20,20220421,-0.0002070689197596915,-0.0014374770333431997,0.0016753341785837852
wf2022,TS_K20,20220422,0.00024130806087278855,-0.001919842331409207,0.0020820477999966046
wf2022,TS_K20,20220425,0.004424931482737402,0.003983382908871295,0.00020939987270889027
wf2022,TS_K20,20220426,0.007954045253237962,0.00997393762433236,-0.002035365076337985
wf2022,TS_K20,20220427,0.0010214118642474165,-0.0006122953167349922,0.0016071036757824434
wf2022,TS_K20,20220428,0.001576549222430626,0.0033034530796379013,-0.001756537957760872
wf2022,TS_K20,20220429,0.004335886143977296,0.005856817468721865,-0.0013374677934517216
wf2022,TS_K20,20220505,0.0004827054237962966,0.0014301870041743164,-0.0007178586729051891
wf2022,TS_K20,20220506,0.0005719075332178483,0.0016694058454265494,-0.0009190604468828167
wf2022,TS_K20,20220509,-0.001260254214388858,0.0004296258631741797,-0.001607130071768895
wf2022,TS_K20,20220510,0.0032514902586712625,0.00401340500556245,-0.0008419399853479492
wf2022,TS_K20,20220511,-0.00022935108531761672,-3.777467092561413e-05,-0.0003487592714621432
wf2022,TS_K20,20220512,0.00011413879002308402,-0.0006436212594159253,0.0005696795563047791
wf2022,TS_K20,20220513,-0.0007357638226448771,-0.0003330064178821876,-0.00047870633953931845
wf2022,TS_K20,20220516,0.002261219207833722,0.0019701053985687056,0.00013505508953777707
wf2022,TS_K20,20220517,0.00019987895595521398,0.00046339616680550683,-0.0002825974456575099
wf2022,TS_K20,20220518,0.001106338176124405,0.002069151207493272,-0.0009466605872999916
wf2022,TS_K20,20220519,0.0045743402994203285,0.003925574052634449,0.0005643966484354405
wf2022,TS_K20,20220520,0.0017070780995288373,0.002386506311168282,-0.0007572510760865418
wf2022,TS_K20,20220523,0.001842125064624757,-0.0015950052452144482,0.00329366595359705
wf2022,TS_K20,20220524,0.0005933744146350353,0.001061247835221739,-0.0005160057461412983
wf2022,TS_K20,20220525,0.002350469711313338,0.000832921785945014,0.001415490362982737
wf2022,TS_K20,20220526,-0.0011205651945670517,-0.0009903598642557287,-0.0001272728228449891
wf2022,TS_K20,20220527,0.0005698084057629057,0.0003652771290370055,0.00024542903391615496
wf2022,TS_K20,20220530,0.0029776239757713964,0.0025257231569918897,0.00040869580658337213
wf2022,TS_K20,20220531,-0.0009564170124822116,-0.0011486740511543027,0.00022395821937276666
wf2022,TS_K20,20220601,0.0016107243282812034,0.0014280534295590648,0.0001679599696653728
wf2022,TS_K20,20220602,-0.0007686043555599157,0.00139111068555563,-0.0022346949771457282
wf2022,TS_K20,20220606,0.0014180342104270329,0.0010506765649106835,0.0002961956132718779
wf2022,TS_K20,20220607,0.0018153038507574579,0.001146134333248968,0.0006193635828653501
wf2022,TS_K20,20220608,0.00257377536417051,0.0003864931930393298,0.002096708752512019
wf2022,TS_K20,20220609,-0.00045503197214213226,0.0007247464400774149,-0.0012226000012154814
wf2022,TS_K20,20220610,-0.002032414122983095,-5.288330821699161e-05,-0.0019555413199452924
wf2022,TS_K20,20220613,0.000950659676888574,-0.0008493452166741578,0.0017425453632250666
wf2022,TS_K20,20220614,0.0056377376377857585,0.0034366972157931133,0.0021596012860041983
wf2022,TS_K20,20220615,-0.0016829042781527194,0.0008172871328598896,-0.002543053341663806
wf2022,TS_K20,20220616,-0.0007172571403195487,-1.7954366238237258e-05,-0.0007108778765969183
wf2022,TS_K20,20220617,-0.0007466662289445682,0.00020567816690010755,-0.0009560782270021463
wf2022,TS_K20,20220620,0.002084165061198521,0.0004060022152482497,0.0018064086219960246
wf2022,TS_K20,20220621,-0.00023900934261678053,0.00014416013672540173,-0.0004072735665748682
wf2022,TS_K20,20220622,-0.002449922715340381,-0.0014884274931400128,-0.0009387067933142982
wf2022,TS_K20,20220623,0.0004539117889578101,0.0013170269938262468,-0.0008817266424338044
wf2022,TS_K20,20220624,-0.00014835934902620966,0.001153163398441073,-0.0012712391480388368
wf2022,TS_K20,20220627,0.0007221538278966155,-0.000417704230584434,0.0010566365498693945
wf2022,TS_K20,20220628,0.00575344511203245,0.0029407744267731994,0.0027231563880943553
wf2022,TS_K20,20220629,0.001049331467827293,0.001756157669192558,-0.000717864662161142
wf2022,TS_K20,20220630,0.0014029846958113212,0.001193975080936346,0.00021173366298465017
wf2022,TS_K20,20220701,0.0019619309197880432,0.002041645902727258,-0.0001998809617923773
wf2022,TS_K20,20220704,0.001081062981973792,0.00026841773064748003,0.0007501005939855694
wf2022,TS_K20,20220705,0.0013279659258658878,0.0016503942010348313,-0.00035600497334363013
wf2022,TS_K20,20220706,-0.002009812784006966,-0.0009909077886755234,-0.0010640341918372249
wf2022,TS_K20,20220707,0.0024091759999251383,0.001126251196526212,0.0011776914959564194
wf2022,TS_K20,20220708,-0.0028542335169794673,-0.0038341205151576872,0.0009311787328631694
wf2022,TS_K20,20220711,0.0014402572473683657,-0.00023772100535490877,0.0017887440062167655
wf2022,TS_K20,20220712,-0.0028939781792515773,-0.0023509922962869265,-0.0006125970375259205
wf2022,TS_K20,20220713,0.000210665438095314,0.002342605574666178,-0.001989852173840055
wf2022,TS_K20,20220714,-6.0316153795599015e-05,0.0010400546501420312,-0.0009256780042451244
wf2022,TS_K20,20220715,-0.00012597127416563714,-7.205733573924298e-05,-0.00013514529672132544
wf2022,TS_K20,20220718,-0.0010824380534014133,-0.0008551194137424753,-0.00028787059224318377
wf2022,TS_K20,20220719,0.0004846272347381348,0.0009901857474049556,-0.0004606157410273516
wf2022,TS_K20,20220720,0.00021654980421428188,3.2416999707647566e-05,0.0002074710120472577
wf2022,TS_K20,20220721,0.00033928483365159917,-0.00014591821679347077,0.0004475389994619297
wf2022,TS_K20,20220722,0.003713417037993076,0.002264110649433607,0.001496163823952657
wf2022,TS_K20,20220725,-0.0016405610985931914,-0.0003632688404708121,-0.0013489053475501463
wf2022,TS_K20,20220726,-0.0034547452750771715,-0.0019752154510488985,-0.001497473038093695
wf2022,TS_K20,20220727,0.0003958170770474046,0.0005472375951794256,-0.00020476855461413893
wf2022,TS_K20,20220728,-0.003451211481881808,-0.0030560942634037355,-0.00031147659959674875
wf2022,TS_K20,20220729,0.0013521764673630138,0.002332194307651439,-0.0009211684474730966
wf2022,TS_K20,20220801,0.003733289335809853,0.002133641000810261,0.0015423990121335288
wf2022,TS_K20,20220802,0.0022519730988103514,0.0015620750716028213,0.0006856825890786478
wf2022,TS_K20,20220803,0.001597686164191276,0.0017013563158141912,-8.301101723731617e-05
wf2022,TS_K20,20220804,0.005285903055091447,0.003452635827187611,0.0018185830852889954
wf2022,TS_K20,20220805,-0.0033247820939605894,-0.0011708422627675727,-0.0021868266232113074
wf2022,TS_K20,20220808,-0.0023423437369051244,-0.0013523279432010047,-0.0009846732082312989
wf2022,TS_K20,20220809,-0.0019181155800496478,-0.0012161171374038798,-0.0007621373202527377
wf2022,TS_K20,20220810,0.003848655061840839,0.0025531708599412185,0.001314948447072594
wf2022,TS_K20,20220811,0.0014117972630287635,-0.00034473880930755097,0.001733254314952208
wf2022,TS_K20,20220812,-0.0021786151718015535,9.98112075632731e-05,-0.002320618802325615
wf2022,TS_K20,20220815,-0.0031613428886277826,-0.0015647777735749765,-0.0016107802261703453
wf2022,TS_K20,20220816,0.0006603076808922082,0.00015197218513185608,0.0005409007573744043
wf2022,TS_K20,20220817,-0.001512573506748013,0.0005674617341715594,-0.002078489413124684
wf2022,TS_K20,20220818,0.00239623791973226,-0.0005692406079767559,0.0029530030709787785
wf2022,TS_K20,20220819,0.002326553994375819,0.00159093800486234,0.0007337572820172934
wf2022,TS_K20,20220822,-0.0016114334680333293,-0.0005141442866991291,-0.0010903037105511539
wf2022,TS_K20,20220823,0.004717773784875621,0.001189909313874545,0.003528765999285629
wf2022,TS_K20,20220824,0.0032452938207007875,0.0010196862877484192,0.0022294072054522603
wf2022,TS_K20,20220825,0.00044141338728546746,-0.0005070346460719507,0.0009484480333574188
wf2022,TS_K20,20220826,-0.0008838810697460574,-0.0007463410404176611,-0.0001375400293283961
wf2022,TS_K20,20220829,0.002377036440015214,0.0002269214936937135,0.0021501149463214993
wf2022,TS_K20,20220830,0.004100206835697069,0.000650629460490395,0.0034495773752066783
wf2022,TS_K20,20220831,0.0017476092495932595,0.001104901504911661,0.0006427077446815977
wf2022,TS_K20,20220901,-0.0017684526252194372,-0.0006809937165798435,-0.0010874589086395927
wf2022,TS_K20,20220902,-0.001470411637918707,-0.0018952791443156232,0.00042486750639691675
wf2022,TS_K20,20220905,-0.0016121238737440684,-0.00014623684078545347,-0.0014658870329586138
wf2022,TS_K20,20220906,-0.001128235273597233,0.0010423930520725643,-0.0021706283256697967
wf2022,TS_K20,20220907,0.0009301856349984428,-0.0005567882869083201,0.0014869739219067625
wf2022,TS_K20,20220908,0.0043969469337573315,0.002795477243599702,0.0016014696901576295
wf2022,TS_K20,20220909,-0.00035365784925159207,-0.00030092047410360423,-5.273737514798766e-05
wf2022,TS_K20,20220913,0.0004913028814406625,-0.00031903951143039024,0.0008103423928710533
wf2022,TS_K20,20220914,0.001831390413656063,-0.0014245311622049263,0.003255921575860991
wf2022,TS_K20,20220915,0.0019004428427160346,0.0024937292582675823,-0.0005932864155515445
wf2022,TS_K20,20220916,0.002614537661686034,0.002791863494253151,-0.00017732583256711718
wf2022,TS_K20,20220919,-0.002586881802285973,-0.0011651662638923002,-0.0014217155383936745
wf2022,TS_K20,20220920,-0.00017968093072689506,-0.0009279806526268482,0.0007482997218999541
wf2022,TS_K20,20220921,-0.0005181800357378702,0.000336858803578633,-0.0008550388393165028
wf2022,TS_K20,20220922,0.002779665514622009,0.0007453344532950929,0.002034331061326918
wf2022,TS_K20,20220923,0.001115480489779986,0.0025102077153704256,-0.0013947272255904405
wf2022,TS_K20,20220926,0.0017352067393890253,0.001465446406618823,0.0002697603327702036
wf2022,TS_K20,20220927,0.0010812845873881052,-0.0013687456308497674,0.0024500302182378737
wf2022,TS_K20,20220928,0.0034497690487557226,0.003582327753363748,-0.00013255870460802504
wf2022,TS_K20,20220929,0.0012437821983049928,-0.0008195700045169013,0.002063352202821896
wf2022,TS_K20,20220930,3.850675729866193e-05,-0.0006939190465386037,0.0007324258038372657
wf2022,TS_K20,20221010,-0.0007408009968190438,-0.00010724235836889512,-0.0006335586384501496
wf2022,TS_K20,20221011,0.0007378204305580269,0.001953729083864652,-0.0012159086533066277
wf2022,TS_K20,20221012,0.0006345312706802896,0.0008794100849059858,-0.0002448788142256947
wf2022,TS_K20,20221013,0.0022278237859811832,0.002905005293713266,-0.0006771815077320765
wf2022,TS_K20,20221014,-0.00019626857786579285,0.00018108266618823172,-0.0003773512440540241
wf2022,TS_K20,20221017,-0.0017845612327666597,-0.0009081522843537856,-0.0008764089484128741
wf2022,TS_K20,20221018,-0.0008989500482120671,-0.0006862247495596292,-0.00021272529865243745
wf2022,TS_K20,20221019,9.885527523409128e-05,-0.0005371444858991484,0.0006359997611332386
wf2022,TS_K20,20221020,-0.0007208153686751496,-0.0007205828350637365,-2.3253361141283703e-07
wf2022,TS_K20,20221021,0.00048250648900892076,0.0014228821832914804,-0.0009403756942825613
wf2022,TS_K20,20221024,0.00032090231150911806,0.0005942502120048899,-0.00027334790049577144
wf2022,TS_K20,20221025,0.0007517733861180931,0.0011327060319182179,-0.0003809326458001274
wf2022,TS_K20,20221026,0.0030241730268097135,0.0011762453649655244,0.0018479276618441893
wf2022,TS_K20,20221027,0.001982906236098078,0.0007837971279354214,0.001199109108162655
wf2022,TS_K20,20221028,0.000485536276290742,0.001012126008493654,-0.0005265897322029119
wf2022,TS_K20,20221031,0.0018357533502986467,0.002298943035333357,-0.000463189685034708
wf2022,TS_K20,20221101,0.0011622140729343512,0.002072312605388746,-0.000910098532454397
wf2022,TS_K20,20221102,-0.0007785898843488683,9.512216938556761e-05,-0.0008260932101901089
wf2022,TS_K20,20221103,0.0019259555621371771,0.0027832741704088906,-0.0008573186082717119
wf2022,TS_K20,20221104,-0.0004988459439459981,-0.0005699019486608665,7.33732701542445e-05
wf2022,TS_K20,20221107,-0.0006127484916235484,-0.0010119178926258677,0.0004062943419781837
wf2022,TS_K20,20221108,-0.0009822551798396807,-0.0011641185152341507,0.0001777428457935584
wf2022,TS_K20,20221109,0.00019853507478944385,-0.001478043340812266,0.0016862777843007666
wf2022,TS_K20,20221110,0.0031903999861295418,0.0019758174963800026,0.0012161845851874874
wf2022,TS_K20,20221111,0.0007993686478287911,-0.0006540565854495878,0.0014594362648652015
wf2022,TS_K20,20221114,0.0004417307912370598,0.0018073586968264405,-0.0013670956930101697
wf2022,TS_K20,20221115,-0.0014038021248927112,-0.0018559684349290287,0.00046625387491651394
wf2022,TS_K20,20221116,-0.0002043493655935584,-0.0007009399157381804,0.0005093079146459049
wf2022,TS_K20,20221117,0.000418653352173436,-6.546239617212708e-05,0.0004857687974564867
wf2022,TS_K20,20221118,-0.0015530145602111925,0.0001374034852815989,-0.0016820643926672562
wf2022,TS_K20,20221121,0.0014748542168373183,-0.001048889715848067,0.002547362974826106
wf2022,TS_K20,20221122,0.0007231516750620236,2.8220352700112576e-06,0.0007010120350298877
wf2022,TS_K20,20221123,-0.000650460985779202,0.00028657889901162345,-0.0009206782330352552
wf2022,TS_K20,20221124,0.0018296456209309217,-0.0005873585479338791,0.002425971596897145
wf2022,TS_K20,20221125,-0.001877947484141548,-0.0015279659473462688,-0.0003611174032022999
wf2022,TS_K20,20221128,0.0001888934547026981,-0.00029219294320565576,0.00047204195929566507
wf2022,TS_K20,20221129,-0.0005497169380002083,-0.00037852541244920944,-0.00018194270759813985
wf2022,TS_K20,20221130,0.00043423660799607466,0.0011428791075843844,-0.0006919977006255747
wf2022,TS_K20,20221201,-0.0012170071365545446,-0.0010723145255993314,-0.00014610046915104448
wf2022,TS_K20,20221202,0.0005867899620122224,-0.0014959183418703475,0.002086458673800925
wf2022,TS_K20,20221205,0.001991412715271488,0.0015526185247886153,0.00045294554568446203
wf2022,TS_K20,20221206,0.0012916775933491977,0.0016582521966779084,-0.00036338500231167085
wf2022,TS_K20,20221207,-0.00010977380789033283,-0.0004381187041479786,0.00032575407018437083
wf2022,TS_K20,20221208,0.002179109695767432,0.002113156855812378,5.67609179380408e-05
wf2022,TS_K20,20221209,0.00028456590298090627,0.001353083407305197,-0.0010733345610247605
wf2022,TS_K20,20221212,0.00047231675596457823,-0.0008904403707137517,0.0013610514531185523
wf2022,TS_K20,20221213,0.00010510797417314765,-0.0002157673845361113,0.0003104179470262477
wf2022,TS_K20,20221214,-0.0008197689790533382,5.753376547448655e-05,-0.0008773027445278243
wf2022,TS_K20,20221215,0.0021395129316813272,0.001163571189774323,0.0009759417419070025
wf2022,TS_K20,20221216,0.0009036556857813377,0.0013344556500191568,-0.0004307999642378198
wf2022,TS_K20,20221219,-0.0007745317336339584,-0.001433810794223533,0.0006592790605895742
wf2022,TS_K20,20221220,0.0006276429482804458,7.005402475375845e-05,0.000557588923526688
wf2022,TS_K20,20221221,0.0026904195491502577,0.0024959149390274015,0.0001945046101228541
wf2022,TS_K20,20221222,0.0006290053709867498,0.0004412364912474702,0.0001877688797392798
wf2022,TS_K20,20221223,-0.0001315801493234365,0.0012527124111990338,-0.0013842925605224675
wf2022,TS_K20,20221226,0.0009641411049412111,2.023251878894566e-05,0.0009439085861522661
wf2022,TS_K20,20221227,0.00021844154674573873,-0.00021310081478309286,0.00043154236152883094
wf2022,TS_K20,20221228,0.0008790908430353589,0.0011285333727242533,-0.00024944252968889415
wf2022,TS_K20,20221229,0.0004650504468845908,-8.780154239120664e-05,0.0005528519892757959
wf2022,TS_K20,20221230,-0.0017600458936961258,-0.00021002296507781346,-0.0015500229286183175
wf2022,TS_K25,20220104,0.008229619415380262,0.0022197685301979997,0.005767466067207071
wf2022,TS_K25,20220105,-0.001189109099587647,0.0007030440163180143,-0.0016144421375470345
wf2022,TS_K25,20220106,0.007649149915285078,0.0010391567757709317,0.006663494592752751
wf2022,TS_K25,20220107,0.0008871587446927925,-0.0004854605812379768,0.0014739169580744783
wf2022,TS_K25,20220110,0.0047153623079278445,0.0011375283919475472,0.0035330974451030805
wf2022,TS_K25,20220111,-0.005414351068458729,-0.0012307482645345675,-0.0033763581052695694
wf2022,TS_K25,20220112,0.004778249718663486,0.0005149294285060296,0.004252517968082429
wf2022,TS_K25,20220113,-0.0018474967327208915,0.002970694195628692,-0.00481706488222943
wf2022,TS_K25,20220114,-0.0016211322668203253,0.00017801650648903352,-0.0018711859894311395
wf2022,TS_K25,20220117,0.0027526077781910296,-5.622628218863226e-05,0.002867804715509818
wf2022,TS_K25,20220118,0.003596118704036598,-0.0003866440122939185,0.0039203451571527366
wf2022,TS_K25,20220119,0.005945148348304896,0.0001289922798736966,0.005679542712951124
wf2022,TS_K25,20220120,0.0009767787884999626,-0.0013018421427008625,0.0019932046101759
wf2022,TS_K25,20220121,-0.0030268261510662847,0.00024777587426171304,-0.003412887424390633
wf2022,TS_K25,20220124,0.0011218332553716223,-0.0017784873867317296,0.002966497688558347
wf2022,TS_K25,20220125,0.0009489513858615744,0.0003587327383634899,0.0004681201831166521
wf2022,TS_K25,20220126,0.0047236786238504,0.0008594680127403314,0.0037015945374408842
wf2022,TS_K25,20220127,0.0009195295278082768,0.0009805345413565897,-0.00016319096776032106
wf2022,TS_K25,20220128,0.0019199230107826322,0.0004563360455715927,0.0015868711946491188
wf2022,TS_K25,20220207,0.004664733975014396,0.0016263318349743659,0.003007040412745613
wf2022,TS_K25,20220208,-0.0020864738478096594,0.0017895711985808683,-0.0038103254585295804
wf2022,TS_K25,20220209,0.0038586942380830335,-0.00019425301630822918,0.0040680663406227465
wf2022,TS_K25,20220210,0.002079082933435901,-0.0023889151387099196,0.004502359023692534
wf2022,TS_K25,20220211,-0.00018765179142969836,0.0019221080190317368,-0.0021849128886768984
wf2022,TS_K25,20220214,-0.002845583200122581,-0.0002636896141740495,-0.0026016787924623883
wf2022,TS_K25,20220215,-0.001962272064122989,-0.0007850146895867051,-0.0009215884527849533
wf2022,TS_K25,20220216,0.0014717863550072574,0.0017659237086635011,-0.00028591112034567496
wf2022,TS_K25,20220217,0.003356202887114997,0.002583110578275865,0.0007428215821998077
wf2022,TS_K25,20220218,-0.00216613502792168,0.0005824886944192657,-0.0028624160446344003
wf2022,TS_K25,20220221,0.0002479457703324483,-0.0008607495194767208,0.0010465875795624218
wf2022,TS_K25,20220222,-0.0031993748309688107,0.0005833163153794713,-0.0037940799490205892
wf2022,TS_K25,20220223,0.0008100596756325275,-0.0015590572794125855,0.0022111224353780056
wf2022,TS_K25,20220224,0.0027222780751524397,0.003618779530894745,-0.0008385197167789567
wf2022,TS_K25,20220225,0.002513435939192926,0.0029026499731177485,-0.00040918165497540605
wf2022,TS_K25,20220228,-0.0014270252032177293,-0.000761167930525439,-0.000587970128181837
wf2022,TS_K25,20220301,0.00159886775099693,0.0014608116404555443,0.00016875276409530004
wf2022,TS_K25,20220302,0.0042145040217996185,0.00044281621852915735,0.0039603270328408885
wf2022,TS_K25,20220303,0.0035989734516841104,0.002803352323317405,0.0009413661314219868
wf2022,TS_K25,20220304,-0.002010368331820049,-0.0016393527260597622,-0.00028574280426568483
wf2022,TS_K25,20220307,0.0015366582963083075,0.00028745563367979775,0.001159942338633908
wf2022,TS_K25,20220308,-0.0034796263892057,-0.0012426507458964309,-0.0022014324302709115
wf2022,TS_K25,20220309,0.0011349720085704791,0.0023621570349208754,-0.001291010914603535
wf2022,TS_K25,20220310,0.005724397137513212,0.004261961266541917,0.0012741849875050164
wf2022,TS_K25,20220311,0.0009077369736202913,-0.0011640100946319403,0.001965428852876368
wf2022,TS_K25,20220314,-0.0020452213149144555,-0.0010691211563573792,-0.0010024565191235205
wf2022,TS_K25,20220315,-0.004142243165453002,-0.0027429554608391056,-0.001390337933441847
wf2022,TS_K25,20220316,-0.0006191329670470619,0.0017858010250129124,-0.0024397734285061053
wf2022,TS_K25,20220317,0.0009633308047687101,0.00011648891494759829,0.0008013527914743525
wf2022,TS_K25,20220318,-0.0029127188193963528,-0.00037891509904792927,-0.0024692632898331195
wf2022,TS_K25,20220321,0.0021974266314010458,-0.0006397652129493594,0.0027226126532592515
wf2022,TS_K25,20220322,-0.0005522994720582506,-0.0008720416220397399,0.00021020238458112892
wf2022,TS_K25,20220323,0.003166768072642989,0.0023951664773988616,0.000810040258363085
wf2022,TS_K25,20220324,0.0017072359857663645,-0.0002008666054643825,0.001822427506288054
wf2022,TS_K25,20220325,0.003248497617239638,0.0016548030214623174,0.0013930383716240472
wf2022,TS_K25,20220328,0.0011508563597076166,0.000813406982133649,0.00017124772314036337
wf2022,TS_K25,20220329,0.0012190588034927084,0.0015083567446871218,-0.00042406158224721435
wf2022,TS_K25,20220330,0.001646695256745782,-0.00030967248552980764,0.0017793812287411781
wf2022,TS_K25,20220331,0.003624504622329463,0.00089341963165102,0.002591164065947224
wf2022,TS_K25,20220401,-0.0002261784127689584,-0.0010396355350955717,0.0007877567145005039
wf2022,TS_K25,20220406,0.0030619909825693944,0.0016857455837649932,0.0015684302019897752
wf2022,TS_K25,20220407,-0.00043354477182036555,-0.0023910144155096344,0.0016888937421358557
wf2022,TS_K25,20220408,0.0035038336820575437,0.0015535595906126754,0.0017083159011224475
wf2022,TS_K25,20220411,0.0018281085960701812,0.0014185595480598816,0.00036009968273123885
wf2022,TS_K25,20220412,0.0025703165767959855,0.0001570818542266477,0.0024200285452321934
wf2022,TS_K25,20220413,0.0010337957028717128,0.0013351310878751163,-0.00039802172959835404
wf2022,TS_K25,20220414,0.008005903663002141,0.006142780613336822,0.0018246443716899493
wf2022,TS_K25,20220415,0.0015905274249344145,0.0021572175896849197,-0.0005414250073253492
wf2022,TS_K25,20220418,-0.0011743964189455565,-0.0013158238998320847,0.00014097425012892068
wf2022,TS_K25,20220419,0.0025592791710930558,0.001470854949477527,0.001134087091503698
wf2022,TS_K25,20220420,0.0009911022697273938,-0.0010357494959530307,0.002195079341522219
wf2022,TS_K25,20220421,0.000686392011177055,-0.0003023276618462043,0.0014336457380235363
wf2022,TS_K25,20220422,0.00012837687406248854,-0.0019449603489392704,0.001994234630716355
wf2022,TS_K25,20220425,0.004397340534134989,0.003998659584739118,0.0001665322482386516
wf2022,TS_K25,20220426,0.006270423888408604,0.008054219898482335,-0.0017992687153173216
wf2022,TS_K25,20220427,0.00024672674515959295,-0.0012542779358707395,0.0014744011758303685
wf2022,TS_K25,20220428,0.0006820198691948678,0.002140612349709358,-0.0014882265810680882
wf2022,TS_K25,20220429,0.0039427738007975464,0.0053032269437229915,-0.0011769896116325992
wf2022,TS_K25,20220505,0.0005184262622547047,0.0013413976159071758,-0.00059334844617964
wf2022,TS_K25,20220506,0.0005000269998299729,0.0013656197096395795,-0.0006871548444837236
wf2022,TS_K25,20220509,-0.0019263871147313701,-0.000421409233484655,-0.0014222278754525716
wf2022,TS_K25,20220510,0.0032085372512102193,0.003904451051788931,-0.0007759390390354739
wf2022,TS_K25,20220511,-0.0005018517665749695,-0.0003412023701808523,-0.00031783225346425744
wf2022,TS_K25,20220512,0.0005037014675503149,-0.00019413775896969253,0.000509758733385779
wf2022,TS_K25,20220513,-0.0002917447611786299,5.5205531639979826e-05,-0.00042289922759523825
wf2022,TS_K25,20220516,0.001818561358291337,0.0015858710106225104,7.663162794158671e-05
wf2022,TS_K25,20220517,-0.0003829823870412537,-0.00012581684518487958,-0.00027624577666359167
wf2022,TS_K25,20220518,0.0007375651912214327,0.001582806326503402,-0.0008290886912130924
wf2022,TS_K25,20220519,0.004448040659596867,0.003882455448575004,0.00048121561267142554
wf2022,TS_K25,20220520,0.001972366805856855,0.002560549821999675,-0.0006660058805899152
wf2022,TS_K25,20220523,0.001002220351477373,-0.001993903295108144,0.002852659290343357
wf2022,TS_K25,20220524,0.0008028326578019516,0.0012070826108158952,-0.00045238227856853806
wf2022,TS_K25,20220525,0.002550503645901505,0.0012546872482453375,0.0011937588352705798
wf2022,TS_K25,20220526,-0.000968371455700548,-0.0008848986516622444,-8.054029657196967e-05
wf2022,TS_K25,20220527,0.0007081940610279159,0.0005923111720138064,0.00015678064620436408
wf2022,TS_K25,20220530,0.0036654062527697075,0.0033213077483662703,0.0003008934922073036
wf2022,TS_K25,20220531,-0.0010349014196068046,-0.0011771268650079896,0.00017392662610185957
wf2022,TS_K25,20220601,0.0016512741741637471,0.0015186351345473914,0.00011792811055959138
wf2022,TS_K25,20220602,-0.0008236372495670531,0.001091297908197897,-0.0019899150937951336
wf2022,TS_K25,20220606,0.0013211146423691288,0.0009249292628046991,0.0003250233473199573
wf2022,TS_K25,20220607,0.001871284456610051,0.001304951931248925,0.0005165265907179865
wf2022,TS_K25,20220608,0.002571606946534445,0.0006774495586109755,0.0018035839693043055
wf2022,TS_K25,20220609,-0.000331158904352407,0.0007540530722546768,-0.001128033565603021
wf2022,TS_K25,20220610,-0.001390995710484971,0.00038478689740387433,-0.0017517931130680336
wf2022,TS_K25,20220613,0.0006665815069987968,-0.0009514070318870961,0.0015605290085482276
wf2022,TS_K25,20220614,0.005364774862688018,0.0034428734956701225,0.001880462231029449
wf2022,TS_K25,20220615,-0.0014281398100668965,0.0008185878404950748,-0.00228958958121317
wf2022,TS_K25,20220616,-0.00015740281428816474,0.00048728150826405346,-0.0006562594250678237
wf2022,TS_K25,20220617,-0.0011162418206458018,-0.0002177063977227931,-0.0009022692540804813
wf2022,TS_K25,20220620,0.002186476992156784,0.0007573749838035477,0.0015573477843989895
wf2022,TS_K25,20220621,-0.0005133837558278041,-0.0002432376898556923,-0.00029425015320479924
wf2022,TS_K25,20220622,-0.002380785993906325,-0.001499204615234502,-0.000858792949785751
wf2022,TS_K25,20220623,0.000588985588503255,0.0013556564061258133,-0.000785282255187926
wf2022,TS_K25,20220624,0.000825566279301318,0.0019883971571716757,-0.0011325472784419108
wf2022,TS_K25,20220627,0.0014824278084203113,0.0005237101589186388,0.0008754961408900207
wf2022,TS_K25,20220628,0.005976197342104377,0.003517763107506305,0.002368919937433175
wf2022,TS_K25,20220629,0.0016123642477939293,0.0022047474132267666,-0.000603421626228712
wf2022,TS_K25,20220630,0.0013287986091628618,0.001114620809699585,0.00021690184757295196
wf2022,TS_K25,20220701,0.0026423783324880986,0.0026714524740826806,-0.00014924012044774423
wf2022,TS_K25,20220704,0.0003296967561611493,-0.0004137567130432339,0.0006809088118636391
wf2022,TS_K25,20220705,-5.863995894214713e-05,0.00022765671996672872,-0.0003198733770835608
wf2022,TS_K25,20220706,-0.002218477667038329,-0.001312454323511713,-0.000951152540032398
wf2022,TS_K25,20220707,0.0022203921016531003,0.0011763493989325894,0.0009388093952780041
wf2022,TS_K25,20220708,-0.002562893588554877,-0.0034568145722391583,0.0008452127183692291
wf2022,TS_K25,20220711,0.001203269172308754,-0.0003739402023037907,0.0016879751281060364
wf2022,TS_K25,20220712,-0.0028750826072361426,-0.002351745779773647,-0.0005929479820237672
wf2022,TS_K25,20220713,0.0003640158356525,0.002274113630648768,-0.0017680098322654593
wf2022,TS_K25,20220714,0.0014522847911469412,0.0023938214652122953,-0.0007668438743728503
wf2022,TS_K25,20220715,-0.0015980778634630231,-0.001515749094356344,-0.00016356012740161051
wf2022,TS_K25,20220718,-0.0018414067182812022,-0.0015260919063877297,-0.00037586676447771993
wf2022,TS_K25,20220719,0.00016200191015200253,0.0006663154024818944,-0.00045937072069042115
wf2022,TS_K25,20220720,3.576529830152161e-05,-0.00012908100077925792,0.00018818450662140288
wf2022,TS_K25,20220721,0.0009460087501274888,0.0005156212215775156,0.0003927234775668329
wf2022,TS_K25,20220722,0.0037706572377345362,0.002502289336320688,0.0013152253368070355
wf2022,TS_K25,20220725,-0.0010631924149489547,5.072923952715273e-05,-0.0011855347439038745
wf2022,TS_K25,20220726,-0.003446217412319566,-0.002139565155776628,-0.0013245954706083613
wf2022,TS_K25,20220727,-0.0002791962918482077,-0.0001268251872015957,-0.00020571914112872723
wf2022,TS_K25,20220728,-0.003579602086636713,-0.0031980050761594605,-0.0002979563915959287
wf2022,TS_K25,20220729,0.0016399070488076397,0.002538572611767002,-0.0008398161701440315
wf2022,TS_K25,20220801,0.002588023912763346,0.0011078708302859931,0.001422903759611297
wf2022,TS_K25,20220802,0.0017552919576157852,0.0011855138150661212,0.0005655627044207836
wf2022,TS_K25,20220803,0.0011136434714263763,0.0011943655830294474,-6.006297721747095e-05
wf2022,TS_K25,20220804,0.004619112591781887,0.0029429536392129273,0.0016614748099541183
wf2022,TS_K25,20220805,-0.0036332483844675346,-0.0015949227323134336,-0.0020712124441723888
wf2022,TS_K25,20220808,-0.0019213415613287032,-0.0009840662191396411,-0.0009319327567162417
wf2022,TS_K25,20220809,-0.003309777956445786,-0.002635701230876131,-0.0007342156031766248
wf2022,TS_K25,20220810,0.004688136737830842,0.0034421674829925334,0.0012654335000112844
wf2022,TS_K25,20220811,0.001444170454693129,-0.00016578178031055818,0.0015866704776195803
wf2022,TS_K25,20220812,-0.00166513923692173,0.00037646906353406873,-0.0020838007234165856
wf2022,TS_K25,20220815,-0.002950336501256706,-0.001456140559848005,-0.0015084110525262397
wf2022,TS_K25,20220816,0.0002445226543047181,-0.0001611010781776985,0.00043818899409646866
wf2022,TS_K25,20220817,-0.0006438009466952975,0.0012360101044282296,-0.0018782652233286388
wf2022,TS_K25,20220818,0.0018077947455027374,-0.0008839323364024915,0.002679251625174992
wf2022,TS_K25,20220819,0.0023903720973932592,0.0016952159575207239,0.0006932974323763517
wf2022,TS_K25,20220822,-0.0019711391370681617,-0.0009887649628283173,-0.0009753887034567984
wf2022,TS_K25,20220823,0.004836320451265325,0.0016759285441739105,0.0031612934353759674
wf2022,TS_K25,20220824,0.003244377521045882,0.0013095158983694823,0.0019386612951762918
wf2022,TS_K25,20220825,0.0008030425231129526,-2.8750306929148988e-05,0.0008317928300421026
wf2022,TS_K25,20220826,-0.0008949333316551362,-0.0007467373022036579,-0.0001481960294514788
wf2022,TS_K25,20220829,0.002442519356610895,0.0005339033224820122,0.0019086160341288821
wf2022,TS_K25,20220830,0.004042115522687614,0.0011065608018253153,0.0029355547208622986
wf2022,TS_K25,20220831,0.0023294377825211435,0.001777624448600983,0.0005518133339201601
wf2022,TS_K25,20220901,-0.0020052415392270637,-0.0009984910155684669,-0.0010067505236585914
wf2022,TS_K25,20220902,-0.0019158830408774255,-0.002319138285006902,0.0004032552441294765
wf2022,TS_K25,20220905,-0.0013949299068832244,-0.00014004354938834532,-0.0012548863574948776
wf2022,TS_K25,20220906,-0.0010152406290394518,0.0006984708036954839,-0.0017137114327349361
wf2022,TS_K25,20220907,0.0006805434626918124,-0.0006350567669348172,0.0013156002296266275
wf2022,TS_K25,20220908,0.004373350816025432,0.003075340390958661,0.0012980104250667715
wf2022,TS_K25,20220909,-0.00046320092942960054,-0.00041224213705172343,-5.095879237787744e-05
wf2022,TS_K25,20220913,0.00040030554447240303,-0.00028222700342889944,0.0006825325479013013
wf2022,TS_K25,20220914,0.0013535747733195158,-0.001311836288653029,0.0026654110619725472
wf2022,TS_K25,20220915,0.0016096031783558971,0.0020178236779867026,-0.0004082204996308076
wf2022,TS_K25,20220916,0.0025902534784929907,0.0025952527596777705,-4.999281184779451e-06
wf2022,TS_K25,20220919,-0.0028780564978086575,-0.0017871762300951213,-0.0010908802677135384
wf2022,TS_K25,20220920,-0.00016682353248057176,-0.0008060312163663004,0.0006392076838857292
wf2022,TS_K25,20220921,-0.0006305659766360069,7.358143846171802e-05,-0.0007041474150977244
wf2022,TS_K25,20220922,0.0027876338066180617,0.0009968140585170512,0.001790819748101015
wf2022,TS_K25,20220923,0.0015506275671325967,0.002691774547939578,-0.001141146980806981
wf2022,TS_K25,20220926,0.0016629779351006145,0.0015643299668415766,9.864796825904462e-05
wf2022,TS_K25,20220927,5.1830898029466e-05,-0.0022005508759115736,0.0022523817739410357
wf2022,TS_K25,20220928,0.0040848300219881485,0.004208546989794089,-0.0001237169678059399
wf2022,TS_K25,20220929,0.000600138424001766,-0.0010454263933038926,0.0016455648173056606
wf2022,TS_K25,20220930,-0.0005107440442621292,-0.001146644151942294,0.0006359001076801634
wf2022,TS_K25,20221010,-0.0011499565202120997,-0.000619860408510429,-0.00053009611170167
wf2022,TS_K25,20221011,0.0008168513338848715,0.0018946360662681213,-0.0010777847323832498
wf2022,TS_K25,20221012,0.000964568307304391,0.0012702127226476647,-0.0003056444153432722
wf2022,TS_K25,20221013,0.0022980878495925776,0.0029536468463240186,-0.000655558996731435
wf2022,TS_K25,20221014,-0.0011621847715195099,-0.0007674439221702008,-0.0003947408493493096
wf2022,TS_K25,20221017,-0.0014240537719319927,-0.0006178583725820202,-0.0008061953993499724
wf2022,TS_K25,20221018,-0.0012742527534609967,-0.0010692516563741517,-0.0002050010970868455
wf2022,TS_K25,20221019,0.00013218993948865745,-0.00048711935398139156,0.0006193092934700489
wf2022,TS_K25,20221020,-0.0014465482222191673,-0.0014164331603565515,-3.011506186261565e-05
wf2022,TS_K25,20221021,9.45407210978088e-05,0.0009704758856912909,-0.000875935164593483
wf2022,TS_K25,20221024,-0.0002452955166728902,9.150900814275289e-05,-0.0003368045248156436
wf2022,TS_K25,20221025,0.0016351816355173743,0.0020259713077706784,-0.000390789672253301
wf2022,TS_K25,20221026,0.0024716129207939435,0.000784086450320316,0.0016875264704736275
wf2022,TS_K25,20221027,0.0022168784932869584,0.0010324459792913389,0.0011844325139956122
wf2022,TS_K25,20221028,-0.0002501552083204097,0.0003518418760186985,-0.0006019970843391082
wf2022,TS_K25,20221031,0.0028534144905205255,0.0033095892122938834,-0.000456174721773355
wf2022,TS_K25,20221101,0.001603034136559274,0.0024227546492023113,-0.0008197205126430396
wf2022,TS_K25,20221102,-0.0011614792947614472,-0.0002938109495831491,-0.0008200495016339708
wf2022,TS_K25,20221103,0.0016657237941014626,0.002490349479032904,-0.0008246256849314416
wf2022,TS_K25,20221104,-0.000545933974136035,-0.0006081594593943621,6.454275069770312e-05
wf2022,TS_K25,20221107,-0.0009953942137776901,-0.0014047123021055743,0.00041644302930374824
wf2022,TS_K25,20221108,-0.0005683096480958951,-0.0007326126083395906,0.00016018247064278373
wf2022,TS_K25,20221109,-0.0005231309567699893,-0.0021063209849617316,0.0015928893968907994
wf2022,TS_K25,20221110,0.0029233334511045957,0.0018287906481114025,0.0010961448984311405
wf2022,TS_K25,20221111,0.0007539321079572249,-0.0006958791319108599,0.0014558222714549074
wf2022,TS_K25,20221114,0.0003172593469252284,0.001683666708962615,-0.0013678751494581756
wf2022,TS_K25,20221115,-0.001736152659764584,-0.002137227108306897,0.00041516201342251045
wf2022,TS_K25,20221116,6.531498092928606e-06,-0.00043070359272879324,0.0004499524553230042
wf2022,TS_K25,20221117,0.0006643449197781658,0.00017540192351418778,0.000490596045374901
wf2022,TS_K25,20221118,-0.001333561083662469,0.0002167624437628277,-0.0015419698745997613
wf2022,TS_K25,20221121,0.0013545617311103934,-0.0010114863190511776,0.002389667092302294
wf2022,TS_K25,20221122,-0.0003705864648461815,-0.0011750008109130555,0.0007850967413047499
wf2022,TS_K25,20221123,0.00014359309290271245,0.0009848706661432563,-0.0008249159214849742
wf2022,TS_K25,20221124,0.0016131173886568756,-0.0006735852103951414,0.00229567002708436
wf2022,TS_K25,20221125,-0.0019272426392484567,-0.0016575563667031582,-0.00028082213895231815
wf2022,TS_K25,20221128,-0.0007248715113281207,-0.0011586095870690673,0.00042469363712825756
wf2022,TS_K25,20221129,-0.0006875969236600757,-0.0005101817171514382,-0.00018816638855577826
wf2022,TS_K25,20221130,0.00030380029542778804,0.0010327470639806542,-0.0007123019695901317
wf2022,TS_K25,20221201,-0.0010307411468702937,-0.0009084147952735662,-0.0001237342097925591
wf2022,TS_K25,20221202,0.0008436385779005112,-0.0011574693881574206,0.0020048583359762893
wf2022,TS_K25,20221205,0.0021794368676849394,0.0017959866872836933,0.0003976015356028362
wf2022,TS_K25,20221206,0.0021601769091813628,0.0025497470224167336,-0.00038638051221833076
wf2022,TS_K25,20221207,0.00027856996280767885,-6.457097722706118e-05,0.000340550113961465
wf2022,TS_K25,20221208,0.0021996898227041894,0.002138383013419911,5.211488726726572e-05
wf2022,TS_K25,20221209,0.0005838714599831736,0.0015502383650787407,-0.0009711839617960369
wf2022,TS_K25,20221212,0.001592144658597323,0.00021287186659638276,0.0013775671184411622
wf2022,TS_K25,20221213,0.0002500337502805371,-4.461937239176177e-05,0.0002841957109892876
wf2022,TS_K25,20221214,-2.4093449082677066e-05,0.0008289958749646221,-0.0008530893240472992
wf2022,TS_K25,20221215,0.0021982658744120597,0.0012815094993360223,0.0009167563750760368
wf2022,TS_K25,20221216,0.0010726413243468645,0.0014823900322050347,-0.0004097487078581714
wf2022,TS_K25,20221219,2.3978805276869512e-05,-0.0006506482233009181,0.0006746270285777876
wf2022,TS_K25,20221220,0.0002932741350227686,-0.0002450631532955349,0.0005383372883183038
wf2022,TS_K25,20221221,0.0026733535446255337,0.00250120322957287,0.00017215031505266506
wf2022,TS_K25,20221222,0.00011806946382534071,-9.04566066372845e-05,0.00020852607046262573
wf2022,TS_K25,20221223,-0.0003717146153007743,0.0009734758863110788,-0.0013451905016118532
wf2022,TS_K25,20221226,0.0008292592698349813,-6.138394143988168e-05,0.0008906432112748643
wf2022,TS_K25,20221227,0.00047437318722559456,6.119206390021604e-05,0.00041318112332537773
wf2022,TS_K25,20221228,0.0007157022834202217,0.0009486794990386732,-0.00023297721561845133
wf2022,TS_K25,20221229,-0.0002757285345020748,-0.0007941215603339605,0.0005183930258318863
wf2022,TS_K25,20221230,-0.0015049565314843617,-0.0001323633464997601,-0.0013725931849846028
wf2022,TS_K30,20220104,0.0072889002621077245,0.0017356266610278367,0.005310888783104697
wf2022,TS_K30,20220105,-0.0012649172680593498,0.0005744961207318328,-0.0018344042554922484
wf2022,TS_K30,20220106,0.0078088810968729785,0.0015098446938503663,0.006352537856261216
wf2022,TS_K30,20220107,0.0009887706152113228,-0.00030486656138721166,0.001394934808742244
wf2022,TS_K30,20220110,0.004337358476411684,0.0008777435124239736,0.0034148784931104926
wf2022,TS_K30,20220111,-0.005745952642502573,-0.0016977322175136232,-0.004018559306430876
wf2022,TS_K30,20220112,0.00409303877312508,3.6790448332538193e-05,0.004045446002717514
wf2022,TS_K30,20220113,-0.001225710957779261,0.0033372379188900446,-0.004561822830549152
wf2022,TS_K30,20220114,-0.00251368535010172,-0.0008527070545165285,-0.0017330155117069711
wf2022,TS_K30,20220117,0.0030558771997657944,0.00041634446579385636,0.002698503389102095
wf2022,TS_K30,20220118,0.0034042228267444803,-0.0003136322617011432,0.003655437529267844
wf2022,TS_K30,20220119,0.005236600130084597,-0.0001958153083554466,0.005295802082959969
wf2022,TS_K30,20220120,0.0010638513259334462,-0.0009988036708766003,0.0017772386757851214
wf2022,TS_K30,20220121,-0.0029270522818437713,6.236089351890992e-05,-0.003127698574425318
wf2022,TS_K30,20220124,0.0009931346774074215,-0.001779039203817035,0.002838350927679449
wf2022,TS_K30,20220125,0.0006507967600299846,0.00014975295841671777,0.00037894533723183685
wf2022,TS_K30,20220126,0.00498645125757638,0.001408998190584818,0.0034148369933223745
wf2022,TS_K30,20220127,0.0006965122314368816,0.0007980846704992038,-0.00020375839327432766
wf2022,TS_K30,20220128,0.0020770601010379128,0.0007583668026232736,0.0014419775278527156
wf2022,TS_K30,20220207,0.004690546276892065,0.0018604256166771171,0.002798758932920531
wf2022,TS_K30,20220208,-0.001665565620968503,0.0018904017345420891,-0.0034902477676496454
wf2022,TS_K30,20220209,0.003589318191860462,-0.00022505853139573813,0.003829495809487684
wf2022,TS_K30,20220210,0.001574822540718706,-0.002440564999240959,0.004049748491506379
wf2022,TS_K30,20220211,0.0006236195292944535,0.0024871951720226073,-0.0019387287209436162
wf2022,TS_K30,20220214,-0.002930880649401264,-0.0004813123052357696,-0.002469353550679351
wf2022,TS_K30,20220215,-0.0017178529768661494,-0.0005865963463326686,-0.0008755877087821496
wf2022,TS_K30,20220216,0.0010492982315655143,0.0013555751925962932,-0.0002980507277202096
wf2022,TS_K30,20220217,0.0031377463467711416,0.0024191077330142276,0.0006883678871175854
wf2022,TS_K30,20220218,-0.0018055103777148782,0.000674941481726128,-0.00259424418173446
wf2022,TS_K30,20220221,-0.0009050494994419719,-0.0019017444575050895,0.0009345872478163699
wf2022,TS_K30,20220222,-0.0023719022186936643,0.001118609114143163,-0.0035019001355091313
wf2022,TS_K30,20220223,0.00027515628860625557,-0.0019486367446369319,0.0020657985135760877
wf2022,TS_K30,20220224,0.003078648903105446,0.003917136555510824,-0.0007805059134420267
wf2022,TS_K30,20220225,0.002205629173370695,0.002546362859424823,-0.0003607013071047116
wf2022,TS_K30,20220228,-0.0011584899696678481,-0.0005167720833347513,-0.0005638307418226442
wf2022,TS_K30,20220301,0.0025263713135983317,0.0023690552591994433,0.00018801270795280298
wf2022,TS_K30,20220302,0.0049148426252233,0.001382985004496628,0.0037204968502970994
wf2022,TS_K30,20220303,0.003566171268003678,0.002814093493691487,0.0008978227773674742
wf2022,TS_K30,20220304,-0.0005814611257435511,-0.00026896268872276163,-0.00022722563552619087
wf2022,TS_K30,20220307,0.0005132255792249726,-0.0005202187263392941,0.000944183981569666
wf2022,TS_K30,20220308,-0.002496332707395464,-0.0006829736855301009,-0.001777815808827001
wf2022,TS_K30,20220309,0.002637543708361858,0.003693731455413989,-0.0011200136353052682
wf2022,TS_K30,20220310,0.006080668865584372,0.004696030110725378,0.001196387871392715
wf2022,TS_K30,20220311,0.0012561876553806688,-0.0006883289171289062,0.0018381983571337135
wf2022,TS_K30,20220314,-0.0018489595976463533,-0.001121721864893778,-0.0007535940933190238
wf2022,TS_K30,20220315,-0.004349535034128969,-0.0030799675893869007,-0.0012606176735700215
wf2022,TS_K30,20220316,-0.0009031513818297879,0.0013361415271590186,-0.0022741323454349375
wf2022,TS_K30,20220317,0.001571397647497412,0.0008246669077164875,0.0007012416414341623
wf2022,TS_K30,20220318,-0.002686692635393598,-0.00041272093145299513,-0.0022094312734252997
wf2022,TS_K30,20220321,0.0011319981550456017,-0.0014833312960166733,0.0025007502599711214
wf2022,TS_K30,20220322,-0.00030699718735727275,-0.0005895613102971021,0.0001730243575394692
wf2022,TS_K30,20220323,0.0027443990998292905,0.0019771915288662885,0.0008056462340819595
wf2022,TS_K30,20220324,0.0018213480937682258,0.00011254013541254582,0.0016231328734129867
wf2022,TS_K30,20220325,0.0025351347140222342,0.0010247893552667044,0.0013096891346022566
wf2022,TS_K30,20220328,0.0009895675466568103,0.0006719266800413781,0.0001514392121818289
wf2022,TS_K30,20220329,0.0005548431240237316,0.0008414865696395786,-0.00042140708666864974
wf2022,TS_K30,20220330,0.0010132545362145826,-0.0008233271444145086,0.0016595951670946806
wf2022,TS_K30,20220331,0.0034139466066463236,0.0009875134692829417,0.0022865122126321633
wf2022,TS_K30,20220401,-0.001035750623589765,-0.0018780266930978058,0.0008165756616819321
wf2022,TS_K30,20220406,0.002725761696597318,0.0014560993696509437,0.0014618471301317457
wf2022,TS_K30,20220407,-0.0008901060047168076,-0.00261575189120459,0.0014570699849343687
wf2022,TS_K30,20220408,0.0019398755981112452,0.0001364365779237557,0.0015614808298650635
wf2022,TS_K30,20220411,0.002187901534089584,0.0018662447307868117,0.00027220743802371897
wf2022,TS_K30,20220412,0.0025189232738557187,0.00027216098670294366,0.0022535561098156296
wf2022,TS_K30,20220413,0.0009953425377971746,0.0012335673012468739,-0.00033491110804465007
wf2022,TS_K30,20220414,0.007775495465370336,0.006059396645170775,0.001677620142224192
wf2022,TS_K30,20220415,0.002242417484844294,0.0029338949969480626,-0.0006662123546786096
wf2022,TS_K30,20220418,-0.000602377614124603,-0.0007508951426109581,0.00014806429772874723
wf2022,TS_K30,20220419,0.0020077305419458416,0.0010053846712294544,0.0010480087406045573
wf2022,TS_K30,20220420,0.0004462120741478906,-0.001431274617528709,0.0020457142675183995
wf2022,TS_K30,20220421,0.0008331156009396649,7.441547701134291e-05,0.0012036261889285984
wf2022,TS_K30,20220422,-0.0007549769692888897,-0.0027349052759522603,0.0019008257143779729
wf2022,TS_K30,20220425,0.003455333775603052,0.0029520665060235665,0.00027111856842226655
wf2022,TS_K30,20220426,0.007177681155078216,0.008957153544716694,-0.001794945094882069
wf2022,TS_K30,20220427,-0.000602640903718029,-0.001678295767236019,0.0010490513583180261
wf2022,TS_K30,20220428,0.001688082002884457,0.003120436535495777,-0.001461988633164914
wf2022,TS_K30,20220429,0.004661172777517802,0.005846164413244353,-0.0010015281044337037
wf2022,TS_K30,20220505,0.0007393575835042028,0.0014581428978444023,-0.0004891624068673688
wf2022,TS_K30,20220506,0.0008159427005814089,0.0015706461348316575,-0.0005762655689243655
wf2022,TS_K30,20220509,-0.0009481247298204955,0.000499074140897124,-0.001364448864923477
wf2022,TS_K30,20220510,0.002589350414212368,0.003244511734226532,-0.0007351865584709248
wf2022,TS_K30,20220511,-9.925854341767855e-05,8.956082449601831e-05,-0.0003460022249838366
wf2022,TS_K30,20220512,0.00035675600046146134,-0.0003173816009292758,0.00048605710825650817
wf2022,TS_K30,20220513,-0.00022071319898060455,0.00010689896054690381,-0.00040356109430413707
wf2022,TS_K30,20220516,0.0019545408119088768,0.0017388732865588176,5.960880562281927e-05
wf2022,TS_K30,20220517,0.00016408112200702422,0.0004469710473656682,-0.00030197016016586233
wf2022,TS_K30,20220518,0.0009016325226100762,0.0016842339938590864,-0.0007664490271801339
wf2022,TS_K30,20220519,0.00396411982791129,0.0035647265471675034,0.00031502368239334837
wf2022,TS_K30,20220520,0.0027279865029236072,0.0033254343837619683,-0.0006752707452854596
wf2022,TS_K30,20220523,0.00019950201479557866,-0.002532310030508197,0.002588347689061616
wf2022,TS_K30,20220524,0.0012772673052269534,0.0016705166420602964,-0.00044138166238793874
wf2022,TS_K30,20220525,0.0007872088161474267,-0.0003627102789484582,0.0010478615327102966
wf2022,TS_K30,20220526,-0.000777290107563048,-0.0007405198837326136,-3.383771636410075e-05
wf2022,TS_K30,20220527,0.00020681490455355146,0.00023596341839970096,1.1749243344104089e-05
wf2022,TS_K30,20220530,0.0034546931885086184,0.0032800515853161232,0.00013143659099635897
wf2022,TS_K30,20220531,-0.0012615875759750877,-0.001309776393218025,7.988999794361288e-05
wf2022,TS_K30,20220601,0.0021586245422791136,0.002249877262683833,-0.00010596364946148436
wf2022,TS_K30,20220602,-0.0007055108431028249,0.0012174193934479148,-0.001997910172580924
wf2022,TS_K30,20220606,0.002001250985174931,0.0014925961670726106,0.000437492785857849
wf2022,TS_K30,20220607,0.0015551107296584927,0.0010422945030151632,0.0004630102920001897
wf2022,TS_K30,20220608,0.0023813471508411094,0.0005262022976021037,0.0017645714346198437
wf2022,TS_K30,20220609,-0.0007970726764184276,0.00036388793672910896,-0.0012037822021434765
wf2022,TS_K30,20220610,-0.001352818840151058,0.00045801173514816,-0.0017868410804784054
wf2022,TS_K30,20220613,0.0005352710793313121,-0.0010432480592702494,0.001521059608263896
wf2022,TS_K30,20220614,0.0050182594852649625,0.0031626453409440585,0.0018141750083324572
wf2022,TS_K30,20220615,-0.001228824772047235,0.0009407241889874461,-0.0022124108916858785
wf2022,TS_K30,20220616,-0.0006329370594322322,4.301842726010226e-05,-0.0006875305892079409
wf2022,TS_K30,20220617,-0.0006446214994715576,0.0003223731120721391,-0.0009707284427011675
wf2022,TS_K30,20220620,0.0026621320506390305,0.0013364483077945837,0.0014539295188901991
wf2022,TS_K30,20220621,0.0009667633100635484,0.0011569829492442062,-0.00021432372641334472
wf2022,TS_K30,20220622,-0.0026568090993796256,-0.0017049148868769023,-0.0009291057836166544
wf2022,TS_K30,20220623,0.00026216218607565817,0.0011861107913533095,-0.0009425600428430202
wf2022,TS_K30,20220624,9.584746372485499e-05,0.001241666281475461,-0.0011155352183221583
wf2022,TS_K30,20220627,-0.00014768053736758345,-0.0009159737519776375,0.0006850717059984014
wf2022,TS_K30,20220628,0.004785583655591574,0.0024933291445734702,0.0022027402138532063
wf2022,TS_K30,20220629,0.0008929182217224767,0.001551550778024182,-0.0006696710170975791
wf2022,TS_K30,20220630,0.001576931750924959,0.0013809712229150288,0.0001986845761196055
wf2022,TS_K30,20220701,0.0031888930949389212,0.003324032917524094,-0.0002553058014383347
wf2022,TS_K30,20220704,0.0008707824115709705,0.00011819818640272057,0.0006900395678275073
wf2022,TS_K30,20220705,0.00059910619838212,0.0008555305305880481,-0.0002900010303806124
wf2022,TS_K30,20220706,-0.002874891016756023,-0.002043875297917994,-0.0008761449153438096
wf2022,TS_K30,20220707,0.0018216614425280672,0.0009461711851022242,0.0007702569499833355
wf2022,TS_K30,20220708,-0.0009437806209239459,-0.001885352125152705,0.0008928632389137072
wf2022,TS_K30,20220711,0.000571020488895518,-0.0010528006191148757,0.0017345868615038845
wf2022,TS_K30,20220712,-0.0028167010367451378,-0.0022677787556460633,-0.0006185334356603449
wf2022,TS_K30,20220713,1.3868909395441109e-05,0.0017313621834318773,-0.0015754053113056282
wf2022,TS_K30,20220714,0.0024521774373177964,0.0031998496438471057,-0.0005729794068368056
wf2022,TS_K30,20220715,7.533023749929299e-05,0.00011520381007360062,-0.00012110493086923618
wf2022,TS_K30,20220718,-0.001116080909635251,-0.000716570038670562,-0.00046006282354893506
wf2022,TS_K30,20220719,-0.00041038446254644187,0.00013938077247090081,-0.0005048224633778716
wf2022,TS_K30,20220720,4.9666762110334335e-05,-0.00011898521134892984,0.0001919901809998877
wf2022,TS_K30,20220721,0.0009601309408277289,0.0005134850417666209,0.0004089818480779678
wf2022,TS_K30,20220722,0.0028380779028233513,0.0018575003207467362,0.001027435017469803
wf2022,TS_K30,20220725,-0.0006632270134525955,0.0003188545981645729,-0.0010536947010449367
wf2022,TS_K30,20220726,-0.002630832267512897,-0.0015441080807437925,-0.0011046674008345257
wf2022,TS_K30,20220727,0.00017780311128638877,0.00033137221688634376,-0.00020691714208207284
wf2022,TS_K30,20220728,-0.003670572509722551,-0.003364030881833009,-0.00022290100900821658
wf2022,TS_K30,20220729,0.0011276978798380995,0.001959713292558485,-0.0007731660199050568
wf2022,TS_K30,20220801,0.0022198334655051458,0.0008469950675518168,0.0013155890750872717
wf2022,TS_K30,20220802,0.0015468693123491094,0.0014430023323610108,9.965154185921727e-05
wf2022,TS_K30,20220803,0.0009940271432618223,0.0011091182982522784,-9.443202060485626e-05
wf2022,TS_K30,20220804,0.0053100851830825725,0.004115296982170566,0.001180104058297165
wf2022,TS_K30,20220805,-0.0022038467979558028,-0.0005408845037371442,-0.00169584908623695
wf2022,TS_K30,20220808,-0.0011218310073564494,-0.0003458668281512056,-0.0007706215937324233
wf2022,TS_K30,20220809,-0.00274675956461686,-0.0022007637589195267,-0.000606134683304303
wf2022,TS_K30,20220810,0.0036423803586969807,0.002687131922383903,0.0009747126814860525
wf2022,TS_K30,20220811,0.0009094538564577781,-0.0004469938939490037,0.0013331659930226755
wf2022,TS_K30,20220812,-0.0012099773054326125,0.0005267916847152025,-0.0017789614131086021
wf2022,TS_K30,20220815,-0.002118569263720828,-0.000925959166379542,-0.0012068252084588248
wf2022,TS_K30,20220816,0.001094934426281684,0.0007596055391444862,0.0003678941487512505
wf2022,TS_K30,20220817,-0.001818291989379537,-0.00014529704702158543,-0.0016714491145630634
wf2022,TS_K30,20220818,0.0015164551606644157,-0.0008610881369967857,0.0023650678409309614
wf2022,TS_K30,20220819,0.0011494462722101287,0.0006412700245231616,0.0005063175401907836
wf2022,TS_K30,20220822,-0.001766383758188848,-0.0009554180524336914,-0.0008039802349721094
wf2022,TS_K30,20220823,0.004556536187597701,0.00175123178549416,0.0028062059303880994
wf2022,TS_K30,20220824,0.002722216497384946,0.0012316032833147262,0.0014944128865701125
wf2022,TS_K30,20220825,0.0004001310082383004,-0.0003603899567763087,0.0007605209650146107
wf2022,TS_K30,20220826,0.0001006683124517467,0.00022421738215764358,-0.00012354906970589712
wf2022,TS_K30,20220829,0.0018506593428808176,0.0002958195286785538,0.0015548398142022626
wf2022,TS_K30,20220830,0.004102203457604918,0.0018592018927134613,0.0022430015648914536
wf2022,TS_K30,20220831,0.0026294614586031767,0.0021613600416571666,0.00046810141694600936
wf2022,TS_K30,20220901,-0.0009790090374555051,-9.016683285094276e-05,-0.0008888422046045589
wf2022,TS_K30,20220902,-0.0007334357665788366,-0.001092215260647202,0.00035877949406836607
wf2022,TS_K30,20220905,-0.0018376369082301544,-0.0008418007124065086,-0.000995836195823647
wf2022,TS_K30,20220906,-0.0006315079876519681,0.0008560017648840318,-0.0014875097525359994
wf2022,TS_K30,20220907,0.00044355692078233873,-0.0007030201618158286,0.0011465770825981657
wf2022,TS_K30,20220908,0.003903548596604707,0.0028077747154594606,0.001095773881145247
wf2022,TS_K30,20220909,-0.000829028394081011,-0.0007700402637259813,-5.8988130355029375e-05
wf2022,TS_K30,20220913,0.0007913190270132549,0.00019318913608060978,0.0005981298909326437
wf2022,TS_K30,20220914,0.0010192607172055598,-0.0011256281164590417,0.002144888833664602
wf2022,TS_K30,20220915,0.001654736774469704,0.001910825595948208,-0.00025608882147850676
wf2022,TS_K30,20220916,0.002898563926950183,0.0028007831965800958,9.778073037008714e-05
wf2022,TS_K30,20220919,-0.0021620804505125355,-0.0012598069054501804,-0.0009022735450623544
wf2022,TS_K30,20220920,-0.0006714323724103743,-0.0010814368669443963,0.0004100044945340225
wf2022,TS_K30,20220921,-0.0008249137207193089,-0.00027968035015691614,-0.0005452333705623918
wf2022,TS_K30,20220922,0.0017482192732733784,0.0003143810231397401,0.0014338382501336393
wf2022,TS_K30,20220923,0.0004395993219292946,0.0013572186760830126,-0.0009176193541537155
wf2022,TS_K30,20220926,0.0020459875098319813,0.002063955198186554,-1.796768835456806e-05
wf2022,TS_K30,20220927,-0.00051489969790771,-0.0024354669430132966,0.0019205672451055853
wf2022,TS_K30,20220928,0.004002070387509117,0.00410844006457158,-0.00010636967706246344
wf2022,TS_K30,20220929,0.00032435822534520806,-0.0011283830579228646,0.0014527412832680737
wf2022,TS_K30,20220930,-0.0006430873119787177,-0.0012124357021768874,0.0005693483901981693
wf2022,TS_K30,20221010,-0.00015082870265877707,0.0002503179061930532,-0.00040114660885183035
wf2022,TS_K30,20221011,0.0012771148796519166,0.002155282228866567,-0.000878167349214655
wf2022,TS_K30,20221012,0.0009270441875864534,0.001219228641427881,-0.0002921844538414277
wf2022,TS_K30,20221013,0.003492700157384083,0.004005707178159781,-0.0005130070207756948
wf2022,TS_K30,20221014,0.0005893672505860453,0.0009067342826518266,-0.0003173670320657805
wf2022,TS_K30,20221017,-0.0012921132197713913,-0.0005283244929958144,-0.0007637887267755768
wf2022,TS_K30,20221018,-0.0006784745884855503,-0.0004959543471953414,-0.0001825202412902097
wf2022,TS_K30,20221019,0.0010402951320045923,0.0005095404697590554,0.000530754662245536
wf2022,TS_K30,20221020,-0.00045782834987914375,-0.0004617018863776224,3.873536498478259e-06
wf2022,TS_K30,20221021,9.154868123000502e-05,0.000881480496322994,-0.0007899318150929884
wf2022,TS_K30,20221024,-0.0004299077827414014,-0.00019096760779395633,-0.0002389401749474454
wf2022,TS_K30,20221025,0.0015405913030443578,0.0018819991394963605,-0.000341407836452006
wf2022,TS_K30,20221026,0.0014470313728789205,-0.00011196689389126062,0.0015589982667701817
wf2022,TS_K30,20221027,0.00234594098191062,0.0012896760185530792,0.001056264963357535
wf2022,TS_K30,20221028,0.000464724894794254,0.0010310529801656647,-0.0005663280853714123
wf2022,TS_K30,20221031,0.002214960723973345,0.0026086638615369652,-0.00039370313756361775
wf2022,TS_K30,20221101,0.0013563829011324843,0.002069061748641865,-0.0007126788475093821
wf2022,TS_K30,20221102,-0.0003524221157544128,0.00040038512106381583,-0.0007051883932739018
wf2022,TS_K30,20221103,0.0017333802735876522,0.0024351725608554235,-0.0007017922872677674
wf2022,TS_K30,20221104,-6.74984290392859e-05,-0.00011525740082143026,5.0076237221520205e-05
wf2022,TS_K30,20221107,-0.00059944804184066,-0.000949525579481563,0.00035720247861676724
wf2022,TS_K30,20221108,-0.0001883043099171316,-0.0003393890469031674,0.00014696424738512397
wf2022,TS_K30,20221109,-0.00025595874933663715,-0.0016616224481821847,0.0014153630675446042
wf2022,TS_K30,20221110,0.0018937153507439571,0.0008673231315747114,0.0010279943146071944
wf2022,TS_K30,20221111,0.0003452020242269917,-0.0009351509149378692,0.001286363970751684
wf2022,TS_K30,20221114,0.0005477248632186973,0.0018023531077905456,-0.0012560960319926387
wf2022,TS_K30,20221115,-0.0017852697696485215,-0.0021130313146165867,0.0003418491098482621
wf2022,TS_K30,20221116,0.0004916293971796203,0.00013726572467168775,0.0003670810370092153
wf2022,TS_K30,20221117,0.0006089037800290189,0.00019262573247013186,0.00041793109666980976
wf2022,TS_K30,20221118,-0.0002977462465134466,0.0010162728051511727,-0.0013056653988390843
wf2022,TS_K30,20221121,0.0011110681507860987,-0.0009487233965485093,0.00208341058947533
wf2022,TS_K30,20221122,-0.0006811919889446244,-0.0014388859788143377,0.0007383763851075892
wf2022,TS_K30,20221123,2.671962009702638e-05,0.0007252650981555255,-0.0006821838263029289
wf2022,TS_K30,20221124,0.0006971317879170139,-0.0012602735926062125,0.00196637280855557
wf2022,TS_K30,20221125,-0.0017085887388727287,-0.001500536107398163,-0.000219188497881586
wf2022,TS_K30,20221128,-0.0004792755855320685,-0.000818959287455206,0.0003306392633104508
wf2022,TS_K30,20221129,-0.0005783431660830805,-0.0004173930657278976,-0.00017170128240232336
wf2022,TS_K30,20221130,0.0009784667255205732,0.0015935792545419664,-0.0005984677300586585
wf2022,TS_K30,20221201,-0.0015324610036211855,-0.0014593749935226294,-7.449386829438743e-05
wf2022,TS_K30,20221202,0.00042710692604796575,-0.0012267557985501624,0.0016576130945164854
wf2022,TS_K30,20221205,0.002320525813102336,0.0020251721020839346,0.00030950506621999147
wf2022,TS_K30,20221206,0.0015210581360463344,0.0018629863423395886,-0.0003387386052762146
wf2022,TS_K30,20221207,0.00019909332505173728,-0.00010255527711374379,0.0002990577760922064
wf2022,TS_K30,20221208,0.0018491905509763211,0.0018062554398798197,3.374318907948868e-05
wf2022,TS_K30,20221209,0.0011363327367150265,0.0019414643850697547,-0.0008099487050551985
wf2022,TS_K30,20221212,0.0008275787162733625,-0.00025517969937258677,0.001081052742086171
wf2022,TS_K30,20221213,0.00048686625323554524,0.0002606724770036673,0.0002157363645488663
wf2022,TS_K30,20221214,0.0005129178111845521,0.0011964637652649348,-0.000683545954080382
wf2022,TS_K30,20221215,0.0025700789795508093,0.0018396208167592736,0.0007304581627915336
wf2022,TS_K30,20221216,0.00019702581386670318,0.0005144206326868944,-0.0003173948188201929
wf2022,TS_K30,20221219,0.0005363055142663694,5.1679489512348304e-05,0.0004846260247540225
wf2022,TS_K30,20221220,0.00013920964652834426,-0.00024392781556621985,0.00038313746209456354
wf2022,TS_K30,20221221,0.0014799944250952282,0.0013554352104071079,0.0001245592146881192
wf2022,TS_K30,20221222,-0.0005011437729418107,-0.0006719657459268869,0.0001708219729850767
wf2022,TS_K30,20221223,0.0007119604389382219,0.0016683033197520142,-0.0009563428808137918
wf2022,TS_K30,20221226,0.0016481288160871748,0.0009841517449903218,0.0006639770710968544
wf2022,TS_K30,20221227,0.0011970012710114282,0.0008583148977197264,0.0003386863732917012
wf2022,TS_K30,20221228,0.001015924894892419,0.0012004923531096592,-0.00018456745821724012
wf2022,TS_K30,20221229,-0.0007531760197405698,-0.0011099867373561543,0.0003568107176155845
wf2022,TS_K30,20221230,0.0006683066554129605,0.001660705834968254,-0.000992399179555291
wf2022,TS_K40,20220104,0.00594828674102185,0.0009951099094079013,0.004710792013638756
wf2022,TS_K40,20220105,-7.18533105978341e-05,0.0016046812583221724,-0.0016715254356210736
wf2022,TS_K40,20220106,0.006462424553116245,0.0009641723079939349,0.005551753698360913
wf2022,TS_K40,20220107,0.001838209450146568,0.0007131528657731066,0.0012263542165171695
wf2022,TS_K40,20220110,0.004103716238514576,0.0010631662002799063,0.0029958135673574526
wf2022,TS_K40,20220111,-0.005249967377150631,-0.0018669709237963612,-0.003353335334796196
wf2022,TS_K40,20220112,0.003783968671204751,0.00021000030932897835,0.0035631660398007447
wf2022,TS_K40,20220113,-0.0014569686856220898,0.0025521252951995967,-0.004007967934701534
wf2022,TS_K40,20220114,-0.0020034391120301222,-0.0005842758719394615,-0.0014912004562124387
wf2022,TS_K40,20220117,0.003048495576436777,0.0007459194644161864,0.0023615467671507483
wf2022,TS_K40,20220118,0.0023600688728483473,-0.0008787715800120284,0.003176422893682595
wf2022,TS_K40,20220119,0.0038573106240772093,-0.0009300817949512762,0.004650779063548405
wf2022,TS_K40,20220120,0.0009086281365463175,-0.0009368694189429123,0.0015600812344643046
wf2022,TS_K40,20220121,-0.0025831346921754137,2.4832330760749758e-05,-0.002746252421998798
wf2022,TS_K40,20220124,0.0002646865667003881,-0.0020629004389658293,0.0023937640521212154
wf2022,TS_K40,20220125,0.0008369566817641519,0.00037134870601074647,0.0003435095113719732
wf2022,TS_K40,20220126,0.004412274377818878,0.001472022830110899,0.0027776354740387966
wf2022,TS_K40,20220127,-1.9019390877858186e-05,-2.84137769924016e-05,-9.279156809746376e-05
wf2022,TS_K40,20220128,0.0023722407384077528,0.0012984997522078848,0.0011970252156379467
wf2022,TS_K40,20220207,0.0054393052120052035,0.003038154301587977,0.002369789183122811
wf2022,TS_K40,20220208,-0.001586694852855149,0.0015072906601943533,-0.0030282659251885543
wf2022,TS_K40,20220209,0.0020306403808378415,-0.0013016136246801167,0.003347373091749443
wf2022,TS_K40,20220210,0.0008855087829733842,-0.0025960444491310774,0.003515914183651175
wf2022,TS_K40,20220211,0.0009842983363421807,0.002628558305910843,-0.0017194130477841238
wf2022,TS_K40,20220214,-0.002056799058261614,1.4308887684487181e-05,-0.0020908931524599586
wf2022,TS_K40,20220215,-0.0009032768829401079,6.942977550702646e-05,-0.0007170377366958059
wf2022,TS_K40,20220216,0.00046333660002845266,0.0007013248736808077,-0.00022976204034178514
wf2022,TS_K40,20220217,0.00278635511027177,0.002129882407963166,0.0006262019756692749
wf2022,TS_K40,20220218,-0.000854969748132298,0.001212401822923675,-0.002181163893349425
wf2022,TS_K40,20220221,-0.0014456235002750385,-0.0023578415478435716,0.000850110337321788
wf2022,TS_K40,20220222,-0.0018372978864501389,0.0010874366327577596,-0.0029361233218802023
wf2022,TS_K40,20220223,0.0009781071568096406,-0.0008965982830209392,0.0017167109201634695
wf2022,TS_K40,20220224,0.0032183809985724954,0.003937625919469936,-0.0006612631819340917
wf2022,TS_K40,20220225,0.0016825787149253397,0.002003497022362989,-0.00034088592848823343
wf2022,TS_K40,20220228,-0.0013458374212595506,-0.0007694782946781479,-0.0004984719820709494
wf2022,TS_K40,20220301,0.002602552735927078,0.0024885792817412105,0.00014467010773978352
wf2022,TS_K40,20220302,0.004925383014011061,0.0018520591578513946,0.003261963085730094
wf2022,TS_K40,20220303,0.0040601113735144025,0.0034235817497634477,0.0007822746268062388
wf2022,TS_K40,20220304,-0.0008297624209016655,-0.00040844543679318193,-0.00033604418261388384
wf2022,TS_K40,20220307,-3.4286837106087265e-06,-0.000900022125692648,0.0008073331179874443
wf2022,TS_K40,20220308,-0.001788415363122393,-0.00025317001773012373,-0.0014997021323539107
wf2022,TS_K40,20220309,0.0029253752201240137,0.0037130123764551005,-0.000851463044584226
wf2022,TS_K40,20220310,0.006508240873319922,0.0053159943721874945,0.0010039956176661486
wf2022,TS_K40,20220311,0.0010354343255895501,-0.0006270291257608814,0.0015561452359745649
wf2022,TS_K40,20220314,-0.00249963123388805,-0.0018530103512727908,-0.0006729772431816959
wf2022,TS_K40,20220315,-0.0036540626381822393,-0.0025936710019235113,-0.0010514418650866726
wf2022,TS_K40,20220316,-0.00046822732817666107,0.0013865830449461096,-0.0018896498095689002
wf2022,TS_K40,20220317,0.0011217118292931715,0.0005088316994872086,0.0005673910314592013
wf2022,TS_K40,20220318,-0.002209555964724266,-0.00029538562178773876,-0.0018496299124212232
wf2022,TS_K40,20220321,0.0011463222295696183,-0.0011392804653535802,0.002171023503832045
wf2022,TS_K40,20220322,-0.0001614773058620433,-0.0004761373666459062,0.00020512029538350264
wf2022,TS_K40,20220323,0.0026766136464741377,0.002033480638352282,0.000681571671240812
wf2022,TS_K40,20220324,0.0017472312340921698,0.00026547887841309203,0.0013960772707363844
wf2022,TS_K40,20220325,0.003282748924255427,0.0019173546155078498,0.0011647380845943038
wf2022,TS_K40,20220328,0.00043806124452015933,0.00012729382526610448,0.00014456576482045
wf2022,TS_K40,20220329,-8.363957309915834e-05,0.0001982565970534387,-0.00041665981120539756
wf2022,TS_K40,20220330,0.0004637276945936733,-0.0011327397426482628,0.0014194809237075244
wf2022,TS_K40,20220331,0.002916479536168838,0.0009137828570821877,0.0018627757543554315
wf2022,TS_K40,20220401,-0.0005578135230150695,-0.0012771772058590767,0.000693663275017899
wf2022,TS_K40,20220406,0.00230465866281393,0.0012171687544211159,0.0012796747115781859
wf2022,TS_K40,20220407,-0.0019309441105601318,-0.0034110431943890243,0.001211523182275478
wf2022,TS_K40,20220408,0.0018900037601201278,0.0002469635155950421,0.001401082054202663
wf2022,TS_K40,20220411,0.0013342537787566187,0.0011449216063367986,0.00013988280714076782
wf2022,TS_K40,20220412,0.0024487051380766844,0.0006406083273114624,0.0018148906334280789
wf2022,TS_K40,20220413,0.0014563299675830511,0.001657554685752731,-0.00029791106276462817
wf2022,TS_K40,20220414,0.007461681602339152,0.0059496905084279695,0.0014735124159358129
wf2022,TS_K40,20220415,0.0008177477585235779,0.0015020758811756286,-0.0006590629652268939
wf2022,TS_K40,20220418,0.00022271384252353296,6.750129027878064e-05,0.00015475932148714515
wf2022,TS_K40,20220419,0.0014698127340633162,0.000688555227857229,0.0008269203760942565
wf2022,TS_K40,20220420,0.0003049275704347307,-0.0012255419689683987,0.0016986971152449274
wf2022,TS_K40,20220421,0.0001451277413043392,-7.279035953069161e-05,0.0006628441658353048
wf2022,TS_K40,20220422,-0.0015364439708473454,-0.003357313026934484,0.0017417664638017351
wf2022,TS_K40,20220425,0.0032603050274184545,0.002696783160906391,0.00033137316535484444
wf2022,TS_K40,20220426,0.008072900213115176,0.009497418171446212,-0.0014399906635746234
wf2022,TS_K40,20220427,-0.0018031312201705757,-0.002629559717915323,0.0007998249925447835
wf2022,TS_K40,20220428,0.001969481849081141,0.0031228774506499328,-0.001183029702122396
wf2022,TS_K40,20220429,0.0035494970895823784,0.004608603407854831,-0.0008756427869796006
wf2022,TS_K40,20220505,0.002346679790518275,0.002968153924794824,-0.00039185122680371955
wf2022,TS_K40,20220506,0.0009567285859621577,0.0015940313767566737,-0.00045886492546863035
wf2022,TS_K40,20220509,-0.00015172377304013135,0.0011410265493351538,-0.0012100003165811408
wf2022,TS_K40,20220510,0.002685224002121526,0.0032603036612007903,-0.0006551048975360257
wf2022,TS_K40,20220511,0.00024144940262474466,0.00037068785143876533,-0.00028642130588416037
wf2022,TS_K40,20220512,9.121723732824927e-05,-0.0005204231985901109,0.00042355994278413136
wf2022,TS_K40,20220513,-0.0007530188217342629,-0.00047204324146484617,-0.0003569245150460452
wf2022,TS_K40,20220516,0.0019560886940574924,0.0018507451839655737,-5.071520963532077e-05
wf2022,TS_K40,20220517,6.764823278711946e-05,0.0003467983202454835,-0.00029823032226558246
wf2022,TS_K40,20220518,0.0012356142303369295,0.0018847907510699826,-0.0006330240766641759
wf2022,TS_K40,20220519,0.003829543379508551,0.0036254598705175783,0.00011971391064053162
wf2022,TS_K40,20220520,0.0032636859873043864,0.003783070276886267,-0.0005972071540289758
wf2022,TS_K40,20220523,-0.000416826616062585,-0.0028033678749064296,0.0022430769026016814
wf2022,TS_K40,20220524,0.002464035620161356,0.0027850680836210193,-0.00036916478901425796
wf2022,TS_K40,20220525,0.0008831409968351302,-7.105681940011715e-05,0.0008521402538496583
wf2022,TS_K40,20220526,-0.00017784371551832245,-0.00016182218828608615,-1.3089019765902603e-05
wf2022,TS_K40,20220527,-1.8594610233730116e-05,9.362365701755536e-05,-7.132051006102964e-05
wf2022,TS_K40,20220530,0.002993694449982841,0.0029810998184359463,-3.0610380649238075e-05
wf2022,TS_K40,20220531,-0.0014489414267684162,-0.0014373184278548752,2.007818178713399e-05
wf2022,TS_K40,20220601,0.0020850842876562366,0.0022546929213965367,-0.00018431956279706406
wf2022,TS_K40,20220602,-0.000257116153023082,0.0015472066665498207,-0.0018793027556030838
wf2022,TS_K40,20220606,0.0017962333050655123,0.001323919663214,0.0004011516096070404
wf2022,TS_K40,20220607,0.001966529698547413,0.0014417559851730923,0.0004749677787311804
wf2022,TS_K40,20220608,0.0019670405472776153,0.00020350636909654326,0.0016729607595619086
wf2022,TS_K40,20220609,-0.0014364865916541847,-0.0003676582648703098,-0.0011116499157798098
wf2022,TS_K40,20220610,-0.0019444320977492677,-0.00024934257842847254,-0.001671100024499983
wf2022,TS_K40,20220613,0.0001928400585593593,-0.0013346996779335222,0.0014700802061552163
wf2022,TS_K40,20220614,0.004619114572430172,0.002890772634135028,0.0016869028023066973
wf2022,TS_K40,20220615,-0.0002784064159117366,0.0017808947868377472,-0.0021021631334006818
wf2022,TS_K40,20220616,-0.001277288312799918,-0.000627102510324778,-0.0006617609049907453
wf2022,TS_K40,20220617,-0.0010686989762455443,-0.00015849255616107955,-0.0009139402512419362
wf2022,TS_K40,20220620,0.0016649048522485123,0.0005566381182177793,0.001236512510076486
wf2022,TS_K40,20220621,0.000584545471213371,0.000709812274867378,-0.00014937089088669505
wf2022,TS_K40,20220622,-0.0021389219500385324,-0.0013182973512218079,-0.0007978361699306573
wf2022,TS_K40,20220623,0.0004756503840559617,0.0013592801320327984,-0.0009022411855422062
wf2022,TS_K40,20220624,4.001560519401384e-05,0.0010621890070743672,-0.0009918898024519058
wf2022,TS_K40,20220627,-0.00030921951803893934,-0.0008984704617889042,0.0005060294351383123
wf2022,TS_K40,20220628,0.0048192832277102055,0.0027942434567689825,0.0019355254737763279
wf2022,TS_K40,20220629,0.00013889483286836854,0.0007449004120816677,-0.0006170440400091741
wf2022,TS_K40,20220630,0.001491290555174074,0.0012994156208345092,0.00019459898244924016
wf2022,TS_K40,20220701,0.0028377918571051604,0.002980413865077313,-0.00026278798682531504
wf2022,TS_K40,20220704,0.0012027136145988312,0.0005471083452229994,0.000593060612035089
wf2022,TS_K40,20220705,8.402145686998291e-07,0.0002062537150917666,-0.0002389901986977547
wf2022,TS_K40,20220706,-0.003056509297462445,-0.002318699974688431,-0.0007829385192797958
wf2022,TS_K40,20220707,0.0026524514047072344,0.0018545766388342465,0.0006926414584304808
wf2022,TS_K40,20220708,-0.0006794474437661797,-0.0015265385527908496,0.0007983828437096178
wf2022,TS_K40,20220711,8.502511708502122e-05,-0.0013550169224352101,0.0015508077930137258
wf2022,TS_K40,20220712,-0.0014405531914173982,-0.0009848062523893583,-0.0005253580935893112
wf2022,TS_K40,20220713,0.0005897836665164575,0.002047173602612502,-0.0013153019733652348
wf2022,TS_K40,20220714,0.001711467135720325,0.0023392639705890964,-0.00045310403517626535
wf2022,TS_K40,20220715,0.0007431007294168186,0.0007971021100892159,-0.00013523273896732906
wf2022,TS_K40,20220718,-0.0008401127295596007,-0.0005396539672182778,-0.00036101071492556855
wf2022,TS_K40,20220719,-0.0005949186338767339,-5.185640229760183e-05,-0.0004981194599396626
wf2022,TS_K40,20220720,0.00039648188271542307,0.00025081489206325847,0.00016900519819278912
wf2022,TS_K40,20220721,0.000819370347797244,0.0004128738380779791,0.00036883245873612464
wf2022,TS_K40,20220722,0.004187358866245415,0.003262255309214337,0.0009719609924242664
wf2022,TS_K40,20220725,-0.0011385186521986994,-0.00023196075926336146,-0.0009781709823631038
wf2022,TS_K40,20220726,-0.002190800127348593,-0.0012160699452826074,-0.0009926733961314097
wf2022,TS_K40,20220727,0.0011659363599802889,0.0012996542593472398,-0.00018706593584906828
wf2022,TS_K40,20220728,-0.003696026963216262,-0.0034417979415841205,-0.00017058840275081713
wf2022,TS_K40,20220729,0.0009922612239729794,0.0017014855492936513,-0.0006503749325053435
wf2022,TS_K40,20220801,0.0020054471322950088,0.000771880819900022,0.0011763169895289288
wf2022,TS_K40,20220802,0.001344629983698535,0.001378183226067177,-3.776868049752266e-05
wf2022,TS_K40,20220803,0.0005596267382406775,0.0006833982028271706,-0.0001031123302008922
wf2022,TS_K40,20220804,0.00455269510313764,0.0035816531918547692,0.0009563577686680302
wf2022,TS_K40,20220805,-0.0016438723367922896,-0.00022949461302945793,-0.0014472645157811211
wf2022,TS_K40,20220808,-0.00125203478150326,-0.0005688965848043642,-0.0006777956112260754
wf2022,TS_K40,20220809,-0.001543740783368171,-0.0010808797653893776,-0.0005229998955857632
wf2022,TS_K40,20220810,0.0033091271502376767,0.002600899556302664,0.0007276918391079841
wf2022,TS_K40,20220811,0.0007038152655812326,-0.0005090163223756785,0.0011895498305728046
wf2022,TS_K40,20220812,-0.0011076673760405079,0.00047262507964579865,-0.001622484878647093
wf2022,TS_K40,20220815,-0.0019860234379149994,-0.0009236467293444663,-0.0010765918196880713
wf2022,TS_K40,20220816,0.0005528763865979935,0.0002704132854838147,0.00031502836272822974
wf2022,TS_K40,20220817,-0.0022845904349546157,-0.0008443641264887877,-0.0014386804806709402
wf2022,TS_K40,20220818,0.002154595623394288,-4.033362952273164e-05,0.002182453796186783
wf2022,TS_K40,20220819,0.0010074820840364441,0.0005140117920109545,0.0004916115845293061
wf2022,TS_K40,20220822,-0.0005719060571265731,0.0001853310130531496,-0.0007502515993966768
wf2022,TS_K40,20220823,0.005257151470870622,0.0026383690655257626,0.0026196839336294128
wf2022,TS_K40,20220824,0.002874884372735634,0.0016195460197886255,0.0012591380254469015
wf2022,TS_K40,20220825,-0.0002570305230988716,-0.0008574752647771673,0.0006004447416782958
wf2022,TS_K40,20220826,0.0006618105316056897,0.000759483704059837,-9.767317245414816e-05
wf2022,TS_K40,20220829,0.0010543965989745594,-0.00025306374966850586,0.0013074603486430642
wf2022,TS_K40,20220830,0.003964352343394671,0.0019938824859482536,0.0019704698574464123
wf2022,TS_K40,20220831,0.0025337260179865554,0.0021176313118017927,0.0004160947061847622
wf2022,TS_K40,20220901,-0.0003980010536983238,0.0004043900658323898,-0.0008023911195307098
wf2022,TS_K40,20220902,-0.0005826015010506652,-0.0009485994584370631,0.00036599795738639836
wf2022,TS_K40,20220905,-0.0019387655962624529,-0.0009745676719276257,-0.0009641979243348267
wf2022,TS_K40,20220906,-0.0014224233765234044,-0.00014745491143522302,-0.0012749684650881807
wf2022,TS_K40,20220907,0.0003902404389242199,-0.0007062585750124883,0.0010964990139367076
wf2022,TS_K40,20220908,0.003206028303194091,0.002256183458070993,0.0009498448451230978
wf2022,TS_K40,20220909,-0.0009362639716883985,-0.0008371796349436141,-9.908433674478393e-05
wf2022,TS_K40,20220913,0.0009780250755590698,0.0004497765456712982,0.0005282485298877709
wf2022,TS_K40,20220914,0.0013793062365502484,-0.0006197880443946899,0.001999094280944939
wf2022,TS_K40,20220915,0.0017324458752846633,0.0018871471552537335,-0.00015470127996907015
wf2022,TS_K40,20220916,0.0019426679610019069,0.0018204250147906002,0.00012224294621130446
wf2022,TS_K40,20220919,-0.0012489587184011334,-0.0006727049328701594,-0.0005762537855309732
wf2022,TS_K40,20220920,-0.0006115937298752771,-0.0010285657476436316,0.0004169720177683554
wf2022,TS_K40,20220921,6.085667409255757e-06,0.000510257640408787,-0.0005041719729995311
wf2022,TS_K40,20220922,0.0015235686835155526,-3.948892920936772e-05,0.001563057612724919
wf2022,TS_K40,20220923,0.0006138062259650641,0.0014284676946396107,-0.0008146614686745479
wf2022,TS_K40,20220926,0.0027672566558488362,0.0027888493258315396,-2.1592669982697406e-05
wf2022,TS_K40,20220927,-7.182268513505896e-05,-0.0019308936636306994,0.0018590709784956385
wf2022,TS_K40,20220928,0.003750728569595458,0.003864965893670431,-0.0001142373240749732
wf2022,TS_K40,20220929,0.0013222807715170242,-5.00368902050575e-05,0.0013723176617220839
wf2022,TS_K40,20220930,0.0002769081127099553,-0.0002758203635413496,0.0005527284762513052
wf2022,TS_K40,20221010,-0.0012542320006715766,-0.0008397213944280541,-0.00041451060624352206
wf2022,TS_K40,20221011,0.0009580856660444635,0.0019084799725784646,-0.0009503943065340034
wf2022,TS_K40,20221012,0.0017878216769062066,0.0021241507987372096,-0.0003363291218310009
wf2022,TS_K40,20221013,0.0017792430272856735,0.0024274720881495844,-0.0006482290608639063
wf2022,TS_K40,20221014,0.0008456833400207683,0.001163366525573432,-0.00031768318555266316
wf2022,TS_K40,20221017,-0.0007253807276868516,-6.0956442240017864e-05,-0.000664424285446834
wf2022,TS_K40,20221018,-0.0009687049377489886,-0.0008310762989550242,-0.0001376286387939639
wf2022,TS_K40,20221019,0.0007903808083581207,0.0003295164592829273,0.0004608643490751926
wf2022,TS_K40,20221020,-0.0004482218905016731,-0.0004585040902127526,1.0282199711079418e-05
wf2022,TS_K40,20221021,-8.955678360703795e-05,0.0006388152262774687,-0.0007283720098845087
wf2022,TS_K40,20221024,-0.0004020827063535848,-0.0001454923928825276,-0.0002565903134710574
wf2022,TS_K40,20221025,0.0019295038613473085,0.002352224978404963,-0.0004227211170576588
wf2022,TS_K40,20221026,0.002288667079454382,0.0008006491304872524,0.0014880179489671305
wf2022,TS_K40,20221027,0.002716983291974631,0.00168072591529169,0.001036257376682932
wf2022,TS_K40,20221028,0.0006148685615891044,0.0011128958688028695,-0.0004980273072137645
wf2022,TS_K40,20221031,0.0024798255599312174,0.0028991036311688564,-0.0004192780712376405
wf2022,TS_K40,20221101,0.0008706136788034346,0.0015981057709626397,-0.000727492092159208
wf2022,TS_K40,20221102,-0.00040010781654522274,0.0003882708289079136,-0.0007407598019088093
wf2022,TS_K40,20221103,0.0015007953084345202,0.0022361037540345402,-0.0007353084456000195
wf2022,TS_K40,20221104,0.0005451456701891094,0.0004625567637661293,8.490617186235676e-05
wf2022,TS_K40,20221107,-0.0004434030751608283,-0.000824494930686952,0.0003882167965019878
wf2022,TS_K40,20221108,0.0009214124306591927,0.0007693405199123353,0.0001479514211459459
wf2022,TS_K40,20221109,0.000802338482331836,-0.0006149445240704384,0.0014269823751013302
wf2022,TS_K40,20221110,0.001356908478966811,0.00041284267443387194,0.0009456678999708879
wf2022,TS_K40,20221111,0.0005614525375598051,-0.0006946790402674529,0.0012621426094140808
wf2022,TS_K40,20221114,0.0009941789510251632,0.002248073877040417,-0.0012553627134360445
wf2022,TS_K40,20221115,-0.0011703657658032902,-0.0014613653565758139,0.00030508715565272026
wf2022,TS_K40,20221116,0.0007837902393909354,0.0004145702598867934,0.0003819373440054242
wf2022,TS_K40,20221117,0.000657648623118642,0.0002460343749670226,0.0004132672972625421
wf2022,TS_K40,20221118,-0.0005171638115466063,0.0007068608985235134,-0.0012156710572445838
wf2022,TS_K40,20221121,0.0007183470389887855,-0.001251610773704266,0.001993576854833773
wf2022,TS_K40,20221122,-0.00039703795917296527,-0.0011094013476030883,0.0006930457836679997
wf2022,TS_K40,20221123,0.0002549918491374049,0.000984220290907059,-0.0007128667900140839
wf2022,TS_K40,20221124,-5.378479806023191e-05,-0.0019035157492132762,0.0018586983791853866
wf2022,TS_K40,20221125,-0.0014736907458468783,-0.001250362560667378,-0.00023446405158651938
wf2022,TS_K40,20221128,-0.0006352148205866458,-0.0010576397134622626,0.00041338045426292825
wf2022,TS_K40,20221129,-0.0013915007199531905,-0.00123035529863194,-0.00017189660336839214
wf2022,TS_K40,20221130,0.0026699947880325665,0.0032285378337938227,-0.0005418982467985202
wf2022,TS_K40,20221201,-0.0012464648323671224,-0.0011900767977357316,-5.779589282722175e-05
wf2022,TS_K40,20221202,0.00044160085281716097,-0.001021553557031562,0.0014669047797670797
wf2022,TS_K40,20221205,0.00258940696754392,0.0023200034580584945,0.0002835548646870153
wf2022,TS_K40,20221206,0.001863374201634238,0.002151458644975501,-0.0002848948423242231
wf2022,TS_K40,20221207,0.0002957929954620132,5.622200039508585e-05,0.0002369801689936517
wf2022,TS_K40,20221208,0.0014588372542903964,0.001446889444379354,2.7558878940292113e-06
wf2022,TS_K40,20221209,0.0014067952563915935,0.0021471057305654066,-0.0007451275308742831
wf2022,TS_K40,20221212,0.000827652675559506,-0.0001465083514683754,0.0009724553534681041
wf2022,TS_K40,20221213,0.0005136084730522879,0.00032796532486916786,0.00017518573650010828
wf2022,TS_K40,20221214,-0.0005808903412100018,1.838222132652975e-05,-0.0005992725625365312
wf2022,TS_K40,20221215,0.0013170680117982614,0.0006730056546972783,0.0006440623571009813
wf2022,TS_K40,20221216,0.000382799269534613,0.0006534164358374798,-0.0002706171663028719
wf2022,TS_K40,20221219,0.0007881476865463444,0.0004129765345102151,0.0003751711520361294
wf2022,TS_K40,20221220,0.000532739571205457,0.00018321441153003638,0.00034952515967542083
wf2022,TS_K40,20221221,0.0012916521370746163,0.0011872391057143271,0.00010441303136028899
wf2022,TS_K40,20221222,-0.0008053306128974281,-0.000898917224323583,9.358661142615532e-05
wf2022,TS_K40,20221223,0.0012132030856711867,0.0021017761352938253,-0.0008885730496226367
wf2022,TS_K40,20221226,0.0009162329396169878,0.00020948906021779515,0.0007067438793991936
wf2022,TS_K40,20221227,0.0006975274054040956,0.0004233389869049242,0.0002741884184991699
wf2022,TS_K40,20221228,0.0004498995272849563,0.0005747949455569552,-0.00012489541827199837
wf2022,TS_K40,20221229,-0.0007695955371601892,-0.0011395591056262049,0.0003699635684660169
wf2022,TS_K40,20221230,0.0007831451533982896,0.0018126102246782425,-0.0010294650712799488
wf2022,TS_K50,20220104,0.005086436347378445,0.00038106448066954634,0.004462987048733707
wf2022,TS_K50,20220105,0.0007632903718445706,0.0023592716181236465,-0.001590972112980144
wf2022,TS_K50,20220106,0.006004909938938492,0.0007947517194356789,0.005263659672741417
wf2022,TS_K50,20220107,0.0014788811429295723,0.0004487348129369192,0.0011314439621363643
wf2022,TS_K50,20220110,0.0045307638789214375,0.0016584316734685417,0.0028275957345756785
wf2022,TS_K50,20220111,-0.005088220442886661,-0.001886144215981578,-0.0031724151083470094
wf2022,TS_K50,20220112,0.003467060988423078,8.068042311431024e-05,0.003375578243233739
wf2022,TS_K50,20220113,-0.0010254340972568237,0.0026541882076021456,-0.0036784962587388154
wf2022,TS_K50,20220114,-0.0019072999619412483,-0.0005850768863239022,-0.0013942602917391233
wf2022,TS_K50,20220117,0.00316952435226882,0.000960890568673888,0.0022676044387250896
wf2022,TS_K50,20220118,0.0020424530856103084,-0.0008796132626450134,0.0028596487890775414
wf2022,TS_K50,20220119,0.003848127364888869,-0.0006566513268036293,0.004368165336212422
wf2022,TS_K50,20220120,0.0007658901666124807,-0.0008465254826968908,0.0013269993282844462
wf2022,TS_K50,20220121,-0.0019745842525506515,0.00035257525706766115,-0.0024654449086809493
wf2022,TS_K50,20220124,-0.0001718924446906453,-0.0023273243755018696,0.0022216089772662284
wf2022,TS_K50,20220125,0.0003980082819350283,2.6140265797179748e-05,0.00024976955175641806
wf2022,TS_K50,20220126,0.004117624844132625,0.0014281726251930188,0.0025268361452704265
wf2022,TS_K50,20220127,-0.00023418644666726128,-0.00013545915100255212,-0.00020091324987671737
wf2022,TS_K50,20220128,0.0019704393232004534,0.0010379116932920625,0.0010558118593464666
wf2022,TS_K50,20220207,0.005136053366428837,0.00296745472469871,0.0021372369144357084
wf2022,TS_K50,20220208,-0.001219121714813639,0.0016288693573856448,-0.0027822714843383366
wf2022,TS_K50,20220209,0.0017166571357790541,-0.00142041818222961,0.0031521944042401493
wf2022,TS_K50,20220210,0.0006466328090314472,-0.0025577204056342387,0.0032387141662124
wf2022,TS_K50,20220211,0.0015142553220501003,0.0030284841690156198,-0.0015893819251809834
wf2022,TS_K50,20220214,-0.0017221461366350973,0.00023604663251984554,-0.0019779779756688
wf2022,TS_K50,20220215,-0.0008505817644291688,0.00010278956571457235,-0.0006977024083924099
wf2022,TS_K50,20220216,0.0005237169191990364,0.0007441831938688973,-0.0002122400413592918
wf2022,TS_K50,20220217,0.0021537759988134314,0.0015817147850180507,0.0005417904871560511
wf2022,TS_K50,20220218,-0.0005383759965237322,0.0013269136658631698,-0.001979081984680354
wf2022,TS_K50,20220221,-0.0014231919071114978,-0.002251102369586514,0.0007658027522282696
wf2022,TS_K50,20220222,-0.0017553115434620677,0.0009893317480281004,-0.0027560320941624737
wf2022,TS_K50,20220223,0.001377214904427753,-0.0002993863888515703,0.0015186067736122134
wf2022,TS_K50,20220224,0.0028899831849878155,0.0035757745396372727,-0.00062780961568611
wf2022,TS_K50,20220225,0.0016824082359411944,0.0019067976475063704,-0.0002443570326157605
wf2022,TS_K50,20220228,-0.0010564599868949356,-0.0005114846936295955,-0.00046708814875488764
wf2022,TS_K50,20220301,0.0029572881398096107,0.002822570821619491,0.00016541397174403287
wf2022,TS_K50,20220302,0.004763712153964063,0.001888314126094946,0.003064037257439544
wf2022,TS_K50,20220303,0.004007270500273873,0.0034305843974186947,0.0007224311059104618
wf2022,TS_K50,20220304,-0.0006787337152078625,-0.00032216917691297637,-0.0002712917368002846
wf2022,TS_K50,20220307,-0.0006667035713501246,-0.001486285673097355,0.0007303217777526309
wf2022,TS_K50,20220308,-0.0016601818495941938,-0.00036998975965531417,-0.0012546488769005193
wf2022,TS_K50,20220309,0.003091907202092358,0.0037756484434435644,-0.0007475671296043485
wf2022,TS_K50,20220310,0.006730315625364209,0.005580143523959317,0.0009619212179386154
wf2022,TS_K50,20220311,0.0008569058151106854,-0.0007495172187877304,0.0015001048185225487
wf2022,TS_K50,20220314,-0.002349678926467695,-0.0019005797482549566,-0.0004754555387791742
wf2022,TS_K50,20220315,-0.0038441015163443656,-0.0028887577872408164,-0.000946393957931497
wf2022,TS_K50,20220316,-0.00047314043456965146,0.0012593379552311473,-0.0017673178262469307
wf2022,TS_K50,20220317,0.0015315274879002805,0.000991811128846881,0.0004942272607066377
wf2022,TS_K50,20220318,-0.002174922430080141,-0.0003823169968391071,-0.0017280650027257298
wf2022,TS_K50,20220321,0.0009620274551012263,-0.0011890134547693162,0.002036461718779389
wf2022,TS_K50,20220322,-1.3573458796863145e-05,-0.0003091450682753306,0.0001860318440781067
wf2022,TS_K50,20220323,0.0030594445304963757,0.0024539725040135857,0.0006439106896017462
wf2022,TS_K50,20220324,0.001927580890930248,0.0004675292378180494,0.0013743765681695046
wf2022,TS_K50,20220325,0.003103772067412556,0.0018040702580295555,0.0010990455852297272
wf2022,TS_K50,20220328,0.0011396817648253194,0.0008351432604593626,0.0001383368499323537
wf2022,TS_K50,20220329,-0.00028117287017394646,-1.9635476938193445e-05,-0.0003963010342885533
wf2022,TS_K50,20220330,0.00030456266527659724,-0.0012061806568533216,0.0013337568085955078
wf2022,TS_K50,20220331,0.0025759117097711205,0.0007323947714375283,0.0017035960136023737
wf2022,TS_K50,20220401,-0.0006050402212882042,-0.0012715196170569355,0.0006407789879426232
wf2022,TS_K50,20220406,0.0022345070080250842,0.001265789548506642,0.0011609022627038154
wf2022,TS_K50,20220407,-0.0020219225659385423,-0.0034685749650831036,0.001178076497591148
wf2022,TS_K50,20220408,0.001896063995176004,0.0002853332336074017,0.0013687725712461772
wf2022,TS_K50,20220411,0.001721978153961582,0.0015426632773971223,0.00012986551128540895
wf2022,TS_K50,20220412,0.0020055652828222872,0.00019836847628901402,0.00181399062919613
wf2022,TS_K50,20220413,0.0014200041316462676,0.0016149695174076015,-0.0002916517303562831
wf2022,TS_K50,20220414,0.007298002585981234,0.005927405050064184,0.0013321188579416814
wf2022,TS_K50,20220415,0.0004398724486905292,0.0011151989489524537,-0.0006500613428367679
wf2022,TS_K50,20220418,0.0007218205480382872,0.0005826080377492955,0.000138759279531383
wf2022,TS_K50,20220419,0.0008019153573969786,7.941894026123422e-05,0.0007681592870239138
wf2022,TS_K50,20220420,0.00033180486038281165,-0.001097647617219775,0.0015976800534443854
wf2022,TS_K50,20220421,0.00029620453611173443,9.496778145027542e-05,0.0006461628196617352
wf2022,TS_K50,20220422,-0.001637400077855608,-0.0032816560494530727,0.001565153379312078
wf2022,TS_K50,20220425,0.0027073765308280526,0.002216827825972072,0.00025840000369875934
wf2022,TS_K50,20220426,0.00792214773072725,0.00923138238718988,-0.0013247073617062193
wf2022,TS_K50,20220427,-0.001944078427861179,-0.0027075889094333094,0.0007369069763721637
wf2022,TS_K50,20220428,0.00221830753651419,0.003251773042882481,-0.0010630996069218943
wf2022,TS_K50,20220429,0.004320395099486139,0.00529790272650546,-0.0007940440957264713
wf2022,TS_K50,20220505,0.001958366207409844,0.0025563627901684007,-0.00036837367528572634
wf2022,TS_K50,20220506,0.0006245558413340048,0.0012443778070185705,-0.00044138410035868183
wf2022,TS_K50,20220509,-0.0001242658473148122,0.0011157542356065846,-0.001157270077127253
wf2022,TS_K50,20220510,0.0028241227318273046,0.0033681993697427643,-0.0006241018763722211
wf2022,TS_K50,20220511,0.00021967719514392418,0.00033344254441927446,-0.00027094820634549003
wf2022,TS_K50,20220512,0.0003031393486859456,-0.00029396345932057154,0.0004090223148722886
wf2022,TS_K50,20220513,-0.0004390937809103453,-0.00016825874855199026,-0.0003467839671349833
wf2022,TS_K50,20220516,0.0021171321382327662,0.002032159165291959,-7.108574678643263e-05
wf2022,TS_K50,20220517,0.0002644497180519191,0.0005184145280075601,-0.0002730450447628601
wf2022,TS_K50,20220518,0.0011454627620706356,0.0017950983033706437,-0.0006334830972311322
wf2022,TS_K50,20220519,0.0037785452577370655,0.0036075714764205943,8.660418296602994e-05
wf2022,TS_K50,20220520,0.0028165933207404716,0.003279218239799109,-0.000540447783505734
wf2022,TS_K50,20220523,-7.714169397610854e-05,-0.002297830188444808,0.002077224138226539
wf2022,TS_K50,20220524,0.002899851001819973,0.0032120886127821636,-0.00036036993651678673
wf2022,TS_K50,20220525,0.0007985491246838778,-7.15349553037339e-05,0.0007680265176020234
wf2022,TS_K50,20220526,0.00011861343122333845,0.0001302514038110342,-8.705465121361989e-06
wf2022,TS_K50,20220527,0.00012300910627826948,0.00020866238951944272,-4.475552605091843e-05
wf2022,TS_K50,20220530,0.0028362163144622365,0.0028441380661224213,-5.112676385632029e-05
wf2022,TS_K50,20220531,-0.0013684435272349866,-0.0013042858172781318,-3.2456529256178883e-05
wf2022,TS_K50,20220601,0.0021067148973177817,0.0023861714220612994,-0.00029416745380028415
wf2022,TS_K50,20220602,0.00013969092977993668,0.0018144395875927164,-0.001749728593842961
wf2022,TS_K50,20220606,0.0018511800563138846,0.0013463410098460292,0.00043367701422338336
wf2022,TS_K50,20220607,0.002188702971836778,0.00174374981758114,0.00039514721961249734
wf2022,TS_K50,20220608,0.0018464598604028305,0.00023040539819883712,0.0015254810435848276
wf2022,TS_K50,20220609,-0.001276915463417655,-0.0002672030234818309,-0.0010525340289317593
wf2022,TS_K50,20220610,-0.0014621352386005198,8.563261338361e-05,-0.0015237783571633169
wf2022,TS_K50,20220613,0.0004964262385201096,-0.0008901063053315236,0.0013290730135139689
wf2022,TS_K50,20220614,0.0041672910187431165,0.0025816475800148416,0.0015442043027398275
wf2022,TS_K50,20220615,-0.00030706309320653255,0.0015702549570704477,-0.0019201799809281772
wf2022,TS_K50,20220616,-0.0014262017219699454,-0.0007639158413747682,-0.0006738609831107835
wf2022,TS_K50,20220617,-0.0004931532275104667,0.00035431998991538254,-0.0008512070485833234
wf2022,TS_K50,20220620,0.0015275791253898585,0.0005368496050322661,0.0011189752964033451
wf2022,TS_K50,20220621,0.0006205731747494104,0.0007119477992880681,-0.00011547871177134672
wf2022,TS_K50,20220622,-0.0019487846413231875,-0.0011620258318492014,-0.0007639703805879161
wf2022,TS_K50,20220623,0.0007568388642651171,0.0016025545993802281,-0.0008643271726804791
wf2022,TS_K50,20220624,-0.0001807343021212101,0.0007993093623727392,-0.0009497600650655018
wf2022,TS_K50,20220627,-0.00046142426706415225,-0.0010036273840620651,0.0004589816083862597
wf2022,TS_K50,20220628,0.00449690209281297,0.002595433934061506,0.001811953861586568
wf2022,TS_K50,20220629,-0.000126946766595434,0.0004267322230468724,-0.0005647174504381815
wf2022,TS_K50,20220630,0.0012201340264764047,0.0010926030426901996,0.0001302550318958805
wf2022,TS_K50,20220701,0.0030416239453655864,0.0032077886835015406,-0.00028633071698911695
wf2022,TS_K50,20220704,0.0010180246001077848,0.0004347706618208292,0.0005207092809462124
wf2022,TS_K50,20220705,0.0003179076817210868,0.0004841241695397369,-0.0001997931859933348
wf2022,TS_K50,20220706,-0.0025030833619539674,-0.0018664717639934763,-0.0006817407944662726
wf2022,TS_K50,20220707,0.002769099182173293,0.0020347569543371132,0.0006291089203936734
wf2022,TS_K50,20220708,-0.0010572402311426025,-0.001880738203727666,0.0007747897072700122
wf2022,TS_K50,20220711,-7.608613605205802e-05,-0.001408863912164272,0.0014435435296057096
wf2022,TS_K50,20220712,-0.001250654880294742,-0.0008783864082208381,-0.0004418796266351748
wf2022,TS_K50,20220713,0.0010420205983867233,0.0023215461061442838,-0.001137437545026753
wf2022,TS_K50,20220714,0.0009706027054541856,0.00148482245965381,-0.0003395269545071195
wf2022,TS_K50,20220715,0.0010749103229158348,0.0010548670874114454,-6.118812279054173e-05
wf2022,TS_K50,20220718,-0.0008438797168381727,-0.0005239373888048254,-0.0003804942806175943
wf2022,TS_K50,20220719,-0.0009419135414468812,-0.0003658140398338962,-0.0005311567299735148
wf2022,TS_K50,20220720,0.0003476622044460897,0.00018499910710567267,0.00018600130488104037
wf2022,TS_K50,20220721,0.0005937004125379927,0.0001820501207275179,0.0003739862408273348
wf2022,TS_K50,20220722,0.0042120799940471585,0.0034482176375535186,0.0008107197918868284
wf2022,TS_K50,20220725,-0.0010471859145833613,-0.0002774663108619676,-0.0008413326931491592
wf2022,TS_K50,20220726,-0.0014969557475135644,-0.000687447475564951,-0.0008274514860140365
wf2022,TS_K50,20220727,0.001479848004271804,0.001602355704450732,-0.00017585573666104436
wf2022,TS_K50,20220728,-0.0032360040253570366,-0.0030117292082699858,-0.0001406341982057257
wf2022,TS_K50,20220729,0.0015803484273523554,0.0022157137503841674,-0.000576515930216483
wf2022,TS_K50,20220801,0.0021057731905954266,0.000991315955365168,0.0010572079123642077
wf2022,TS_K50,20220802,0.0015527202048014836,0.001675102967814915,-0.00012659820114231207
wf2022,TS_K50,20220803,0.0009290494908916289,0.001079426699042359,-0.00012971807376512985
wf2022,TS_K50,20220804,0.003642423712005117,0.0028787525232636772,0.0007489870461265965
wf2022,TS_K50,20220805,-0.0006927239268950357,0.00047263942807147216,-0.0011982501469847992
wf2022,TS_K50,20220808,-0.0006923690513336352,-0.00010247353730915784,-0.0005845529285516564
wf2022,TS_K50,20220809,-0.0017934600709490981,-0.0013485962540556316,-0.0005050026945004362
wf2022,TS_K50,20220810,0.003301547452958754,0.0026289580065022196,0.0006920536916295043
wf2022,TS_K50,20220811,0.0012687094028841872,0.00011285027125986798,0.0011325773742402122
wf2022,TS_K50,20220812,-0.0006156538830975507,0.0006999488950479546,-0.0013577952011062915
wf2022,TS_K50,20220815,-0.0019444079964791028,-0.0010084584080398429,-0.000950164699556799
wf2022,TS_K50,20220816,-0.00018559527859384741,-0.00040755436516685495,0.0002545243481870596
wf2022,TS_K50,20220817,-0.0018337388986272834,-0.0005297161374933797,-0.0013024769333390151
wf2022,TS_K50,20220818,0.0018224091178105344,-3.701198745975718e-05,0.0018469456485400533
wf2022,TS_K50,20220819,0.002223976075973911,0.0017815654472644127,0.00044055192121331377
wf2022,TS_K50,20220822,-0.0008626155982124147,-0.0002352799360979695,-0.0006203501913313995
wf2022,TS_K50,20220823,0.005001170165953504,0.002799094284818425,0.0022029774094196367
wf2022,TS_K50,20220824,0.003063368093365307,0.0020813707615029414,0.000985797004362258
wf2022,TS_K50,20220825,9.566641161718771e-05,-0.0004049854050975955,0.0005006518167147844
wf2022,TS_K50,20220826,8.401731907703002e-05,0.00015636609923316548,-7.234878015613606e-05
wf2022,TS_K50,20220829,0.001495150230183065,0.0003909706538927436,0.0011041795762903202
wf2022,TS_K50,20220830,0.003240468374153014,0.0013976087571085927,0.0018428596170444202
wf2022,TS_K50,20220831,0.002550307434814822,0.002173101391984331,0.0003772060428304911
wf2022,TS_K50,20220901,-0.0001948013187984994,0.0005069134561195038,-0.0007017147749180013
wf2022,TS_K50,20220902,-0.0010343066656519828,-0.0013616626425189385,0.0003273559768669565
wf2022,TS_K50,20220905,-0.0018117736469348434,-0.0009949749004956447,-0.0008167987464392001
wf2022,TS_K50,20220906,-0.0008763031619821596,0.00021120816197589168,-0.0010875113239580511
wf2022,TS_K50,20220907,9.022960884388052e-05,-0.000910537161290172,0.0010007667701340522
wf2022,TS_K50,20220908,0.003154477037969781,0.0023236509743487645,0.0008308260636210162
wf2022,TS_K50,20220909,-0.0010566242834706653,-0.00096403566358297,-9.258861988769527e-05
wf2022,TS_K50,20220913,0.0012778129142003748,0.000818439387634946,0.00045937352656543016
wf2022,TS_K50,20220914,0.001510875336490785,-0.000289553530836775,0.0018004288673275641
wf2022,TS_K50,20220915,0.001891964207636456,0.002005793920855322,-0.00011382971321886634
wf2022,TS_K50,20220916,0.0019403405251041742,0.0017702967421075759,0.00017004378299659932
wf2022,TS_K50,20220919,-0.0009026221468447226,-0.0005301369788046957,-0.0003724851680400268
wf2022,TS_K50,20220920,-0.0005999703683607156,-0.0009125134532310932,0.00031254308487037823
wf2022,TS_K50,20220921,2.01641210983549e-05,0.0004403338906541408,-0.00042016976955578473
wf2022,TS_K50,20220922,0.0014480670138660307,4.5468868115280425e-05,0.001402598145750754
wf2022,TS_K50,20220923,0.0012103287492894119,0.0018414700608478224,-0.0006311413115584119
wf2022,TS_K50,20220926,0.0032637483690542805,0.0033362034689452627,-7.245509989098085e-05
wf2022,TS_K50,20220927,-0.0004061382478903926,-0.0020329317038845583,0.001626793455994167
wf2022,TS_K50,20220928,0.004460820630051499,0.004567901103083736,-0.00010708047303223775
wf2022,TS_K50,20220929,0.0014700769246104011,0.00026758708398029105,0.001202489840630113
wf2022,TS_K50,20220930,-0.00025324930096249504,-0.0007363423078457546,0.00048309300688326255
wf2022,TS_K50,20221010,-0.0015232896113442761,-0.0011963616223815098,-0.0003269279889627653
wf2022,TS_K50,20221011,0.0006417523769880924,0.0014627307607706674,-0.0008209783837825762
wf2022,TS_K50,20221012,0.0013088854242458425,0.001635470686960101,-0.0003265852627142575
wf2022,TS_K50,20221013,0.002804407270467296,0.0034046452350275837,-0.0006002379645602862
wf2022,TS_K50,20221014,0.0008827186004344637,0.0011266928916347872,-0.00024397429120032245
wf2022,TS_K50,20221017,0.00047587604320803445,0.001124230958071177,-0.0006483549148631425
wf2022,TS_K50,20221018,-0.001501318874502007,-0.0013597992404536395,-0.00014151963404836814
wf2022,TS_K50,20221019,0.001249183549223909,0.000732609826068485,0.0005165737231554218
wf2022,TS_K50,20221020,-0.0005273713746228547,-0.0005072992851260881,-2.007208949676651e-05
wf2022,TS_K50,20221021,0.00011414580919008252,0.0008046333768661003,-0.0006904875676760219
wf2022,TS_K50,20221024,-0.0005639371943023238,-0.00023230700096844696,-0.00033163019333387687
wf2022,TS_K50,20221025,0.0022541778261796347,0.002592906626549094,-0.0003387288003694616
wf2022,TS_K50,20221026,0.0016813654835714702,0.00016441158741042244,0.0015169538961610479
wf2022,TS_K50,20221027,0.002537534115508999,0.0015113128465185795,0.0010262212689904147
wf2022,TS_K50,20221028,0.0004416864309434443,0.0009057214463002257,-0.00046403501535677907
wf2022,TS_K50,20221031,0.002371671224088337,0.0027680220786940714,-0.0003963508546057313
wf2022,TS_K50,20221101,0.0009484380013433172,0.0016309121110847115,-0.0006824741097413966
wf2022,TS_K50,20221102,-0.0003822725234167439,0.000330914207614752,-0.0006655678874871688
wf2022,TS_K50,20221103,0.0012744662159358822,0.001949132941657875,-0.00067466672572199
wf2022,TS_K50,20221104,-0.0003699862114063491,-0.0004396749762121425,7.20060302451696e-05
wf2022,TS_K50,20221107,-0.0003927059903677442,-0.0007334583402498786,0.00034787729085799905
wf2022,TS_K50,20221108,0.00025289453283071166,9.639751631260849e-05,0.0001523765269171912
wf2022,TS_K50,20221109,0.001242230413292294,-9.122001877560909e-05,0.0013431498007669604
wf2022,TS_K50,20221110,0.0013349434642787265,0.0004760235183709675,0.0008605220413457064
wf2022,TS_K50,20221111,0.00020056722202548222,-0.0009826852703608202,0.0011892635239731252
wf2022,TS_K50,20221114,0.0009054566244074413,0.0020705402876143386,-0.0011665514506276854
wf2022,TS_K50,20221115,-0.0009897132314711302,-0.0011848894371339223,0.00020926377054298888
wf2022,TS_K50,20221116,0.00045284774376105116,0.0001139245014581617,0.0003516406068041727
wf2022,TS_K50,20221117,0.0009197175047993,0.000518126485073811,0.0004032440688364114
wf2022,TS_K50,20221118,-0.0005303216663736841,0.0006495426220386751,-0.001171510635586824
wf2022,TS_K50,20221121,0.0011498188859679955,-0.0006604751561215779,0.0018339130842302941
wf2022,TS_K50,20221122,0.0001526281653079966,-0.0005577856850612817,0.0006910962456071556
wf2022,TS_K50,20221123,0.00014168488479993947,0.0008219613669179679,-0.0006639148303624581
wf2022,TS_K50,20221124,-5.54877990836377e-05,-0.0017222985340438375,0.0016757781629925417
wf2022,TS_K50,20221125,-0.0016054622806035176,-0.0013995986582915655,-0.0002169994887189728
wf2022,TS_K50,20221128,-0.0008772697321846254,-0.0012750440136556217,0.0003887298428583084
wf2022,TS_K50,20221129,-0.0014259202457891525,-0.001271530110976813,-0.00016514131685948022
wf2022,TS_K50,20221130,0.0015497758036801552,0.0020745935156829412,-0.000508172913040053
wf2022,TS_K50,20221201,-0.0007261583158858845,-0.0006519179616876223,-7.564821239409315e-05
wf2022,TS_K50,20221202,-0.0001250361769717656,-0.001618429431293045,0.0014971436242396346
wf2022,TS_K50,20221205,0.001973708310615025,0.001695320038165871,0.0002925396276507437
wf2022,TS_K50,20221206,0.0019931519427830646,0.0022771201099327392,-0.0002807785661326352
wf2022,TS_K50,20221207,0.0007401963229922773,0.0005388837632494161,0.00019872173366958592
wf2022,TS_K50,20221208,0.001425703441973698,0.0014157462185987468,7.653013579386818e-07
wf2022,TS_K50,20221209,0.001371772347484259,0.0020874641308320082,-0.0007205088400482184
wf2022,TS_K50,20221212,0.0012256026804723058,0.00033688742709140056,0.0008870095798211266
wf2022,TS_K50,20221213,0.0005077052151553725,0.0003455740816590426,0.00015167372181331852
wf2022,TS_K50,20221214,-0.0007378821663428453,-0.0002032732391308429,-0.0005346089272120021
wf2022,TS_K50,20221215,0.0017107742332130704,0.0010793070022732116,0.000631467230939858
wf2022,TS_K50,20221216,0.00011140365031404517,0.00038799113902206997,-0.0002765874887080285
wf2022,TS_K50,20221219,0.0009378648193596345,0.0005739668781922009,0.0003638979411674343
wf2022,TS_K50,20221220,0.0004961290119894759,0.00014870813100371124,0.0003474208809857652
wf2022,TS_K50,20221221,0.0011847716545497038,0.0010901204062876246,9.465124826207839e-05
wf2022,TS_K50,20221222,-0.0008426836614004547,-0.00096200978380974,0.00011932612240928607
wf2022,TS_K50,20221223,0.0013608633302199854,0.0022003995563669608,-0.0008395362261469729
wf2022,TS_K50,20221226,0.0009295600881481618,0.0003090321725695459,0.0006205279155786156
wf2022,TS_K50,20221227,0.000950612877234594,0.0006957129784880562,0.00025489989874653536
wf2022,TS_K50,20221228,0.0008284406138169228,0.0009334997889483189,-0.00010505917513139597
wf2022,TS_K50,20221229,-0.0003900795710358165,-0.0007110235354466449,0.0003209439644108292
wf2022,TS_K50,20221230,0.0008385746578446936,0.0016862264435437105,-0.0008476517856990141
wf2022,TS_K70,20220104,0.005086436347378445,0.00038106448066954634,0.004462987048733707
wf2022,TS_K70,20220105,0.0014140263620802916,0.0030032917190963215,-0.0015842562237170972
wf2022,TS_K70,20220106,0.006004909938938492,0.0007947517194356789,0.005263659672741417
wf2022,TS_K70,20220107,0.0014788811429295723,0.0004487348129369192,0.0011314439621363643
wf2022,TS_K70,20220110,0.0045307638789214375,0.0016584316734685417,0.0028275957345756785
wf2022,TS_K70,20220111,-0.005041766484628205,-0.0018322776462346378,-0.0031798277198354943
wf2022,TS_K70,20220112,0.003467060988423078,8.068042311431024e-05,0.003375578243233739
wf2022,TS_K70,20220113,-0.001135100288701757,0.0025347344579707016,-0.0036687087005523047
wf2022,TS_K70,20220114,-0.0019072999619412483,-0.0005850768863239022,-0.0013942602917391233
wf2022,TS_K70,20220117,0.00316952435226882,0.000960890568673888,0.0022676044387250896
wf2022,TS_K70,20220118,0.0020424530856103084,-0.0008796132626450134,0.0028596487890775414
wf2022,TS_K70,20220119,0.003848127364888869,-0.0006566513268036293,0.004368165336212422
wf2022,TS_K70,20220120,0.0007658901666124807,-0.0008465254826968908,0.0013269993282844462
wf2022,TS_K70,20220121,-0.0019745842525506515,0.00035257525706766115,-0.0024654449086809493
wf2022,TS_K70,20220124,-0.0001718924446906453,-0.0023273243755018696,0.0022216089772662284
wf2022,TS_K70,20220125,0.0003980082819350283,2.6140265797179748e-05,0.00024976955175641806
wf2022,TS_K70,20220126,0.004117624844132625,0.0014281726251930188,0.0025268361452704265
wf2022,TS_K70,20220127,-0.00023418644666726128,-0.00013545915100255212,-0.00020091324987671737
wf2022,TS_K70,20220128,0.0019704393232004534,0.0010379116932920625,0.0010558118593464666
wf2022,TS_K70,20220207,0.005136053366428837,0.00296745472469871,0.0021372369144357084
wf2022,TS_K70,20220208,-0.001219121714813639,0.0016288693573856448,-0.0027822714843383366
wf2022,TS_K70,20220209,0.0017166571357790541,-0.00142041818222961,0.0031521944042401493
wf2022,TS_K70,20220210,0.0006466328090314472,-0.0025577204056342387,0.0032387141662124
wf2022,TS_K70,20220211,0.0015142553220501003,0.0030284841690156198,-0.0015893819251809834
wf2022,TS_K70,20220214,-0.0017221461366350973,0.00023604663251984554,-0.0019779779756688
wf2022,TS_K70,20220215,-0.0008505817644291688,0.00010278956571457235,-0.0006977024083924099
wf2022,TS_K70,20220216,0.0005237169191990364,0.0007441831938688973,-0.0002122400413592918
wf2022,TS_K70,20220217,0.0021537759988134314,0.0015817147850180507,0.0005417904871560511
wf2022,TS_K70,20220218,-0.0005383759965237322,0.0013269136658631698,-0.001979081984680354
wf2022,TS_K70,20220221,-0.0014231919071114978,-0.002251102369586514,0.0007658027522282696
wf2022,TS_K70,20220222,-0.0017553115434620677,0.0009893317480281004,-0.0027560320941624737
wf2022,TS_K70,20220223,0.001377214904427753,-0.0002993863888515703,0.0015186067736122134
wf2022,TS_K70,20220224,0.0028899831849878155,0.0035757745396372727,-0.00062780961568611
wf2022,TS_K70,20220225,0.0016824082359411944,0.0019067976475063704,-0.0002443570326157605
wf2022,TS_K70,20220228,-0.0010564599868949356,-0.0005114846936295955,-0.00046708814875488764
wf2022,TS_K70,20220301,0.0029572881398096107,0.002822570821619491,0.00016541397174403287
wf2022,TS_K70,20220302,0.004763712153964063,0.001888314126094946,0.003064037257439544
wf2022,TS_K70,20220303,0.004007270500273873,0.0034305843974186947,0.0007224311059104618
wf2022,TS_K70,20220304,-0.0006787337152078625,-0.00032216917691297637,-0.0002712917368002846
wf2022,TS_K70,20220307,-0.0006667035713501246,-0.001486285673097355,0.0007303217777526309
wf2022,TS_K70,20220308,-0.0016601818495941938,-0.00036998975965531417,-0.0012546488769005193
wf2022,TS_K70,20220309,0.003091907202092358,0.0037756484434435644,-0.0007475671296043485
wf2022,TS_K70,20220310,0.006730315625364209,0.005580143523959317,0.0009619212179386154
wf2022,TS_K70,20220311,0.0008569058151106854,-0.0007495172187877304,0.0015001048185225487
wf2022,TS_K70,20220314,-0.002349678926467695,-0.0019005797482549566,-0.0004754555387791742
wf2022,TS_K70,20220315,-0.0038441015163443656,-0.0028887577872408164,-0.000946393957931497
wf2022,TS_K70,20220316,-0.00047314043456965146,0.0012593379552311473,-0.0017673178262469307
wf2022,TS_K70,20220317,0.0015315274879002805,0.000991811128846881,0.0004942272607066377
wf2022,TS_K70,20220318,-0.002174922430080141,-0.0003823169968391071,-0.0017280650027257298
wf2022,TS_K70,20220321,0.0009620274551012263,-0.0011890134547693162,0.002036461718779389
wf2022,TS_K70,20220322,-1.3573458796863145e-05,-0.0003091450682753306,0.0001860318440781067
wf2022,TS_K70,20220323,0.0030594445304963757,0.0024539725040135857,0.0006439106896017462
wf2022,TS_K70,20220324,0.001927580890930248,0.0004675292378180494,0.0013743765681695046
wf2022,TS_K70,20220325,0.003103772067412556,0.0018040702580295555,0.0010990455852297272
wf2022,TS_K70,20220328,0.0011396817648253194,0.0008351432604593626,0.0001383368499323537
wf2022,TS_K70,20220329,-0.00028117287017394646,-1.9635476938193445e-05,-0.0003963010342885533
wf2022,TS_K70,20220330,0.00030456266527659724,-0.0012061806568533216,0.0013337568085955078
wf2022,TS_K70,20220331,0.0025759117097711205,0.0007323947714375283,0.0017035960136023737
wf2022,TS_K70,20220401,-0.0006050402212882042,-0.0012715196170569355,0.0006407789879426232
wf2022,TS_K70,20220406,0.0022345070080250842,0.001265789548506642,0.0011609022627038154
wf2022,TS_K70,20220407,-0.0020219225659385423,-0.0034685749650831036,0.001178076497591148
wf2022,TS_K70,20220408,0.001896063995176004,0.0002853332336074017,0.0013687725712461772
wf2022,TS_K70,20220411,0.001721978153961582,0.0015426632773971223,0.00012986551128540895
wf2022,TS_K70,20220412,0.0020055652828222872,0.00019836847628901402,0.00181399062919613
wf2022,TS_K70,20220413,0.0014200041316462676,0.0016149695174076015,-0.0002916517303562831
wf2022,TS_K70,20220414,0.007298002585981234,0.005927405050064184,0.0013321188579416814
wf2022,TS_K70,20220415,0.0004398724486905292,0.0011151989489524537,-0.0006500613428367679
wf2022,TS_K70,20220418,0.0007218205480382872,0.0005826080377492955,0.000138759279531383
wf2022,TS_K70,20220419,0.0008019153573969786,7.941894026123422e-05,0.0007681592870239138
wf2022,TS_K70,20220420,0.00033180486038281165,-0.001097647617219775,0.0015976800534443854
wf2022,TS_K70,20220421,0.00029620453611173443,9.496778145027542e-05,0.0006461628196617352
wf2022,TS_K70,20220422,-0.001637400077855608,-0.0032816560494530727,0.001565153379312078
wf2022,TS_K70,20220425,0.0027073765308280526,0.002216827825972072,0.00025840000369875934
wf2022,TS_K70,20220426,0.00792214773072725,0.00923138238718988,-0.0013247073617062193
wf2022,TS_K70,20220427,-0.001944078427861179,-0.0027075889094333094,0.0007369069763721637
wf2022,TS_K70,20220428,0.00221830753651419,0.003251773042882481,-0.0010630996069218943
wf2022,TS_K70,20220429,0.004320395099486139,0.00529790272650546,-0.0007940440957264713
wf2022,TS_K70,20220505,0.001958366207409844,0.0025563627901684007,-0.00036837367528572634
wf2022,TS_K70,20220506,0.0006245558413340048,0.0012443778070185705,-0.00044138410035868183
wf2022,TS_K70,20220509,-0.0001242658473148122,0.0011157542356065846,-0.001157270077127253
wf2022,TS_K70,20220510,0.0028241227318273046,0.0033681993697427643,-0.0006241018763722211
wf2022,TS_K70,20220511,0.00021967719514392418,0.00033344254441927446,-0.00027094820634549003
wf2022,TS_K70,20220512,0.0003031393486859456,-0.00029396345932057154,0.0004090223148722886
wf2022,TS_K70,20220513,-0.0004390937809103453,-0.00016825874855199026,-0.0003467839671349833
wf2022,TS_K70,20220516,0.0021171321382327662,0.002032159165291959,-7.108574678643263e-05
wf2022,TS_K70,20220517,0.0002644497180519191,0.0005184145280075601,-0.0002730450447628601
wf2022,TS_K70,20220518,0.0011454627620706356,0.0017950983033706437,-0.0006334830972311322
wf2022,TS_K70,20220519,0.0037785452577370655,0.0036075714764205943,8.660418296602994e-05
wf2022,TS_K70,20220520,0.0028165933207404716,0.003279218239799109,-0.000540447783505734
wf2022,TS_K70,20220523,-7.714169397610854e-05,-0.002297830188444808,0.002077224138226539
wf2022,TS_K70,20220524,0.002899851001819973,0.0032120886127821636,-0.00036036993651678673
wf2022,TS_K70,20220525,0.0007985491246838778,-7.15349553037339e-05,0.0007680265176020234
wf2022,TS_K70,20220526,0.00011861343122333845,0.0001302514038110342,-8.705465121361989e-06
wf2022,TS_K70,20220527,0.00012300910627826948,0.00020866238951944272,-4.475552605091843e-05
wf2022,TS_K70,20220530,0.0028362163144622365,0.0028441380661224213,-5.112676385632029e-05
wf2022,TS_K70,20220531,-0.0013684435272349866,-0.0013042858172781318,-3.2456529256178883e-05
wf2022,TS_K70,20220601,0.0021067148973177817,0.0023861714220612994,-0.00029416745380028415
wf2022,TS_K70,20220602,0.00013969092977993668,0.0018144395875927164,-0.001749728593842961
wf2022,TS_K70,20220606,0.0018511800563138846,0.0013463410098460292,0.00043367701422338336
wf2022,TS_K70,20220607,0.002188702971836778,0.00174374981758114,0.00039514721961249734
wf2022,TS_K70,20220608,0.0018464598604028305,0.00023040539819883712,0.0015254810435848276
wf2022,TS_K70,20220609,-0.001276915463417655,-0.0002672030234818309,-0.0010525340289317593
wf2022,TS_K70,20220610,-0.0014621352386005198,8.563261338361e-05,-0.0015237783571633169
wf2022,TS_K70,20220613,0.0004964262385201096,-0.0008901063053315236,0.0013290730135139689
wf2022,TS_K70,20220614,0.0041672910187431165,0.0025816475800148416,0.0015442043027398275
wf2022,TS_K70,20220615,-0.00030706309320653255,0.0015702549570704477,-0.0019201799809281772
wf2022,TS_K70,20220616,-0.0014262017219699454,-0.0007639158413747682,-0.0006738609831107835
wf2022,TS_K70,20220617,-0.0004931532275104667,0.00035431998991538254,-0.0008512070485833234
wf2022,TS_K70,20220620,0.0015275791253898585,0.0005368496050322661,0.0011189752964033451
wf2022,TS_K70,20220621,0.0006205731747494104,0.0007119477992880681,-0.00011547871177134672
wf2022,TS_K70,20220622,-0.0019487846413231875,-0.0011620258318492014,-0.0007639703805879161
wf2022,TS_K70,20220623,0.0007568388642651171,0.0016025545993802281,-0.0008643271726804791
wf2022,TS_K70,20220624,-0.0001807343021212101,0.0007993093623727392,-0.0009497600650655018
wf2022,TS_K70,20220627,-0.00046142426706415225,-0.0010036273840620651,0.0004589816083862597
wf2022,TS_K70,20220628,0.00449690209281297,0.002595433934061506,0.001811953861586568
wf2022,TS_K70,20220629,-0.000126946766595434,0.0004267322230468724,-0.0005647174504381815
wf2022,TS_K70,20220630,0.0012201340264764047,0.0010926030426901996,0.0001302550318958805
wf2022,TS_K70,20220701,0.0030416239453655864,0.0032077886835015406,-0.00028633071698911695
wf2022,TS_K70,20220704,0.0010180246001077848,0.0004347706618208292,0.0005207092809462124
wf2022,TS_K70,20220705,0.0003179076817210868,0.0004841241695397369,-0.0001997931859933348
wf2022,TS_K70,20220706,-0.0025030833619539674,-0.0018664717639934763,-0.0006817407944662726
wf2022,TS_K70,20220707,0.002769099182173293,0.0020347569543371132,0.0006291089203936734
wf2022,TS_K70,20220708,-0.0010572402311426025,-0.001880738203727666,0.0007747897072700122
wf2022,TS_K70,20220711,-7.608613605205802e-05,-0.001408863912164272,0.0014435435296057096
wf2022,TS_K70,20220712,-0.001250654880294742,-0.0008783864082208381,-0.0004418796266351748
wf2022,TS_K70,20220713,0.0010420205983867233,0.0023215461061442838,-0.001137437545026753
wf2022,TS_K70,20220714,0.0009706027054541856,0.00148482245965381,-0.0003395269545071195
wf2022,TS_K70,20220715,0.0010749103229158348,0.0010548670874114454,-6.118812279054173e-05
wf2022,TS_K70,20220718,-0.0008438797168381727,-0.0005239373888048254,-0.0003804942806175943
wf2022,TS_K70,20220719,-0.0009419135414468812,-0.0003658140398338962,-0.0005311567299735148
wf2022,TS_K70,20220720,0.0003476622044460897,0.00018499910710567267,0.00018600130488104037
wf2022,TS_K70,20220721,0.0005937004125379927,0.0001820501207275179,0.0003739862408273348
wf2022,TS_K70,20220722,0.0042120799940471585,0.0034482176375535186,0.0008107197918868284
wf2022,TS_K70,20220725,-0.0010471859145833613,-0.0002774663108619676,-0.0008413326931491592
wf2022,TS_K70,20220726,-0.0014969557475135644,-0.000687447475564951,-0.0008274514860140365
wf2022,TS_K70,20220727,0.001479848004271804,0.001602355704450732,-0.00017585573666104436
wf2022,TS_K70,20220728,-0.0032360040253570366,-0.0030117292082699858,-0.0001406341982057257
wf2022,TS_K70,20220729,0.0015803484273523554,0.0022157137503841674,-0.000576515930216483
wf2022,TS_K70,20220801,0.0021057731905954266,0.000991315955365168,0.0010572079123642077
wf2022,TS_K70,20220802,0.0015527202048014836,0.001675102967814915,-0.00012659820114231207
wf2022,TS_K70,20220803,0.0009290494908916289,0.001079426699042359,-0.00012971807376512985
wf2022,TS_K70,20220804,0.003642423712005117,0.0028787525232636772,0.0007489870461265965
wf2022,TS_K70,20220805,-0.0006927239268950357,0.00047263942807147216,-0.0011982501469847992
wf2022,TS_K70,20220808,-0.0006923690513336352,-0.00010247353730915784,-0.0005845529285516564
wf2022,TS_K70,20220809,-0.0017934600709490981,-0.0013485962540556316,-0.0005050026945004362
wf2022,TS_K70,20220810,0.003301547452958754,0.0026289580065022196,0.0006920536916295043
wf2022,TS_K70,20220811,0.0012687094028841872,0.00011285027125986798,0.0011325773742402122
wf2022,TS_K70,20220812,-0.0006156538830975507,0.0006999488950479546,-0.0013577952011062915
wf2022,TS_K70,20220815,-0.0019444079964791028,-0.0010084584080398429,-0.000950164699556799
wf2022,TS_K70,20220816,-0.00018559527859384741,-0.00040755436516685495,0.0002545243481870596
wf2022,TS_K70,20220817,-0.0018337388986272834,-0.0005297161374933797,-0.0013024769333390151
wf2022,TS_K70,20220818,0.0018224091178105344,-3.701198745975718e-05,0.0018469456485400533
wf2022,TS_K70,20220819,0.002223976075973911,0.0017815654472644127,0.00044055192121331377
wf2022,TS_K70,20220822,-0.0008626155982124147,-0.0002352799360979695,-0.0006203501913313995
wf2022,TS_K70,20220823,0.005001170165953504,0.002799094284818425,0.0022029774094196367
wf2022,TS_K70,20220824,0.003063368093365307,0.0020813707615029414,0.000985797004362258
wf2022,TS_K70,20220825,9.566641161718771e-05,-0.0004049854050975955,0.0005006518167147844
wf2022,TS_K70,20220826,8.401731907703002e-05,0.00015636609923316548,-7.234878015613606e-05
wf2022,TS_K70,20220829,0.001495150230183065,0.0003909706538927436,0.0011041795762903202
wf2022,TS_K70,20220830,0.003240468374153014,0.0013976087571085927,0.0018428596170444202
wf2022,TS_K70,20220831,0.002550307434814822,0.002173101391984331,0.0003772060428304911
wf2022,TS_K70,20220901,-0.0001948013187984994,0.0005069134561195038,-0.0007017147749180013
wf2022,TS_K70,20220902,-0.0010343066656519828,-0.0013616626425189385,0.0003273559768669565
wf2022,TS_K70,20220905,-0.0018117736469348434,-0.0009949749004956447,-0.0008167987464392001
wf2022,TS_K70,20220906,-0.0008763031619821596,0.00021120816197589168,-0.0010875113239580511
wf2022,TS_K70,20220907,9.022960884388052e-05,-0.000910537161290172,0.0010007667701340522
wf2022,TS_K70,20220908,0.003154477037969781,0.0023236509743487645,0.0008308260636210162
wf2022,TS_K70,20220909,-0.0010566242834706653,-0.00096403566358297,-9.258861988769527e-05
wf2022,TS_K70,20220913,0.0012778129142003748,0.000818439387634946,0.00045937352656543016
wf2022,TS_K70,20220914,0.001510875336490785,-0.000289553530836775,0.0018004288673275641
wf2022,TS_K70,20220915,0.001891964207636456,0.002005793920855322,-0.00011382971321886634
wf2022,TS_K70,20220916,0.0019403405251041742,0.0017702967421075759,0.00017004378299659932
wf2022,TS_K70,20220919,-0.0009026221468447226,-0.0005301369788046957,-0.0003724851680400268
wf2022,TS_K70,20220920,-0.0005999703683607156,-0.0009125134532310932,0.00031254308487037823
wf2022,TS_K70,20220921,2.01641210983549e-05,0.0004403338906541408,-0.00042016976955578473
wf2022,TS_K70,20220922,0.0014480670138660307,4.5468868115280425e-05,0.001402598145750754
wf2022,TS_K70,20220923,0.0012103287492894119,0.0018414700608478224,-0.0006311413115584119
wf2022,TS_K70,20220926,0.0032637483690542805,0.0033362034689452627,-7.245509989098085e-05
wf2022,TS_K70,20220927,-0.0004061382478903926,-0.0020329317038845583,0.001626793455994167
wf2022,TS_K70,20220928,0.004460820630051499,0.004567901103083736,-0.00010708047303223775
wf2022,TS_K70,20220929,0.0014700769246104011,0.00026758708398029105,0.001202489840630113
wf2022,TS_K70,20220930,-0.00025324930096249504,-0.0007363423078457546,0.00048309300688326255
wf2022,TS_K70,20221010,-0.0015232896113442761,-0.0011963616223815098,-0.0003269279889627653
wf2022,TS_K70,20221011,0.0006417523769880924,0.0014627307607706674,-0.0008209783837825762
wf2022,TS_K70,20221012,0.0013088854242458425,0.001635470686960101,-0.0003265852627142575
wf2022,TS_K70,20221013,0.002804407270467296,0.0034046452350275837,-0.0006002379645602862
wf2022,TS_K70,20221014,0.0008827186004344637,0.0011266928916347872,-0.00024397429120032245
wf2022,TS_K70,20221017,0.00047587604320803445,0.001124230958071177,-0.0006483549148631425
wf2022,TS_K70,20221018,-0.001501318874502007,-0.0013597992404536395,-0.00014151963404836814
wf2022,TS_K70,20221019,0.001249183549223909,0.000732609826068485,0.0005165737231554218
wf2022,TS_K70,20221020,-0.0005273713746228547,-0.0005072992851260881,-2.007208949676651e-05
wf2022,TS_K70,20221021,0.00011414580919008252,0.0008046333768661003,-0.0006904875676760219
wf2022,TS_K70,20221024,-0.0005639371943023238,-0.00023230700096844696,-0.00033163019333387687
wf2022,TS_K70,20221025,0.0022541778261796347,0.002592906626549094,-0.0003387288003694616
wf2022,TS_K70,20221026,0.0016813654835714702,0.00016441158741042244,0.0015169538961610479
wf2022,TS_K70,20221027,0.002537534115508999,0.0015113128465185795,0.0010262212689904147
wf2022,TS_K70,20221028,0.0004416864309434443,0.0009057214463002257,-0.00046403501535677907
wf2022,TS_K70,20221031,0.002371671224088337,0.0027680220786940714,-0.0003963508546057313
wf2022,TS_K70,20221101,0.0009484380013433172,0.0016309121110847115,-0.0006824741097413966
wf2022,TS_K70,20221102,-0.0003822725234167439,0.000330914207614752,-0.0006655678874871688
wf2022,TS_K70,20221103,0.0012744662159358822,0.001949132941657875,-0.00067466672572199
wf2022,TS_K70,20221104,-0.0003699862114063491,-0.0004396749762121425,7.20060302451696e-05
wf2022,TS_K70,20221107,-0.0003927059903677442,-0.0007334583402498786,0.00034787729085799905
wf2022,TS_K70,20221108,0.00025289453283071166,9.639751631260849e-05,0.0001523765269171912
wf2022,TS_K70,20221109,0.001242230413292294,-9.122001877560909e-05,0.0013431498007669604
wf2022,TS_K70,20221110,0.0013349434642787265,0.0004760235183709675,0.0008605220413457064
wf2022,TS_K70,20221111,0.00020056722202548222,-0.0009826852703608202,0.0011892635239731252
wf2022,TS_K70,20221114,0.0009054566244074413,0.0020705402876143386,-0.0011665514506276854
wf2022,TS_K70,20221115,-0.0009897132314711302,-0.0011848894371339223,0.00020926377054298888
wf2022,TS_K70,20221116,0.00045284774376105116,0.0001139245014581617,0.0003516406068041727
wf2022,TS_K70,20221117,0.0009197175047993,0.000518126485073811,0.0004032440688364114
wf2022,TS_K70,20221118,-0.0005303216663736841,0.0006495426220386751,-0.001171510635586824
wf2022,TS_K70,20221121,0.0011498188859679955,-0.0006604751561215779,0.0018339130842302941
wf2022,TS_K70,20221122,0.0001526281653079966,-0.0005577856850612817,0.0006910962456071556
wf2022,TS_K70,20221123,0.00014168488479993947,0.0008219613669179679,-0.0006639148303624581
wf2022,TS_K70,20221124,-5.54877990836377e-05,-0.0017222985340438375,0.0016757781629925417
wf2022,TS_K70,20221125,-0.0016054622806035176,-0.0013995986582915655,-0.0002169994887189728
wf2022,TS_K70,20221128,-0.0008772697321846254,-0.0012750440136556217,0.0003887298428583084
wf2022,TS_K70,20221129,-0.0014259202457891525,-0.001271530110976813,-0.00016514131685948022
wf2022,TS_K70,20221130,0.0015497758036801552,0.0020745935156829412,-0.000508172913040053
wf2022,TS_K70,20221201,-0.0007261583158858845,-0.0006519179616876223,-7.564821239409315e-05
wf2022,TS_K70,20221202,-0.0001250361769717656,-0.001618429431293045,0.0014971436242396346
wf2022,TS_K70,20221205,0.001973708310615025,0.001695320038165871,0.0002925396276507437
wf2022,TS_K70,20221206,0.0019931519427830646,0.0022771201099327392,-0.0002807785661326352
wf2022,TS_K70,20221207,0.0007401963229922773,0.0005388837632494161,0.00019872173366958592
wf2022,TS_K70,20221208,0.001425703441973698,0.0014157462185987468,7.653013579386818e-07
wf2022,TS_K70,20221209,0.001371772347484259,0.0020874641308320082,-0.0007205088400482184
wf2022,TS_K70,20221212,0.0012256026804723058,0.00033688742709140056,0.0008870095798211266
wf2022,TS_K70,20221213,0.0005077052151553725,0.0003455740816590426,0.00015167372181331852
wf2022,TS_K70,20221214,-0.0007378821663428453,-0.0002032732391308429,-0.0005346089272120021
wf2022,TS_K70,20221215,0.0017107742332130704,0.0010793070022732116,0.000631467230939858
wf2022,TS_K70,20221216,0.00011140365031404517,0.00038799113902206997,-0.0002765874887080285
wf2022,TS_K70,20221219,0.0009378648193596345,0.0005739668781922009,0.0003638979411674343
wf2022,TS_K70,20221220,0.0004961290119894759,0.00014870813100371124,0.0003474208809857652
wf2022,TS_K70,20221221,0.0011847716545497038,0.0010901204062876246,9.465124826207839e-05
wf2022,TS_K70,20221222,-0.0008426836614004547,-0.00096200978380974,0.00011932612240928607
wf2022,TS_K70,20221223,0.0013608633302199854,0.0022003995563669608,-0.0008395362261469729
wf2022,TS_K70,20221226,0.0009295600881481618,0.0003090321725695459,0.0006205279155786156
wf2022,TS_K70,20221227,0.000950612877234594,0.0006957129784880562,0.00025489989874653536
wf2022,TS_K70,20221228,0.0008284406138169228,0.0009334997889483189,-0.00010505917513139597
wf2022,TS_K70,20221229,-0.0003900795710358165,-0.0007110235354466449,0.0003209439644108292
wf2022,TS_K70,20221230,0.0008385746578446936,0.0016862264435437105,-0.0008476517856990141
wf2023,H01,20230103,-0.003479687183650283,-0.0032346189534101727,-0.0002450682302401097
wf2023,H01,20230104,0.003575858805109631,0.0031778239772365107,0.0003980348278731216
wf2023,H01,20230105,0.005264408094086397,0.005031926316193574,0.00023248177789282314
wf2023,H01,20230106,0.0023252682741470958,0.0019910193629462942,0.00033424891120080187
wf2023,H01,20230109,0.0012432768900732776,0.0009634029620808977,0.00027987392799238035
wf2023,H01,20230110,-0.0022305258785161527,-0.00202841846555715,-0.00020210741295900383
wf2023,H01,20230111,0.004079483576444675,0.0039248522780889125,0.00015463129835576172
wf2023,H01,20230112,-0.002649520681272433,-0.0025562534013168587,-9.326727995557458e-05
wf2023,H01,20230113,0.0008655640221091922,0.0006675498815107865,0.0001980141405984052
wf2023,H01,20230116,0.001686820502030095,0.001597671100084778,8.914940194531739e-05
wf2023,H01,20230117,0.0012147522100237479,0.0012563855452164387,-4.1633335192691555e-05
wf2023,H01,20230118,-0.0004343853344348069,-0.0005770227036340238,0.00014263736919921597
wf2023,H01,20230119,0.0009545619155351612,0.000885542463315431,6.901945221973171e-05
wf2023,H01,20230120,0.006757340897491762,0.006393954392063266,0.00036338650542849365
wf2023,H01,20230130,0.0032199090174251776,0.0033337056606564178,-0.00011379664323123925
wf2023,H01,20230131,0.001981186987569805,0.001729481778967728,0.00025170520860207736
wf2023,H01,20230201,7.933950537271622e-05,-0.00026390356248527777,0.0003432430678579944
wf2023,H01,20230202,0.0023301733363883114,0.0023288969633435247,1.2763730447869006e-06
wf2023,H01,20230203,-0.00041793421434101587,-0.0002713085018122764,-0.00014662571252873905
wf2023,H01,20230206,0.0031984315873852505,0.003014574983093986,0.00018385660429126344
wf2023,H01,20230207,0.004530908216380959,0.004503604787611682,2.730342876927674e-05
wf2023,H01,20230208,0.002099972255305319,0.0017059799938653171,0.0003939922614400049
wf2023,H01,20230209,-0.0022177951663070704,-0.0019327962167643604,-0.00028499894954271
wf2023,H01,20230210,-0.0009461957019461075,-0.0012437439396699949,0.00029754823772388606
wf2023,H01,20230213,0.0014905159631776008,0.001443139169706167,4.737679347143477e-05
wf2023,H01,20230214,0.003161207023836396,0.002970410291004338,0.00019079673283205832
wf2023,H01,20230215,-0.005164264506486178,-0.004732018602371212,-0.0004322459041149708
wf2023,H01,20230216,0.00031917526504360826,0.0007343524743145197,-0.00041517720927091047
wf2023,H01,20230217,-0.0026783064408345183,-0.0028275719526399423,0.0001492655118054239
wf2023,H01,20230220,0.0012785334624452098,0.0011652431619368544,0.00011329030050835523
wf2023,H01,20230221,0.0020717433834680256,0.001947941828952836,0.00012380155451519
wf2023,H01,20230222,0.0026883370328969597,0.0028166127465226653,-0.00012827571362570634
wf2023,H01,20230223,0.000761057867662903,0.0006160741626278737,0.00014498370503502955
wf2023,H01,20230224,-0.0008544897575243522,-0.0007124984177678197,-0.00014199133975653278
wf2023,H01,20230227,0.000827895112189397,0.0007383313195695816,8.956379261981177e-05
wf2023,H01,20230228,0.0007910023449983102,0.0006757087604881191,0.00011529358451018912
wf2023,H01,20230301,-0.0033670065600118052,-0.0028455689630055435,-0.0005214375970062604
wf2023,H01,20230302,-0.002403124072826979,-0.0020491702509564226,-0.0003539538218705566
wf2023,H01,20230303,0.0033584531210977472,0.0031832278235811844,0.0001752252975165625
wf2023,H01,20230306,-0.002932279921753638,-0.0021625261410198413,-0.0007697537807337956
wf2023,H01,20230307,0.0016383637035074783,0.0012183729581648481,0.0004199907453426305
wf2023,H01,20230308,0.004311973750035733,0.0045081688794093855,-0.00019619512937365196
wf2023,H01,20230309,-0.0003319814469121569,-0.000298300490656776,-3.368095625538258e-05
wf2023,H01,20230310,-0.0017931118449464297,-0.0022585611303491317,0.00046544928540270266
wf2023,H01,20230313,-0.0017599642666285536,-0.0016692093022187618,-9.075496440979265e-05
wf2023,H01,20230314,-0.0001829059354424671,0.001007007660755961,-0.001189913596198427
wf2023,H01,20230315,-0.00012263961335870835,0.0003860270639766308,-0.0005086666773353407
wf2023,H01,20230316,-0.0016698350178638742,-0.0017418033157063824,7.196829784250878e-05
wf2023,H01,20230317,0.0025910030633609776,0.002626284230047331,-3.5281166686353607e-05
wf2023,H01,20230320,0.0014938772012395435,0.0006030030723271039,0.0008908741289124396
wf2023,H01,20230321,0.00018488693235721096,0.00014309172039413402,4.1795211963078e-05
wf2023,H01,20230322,-0.0017714738662450431,-0.0017508807260317684,-2.05931402132745e-05
wf2023,H01,20230323,0.00015928147879115738,0.0001909541070883954,-3.16726282972383e-05
wf2023,H01,20230324,0.0016119252018631698,0.0011890870913432432,0.0004228381105199267
wf2023,H01,20230327,-0.0011878720679042287,-0.0009965128986533748,-0.00020439615541744657
wf2023,H01,20230328,0.002580106869868401,0.002305706522747391,0.00025992054251950764
wf2023,H01,20230329,-0.0006435234300599651,-0.0006085829979141099,-3.0642763483181254e-05
wf2023,H01,20230330,0.0019262369667821713,0.001555088481985031,0.00036550626366895763
wf2023,H01,20230331,-0.002710225976539444,-0.0027637278981708004,3.453348283552226e-05
wf2023,H01,20230403,-0.004169357678976559,-0.003843084121227046,-0.0003277651731911184
wf2023,H01,20230404,0.004431545896002494,0.004075254040356657,0.00036426526084563834
wf2023,H01,20230406,0.0019884832004419626,0.0018084580658638324,0.00017787720277561054
wf2023,H01,20230407,0.0018311997691041748,0.0018171451714240933,2.0613186397861556e-05
wf2023,H01,20230410,-0.00290973434873352,-0.0030680141336197958,0.00017182861437740212
wf2023,H01,20230411,0.0003837894862738821,0.00017609708402088783,0.0002025530683220839
wf2023,H01,20230412,-0.0011576850842459803,-0.0007808232522860121,-0.0003725334732211028
wf2023,H01,20230413,0.0014780467425774225,0.0014496173510294443,5.106667871425243e-05
wf2023,H01,20230414,-0.00042941172908328993,-0.00012349105138687315,-0.0003059206776964182
wf2023,H01,20230417,-0.0020637111255769535,-0.0019440912714408544,-0.0001196198541361003
wf2023,H01,20230418,-0.0015049538331425904,-0.0016768804874222752,0.00017192665427968586
wf2023,H01,20230419,-0.0005472513510063146,-0.001058826934231771,0.0005115755832254561
wf2023,H01,20230420,-0.001912604000169453,-0.0010844498667420361,-0.000828154133427415
wf2023,H01,20230421,0.004528725417483207,0.0045732363317789555,-4.451091429574791e-05
wf2023,H01,20230424,-0.007278022357846518,-0.006477012364102344,-0.000801009993744177
wf2023,H01,20230425,0.003974797510438234,0.0043005340771388656,-0.0003257365667006287
wf2023,H01,20230426,0.002495604938305214,0.003163677918213696,-0.0006680729799084827
wf2023,H01,20230427,0.0002727562455919,-0.000126419343208587,0.00039917558880048866
wf2023,H01,20230428,-0.003107913941894175,-0.002475326256420304,-0.000633251958613764
wf2023,H01,20230504,-0.0022033761576520216,-0.0016152674957259686,-0.0005612886427898193
wf2023,H01,20230505,0.00010413326796716513,0.00045265214037160724,-0.0003525207440878113
wf2023,H01,20230508,-0.003343376061286112,-0.0023343965637122534,-0.0010054346973205498
wf2023,H01,20230509,0.005751783047623686,0.0054322867430509555,0.00031383096064718633
wf2023,H01,20230510,0.0010775374551307759,0.001164077738435197,-8.401418411082905e-05
wf2023,H01,20230511,-0.00010992265473478216,0.0003132655146472994,-0.00042272329440918275
wf2023,H01,20230512,0.0030997428297770665,0.0029431749533815575,0.00014349653490955926
wf2023,H01,20230515,0.00440390587586617,0.004426666634865975,-7.839288224769793e-06
wf2023,H01,20230516,0.004854826091639,0.004467773528493511,0.00039055371686112913
wf2023,H01,20230517,0.002751534943542522,0.0024291571493716773,0.00032137657652787346
wf2023,H01,20230518,0.0052676670017157414,0.004754644429189005,0.0005121400590568908
wf2023,H01,20230519,0.002205209096021889,0.002358476437779667,-0.00016154193221391301
wf2023,H01,20230522,0.0037118805999942,0.00375394943174566,-4.4616156262549484e-05
wf2023,H01,20230523,0.0028489660014051872,0.0022803561672563796,0.0005686098341488079
wf2023,H01,20230524,0.002139582536007746,0.0021811689467606666,-4.158641075291952e-05
wf2023,H01,20230525,0.0007410171085890276,0.0005024081170221639,0.0002386089915668644
wf2023,H01,20230526,-0.002840326385981623,-0.0027940361555665208,-4.62902304151013e-05
wf2023,H01,20230529,0.0019956355757311172,0.0014220576726098476,0.0005735779031212694
wf2023,H01,20230530,-0.001597011569530603,-0.0016010191137218685,4.007544191265283e-06
wf2023,H01,20230531,0.0016553010076156994,0.0012566775169026072,0.000398623490713092
wf2023,H01,20230601,0.00047491740379902204,0.00037868082000524215,9.623658379377918e-05
wf2023,H01,20230602,0.0009970695825961403,0.0008872710583370818,0.00010979852425905881
wf2023,H01,20230605,-0.003026618346621917,-0.002869529897606213,-0.00015708844901570336
wf2023,H01,20230606,-0.0003401899577689109,-0.0010421407949094655,0.0007019508371405542
wf2023,H01,20230607,-0.00417942276483176,-0.003622552414088229,-0.0005568703507435308
wf2023,H01,20230608,0.0011447900390059527,0.0005652792123737491,0.000579510826632204
wf2023,H01,20230609,0.00445734693291705,0.004035923929288537,0.0004214230036285129
wf2023,H01,20230612,0.002235326382422269,0.0018456828007323274,0.0003896435816899401
wf2023,H01,20230613,2.730208147652181e-05,-1.8328299686046966e-05,4.5630381162568544e-05
wf2023,H01,20230614,0.005271333039178782,0.0048768813692879245,0.00039445166989085766
wf2023,H01,20230615,0.0033406026937160523,0.0028769167883104844,0.0004961472855150913
wf2023,H01,20230616,0.0027719636275290553,0.002028527594988494,0.0007438574183431932
wf2023,H01,20230619,0.0041980576593491775,0.0036571557405233207,0.0004133151991334123
wf2023,H01,20230620,0.00039338371858002076,0.0014752625569371563,-0.0012461164638837062
wf2023,H01,20230621,0.000720187874598311,0.0024091818912403227,-0.0016894170185939696
wf2023,H01,20230626,0.0009352456759481528,0.000735282988945207,-0.00018569976177114364
wf2023,H01,20230627,-0.0017446316065176772,-0.0005304067282558763,-0.0015273275034067765
wf2023,H01,20230628,0.0049269743458951794,0.004476202640487465,0.0007628733877972215
wf2023,H01,20230629,0.0018702536697281346,0.001937696741250155,-0.00018028053793845336
wf2023,H01,20230630,-0.0037495402907067005,-0.00310023153791184,-0.0010746869458904014
wf2023,H01,20230703,0.005430048518550588,0.005049479193524384,0.0005268703216035622
wf2023,H01,20230704,-0.0018871495714761323,-0.000829839673602519,-0.0011334946546903586
wf2023,H01,20230705,-0.0002879522545087257,-0.000499432175687377,0.00035007897649712793
wf2023,H01,20230706,-0.003498497596927162,-0.0024948229245500358,-0.0013387069133412588
wf2023,H01,20230707,-0.0005936676737054431,-0.0001458794923711007,-0.0004062955126002293
wf2023,H01,20230710,0.0016529622417054404,0.0019133831522371732,-2.2144782518276017e-06
wf2023,H01,20230711,-0.0030399209190184826,-0.0019889038987956267,-0.0011109889374420524
wf2023,H01,20230712,0.0008789945446523884,0.0005196561966859,0.000740089514846734
wf2023,H01,20230713,0.0027733185903750855,0.002529786651731457,0.000506227426138606
wf2023,H01,20230714,0.0005813134278044227,0.0007891301970407129,-0.000522111469604742
wf2023,H01,20230717,-0.0014384535605807295,-0.0002417402868466403,-0.0014086156545707832
wf2023,H01,20230718,-0.0036212806502145334,-0.002757535511609376,-0.0005301343796606723
wf2023,H01,20230719,-0.002742298322975909,-0.0016786321995088279,-0.001315506568377484
wf2023,H01,20230720,-0.0027284346760355804,-0.0015413435722681171,-0.0016868056680214565
wf2023,H01,20230721,0.000632932402162434,0.0003336451045102463,6.668187141318474e-05
wf2023,H01,20230724,-0.0013854832119994612,-0.001192961721894033,6.887867065967165e-06
wf2023,H01,20230725,-0.005659014982936726,-0.003477960736368251,-0.0023399229388049664
wf2023,H01,20230726,0.0021261221456799354,0.0027279531486303654,-0.0007893106047180848
wf2023,H01,20230727,-0.002143320528089975,-0.0010236828158274548,-0.0012662034318806838
wf2023,H01,20230728,-0.0014339687683187097,-0.002000934444247977,0.00027610356277372815
wf2023,H01,20230731,-1.8947841014862847e-05,0.00021670288407951092,-0.0005414842343009038
wf2023,H01,20230801,0.0013028698870202562,0.0011120134902628785,0.00020877985085035466
wf2023,H01,20230802,0.00048418357243836755,0.000853173649001264,-0.00038219401157000416
wf2023,H01,20230803,0.00417228346657024,0.0028628727832764097,0.0012208219075142863
wf2023,H01,20230804,0.00017256056533656184,-0.0008561352669498429,0.0010747709387744623
wf2023,H01,20230807,0.00019438709583026036,0.0005359680763455019,-0.0001374502912503203
wf2023,H01,20230808,-0.002159650798665789,-0.0011460229923189176,-0.00077096643098042
wf2023,H01,20230809,-0.002308216270210462,-0.001882816371622046,-0.0005515345798044033
wf2023,H01,20230810,0.0013811353417317856,0.001690548276330219,-0.0001676244587931262
wf2023,H01,20230811,0.0021136026745890582,0.0011217823816970693,0.0010198352344723614
wf2023,H01,20230814,-0.002201803849057946,-0.0014087001279922788,-0.0008598557999030155
wf2023,H01,20230815,-0.0025157035164284705,-0.0015585150180308428,-0.0008474062387672352
wf2023,H01,20230816,0.004104896175401551,0.0033158592936502495,0.0007424377398943436
wf2023,H01,20230817,-0.002791764581367172,-0.0014169401808289976,-0.0011711371869770014
wf2023,H01,20230818,0.0010424119271321766,0.0008731005191538288,0.00013987756589916295
wf2023,H01,20230821,0.004439997405755264,0.002009395601300554,0.0019828490360980808
wf2023,H01,20230822,-0.001965894228477122,-0.0012561219964850484,-0.0009410962645103171
wf2023,H01,20230823,0.0007355036329363708,0.0005906474951574592,1.385011835912446e-05
wf2023,H01,20230824,-0.0031427928773293153,-0.0010173026315798844,-0.0024054300911800735
wf2023,H01,20230825,-0.0028991092055546362,-0.001685056146422021,-0.0010972533461150887
wf2023,H01,20230828,0.011579751121498949,0.008177062614830014,0.0036819242389503214
wf2023,H01,20230829,0.006823194863759493,0.005174353292775751,0.0015680792353297227
wf2023,H01,20230830,0.0016745811248796818,0.001752593646731635,8.919949040619522e-07
wf2023,H01,20230831,-0.0021411580273140024,-0.0013725527820070858,-0.0009431826110897468
wf2023,H01,20230901,-0.0012203387255529125,-0.0008871687909052049,-0.0004168058636076675
wf2023,H01,20230904,0.0015254785027292049,0.0019484362834972827,-0.0003896990251106341
wf2023,H01,20230905,0.001543833542945338,0.0013209496347427645,0.00027870432881091535
wf2023,H01,20230906,-0.0006939322578793719,-0.0004202538705923341,-0.0004737537669011662
wf2023,H01,20230907,0.0024014442915918097,0.0023662250606833477,0.0001221391249569886
wf2023,H01,20230908,0.00335076921352424,0.0034347305635917874,-0.00023979299937461565
wf2023,H01,20230911,0.0006452147883471625,0.0010703892208989547,-0.00046107080917585843
wf2023,H01,20230912,-0.00381729188415739,-0.0031407379074621217,-0.0006257703490485392
wf2023,H01,20230913,-0.001193586016896616,-0.00029502637980517574,-0.001102010329504701
wf2023,H01,20230914,-0.0005160095784041352,0.00013271887170809193,-0.00076304345485556
wf2023,H01,20230915,0.0002972208309822274,2.9278881130813427e-05,0.00027779073288960115
wf2023,H01,20230918,-0.003835778400821374,-0.0025008856548017627,-0.0012668081511252318
wf2023,H01,20230919,-0.00047767486125313563,-0.00014247101786081168,-0.0003161402337276314
wf2023,H01,20230920,0.0004973781073256819,0.0001149925238522338,0.00023499648287524523
wf2023,H01,20230921,0.007923626310282105,0.0061191088519656055,0.0017129434868311656
wf2023,H01,20230922,0.0017361007551583078,0.0017377521110821716,2.8770824947963636e-05
wf2023,H01,20230925,0.0015903691504389234,0.0013118494391149557,0.0003246803921663299
wf2023,H01,20230926,0.002023313142242315,0.0024258684975342823,-0.0004230161699019367
wf2023,H01,20230927,0.0017539788425579243,0.0008254069434206874,0.0008529465983208997
wf2023,H01,20230928,0.005076828031676575,0.0038973155183599454,0.0010759445886902434
wf2023,H01,20231009,4.8135280840386034e-05,-0.0007291571720277969,0.0007229942532765531
wf2023,H01,20231010,0.0032309575634222455,0.002521754779813154,0.0007431698011949867
wf2023,H01,20231011,-0.0020899796942079308,-0.0011640083314114111,-0.0010196806393671137
wf2023,H01,20231012,0.0018950492486578445,0.001468423675850059,0.0003990156623913083
wf2023,H01,20231013,-0.0011160408070371589,-0.0003332495622263861,-0.0007703446091918891
wf2023,H01,20231016,0.0006377573965973295,0.0012316913136670206,-0.0006385002509948169
wf2023,H01,20231017,-0.0016583344952012316,-0.0015905425108075498,-0.00016806758177112657
wf2023,H01,20231018,-0.00010482075320232542,0.0002787728697150628,-0.00033980621758809414
wf2023,H01,20231019,-0.0026903245934282276,-0.0012381594152965673,-0.001446883000793348
wf2023,H01,20231020,-0.0026486673352595393,-0.002768102877212571,5.47586883820077e-05
wf2023,H01,20231023,0.0006880955330038768,-0.0002949305251909349,0.000953959017460474
wf2023,H01,20231024,-0.0014677166134011103,-0.001549714483276401,0.00028854861453999497
wf2023,H01,20231025,0.002120862333516943,0.0025827364764696003,-0.0002875005729737893
wf2023,H01,20231026,0.00014489409506219554,0.0014856160013761949,-0.001306633807242042
wf2023,H01,20231027,0.004391306065923851,0.003003876394109798,0.0012774207741501557
wf2023,H01,20231030,-0.0019374645308179931,-0.0008451864594215174,-0.0011407260739243405
wf2023,H01,20231031,0.00054662821826404,0.0011032759389167656,-0.0006784406731690059
wf2023,H01,20231101,-0.0015807737875524336,-0.0005736750497519657,-0.0010835666836223846
wf2023,H01,20231102,0.00586753052965042,0.004168805045144995,0.0016165072835270416
wf2023,H01,20231103,0.00710947409733682,0.004218336396322853,0.0028502893298360888
wf2023,H01,20231106,0.003732040909017623,0.002109286124943308,0.0016058311869520817
wf2023,H01,20231107,0.001996019072936022,0.0008779845751044114,0.0010823810544507953
wf2023,H01,20231108,-0.0011885370637781823,1.2464654126084876e-05,-0.001273394636181575
wf2023,H01,20231109,-0.0011831413770393658,-0.00020997459927505117,-0.0009042551359558458
wf2023,H01,20231110,0.0021405559823989926,0.0011553212028418977,0.0009984580193990048
wf2023,H01,20231113,0.002732690735731523,0.0013466249138748994,0.0013100367295509597
wf2023,H01,20231114,0.0013292881145701239,0.0012178332174306128,8.674929076631243e-05
wf2023,H01,20231115,-0.001806849890875679,-0.001677350524017832,-0.00017516820685930826
wf2023,H01,20231116,0.0029148065679287048,0.00260238841386105,0.0002781908902882822
wf2023,H01,20231117,0.0011456361222509977,0.0006278107727312274,0.0005948734311439603
wf2023,H01,20231120,-0.00282191293439428,-0.001676405577072476,-0.0011827894603232325
wf2023,H01,20231121,-0.002125308474392693,-0.0009201262306745356,-0.0011950851599344316
wf2023,H01,20231122,0.001454744620630265,0.0014436036422280987,2.8704841613680522e-05
wf2023,H01,20231123,-0.0039084759818968015,-0.0019428189023605216,-0.0020502902010919406
wf2023,H01,20231124,0.004442191081081867,0.003942709111765854,0.00044936219135464667
wf2023,H01,20231127,0.0021468914352501993,0.002006408499485798,0.00013730642304522498
wf2023,H01,20231128,0.0007060692030286886,0.000811646549355813,-0.00012925560353661242
wf2023,H01,20231129,-0.0024499688826655625,-0.001708827474330461,-0.0008310527457202816
wf2023,H01,20231130,0.0026443910865652353,0.0014930960360704539,0.0011243528164867874
wf2023,H01,20231201,-0.0008485828356456615,-0.0007800232339438139,-7.310548761685686e-05
wf2023,H01,20231204,-0.005045593473292542,-0.0036679086606640184,-0.0014058722754121324
wf2023,H01,20231205,0.0002330795686760331,0.000606390047899333,-0.00040163107332153304
wf2023,H01,20231206,0.0007147536854048529,0.000821884432135678,-0.00015453100196932386
wf2023,H01,20231207,0.0032068795643379966,0.002813860064720565,0.00040201708087896255
wf2023,H01,20231208,0.0015839826853342159,0.0008021703017262882,0.000747372285091206
wf2023,H01,20231211,-0.001662585548793628,-0.0016386551781511184,-5.929744762826708e-05
wf2023,H01,20231212,-0.0018100524868029048,-0.001315441857208781,-0.000501797876980151
wf2023,H01,20231213,-0.0035549469535723368,-0.0023360042874653333,-0.001288381744809946
wf2023,H01,20231214,-0.001159175206064168,-0.0010621695448274323,-0.0001261083161387311
wf2023,H01,20231215,-0.000852686026248493,-0.0005342488594429045,-0.00036635875052754924
wf2023,H01,20231218,0.003495958901572253,0.002938219488297304,0.0005975086137070769
wf2023,H01,20231219,0.0003662835183494903,0.0012420456259755934,-0.0008624270073049327
wf2023,H01,20231220,0.0003697098810892122,0.00035396988210168985,-2.520598498632128e-05
wf2023,H01,20231221,-0.001907187817537721,7.781596971843043e-05,-0.0019433244530590987
wf2023,H01,20231222,0.00447310007774325,0.003904816259227329,0.00041939389758252995
wf2023,H01,20231225,-0.004509185657957422,-0.0035612677483611906,-0.0009448633215088569
wf2023,H01,20231226,-7.333297385934533e-05,-0.00016773457087276606,9.626270076186848e-05
wf2023,H01,20231227,0.00509802754259454,0.005135618622948402,-4.586208017039433e-05
wf2023,H01,20231228,0.004438200952822583,0.002796449014361814,0.0016009167366794685
wf2023,H01,20231229,-0.0028846135820796846,-0.0013375536815955487,-0.0015436466694115493
wf2023,LH019,20230103,-0.0010469706375119117,-0.0016684662154761128,0.0006214955779642022
wf2023,LH019,20230104,0.0008990881491373007,0.002008877338138114,-0.0011097891890008138
wf2023,LH019,20230105,0.0036210767504874317,0.0035322740607159567,8.880268977147488e-05
wf2023,LH019,20230106,1.0647323026189912e-06,-6.278479575781907e-05,6.384952806043792e-05
wf2023,LH019,20230109,0.0008158644110409579,0.0015433708155465893,-0.000727506404505631
wf2023,LH019,20230110,-0.0007741712120651004,-0.0012625958944669697,0.000488424682401868
wf2023,LH019,20230111,0.004920710392924856,0.00393337623148743,0.0009873341614374267
wf2023,LH019,20230112,-0.0013091428848114321,-0.003035910065652451,0.0017267671808410192
wf2023,LH019,20230113,0.0004795495121205518,-0.0006805190449413389,0.0011600685570618897
wf2023,LH019,20230116,0.002413365655151166,0.0010819449332406575,0.0013314207219105088
wf2023,LH019,20230117,0.004025232727083977,0.002643581901380198,0.0013816508257037787
wf2023,LH019,20230118,0.0018373873908007557,0.00013113608186505706,0.0017062513089356984
wf2023,LH019,20230119,0.000726152009279897,0.0012696498420302522,-0.0005434978327503539
wf2023,LH019,20230120,0.00478354968062792,0.005903341019266407,-0.0011197913386384831
wf2023,LH019,20230130,0.003107158992932622,0.0020598825201712553,0.0010472764727613667
wf2023,LH019,20230131,0.0014730797097986161,0.0017738613872663764,-0.0003007816774677604
wf2023,LH019,20230201,-0.0012865418284760406,-0.0009242692403403754,-0.00036227258813566524
wf2023,LH019,20230202,0.0009591505500038893,0.0012319515675208983,-0.00027280101751700936
wf2023,LH019,20230203,0.001623758445666078,0.0005525613767190013,0.0010711970689470769
wf2023,LH019,20230206,0.004418162549036543,0.0033364147141197687,0.0010817478349167747
wf2023,LH019,20230207,0.003446416582075949,0.0028314788382018496,0.0006149377438740992
wf2023,LH019,20230208,0.0020388246426045233,0.0016702947300708316,0.0003685299125336946
wf2023,LH019,20230209,-0.0008036965564300168,-0.0022681781220724446,0.0014644815656424275
wf2023,LH019,20230210,-0.002600845293985528,-0.001276103512025766,-0.0013247417819597614
wf2023,LH019,20230213,0.0014638190956329249,-0.00015505431660864876,0.0016188734122415738
wf2023,LH019,20230214,0.004771291106909454,0.005332169330002226,-0.000560878223092772
wf2023,LH019,20230215,-0.0029779797251007524,-0.00397542513115685,0.000997445406056093
wf2023,LH019,20230216,0.0009341756307288283,-0.0007758644547849264,0.0017100400855137553
wf2023,LH019,20230217,-0.0016991810231303788,-0.0018789231067261431,0.00017974208359576718
wf2023,LH019,20230220,0.0031254690223909065,0.0017373811701399508,0.0013880878522509557
wf2023,LH019,20230221,0.0005687747817996198,0.0004442682077288378,0.00012450657407078253
wf2023,LH019,20230222,0.0016742238676428153,0.0006247696974022914,0.0010494541702405233
wf2023,LH019,20230223,0.0035841869745948485,0.0024402887906401745,0.001143898183954674
wf2023,LH019,20230224,0.0004274713040906264,-0.0004404285690843128,0.0008678998731749402
wf2023,LH019,20230227,-0.0009557497200619186,-0.00025730469859130587,-0.0006984450214706154
wf2023,LH019,20230228,0.0019075521938454326,0.002572804465683894,-0.000665252271838463
wf2023,LH019,20230301,-0.00029854942383262736,-0.0017208079835232153,0.001422258559690588
wf2023,LH019,20230302,-0.0005739455718757703,-0.0014926959631709402,0.0009187503912951697
wf2023,LH019,20230303,0.001370483802163772,0.0014379089506434363,-6.742514847966419e-05
wf2023,LH019,20230306,-0.0019311784880683726,-0.0031833439843111607,0.0012521654962427888
wf2023,LH019,20230307,0.0036161295229128095,0.004384741782457473,-0.0007686122595446639
wf2023,LH019,20230308,0.0037147348660594385,0.002337854966587449,0.0013768798994719888
wf2023,LH019,20230309,0.0011064641950967475,0.0006139636250455594,0.0004925005700511884
wf2023,LH019,20230310,-0.002050607672862797,-0.0006314873090139794,-0.0014191203638488172
wf2023,LH019,20230313,-0.0018988268624605918,-0.0023502535349916565,0.0004514266725310639
wf2023,LH019,20230314,0.002532301726914054,-4.795848269235492e-05,0.0025802602096064095
wf2023,LH019,20230315,-0.00023609264226463755,-0.0008193096451334833,0.0005832170028688445
wf2023,LH019,20230316,0.0002733494144254072,0.0011702282363946072,-0.0008968788219691991
wf2023,LH019,20230317,0.0046820483904942015,0.0042819712019438825,0.00040007718855031846
wf2023,LH019,20230320,0.0022448628447289884,0.003152606206068478,-0.0009077433613394891
wf2023,LH019,20230321,0.0030574608329945784,0.002929723265617119,0.00012773756737745825
wf2023,LH019,20230322,-0.0007010180082292094,1.4625787861475444e-05,-0.0007156437960906853
wf2023,LH019,20230323,0.0009304708301866892,0.0017418924805122768,-0.0008114216503255875
wf2023,LH019,20230324,-0.0008581278597421564,0.0007735395822112425,-0.0016316674419533982
wf2023,LH019,20230327,0.00016030469760386357,-0.001399871919651205,0.001547139631088476
wf2023,LH019,20230328,0.0006151153389296711,0.001422876434865024,-0.0008222409005368551
wf2023,LH019,20230329,-0.0007982862238455849,-0.0017520861287858296,0.0009580975736029188
wf2023,LH019,20230330,-0.0004091260941566383,0.0012388427545302074,-0.0016536110698150298
wf2023,LH019,20230331,-0.0017397749344108008,0.0002589550851300153,-0.0020176984583366504
wf2023,LH019,20230403,-0.00359365258957128,-0.004054574101636767,0.00045942989662388226
wf2023,LH019,20230404,-0.0005737927136290244,-0.0003797573737864503,-0.00018606193464277198
wf2023,LH019,20230406,-0.0008981300859217528,-0.0001188372853173212,-0.0007814407324069511
wf2023,LH019,20230407,0.003295474005028028,0.0005612216670930927,0.002740810926652713
wf2023,LH019,20230410,-0.0015257085932401963,-0.00026055666796690087,-0.001251603095782168
wf2023,LH019,20230411,0.002397406306970609,0.004308536425925638,-0.0019162694528859392
wf2023,LH019,20230412,-0.000877080769756791,-0.0021213816138747513,0.0012486292028568258
wf2023,LH019,20230413,0.0014354065306422933,0.0012214553148842478,0.0002365885029243201
wf2023,LH019,20230414,0.0025985863657157007,-0.0002175218092824327,0.002816108174998133
wf2023,LH019,20230417,-0.0009398266306783719,-0.0005575758885536642,-0.0003822507421247088
wf2023,LH019,20230418,0.0007233166061624916,0.0020494797858467096,-0.0013261631796842176
wf2023,LH019,20230419,-0.00019500370359226,0.0023857073017282903,-0.00258071100532055
wf2023,LH019,20230420,-0.001446513112173569,-0.004581334361619423,0.0031348212494458558
wf2023,LH019,20230421,0.001775951360235766,0.0020257950160574535,-0.00024984365582168746
wf2023,LH019,20230424,-0.0022401243853829474,-0.0029349054916885673,0.0006947811063056188
wf2023,LH019,20230425,0.0031919593228525306,0.0003223889768452235,0.0028695703460073097
wf2023,LH019,20230426,0.003325410800989757,0.0005896117586127661,0.0027357990423769905
wf2023,LH019,20230427,0.001298983640834462,0.003648443566484737,-0.002349459925650277
wf2023,LH019,20230428,0.00019089005105965735,-0.0007649619721706127,0.0009551877500903773
wf2023,LH019,20230504,-0.001887919657929638,-0.0022365475518347374,0.0003754479130413319
wf2023,LH019,20230505,0.002896031756303482,0.0031567752081887142,-0.0002647453235686016
wf2023,LH019,20230508,0.0008962359131484045,-0.0010397054505639324,0.0019394861639656453
wf2023,LH019,20230509,0.003096579990644191,0.003175191905217082,-8.427725849843366e-05
wf2023,LH019,20230510,0.0011919935821800313,0.0008305285106674333,0.00036399117070619016
wf2023,LH019,20230511,0.0001727005826461965,-0.0009376704937903062,0.0011108359514094006
wf2023,LH019,20230512,0.0038851362916006984,0.003246371662365936,0.0006256932877488116
wf2023,LH019,20230515,0.004401917208023366,0.002694499716396322,0.0017223389624020779
wf2023,LH019,20230516,0.005954786681646007,0.006371990988165808,-0.0004137031528041614
wf2023,LH019,20230517,0.00236909276402961,0.004530512389317086,-0.0021624208429304468
wf2023,LH019,20230518,0.0022192765544918605,0.001973417209759529,0.00024497683126248576
wf2023,LH019,20230519,0.001385534693020175,5.1733704034997646e-05,0.0013255263985290431
wf2023,LH019,20230522,0.0015311060302133231,0.0003162893182598879,0.0012122693874423468
wf2023,LH019,20230523,0.002504286573883734,0.003619814867289481,-0.0011155282934057476
wf2023,LH019,20230524,0.0036902650915284444,0.0031895255071902333,0.0005007395843382107
wf2023,LH019,20230525,0.0016529163305219509,0.003094619790621223,-0.0014417034600992709
wf2023,LH019,20230526,-0.0012845208857294212,-0.0002607846455192696,-0.0010237362402101525
wf2023,LH019,20230529,0.0002436320955272941,0.0019121235019811259,-0.0016684914064538313
wf2023,LH019,20230530,-0.001855283853444703,-0.0001811020436081478,-0.0016741818098365544
wf2023,LH019,20230531,-0.0021882041262869007,-0.0007274189874514572,-0.001460785138835444
wf2023,LH019,20230601,-0.0011571399197399905,-0.002148258837390023,0.0009911189176500333
wf2023,LH019,20230602,0.0006985406113799858,0.002425268317503681,-0.0017267277061236948
wf2023,LH019,20230605,-0.0035788428659341426,-0.003721561185363249,0.0001427183194291019
wf2023,LH019,20230606,-0.001297054751820461,0.0001308744907361539,-0.0014279292425566155
wf2023,LH019,20230607,-0.000804845046167171,-0.002408241988211604,0.001603396942044433
wf2023,LH019,20230608,-0.0006752992128293005,0.0006563111529978548,-0.0013316103658271546
wf2023,LH019,20230609,0.0025580278413919622,0.0020651830874294746,0.0004928447539624863
wf2023,LH019,20230612,0.003045948845802738,0.0038893888928308905,-0.0008434400470281524
wf2023,LH019,20230613,-0.0027150804460915378,-0.0022266877991864663,-0.0004883926469050718
wf2023,LH019,20230614,0.003043875864262852,0.001978400644147839,0.0010654752201150132
wf2023,LH019,20230615,-0.0006708337554462221,0.000756383776346051,-0.0013947561516827523
wf2023,LH019,20230616,-5.896927957329927e-05,0.002583249247547093,-0.002641797141317761
wf2023,LH019,20230619,0.0015462191320412015,0.001929765818465973,-0.000511133406117216
wf2023,LH019,20230620,0.005310367818526198,0.0020951620796667023,0.0030509681133329258
wf2023,LH019,20230621,0.001789527308100159,-0.0008260401514945933,0.0026151444576427915
wf2023,LH019,20230626,0.0010828704871517977,0.0003369526382574864,0.00036025540012021926
wf2023,LH019,20230627,0.002101407205140178,-0.0005848881141639097,0.002373192694159112
wf2023,LH019,20230628,0.00252876966626279,0.003635232838473648,-0.0007943614898213494
wf2023,LH019,20230629,0.0003559094499139843,-1.0140870581425917e-05,0.0002532128540789765
wf2023,LH019,20230630,-0.0010825030870646982,-0.0027659495829657392,0.0012580683028054996
wf2023,LH019,20230703,0.0038567873294856753,0.00451028980015389,-0.0005072014740908582
wf2023,LH019,20230704,0.002816479324843368,0.001442023826783921,0.001298270741242702
wf2023,LH019,20230705,-0.0005874390835095733,-1.8477393946129982e-05,-0.00043036263424496666
wf2023,LH019,20230706,0.000317513536389237,-0.0017988773344481332,0.001781358629873238
wf2023,LH019,20230707,-9.935102684202482e-06,-0.0006047718016111923,0.0006363293676611027
wf2023,LH019,20230710,0.0026940171671598788,0.0027117534147479755,0.00024047018469181063
wf2023,LH019,20230711,0.0010028881405545701,-0.0008221129168597464,0.0017650291401951198
wf2023,LH019,20230712,-6.50752355431522e-05,0.0009662142448831148,-0.0006505383135460222
wf2023,LH019,20230713,0.0012651096320853068,0.002432874921778129,-0.0009050698021978456
wf2023,LH019,20230714,0.002808797674788318,0.00178717861645868,0.0007073243579611866
wf2023,LH019,20230717,0.002946658895560471,0.0006091332378799499,0.0021256232768438266
wf2023,LH019,20230718,-0.003333156629160721,-0.0034961933844828005,0.0004966475142665642
wf2023,LH019,20230719,-0.00023147328059513854,-0.002245513491107986,0.0017621997656024416
wf2023,LH019,20230720,-0.0012759735893096316,-0.004183884047192441,0.002408195893628817
wf2023,LH019,20230721,0.0018563983272308804,0.0017510109443261827,-0.0001272180433343055
wf2023,LH019,20230724,-0.0010879981013104077,-0.0010544243326033847,0.00016583558846437432
wf2023,LH019,20230725,0.0004996464263629587,-0.0030902608009040823,0.003431038535030552
wf2023,LH019,20230726,0.0027255978204202233,0.0013566857700798435,0.0011814324485727244
wf2023,LH019,20230727,0.00027295914283317554,-0.0014404714359829557,0.0015668648591979683
wf2023,LH019,20230728,-0.0030046975043491395,-0.0029222571587928683,-0.00037330245871180915
wf2023,LH019,20230731,0.0032477411929029186,0.002109664084433547,0.0008322435992628421
wf2023,LH019,20230801,0.0005038586414593769,0.0009674364050767108,-0.00044565430952435707
wf2023,LH019,20230802,-0.0014197596728344343,-0.0020764119980951107,0.0006434483902535687
wf2023,LH019,20230803,-0.0010650416566016254,0.0011618440186433648,-0.002315474451024533
wf2023,LH019,20230804,-0.0012345677423788821,0.0006498504831879856,-0.0018383431190788111
wf2023,LH019,20230807,-0.0005278006040681051,-0.0006295972797890513,0.00030592736498586765
wf2023,LH019,20230808,0.00013183303519887727,-0.0011637999034115863,0.0015382943139769158
wf2023,LH019,20230809,0.0014019371162310372,4.1950793788302494e-05,0.0012338516412267473
wf2023,LH019,20230810,-0.0010993119557592378,-0.0014429399962614894,0.0004854165163075605
wf2023,LH019,20230811,-0.0009516919286021216,0.0008272067228304326,-0.0017508837098521822
wf2023,LH019,20230814,0.00040203990350938263,-0.001402982041945059,0.0017382698666170923
wf2023,LH019,20230815,-0.0012145774074188275,-0.0025561006586268813,0.0014513055108384462
wf2023,LH019,20230816,0.0025676445825378504,0.003941597402066883,-0.0014205519613859896
wf2023,LH019,20230817,0.003596639780065197,0.001634010410927253,0.0021663165826991144
wf2023,LH019,20230818,-0.0010653370352748086,-0.000557090694393057,-0.0005376801829609376
wf2023,LH019,20230821,-0.0018624765441699867,0.0011836199176002318,-0.0034938492301268484
wf2023,LH019,20230822,0.0026105917850342743,0.0007538158021313178,0.0016254519503847112
wf2023,LH019,20230823,4.5287714907323636e-05,-0.0002457516880629482,0.00016003338355048498
wf2023,LH019,20230824,0.0035045298095919726,-0.0009810326822041716,0.004205622646365504
wf2023,LH019,20230825,0.0005754088222235439,-0.0010324828070785131,0.0017246913423195833
wf2023,LH019,20230828,-0.00020508456760724714,0.005497950132740614,-0.005423798968066473
wf2023,LH019,20230829,0.0008893518999655604,0.003065563903006878,-0.002256974338695337
wf2023,LH019,20230830,0.0004422160647376133,0.0004163600789819509,0.00010476050251167671
wf2023,LH019,20230831,-0.0002344926315459195,-0.001964072678065909,0.0015550026807371587
wf2023,LH019,20230901,0.0008872008052617127,5.1166297963434136e-05,0.0007523985783383258
wf2023,LH019,20230904,0.0025385088168427463,0.0016850407204077537,0.0008867268520924368
wf2023,LH019,20230905,0.0009713902727206208,0.0014179373681066174,-0.0003907266747776547
wf2023,LH019,20230906,0.000966783421132154,-5.0713780853164816e-05,0.0008174218223711886
wf2023,LH019,20230907,0.0028264797797983897,0.0030338046701788805,-0.00012040499633196364
wf2023,LH019,20230908,0.0017759535720720983,0.0009472485083968506,0.0006728734143681785
wf2023,LH019,20230911,3.288114287958708e-06,-0.0008256459179782654,0.0007930376556421583
wf2023,LH019,20230912,3.555082301556246e-05,-0.0010569007982484256,0.0011432352489107191
wf2023,LH019,20230913,0.002954977714555135,0.0010575521173658501,0.0016939749047760247
wf2023,LH019,20230914,-0.000389094773229453,-0.0017444164667140853,0.0012410066887412995
wf2023,LH019,20230915,0.0003986860804732319,0.0005847170345236654,-0.00017618217101224754
wf2023,LH019,20230918,0.0010527207787092482,-0.0007966933934194588,0.0019174987670230869
wf2023,LH019,20230919,0.00030927495365597624,-0.0001346304656441908,0.00046296902896485935
wf2023,LH019,20230920,0.002284512378612,0.0026378018572224943,-0.0005006785792086969
wf2023,LH019,20230921,-0.0011095127135860583,0.0012321390382593201,-0.002433225723330712
wf2023,LH019,20230922,0.000697636269687542,0.0009589226825099035,-0.00023086423195053422
wf2023,LH019,20230925,0.0012754216193069908,0.00165167145038517,-0.00033008915023581683
wf2023,LH019,20230926,0.0017091313234511712,0.0005963668214997619,0.0010923036873414413
wf2023,LH019,20230927,0.0010735991151810207,0.0023684995374504015,-0.0013705257230857176
wf2023,LH019,20230928,0.0014544520587552998,0.0030426445309452207,-0.001691760396816307
wf2023,LH019,20231009,-0.0007970056545731356,0.00042898336908496796,-0.0012802872232497327
wf2023,LH019,20231010,-0.0015324065727835446,-0.0004856460290756913,-0.0010127935261219584
wf2023,LH019,20231011,0.0010766307122827262,-0.0006542143366262021,0.0016371357723383331
wf2023,LH019,20231012,0.0009989366131333876,0.0015694301028699874,-0.0005981034001530759
wf2023,LH019,20231013,0.0027045089070854584,0.001869060847601518,0.0008478946951028259
wf2023,LH019,20231016,0.001606401346320004,0.0005921637348199542,0.0009696712775749242
wf2023,LH019,20231017,0.0006043518809372948,0.00027053498393172983,0.00023354129962812603
wf2023,LH019,20231018,0.0014527147649357596,0.0009520483964925232,0.0005444537737725294
wf2023,LH019,20231019,0.0018759747973822157,0.00011829494017875973,0.0017629620345417664
wf2023,LH019,20231020,-0.0011103413952565332,-0.0011652721674113816,-9.746081416180117e-06
wf2023,LH019,20231023,-0.0023553651906382603,-0.0012815842208865687,-0.0011028480104860261
wf2023,LH019,20231024,0.00024443317737320516,0.0007623325971108492,-0.0003113486750729385
wf2023,LH019,20231025,0.0010180064404868884,0.0008631734299127913,0.00032920658055296434
wf2023,LH019,20231026,-0.0005493505778977649,-0.001920940679670882,0.0014056782008450754
wf2023,LH019,20231027,0.0008823297783602489,0.002368247880876943,-0.001595927000180592
wf2023,LH019,20231030,0.0006976074327655012,-0.00051013874962464,0.001159298179862277
wf2023,LH019,20231031,0.001556463448046602,0.0007002059904577915,0.00073446450507253
wf2023,LH019,20231101,0.0012195124908392502,0.00017161845177080705,0.0009714260932465267
wf2023,LH019,20231102,0.0012210544941782392,0.002915075372225847,-0.0017762390790259915
wf2023,LH019,20231103,-0.0036965236886533394,-0.0001357186300549344,-0.0036016534297762894
wf2023,LH019,20231106,-0.0009099211158796025,0.001042320553519318,-0.001969165266521155
wf2023,LH019,20231107,-0.0023540498360117503,-0.0010589805865542292,-0.0013307226928383352
wf2023,LH019,20231108,0.0029418803437794056,0.0010499053894871325,0.001819582036014965
wf2023,LH019,20231109,0.0019243369744951684,0.0007765144427474298,0.0012167341735562086
wf2023,LH019,20231110,-0.001091788586386519,0.00012590348697479628,-0.0012044688335194037
wf2023,LH019,20231113,-0.0014155790582451675,0.0003941225551119607,-0.0018857307056627925
wf2023,LH019,20231114,0.0006237343666373766,0.0005990972591987749,-6.84989345960715e-08
wf2023,LH019,20231115,0.00023086819913316955,4.7379669158324666e-05,0.0001378196899733834
wf2023,LH019,20231116,0.00046370659176989733,0.0006135788200153268,-0.00018409949202480256
wf2023,LH019,20231117,-0.00017246832418349282,0.0007390756131863836,-0.0008344958557456876
wf2023,LH019,20231120,-3.3552134048350606e-05,-0.0017498049911213605,0.0016789707540715822
wf2023,LH019,20231121,0.0003344324775439306,-0.0013074187657465964,0.0016519483270742504
wf2023,LH019,20231122,0.0012206082786522365,0.0011790773976043745,5.909474425937428e-05
wf2023,LH019,20231123,0.001375271696648795,-0.0016583975946645047,0.0029490361697576384
wf2023,LH019,20231124,0.0025582481132453323,0.00306975204290686,-0.0005616237076228937
wf2023,LH019,20231127,0.0005372447845841339,0.0005178629773017175,1.6205294563242055e-05
wf2023,LH019,20231128,0.0006748856981229571,0.0004358500712727668,0.00021535736964070298
wf2023,LH019,20231129,-0.0006365271945716084,-0.0019628030731484447,0.0012363645411916557
wf2023,LH019,20231130,-0.003211219896510261,-0.0014905446755073414,-0.0017476174550109165
wf2023,LH019,20231201,-0.0005225815728408315,-0.0006179959353229061,9.086847656706538e-05
wf2023,LH019,20231204,8.8964763843076e-05,-0.002137813684992943,0.002198590986052408
wf2023,LH019,20231205,4.649510031794462e-05,-0.0006346713119373526,0.0006528458181570651
wf2023,LH019,20231206,0.0008211654723181186,0.000576125682640797,0.00019763953443882368
wf2023,LH019,20231207,0.0010281777752924413,0.001863805564347705,-0.0008266302077937313
wf2023,LH019,20231208,-0.0006665691914187321,0.00042358085439224224,-0.001124590144327697
wf2023,LH019,20231211,-0.001520539691288509,-0.0016907324979391072,0.00013482572966484115
wf2023,LH019,20231212,0.0010815718891485932,0.00022731011374769512,0.0008470745280148707
wf2023,LH019,20231213,0.0010569745013184737,-0.0011456271846360514,0.0021331626072515833
wf2023,LH019,20231214,-0.0010242927159493076,-0.0013986524745453345,0.00034525710369403217
wf2023,LH019,20231215,0.0020965674970842077,0.0015118515565706186,0.0005367943567916281
wf2023,LH019,20231218,0.0012153598780646911,0.001978656735580519,-0.0007235276570836996
wf2023,LH019,20231219,0.003193385423486789,0.0016052395946072487,0.001601480929200711
wf2023,LH019,20231220,-0.0011959153796274064,-0.0013491516438420088,0.000112290280240758
wf2023,LH019,20231221,0.004170688254570841,0.0009131703597645697,0.0032991972290033252
wf2023,LH019,20231222,0.002405051458362243,0.002986002671805301,-0.0007298411343764494
wf2023,LH019,20231225,0.0009022631338614362,-0.0008788916855861439,0.0017842094075349564
wf2023,LH019,20231226,0.0003162108852570334,0.0004710539038311314,-0.0001529819148256501
wf2023,LH019,20231227,0.0006519981230198174,0.00013287820690305636,0.0005108489163002253
wf2023,LH019,20231228,-5.046343618908544e-05,0.002455658112937979,-0.002546956750908363
wf2023,LH019,20231229,0.003385887443334111,0.00048219169750317374,0.0029071089769035245
wf2023,TS_K10,20230103,-0.0010469706375119117,-0.0016684662154761128,0.0006214955779642022
wf2023,TS_K10,20230104,0.0011153963621385807,0.0021955440302000476,-0.0010801476680614667
wf2023,TS_K10,20230105,0.003934525653999737,0.003835201772383039,9.932388161669767e-05
wf2023,TS_K10,20230106,6.134880021809157e-05,-6.107013110361787e-06,6.745581332845471e-05
wf2023,TS_K10,20230109,0.0008084126841686648,0.0015011139794368089,-0.0006927012952681437
wf2023,TS_K10,20230110,-0.0011645481334673965,-0.0016249335882627923,0.00046038545479539595
wf2023,TS_K10,20230111,0.00515732160366552,0.0041664735289957235,0.0009908480746697974
wf2023,TS_K10,20230112,-0.0018180446550798653,-0.0035201833800431646,0.0017021387249632983
wf2023,TS_K10,20230113,-7.929046676151928e-05,-0.0011907312221846789,0.001111440755423159
wf2023,TS_K10,20230116,0.002611760508991831,0.0012958384708827168,0.0013159220381091146
wf2023,TS_K10,20230117,0.003976730041335234,0.0026742477161081344,0.0013024823252270983
wf2023,TS_K10,20230118,0.0014157214250580634,-0.0001875594587807316,0.001603280883838795
wf2023,TS_K10,20230119,0.00031172294644058254,0.0008038851080668095,-0.0004921621616262249
wf2023,TS_K10,20230120,0.004870488084933237,0.005824702895703171,-0.0009542148107699355
wf2023,TS_K10,20230130,0.002793412113094397,0.0018688789701768204,0.000924533142917577
wf2023,TS_K10,20230131,0.0016007235240531447,0.0017996587941475337,-0.00019893527009438795
wf2023,TS_K10,20230201,-0.0009696036091455201,-0.0007908122023730754,-0.00017879140677244456
wf2023,TS_K10,20230202,0.0013108228369883533,0.0015539790495283673,-0.0002431562125400139
wf2023,TS_K10,20230203,0.0014649024399934032,0.0005730956627744699,0.0008918067772189337
wf2023,TS_K10,20230206,0.003844255668794312,0.0027582491420833073,0.0010860065267110054
wf2023,TS_K10,20230207,0.0035778174207812836,0.003072568475229523,0.0005052489455517604
wf2023,TS_K10,20230208,0.00168355967554841,0.0012349661132752415,0.00044859356227317166
wf2023,TS_K10,20230209,-0.0012818870926154706,-0.0024393300407778177,0.0011574429481623467
wf2023,TS_K10,20230210,-0.002295627975979401,-0.0012772005937263713,-0.0010184273822530304
wf2023,TS_K10,20230213,0.0013091424222371197,-0.00014324718259185385,0.001452389604828973
wf2023,TS_K10,20230214,0.00498484563759518,0.005435249730278313,-0.00045040409268313504
wf2023,TS_K10,20230215,-0.003697708271049805,-0.004320985903125036,0.0006232776320752266
wf2023,TS_K10,20230216,0.0005138661816812013,-0.0008033984210674321,0.0013172646027486338
wf2023,TS_K10,20230217,-0.0017953514896625958,-0.002035430989690619,0.00024007950002802314
wf2023,TS_K10,20230220,0.0029815188147398084,0.001767808998221236,0.001213709816518572
wf2023,TS_K10,20230221,0.0006220952775101232,0.0004657094599315346,0.00015638581757858815
wf2023,TS_K10,20230222,0.0011298009905958567,0.00030798263307751337,0.0008218183575183423
wf2023,TS_K10,20230223,0.0026713203667748397,0.001627812248415683,0.0010435081183591565
wf2023,TS_K10,20230224,0.0002165332741841785,-0.0004196144080820755,0.0006361476822662535
wf2023,TS_K10,20230227,-0.0005586999933207687,2.0694559889080277e-05,-0.0005793945532098507
wf2023,TS_K10,20230228,0.0011616464432898585,0.0016275960340548683,-0.0004659495907650098
wf2023,TS_K10,20230301,-0.0008777370266259978,-0.0017495404072065048,0.0008718033805805072
wf2023,TS_K10,20230302,-0.0013440014987471905,-0.0019338147958919796,0.0005898132971447888
wf2023,TS_K10,20230303,0.0020275349091056607,0.001988619818223179,3.8915090882481895e-05
wf2023,TS_K10,20230306,-0.003163286703612843,-0.0037499452874960692,0.0005866585838832241
wf2023,TS_K10,20230307,0.0038570338390496676,0.004362558439097431,-0.0005055246000477637
wf2023,TS_K10,20230308,0.0042031868625648705,0.0031161536410365784,0.0010870332215282912
wf2023,TS_K10,20230309,0.000662877134405845,0.00023910736442544448,0.00042376976998040084
wf2023,TS_K10,20230310,-0.0010614502770076796,-3.42479068155516e-05,-0.001027202370192128
wf2023,TS_K10,20230313,-0.0018740293515368874,-0.002214948267625768,0.0003409189160888798
wf2023,TS_K10,20230314,0.001601870068099611,9.629311574798163e-05,0.0015055769523516303
wf2023,TS_K10,20230315,-0.0008342438195174419,-0.0009518540022234474,0.0001176101827060029
wf2023,TS_K10,20230316,0.0009629245582638869,0.0016759097930527747,-0.0007129852347888874
wf2023,TS_K10,20230317,0.0035220829361741948,0.003242116271430891,0.00027996666474330444
wf2023,TS_K10,20230320,0.003707594608954659,0.003807587360033562,-9.999275107890378e-05
wf2023,TS_K10,20230321,0.002137246582064908,0.002081599883912587,5.5646698152321344e-05
wf2023,TS_K10,20230322,-0.00012505314746353422,0.0004136906540602485,-0.0005387438015237827
wf2023,TS_K10,20230323,0.0005201357696267086,0.0010395320507009713,-0.0005193962810742629
wf2023,TS_K10,20230324,5.0249568151103895e-05,0.000889079313056522,-0.0008388297449054182
wf2023,TS_K10,20230327,-0.0004430079435942839,-0.001473561429041311,0.001017516499280432
wf2023,TS_K10,20230328,0.002015706065752959,0.0022831880541286853,-0.0002819617929772286
wf2023,TS_K10,20230329,-0.0013827007202320083,-0.0022004200416426887,0.0008220169900733555
wf2023,TS_K10,20230330,-0.00027402083915517746,0.000619321691185283,-0.0008989847514686425
wf2023,TS_K10,20230331,-0.0008425305707316765,0.0004912122481350047,-0.0013527112576625163
wf2023,TS_K10,20230403,-0.004490430567895536,-0.004536673014499784,4.47508311626422e-05
wf2023,TS_K10,20230404,-0.0011721474789083675,-0.001520982637808682,0.0003568085641001168
wf2023,TS_K10,20230406,-0.0003406219874934474,9.194879607564871e-05,-0.00043471871537161737
wf2023,TS_K10,20230407,0.003308845403250167,0.0012407416272994536,0.002074662364668493
wf2023,TS_K10,20230410,-0.0012697395729449005,-0.00043708977123898017,-0.0008191009722147932
wf2023,TS_K10,20230411,0.0029228007068013264,0.004169804681163344,-0.0012521433082929273
wf2023,TS_K10,20230412,-0.0009267052059196848,-0.0013844747958516891,0.0004620979486708703
wf2023,TS_K10,20230413,0.0028499060811359965,0.0025780779219108777,0.00029446544639139276
wf2023,TS_K10,20230414,0.0013565153623467344,-0.0004447519584979532,0.0018012673208446875
wf2023,TS_K10,20230417,-0.00219788988726084,-0.0017373954394193365,-0.00046049444784150296
wf2023,TS_K10,20230418,0.0017604473590427045,0.0025822474493846764,-0.0008218000903419719
wf2023,TS_K10,20230419,-0.0009322261978960619,0.0009145233696617125,-0.0018467495675577733
wf2023,TS_K10,20230420,-0.004509234513923627,-0.005804000125100732,0.0012947656111771079
wf2023,TS_K10,20230421,0.00167637317660974,0.001847869731541768,-0.00017149655493202843
wf2023,TS_K10,20230424,-0.004343507214868342,-0.003977551236713809,-0.0003659559781545314
wf2023,TS_K10,20230425,0.004649406700700418,0.003193420637974865,0.0014559860627255553
wf2023,TS_K10,20230426,0.0005407252165080072,-0.0006729799631799715,0.0012137051796879783
wf2023,TS_K10,20230427,0.001994047944939202,0.003019396886418104,-0.0010253489414789021
wf2023,TS_K10,20230428,-0.0024237586365470068,-0.00227515923366153,-0.00014926367602537046
wf2023,TS_K10,20230504,-0.002549821777429514,-0.0022921771477379506,-0.0002308246105553304
wf2023,TS_K10,20230505,0.0029184796662040033,0.0032444153709784446,-0.00032993757645780996
wf2023,TS_K10,20230508,-0.001232688637119431,-0.0015193751545641398,0.0002902313176980205
wf2023,TS_K10,20230509,0.0055135896918742395,0.005329529887814114,0.00017839446013458057
wf2023,TS_K10,20230510,0.0006893276935805012,0.0005916111891678935,0.00010024260360620032
wf2023,TS_K10,20230511,-0.0010865522564336687,-0.0012377875644893636,0.00015170018302859386
wf2023,TS_K10,20230512,0.0050610472842148825,0.004511632109517633,0.000536343833211301
wf2023,TS_K10,20230515,0.004490972291850878,0.0036868908111552406,0.0008190029514706719
wf2023,TS_K10,20230516,0.007317694003415412,0.0071486904255148856,0.00017250473161616587
wf2023,TS_K10,20230517,0.003139505336001826,0.0035590281438668014,-0.0004205240255079457
wf2023,TS_K10,20230518,0.0036369072504791166,0.0030747626954392227,0.0005612620415700485
wf2023,TS_K10,20230519,0.0014144136976252343,0.0007104558381736529,0.0006956832689954471
wf2023,TS_K10,20230522,0.001659338582782213,0.001119603001433306,0.0005371882568378171
wf2023,TS_K10,20230523,0.003291919774279152,0.003360806878507316,-6.88871042281637e-05
wf2023,TS_K10,20230524,0.0027804165212715367,0.002642466378536456,0.0001379501427350811
wf2023,TS_K10,20230525,0.0009669124097356737,0.0015623708923445823,-0.0005954584826089079
wf2023,TS_K10,20230526,-0.0022344956036470113,-0.0015935086965577837,-0.0006409869070892274
wf2023,TS_K10,20230529,0.0005844406656880709,0.0011295034169654058,-0.0005450627512773336
wf2023,TS_K10,20230530,-0.000612240740429178,0.00012908489214880146,-0.0007413256325779794
wf2023,TS_K10,20230531,-0.0010871630820390291,-0.0005981920469934484,-0.0004889710350455802
wf2023,TS_K10,20230601,0.0016050290597420767,0.0011389877202528376,0.0004660413394892393
wf2023,TS_K10,20230602,0.0016570695113316677,0.0022077659399740747,-0.0005506964286424077
wf2023,TS_K10,20230605,-0.0032563905889894697,-0.0031104994759375334,-0.00014589111305193656
wf2023,TS_K10,20230606,-0.001070177540896302,-0.0008552333358492886,-0.00021494420504701185
wf2023,TS_K10,20230607,-0.002000238801241538,-0.0022606420001927215,0.00026040319895118434
wf2023,TS_K10,20230608,-0.0001166420639334767,8.224104259102369e-05,-0.00019888310652449958
wf2023,TS_K10,20230609,0.002903475562878262,0.0023816299484559853,0.0005218456144222756
wf2023,TS_K10,20230612,0.002827760917877962,0.003056568117950601,-0.00022880720007263842
wf2023,TS_K10,20230613,-0.0006007760006709911,-0.0003363148843590945,-0.00026446111631189616
wf2023,TS_K10,20230614,0.004359620244943467,0.0035480149882269217,0.0008116052567165454
wf2023,TS_K10,20230615,0.0020191889943678614,0.00232081080988829,-0.00026916043541090693
wf2023,TS_K10,20230616,0.0012256476886159363,0.0020458409897101365,-0.0008197719152915693
wf2023,TS_K10,20230619,0.0024205073085744656,0.002244301587002469,4.8619001879550975e-05
wf2023,TS_K10,20230620,0.0031138047330268523,0.002097211926652605,0.000852355180847676
wf2023,TS_K10,20230621,0.0007740146147198652,0.0003387728078797271,0.00043481880488817457
wf2023,TS_K10,20230626,0.0007509123319748429,0.00015204970839696708,0.0002132001748037793
wf2023,TS_K10,20230627,0.00216036470523062,0.0014446159370058457,0.00040264614307979914
wf2023,TS_K10,20230628,0.0025248768779985893,0.00279954757073978,3.743098964831734e-05
wf2023,TS_K10,20230629,0.0004960964416578315,0.00022440672538063942,0.00015885224986075992
wf2023,TS_K10,20230630,-0.0020960556804544275,-0.002877802228443973,0.0003563683548940045
wf2023,TS_K10,20230703,0.004026528697868584,0.0040154278810498,0.0001574018133961393
wf2023,TS_K10,20230704,0.0002867297509135617,0.00016146802630224245,4.9076967794573406e-05
wf2023,TS_K10,20230705,-0.0013148485061661754,-0.0009499573689342153,-0.00022629208191348365
wf2023,TS_K10,20230706,-0.002316446309783846,-0.002776599246277012,0.0001251206955290354
wf2023,TS_K10,20230707,0.0005291805402762163,0.00036312879687067166,0.00020754441213965743
wf2023,TS_K10,20230710,0.003308123207997753,0.0032944876498959995,0.00027184199038165975
wf2023,TS_K10,20230711,-4.930686204398897e-05,-0.0005537128720712336,0.0004444340928080499
wf2023,TS_K10,20230712,0.0003175786095620161,0.0009596029021140365,-0.00026127312567177595
wf2023,TS_K10,20230713,0.0019918871747224283,0.002706562464111442,-0.0004519798018940372
wf2023,TS_K10,20230714,0.001136815411420479,0.0007527345193056549,6.978619174637221e-05
wf2023,TS_K10,20230717,0.0010419139673235114,0.0003267624700879061,0.0005032491163989114
wf2023,TS_K10,20230718,-0.004257587253576102,-0.0037413444391694414,-0.00018263205546217544
wf2023,TS_K10,20230719,-0.001288292136232265,-0.0018512483373495311,0.0003111157562068602
wf2023,TS_K10,20230720,-0.002388637989902531,-0.0034385639207858516,0.0005502113666293273
wf2023,TS_K10,20230721,0.002500555600237218,0.0024681361132348353,-0.0002001859392366215
wf2023,TS_K10,20230724,-0.0004984231274831642,-0.0006093279443263803,0.00031031417401461187
wf2023,TS_K10,20230725,-0.0030682571631634355,-0.003836943913119448,0.0006098180577195246
wf2023,TS_K10,20230726,0.0023317292191768744,0.0018784296106816836,0.00026582000672753585
wf2023,TS_K10,20230727,-0.0007887378579463861,-0.0012227007845020052,0.00028739720693745697
wf2023,TS_K10,20230728,-0.001667195230463406,-0.0017406014957642784,-0.00021745584785466644
wf2023,TS_K10,20230731,0.00217516072504996,0.0018183589436502714,5.096827219315884e-05
wf2023,TS_K10,20230801,0.0012778965042215102,0.001490896698245411,-0.00019507673993092374
wf2023,TS_K10,20230802,-0.001520864444387388,-0.0016373122954140193,0.00010324391601952362
wf2023,TS_K10,20230803,0.001851211888052648,0.0025028682685175256,-0.0007402451562444202
wf2023,TS_K10,20230804,-0.00068077990568565,0.00012942521297635106,-0.0007641300121739452
wf2023,TS_K10,20230807,-0.0016400365866846875,-0.001446117527099157,1.0211629679390926e-05
wf2023,TS_K10,20230808,-0.00047692313626756383,-0.0009051755851479979,0.0006709138242468877
wf2023,TS_K10,20230809,0.0005507995867706115,-4.76552901820618e-05,0.00047232019573668633
wf2023,TS_K10,20230810,-0.0014638029913024396,-0.0013784080214051565,5.6393505908019857e-05
wf2023,TS_K10,20230811,0.00026930861459114816,0.0010487268954023265,-0.0007514033392308061
wf2023,TS_K10,20230814,-0.0017741250758406034,-0.002283665068550744,0.0004427879138727909
wf2023,TS_K10,20230815,-0.0024309710367782615,-0.0025770585029206653,0.0002558697257727954
wf2023,TS_K10,20230816,0.004431217488762709,0.004744496353512635,-0.00035987800660688214
wf2023,TS_K10,20230817,0.0010226774916274484,0.0009043577381171247,0.0003220069670714952
wf2023,TS_K10,20230818,0.0002015198226993668,0.0007925400732569299,-0.0006204540926367484
wf2023,TS_K10,20230821,0.000545691802041831,0.0010552424005627677,-0.0009573033668775666
wf2023,TS_K10,20230822,0.00015384466449241616,-0.00016787466472224048,9.039529669641158e-05
wf2023,TS_K10,20230823,0.0013559148511813085,0.0007542429495121459,0.0004706658822493754
wf2023,TS_K10,20230824,-0.0009252363517747164,-0.0021298034898949323,0.0009246272926895802
wf2023,TS_K10,20230825,-0.0006030821093000391,-0.000853758187073995,0.00036747579079148305
wf2023,TS_K10,20230828,0.005529592865901926,0.006444140346422083,-0.0006353117482387671
wf2023,TS_K10,20230829,0.0029315123335874518,0.0029407704716726607,-9.002047373922971e-05
wf2023,TS_K10,20230830,0.0012496988842887382,0.0012466043295411696,8.199907150358341e-05
wf2023,TS_K10,20230831,-0.0008697594304754323,-0.001367047638052385,0.00032271084179412196
wf2023,TS_K10,20230901,0.0004648591077585501,0.00012734916207551102,0.00025387401672308306
wf2023,TS_K10,20230904,0.0033648357832864353,0.00277504230562887,0.0006230522333150096
wf2023,TS_K10,20230905,0.0021519989281196376,0.001993771546153764,0.00021404780257421667
wf2023,TS_K10,20230906,-0.0003361304095587936,-0.0005931810000243068,5.6975210851384586e-05
wf2023,TS_K10,20230907,0.0027871291943881576,0.002561352851928027,0.0003126962365086563
wf2023,TS_K10,20230908,0.0011560120339286113,0.0008253215110199577,0.00017485887360158702
wf2023,TS_K10,20230911,5.507948133377815e-05,-0.00011988837423230345,0.0001390714789420155
wf2023,TS_K10,20230912,-0.002587077908307993,-0.0024772787210666745,-5.901555959458778e-05
wf2023,TS_K10,20230913,0.0006657516654658994,4.818460631273542e-06,0.0004574825124213657
wf2023,TS_K10,20230914,-0.0002010144111738324,-0.0008511936062923205,0.000535864190375155
wf2023,TS_K10,20230915,0.00140156458637974,0.0012824075900517843,0.00012900577936614206
wf2023,TS_K10,20230918,-0.0013460690193854673,-0.0015344628033608662,0.00025647837886977863
wf2023,TS_K10,20230919,-0.00048619440149919903,-0.0003573689680942695,-0.00010976182374023753
wf2023,TS_K10,20230920,0.0024333505816333577,0.0024846183354555666,-0.00019865685442041115
wf2023,TS_K10,20230921,0.003455121741765002,0.0036607214074040884,-0.00029717363712441813
wf2023,TS_K10,20230922,0.00014951483489304088,0.00037619576781473444,-0.00019625875204986606
wf2023,TS_K10,20230925,0.0013960941100605142,0.0014344679208580778,7.786870044798613e-06
wf2023,TS_K10,20230926,0.003038525638871561,0.0021714968266577012,0.0008465679976038911
wf2023,TS_K10,20230927,0.002166421636140189,0.0021681382288231575,-7.7341893499307e-05
wf2023,TS_K10,20230928,0.0027335636774044225,0.0030404667625577486,-0.000410471009779712
wf2023,TS_K10,20231009,0.0003810901994736847,0.0005442852970812762,-0.00021749329719922045
wf2023,TS_K10,20231010,-0.0005511418720174836,-0.0004689974816717524,-4.81773727598363e-05
wf2023,TS_K10,20231011,-0.0012019205728450348,-0.0019523561364221133,0.0006567262870064842
wf2023,TS_K10,20231012,0.00038445787142538795,0.0005722351840023864,-0.00021538722299347388
wf2023,TS_K10,20231013,0.0013703281247632224,0.0014456361855295556,-6.286142514744724e-05
wf2023,TS_K10,20231016,0.0015019935313366783,0.001112047448333888,0.00034537974907766463
wf2023,TS_K10,20231017,-0.0011960602964926417,-0.001279326504875141,-1.7009388994944074e-05
wf2023,TS_K10,20231018,0.0019219369765122365,0.0015071520549556454,0.00045857232688588454
wf2023,TS_K10,20231019,0.0003387655860035924,-0.00012805936606648791,0.0004721071294083916
wf2023,TS_K10,20231020,-0.0022155237979624987,-0.0022153901315439418,-6.48105199895818e-05
wf2023,TS_K10,20231023,-0.0013240602086805296,-0.0011886289684372938,-0.00016449828097757005
wf2023,TS_K10,20231024,-0.0008835367082550526,-0.00042331146355810894,-0.00025367450003224007
wf2023,TS_K10,20231025,0.0003746525705248618,0.0005570299188972503,-8.00377839352061e-06
wf2023,TS_K10,20231026,-0.00033100601433650595,-0.0010075694808832207,0.0007106515656186688
wf2023,TS_K10,20231027,0.0030766671097555726,0.0032115362304809907,-0.0002448780183893158
wf2023,TS_K10,20231030,-0.0013680742013742315,-0.0016753783405538607,0.000258856136651765
wf2023,TS_K10,20231031,0.0008010920401763716,0.00028525553855034385,0.0003940435491097473
wf2023,TS_K10,20231101,-0.0007324650781658087,-0.0010017241487910293,0.0001927911248033023
wf2023,TS_K10,20231102,0.003514054852838887,0.003505001527686935,-7.316487582643112e-05
wf2023,TS_K10,20231103,0.001067966575359066,0.001624993698903679,-0.0005978754947224965
wf2023,TS_K10,20231106,0.0016408598584398736,0.002068927853090978,-0.00044499159177333926
wf2023,TS_K10,20231107,-0.00012286555823077258,2.4447952700193507e-05,-0.0001829669543117807
wf2023,TS_K10,20231108,0.0025460201807097666,0.0021075548595874006,0.0003660724028450584
wf2023,TS_K10,20231109,0.0010611887712911358,0.0007321009606002023,0.00039799945249940373
wf2023,TS_K10,20231110,-0.0003453703248863845,-0.00014135395551235857,-0.00019079312953211306
wf2023,TS_K10,20231113,0.0003793022208531038,0.000860705807351882,-0.000557432678804442
wf2023,TS_K10,20231114,0.0008066550488932435,0.0005487363057381919,0.00023321313678185339
wf2023,TS_K10,20231115,-0.0015354313921002475,-0.0014401668371491795,-0.0001409333949525294
wf2023,TS_K10,20231116,0.001755890252808416,0.0014014812788050522,0.0003201817102239898
wf2023,TS_K10,20231117,0.0017990079685163383,0.0019536884961126396,-7.763244597211124e-05
wf2023,TS_K10,20231120,-0.002001577083014348,-0.0023908962418768883,0.00035203705586111264
wf2023,TS_K10,20231121,-0.0024887698922057416,-0.0028468115455309523,0.00036813873710893336
wf2023,TS_K10,20231122,0.002582561453495112,0.0022330312654885794,0.00036709405121804455
wf2023,TS_K10,20231123,-0.0009645529385376526,-0.0015665371047350733,0.0005173510446417591
wf2023,TS_K10,20231124,0.0021569643861070265,0.0021510583524311302,-4.4213744285469877e-05
wf2023,TS_K10,20231127,0.0010096109570536726,0.0007191315007749313,0.00028730294355956633
wf2023,TS_K10,20231128,-7.373729915757798e-07,-0.0001622990032443968,0.0001378833730433326
wf2023,TS_K10,20231129,-0.0013097878834338657,-0.0015922703680331944,0.00019257114721414777
wf2023,TS_K10,20231130,-0.000959922976651378,-0.00033328972995359145,-0.0006535754807057825
wf2023,TS_K10,20231201,-0.0027001248104188548,-0.00266657997808299,-3.809071825087306e-05
wf2023,TS_K10,20231204,-0.002844762889394656,-0.0033507471585557808,0.0004777968063775139
wf2023,TS_K10,20231205,0.000796116267335046,0.00024850073762847146,0.0005192949356083425
wf2023,TS_K10,20231206,5.975419987311456e-05,-1.8207240838375837e-05,3.0561185472991364e-05
wf2023,TS_K10,20231207,0.0033862196982542836,0.0038775167680194754,-0.00048229948850366097
wf2023,TS_K10,20231208,-0.000884817776234198,-0.0005569545383774437,-0.0003623033363734752
wf2023,TS_K10,20231211,-0.002921958142722421,-0.002973970152891835,1.6644933183657374e-05
wf2023,TS_K10,20231212,-0.0015467734886689417,-0.0017390849223858497,0.0001851241863308797
wf2023,TS_K10,20231213,-0.0001343074155938785,-0.0010564488455544014,0.0008527023512575804
wf2023,TS_K10,20231214,-0.00027141860546867633,-0.0006236313836766264,0.00032311012330595566
wf2023,TS_K10,20231215,-0.0006998539604247244,-0.0006493986081558212,-9.837693599086631e-05
wf2023,TS_K10,20231218,0.00238561921911112,0.0023503194789752024,7.50689405680453e-05
wf2023,TS_K10,20231219,0.0013978136607838403,0.0009342294106544612,0.0004769193504505498
wf2023,TS_K10,20231220,0.0015659323477072318,0.0011962009707439515,0.000328785392989437
wf2023,TS_K10,20231221,0.0024483660793173066,0.0013973292733705936,0.0010927161401437678
wf2023,TS_K10,20231222,0.0041343852504600945,0.004376471292225309,-0.00039097596269860595
wf2023,TS_K10,20231225,-0.0019056441724560873,-0.0021933509784979517,0.00029076139412923923
wf2023,TS_K10,20231226,-0.00022720364096658063,-0.00025705582041564705,3.171328319751441e-05
wf2023,TS_K10,20231227,0.003414591897304097,0.002414997351012869,0.0009913235464746916
wf2023,TS_K10,20231228,0.0023952950017830047,0.0027606886168068286,-0.000406228816805124
wf2023,TS_K10,20231229,-0.0012517451493504197,-0.0022253427430354855,0.0009770108247576527
wf2023,TS_K12.5,20230103,-0.0017798766459196994,-0.0022751308336227205,0.0004952541877030222
wf2023,TS_K12.5,20230104,0.0015038120695261758,0.002470627198287879,-0.0009668151287617032
wf2023,TS_K12.5,20230105,0.004474239054222321,0.004344760357621954,0.00012947869660036705
wf2023,TS_K12.5,20230106,0.00014984651000840392,7.740384674548295e-05,7.244266326292261e-05
wf2023,TS_K12.5,20230109,0.0010506902000577102,0.00164205324389727,-0.0005913630438395595
wf2023,TS_K12.5,20230110,-0.0014183839291014057,-0.0017968501910053626,0.0003784662619039552
wf2023,TS_K12.5,20230111,0.005442106929369597,0.00447981633284574,0.0009622905965238587
wf2023,TS_K12.5,20230112,-0.001882061450392495,-0.0034181053121666903,0.0015360438617741947
wf2023,TS_K12.5,20230113,0.0004128690549099791,-0.0006723439910297772,0.001085213045939757
wf2023,TS_K12.5,20230116,0.0025506146307576237,0.0013464566307886789,0.0012041579999689453
wf2023,TS_K12.5,20230117,0.003700816969563955,0.002499712684630565,0.001201104284933387
wf2023,TS_K12.5,20230118,0.0013748148002233167,-0.00015856965113583604,0.0015333844513591532
wf2023,TS_K12.5,20230119,0.000284072127668478,0.000751246931498086,-0.0004671748038296063
wf2023,TS_K12.5,20230120,0.004901330228088835,0.005752594790264174,-0.0008512645621753372
wf2023,TS_K12.5,20230130,0.003299911682140063,0.0024877616657727206,0.0008121500163673433
wf2023,TS_K12.5,20230131,0.0013908995931272167,0.0015511665952548982,-0.0001602670021276818
wf2023,TS_K12.5,20230201,-0.0011053230989675,-0.0009949017293087252,-0.00011042136965877536
wf2023,TS_K12.5,20230202,0.0010501027268062465,0.0012908884242183796,-0.00024078569741213301
wf2023,TS_K12.5,20230203,0.0007482822913738544,-9.26554317076266e-05,0.000840937723081481
wf2023,TS_K12.5,20230206,0.0038118680524345727,0.0027734968784204634,0.0010383711740141097
wf2023,TS_K12.5,20230207,0.0038495921252660326,0.0033655858829489925,0.0004840062423170405
wf2023,TS_K12.5,20230208,0.0016459046680497146,0.001168763538120232,0.00047714112992948367
wf2023,TS_K12.5,20230209,-0.0014948811710367863,-0.0025458545136983943,0.0010509733426616076
wf2023,TS_K12.5,20230210,-0.002200216015737756,-0.0013195341414163374,-0.0008806818743214195
wf2023,TS_K12.5,20230213,0.001358671857234326,1.548711579830059e-05,0.001343184741436025
wf2023,TS_K12.5,20230214,0.004440060412597679,0.004834350760723857,-0.00039429034812617605
wf2023,TS_K12.5,20230215,-0.0036992010470219758,-0.004232836810738162,0.0005336357637161834
wf2023,TS_K12.5,20230216,0.0005793893918867683,-0.0005094350468245339,0.0010888244387113038
wf2023,TS_K12.5,20230217,-0.001914265037094784,-0.002167077354267258,0.00025281231717247746
wf2023,TS_K12.5,20230220,0.002691858461448664,0.0015800741706379269,0.001111784290810737
wf2023,TS_K12.5,20230221,0.0010038981419439531,0.0008269827109126103,0.00017691543103134263
wf2023,TS_K12.5,20230222,0.0008007935407383017,5.009233184524542e-05,0.0007507012088930551
wf2023,TS_K12.5,20230223,0.0025118081373016006,0.001517713819629379,0.000994094317672221
wf2023,TS_K12.5,20230224,0.0008562743408524545,0.0002462497000844186,0.0006100246407680373
wf2023,TS_K12.5,20230227,-0.0005585458379908977,-3.431950502639879e-05,-0.0005242263329645017
wf2023,TS_K12.5,20230228,0.0005660523288709314,0.0010124029410046574,-0.0004463506121337279
wf2023,TS_K12.5,20230301,-0.0011820831611506163,-0.0018850422655467328,0.000702959104396116
wf2023,TS_K12.5,20230302,-0.0014300034414970679,-0.0019041921225981598,0.0004741886811010918
wf2023,TS_K12.5,20230303,0.002197236558598362,0.002133073252190574,6.416330640778782e-05
wf2023,TS_K12.5,20230306,-0.0030910415479938613,-0.0035309900956268284,0.000439948547632967
wf2023,TS_K12.5,20230307,0.0032713977808381343,0.0036755583615469076,-0.00040416058070877304
wf2023,TS_K12.5,20230308,0.0035724728492557813,0.002609232255170143,0.000963240594085638
wf2023,TS_K12.5,20230309,-4.4840804336608586e-05,-0.00043562757536772266,0.0003907867710311112
wf2023,TS_K12.5,20230310,-0.0017615885031268238,-0.0008861758182557053,-0.0008754126848711185
wf2023,TS_K12.5,20230313,-0.0018845644609818604,-0.002210951086461536,0.0003263866254796759
wf2023,TS_K12.5,20230314,0.0017394377268774072,0.0004730628213325317,0.0012663749055448759
wf2023,TS_K12.5,20230315,-0.0013449439622275176,-0.0014180007704617074,7.305680823418683e-05
wf2023,TS_K12.5,20230316,0.00017151348843842933,0.0007988706228257226,-0.0006273571343872932
wf2023,TS_K12.5,20230317,0.003984629491718276,0.0037233562427671217,0.0002612732489511552
wf2023,TS_K12.5,20230320,0.0036890167494909205,0.0036834114049331484,5.6053445577773e-06
wf2023,TS_K12.5,20230321,0.0014368746426303668,0.0014210132827457648,1.586135988460289e-05
wf2023,TS_K12.5,20230322,-0.0007268514491055215,-0.0002299706658860545,-0.0004968807832194673
wf2023,TS_K12.5,20230323,0.0009621367391724853,0.0014442549956242036,-0.0004821182564517186
wf2023,TS_K12.5,20230324,0.0007926076825549918,0.0015457095069768023,-0.0007531018244218108
wf2023,TS_K12.5,20230327,0.0001344653656592835,-0.0008260764998454305,0.0009475048793381214
wf2023,TS_K12.5,20230328,0.0019648761492047514,0.0021870935263097694,-0.00023669718170652045
wf2023,TS_K12.5,20230329,-0.0014511489654024925,-0.002200693516094982,0.0007538422193551638
wf2023,TS_K12.5,20230330,-0.0009185762160260538,-0.00017560205005594525,-0.0007486163870982915
wf2023,TS_K12.5,20230331,-0.0009368486678264475,0.00030831423293720643,-0.001264131339559488
wf2023,TS_K12.5,20230403,-0.004894667298272476,-0.004947018793696788,5.085987998270562e-05
wf2023,TS_K12.5,20230404,0.00010578805674189536,-0.0002624484405820007,0.0003762099025236981
wf2023,TS_K12.5,20230406,0.0004889283196787431,0.0008612028325669832,-0.0003744224446907615
wf2023,TS_K12.5,20230407,0.0034871106067096494,0.0016073474263650013,0.0018863217690624273
wf2023,TS_K12.5,20230410,-0.0017148769708079882,-0.0009696429229329506,-0.0007316852183839103
wf2023,TS_K12.5,20230411,0.002209143250374776,0.003313562104816238,-0.0011095581883723707
wf2023,TS_K12.5,20230412,-0.00042774530930153945,-0.0008287726758158413,0.00040535572525316735
wf2023,TS_K12.5,20230413,0.002030641200914291,0.0018067164896787803,0.0002465619984017839
wf2023,TS_K12.5,20230414,0.001696675308669318,0.0002517205425606148,0.0014449547661087032
wf2023,TS_K12.5,20230417,-0.002187966378114241,-0.0016930576616931308,-0.0004949087164211107
wf2023,TS_K12.5,20230418,0.0016549832667048805,0.00244735560286154,-0.0007923723361566594
wf2023,TS_K12.5,20230419,-0.0015208803643641591,0.00018322981009580546,-0.0017041101744599643
wf2023,TS_K12.5,20230420,-0.0035159517503253954,-0.004706205368463152,0.0011902536181377596
wf2023,TS_K12.5,20230421,0.0004136331555779746,0.0005790184089256652,-0.00016538525334768993
wf2023,TS_K12.5,20230424,-0.005402271590388561,-0.004974538453131514,-0.0004277331372570509
wf2023,TS_K12.5,20230425,0.004955149133394437,0.0038647597729406452,0.0010903893604537924
wf2023,TS_K12.5,20230426,0.0014571389426647006,0.0005715342003362809,0.0008856047423284198
wf2023,TS_K12.5,20230427,0.0013260914554987895,0.0017553822707894184,-0.00042929081529062584
wf2023,TS_K12.5,20230428,-0.0024176513130322362,-0.0022429292375761634,-0.00017538634859596587
wf2023,TS_K12.5,20230504,-0.0027504329674149664,-0.0025082666949290885,-0.00021534625334964313
wf2023,TS_K12.5,20230505,0.002284208822789513,0.0025528951353081066,-0.000272688184201962
wf2023,TS_K12.5,20230508,-0.0010769077819014396,-0.0012344736573645888,0.0001611106757164575
wf2023,TS_K12.5,20230509,0.006134744340624956,0.005945870097754798,0.0001832088989446146
wf2023,TS_K12.5,20230510,-3.495397167378213e-05,-0.00011855190118362581,8.612402870343522e-05
wf2023,TS_K12.5,20230511,-0.00036838491224255344,-0.0005000857470294274,0.00013216570975977158
wf2023,TS_K12.5,20230512,0.005972075779592765,0.005432388390062679,0.0005266160480441384
wf2023,TS_K12.5,20230515,0.004288930509151274,0.003457144179426129,0.0008467078005001801
wf2023,TS_K12.5,20230516,0.006712531651385918,0.006563722229445786,0.0001523105756557724
wf2023,TS_K12.5,20230517,0.003699897958096527,0.004324123581698973,-0.000625226841245417
wf2023,TS_K12.5,20230518,0.004185135134070333,0.003652066982186063,0.0005321856384144237
wf2023,TS_K12.5,20230519,0.001403140496837576,0.0007373794030854504,0.000657486503295991
wf2023,TS_K12.5,20230522,0.0008314488894405978,0.000308575875867937,0.000520325689061572
wf2023,TS_K12.5,20230523,0.0033673318964856066,0.0034465336207338635,-7.920172424825684e-05
wf2023,TS_K12.5,20230524,0.0033040335753727196,0.003177707653396773,0.00012632592197594692
wf2023,TS_K12.5,20230525,0.0007847861576788014,0.0013397568437420993,-0.0005549706860632965
wf2023,TS_K12.5,20230526,-0.001530866718732182,-0.0008799218227577333,-0.0006509448959744493
wf2023,TS_K12.5,20230529,0.0012990252975805371,0.0017368776555300503,-0.00043785235794951396
wf2023,TS_K12.5,20230530,-0.0013237572803304109,-0.0006656159170225278,-0.0006581413633078831
wf2023,TS_K12.5,20230531,-0.0011227108227134701,-0.0007222716443501074,-0.00040043917836336265
wf2023,TS_K12.5,20230601,0.001302994606860685,0.0008386034725637952,0.00046439113429689184
wf2023,TS_K12.5,20230602,0.001663897998217036,0.002258249483965367,-0.0005943514857483295
wf2023,TS_K12.5,20230605,-0.0031560360624054637,-0.0030361453470438096,-0.00011989071536165811
wf2023,TS_K12.5,20230606,-0.000809898981775936,-0.0007199070987670194,-8.999188300891654e-05
wf2023,TS_K12.5,20230607,-0.002253595308746626,-0.002453932822774433,0.00020033751402780706
wf2023,TS_K12.5,20230608,-0.0005372750216148187,-0.00035399946725272346,-0.00018327555436209475
wf2023,TS_K12.5,20230609,0.003067831772668946,0.002544986746686946,0.0005228450259819998
wf2023,TS_K12.5,20230612,0.0018612956021536666,0.002124942453328536,-0.00026364685117486787
wf2023,TS_K12.5,20230613,-0.00034632224467749195,-0.0001054324332908461,-0.00024088981138664547
wf2023,TS_K12.5,20230614,0.005158551317268442,0.004427403240378434,0.0007311480768900073
wf2023,TS_K12.5,20230615,0.0012026529293841818,0.001515150806076338,-0.00028003649658263645
wf2023,TS_K12.5,20230616,0.0009447543484226771,0.0016880546215630426,-0.0007428788873377343
wf2023,TS_K12.5,20230619,0.0019804838803017828,0.0017710753459761956,8.182181463314226e-05
wf2023,TS_K12.5,20230620,0.0020316165540236932,0.0012056501009737079,0.0006617288275234145
wf2023,TS_K12.5,20230621,0.0012167299464731982,0.0010825100396895655,0.00013379690483167204
wf2023,TS_K12.5,20230626,0.0017693716419564798,0.0012904037480315164,9.330544515086985e-05
wf2023,TS_K12.5,20230627,0.0007541618308811067,0.0002944657894111684,0.00014659341632496347
wf2023,TS_K12.5,20230628,0.002944251738512947,0.0031878412937217065,6.851212718074639e-05
wf2023,TS_K12.5,20230629,0.000352449016324103,0.00014502471795765687,9.458683195001386e-05
wf2023,TS_K12.5,20230630,-0.0017806950846820592,-0.002400090776261717,0.00019401749848411666
wf2023,TS_K12.5,20230703,0.0037251887527979186,0.003691004279094724,0.0001804854702805512
wf2023,TS_K12.5,20230704,0.0010323897976316845,0.0009945875502427137,-3.838250942777511e-05
wf2023,TS_K12.5,20230705,-0.0018408057073472017,-0.0015531436986905343,-0.00014906295333819077
wf2023,TS_K12.5,20230706,-0.0017866258395615904,-0.0021324177217303883,1.0759641204665911e-05
wf2023,TS_K12.5,20230707,0.0006652778511575354,0.0005641913458464254,0.0001425791740452227
wf2023,TS_K12.5,20230710,0.0030762494283742637,0.0031117056480610104,0.0002227502125931594
wf2023,TS_K12.5,20230711,0.0008474513753732957,0.0005033779699739203,0.0002841014881801765
wf2023,TS_K12.5,20230712,-0.00011351624207104824,0.0004440492159957301,-0.0001768142911865342
wf2023,TS_K12.5,20230713,0.001586730231066337,0.002157781670324703,-0.00030835595176339006
wf2023,TS_K12.5,20230714,0.0016014835665463848,0.001285380356545563,1.8085096323702609e-06
wf2023,TS_K12.5,20230717,0.0009514921238298746,0.0005567282512427675,0.00018286149175041384
wf2023,TS_K12.5,20230718,-0.004031125929323654,-0.003494772983593679,-0.00020274218678548942
wf2023,TS_K12.5,20230719,-0.0015174830353958477,-0.0019540863362976406,0.00018476285599138773
wf2023,TS_K12.5,20230720,-0.0022616443265429807,-0.0031240551569137833,0.00036269626611680884
wf2023,TS_K12.5,20230721,0.0019540037946092176,0.0019207433073056845,-0.0001993449389354702
wf2023,TS_K12.5,20230724,-6.828220291087844e-05,-0.0001508330593568009,0.00028196021361731843
wf2023,TS_K12.5,20230725,-0.0035132739057009074,-0.004009057111259541,0.000336914513322145
wf2023,TS_K12.5,20230726,0.0018542670469421712,0.0014946983302368017,0.00017208911493771516
wf2023,TS_K12.5,20230727,-0.0008552080923173401,-0.0012395216251601913,0.00023774781322469026
wf2023,TS_K12.5,20230728,-0.0019356653672764346,-0.0020539865074902914,-0.00017254097294168143
wf2023,TS_K12.5,20230731,0.0014442646687704045,0.001061220003164237,7.721115639963823e-05
wf2023,TS_K12.5,20230801,0.0011297069008917191,0.001301307518020725,-0.0001536771630360291
wf2023,TS_K12.5,20230802,-0.0010445159100243215,-0.001167235781470701,0.00010951593643927196
wf2023,TS_K12.5,20230803,0.0024735445021009037,0.003033216070603355,-0.0006482603442819945
wf2023,TS_K12.5,20230804,-0.0009282956691045461,-0.00016376520910051025,-0.0007184553535159786
wf2023,TS_K12.5,20230807,-0.001675427141258983,-0.001502070110846861,3.077365885279953e-05
wf2023,TS_K12.5,20230808,-0.00024860844742851176,-0.0005329049038354206,0.0005269578317733617
wf2023,TS_K12.5,20230809,0.00013025223466555562,-0.0004714857299734672,0.00047560328342303597
wf2023,TS_K12.5,20230810,-0.0016799538728033726,-0.0016041193407788984,6.595394378083045e-05
wf2023,TS_K12.5,20230811,0.000509279495642479,0.0012010380547070997,-0.0006637436174842487
wf2023,TS_K12.5,20230814,-0.0016283620963014143,-0.002127519114458198,0.0004324049393194352
wf2023,TS_K12.5,20230815,-0.003718372637236355,-0.0039037515781545243,0.00029516120054856094
wf2023,TS_K12.5,20230816,0.003860645574489875,0.004167689170903409,-0.00035364273827049014
wf2023,TS_K12.5,20230817,0.0008418043058002894,0.0006638007096843196,0.00038169080967713986
wf2023,TS_K12.5,20230818,0.0006155037041273015,0.0011386714744296522,-0.000552601612381536
wf2023,TS_K12.5,20230821,0.0012883008426856596,0.0017460351293248925,-0.0009054870549958621
wf2023,TS_K12.5,20230822,-9.987750973517243e-05,-0.0004927706317096524,0.0001615690894562324
wf2023,TS_K12.5,20230823,0.0008748158537098759,0.00036760687886137623,0.00037620295542871283
wf2023,TS_K12.5,20230824,-0.0007982271081946532,-0.0020214508886442647,0.0009432839350189737
wf2023,TS_K12.5,20230825,-0.0014783150705374379,-0.0017426360926726648,0.0003811207351527543
wf2023,TS_K12.5,20230828,0.004625604938567583,0.005543701097379606,-0.0006388604265306365
wf2023,TS_K12.5,20230829,0.0037835438680878424,0.0038919536731403465,-0.0001891721407065241
wf2023,TS_K12.5,20230830,0.0006448917197264424,0.0007151571074779325,8.639129004524588e-06
wf2023,TS_K12.5,20230831,-0.00026420694123325313,-0.0006992276842594651,0.00026044337724338146
wf2023,TS_K12.5,20230901,0.0007481848093209252,0.00039604318340250374,0.00026850569695846706
wf2023,TS_K12.5,20230904,0.0032295769299879066,0.0027282652550914017,0.0005345704305539493
wf2023,TS_K12.5,20230905,0.0020923604736603663,0.0019866979270784825,0.0001614829671902256
wf2023,TS_K12.5,20230906,0.0005717561020339677,0.0003087655623542878,6.291516006555039e-05
wf2023,TS_K12.5,20230907,0.0030784153514881512,0.0028886198045559087,0.000276715440980769
wf2023,TS_K12.5,20230908,0.0020669782811528654,0.001702546725064822,0.0002085999067809754
wf2023,TS_K12.5,20230911,-0.0003770301895308221,-0.0005668490538000116,0.00015392248764512336
wf2023,TS_K12.5,20230912,-0.0026430657082214884,-0.0025970140691451414,4.731988570384006e-06
wf2023,TS_K12.5,20230913,0.0013212265599074407,0.0006815981192996739,0.00043617774819450716
wf2023,TS_K12.5,20230914,-0.0002518195433485323,-0.0008893344349100547,0.0005231998868181895
wf2023,TS_K12.5,20230915,0.0007639924347559455,0.0006442827236967266,0.00012955849409740543
wf2023,TS_K12.5,20230918,-0.0010814879264149906,-0.001259140771752788,0.0002457374402321748
wf2023,TS_K12.5,20230919,-0.000734853179311188,-0.0006604253113933017,-5.536425825319391e-05
wf2023,TS_K12.5,20230920,0.0018919960970077187,0.0019293124192995882,-0.00018470542289007193
wf2023,TS_K12.5,20230921,0.003968719914314321,0.004165782033401009,-0.00028863609057202074
wf2023,TS_K12.5,20230922,-6.289219259572078e-05,0.0001484870210930881,-0.00018095703281698246
wf2023,TS_K12.5,20230925,0.001237964761770257,0.0012760922701878289,8.033172424790241e-06
wf2023,TS_K12.5,20230926,0.002656359051882485,0.0018358552552065319,0.0008000429820659849
wf2023,TS_K12.5,20230927,0.0023324739176411244,0.0023784150504291635,-0.0001215664336043762
wf2023,TS_K12.5,20230928,0.0024839331737587234,0.00282109300366245,-0.000440727754530113
wf2023,TS_K12.5,20231009,0.00036392998495769985,0.0005799713281429276,-0.00027033954277685707
wf2023,TS_K12.5,20231010,-0.001069375662936657,-0.0009320996891122574,-0.00010330895623850475
wf2023,TS_K12.5,20231011,-0.00037176103856043606,-0.0011428587331313747,0.0006773884180003443
wf2023,TS_K12.5,20231012,8.546654323788455e-05,0.000270550055382891,-0.00021269342256148232
wf2023,TS_K12.5,20231013,0.0011611301929835196,0.0012253081268994751,-5.173129829707019e-05
wf2023,TS_K12.5,20231016,0.0011892391345847122,0.0008244463736524092,0.00032022642700717735
wf2023,TS_K12.5,20231017,-0.001867580167081058,-0.0019470650116435026,-2.0790752814999218e-05
wf2023,TS_K12.5,20231018,0.0017684670294830455,0.001365423657927464,0.00044683077688487626
wf2023,TS_K12.5,20231019,0.0006596887526519732,0.00020624253707764612,0.0004587283929126367
wf2023,TS_K12.5,20231020,-0.002454370209838564,-0.0024518695458372436,-6.717751757235325e-05
wf2023,TS_K12.5,20231023,-0.0005373795782330631,-0.0004734269913538385,-9.301962761355741e-05
wf2023,TS_K12.5,20231024,-0.002073157850639879,-0.001678961941183455,-0.00018764516479171883
wf2023,TS_K12.5,20231025,0.0010262328346376348,0.0012012291770652566,-6.227724487536986e-07
wf2023,TS_K12.5,20231026,4.729696892824195e-05,-0.0006473676408597799,0.0007287527088599777
wf2023,TS_K12.5,20231027,0.0027125655519035403,0.002895524188170448,-0.00029296753393080505
wf2023,TS_K12.5,20231030,-0.0018864961714776828,-0.00217834088514148,0.00024339671113593296
wf2023,TS_K12.5,20231031,0.0005079896520919199,2.5404116340387495e-05,0.00036079258323525195
wf2023,TS_K12.5,20231101,-0.0008176923917906989,-0.0010557468798822324,0.00016158654226961752
wf2023,TS_K12.5,20231102,0.0038946633799289386,0.0038937617353875754,-8.13165564370214e-05
wf2023,TS_K12.5,20231103,0.0007703885838016844,0.0013124525051438091,-0.0005829122925200083
wf2023,TS_K12.5,20231106,0.0023444495427542246,0.0027427573475199965,-0.0004152314018880064
wf2023,TS_K12.5,20231107,-0.00023703638475298635,-8.412691040506049e-05,-0.00018856291772874042
wf2023,TS_K12.5,20231108,0.002064465005634128,0.001572214408695983,0.00041985767866083764
wf2023,TS_K12.5,20231109,0.0005493857250025694,0.0002618621905431486,0.0003564351762678908
wf2023,TS_K12.5,20231110,0.00011297455810988996,0.0002732601160409221,-0.00014706231808912196
wf2023,TS_K12.5,20231113,0.00031772828500058626,0.0007987017258133501,-0.0005570025331184283
wf2023,TS_K12.5,20231114,0.0018103251329275333,0.0015690233315694443,0.0002165961949848914
wf2023,TS_K12.5,20231115,-0.0013017262702024563,-0.001234120573180751,-0.00011327453702316483
wf2023,TS_K12.5,20231116,0.0022353814553410737,0.001996515919552044,0.00020463827200965594
wf2023,TS_K12.5,20231117,0.0011784209142806507,0.001308445784251195,-5.297678834635146e-05
wf2023,TS_K12.5,20231120,-0.0017684728949065335,-0.0021500152814599256,0.00034426028355196466
wf2023,TS_K12.5,20231121,-0.002483976555893063,-0.002799689318868582,0.000325809846759244
wf2023,TS_K12.5,20231122,0.0020320898669974018,0.0016812861475933292,0.0003683675826155852
wf2023,TS_K12.5,20231123,-0.0003339906817080556,-0.0009659270659086903,0.0005473032626449732
wf2023,TS_K12.5,20231124,0.0026084936839658075,0.002602498409261703,-4.412450325726144e-05
wf2023,TS_K12.5,20231127,0.0012054829592119025,0.0009165915552338921,0.00028571489125883383
wf2023,TS_K12.5,20231128,-0.0001593203657191105,-0.0003188173574090663,0.00013581873448046815
wf2023,TS_K12.5,20231129,-0.0015720834462526027,-0.0018606688432325456,0.00019867405959476153
wf2023,TS_K12.5,20231130,-0.000840728268386234,-0.00023333743760338129,-0.0006343330647908482
wf2023,TS_K12.5,20231201,-0.002645003409605019,-0.0026465189625350808,-3.0303329849476594e-06
wf2023,TS_K12.5,20231204,-0.002204907190974152,-0.0027728424327298933,0.000539747778972131
wf2023,TS_K12.5,20231205,0.0007836566378098438,0.0002742321372298946,0.00048110390648171644
wf2023,TS_K12.5,20231206,0.0004058623035093638,0.0003015753392530023,5.688670901786292e-05
wf2023,TS_K12.5,20231207,0.0037027103010914813,0.004090652951635425,-0.00037894506928241433
wf2023,TS_K12.5,20231208,-0.001254094951801215,-0.0009360142221175409,-0.0003525208282003952
wf2023,TS_K12.5,20231211,-0.002108298908564788,-0.0021665543824068516,2.288839685630694e-05
wf2023,TS_K12.5,20231212,-0.001947325263116596,-0.002156506163418337,0.00020199365291571227
wf2023,TS_K12.5,20231213,-2.0022278617278302e-06,-0.0008525003982451677,0.0007810590916804975
wf2023,TS_K12.5,20231214,-0.0002361428824933791,-0.0005328240642550142,0.00026757852685963993
wf2023,TS_K12.5,20231215,-0.0008278350054987255,-0.0007075623386354363,-0.00016819425058525015
wf2023,TS_K12.5,20231218,0.0018395878883090994,0.0018809113542790344,-1.5542655378059556e-06
wf2023,TS_K12.5,20231219,0.0015626779139874432,0.0011920206945588308,0.0003839923197497826
wf2023,TS_K12.5,20231220,0.0013967101241919733,0.0010661181610817842,0.0002896459791363452
wf2023,TS_K12.5,20231221,0.002353159992451913,0.0013980692989581226,0.0009967700276908454
wf2023,TS_K12.5,20231222,0.004674005408855956,0.0048605739500680815,-0.000335458462145517
wf2023,TS_K12.5,20231225,-0.0011744024330664193,-0.0014107224288895327,0.00023937458391049026
wf2023,TS_K12.5,20231226,-0.0005195564427726874,-0.0005467788550399598,2.908351601572006e-05
wf2023,TS_K12.5,20231227,0.00366879475092554,0.002835036770820705,0.0008254869802883041
wf2023,TS_K12.5,20231228,0.0022129715370483426,0.002471056070134923,-0.0002989197348678803
wf2023,TS_K12.5,20231229,-0.0013681024184365347,-0.0021152248124176615,0.000750535625053714
wf2023,TS_K15,20230103,-0.0018037900204030417,-0.0021581879716512336,0.00035439795124819334
wf2023,TS_K15,20230104,0.001994943478376347,0.002721609619416284,-0.0007266661410399365
wf2023,TS_K15,20230105,0.0042656063018120605,0.004078996109893278,0.00018661019191878162
wf2023,TS_K15,20230106,0.0002433000776842862,7.020529260999678e-05,0.00017309478507429075
wf2023,TS_K15,20230109,0.001075630778786309,0.0015259352231395279,-0.0004503044443532184
wf2023,TS_K15,20230110,-0.0010554964100106048,-0.0013720715212573815,0.0003165751112467766
wf2023,TS_K15,20230111,0.005224641999037453,0.004307271064314035,0.0009173709347234186
wf2023,TS_K15,20230112,-0.0018760085144820062,-0.0032406027245226714,0.0013645942100406637
wf2023,TS_K15,20230113,0.0001431001556057871,-0.0008334763141307238,0.0009765764697365112
wf2023,TS_K15,20230116,0.0027219762950492616,0.0016296471131163125,0.0010923291819329496
wf2023,TS_K15,20230117,0.0036010742911787236,0.0025259579864464086,0.001075116304732314
wf2023,TS_K15,20230118,0.0009749433419310892,-0.000432188186213731,0.0014071315281448207
wf2023,TS_K15,20230119,0.0009763202697675132,0.0014046402191989942,-0.0004283199494314798
wf2023,TS_K15,20230120,0.004058836039950688,0.004811325347895824,-0.0007524893079451341
wf2023,TS_K15,20230130,0.003902855928996654,0.0031871618546029865,0.0007156940743936681
wf2023,TS_K15,20230131,0.0016633772522468542,0.0018132201343750692,-0.0001498428821282131
wf2023,TS_K15,20230201,-0.0007990812521879014,-0.0007717258839532253,-2.735536823467616e-05
wf2023,TS_K15,20230202,0.0014655695063578544,0.0016898094021424949,-0.00022423989578464142
wf2023,TS_K15,20230203,0.0006714712945292312,-3.913600660354845e-05,0.0007106073011327797
wf2023,TS_K15,20230206,0.004634925019920403,0.003605069762219271,0.0010298552577011337
wf2023,TS_K15,20230207,0.003252457891676582,0.0028215426597516615,0.00043091523192491984
wf2023,TS_K15,20230208,0.002783090171029772,0.002258457889110468,0.0005246322819193054
wf2023,TS_K15,20230209,-0.0005729683092145266,-0.001470932006495517,0.00089796369728099
wf2023,TS_K15,20230210,-0.0019263275790546257,-0.001213610422572626,-0.0007127171564820006
wf2023,TS_K15,20230213,0.0017731430584389818,0.0005596026284045429,0.001213540430034439
wf2023,TS_K15,20230214,0.00413071953136946,0.0044615685280392555,-0.000330848996669795
wf2023,TS_K15,20230215,-0.0037301346964250907,-0.00408471766116885,0.0003545829647437555
wf2023,TS_K15,20230216,0.00035888600298264765,-0.0004787885697378025,0.0008376745727204505
wf2023,TS_K15,20230217,-0.0020098324033129,-0.002302604978226232,0.00029277257491333326
wf2023,TS_K15,20230220,0.002366198571516578,0.0013589615270998697,0.0010072370444167086
wf2023,TS_K15,20230221,0.0007308947092103432,0.0005340828169308109,0.0001968118922795324
wf2023,TS_K15,20230222,0.0008280450777165896,0.00021571977863259935,0.0006123252990839896
wf2023,TS_K15,20230223,0.001893852117906896,0.0009590161173147464,0.0009348360005921496
wf2023,TS_K15,20230224,0.0011232462681420663,0.0005760458533989818,0.0005472004147430854
wf2023,TS_K15,20230227,-0.0006875859813763423,-0.0002096080328328035,-0.0004779779485435415
wf2023,TS_K15,20230228,0.0006798136541216644,0.0011092393687289056,-0.00042942571460724414
wf2023,TS_K15,20230301,-0.0018003948350389988,-0.002308018954571812,0.000507624119532813
wf2023,TS_K15,20230302,-0.0013418901995279114,-0.0017327007013297282,0.00039081050180181614
wf2023,TS_K15,20230303,0.0026087057099314637,0.0025281211874979424,8.05845224335223e-05
wf2023,TS_K15,20230306,-0.003085669986817516,-0.0033654773687212185,0.0002798073819037006
wf2023,TS_K15,20230307,0.003383933935802042,0.0037112507579393664,-0.00032731682213732666
wf2023,TS_K15,20230308,0.003406000670095691,0.0025720837434467492,0.0008339169266489415
wf2023,TS_K15,20230309,0.00012446979023310323,-0.000239950674550675,0.0003644204647837777
wf2023,TS_K15,20230310,-0.0011446927759031572,-0.00039702268872949674,-0.00074767008717366
wf2023,TS_K15,20230313,-0.002241163821549378,-0.0025466865916124867,0.00030552277006310613
wf2023,TS_K15,20230314,0.0021868694087664713,0.0012122897175758285,0.0009745796911906435
wf2023,TS_K15,20230315,-0.0005764413751890227,-0.0005327263531519132,-4.3715022037111235e-05
wf2023,TS_K15,20230316,0.00011110363788369593,0.0006917230549734341,-0.0005806194170897368
wf2023,TS_K15,20230317,0.00445363627618804,0.00418260262191948,0.00027103365426855996
wf2023,TS_K15,20230320,0.003261334131798632,0.0031405774982448467,0.00012075663355378712
wf2023,TS_K15,20230321,0.0011672155167748175,0.0012107832991708923,-4.356778239607494e-05
wf2023,TS_K15,20230322,-0.0007915090521144734,-0.00033075378077483664,-0.0004607552713396365
wf2023,TS_K15,20230323,0.0008861001233205462,0.001324220014332583,-0.0004381198910120368
wf2023,TS_K15,20230324,0.0007417114735349123,0.0013675949536432305,-0.0006258834801083179
wf2023,TS_K15,20230327,-8.332162737267716e-05,-0.0009542211436148774,0.000857862530075608
wf2023,TS_K15,20230328,0.0021371056309769493,0.002326362214330632,-0.00020373638795518457
wf2023,TS_K15,20230329,-0.0010319158961702843,-0.0018105599889535055,0.0007829417614458962
wf2023,TS_K15,20230330,-0.00032780546965440784,0.00032663464966861406,-0.0006600823404512074
wf2023,TS_K15,20230331,-0.0019051194760239011,-0.000708505079393903,-0.0012155828354258322
wf2023,TS_K15,20230403,-0.005083713659765151,-0.005105197943865097,1.9992668658339806e-05
wf2023,TS_K15,20230404,0.00031911675843961616,-6.903362482749695e-05,0.0003961237884669151
wf2023,TS_K15,20230406,0.0005380750454957797,0.0008264192056129588,-0.0002904920919197001
wf2023,TS_K15,20230407,0.003779557493441244,0.0020708937815747575,0.0017152223005842643
wf2023,TS_K15,20230410,-0.0013434458717162237,-0.0007232863839601875,-0.0006066106582649091
wf2023,TS_K15,20230411,0.002781388953741886,0.0037465755118298062,-0.0009703258920188301
wf2023,TS_K15,20230412,-0.0004921933252545821,-0.0008015397928278508,0.00031367482631213434
wf2023,TS_K15,20230413,0.0017583139783316137,0.0015852135230805362,0.00019573774241735164
wf2023,TS_K15,20230414,0.0015267362337183625,0.0002390279457754214,0.0012877082879429404
wf2023,TS_K15,20230417,-0.002441373375065884,-0.0020266546626097133,-0.0004147187124561716
wf2023,TS_K15,20230418,0.0010624959299343627,0.0017272182843418643,-0.0006647223544075023
wf2023,TS_K15,20230419,-0.0016241768098668495,-0.00024255575024115122,-0.0013816210596256965
wf2023,TS_K15,20230420,-0.0039533462811445624,-0.00494860959409513,0.0009952633129505716
wf2023,TS_K15,20230421,0.0016617308628015517,0.0018096573671784189,-0.00014792650437686687
wf2023,TS_K15,20230424,-0.004990829917188792,-0.004561079432908576,-0.00042975048428021446
wf2023,TS_K15,20230425,0.003745122371051037,0.003010647056331743,0.0007344753147192956
wf2023,TS_K15,20230426,0.0012482139069660367,0.0006014934074326066,0.0006467204995334308
wf2023,TS_K15,20230427,0.0013734126813081567,0.0014903336454926163,-0.0001169209641844588
wf2023,TS_K15,20230428,-0.0021533220740387743,-0.0018069670250580095,-0.00034701932212065736
wf2023,TS_K15,20230504,-0.0023709531316845195,-0.0019957162328525634,-0.00034841687969572197
wf2023,TS_K15,20230505,0.001920572327693871,0.002234437044844889,-0.00031786658883438726
wf2023,TS_K15,20230508,-0.001459727276614876,-0.0013251892407223826,-0.00013099323563918393
wf2023,TS_K15,20230509,0.0060041634601577555,0.005760708451038092,0.00023778966519412076
wf2023,TS_K15,20230510,8.664982276542724e-05,5.0919576277725035e-05,3.8256345681293466e-05
wf2023,TS_K15,20230511,-0.0006772714310397596,-0.0007110491231237534,3.424256705689279e-05
wf2023,TS_K15,20230512,0.005510995821023312,0.0050507632724533826,0.00044716120708398067
wf2023,TS_K15,20230515,0.004415592619938011,0.0037328059636523294,0.0006977081270607166
wf2023,TS_K15,20230516,0.007055307964152989,0.006828342396535005,0.00023046672133362556
wf2023,TS_K15,20230517,0.003528137334994576,0.0038449038120248065,-0.00031776769467319976
wf2023,TS_K15,20230518,0.0044647178516507595,0.0038887429495410982,0.0005750923886398157
wf2023,TS_K15,20230519,0.0020367319704408717,0.0015135496503510492,0.0005149077296336867
wf2023,TS_K15,20230522,0.0018504050372132735,0.001490193559679797,0.00035766415302238713
wf2023,TS_K15,20230523,0.0034875631754509593,0.0033706821435597178,0.00011688103189124116
wf2023,TS_K15,20230524,0.0027974181657035267,0.002697071979481355,0.00010034618622217127
wf2023,TS_K15,20230525,0.0008066068145961948,0.0011813688173501044,-0.000374762002753908
wf2023,TS_K15,20230526,-0.0011826852978820248,-0.0006646619267507297,-0.000518023371131296
wf2023,TS_K15,20230529,0.0017716737838137913,0.002119872393482309,-0.0003481986096685186
wf2023,TS_K15,20230530,-0.0013262682452262757,-0.0007925866457467047,-0.0005336815994795718
wf2023,TS_K15,20230531,-0.00021785769348359662,6.2671987859579e-05,-0.0002805296813431755
wf2023,TS_K15,20230601,0.0008702942521978708,0.00047870458320775964,0.00039158966899011094
wf2023,TS_K15,20230602,0.0024383275016730734,0.0029651114609131777,-0.0005267839592401025
wf2023,TS_K15,20230605,-0.002932485951982422,-0.002797545399625502,-0.00013494055235692008
wf2023,TS_K15,20230606,-1.6121894418332818e-05,4.4490686882634215e-06,-2.0570963106595927e-05
wf2023,TS_K15,20230607,-0.0032331012234159172,-0.003251838057480705,1.8736834064788147e-05
wf2023,TS_K15,20230608,-0.00014110099438340452,-6.66393249077356e-05,-7.446166947566813e-05
wf2023,TS_K15,20230609,0.00358524569218935,0.0030539762141449833,0.0005312694780443672
wf2023,TS_K15,20230612,0.0018067408190070642,0.0019223867856034025,-0.00011564596659633755
wf2023,TS_K15,20230613,-0.0002346325841454522,-4.5367130918777055e-05,-0.00018926545322667511
wf2023,TS_K15,20230614,0.005164029094885847,0.004421503599232155,0.0007425254956536949
wf2023,TS_K15,20230615,0.001004189496958346,0.0011616720340021647,-0.00012502115693429936
wf2023,TS_K15,20230616,0.0009500708872923941,0.0013938559990964335,-0.00044336372600140884
wf2023,TS_K15,20230619,0.0023635136804171127,0.0020813867517477415,0.00015454020897692658
wf2023,TS_K15,20230620,0.0025822978025045323,0.001993525863941468,0.00042453431303649425
wf2023,TS_K15,20230621,0.002427088689158025,0.002381013696724806,4.565199048126023e-05
wf2023,TS_K15,20230626,0.0015132948236173394,0.001082940898605649,4.469147623759448e-05
wf2023,TS_K15,20230627,0.0007753402655928659,0.0005088185299003576,-4.658088945246806e-05
wf2023,TS_K15,20230628,0.003010591207563213,0.003142226786520211,0.000180466103432508
wf2023,TS_K15,20230629,0.0010966519690451017,0.0008860826532993226,9.773184932934559e-05
wf2023,TS_K15,20230630,-0.0015348121021428124,-0.001980059422098864,1.9869126860510726e-05
wf2023,TS_K15,20230703,0.004430223892518612,0.0042376054813693205,0.0003389194077266468
wf2023,TS_K15,20230704,0.0004155893318723925,0.0005484013766522498,-0.0002089968015966034
wf2023,TS_K15,20230705,-0.0018101581380639588,-0.0015573417197610098,-0.00011421736298447189
wf2023,TS_K15,20230706,-0.0019107604429753535,-0.0020150726345443577,-0.000230720049395128
wf2023,TS_K15,20230707,0.0010652106487157506,0.001004230116476038,0.00010247320097382488
wf2023,TS_K15,20230710,0.0025142678998347203,0.0025483634166674632,0.00022411091544716216
wf2023,TS_K15,20230711,1.1808221985532691e-05,-0.00014976768018757532,0.00010160398495390977
wf2023,TS_K15,20230712,-5.740454131687375e-05,0.0004537000417828037,-0.00013035341621943204
wf2023,TS_K15,20230713,0.0013417001518964827,0.0017828821627506497,-0.0001784865233591907
wf2023,TS_K15,20230714,0.0016931238808217232,0.0014672630740746855,-8.84338936214143e-05
wf2023,TS_K15,20230717,0.0002548600619739339,5.580309505238046e-05,-1.2845413915140162e-05
wf2023,TS_K15,20230718,-0.004148463737326371,-0.0035026385413710636,-0.000312214437010823
wf2023,TS_K15,20230719,-0.0018564036732053608,-0.002038044864947416,-7.019925316835047e-05
wf2023,TS_K15,20230720,-0.0016734618483010637,-0.0022199079462478393,4.6731533692781805e-05
wf2023,TS_K15,20230721,0.0017108278863440698,0.001669105186326735,-0.00019088272622166887
wf2023,TS_K15,20230724,-0.0005261250131604264,-0.0007396382252169231,0.0004129225692278931
wf2023,TS_K15,20230725,-0.003202016119768926,-0.0032110471785387193,-0.00014983763346669554
wf2023,TS_K15,20230726,0.0020377579842066843,0.0018753373237957892,-2.505894135675912e-05
wf2023,TS_K15,20230727,-0.0010583693653440779,-0.0012046809645911943,-2.5412037104555695e-07
wf2023,TS_K15,20230728,-0.0016897833863140418,-0.0018508726785780095,-0.00012977282089157244
wf2023,TS_K15,20230731,0.0012436867920560053,0.001067596914873925,-0.00012974363202444911
wf2023,TS_K15,20230801,0.0008623834502738324,0.0010217156229836936,-0.0001414087186168844
wf2023,TS_K15,20230802,-0.0006754975328844236,-0.0006663809283049048,-2.2320539586626604e-05
wf2023,TS_K15,20230803,0.0015887040151357284,0.001869913231701373,-0.0003697979923451874
wf2023,TS_K15,20230804,-0.000473246701380472,5.358051797592974e-06,-0.0004325296466900083
wf2023,TS_K15,20230807,-0.0008752374065194855,-0.0006630781807296917,-8.028536524872712e-06
wf2023,TS_K15,20230808,-0.0011471100619076264,-0.0012645004523062465,0.00036005176576507354
wf2023,TS_K15,20230809,0.00046180334430459763,-2.773495284681457e-05,0.00036340361593542456
wf2023,TS_K15,20230810,-0.0019928246465601394,-0.0018286760911402978,-2.236007961453561e-05
wf2023,TS_K15,20230811,0.0009623976800254511,0.0014923482978894877,-0.0005019356762836654
wf2023,TS_K15,20230814,-0.002163996094313377,-0.0024154102442980573,0.0001846620711473328
wf2023,TS_K15,20230815,-0.003674056773792119,-0.0036350486782941237,7.077416413239836e-05
wf2023,TS_K15,20230816,0.0032977563059828144,0.0034004114963422736,-0.0001492543322164176
wf2023,TS_K15,20230817,0.00045175479565726095,0.000586153663102814,6.928834611561976e-05
wf2023,TS_K15,20230818,0.0002903249210203839,0.0007832538522309733,-0.0005223627732897755
wf2023,TS_K15,20230821,0.0016861321493789301,0.0017203070560273498,-0.00048192767500504925
wf2023,TS_K15,20230822,-0.00018259442899663803,-0.00036096893652010656,-5.29495249947747e-05
wf2023,TS_K15,20230823,0.0007554872709866631,0.0001624802732237268,0.0004620009783431495
wf2023,TS_K15,20230824,-0.0013628487351591279,-0.002112369263728894,0.00046958068313912495
wf2023,TS_K15,20230825,-0.002593413459892683,-0.002585904409827971,0.00010929066295281323
wf2023,TS_K15,20230828,0.006016707348783318,0.006293406007109934,2.537073954773342e-06
wf2023,TS_K15,20230829,0.0038618482939268865,0.0035619461844086982,0.00021913977386416665
wf2023,TS_K15,20230830,0.000533581724639169,0.00054194554210768,7.054069928750273e-05
wf2023,TS_K15,20230831,0.0008052207779406643,0.0005828757403375149,4.7767671820319175e-05
wf2023,TS_K15,20230901,0.0010761488888800658,0.0009065441107990455,8.596884912106262e-05
wf2023,TS_K15,20230904,0.0035685524608450926,0.003078873705478557,0.0005229375110239798
wf2023,TS_K15,20230905,0.0013351488280267114,0.0011398448092155714,0.00025112443941948244
wf2023,TS_K15,20230906,0.0004264156896094558,0.00024187993317319163,-1.5539623177865906e-05
wf2023,TS_K15,20230907,0.0025104531056540993,0.002270611934264409,0.0003267610654382176
wf2023,TS_K15,20230908,0.0022968609351455335,0.0019885956074813067,0.00015243367835715793
wf2023,TS_K15,20230911,-0.0006352699531266547,-0.0007372308020327336,6.606447228201282e-05
wf2023,TS_K15,20230912,-0.0026184220521780852,-0.002399109309175176,-0.00016852911535617576
wf2023,TS_K15,20230913,0.0007394468997207687,0.00026437419785838874,0.00027162200944912015
wf2023,TS_K15,20230914,0.0003051798558433294,-0.00021114513873509108,0.0004020099898350878
wf2023,TS_K15,20230915,0.00045935809150512204,0.0002947338618702745,0.00017447301267303444
wf2023,TS_K15,20230918,-0.0019124816795096158,-0.0018272006256516002,-1.7196458963636332e-05
wf2023,TS_K15,20230919,-0.0009636364293720608,-0.0008139858274091652,-0.0001305869922982035
wf2023,TS_K15,20230920,0.001782238756251918,0.0017740862075091494,-0.00013923655185543434
wf2023,TS_K15,20230921,0.004744507907370979,0.004640078834728798,1.285510115685035e-05
wf2023,TS_K15,20230922,0.00023113038258591907,0.0004454003019827904,-0.00018384773852504478
wf2023,TS_K15,20230925,0.0012190689309809475,0.001148100840756649,0.00011712877106666097
wf2023,TS_K15,20230926,0.0015584009608434497,0.0008335678908781763,0.000704372255355305
wf2023,TS_K15,20230927,0.002747545520269571,0.0026212507527037647,5.066946674946865e-05
wf2023,TS_K15,20230928,0.0024117668620430716,0.0024867168737257948,-0.00017851793630910907
wf2023,TS_K15,20231009,0.0003396055786653719,0.00035911024280985094,-7.380286373610892e-05
wf2023,TS_K15,20231010,-0.0003545772765479486,-0.0004048358208916041,8.422556192955046e-05
wf2023,TS_K15,20231011,-0.0011096336225966978,-0.00167468752900764,0.00047134462984034904
wf2023,TS_K15,20231012,0.0006464893870890822,0.0007464193797596058,-0.0001275399030869996
wf2023,TS_K15,20231013,0.0006445205864288933,0.0008871163411150676,-0.00023014911906728839
wf2023,TS_K15,20231016,0.0018410241939478343,0.0015488106806712128,0.0002476471793514958
wf2023,TS_K15,20231017,-0.0015463960801535108,-0.0015978944350202974,-4.87772425106571e-05
wf2023,TS_K15,20231018,0.002031484109643704,0.0016490736396326002,0.0004261978753403981
wf2023,TS_K15,20231019,-8.639106111874018e-06,-0.00022229080575717934,0.00021893387698361576
wf2023,TS_K15,20231020,-0.002134223080018604,-0.002136545529349175,-6.235440424045551e-05
wf2023,TS_K15,20231023,-0.0006869492200108664,-0.0007508355348936463,3.481927414843665e-05
wf2023,TS_K15,20231024,-0.002301413096579658,-0.001896190964062989,-0.000198671387851965
wf2023,TS_K15,20231025,0.0005064753442479033,0.0007325217292527817,-5.16728150260107e-05
wf2023,TS_K15,20231026,6.567216617884251e-05,-0.0005120689606399165,0.0006118292258907158
wf2023,TS_K15,20231027,0.003613279636988695,0.003504842341263381,-1.5716019385839542e-06
wf2023,TS_K15,20231030,-0.0026106595730423904,-0.002798960833691061,0.0001398532581208065
wf2023,TS_K15,20231031,-0.00018326431577112088,-0.0006093318800824285,0.00030427461179502777
wf2023,TS_K15,20231101,-0.0009341550861210676,-0.0010352419635695858,2.4618931626601073e-05
wf2023,TS_K15,20231102,0.004747489415304985,0.004451032260082771,0.0002142389542438305
wf2023,TS_K15,20231103,0.0021511845480508517,0.0022540729951143496,-0.00014373681824137504
wf2023,TS_K15,20231106,0.002147877421427781,0.0022487629178242112,-0.00011780909351866462
wf2023,TS_K15,20231107,-2.9746251527623365e-05,-5.951049620770392e-05,-5.8891987007340864e-06
wf2023,TS_K15,20231108,0.001979999269401537,0.0017472435362899607,0.00016036281483426895
wf2023,TS_K15,20231109,4.805678235794133e-05,-8.783820234813106e-05,0.0002048066265145424
wf2023,TS_K15,20231110,0.0004145731428442205,0.0004749392255048221,-4.714284281869086e-05
wf2023,TS_K15,20231113,0.0006432916864340674,0.0008434097355333203,-0.00027614714140491753
wf2023,TS_K15,20231114,0.0011300549611262109,0.0008487706127006187,0.00025657874205239445
wf2023,TS_K15,20231115,-0.0020615918568759927,-0.0019347043693429184,-0.00017255632753453439
wf2023,TS_K15,20231116,0.002528025618021717,0.0021470120585309147,0.00034678629571142775
wf2023,TS_K15,20231117,0.001378686405080565,0.0014408922430003304,1.4842243704424253e-05
wf2023,TS_K15,20231120,-0.002246578666931731,-0.0024323716229316342,0.00014851085299847583
wf2023,TS_K15,20231121,-0.0027547505920483377,-0.0029000506052715373,0.00015539709700692332
wf2023,TS_K15,20231122,0.0026156606204464465,0.0023055165737918717,0.000327707909866086
wf2023,TS_K15,20231123,-0.0009437080033739484,-0.0011942529620576287,0.0001659118371280177
wf2023,TS_K15,20231124,0.002951589848937718,0.0028876074109013077,1.38626600750441e-05
wf2023,TS_K15,20231127,0.0009656526167958123,0.0006719034544511973,0.0002905726496254388
wf2023,TS_K15,20231128,0.001000605266056752,0.0008559290482203977,0.00012099796062686639
wf2023,TS_K15,20231129,-0.0020503942380622094,-0.0021906784947763715,5.0372919328982405e-05
wf2023,TS_K15,20231130,-9.308529152252023e-05,0.00016220434088479218,-0.0002822318664153082
wf2023,TS_K15,20231201,-0.002259285873392294,-0.0022164903608006357,-4.7341398506667586e-05
wf2023,TS_K15,20231204,-0.002830790490520648,-0.0030746480433487323,0.00021567009004447714
wf2023,TS_K15,20231205,0.0014119500933329199,0.000969142744390932,0.0004144867548437545
wf2023,TS_K15,20231206,0.0001966285559891214,0.00011359609924620857,3.563220150441457e-05
wf2023,TS_K15,20231207,0.004179505281837926,0.004443750212074889,-0.00025524734897543184
wf2023,TS_K15,20231208,-0.0006393017283377409,-0.0004929471550123894,-0.00018079467184207285
wf2023,TS_K15,20231211,-0.002117292430369331,-0.002126585416726999,-2.6074090628089392e-05
wf2023,TS_K15,20231212,-0.0025717387173491302,-0.0026381326563220155,5.9206691586855596e-05
wf2023,TS_K15,20231213,-0.0005492964066174584,-0.0011585451065332685,0.0005398096212128676
wf2023,TS_K15,20231214,-0.00025732802993000013,-0.0005111627049541787,0.0002247320201221833
wf2023,TS_K15,20231215,-0.0007185415382519999,-0.0005573777927759437,-0.0002090853291980171
wf2023,TS_K15,20231218,0.0024337285402236866,0.0023280190033362954,0.0001454787373195184
wf2023,TS_K15,20231219,0.001201617054158017,0.0010888282300321427,0.0001261239244470454
wf2023,TS_K15,20231220,0.001500415858242789,0.0011614065072793511,0.0002980633669895926
wf2023,TS_K15,20231221,0.0015528307036979765,0.0009836993426310078,0.0006108106952640235
wf2023,TS_K15,20231222,0.004074016265935201,0.004130775300175596,-0.00020564895517378507
wf2023,TS_K15,20231225,-0.0018265306854300441,-0.0018227447257733946,-7.313715692735764e-07
wf2023,TS_K15,20231226,-0.0005497294640341354,-0.0005782930348559801,3.0424674570293005e-05
wf2023,TS_K15,20231227,0.005219480062979013,0.004395989635937855,0.0008152194272246242
wf2023,TS_K15,20231228,0.0020436495483142584,0.00204068204025692,-3.7867693723961924e-05
wf2023,TS_K15,20231229,-0.0016758756322730625,-0.002000495307292991,0.00032803290609251636
wf2023,TS_K20,20230103,-0.0017463257569853936,-0.0018880942302556896,0.0001417684732702965
wf2023,TS_K20,20230104,0.0031202506795091657,0.003431306357527224,-0.00031105567801805747
wf2023,TS_K20,20230105,0.004843190145143008,0.004535389252491903,0.0003078008926511041
wf2023,TS_K20,20230106,0.0010379535250571491,0.0006801430928520568,0.0003578104322050926
wf2023,TS_K20,20230109,0.0013872394619464882,0.001619539160017385,-0.00023229969807089663
wf2023,TS_K20,20230110,-0.0011681160158134897,-0.0013517704881069212,0.00018365447229343028
wf2023,TS_K20,20230111,0.005605394968453132,0.00472215614022528,0.0008832388282278522
wf2023,TS_K20,20230112,-0.0014784890370490053,-0.002618584546677838,0.0011400955096288324
wf2023,TS_K20,20230113,0.001328780536473513,0.00045505727787460427,0.0008737232585989096
wf2023,TS_K20,20230116,0.0029911539832255156,0.0020941296656228946,0.0008970243176026209
wf2023,TS_K20,20230117,0.0035148320690101004,0.002662465883581806,0.0008523661854282929
wf2023,TS_K20,20230118,0.0007006757572625378,-0.00046016089206643487,0.0011608366493289723
wf2023,TS_K20,20230119,0.0009076886325592708,0.001238696115588021,-0.00033100748302874924
wf2023,TS_K20,20230120,0.0043939488122273634,0.004808053881012449,-0.00041410506878508614
wf2023,TS_K20,20230130,0.0031985221603313876,0.0027518767317073096,0.00044664542862407803
wf2023,TS_K20,20230131,0.0009863503824564367,0.0010103196686313163,-2.396928617487976e-05
wf2023,TS_K20,20230201,-0.00023959893605998987,-0.0004216332313578805,0.00018203429529789047
wf2023,TS_K20,20230202,0.0009895192868366821,0.0011771219641796488,-0.00018760267734296723
wf2023,TS_K20,20230203,0.0008623297863667636,0.00035657574187780835,0.0005057540444889547
wf2023,TS_K20,20230206,0.0037901224766285135,0.002854473027890524,0.0009356494487379923
wf2023,TS_K20,20230207,0.0035076496253752245,0.0032145343416017215,0.00029311528377350257
wf2023,TS_K20,20230208,0.00312044120258919,0.002519672646805716,0.0006007685557834755
wf2023,TS_K20,20230209,-0.0016010646127552742,-0.002173163674998888,0.0005720990622436137
wf2023,TS_K20,20230210,-0.0015864687892468369,-0.0011736734719409183,-0.00041279531730592045
wf2023,TS_K20,20230213,0.0013806266083925503,0.000358679639072182,0.001021946969320369
wf2023,TS_K20,20230214,0.003791614857309294,0.003999907128563489,-0.00020829227125419484
wf2023,TS_K20,20230215,-0.00531794538467132,-0.005390906991055906,7.296160638457865e-05
wf2023,TS_K20,20230216,0.00038771256755717846,-0.0001030402081175288,0.0004907527756747081
wf2023,TS_K20,20230217,-0.002184717804506381,-0.0024613752171329965,0.0002766574126266166
wf2023,TS_K20,20230220,0.0020976584430457005,0.0012778103777906073,0.0008198480652550936
wf2023,TS_K20,20230221,0.0011052363408005552,0.0008958486194142189,0.00020938772138633593
wf2023,TS_K20,20230222,0.001272765217858316,0.0008137194919725524,0.00045904572588576224
wf2023,TS_K20,20230223,0.0016610758462822777,0.000880988471498407,0.0007800873747838711
wf2023,TS_K20,20230224,0.001068027028416972,0.0006797475028009013,0.000388279525616071
wf2023,TS_K20,20230227,-0.00023993446013004065,0.00011850369092838818,-0.0003584381510584291
wf2023,TS_K20,20230228,0.0009756331667598456,0.001244801895274793,-0.0002691687285149492
wf2023,TS_K20,20230301,-0.0021853795400048645,-0.0024386395609074336,0.00025326002090256836
wf2023,TS_K20,20230302,-0.0012970544452197235,-0.0015014420145000866,0.00020438756928036291
wf2023,TS_K20,20230303,0.002623916090802224,0.002503879337667633,0.00012003675313459019
wf2023,TS_K20,20230306,-0.0031034595311137322,-0.0030559160713127193,-4.7543459801016775e-05
wf2023,TS_K20,20230307,0.0025346117381099577,0.0027072946687190192,-0.00017268293060906345
wf2023,TS_K20,20230308,0.0034307742685297134,0.002787410235205162,0.000643364033324551
wf2023,TS_K20,20230309,0.0006526723824106431,0.00036411984573464376,0.0002885525366759976
wf2023,TS_K20,20230310,-0.0015678001237720471,-0.0011080431561633782,-0.0004597569676086688
wf2023,TS_K20,20230313,-0.0022654362579872522,-0.0024702793299914974,0.00020484307200424275
wf2023,TS_K20,20230314,0.0015430688700252791,0.0010888564194829317,0.0004542124505423469
wf2023,TS_K20,20230315,-0.00028720383678361786,-0.00010712203614068441,-0.0001800818006429384
wf2023,TS_K20,20230316,-0.0014040040725458213,-0.0009400857927916982,-0.000463918279754122
wf2023,TS_K20,20230317,0.003925338491244535,0.003738588161282843,0.0001867503299616918
wf2023,TS_K20,20230320,0.0027215329512474233,0.0023307255882513917,0.0003908073629960338
wf2023,TS_K20,20230321,0.0002607656684688025,0.0003081951952365038,-4.7429526767701e-05
wf2023,TS_K20,20230322,-0.0019682791173782827,-0.0016104943908364197,-0.0003577847265418627
wf2023,TS_K20,20230323,0.0009148760519705121,0.0012490465350615434,-0.00033417048309103127
wf2023,TS_K20,20230324,0.0004162346650114409,0.0007980813102043838,-0.00038184664519294326
wf2023,TS_K20,20230327,-0.0004865472068165209,-0.0011366273115874445,0.0006370431186043307
wf2023,TS_K20,20230328,0.0018855736515959952,0.0019192515135793928,-4.815766658490012e-05
wf2023,TS_K20,20230329,-9.889478781773074e-05,-0.0008100417761152594,0.0007154446569602023
wf2023,TS_K20,20230330,-0.0003338702538151165,0.00021655602552138,-0.0005560685004646791
wf2023,TS_K20,20230331,-0.0018430932145198234,-0.0009323655445602035,-0.0009296961087554548
wf2023,TS_K20,20230403,-0.004989653508380232,-0.004857508316182606,-0.00013363680763922765
wf2023,TS_K20,20230404,0.0013217204977810655,0.0008331146261642123,0.0004965792768166552
wf2023,TS_K20,20230406,0.0010452427582794115,0.001208524056329535,-0.00016542922985264422
wf2023,TS_K20,20230407,0.003564498955468405,0.0022319602829495282,0.0013390972612366571
wf2023,TS_K20,20230410,-0.0021881584281337914,-0.0017189197954611388,-0.0004556898031815262
wf2023,TS_K20,20230411,-0.0003315110307169338,0.0003761932607762551,-0.000712843625424099
wf2023,TS_K20,20230412,-0.0005078820115945078,-0.0005681718157955787,6.461816293993632e-05
wf2023,TS_K20,20230413,0.001973408481894314,0.0017312224604431976,0.00026482330861739056
wf2023,TS_K20,20230414,0.0018228812822382097,0.0009250115555323791,0.00089786972670583
wf2023,TS_K20,20230417,-0.002662657042743385,-0.002195213991176668,-0.00046744305156671705
wf2023,TS_K20,20230418,-0.0002722233942516238,0.0002351506981495385,-0.000507374092401162
wf2023,TS_K20,20230419,-0.003054299321553589,-0.0018397477139154724,-0.0012145516076381146
wf2023,TS_K20,20230420,-0.0026911050598540202,-0.003233721561086765,0.0005426165012327453
wf2023,TS_K20,20230421,0.0025399162651083165,0.002703643133473401,-0.00016372686836508448
wf2023,TS_K20,20230424,-0.004741463619360144,-0.004106417771934072,-0.0006350458474260695
wf2023,TS_K20,20230425,0.005469808058003433,0.0047362635011226695,0.0007335445568807653
wf2023,TS_K20,20230426,0.0018753350098661842,0.0013830102891899602,0.0004923247206762247
wf2023,TS_K20,20230427,0.00023601973324913553,0.00048767312259164185,-0.00025165338934250486
wf2023,TS_K20,20230428,-0.003556930104573407,-0.0031055730622264206,-0.0004520213154868806
wf2023,TS_K20,20230504,-0.0025730261889958077,-0.0021098400541439137,-0.00043636611571566295
wf2023,TS_K20,20230505,0.0014700319382668168,0.0018739966449287798,-0.0004079665783453322
wf2023,TS_K20,20230508,-0.002127287062557175,-0.0017814749382925343,-0.00034226732401132997
wf2023,TS_K20,20230509,0.005973860375130681,0.005626300973810662,0.0003418940573944758
wf2023,TS_K20,20230510,0.0010914832943645196,0.0010857242168962956,8.285176661816096e-06
wf2023,TS_K20,20230511,-0.0006975616005713541,-0.0007083542528551005,1.125752725664609e-05
wf2023,TS_K20,20230512,0.005374945418434787,0.004888536004904669,0.0004733380720441708
wf2023,TS_K20,20230515,0.003795864285221973,0.003225772709119681,0.0005850130468773282
wf2023,TS_K20,20230516,0.005694917187493556,0.005467905876977297,0.00023051246423189847
wf2023,TS_K20,20230517,0.002750434291637761,0.003032387009232024,-0.0002829539352372342
wf2023,TS_K20,20230518,0.004525991594330976,0.003943534185551908,0.0005815748953092215
wf2023,TS_K20,20230519,0.002858932137997112,0.0024186948577991927,0.00043196268974178515
wf2023,TS_K20,20230522,0.003049447861391939,0.00266293075617952,0.00038396978070132906
wf2023,TS_K20,20230523,0.0028313349820144216,0.002674016176349519,0.0001573188056649023
wf2023,TS_K20,20230524,0.002998268541889472,0.002938268238191034,6.00003036984382e-05
wf2023,TS_K20,20230525,-9.157330397888824e-05,0.0003201856088114928,-0.0004117589127903795
wf2023,TS_K20,20230526,-0.001715329385946123,-0.001168790576857837,-0.0005465388090882866
wf2023,TS_K20,20230529,0.0003186672829758189,0.0006953232485543278,-0.00037665596557850804
wf2023,TS_K20,20230530,-0.002090871628648885,-0.0015924497770397272,-0.0004984218516091573
wf2023,TS_K20,20230531,-0.0005332055409928123,-0.00020893888362704207,-0.0003242666573657701
wf2023,TS_K20,20230601,0.0014798223960950964,0.001047936312468922,0.0004318860836261746
wf2023,TS_K20,20230602,0.0007836839338590511,0.0011545663254384606,-0.00037088239157940795
wf2023,TS_K20,20230605,-0.0026213644087089497,-0.002466079736858216,-0.00015528467185073818
wf2023,TS_K20,20230606,-0.0014833933237911896,-0.0014108221026676623,-7.257122112352759e-05
wf2023,TS_K20,20230607,-0.0026994419109501325,-0.002801421972630544,0.00010198006168041148
wf2023,TS_K20,20230608,0.00046980642648277674,0.0004891048727710223,-1.929844628824497e-05
wf2023,TS_K20,20230609,0.004151335588477223,0.0036275236530547736,0.0005238119354224483
wf2023,TS_K20,20230612,0.002291261101119511,0.0023744764542506856,-8.321535313117478e-05
wf2023,TS_K20,20230613,4.291517991371558e-05,0.00024882028714087837,-0.000205905107227163
wf2023,TS_K20,20230614,0.005570648508589325,0.004867449782188206,0.000703198726401119
wf2023,TS_K20,20230615,0.0015305525738237733,0.0016326977867206745,-6.968383278737933e-05
wf2023,TS_K20,20230616,0.0012975028888661813,0.0016559143798439051,-0.0003579901051750928
wf2023,TS_K20,20230619,0.002827314670486852,0.0025436960657765602,0.00015603188501784652
wf2023,TS_K20,20230620,0.0022568946080248273,0.0016207151037004666,0.0004719418787977878
wf2023,TS_K20,20230621,0.0021879966709482147,0.002172833732575933,1.4739936420319591e-05
wf2023,TS_K20,20230626,0.001062065561454599,0.0006031270787804381,7.327603390006694e-05
wf2023,TS_K20,20230627,0.00018518017624534304,0.00023060381248123774,-0.0003585262613808697
wf2023,TS_K20,20230628,0.0035078153064719113,0.003548659960892967,0.00027125702796845135
wf2023,TS_K20,20230629,0.0011440823775648885,0.0010054473664745404,2.5797544673913997e-05
wf2023,TS_K20,20230630,-0.0011675028022470834,-0.0014948548779653847,-9.802611737723887e-05
wf2023,TS_K20,20230703,0.004424079744740291,0.004214127513999889,0.0003562532273177574
wf2023,TS_K20,20230704,-0.0002478616759532164,1.5184267953285762e-05,-0.00033923070072324846
wf2023,TS_K20,20230705,-0.001776406002736579,-0.0015799939221887549,-5.781302522934742e-05
wf2023,TS_K20,20230706,-0.002105705270780446,-0.0020391749859805844,-0.0004015625257639938
wf2023,TS_K20,20230707,0.0014805958004566095,0.0014805217141560531,4.156675503466901e-05
wf2023,TS_K20,20230710,0.002927471176308265,0.0029829418258091635,0.00020273578277900866
wf2023,TS_K20,20230711,-0.0007210424578729425,-0.0007421129298030453,-3.890144528909188e-05
wf2023,TS_K20,20230712,0.0006370784166227893,0.0010099999918642836,7.829591638748568e-06
wf2023,TS_K20,20230713,0.0010691061243008073,0.0014870455834109907,-0.00015524397161520732
wf2023,TS_K20,20230714,0.0007316643786853903,0.000530478459919012,-0.00011310878160207358
wf2023,TS_K20,20230717,0.0006436911825713126,0.00043516264115401725,-3.3738394193985025e-06
wf2023,TS_K20,20230718,-0.0037261986990170777,-0.0030164781254512947,-0.00037610981462129714
wf2023,TS_K20,20230719,-0.0026099476487477704,-0.0026939581128789195,-0.00016782998077925578
wf2023,TS_K20,20230720,-0.0018548698442247464,-0.0022278278539744917,-0.00012675655450424862
wf2023,TS_K20,20230721,0.0019990821350218202,0.001942288459200382,-0.00017581175041756506
wf2023,TS_K20,20230724,-0.00038818323434656327,-0.00057467309869073,0.0003858992215155642
wf2023,TS_K20,20230725,-0.0028933903030349244,-0.0027005476328026473,-0.0003517113624687657
wf2023,TS_K20,20230726,0.0019873348163065314,0.0018866883371408054,-8.683312260192896e-05
wf2023,TS_K20,20230727,-0.0011043855901021324,-0.0011006838595179413,-0.00015026745020235333
wf2023,TS_K20,20230728,-0.0020696824086310454,-0.0023044376739213253,-5.610684786526012e-05
wf2023,TS_K20,20230731,0.001582659558071486,0.0015192524883305594,-0.00024242643946560243
wf2023,TS_K20,20230801,0.0011247461667033218,0.0012347030317203917,-9.203341092409284e-05
wf2023,TS_K20,20230802,-0.0011746137013070369,-0.0010891079301058356,-9.870970620830904e-05
wf2023,TS_K20,20230803,0.0015335266296363794,0.001624119319669325,-0.0001791814658124889
wf2023,TS_K20,20230804,5.381694797718887e-05,0.0004538651892317506,-0.00035397313476650475
wf2023,TS_K20,20230807,-0.00010290301765855875,0.00013566015385119585,-3.443248224483255e-05
wf2023,TS_K20,20230808,-0.0009274197353220468,-0.000988860681499442,0.0003041023215438471
wf2023,TS_K20,20230809,-0.00032691293476688754,-0.0007347193196615969,0.0002816717036787222
wf2023,TS_K20,20230810,-0.001314255680836509,-0.0011164070094965494,-5.6060195534655e-05
wf2023,TS_K20,20230811,0.0005518931107072059,0.0009870235332253379,-0.00040711548093776004
wf2023,TS_K20,20230814,-0.0014930636441691549,-0.0015905740601574476,3.075833715094489e-05
wf2023,TS_K20,20230815,-0.0029502060383240197,-0.0027583131153754562,-8.21106633181711e-05
wf2023,TS_K20,20230816,0.0029494905325418846,0.0028485341643123344,5.4357226372594845e-05
wf2023,TS_K20,20230817,0.0004400707407368875,0.0007637954826848574,-0.00012003752838679821
wf2023,TS_K20,20230818,0.00017971372294417042,0.0006379918861905674,-0.0004877120053255825
wf2023,TS_K20,20230821,0.0018216074546084197,0.0014460408789327699,-7.218619268097904e-05
wf2023,TS_K20,20230822,-0.000683611270088303,-0.0006649145765419086,-0.0002500207260646394
wf2023,TS_K20,20230823,0.0011261287509651222,0.0005120130016979152,0.00048310972984742003
wf2023,TS_K20,20230824,-0.001065915770033607,-0.0012714551970748897,-7.440041838935871e-05
wf2023,TS_K20,20230825,-0.0025510713059189918,-0.0023848829857760537,-4.93886071254111e-05
wf2023,TS_K20,20230828,0.006802026960829377,0.006543282111402276,0.0005379805817084834
wf2023,TS_K20,20230829,0.0041615165434082035,0.003632363547079618,0.00044839066067456514
wf2023,TS_K20,20230830,0.0006553946043757145,0.0006707710361431121,6.35280849886173e-05
wf2023,TS_K20,20230831,0.0013188747389312745,0.00128027349793662,-0.00013597612478817564
wf2023,TS_K20,20230901,0.0007665006108810504,0.0006478001573254689,3.5064524595623684e-05
wf2023,TS_K20,20230904,0.003359110349232112,0.00297012278592953,0.000422246318960026
wf2023,TS_K20,20230905,0.0013686418699322025,0.001164336594283396,0.0002601256962571488
wf2023,TS_K20,20230906,0.0006524605796485415,0.0005454143264193609,-9.30291263849483e-05
wf2023,TS_K20,20230907,0.001762689760857487,0.00155115211279345,0.00029845754211256357
wf2023,TS_K20,20230908,0.002078549182392194,0.0018380218746775578,8.469565840756659e-05
wf2023,TS_K20,20230911,-0.0009143207540761453,-0.0009524200763533118,2.2029456531005886e-06
wf2023,TS_K20,20230912,-0.0028525491416951654,-0.0025695667120915686,-0.0002321988019568672
wf2023,TS_K20,20230913,0.0009075247531651377,0.0006190068782156182,8.506718253625925e-05
wf2023,TS_K20,20230914,0.00010801619174408746,-0.0003166180334910572,0.0003103192204918119
wf2023,TS_K20,20230915,0.00029163017947708963,0.00011823040927770709,0.00018324855323757061
wf2023,TS_K20,20230918,-0.0016238249909803267,-0.00140001758869019,-0.00015572280739575815
wf2023,TS_K20,20230919,-0.0006621707460551674,-0.0004997644759993922,-0.00014334266039108367
wf2023,TS_K20,20230920,0.0022509989409162413,0.002211772996839848,-0.00010816315652180996
wf2023,TS_K20,20230921,0.004711614976407354,0.0044361149389529324,0.00018392606596909247
wf2023,TS_K20,20230922,7.060867544070922e-05,0.00024775164448100225,-0.0001467207881684667
wf2023,TS_K20,20230925,0.0015077291100487455,0.0014225305617953836,0.00013135922909572408
wf2023,TS_K20,20230926,0.001982247177852753,0.0014305446131969224,0.0005312417500458622
wf2023,TS_K20,20230927,0.0015739760629911673,0.00131637363397389,0.00018197712820094074
wf2023,TS_K20,20230928,0.003697580810048978,0.0035892232649310726,4.7896204915198705e-06
wf2023,TS_K20,20231009,-0.0002596334022784523,-0.00032042331489803497,6.4917130279531035e-06
wf2023,TS_K20,20231010,-0.0001222860160903787,-0.00023346646338428276,0.00014514746487979916
wf2023,TS_K20,20231011,-0.0010381603494453006,-0.0014460877076426172,0.00031421808162672324
wf2023,TS_K20,20231012,0.0006271458898496757,0.0006827612399296351,-8.322526049643554e-05
wf2023,TS_K20,20231013,-0.0006224300599058695,-0.0003566560310434197,-0.0002533273932435633
wf2023,TS_K20,20231016,0.002296298111586617,0.0020823450149206864,0.00016938676274080478
wf2023,TS_K20,20231017,-0.002071120715560655,-0.0020871355649017083,-8.426074803638955e-05
wf2023,TS_K20,20231018,0.0010728653552135783,0.0007606130848911743,0.0003560396756516984
wf2023,TS_K20,20231019,-0.0006534618671524377,-0.0007204017814873261,7.222209167319799e-05
wf2023,TS_K20,20231020,-0.0029404417513206223,-0.0029346892620249346,-7.042934286671352e-05
wf2023,TS_K20,20231023,-0.0009024746634962375,-0.0010422201888711474,0.00011067848464057045
wf2023,TS_K20,20231024,-0.0024899250605057814,-0.0021374507007862367,-0.0001459236150548419
wf2023,TS_K20,20231025,0.0006945925095173831,0.0009543484494864729,-8.538236999022211e-05
wf2023,TS_K20,20231026,-0.0003521827761888436,-0.000715277453670943,0.0003971827765540546
wf2023,TS_K20,20231027,0.0029682961877963467,0.002672463500502362,0.00018582378963009078
wf2023,TS_K20,20231030,-0.003519038794894827,-0.003541562476897042,-2.592432052564943e-05
wf2023,TS_K20,20231031,0.0006349950680387792,0.0003098968147635186,0.00020330530075898066
wf2023,TS_K20,20231101,-0.0004075392626410705,-0.00043896729058558095,-4.5039917877404644e-05
wf2023,TS_K20,20231102,0.004192337878774915,0.003798311522458586,0.000311808155337945
wf2023,TS_K20,20231103,0.0015985760783061957,0.001459398600699767,9.832910642854553e-05
wf2023,TS_K20,20231106,0.002317574422013466,0.0023372268957204158,-3.657607082918477e-05
wf2023,TS_K20,20231107,-0.0005044707290214115,-0.0006449451161256476,0.0001048209437234218
wf2023,TS_K20,20231108,0.002029524625324032,0.001852717704690901,0.00010441400235582359
wf2023,TS_K20,20231109,0.00026045675363140495,0.00020374150790208797,0.00012562688753778734
wf2023,TS_K20,20231110,9.340177373101839e-05,5.7963517508245526e-05,4.866149606468217e-05
wf2023,TS_K20,20231113,0.0017084143006183819,0.001802886468066265,-0.0001705012597535488
wf2023,TS_K20,20231114,0.0014965448714175942,0.0012086617274706143,0.0002631775375737815
wf2023,TS_K20,20231115,-0.0022936679780950512,-0.0021920641076657913,-0.00014727271043071848
wf2023,TS_K20,20231116,0.0019377440776013923,0.0015961681304487796,0.0003073486833732394
wf2023,TS_K20,20231117,0.0015438722401606934,0.0015419088423615362,7.901147942334687e-05
wf2023,TS_K20,20231120,-0.0018735189896116966,-0.00195503667054829,4.4235577935165544e-05
wf2023,TS_K20,20231121,-0.003165728448929317,-0.003204877580872296,4.924621572670456e-05
wf2023,TS_K20,20231122,0.0029615503491433257,0.0025990091833902104,0.0003801050289646293
wf2023,TS_K20,20231123,-0.0014729684542787082,-0.0014967334990642195,-6.0868076770151814e-05
wf2023,TS_K20,20231124,0.003561621669555649,0.003457118454707804,5.43834368864788e-05
wf2023,TS_K20,20231127,0.001287405783235873,0.0009389253135150006,0.00034530395700169646
wf2023,TS_K20,20231128,0.0006386581751652749,0.0005263178514006167,8.866206655517034e-05
wf2023,TS_K20,20231129,-0.0008713554007628178,-0.0009377651197765077,-2.350161837149094e-05
wf2023,TS_K20,20231130,-0.00019864702741855499,-3.0052791112657293e-05,-0.00019553647031389187
wf2023,TS_K20,20231201,-0.0015523622599466168,-0.001456567081583324,-0.00010034106427830198
wf2023,TS_K20,20231204,-0.0030179219515002603,-0.003064655295956541,1.8545881672670764e-05
wf2023,TS_K20,20231205,0.0008417536932057365,0.00035297832916722483,0.0004604547699402787
wf2023,TS_K20,20231206,-0.00018401496743782617,-0.00021762756224438188,-1.378766043194311e-05
wf2023,TS_K20,20231207,0.004165423064148262,0.004462338323574842,-0.00028791767816504994
wf2023,TS_K20,20231208,-0.001349571005232553,-0.0012086444009681806,-0.00017536670278109375
wf2023,TS_K20,20231211,-0.001701979364563407,-0.0017013063153635646,-3.6040126185599405e-05
wf2023,TS_K20,20231212,-0.0016510063210369783,-0.0016984718146053942,4.027824618238898e-05
wf2023,TS_K20,20231213,-0.0014462183269390795,-0.0019173628035967448,0.0004017053979547228
wf2023,TS_K20,20231214,-9.10470716853403e-05,-0.00035787589412336634,0.00023772616753603133
wf2023,TS_K20,20231215,-0.0001933257080636401,3.1206273263581426e-05,-0.0002724535650491843
wf2023,TS_K20,20231218,0.0022791598757406686,0.0021994688948416548,0.00011946018133114292
wf2023,TS_K20,20231219,0.0002918539525489563,0.0002509765067332897,5.421254613683708e-05
wf2023,TS_K20,20231220,0.0015085468622554037,0.00122010573271572,0.0002474951455658397
wf2023,TS_K20,20231221,0.0014408855892941268,0.0010643393301009733,0.00041822559339020697
wf2023,TS_K20,20231222,0.004424799077987826,0.004508763163229761,-0.00023285400617532596
wf2023,TS_K20,20231225,-0.001724712888781843,-0.001617360079240628,-0.00010429822145383876
wf2023,TS_K20,20231226,0.0005043577300130938,0.0004447982853269498,6.142054843459204e-05
wf2023,TS_K20,20231227,0.005210114477813506,0.004389559150909838,0.000812284327087137
wf2023,TS_K20,20231228,0.002174862407913548,0.002108811237786371,2.5215968345880893e-05
wf2023,TS_K20,20231229,-0.0013339657379693142,-0.0016360830785914157,0.0003055305716946888
wf2023,TS_K25,20230103,-0.0018859511592296992,-0.001916752814719669,3.0801655489971017e-05
wf2023,TS_K25,20230104,0.003227005168017834,0.003369544549606779,-0.00014253938158894657
wf2023,TS_K25,20230105,0.00503849914633619,0.0047066750128349055,0.0003318241335012849
wf2023,TS_K25,20230106,0.0013670842512911148,0.0009808196861518141,0.00038626456513930123
wf2023,TS_K25,20230109,0.001059908725080629,0.0011965686772541964,-0.00013665995217356717
wf2023,TS_K25,20230110,-0.001457692746452988,-0.0015698333115056052,0.00011214056505261751
wf2023,TS_K25,20230111,0.005268058800743247,0.004430399373805162,0.0008376594269380864
wf2023,TS_K25,20230112,-0.0019238297928542967,-0.0028669928729145684,0.0009431630800602704
wf2023,TS_K25,20230113,0.0013057622115679977,0.0005144349264319837,0.0007913272851360135
wf2023,TS_K25,20230116,0.00325951456774727,0.0024342075173569805,0.0008253070503902895
wf2023,TS_K25,20230117,0.0034673295048022953,0.002719027615206146,0.000748301889596148
wf2023,TS_K25,20230118,0.0007295119011223204,-0.00037939623432123754,0.0011089081354435574
wf2023,TS_K25,20230119,0.0010273955661636441,0.001316291538418972,-0.0002888959722553236
wf2023,TS_K25,20230120,0.005030873847721041,0.00532012236654626,-0.00028924851882522056
wf2023,TS_K25,20230130,0.0034767911466831256,0.0031387274899821703,0.0003380636567009563
wf2023,TS_K25,20230131,0.001413964040082762,0.0013973073323403117,1.66567077424526e-05
wf2023,TS_K25,20230201,-0.00026397745202494903,-0.0005125231714543102,0.0002485457194293609
wf2023,TS_K25,20230202,0.0010621885662660715,0.0012565854752166943,-0.00019439690895062324
wf2023,TS_K25,20230203,0.0006078470431475462,0.0002414813603542437,0.000366365682793303
wf2023,TS_K25,20230206,0.003250212093372745,0.002409132061817707,0.0008410800315550408
wf2023,TS_K25,20230207,0.003540614791943851,0.0033038886658847185,0.0002367261260591319
wf2023,TS_K25,20230208,0.003074048052578618,0.002479043556789629,0.0005950044957889924
wf2023,TS_K25,20230209,-0.0020882793280972024,-0.0025275468006260215,0.0004392674725288195
wf2023,TS_K25,20230210,-0.0009548129343408852,-0.0006372464136711192,-0.000317566520669766
wf2023,TS_K25,20230213,0.0013014425288979776,0.00043325006127810763,0.0008681924676198702
wf2023,TS_K25,20230214,0.003560483490884415,0.0037167015005246545,-0.00015621800964023757
wf2023,TS_K25,20230215,-0.005816953479164,-0.005760692652713954,-5.6260826450049665e-05
wf2023,TS_K25,20230216,0.000336039994133259,-4.225719382730059e-05,0.0003782971879605604
wf2023,TS_K25,20230217,-0.0025711920281130014,-0.00283674616205311,0.0002655541339401111
wf2023,TS_K25,20230220,0.0014145780271182119,0.0007052095115862092,0.0007093685155320035
wf2023,TS_K25,20230221,0.0016011406166604458,0.0013846701465903763,0.00021647047007006937
wf2023,TS_K25,20230222,0.0019911647216169634,0.0016269661577886512,0.00036419856382831166
wf2023,TS_K25,20230223,0.001791865019429325,0.0011426312884963786,0.0006492337309329458
wf2023,TS_K25,20230224,0.0004581632763228389,0.00016353345151602544,0.00029462982480681424
wf2023,TS_K25,20230227,-0.0006749004148672074,-0.0003511157600946873,-0.0003237846547725231
wf2023,TS_K25,20230228,0.0002753225028072487,0.00047748514549765503,-0.0002021626426904082
wf2023,TS_K25,20230301,-0.0024422897368393437,-0.0025841462948692833,0.00014185655802994017
wf2023,TS_K25,20230302,-0.0014118880414897663,-0.001529691606678034,0.00011780356518826774
wf2023,TS_K25,20230303,0.0028216994779862916,0.002664944135579613,0.00015675534240667827
wf2023,TS_K25,20230306,-0.0028274828642498757,-0.0026067727194781097,-0.00022071014477177014
wf2023,TS_K25,20230307,0.002340059217696507,0.0024723016551915335,-0.00013224243749502726
wf2023,TS_K25,20230308,0.004224947116145263,0.0036336994951021062,0.0005912476210431567
wf2023,TS_K25,20230309,0.0006456097136187319,0.0003693180788368886,0.0002762916347818435
wf2023,TS_K25,20230310,-0.002130655488746436,-0.0017808920357675578,-0.000349763452978878
wf2023,TS_K25,20230313,-0.0018019091446636638,-0.0020209844230694367,0.0002190752784057711
wf2023,TS_K25,20230314,0.000696025352676443,0.0004460544671828933,0.000249970885493552
wf2023,TS_K25,20230315,-0.00032433257983810124,-4.6430765717084914e-05,-0.00027790181412102054
wf2023,TS_K25,20230316,-0.0009683828339794578,-0.0005244585416958917,-0.00044392429228356546
wf2023,TS_K25,20230317,0.00415468472248888,0.003967351883025226,0.00018733283946365513
wf2023,TS_K25,20230320,0.0030938222519677067,0.002588443565823369,0.0005053786861443408
wf2023,TS_K25,20230321,0.00016206331794546731,0.00018173919744218447,-1.9675879496717347e-05
wf2023,TS_K25,20230322,-0.002423274160076013,-0.00209260235639463,-0.00033067180368138326
wf2023,TS_K25,20230323,0.00048586426486409693,0.0008364987584976104,-0.00035063449363351325
wf2023,TS_K25,20230324,0.00016193066971333363,0.00041623267955450186,-0.0002543020098411688
wf2023,TS_K25,20230327,-0.0005939971235878506,-0.0012536034992175194,0.0006465693894630759
wf2023,TS_K25,20230328,0.002364673228185844,0.0022615219988749435,8.867142470939796e-05
wf2023,TS_K25,20230329,-0.00024281074078240632,-0.0009638181473157303,0.0007253050751959986
wf2023,TS_K25,20230330,-0.0006658629252800172,-0.00019407219734881957,-0.0004774329490593809
wf2023,TS_K25,20230331,-0.001326353898860713,-0.00046298098939442423,-0.0008823413482621234
wf2023,TS_K25,20230403,-0.004594973581106715,-0.004426412098065635,-0.0001700530984826847
wf2023,TS_K25,20230404,0.003115252435275643,0.0025283414092162762,0.0005948844312591688
wf2023,TS_K25,20230406,0.0017327190258881395,0.001866888429874747,-0.00013631733578912798
wf2023,TS_K25,20230407,0.0038694029157326504,0.0025388932079654456,0.0013370682964849846
wf2023,TS_K25,20230410,-0.0014441386327102177,-0.0009819278278707113,-0.00044866197534837937
wf2023,TS_K25,20230411,-8.082059314597038e-05,0.0005356736699085819,-0.0006216335969854609
wf2023,TS_K25,20230412,-0.0011174259304141,-0.0011300449432730727,1.6947371597838884e-05
wf2023,TS_K25,20230413,0.0027560941906372713,0.0024827579447253703,0.000295973533078174
wf2023,TS_K25,20230414,0.001429078270907098,0.0005676843804688714,0.0008613938904382252
wf2023,TS_K25,20230417,-0.002713718695692087,-0.002205648995478011,-0.0005080697002140745
wf2023,TS_K25,20230418,-0.00038794773367759397,7.491779037091507e-05,-0.0004628655240485095
wf2023,TS_K25,20230419,-0.0025096349430316313,-0.001326278599013842,-0.0011833563440177878
wf2023,TS_K25,20230420,-0.0026135739280362807,-0.003092124782768404,0.0004785508547321233
wf2023,TS_K25,20230421,0.002468429313687975,0.002666894530254576,-0.00019846521656660026
wf2023,TS_K25,20230424,-0.006056602087235047,-0.0053610607045828235,-0.0006955413826522265
wf2023,TS_K25,20230425,0.0032049030865896125,0.002260526620826893,0.0009443764657627192
wf2023,TS_K25,20230426,0.0014403882730622615,0.0009678876903585559,0.000472500582703705
wf2023,TS_K25,20230427,0.00043089221313713164,0.0007899212804906283,-0.00035902906735349265
wf2023,TS_K25,20230428,-0.002406775175988216,-0.0019137385967783445,-0.0004937008523497649
wf2023,TS_K25,20230504,-0.0013709993872268594,-0.0008084796945305727,-0.000535699673560053
wf2023,TS_K25,20230505,0.001187580681960695,0.0016510588593619052,-0.0004674800490845805
wf2023,TS_K25,20230508,-0.0022419324229735003,-0.001752771371941068,-0.0004856162507791239
wf2023,TS_K25,20230509,0.0059907947649240016,0.005566850190851947,0.00041827923014651
wf2023,TS_K25,20230510,0.0010785147412055753,0.0010702459707280943,1.0794869671073056e-05
wf2023,TS_K25,20230511,-0.00035039895477120657,-0.00032632847223674035,-2.360560756156855e-05
wf2023,TS_K25,20230512,0.004529930414257877,0.003914875072308355,0.000601984000463572
wf2023,TS_K25,20230515,0.0037730006813239464,0.003089772425946749,0.0006981497261522324
wf2023,TS_K25,20230516,0.005880535644322529,0.005621497634025646,0.0002625391640125231
wf2023,TS_K25,20230517,0.0029094985942689127,0.003277142688247806,-0.00036864531162186424
wf2023,TS_K25,20230518,0.004892861070890425,0.004210807772970807,0.0006811707844497717
wf2023,TS_K25,20230519,0.002924375942161432,0.0023976015238707645,0.0005184998278345322
wf2023,TS_K25,20230522,0.003040458718342965,0.0025404388666971883,0.0004974725271346882
wf2023,TS_K25,20230523,0.002681521816510388,0.0025555051736575714,0.00012601664285281672
wf2023,TS_K25,20230524,0.0030895488872878006,0.0030227312532860166,6.681763400178467e-05
wf2023,TS_K25,20230525,0.0006254547219312588,0.0010933794202492887,-0.0004679246983180285
wf2023,TS_K25,20230526,-0.0016125959616786105,-0.0010246081271266696,-0.0005879878345519428
wf2023,TS_K25,20230529,0.000717854711268593,0.001037568689107476,-0.0003197139778388828
wf2023,TS_K25,20230530,-0.0016752039619172144,-0.0012099264906402355,-0.00046527747127697886
wf2023,TS_K25,20230531,-0.0008197618029489912,-0.0005990195979465522,-0.00022074220500243946
wf2023,TS_K25,20230601,0.0010491295038665485,0.0006870077483306314,0.0003621217555359158
wf2023,TS_K25,20230602,0.0011923999474618262,0.0013895845655786056,-0.00019718461811677845
wf2023,TS_K25,20230605,-0.0032035385723653866,-0.0030181426486282736,-0.00018539592373711494
wf2023,TS_K25,20230606,-0.001581702721826215,-0.001667041645961577,8.533892413536074e-05
wf2023,TS_K25,20230607,-0.002769536435523535,-0.0027211377300527585,-4.839870547077702e-05
wf2023,TS_K25,20230608,0.0008328788863318651,0.000765501768473704,6.737711785816092e-05
wf2023,TS_K25,20230609,0.005036785712911072,0.004491222925659712,0.0005455627872513579
wf2023,TS_K25,20230612,0.0024627200221048616,0.0024529398149938817,9.780207110979169e-06
wf2023,TS_K25,20230613,-0.0004756116157910127,-0.00025907296589519705,-0.000216538649895816
wf2023,TS_K25,20230614,0.005196130568983613,0.004486768855323352,0.0007093617136602619
wf2023,TS_K25,20230615,0.0019135073735132352,0.001918069918298867,2.7898835323887964e-05
wf2023,TS_K25,20230616,0.0014582465897687766,0.0015567844107488849,-9.811643517747683e-05
wf2023,TS_K25,20230619,0.003035052730588882,0.0026984532577620725,0.0002090127531343638
wf2023,TS_K25,20230620,0.0023659996302822246,0.001888958365534983,0.0003128036392206696
wf2023,TS_K25,20230621,0.0025886764464812233,0.0028283714274841176,-0.00024011798295485556
wf2023,TS_K25,20230626,0.00166609289639651,0.0011825309314520836,9.789951617033601e-05
wf2023,TS_K25,20230627,-0.000600565089295217,-0.0004690153655055587,-0.0004446523489346341
wf2023,TS_K25,20230628,0.0035597308877644215,0.003558936199692932,0.0003128963704609987
wf2023,TS_K25,20230629,0.002799403043265831,0.0026454627465295295,4.110283031986867e-05
wf2023,TS_K25,20230630,-0.0018226263621587422,-0.002038198708099254,-0.00020980584715502888
wf2023,TS_K25,20230703,0.0043426988162678665,0.004079755005983542,0.0004092448068616817
wf2023,TS_K25,20230704,-0.0012453418361844538,-0.0008812404054429067,-0.00044028618755829313
wf2023,TS_K25,20230705,-0.0015547964881769444,-0.0013684943695458694,-4.7703063312598085e-05
wf2023,TS_K25,20230706,-0.002703977772172613,-0.0024935245933533755,-0.000545485419783371
wf2023,TS_K25,20230707,0.0010477559418538786,0.0010799989098882392,9.249700699752065e-06
wf2023,TS_K25,20230710,0.002489413981809018,0.0025232084773432763,0.00022441193674564784
wf2023,TS_K25,20230711,-0.0011347328855003166,-0.0010263774529745264,-0.00016832734974498508
wf2023,TS_K25,20230712,0.0007140173904797691,0.0011159206427813046,-2.1152085421292994e-05
wf2023,TS_K25,20230713,0.0014724333331911246,0.0018793616810615882,-0.00014423286037548705
wf2023,TS_K25,20230714,0.0005290403219512852,0.0003863861183748921,-0.0001716404967920589
wf2023,TS_K25,20230717,2.228659693714809e-05,-2.3124751047236248e-05,-0.00016649103285230944
wf2023,TS_K25,20230718,-0.003632874097413436,-0.002878960867298007,-0.0004203024711709437
wf2023,TS_K25,20230719,-0.00296747386634162,-0.00292150817783614,-0.0002978061334158849
wf2023,TS_K25,20230720,-0.0020880881128670825,-0.002240665159350412,-0.0003471375177706642
wf2023,TS_K25,20230721,0.0023868124053565043,0.0023430010711069102,-0.00018879409198940825
wf2023,TS_K25,20230724,-0.0005844663983694161,-0.0008077533548032324,0.0004226963136052119
wf2023,TS_K25,20230725,-0.003104422070516641,-0.0026901191301271807,-0.0005731716326259492
wf2023,TS_K25,20230726,0.001660976028047479,0.0016173366301553422,-0.00014384020387551814
wf2023,TS_K25,20230727,-0.001604326839975364,-0.0014339182193091446,-0.00031697434028438214
wf2023,TS_K25,20230728,-0.0012388675542478137,-0.0015082473395764144,-2.1482327826939106e-05
wf2023,TS_K25,20230731,0.0009782697729685324,0.0010405034842304085,-0.00036806722046840566
wf2023,TS_K25,20230801,0.001127963523903138,0.0011841761340184722,-3.8289156022357664e-05
wf2023,TS_K25,20230802,-0.0005267967799052558,-0.00037291821646726064,-0.0001670824984451029
wf2023,TS_K25,20230803,0.0021872938047259455,0.002137433104491727,-3.872807554532588e-05
wf2023,TS_K25,20230804,-0.0004033539556663676,-9.165044888668942e-05,-0.00026562840029162077
wf2023,TS_K25,20230807,-9.759732979647338e-05,0.00018213019965814036,-7.559684018969265e-05
wf2023,TS_K25,20230808,-0.0014497562146023445,-0.0014936668386381531,0.00028657199940226185
wf2023,TS_K25,20230809,-0.0003718457450043004,-0.0007096365357081867,0.0002116561094878989
wf2023,TS_K25,20230810,-0.0008417336503740193,-0.0006196236522598917,-8.0321522308823e-05
wf2023,TS_K25,20230811,0.0010423476214566872,0.0013825451696711168,-0.00031218260663405716
wf2023,TS_K25,20230814,-0.0023304860145734498,-0.0022705239126706066,-0.00012671418074019158
wf2023,TS_K25,20230815,-0.003077190705275753,-0.002765224080664827,-0.00020218436498053513
wf2023,TS_K25,20230816,0.0035282497355358933,0.0033238894471889014,0.0001577611464900355
wf2023,TS_K25,20230817,-0.0002463248763248521,0.0002097541293214554,-0.0002523917920851377
wf2023,TS_K25,20230818,0.0005429803736459651,0.0010218431599479686,-0.0005082966283811888
wf2023,TS_K25,20230821,0.002302332330963945,0.001792820070645626,6.175949196168817e-05
wf2023,TS_K25,20230822,-0.0013349579276792506,-0.0011830849651011594,-0.0003831969950963373
wf2023,TS_K25,20230823,0.0010389674411089267,0.00042207619744652307,0.0004858852242426163
wf2023,TS_K25,20230824,-0.0013656870386578798,-0.0015294563230547182,-0.00011617056103380499
wf2023,TS_K25,20230825,-0.0024638601683419567,-0.002285138366292896,-6.192208903153335e-05
wf2023,TS_K25,20230828,0.006699131372219627,0.00634906963709968,0.0006292974674013412
wf2023,TS_K25,20230829,0.0047254040574036945,0.0041384408586494295,0.0005062008631002476
wf2023,TS_K25,20230830,0.0006689780172098791,0.0007048351031291233,4.3047430836771366e-05
wf2023,TS_K25,20230831,-0.0006979351812732833,-0.000770583674185568,-0.00010192887287054564
wf2023,TS_K25,20230901,0.0005670556795004736,0.0003855528894046744,9.786686113584244e-05
wf2023,TS_K25,20230904,0.003335566076139304,0.0028562020146003,0.0005126228171964481
wf2023,TS_K25,20230905,0.0021859784231016556,0.0019499230524283114,0.0002918757912816871
wf2023,TS_K25,20230906,0.0012230933334146602,0.00119709279460608,-0.00017407484080554983
wf2023,TS_K25,20230907,0.0018627204352182722,0.0016298879881415252,0.0003197523411252729
wf2023,TS_K25,20230908,0.002008468154584747,0.0018444478332904422,8.18867198723445e-06
wf2023,TS_K25,20230911,-0.0001581474363413671,-0.00014560222736404832,-4.844158560138507e-05
wf2023,TS_K25,20230912,-0.002002871318451163,-0.0015905405271959847,-0.00036154716360844834
wf2023,TS_K25,20230913,0.0007098835117534509,0.0006090011178351507,-0.00010256829849495975
wf2023,TS_K25,20230914,0.000287964916432509,-6.598795375011203e-05,0.0002396378654392878
wf2023,TS_K25,20230915,-0.0007010563020875419,-0.0008925288067726225,0.00020132128772326602
wf2023,TS_K25,20230918,-0.0019728182051840185,-0.0015781657488514256,-0.0003265678614382151
wf2023,TS_K25,20230919,-0.0002491759328181074,-2.6909430683892666e-06,-0.00022742138008502574
wf2023,TS_K25,20230920,0.0021032760707998584,0.00204131005474734,-8.542308454568458e-05
wf2023,TS_K25,20230921,0.0043615972855161785,0.00391379297978409,0.0003562303342467577
wf2023,TS_K25,20230922,0.00025285411574545776,0.0003802686386359875,-9.699234201870204e-05
wf2023,TS_K25,20230925,0.0012544720978158643,0.00114004693319459,0.00016058584546363599
wf2023,TS_K25,20230926,0.0012404175927911293,0.0008415020812200843,0.00037845469696107644
wf2023,TS_K25,20230927,0.0025581093509046086,0.002153542301049905,0.0003289417490383675
wf2023,TS_K25,20230928,0.0031265092531669756,0.0028866921929422925,0.0001362491355982957
wf2023,TS_K25,20231009,0.0006602798875383156,0.0004575834271560471,0.00014839826079063957
wf2023,TS_K25,20231010,4.2917929326313125e-05,-0.00018504053730576488,0.0002619254842179728
wf2023,TS_K25,20231011,-0.0016452459387307633,-0.0018213720141518695,8.241679885051225e-05
wf2023,TS_K25,20231012,-0.0001981704483992701,-0.00020511345422395807,-2.0666904591788962e-05
wf2023,TS_K25,20231013,-0.000651851803119676,-0.0003019216846965383,-0.0003374834828042518
wf2023,TS_K25,20231016,0.0021946492000776098,0.0021489493700846836,1.1334960677999333e-06
wf2023,TS_K25,20231017,-0.0019038427659466388,-0.0018855194379456411,-0.00011859892537843529
wf2023,TS_K25,20231018,0.001727529993021771,0.00151281510707891,0.00025850229127215383
wf2023,TS_K25,20231019,-0.0007670459668702844,-0.0006008428708284066,-0.00016092091870356797
wf2023,TS_K25,20231020,-0.002072831809057891,-0.0020241379362334346,-0.00011337072639548362
wf2023,TS_K25,20231023,-0.0005596154550669141,-0.0008833108290154023,0.00029462833321415257
wf2023,TS_K25,20231024,-0.002922518123212838,-0.0025898835322488503,-0.00012608384629928492
wf2023,TS_K25,20231025,-0.0005870320659554511,-0.00027808978193460075,-0.0001345687140419829
wf2023,TS_K25,20231026,0.0006610418929031327,0.00046766242805466136,0.00022746756392042758
wf2023,TS_K25,20231027,0.00288029490507017,0.002339503978387574,0.00043078202901869727
wf2023,TS_K25,20231030,-0.0032535674770064354,-0.0031361874840317317,-0.0001658279955025688
wf2023,TS_K25,20231031,-1.2106113514445682e-05,-0.00027418261825694703,0.00014028355222622045
wf2023,TS_K25,20231101,-0.0006786254562268067,-0.0005898254378042661,-0.00016526796424445696
wf2023,TS_K25,20231102,0.004474960611034157,0.0038633559451274413,0.0005293864649283328
wf2023,TS_K25,20231103,0.0032190683691898057,0.0026963648982463095,0.00048185509976561406
wf2023,TS_K25,20231106,0.00300818876773171,0.002844316907760226,0.0001469482628492499
wf2023,TS_K25,20231107,0.00016083713617134248,-0.0001478040236533748,0.00027298771644390294
wf2023,TS_K25,20231108,0.0015442229091942117,0.001615214598607962,-0.00014338460769105853
wf2023,TS_K25,20231109,-0.00014271667017880393,-6.009102085457351e-05,-1.3714007515760703e-05
wf2023,TS_K25,20231110,9.548284087755252e-05,-6.658852617508773e-05,0.0001752946068945519
wf2023,TS_K25,20231113,0.0022120863477457014,0.002124006669476639,1.2050585963398349e-05
wf2023,TS_K25,20231114,0.0010740197216178218,0.0007594544846923222,0.00028985963055230043
wf2023,TS_K25,20231115,-0.0015807069495890709,-0.0014513982463852915,-0.00017497754320524062
wf2023,TS_K25,20231116,0.0023604426635295255,0.001974182541770268,0.0003520328579798848
wf2023,TS_K25,20231117,0.0011725093560154692,0.0010923139914533143,0.00015724344618634465
wf2023,TS_K25,20231120,-0.001843342674991139,-0.0017236249436202737,-0.00015699983437229226
wf2023,TS_K25,20231121,-0.0022190729825598172,-0.0020730431985770954,-0.00013593270019899922
wf2023,TS_K25,20231122,0.0028212856071866063,0.0024842020792612434,0.0003546473911368751
wf2023,TS_K25,20231123,-0.0019610638388739467,-0.0016394843968064302,-0.00040621256362318044
wf2023,TS_K25,20231124,0.002968905291657692,0.002814235904440324,0.00010454960925600192
wf2023,TS_K25,20231127,0.0013171758547272086,0.0009714067214786516,0.0003425926205293798
wf2023,TS_K25,20231128,-0.00042319081035475676,-0.0005033631286808118,5.6494061116567175e-05
wf2023,TS_K25,20231129,-0.0016217512030900546,-0.001561991697395143,-0.00014967084308009304
wf2023,TS_K25,20231130,0.0008778532777410928,0.0009115007187915023,-6.0589675058406146e-05
wf2023,TS_K25,20231201,-0.0016584982596715096,-0.0015749362550892857,-8.810789049723281e-05
wf2023,TS_K25,20231204,-0.0034931058936720043,-0.0033788037451970105,-0.0001424896112586055
wf2023,TS_K25,20231205,0.0007943246279322955,0.0003921799660326143,0.00037382406780144786
wf2023,TS_K25,20231206,0.00030343520351698485,0.0002945635959534361,-3.852864767494936e-05
wf2023,TS_K25,20231207,0.003523448154127455,0.003755164312987885,-0.0002227185775988989
wf2023,TS_K25,20231208,-0.0017633337582794954,-0.0017168404224670226,-8.093343432919432e-05
wf2023,TS_K25,20231211,-0.0013692067554493762,-0.0013388132653858477,-6.576056704928568e-05
wf2023,TS_K25,20231212,-0.0018657866107243837,-0.001869433721872261,-3.5401362381511146e-06
wf2023,TS_K25,20231213,-0.0009976917116362284,-0.0013451273750343885,0.0002779965846952179
wf2023,TS_K25,20231214,-0.0006523563268578344,-0.0009356453013617614,0.0002541863196019325
wf2023,TS_K25,20231215,-0.00043193868716374234,-0.000186593900277292,-0.00029326637060841004
wf2023,TS_K25,20231218,0.0019015502933827928,0.0017144415517109076,0.00022687794210401367
wf2023,TS_K25,20231219,0.00043457839309541703,0.0004707537520891395,-2.2840258672553936e-05
wf2023,TS_K25,20231220,0.0015953259363244258,0.0012783242461999794,0.0002760557061506016
wf2023,TS_K25,20231221,0.0001945093922802437,3.211170726616849e-05,0.00020407701921112866
wf2023,TS_K25,20231222,0.003434465044845319,0.003500687644636346,-0.00021511252072441812
wf2023,TS_K25,20231225,-0.0017779964712585621,-0.0015231309800061421,-0.0002518109031650466
wf2023,TS_K25,20231226,0.0008117264612175872,0.0007444265153504974,6.916104961553797e-05
wf2023,TS_K25,20231227,0.005854739821857781,0.004976679272740094,0.0008697895493011571
wf2023,TS_K25,20231228,0.0026148564524370015,0.002345366266708773,0.0002286549839469318
wf2023,TS_K25,20231229,-0.0011046835657709385,-0.0012395196411551256,0.0001382493064567737
wf2023,TS_K30,20230103,-0.001957077401170854,-0.0018891944309125097,-6.788297025834392e-05
wf2023,TS_K30,20230104,0.0031542732022644647,0.0030871937503918773,6.707945187258697e-05
wf2023,TS_K30,20230105,0.004989687953999837,0.004617181216024548,0.0003725067379752896
wf2023,TS_K30,20230106,0.0021397505536709435,0.0017358208462518894,0.00040392970741905565
wf2023,TS_K30,20230109,0.0006298558677267894,0.0006536329053321565,-2.377703760536648e-05
wf2023,TS_K30,20230110,-0.0016727936250049338,-0.0017166716931552965,4.387806815036124e-05
wf2023,TS_K30,20230111,0.0052097187956855525,0.004433554426322347,0.0007761643693632042
wf2023,TS_K30,20230112,-0.0019847114463380226,-0.0027719086102165075,0.0007871971638784834
wf2023,TS_K30,20230113,0.0007577425523889909,6.287719435374577e-05,0.0006948653580352451
wf2023,TS_K30,20230116,0.003066623503582932,0.002383185615923441,0.0006834378876594914
wf2023,TS_K30,20230117,0.002892007360802737,0.0022975354749716595,0.0005944718858310748
wf2023,TS_K30,20230118,0.0008157926396116953,-9.697361365614289e-05,0.0009127662532678381
wf2023,TS_K30,20230119,0.0009194775310072227,0.0011573421033439137,-0.00023786457233669164
wf2023,TS_K30,20230120,0.004805317743627861,0.004979236262623296,-0.00017391851899543692
wf2023,TS_K30,20230130,0.0034999012546797206,0.0032513930352636384,0.0002485082194160831
wf2023,TS_K30,20230131,0.0014164267033635863,0.0013667245762037025,4.9702127159882036e-05
wf2023,TS_K30,20230201,0.00037910655506166735,5.601875280355302e-05,0.00032308780225811395
wf2023,TS_K30,20230202,0.0012253995660151443,0.0014041350736831955,-0.00017873550766805155
wf2023,TS_K30,20230203,0.000796875426321844,0.0005487746710334154,0.0002481007552884288
wf2023,TS_K30,20230206,0.00287655768854879,0.002089665485394004,0.0007868922031547847
wf2023,TS_K30,20230207,0.00418506759941862,0.003982659186156198,0.0002024084132624225
wf2023,TS_K30,20230208,0.002506993927422452,0.0018695273676797362,0.0006374665597427172
wf2023,TS_K30,20230209,-0.002046114429267706,-0.0023276842694643723,0.00028156984019666676
wf2023,TS_K30,20230210,-0.001028719195692477,-0.0008590674378271671,-0.00016965175786531084
wf2023,TS_K30,20230213,0.0012661494522314771,0.0005228622276344968,0.0007432872245969806
wf2023,TS_K30,20230214,0.003503873970820528,0.003595409827442998,-9.153585662247121e-05
wf2023,TS_K30,20230215,-0.0056987653101428885,-0.005505687917806017,-0.00019307739233687145
wf2023,TS_K30,20230216,0.00024230777422143976,0.000129580176169559,0.00011272759805188103
wf2023,TS_K30,20230217,-0.002189990440502129,-0.002468294095226153,0.0002783036547240228
wf2023,TS_K30,20230220,0.0017725488475339862,0.001158699018793745,0.0006138498287402414
wf2023,TS_K30,20230221,0.0018381323577761348,0.0016124537822148814,0.00022567857556125354
wf2023,TS_K30,20230222,0.0021595703753716695,0.0019321106598479076,0.0002274597155237614
wf2023,TS_K30,20230223,0.0015122211266437452,0.0009086315702939828,0.0006035895563497627
wf2023,TS_K30,20230224,0.0008552368988152034,0.0006584261247746668,0.00019681077404053578
wf2023,TS_K30,20230227,-0.0001946947815474557,7.588667177530276e-05,-0.00027058145332276164
wf2023,TS_K30,20230228,7.108251696986978e-05,0.00020618491154799116,-0.00013510239457812298
wf2023,TS_K30,20230301,-0.002787487053055032,-0.002708604296440501,-7.888275661453124e-05
wf2023,TS_K30,20230302,-0.002168996197001425,-0.0021391991966536635,-2.9797000347762414e-05
wf2023,TS_K30,20230303,0.0031771175480362927,0.002978029954843482,0.00019908759319281103
wf2023,TS_K30,20230306,-0.003078540850744285,-0.002628532551797858,-0.0004500082989464268
wf2023,TS_K30,20230307,0.0025659842355252108,0.0025812028420692614,-1.521860654405145e-05
wf2023,TS_K30,20230308,0.0035297133301870473,0.003107410047312719,0.00042230328287432884
wf2023,TS_K30,20230309,0.00029844193271835046,7.932939528482401e-05,0.00021911253743352554
wf2023,TS_K30,20230310,-0.001710347359743342,-0.0015211321803251909,-0.00018921517941815087
wf2023,TS_K30,20230313,-0.001930735077350641,-0.0021341592780596504,0.00020342420070901184
wf2023,TS_K30,20230314,0.0009897030616809067,0.001006465751636806,-1.676268995589843e-05
wf2023,TS_K30,20230315,-0.0005004128000572518,-0.0001215839190442075,-0.00037882888101305027
wf2023,TS_K30,20230316,-0.00039953907687985315,-7.647511305761536e-05,-0.0003230639638222356
wf2023,TS_K30,20230317,0.0033725383567672646,0.0032306364210503056,0.00014190193571695864
wf2023,TS_K30,20230320,0.002490258475354192,0.0018543808507078467,0.0006358776246463449
wf2023,TS_K30,20230321,-0.00039196129337519883,-0.0003105354210182087,-8.142587235698966e-05
wf2023,TS_K30,20230322,-0.002404051707296088,-0.0021536304522059174,-0.0002504212550901705
wf2023,TS_K30,20230323,-0.0004130780520709219,-0.00014251467177095874,-0.0002705633802999632
wf2023,TS_K30,20230324,0.0007934840633873234,0.0009176946220590079,-0.0001242105586716843
wf2023,TS_K30,20230327,-7.173294493955772e-05,-0.0005497749529494675,0.0004650050218433174
wf2023,TS_K30,20230328,0.002134155999296816,0.001987821091942777,0.00013185510275253603
wf2023,TS_K30,20230329,0.00026814525732645226,-0.0003569056860371309,0.0006293486120262574
wf2023,TS_K30,20230330,-0.0005112238297490541,-0.00016644779105944035,-0.0003504182598177959
wf2023,TS_K30,20230331,-0.001774777864178777,-0.0011088702508218885,-0.0006848760521527224
wf2023,TS_K30,20230403,-0.004105542378756219,-0.0039203909689061005,-0.00018664302529172185
wf2023,TS_K30,20230404,0.002394440466278425,0.0018929058196526856,0.0005095080518255414
wf2023,TS_K30,20230406,0.002139785293222292,0.0022891139394435236,-0.00015147657802375077
wf2023,TS_K30,20230407,0.0042569178165657254,0.0030017693653391466,0.0012617070399443574
wf2023,TS_K30,20230410,-0.0025851443540020214,-0.0022921213925401578,-0.00027947413197073636
wf2023,TS_K30,20230411,-0.0007224715987972684,-0.00028853161498311805,-0.0004390793177450598
wf2023,TS_K30,20230412,-0.000446813554298822,-0.00039071686378644205,-5.176833177351431e-05
wf2023,TS_K30,20230413,0.002059806743467659,0.0018474071426924556,0.00023503688794147758
wf2023,TS_K30,20230414,0.002067803513344687,0.0014458814320084414,0.0006219220813362442
wf2023,TS_K30,20230417,-0.001903721196529453,-0.001531140626926481,-0.00037258056960297125
wf2023,TS_K30,20230418,-0.0006482100218009141,-0.00029607180424454094,-0.0003521382175563723
wf2023,TS_K30,20230419,-0.002354137345383793,-0.0016051597968857099,-0.0007489775484980823
wf2023,TS_K30,20230420,-0.0024339243476187954,-0.002470012219705646,3.608787208684856e-05
wf2023,TS_K30,20230421,0.0031741771350542584,0.0033496079528978883,-0.00017543081784363062
wf2023,TS_K30,20230424,-0.00531166924919093,-0.004550461264002985,-0.0007612079851879466
wf2023,TS_K30,20230425,0.0034637368774930438,0.0026122269511910877,0.0008515099263019593
wf2023,TS_K30,20230426,0.001880778867555672,0.0016009805343457529,0.00027979833320991934
wf2023,TS_K30,20230427,0.00016674391735586186,0.0003323844339941777,-0.00016564051663831505
wf2023,TS_K30,20230428,-0.0028353096880218854,-0.0023190915681271136,-0.0005168823930346654
wf2023,TS_K30,20230504,-0.001419209193863187,-0.0008819156224636225,-0.0005104735522633319
wf2023,TS_K30,20230505,0.0014994163251229363,0.001955200634609442,-0.0004597861811698759
wf2023,TS_K30,20230508,-0.002355992419096951,-0.00173877581530033,-0.0006136718035433114
wf2023,TS_K30,20230509,0.005993645196182415,0.005595781953011588,0.000392197899245281
wf2023,TS_K30,20230510,0.0009209025824584655,0.0009228755003964201,5.531812556373977e-07
wf2023,TS_K30,20230511,5.562541637460505e-05,0.00011422560852580293,-5.813531717829888e-05
wf2023,TS_K30,20230512,0.004850384921703597,0.004298131817397969,0.0005391817628196794
wf2023,TS_K30,20230515,0.004500793998487308,0.003926739207719322,0.0005889762615430219
wf2023,TS_K30,20230516,0.004921980052621436,0.004629445144124818,0.00029603606221225733
wf2023,TS_K30,20230517,0.0037119998259203075,0.003727125625035135,-1.6127016757799307e-05
wf2023,TS_K30,20230518,0.0052338512262248005,0.0046258151286687095,0.0006071535840862447
wf2023,TS_K30,20230519,0.0024270446769814776,0.002096631432556933,0.0003221386539684095
wf2023,TS_K30,20230522,0.0032829908739885625,0.0030223407552011443,0.0002581027942763287
wf2023,TS_K30,20230523,0.0030666982311116217,0.0027675624655278228,0.00029913576558379836
wf2023,TS_K30,20230524,0.002341114099953613,0.00230166945915704,3.94446407965725e-05
wf2023,TS_K30,20230525,0.0002702007042177986,0.00042448860481141004,-0.00015428790059360977
wf2023,TS_K30,20230526,-0.0018748753540356478,-0.0014803896384344938,-0.0003944857156011544
wf2023,TS_K30,20230529,0.0008598626987847699,0.0010002353707281755,-0.00014037267194340464
wf2023,TS_K30,20230530,-0.001618610466476972,-0.001244367737631088,-0.00037424272884588404
wf2023,TS_K30,20230531,-5.3171151020727035e-05,1.2435126240502954e-05,-6.56062772612305e-05
wf2023,TS_K30,20230601,0.0016221410181967554,0.0013051653845019056,0.00031697563369484957
wf2023,TS_K30,20230602,0.0006151213396240829,0.0008289963471127818,-0.00021387500748869644
wf2023,TS_K30,20230605,-0.003609941065659091,-0.003414314266782836,-0.00019562679887625458
wf2023,TS_K30,20230606,-0.0019299646869064334,-0.0020343102459563474,0.00010434555904991394
wf2023,TS_K30,20230607,-0.003336998339577334,-0.003150247648185822,-0.00018675069139151106
wf2023,TS_K30,20230608,0.0011441081316181344,0.0010590132470670115,8.509488455112361e-05
wf2023,TS_K30,20230609,0.004606332931832453,0.004104184838823939,0.0005021480930085132
wf2023,TS_K30,20230612,0.0018070914138739983,0.001804332784572855,2.758629301142395e-06
wf2023,TS_K30,20230613,0.00010813222145949564,0.0003184167110268097,-0.00021028448956731375
wf2023,TS_K30,20230614,0.004846873613652603,0.004174119920995185,0.0006727536926574161
wf2023,TS_K30,20230615,0.001440099290964285,0.0013709046890251003,0.00010165598204870443
wf2023,TS_K30,20230616,0.00149708752031022,0.0014117770046263491,8.573190148650266e-05
wf2023,TS_K30,20230619,0.0038919413886589318,0.003519373933326296,0.00024498073564019145
wf2023,TS_K30,20230620,0.0011181942270510874,0.0010527049369072063,-9.874833538268957e-05
wf2023,TS_K30,20230621,0.001759364169902338,0.0023273894518954443,-0.0005684482839450663
wf2023,TS_K30,20230626,0.00162827951759641,0.0012125903187460588,3.002675007626316e-05
wf2023,TS_K30,20230627,-0.0007249989012508033,-0.0003358027471868397,-0.0007022987792089398
wf2023,TS_K30,20230628,0.00401369769585146,0.0038841224677524516,0.0004416769104885163
wf2023,TS_K30,20230629,0.002555150567879177,0.0024848328910564567,-4.251978959371252e-05
wf2023,TS_K30,20230630,-0.0023722805825226716,-0.002422551803988505,-0.00037510697162970833
wf2023,TS_K30,20230703,0.0044204807129803025,0.004132029783224334,0.0004347519263333242
wf2023,TS_K30,20230704,-0.001494665831996136,-0.0008996262809623909,-0.0006712243078504908
wf2023,TS_K30,20230705,-0.0016875711192834721,-0.0015871563873985953,3.818432343360045e-05
wf2023,TS_K30,20230706,-0.0027100099149735494,-0.0023126168083906213,-0.0007324253475470591
wf2023,TS_K30,20230707,0.0008674870875504724,0.0010028531846746232,-9.387342839003827e-05
wf2023,TS_K30,20230710,0.0025790218041758387,0.002663207645278949,0.00017402059117679466
wf2023,TS_K30,20230711,-0.0013962387388040814,-0.00106432043768021,-0.00039189021834306844
wf2023,TS_K30,20230712,0.0007924247492508869,0.0010234618587047855,0.00014971405742634586
wf2023,TS_K30,20230713,0.0010039469087106323,0.0012640081973977735,2.6341988078350463e-06
wf2023,TS_K30,20230714,0.001480594122784549,0.0014297110188686206,-0.00026341159645252367
wf2023,TS_K30,20230717,-0.000882341877365784,-0.0006313111633234708,-0.0004629330948790069
wf2023,TS_K30,20230718,-0.004066994556787077,-0.0032941357291377425,-0.0004392480687048503
wf2023,TS_K30,20230719,-0.0034433579428295325,-0.003171588613617555,-0.0005236097741223815
wf2023,TS_K30,20230720,-0.002191424882789629,-0.002056640479569388,-0.0006344989674742336
wf2023,TS_K30,20230721,0.0025097779505933353,0.0023976326380026804,-0.0001204601136483483
wf2023,TS_K30,20230724,-0.0011105041486765138,-0.0011393744740198618,0.00022827968251474667
wf2023,TS_K30,20230725,-0.004580062903117732,-0.003778476816788784,-0.0009604547785654371
wf2023,TS_K30,20230726,0.0017080595723045593,0.0017822328339110124,-0.0002616528633741081
wf2023,TS_K30,20230727,-0.0006718781142312589,-0.0003759296527621163,-0.0004425141810873051
wf2023,TS_K30,20230728,-0.0015139583615485794,-0.0018508238884154264,4.600341371130766e-05
wf2023,TS_K30,20230731,0.000771508316336805,0.0007962635105428404,-0.0003305887034125648
wf2023,TS_K30,20230801,0.0006306954977026095,0.0006431055908634746,5.513360932112031e-06
wf2023,TS_K30,20230802,0.00012795688261870981,0.00024428838380095494,-0.0001295354361893526
wf2023,TS_K30,20230803,0.0028676755106186906,0.0026098588436654496,0.0001692278911736971
wf2023,TS_K30,20230804,-0.0011675424107963515,-0.001041811994405056,-7.965530990323874e-05
wf2023,TS_K30,20230807,9.081639559787007e-05,0.0003868952276073759,-9.194814274458466e-05
wf2023,TS_K30,20230808,-0.0009945162091533535,-0.0008753173064103945,0.0001234624726234918
wf2023,TS_K30,20230809,-0.0006211973035812109,-0.0008384834334671862,9.115144866998765e-05
wf2023,TS_K30,20230810,-0.0006368034291054682,-0.00035945667448764924,-0.00013555827881251586
wf2023,TS_K30,20230811,0.0006748485712350224,0.0008247398321963762,-0.00012187631938098234
wf2023,TS_K30,20230814,-0.0018305027994362606,-0.00169703128030277,-0.00020022359797083962
wf2023,TS_K30,20230815,-0.003075080585420163,-0.0027018872271157407,-0.00026341109867402795
wf2023,TS_K30,20230816,0.003144486740951191,0.002890152636950538,0.00020773496214369908
wf2023,TS_K30,20230817,-0.00089369866028308,-0.00031986015304270903,-0.0003701512936791988
wf2023,TS_K30,20230818,-4.806409060211132e-05,0.00029050813755644023,-0.000368006070237737
wf2023,TS_K30,20230821,0.0022545381195063483,0.0014388389427720237,0.0003679464083776953
wf2023,TS_K30,20230822,-0.0015289991294895472,-0.0012609132999478675,-0.000499409862059926
wf2023,TS_K30,20230823,0.00279923009949637,0.0022733442382305447,0.00039487984184603835
wf2023,TS_K30,20230824,-0.0014116701015339482,-0.0013041221291262837,-0.0003874878178383033
wf2023,TS_K30,20230825,-0.0018753804029174662,-0.001573260368917634,-0.00018532032098230667
wf2023,TS_K30,20230828,0.006899287384238471,0.006148210348579832,0.0010303127679400228
wf2023,TS_K30,20230829,0.005511455343137663,0.004758183308018856,0.0006725096994647869
wf2023,TS_K30,20230830,0.001760605999117355,0.001801247774694016,3.826274117935389e-05
wf2023,TS_K30,20230831,-0.0014005939106750314,-0.001440247226820058,-0.00013492404963780336
wf2023,TS_K30,20230901,-0.0005152639932075893,-0.0006571984536881085,5.829853152056221e-05
wf2023,TS_K30,20230904,0.00372273524456152,0.003371967282482913,0.0003840267177360501
wf2023,TS_K30,20230905,0.0020568089349576415,0.0018273598835088756,0.00028526947205710824
wf2023,TS_K30,20230906,0.0004956852572609773,0.0004776674058080393,-0.0001820575281611928
wf2023,TS_K30,20230907,0.0024489006330614075,0.0022568045961070485,0.0002790159310028854
wf2023,TS_K30,20230908,0.0025742805140541378,0.002460692789089327,-4.2243924342258295e-05
wf2023,TS_K30,20230911,0.0008735517037797519,0.000933760683360823,-9.610535620513738e-05
wf2023,TS_K30,20230912,-0.0024875197825103765,-0.002040281603784476,-0.0003964545510791715
wf2023,TS_K30,20230913,0.0002817059413453152,0.00028354828689154866,-0.000205293037959493
wf2023,TS_K30,20230914,0.0005556310058941088,0.00033936508786944653,0.00010195091328132925
wf2023,TS_K30,20230915,-0.0004324120573024736,-0.0006448468156365048,0.00022228354137221739
wf2023,TS_K30,20230918,-0.001697521920454352,-0.0012018978197579958,-0.0004275395058019777
wf2023,TS_K30,20230919,0.0001713180712839303,0.0004585453540619291,-0.0002681636731133071
wf2023,TS_K30,20230920,0.0019975422165759453,0.0018972662612034502,-4.711314522570878e-05
wf2023,TS_K30,20230921,0.0045567018732709345,0.003972265344544521,0.0004928625572410842
wf2023,TS_K30,20230922,0.0005563374418944686,0.0006758527701497424,-8.90931473834471e-05
wf2023,TS_K30,20230925,0.0016889364430387422,0.0015651165847967718,0.00016998053908433297
wf2023,TS_K30,20230926,0.0024149172557116783,0.002073730766709865,0.00032072567439184467
wf2023,TS_K30,20230927,0.0017166230882234724,0.0012611863790316982,0.000379811408375436
wf2023,TS_K30,20230928,0.0037986914549570676,0.0035129696776654627,0.00018215385266521911
wf2023,TS_K30,20231009,0.00018749113759126187,-0.00011323993771790089,0.0002464328757175331
wf2023,TS_K30,20231010,0.0008969589189345057,0.0006337401214606442,0.0002971858150597563
wf2023,TS_K30,20231011,-0.0020528098484857075,-0.0021740833492210885,2.7564224164786907e-05
wf2023,TS_K30,20231012,-0.000365649294519846,-0.00040154309025007464,8.283885313752133e-06
wf2023,TS_K30,20231013,-0.0006132278961657293,-0.0002532163047471122,-0.00034756495579973094
wf2023,TS_K30,20231016,0.0016051992814956524,0.0016158121118597497,-5.5179164289222995e-05
wf2023,TS_K30,20231017,-0.0013850203450317504,-0.001382399313032276,-0.00010289662937691483
wf2023,TS_K30,20231018,0.0011294180251366307,0.0009345125913513822,0.00023869283911454086
wf2023,TS_K30,20231019,-0.0019326656473394495,-0.001687301126749316,-0.00024008234325182466
wf2023,TS_K30,20231020,-0.001936333096652143,-0.0019382871104450148,-6.272283977815652e-05
wf2023,TS_K30,20231023,-0.002179672992253086,-0.002533042684713591,0.00032430265172616934
wf2023,TS_K30,20231024,-0.0026868866583542733,-0.002397786975801285,-8.254893788828767e-05
wf2023,TS_K30,20231025,0.0017644584229871787,0.0020808026225520616,-0.00014197062958601456
wf2023,TS_K30,20231026,0.0010296198893161718,0.0009555087293525254,0.00010819925903560271
wf2023,TS_K30,20231027,0.0034899789783301716,0.0028126027146855035,0.0005673673659807697
wf2023,TS_K30,20231030,-0.0014983385324151672,-0.0012927483598363326,-0.00025403817510669823
wf2023,TS_K30,20231031,-9.297760324719889e-05,-0.0002760194360720658,6.124888030858672e-05
wf2023,TS_K30,20231101,-0.0007321973297804707,-0.0005688584160491375,-0.00023980685955324928
wf2023,TS_K30,20231102,0.004672838841523492,0.00395998096816474,0.0006306396723803684
wf2023,TS_K30,20231103,0.003453269113047993,0.00262752800866857,0.0007848927332015383
wf2023,TS_K30,20231106,0.0024201607939125912,0.0020058183231116957,0.0003974188736786586
wf2023,TS_K30,20231107,0.0005712936567232856,0.00016651234153554828,0.0003691278718069225
wf2023,TS_K30,20231108,0.0011300425670855126,0.0013734228015481373,-0.000315773152739932
wf2023,TS_K30,20231109,4.2251181509044434e-05,0.00024750087798112525,-0.00013633805466361083
wf2023,TS_K30,20231110,0.0006051912434908886,0.0003515489958157906,0.00026686548751700764
wf2023,TS_K30,20231113,0.0017117026042370153,0.0014503010699053515,0.0001853724420259994
wf2023,TS_K30,20231114,0.0005947108454404928,0.0003192647170447474,0.0002507405220225474
wf2023,TS_K30,20231115,-0.0018121916623227681,-0.0017102192046651572,-0.0001476412976590703
wf2023,TS_K30,20231116,0.0030765179498006053,0.002713579353953298,0.00032871133206793535
wf2023,TS_K30,20231117,0.0007190382690050231,0.0005741518802893579,0.000221934470339855
wf2023,TS_K30,20231120,-0.002664787202788366,-0.00237596714806147,-0.0003261021577283235
wf2023,TS_K30,20231121,-0.0018775194143393938,-0.0015479561967934874,-0.0003194661337621829
wf2023,TS_K30,20231122,0.002389033277442715,0.002124637206068419,0.00028195993458581073
wf2023,TS_K30,20231123,-0.0019563226646397737,-0.0013742444852798807,-0.0006667113009155562
wf2023,TS_K30,20231124,0.0033603737835729416,0.0031096151901763135,0.00020063881543526098
wf2023,TS_K30,20231127,0.001390355055494146,0.001095427293588309,0.00029175124918666136
wf2023,TS_K30,20231128,0.00018602745545400964,0.00015609270209407625,6.256496150445939e-06
wf2023,TS_K30,20231129,-0.002080345331903568,-0.0019296108483838875,-0.00024064582090486023
wf2023,TS_K30,20231130,0.001317548103991784,0.0011112441305851952,0.0001793617393985913
wf2023,TS_K30,20231201,-0.002036078676797396,-0.0019320495102000833,-0.00010857505251232176
wf2023,TS_K30,20231204,-0.003849251075516171,-0.0034967425576986452,-0.00038069598060113747
wf2023,TS_K30,20231205,0.0003005145753962749,5.5811996739027155e-05,0.0002163819845590154
wf2023,TS_K30,20231206,0.0009323407182007725,0.0009527867750715157,-6.784631210924092e-05
wf2023,TS_K30,20231207,0.003964095340527468,0.004107327024932789,-0.00013423410314379025
wf2023,TS_K30,20231208,-0.0003111316692909205,-0.0004305459175663937,8.497414975875213e-05
wf2023,TS_K30,20231211,-0.0018522910227914426,-0.001816235797834528,-7.142230194267163e-05
wf2023,TS_K30,20231212,-0.0013238351095291347,-0.00123432396768834,-9.669838922682315e-05
wf2023,TS_K30,20231213,-0.00108564355676339,-0.0010968657595454704,-5.8216875920862304e-05
wf2023,TS_K30,20231214,-0.0012359406081807367,-0.0014599568657176385,0.00019491360263490802
wf2023,TS_K30,20231215,-0.00014441284215660488,0.00012490293777042867,-0.0003172373636489954
wf2023,TS_K30,20231218,0.001940160655271953,0.001676025634007406,0.0003039042216966758
wf2023,TS_K30,20231219,9.121822747351453e-05,0.00031872407171283326,-0.00021417074391814921
wf2023,TS_K30,20231220,0.0007949663582206175,0.0005519930822697563,0.00020202729197701816
wf2023,TS_K30,20231221,-8.502214506196128e-05,0.00022496436706657478,-0.0002683071779314831
wf2023,TS_K30,20231222,0.003541599172751751,0.0034859766385553215,-9.326738673696172e-05
wf2023,TS_K30,20231225,-0.00266563008426309,-0.0022154735739156528,-0.0004471019222600638
wf2023,TS_K30,20231226,0.0013999792406308807,0.0013383862006235447,6.345414375578454e-05
wf2023,TS_K30,20231227,0.004033881317332375,0.003439859363110085,0.0005857509544057556
wf2023,TS_K30,20231228,0.0035577242301703445,0.0029248654954175065,0.0005920235329715415
wf2023,TS_K30,20231229,-0.0014474316779699294,-0.0011024120987598244,-0.0003416063481375184
wf2023,TS_K40,20230103,-0.0028010286322203556,-0.002578373143813802,-0.00022265548840655239
wf2023,TS_K40,20230104,0.003436816020207123,0.0031073498824616044,0.00032946613774551865
wf2023,TS_K40,20230105,0.004190494279033828,0.0038321670739089563,0.0003583272051248715
wf2023,TS_K40,20230106,0.0022377325961059086,0.0018177680122102844,0.000419964583895626
wf2023,TS_K40,20230109,0.0007925758715281212,0.0006467141364118321,0.00014586173511628979
wf2023,TS_K40,20230110,-0.0019027410368068903,-0.001823310560245348,-7.943047656154228e-05
wf2023,TS_K40,20230111,0.004860396644625448,0.0042767149065349765,0.0005836817380904726
wf2023,TS_K40,20230112,-0.001981813824013277,-0.002382095842599396,0.00040028201858611763
wf2023,TS_K40,20230113,0.0006858778022247325,0.00021752201517289066,0.00046835578705184123
wf2023,TS_K40,20230116,0.00239225310496561,0.001933817931023018,0.000458435173942592
wf2023,TS_K40,20230117,0.0024857129755909814,0.0021702729617422206,0.00031544001384875987
wf2023,TS_K40,20230118,0.00010956680624788807,-0.0004220259471801749,0.0005315927534280618
wf2023,TS_K40,20230119,0.0007530832313519826,0.000872287408769524,-0.00011920417741754141
wf2023,TS_K40,20230120,0.006206912532107305,0.00611241753157819,9.449500052911901e-05
wf2023,TS_K40,20230130,0.004219242240678029,0.004200850816055457,1.8391424622573574e-05
wf2023,TS_K40,20230131,0.0009039239478616564,0.0007700140637033359,0.0001339098841583185
wf2023,TS_K40,20230201,-0.00019832539290036118,-0.0006327083367051191,0.00043438294380475796
wf2023,TS_K40,20230202,0.0013855685077914482,0.001532170185100619,-0.00014660167730917083
wf2023,TS_K40,20230203,-0.00021984458487637852,-0.0002662827992875674,4.6438214411188855e-05
wf2023,TS_K40,20230206,0.003259148122296604,0.002716626495876976,0.0005425216264196293
wf2023,TS_K40,20230207,0.005107196130162729,0.00498644892360176,0.0001207472065609691
wf2023,TS_K40,20230208,0.0020182978361783076,0.0014403508820102727,0.0005779469541680376
wf2023,TS_K40,20230209,-0.0021295256222973566,-0.0020875202124905523,-4.200540980680339e-05
wf2023,TS_K40,20230210,-0.0012041006112224282,-0.0012702633731297868,6.61627619073552e-05
wf2023,TS_K40,20230213,0.0012926622210501103,0.0008505330518363211,0.00044212916921378923
wf2023,TS_K40,20230214,0.0030968354780729775,0.0030882889484159888,8.54652965698839e-06
wf2023,TS_K40,20230215,-0.005674855974594932,-0.005297138865301647,-0.0003777171092932856
wf2023,TS_K40,20230216,-0.00021739263040991726,-3.0417234306280517e-05,-0.00018697539610363693
wf2023,TS_K40,20230217,-0.0022837720873636023,-0.0025650232811649546,0.0002812511938013522
wf2023,TS_K40,20230220,0.0017380607924141834,0.0013566253806211344,0.00038143541179304883
wf2023,TS_K40,20230221,0.0021689689936045097,0.0019438694057247483,0.00022509958787976113
wf2023,TS_K40,20230222,0.0022105504234449136,0.002156048652536722,5.450177090819115e-05
wf2023,TS_K40,20230223,0.001506951769672979,0.001078079133364514,0.0004288726363084651
wf2023,TS_K40,20230224,-0.00011966253427230303,-0.00016165351650055936,4.199098222825653e-05
wf2023,TS_K40,20230227,8.998462637287673e-05,0.0002745074865438576,-0.00018452286017098086
wf2023,TS_K40,20230228,0.0004229644104906151,0.00045802868934210735,-3.506427885149356e-05
wf2023,TS_K40,20230301,-0.0024145778499993277,-0.002075512134225082,-0.00033906571577424656
wf2023,TS_K40,20230302,-0.0020050846612902767,-0.0018163674935266804,-0.00018871716776359664
wf2023,TS_K40,20230303,0.003640878293573965,0.003444953393224169,0.00019592490034979544
wf2023,TS_K40,20230306,-0.0023712167779803527,-0.0017030558570819507,-0.0006681609208984013
wf2023,TS_K40,20230307,0.001858981856242857,0.0016948912078692917,0.00016409064837356505
wf2023,TS_K40,20230308,0.0032730701155545784,0.0030984424270689135,0.00017462768848566356
wf2023,TS_K40,20230309,-0.0002352648336166694,-0.0003476363966151202,0.00011237156299844855
wf2023,TS_K40,20230310,-0.0020325127152489,-0.002082798188570839,5.0285473321939894e-05
wf2023,TS_K40,20230313,-0.0013260681432600285,-0.001436609334511943,0.00011054119125191572
wf2023,TS_K40,20230314,0.0009164020401823559,0.0012803990723166412,-0.0003639970321342852
wf2023,TS_K40,20230315,0.0005766697996524555,0.0010124745173511977,-0.00043580471769874487
wf2023,TS_K40,20230316,-0.001349194780540304,-0.0011898919080736675,-0.00015930287246663618
wf2023,TS_K40,20230317,0.003197257256678811,0.0031281136421405626,6.914361453824834e-05
wf2023,TS_K40,20230320,0.0018421904453675315,0.0010720886711770836,0.0007701017741904488
wf2023,TS_K40,20230321,-0.00029823234924906093,-0.00027210823800845996,-2.612411124060038e-05
wf2023,TS_K40,20230322,-0.0028772282850992458,-0.0027465526137704227,-0.0001306756713288227
wf2023,TS_K40,20230323,-1.6836059415982658e-06,0.00016292185491195764,-0.00016460546085355574
wf2023,TS_K40,20230324,0.0012701695010189464,0.0011308022561874512,0.0001393672448314956
wf2023,TS_K40,20230327,-0.000717208997602482,-0.0008689487139133959,0.00013870273014432273
wf2023,TS_K40,20230328,0.0020681602890063964,0.0018831666624238078,0.00017051382198108664
wf2023,TS_K40,20230329,-0.00011286352991263932,-0.0003983907561552031,0.00028982489490523834
wf2023,TS_K40,20230330,0.0008096152292903138,0.0008185092650124906,-1.4536256850359935e-05
wf2023,TS_K40,20230331,-0.0028981012354340197,-0.002445986518407311,-0.0004710831558225429
wf2023,TS_K40,20230403,-0.004406501813286678,-0.0041603106700144445,-0.0002476827587138404
wf2023,TS_K40,20230404,0.0023790438530609725,0.0018937198161092827,0.0004932974421514914
wf2023,TS_K40,20230406,0.0014069753503102266,0.0014413136917226974,-3.648627321498971e-05
wf2023,TS_K40,20230407,0.004622084080675994,0.0038454820256496845,0.0007831606437440873
wf2023,TS_K40,20230410,-0.0034463236369507407,-0.003335188616342945,-9.758619111666837e-05
wf2023,TS_K40,20230411,-0.0006260850985867743,-0.0004720520249679474,-0.00015917240754973714
wf2023,TS_K40,20230412,-0.0004915112610601978,-0.00025371744985167055,-0.00023346545246966113
wf2023,TS_K40,20230413,0.002501125560191478,0.0023642465404973803,0.0001595163068603728
wf2023,TS_K40,20230414,0.0017233654755387919,0.0014402416133993668,0.000283123862139425
wf2023,TS_K40,20230417,-0.0012750280414067497,-0.0009150131807894497,-0.0003600148606172987
wf2023,TS_K40,20230418,-0.0018837450901464988,-0.0017456725033580618,-0.00013807258678843706
wf2023,TS_K40,20230419,-0.0020754419723568755,-0.0019058836307454404,-0.00016955834161143366
wf2023,TS_K40,20230420,-0.0019360909519724537,-0.001613393272290608,-0.00032269767968184275
wf2023,TS_K40,20230421,0.0028666951186050557,0.0029665046402434603,-9.980952163840368e-05
wf2023,TS_K40,20230424,-0.006172522141367518,-0.005380325419728476,-0.0007921967216390398
wf2023,TS_K40,20230425,0.004610406210113048,0.004053563393553529,0.0005568428165595204
wf2023,TS_K40,20230426,0.0021773546064127645,0.00221299194745422,-3.56373410414558e-05
wf2023,TS_K40,20230427,-0.0005800923152929419,-0.0005469743732578622,-3.3117942035079434e-05
wf2023,TS_K40,20230428,-0.0024428528987892953,-0.00186311799671734,-0.000580399175211849
wf2023,TS_K40,20230504,-0.0020017550122449646,-0.0014664224607924422,-0.0005085125323162899
wf2023,TS_K40,20230505,0.0012485668442590702,0.0016682141701392838,-0.00042364919756358226
wf2023,TS_K40,20230508,-0.0027527133831997206,-0.0020068917434247525,-0.0007422768395216561
wf2023,TS_K40,20230509,0.0062720361374119255,0.005919622109062423,0.00034674868442395736
wf2023,TS_K40,20230510,0.00043453582574601735,0.00046450228072018754,-2.7440355780578414e-05
wf2023,TS_K40,20230511,0.0001436981857543887,0.0003842469222947834,-0.0002400838615674952
wf2023,TS_K40,20230512,0.0046732575089964935,0.004201239424691259,0.0004589467428192834
wf2023,TS_K40,20230515,0.003926164612939496,0.003541266228254172,0.00039981985546036014
wf2023,TS_K40,20230516,0.0049319634191219465,0.004585863389417507,0.00034960118342007823
wf2023,TS_K40,20230517,0.0022504808661602113,0.002245525390347656,3.954258169583662e-06
wf2023,TS_K40,20230518,0.00535120672239624,0.004716345604636256,0.0006339786042901363
wf2023,TS_K40,20230519,0.0027981197685512677,0.0027496764258807885,4.0168752214345024e-05
wf2023,TS_K40,20230522,0.0033676154063649096,0.003216090968634744,0.00014897711321907648
wf2023,TS_K40,20230523,0.0030154230517886486,0.0026161883749637794,0.00039923467682486963
wf2023,TS_K40,20230524,0.0024321997637318173,0.002403829435624758,2.837032810705917e-05
wf2023,TS_K40,20230525,0.000438839808473878,0.0005967725046965324,-0.00015793269622265267
wf2023,TS_K40,20230526,-0.0018173092102760826,-0.0014824676844189867,-0.0003348415258570969
wf2023,TS_K40,20230529,0.00026485187049359645,0.00029912104185648655,-3.426917136289067e-05
wf2023,TS_K40,20230530,-0.0015437566610866172,-0.001319015668114192,-0.00022474099297242533
wf2023,TS_K40,20230531,0.0008469792654163147,0.0007078906061132324,0.00013908865930308196
wf2023,TS_K40,20230601,0.00073814914215602,0.0005182690386801264,0.0002198801034758952
wf2023,TS_K40,20230602,7.487863921352804e-05,5.711701671312061e-05,1.7761622500408434e-05
wf2023,TS_K40,20230605,-0.0031359097476895796,-0.0029399073297884603,-0.00019600241790111944
wf2023,TS_K40,20230606,-0.0014139596183494747,-0.0018419336994648318,0.00042797408111535696
wf2023,TS_K40,20230607,-0.00391309706728573,-0.0035072164051745762,-0.00040588066211115264
wf2023,TS_K40,20230608,4.433608690694764e-05,-0.0002685371240248787,0.00031287321093182634
wf2023,TS_K40,20230609,0.005195967321952221,0.004780623486404811,0.00041534383554741043
wf2023,TS_K40,20230612,0.0026114666422914832,0.00243116593048361,0.0001803007118078729
wf2023,TS_K40,20230613,0.00023618476956987892,0.0003051488032592381,-6.896403368935881e-05
wf2023,TS_K40,20230614,0.005195920879121266,0.004763737446849913,0.000432183432271353
wf2023,TS_K40,20230615,0.002941812716715228,0.0026508200338138162,0.0003234540630109328
wf2023,TS_K40,20230616,0.0017320092797767708,0.0011894956830625792,0.0005429349825168235
wf2023,TS_K40,20230619,0.004476499233097037,0.004002277940944217,0.00034663457246037496
wf2023,TS_K40,20230620,0.0008529069062357952,0.0015192287907292064,-0.0008305595100199833
wf2023,TS_K40,20230621,0.0016508761536527094,0.0029442891103049935,-0.0012938359586042436
wf2023,TS_K40,20230626,0.001896698083051776,0.0015964277266070036,-8.539209232931748e-05
wf2023,TS_K40,20230627,-0.0014681656137448557,-0.0004909436293342182,-0.0012903246095556135
wf2023,TS_K40,20230628,0.0038143925602891933,0.0035277153684574176,0.0005987788742212826
wf2023,TS_K40,20230629,0.0025297490157979857,0.0025012443670380025,-8.43328176564472e-05
wf2023,TS_K40,20230630,-0.002365840289663156,-0.002055266928171275,-0.0007359515545874221
wf2023,TS_K40,20230703,0.005142043928609995,0.0047964500725945405,0.0004918948525928145
wf2023,TS_K40,20230704,-0.0024436999436987543,-0.0016251661110412972,-0.0008947185894742017
wf2023,TS_K40,20230705,-0.0008843696593212149,-0.0009843314663713148,0.00023856086236857685
wf2023,TS_K40,20230706,-0.003233621713012687,-0.002552030221225794,-0.0010166237327510264
wf2023,TS_K40,20230707,-0.0005526872447641497,-0.00028165248480793557,-0.00022954209122210155
wf2023,TS_K40,20230710,0.002023996098913899,0.0021717391247432437,0.00011046340645055902
wf2023,TS_K40,20230711,-0.0020751689682244976,-0.0013720560655132031,-0.0007630848199304909
wf2023,TS_K40,20230712,0.0010644399359160204,0.0010483703673176297,0.0003968207354786364
wf2023,TS_K40,20230713,0.0010129577777670134,0.000994726917000811,0.0002809263482611787
wf2023,TS_K40,20230714,0.0005937528642207229,0.0006844728124028502,-0.0004050146485505793
wf2023,TS_K40,20230717,-0.0003127929873761376,0.00045198371962070166,-0.0009766790878335324
wf2023,TS_K40,20230718,-0.004449657307887102,-0.003598920640617618,-0.0005171259083249987
wf2023,TS_K40,20230719,-0.003189057159788849,-0.0024919346791268293,-0.0009489629255724243
wf2023,TS_K40,20230720,-0.0025729839784067892,-0.001899871352057302,-0.0011728271906034807
wf2023,TS_K40,20230721,0.0014684072050048418,0.0012842319450508302,-4.8430166284991265e-05
wf2023,TS_K40,20230724,-0.00031979032755379694,-0.00027128526653194264,0.0001509042961495425
wf2023,TS_K40,20230725,-0.004304846115216545,-0.0027961836531803065,-0.0016675311542727277
wf2023,TS_K40,20230726,0.002451513988339847,0.002828411820814602,-0.0005643774342424102
wf2023,TS_K40,20230727,-0.0012485735521008002,-0.0005069999449093581,-0.0008881393268096044
wf2023,TS_K40,20230728,-0.0019528111127216034,-0.0023456071460073746,0.0001019339201302329
wf2023,TS_K40,20230731,0.00048032167281438116,0.0006375702877470484,-0.0004630821241391969
wf2023,TS_K40,20230801,0.0013789651894038366,0.00128708569518507,0.00010980294831174353
wf2023,TS_K40,20230802,0.0004263645830261336,0.0006895676584129649,-0.0002764070103939388
wf2023,TS_K40,20230803,0.003038053348790651,0.0022141674648986976,0.0007352971081124108
wf2023,TS_K40,20230804,-0.0007209884985414821,-0.0012134597094947497,0.0005385463174413248
wf2023,TS_K40,20230807,-9.207490876054114e-05,0.00023950976331774658,-0.0001274539828133663
wf2023,TS_K40,20230808,-0.0015888217274889638,-0.0009646826935015109,-0.00038147765862099994
wf2023,TS_K40,20230809,-0.0014414566188195256,-0.001287590913195407,-0.00028000038684010636
wf2023,TS_K40,20230810,0.00033834260871361266,0.0006265788956959127,-0.00014644781117699007
wf2023,TS_K40,20230811,0.001017107764542685,0.0004998083170288218,0.0005453143890942363
wf2023,TS_K40,20230814,-0.002102247849008282,-0.00157302615502868,-0.0005959737728169505
wf2023,TS_K40,20230815,-0.002298186393892577,-0.0015276470546800314,-0.0006607570795821542
wf2023,TS_K40,20230816,0.004189937442104601,0.0036160246296993064,0.0005273136705483372
wf2023,TS_K40,20230817,-0.0024772972126278422,-0.0013462906788895904,-0.0009273193201770842
wf2023,TS_K40,20230818,0.0002454281612588793,0.0003467378527171735,-0.00013074353353747956
wf2023,TS_K40,20230821,0.0046156346437849025,0.002827199963414863,0.0013406819120134086
wf2023,TS_K40,20230822,-0.0014574336842110847,-0.0009097848360500481,-0.0007789728806792824
wf2023,TS_K40,20230823,0.0025298753259889086,0.0021830186728964977,0.00021585063367262345
wf2023,TS_K40,20230824,-0.0025544090714881944,-0.0012862734796471073,-0.0015480754372717246
wf2023,TS_K40,20230825,-0.0024209208778095586,-0.001560193883372554,-0.0007439272814194776
wf2023,TS_K40,20230828,0.008501903310939633,0.006167054953752676,0.0026140840894683425
wf2023,TS_K40,20230829,0.0059096391661386605,0.0045852085656631755,0.0012436682648214639
wf2023,TS_K40,20230830,0.000505940224336603,0.0005676542001087976,1.7190540983820813e-05
wf2023,TS_K40,20230831,-0.0016052755729065935,-0.0011878030062102774,-0.0005920499324791466
wf2023,TS_K40,20230901,-0.0002451483183998505,-0.00015674646830441752,-0.0001720377790553891
wf2023,TS_K40,20230904,0.002704295933415887,0.0025501975925346127,0.00018735709653871835
wf2023,TS_K40,20230905,0.0020913850539562334,0.0017882058915796616,0.0003589995829849139
wf2023,TS_K40,20230906,-0.00017699344941307996,-5.873408757899805e-06,-0.00037119542026930785
wf2023,TS_K40,20230907,0.0026450945066507697,0.002403617430872522,0.0003283969698267748
wf2023,TS_K40,20230908,0.0023575211529761556,0.00230902689570604,-0.00010733739203695378
wf2023,TS_K40,20230911,0.0009155119529368129,0.001138787249066527,-0.0002591716727537803
wf2023,TS_K40,20230912,-0.0029783249033003,-0.002315610573529704,-0.0006119307021238661
wf2023,TS_K40,20230913,-0.0006101961181012288,-0.00016233520897800883,-0.0006513116015364798
wf2023,TS_K40,20230914,-0.0003631176599654374,-0.0002466674741241287,-0.00023076519058464178
wf2023,TS_K40,20230915,0.0005669886830384713,0.00030885674588958457,0.0002679807201870737
wf2023,TS_K40,20230918,-0.0027745029826709237,-0.0018380775778270727,-0.0008683408099494698
wf2023,TS_K40,20230919,-0.0007820316765380503,-0.0004295655124753112,-0.0003334025543980477
wf2023,TS_K40,20230920,0.0012748610749294311,0.0010642801246505322,6.319184968069614e-05
wf2023,TS_K40,20230921,0.0063813802847569705,0.005212244289362204,0.0010775620239094376
wf2023,TS_K40,20230922,0.0004720804904875418,0.0005621244957295774,-5.9621824370209754e-05
wf2023,TS_K40,20230925,0.001490681205489256,0.0012610097336152913,0.00027583215271632694
wf2023,TS_K40,20230926,0.0021897493657133515,0.002121476258626243,4.7812292477139833e-05
wf2023,TS_K40,20230927,0.0018624142867236671,0.0011872838703835065,0.0005995051155238245
wf2023,TS_K40,20230928,0.004427070954740691,0.0037031211830384518,0.0006203818470758531
wf2023,TS_K40,20231009,0.0009526965029435616,0.0004564286224872339,0.00044196968086469796
wf2023,TS_K40,20231010,0.0018225008304620124,0.0013263863477584689,0.0005300815002894383
wf2023,TS_K40,20231011,-0.0019800195781719005,-0.001626269428565238,-0.0004474594261772565
wf2023,TS_K40,20231012,0.0007092215429154959,0.0005205857666062688,0.00016102586589275208
wf2023,TS_K40,20231013,-0.000496228657364422,7.43747548417279e-05,-0.0005581567765872653
wf2023,TS_K40,20231016,0.0011274853867424403,0.0014061962892866345,-0.00032327723646932043
wf2023,TS_K40,20231017,-0.002740448858352413,-0.0026866546789861404,-0.00015406977674371064
wf2023,TS_K40,20231018,0.0012588902509317098,0.0012948521315334894,7.825524727514763e-06
wf2023,TS_K40,20231019,-0.0017320090987551738,-0.0009913190316518424,-0.0007354078897650216
wf2023,TS_K40,20231020,-0.003198085651130108,-0.003215402891960032,-4.735961274110088e-05
wf2023,TS_K40,20231023,6.691021779129183e-05,-0.0006312338587642879,0.0006690770358212465
wf2023,TS_K40,20231024,-0.002725829757683946,-0.002536555592992956,1.7276579973712368e-05
wf2023,TS_K40,20231025,0.002144337586785583,0.0025458480309837415,-0.00022713687421929015
wf2023,TS_K40,20231026,0.0013734767193903097,0.0018308118520976727,-0.00042324703363540617
wf2023,TS_K40,20231027,0.0040032615636412285,0.0029085967238497486,0.0009846559421275818
wf2023,TS_K40,20231030,-0.002457911082845703,-0.001890125435379309,-0.0006162336499942584
wf2023,TS_K40,20231031,-0.0006712062785811982,-0.0005880469141904017,-0.00020495231690707656
wf2023,TS_K40,20231101,-0.001659934270471954,-0.0011643881381388469,-0.0005720140781550225
wf2023,TS_K40,20231102,0.005993079074218744,0.004796938771936819,0.0011139221013035424
wf2023,TS_K40,20231103,0.005481135058431737,0.003740049326502997,0.0017002373607508583
wf2023,TS_K40,20231106,0.002973822112548166,0.002068940323217491,0.0008879581922084407
wf2023,TS_K40,20231107,0.0006808077895440866,-8.247651322719032e-05,0.0007276308593904626
wf2023,TS_K40,20231108,0.0007283956175303937,0.0014758923131600724,-0.0008198896139069857
wf2023,TS_K40,20231109,0.0003572590051600039,0.0009452465169535274,-0.0005190758699850535
wf2023,TS_K40,20231110,0.0014647346539212788,0.000880426126360213,0.000597531767402976
wf2023,TS_K40,20231113,0.0013398819941469768,0.0005603928286699027,0.0007034600731714093
wf2023,TS_K40,20231114,0.001140525492585167,0.0009239327440521037,0.00019188714215986424
wf2023,TS_K40,20231115,-0.002101028711446208,-0.00197313905366489,-0.00017355849778277884
wf2023,TS_K40,20231116,0.002915702218820636,0.0025461193825792403,0.00033535557246202165
wf2023,TS_K40,20231117,0.0006547599587990779,0.0003104581947837763,0.00042134984563949095
wf2023,TS_K40,20231120,-0.0029804596883578893,-0.0022680127962256126,-0.0007497289951337052
wf2023,TS_K40,20231121,-0.0022328676948446136,-0.0015029366518130886,-0.0007198339592478001
wf2023,TS_K40,20231122,0.002484789727131788,0.0023353686333284236,0.0001669849570148788
wf2023,TS_K40,20231123,-0.0031651227728428048,-0.0018267902590687751,-0.0014229656353296918
wf2023,TS_K40,20231124,0.0041153905634539545,0.0037221411474072583,0.00034312963808532987
wf2023,TS_K40,20231127,0.0015553708703568278,0.001335412493010035,0.00021678186462761677
wf2023,TS_K40,20231128,0.00025486642797330813,0.0002870617311227813,-5.5873560358961284e-05
wf2023,TS_K40,20231129,-0.0025858919324583344,-0.0021248644644089533,-0.0005509388054345617
wf2023,TS_K40,20231130,0.003370514241006574,0.0026081608189665807,0.000735411188031998
wf2023,TS_K40,20231201,-0.0015329476178369647,-0.0014410833442497885,-9.641015950218492e-05
wf2023,TS_K40,20231204,-0.004431291577841404,-0.0035279720937988488,-0.0009315069468261671
wf2023,TS_K40,20231205,0.0002579039236982241,0.00034386042129336486,-0.00011427709169337421
wf2023,TS_K40,20231206,0.0004589661164269361,0.0005125153207637611,-0.00010094945957532338
wf2023,TS_K40,20231207,0.003190926085134992,0.003020037308952765,0.00017988635744375838
wf2023,TS_K40,20231208,0.00043878585044215476,4.87485063924946e-05,0.0003555972455329385
wf2023,TS_K40,20231211,-0.0013783922885838812,-0.0013013329891701346,-0.00011242637639950385
wf2023,TS_K40,20231212,-0.0014874448937246178,-0.001201769136954582,-0.000292863004156063
wf2023,TS_K40,20231213,-0.002836232385840792,-0.0022050453762168585,-0.0007006260883268761
wf2023,TS_K40,20231214,-0.0011198542019148334,-0.0011960741786583937,4.7117321841565005e-05
wf2023,TS_K40,20231215,-0.00010073736339097014,0.00020259183415665685,-0.0003512507812695879
wf2023,TS_K40,20231218,0.002280092990209751,0.0018516159782574959,0.00046824621238438386
wf2023,TS_K40,20231219,-5.180101729206424e-05,0.0005578842346657354,-0.0005963501516366311
wf2023,TS_K40,20231220,0.000791756309127355,0.000686942890988404,6.386743416510684e-05
wf2023,TS_K40,20231221,-0.0013352896871610277,-8.10576414738828e-05,-0.0012125527114900927
wf2023,TS_K40,20231222,0.0036412258555986766,0.003278282150794243,0.00021405378387104242
wf2023,TS_K40,20231225,-0.0031591688296512006,-0.002446693923101535,-0.000709420318462291
wf2023,TS_K40,20231226,0.00042962969940701923,0.0003455309025045033,8.595990065096353e-05
wf2023,TS_K40,20231227,0.005046843186765355,0.0048758247465274735,0.00016274744042134694
wf2023,TS_K40,20231228,0.0036949883712441237,0.002471727100820111,0.0011824260686427177
wf2023,TS_K40,20231229,-0.0019794031210158287,-0.0008841732082955664,-0.0010918166816476747
wf2023,TS_K50,20230103,-0.003479687183650283,-0.0032346189534101727,-0.0002450682302401097
wf2023,TS_K50,20230104,0.003660265478536196,0.0032324693811123083,0.00042779609742388887
wf2023,TS_K50,20230105,0.004511319126260911,0.004229629315631787,0.00028168981062912503
wf2023,TS_K50,20230106,0.0018965045705053073,0.0015394430482276622,0.00035706152227764565
wf2023,TS_K50,20230109,0.0010689209588844826,0.0007961866285600865,0.00027273433032439594
wf2023,TS_K50,20230110,-0.0013482167200014154,-0.001132257080110639,-0.00021595963989077692
wf2023,TS_K50,20230111,0.0039463040271923485,0.0036951733016175213,0.00025113072557482723
wf2023,TS_K50,20230112,-0.002336232941492724,-0.0021532886169158168,-0.00018294432457690815
wf2023,TS_K50,20230113,0.0007932530860650915,0.0005760977828261011,0.00021715530323899247
wf2023,TS_K50,20230116,0.001838451532736474,0.001715822454000538,0.0001226290787359364
wf2023,TS_K50,20230117,0.0015503774966305391,0.0015515320010771722,-1.154504446634857e-06
wf2023,TS_K50,20230118,-0.00028555696362511825,-0.0004940997129953217,0.00020854274937020183
wf2023,TS_K50,20230119,0.001098256107818496,0.0010768706521369915,2.1385455681503604e-05
wf2023,TS_K50,20230120,0.006719899088570982,0.006393998965586311,0.00032590012298466955
wf2023,TS_K50,20230130,0.0036867204320277028,0.003788969119044116,-0.00010224868701641412
wf2023,TS_K50,20230131,0.0015558664549247658,0.0013245148331227634,0.00023135162180200415
wf2023,TS_K50,20230201,0.00030102929430368946,-6.973653187052879e-05,0.00037076582617421824
wf2023,TS_K50,20230202,0.0021195485143881707,0.0021446301066043133,-2.5081592216142715e-05
wf2023,TS_K50,20230203,-0.00046866042640741814,-0.00034171458014672847,-0.00012694584626068905
wf2023,TS_K50,20230206,0.0030665841647289785,0.002838250785161681,0.00022833337956729624
wf2023,TS_K50,20230207,0.0046208856944174445,0.004589031763836311,3.18539305811337e-05
wf2023,TS_K50,20230208,0.002206744864863556,0.001791074325287756,0.00041567053957580427
wf2023,TS_K50,20230209,-0.0023711226777583384,-0.002066765222461985,-0.0003043574552963537
wf2023,TS_K50,20230210,-0.0005890699135897345,-0.0008731095904711613,0.0002840396768814265
wf2023,TS_K50,20230213,0.0016165448228739668,0.0015749308605389422,4.1613962335024707e-05
wf2023,TS_K50,20230214,0.00274673759133059,0.0025632451167523574,0.00018349247457823362
wf2023,TS_K50,20230215,-0.005083481294402805,-0.0046618031678835525,-0.0004216781265192569
wf2023,TS_K50,20230216,-6.731470651079145e-06,0.00035554486412828657,-0.0003622763347793653
wf2023,TS_K50,20230217,-0.002660159245660716,-0.002823766060288974,0.00016360681462825844
wf2023,TS_K50,20230220,0.0016462905984891332,0.001530685072604301,0.00011560552588483294
wf2023,TS_K50,20230221,0.001995897200816265,0.0018367901704935488,0.00015910703032271625
wf2023,TS_K50,20230222,0.002680635198122759,0.0027922820943709534,-0.00011164689624819538
wf2023,TS_K50,20230223,0.0011333605317779267,0.0009939142756552378,0.000139446256122689
wf2023,TS_K50,20230224,-0.000351243765622641,-0.00024069565353773828,-0.00011054811208490177
wf2023,TS_K50,20230227,0.0009616594123869129,0.0009254832052071342,3.617620717977632e-05
wf2023,TS_K50,20230228,0.00021543141747322817,0.00012506550493587414,9.036591253735264e-05
wf2023,TS_K50,20230301,-0.0030950640607679317,-0.002553344909801817,-0.0005417191509661143
wf2023,TS_K50,20230302,-0.001977186304842637,-0.0016409476793691634,-0.00033623862547347395
wf2023,TS_K50,20230303,0.003995866983062591,0.0038027470160038462,0.00019311996705874543
wf2023,TS_K50,20230306,-0.0026226143585250973,-0.0017854232377023669,-0.0008371911208227296
wf2023,TS_K50,20230307,0.0018703256531470772,0.0015374105639987079,0.00033291508914837
wf2023,TS_K50,20230308,0.0039026867741371813,0.004030273646172954,-0.0001275868720357728
wf2023,TS_K50,20230309,-0.0002872322687914701,-0.00028250565803587303,-4.7266107555980586e-06
wf2023,TS_K50,20230310,-0.002590400719426386,-0.002947296809570642,0.0003568960901442561
wf2023,TS_K50,20230313,-0.0013351744824631612,-0.0013256941447318579,-9.480337731303235e-06
wf2023,TS_K50,20230314,0.00027408817322308217,0.0010978328083137902,-0.000823744635090706
wf2023,TS_K50,20230315,4.220156602909031e-05,0.0005529810293871683,-0.0005107794633580806
wf2023,TS_K50,20230316,-0.0014178363495148073,-0.0014332034098471298,1.5367060332322963e-05
wf2023,TS_K50,20230317,0.0027297970259303975,0.0027455360645360282,-1.573903860563049e-05
wf2023,TS_K50,20230320,0.001970508896741191,0.001048533930363429,0.0009219749663777606
wf2023,TS_K50,20230321,-0.00016152195109980696,-0.0001754213401609272,1.389938906112034e-05
wf2023,TS_K50,20230322,-0.0023427602052420835,-0.002350597761745953,7.837556503869469e-06
wf2023,TS_K50,20230323,-0.0004368289985608464,-0.00040138737329242086,-3.5441625268425396e-05
wf2023,TS_K50,20230324,0.001045456186633419,0.0006864135989492026,0.0003590425876842161
wf2023,TS_K50,20230327,-0.0014261220164891245,-0.0012767374822941651,-0.00016242152036155045
wf2023,TS_K50,20230328,0.0027513241855143373,0.0024824423476160914,0.00025440203329674403
wf2023,TS_K50,20230329,-0.0005246947516881848,-0.000520051039505543,-3.4604351996748585e-07
wf2023,TS_K50,20230330,0.0012488157226351135,0.001022067879499751,0.00022110562200717903
wf2023,TS_K50,20230331,-0.0025532548459784987,-0.0022764698428325543,-0.0002957534419417789
wf2023,TS_K50,20230403,-0.0043126586059341245,-0.004011458929243081,-0.0003026912921326512
wf2023,TS_K50,20230404,0.0034329188063355357,0.003048261054511507,0.0003926311570238317
wf2023,TS_K50,20230406,0.0012597319410313883,0.0011635455924818002,9.403841674706646e-05
wf2023,TS_K50,20230407,0.0033612405750771592,0.0030515766512051287,0.00031622251258981
wf2023,TS_K50,20230410,-0.00337990193108899,-0.003455324058212559,8.897095661469533e-05
wf2023,TS_K50,20230411,0.00014865001370448303,0.00015917297099553052,-1.5662291221957573e-05
wf2023,TS_K50,20230412,-0.0014274160919946141,-0.0010378478832799242,-0.0003852398499758238
wf2023,TS_K50,20230413,0.00206411555482521,0.001966367004206062,0.00012038583778542302
wf2023,TS_K50,20230414,0.0010752016832697474,0.0009487015403208188,0.00012650014294892764
wf2023,TS_K50,20230417,-0.0019485359426289544,-0.001617368402104896,-0.0003311675405240591
wf2023,TS_K50,20230418,-0.0013740642100872023,-0.0013932243875073517,1.916017742014849e-05
wf2023,TS_K50,20230419,-0.0017335286230244626,-0.0017169662275379107,-1.6562395486550947e-05
wf2023,TS_K50,20230420,-0.001487039061751013,-0.001013911761211464,-0.000473127300539544
wf2023,TS_K50,20230421,0.004022228667071196,0.004129016769936904,-0.00010678810286570865
wf2023,TS_K50,20230424,-0.007192646215419329,-0.006324225276416127,-0.0008684209390032022
wf2023,TS_K50,20230425,0.003102405000297747,0.003029374875825381,7.303012447236874e-05
wf2023,TS_K50,20230426,0.0017475669846476597,0.002053776164677524,-0.00030620918002986395
wf2023,TS_K50,20230427,0.00019195006363479858,1.2554431321520725e-05,0.00017939563231327832
wf2023,TS_K50,20230428,-0.002940537963396512,-0.002317305318585321,-0.0006238969179510846
wf2023,TS_K50,20230504,-0.0024522197088905733,-0.001861088082967753,-0.0005643116067865883
wf2023,TS_K50,20230505,-4.1410443096238925e-05,0.00032603560705608305,-0.0003714479218356918
wf2023,TS_K50,20230508,-0.0036962219610864894,-0.002799185905513728,-0.0008934912553194524
wf2023,TS_K50,20230509,0.006199352514936538,0.005823338910487455,0.00037034826052353894
wf2023,TS_K50,20230510,0.0005502977973983435,0.0006243634459825911,-7.153954939065671e-05
wf2023,TS_K50,20230511,-2.04270940314423e-05,0.00030451471346322,-0.0003244769325217639
wf2023,TS_K50,20230512,0.0035546971402920695,0.003120167863286569,0.0004214579355195508
wf2023,TS_K50,20230515,0.004246531547548086,0.003910465688659161,0.00035098732966396033
wf2023,TS_K50,20230516,0.004782468499826397,0.004419734989636022,0.00036623466390601323
wf2023,TS_K50,20230517,0.00266740341341806,0.0025112850293929844,0.00015511716638210473
wf2023,TS_K50,20230518,0.005345436798795162,0.00476531661705732,0.0005792376682679965
wf2023,TS_K50,20230519,0.001969978819506997,0.00193811849112086,2.358573793000201e-05
wf2023,TS_K50,20230522,0.0042518034233622074,0.004193931924061208,5.532417478990957e-05
wf2023,TS_K50,20230523,0.002617906473968502,0.002123635837345316,0.0004942706366231853
wf2023,TS_K50,20230524,0.002220239965474583,0.0022306983004647604,-1.0458334990177478e-05
wf2023,TS_K50,20230525,0.0002670113168547752,0.0002652077323867842,1.8035844679921344e-06
wf2023,TS_K50,20230526,-0.001976566656218439,-0.0018101367183914418,-0.00016642993782699705
wf2023,TS_K50,20230529,0.0014627294116477015,0.0013465839867178742,0.00011614542492982759
wf2023,TS_K50,20230530,-0.00105890028124987,-0.0009008489595914238,-0.00015805132165844552
wf2023,TS_K50,20230531,0.0008908535614067024,0.0006523510660405153,0.0002385024953661866
wf2023,TS_K50,20230601,0.0007350256216265144,0.0004892130661694506,0.0002458125554570651
wf2023,TS_K50,20230602,8.43424840526177e-05,0.00012866228713463262,-4.4319803082014646e-05
wf2023,TS_K50,20230605,-0.0027989925078656386,-0.0026335119776306074,-0.00016548053023502854
wf2023,TS_K50,20230606,-0.0006289679399322872,-0.0009447791408537279,0.00031581120092144055
wf2023,TS_K50,20230607,-0.003986492686216097,-0.0036141649198590904,-0.0003723277663570078
wf2023,TS_K50,20230608,0.0008252705503348206,0.00047789079965409925,0.0003473797506807217
wf2023,TS_K50,20230609,0.005170230175409721,0.004739014978976998,0.00043121519643272136
wf2023,TS_K50,20230612,0.0016492073119511847,0.001440825299518444,0.00020838201243274083
wf2023,TS_K50,20230613,0.0005800092176546662,0.0006503795381565008,-7.037032050183516e-05
wf2023,TS_K50,20230614,0.00500414192226816,0.00456880859226346,0.00043533333000469966
wf2023,TS_K50,20230615,0.0028948019426997375,0.0025259655542308355,0.00040129776857842416
wf2023,TS_K50,20230616,0.001889303249711717,0.0015074810128094009,0.0003822436227049472
wf2023,TS_K50,20230619,0.0036941231564413604,0.0031877977416736665,0.0003787386950752493
wf2023,TS_K50,20230620,0.0005959479449358859,0.0013095183477689469,-0.0008778080283596307
wf2023,TS_K50,20230621,0.001188324226260952,0.002529730281340725,-0.0013418290570317332
wf2023,TS_K50,20230626,0.0014592432417110737,0.0011984350518480732,-0.00012485425891109263
wf2023,TS_K50,20230627,-0.0014985814157903827,-0.0004225230576985719,-0.0013891609832367862
wf2023,TS_K50,20230628,0.004392153155752126,0.0040076906358821355,0.0006965642022594984
wf2023,TS_K50,20230629,0.0020423989723591177,0.0020683759242577666,-0.00013881441831508083
wf2023,TS_K50,20230630,-0.0024524425500251153,-0.0020972788409891765,-0.0007805419021314789
wf2023,TS_K50,20230703,0.005190886935891847,0.004864707771701987,0.0004724801607672183
wf2023,TS_K50,20230704,-0.002301358546510029,-0.0014107918537519012,-0.0009667514495748733
wf2023,TS_K50,20230705,-0.0004299069666276879,-0.0005896026585844715,0.0002982947472752608
wf2023,TS_K50,20230706,-0.003670127242577601,-0.0028608058262622627,-0.0011443536572794707
wf2023,TS_K50,20230707,-0.0003509095858604118,1.738119271142638e-05,-0.0003267981098377256
wf2023,TS_K50,20230710,0.001398486290359679,0.0016006167973856172,5.607592525396766e-05
wf2023,TS_K50,20230711,-0.002443779220179453,-0.0016084852554284453,-0.000895265881970204
wf2023,TS_K50,20230712,0.0011932995951819663,0.0009778667046996968,0.0005961840573625152
wf2023,TS_K50,20230713,0.0022056040239617253,0.0020527595902104716,0.0004155399212462309
wf2023,TS_K50,20230714,0.00016370667358684473,0.0003123727514957829,-0.00046296077827739045
wf2023,TS_K50,20230717,-0.0008669018240523889,5.340810065616983e-05,-0.0011322123055452524
wf2023,TS_K50,20230718,-0.003731433933702338,-0.002866346378293999,-0.0005314767964638538
wf2023,TS_K50,20230719,-0.00243522661597877,-0.0015946296976628801,-0.001092437363226297
wf2023,TS_K50,20230720,-0.002909248163478047,-0.002007499133686031,-0.0014014635940460098
wf2023,TS_K50,20230721,0.0014580491400269463,0.0012017789999435487,2.3664713844394683e-05
wf2023,TS_K50,20230724,-0.0016238897567796128,-0.0014866031188210337,6.212271921281432e-05
wf2023,TS_K50,20230725,-0.005141284586170435,-0.0033157054709848973,-0.0019844478074220275
wf2023,TS_K50,20230726,0.0016695620145362024,0.00215658465163412,-0.0006745022388655719
wf2023,TS_K50,20230727,-0.0024930680721179585,-0.001528475852335499,-0.0011111579394006224
wf2023,TS_K50,20230728,-0.0014702810119750932,-0.001965534821235241,0.00020439169610460723
wf2023,TS_K50,20230731,0.0004831600066257211,0.0006678969489302621,-0.0004905704515110713
wf2023,TS_K50,20230801,0.0014174505002864494,0.0012608472059013503,0.00017452674847807654
wf2023,TS_K50,20230802,0.0006004332294895062,0.0009232396070712702,-0.00033601031258887154
wf2023,TS_K50,20230803,0.0038583178238388496,0.0027408734330131804,0.0010288556150461264
wf2023,TS_K50,20230804,-0.0001747920999731964,-0.0009321494089688395,0.0008034324154836999
wf2023,TS_K50,20230807,0.00037790552737877443,0.0007100920689229926,-0.00012805585227929647
wf2023,TS_K50,20230808,-0.0019132369732492022,-0.0010462272142595132,-0.0006243483836232354
wf2023,TS_K50,20230809,-0.0016181449897648124,-0.0012826798824670943,-0.00046159978851370565
wf2023,TS_K50,20230810,0.0011230419610783055,0.0014100585739428098,-0.00014522813705919907
wf2023,TS_K50,20230811,0.0021619083457293797,0.0012841967063419786,0.000905726580967773
wf2023,TS_K50,20230814,-0.0021144178231279264,-0.001448054732412646,-0.000733115169552629
wf2023,TS_K50,20230815,-0.002791035598719585,-0.0018996090483543396,-0.0007816442907348546
wf2023,TS_K50,20230816,0.003712933022946747,0.003018941647732137,0.0006473922333576549
wf2023,TS_K50,20230817,-0.0024503365527618996,-0.0011896749116022004,-0.0010569744275985289
wf2023,TS_K50,20230818,0.0006372524984271542,0.0006506355538844941,-4.2816897536526266e-05
wf2023,TS_K50,20230821,0.004528483967040163,0.0025214189638940025,0.0015593122347895305
wf2023,TS_K50,20230822,-0.0018438330368870486,-0.0012291685198372732,-0.0008459885495680198
wf2023,TS_K50,20230823,0.0012404226061996592,0.0009788482635894092,0.00013056832319046263
wf2023,TS_K50,20230824,-0.0027934162765786766,-0.0010748690293950613,-0.001998487092614255
wf2023,TS_K50,20230825,-0.0023218587801195015,-0.0012544419568939506,-0.000950617110208024
wf2023,TS_K50,20230828,0.009438870486816166,0.006493508076472795,0.0032245981426247557
wf2023,TS_K50,20230829,0.006259175967793609,0.004712353114139167,0.0014660605180004194
wf2023,TS_K50,20230830,0.0010381961451585526,0.0011116233325294995,5.477329385068446e-06
wf2023,TS_K50,20230831,-0.0017752517205956004,-0.0011993211530916454,-0.0007505079332867845
wf2023,TS_K50,20230901,-0.0010209744975747514,-0.0008033201838331184,-0.00030129024270159077
wf2023,TS_K50,20230904,0.0022871269662150654,0.0023687577243985923,-4.837200252608227e-05
wf2023,TS_K50,20230905,0.00152566582228806,0.0012563963900370525,0.00032508985285934947
wf2023,TS_K50,20230906,-0.0005804425883672339,-0.00033759443629770834,-0.00044292353168365626
wf2023,TS_K50,20230907,0.002557148002225882,0.0024283197871648914,0.00021574810910951736
wf2023,TS_K50,20230908,0.002753617226872356,0.0027866396259113887,-0.00018885404834609944
wf2023,TS_K50,20230911,0.0008728509522331522,0.0012037919734683568,-0.00036683739785927104
wf2023,TS_K50,20230912,-0.0040640472809649435,-0.0033857535223446814,-0.0006275101309735295
wf2023,TS_K50,20230913,-0.0011309181357438292,-0.0004287574781559018,-0.0009056113500011858
wf2023,TS_K50,20230914,-0.0005202380416403131,-0.00010399373734909653,-0.0005305593090345496
wf2023,TS_K50,20230915,0.0009720314081183507,0.0007012012627183801,0.00028067892843815657
wf2023,TS_K50,20230918,-0.0037950214077072542,-0.0025783925459768233,-0.0011485442668360513
wf2023,TS_K50,20230919,-0.0006968753813594063,-0.0003255337961373311,-0.00035227797555738305
wf2023,TS_K50,20230920,0.00039065265294078305,6.919997966473327e-05,0.00017406357267784708
wf2023,TS_K50,20230921,0.0073641771248475416,0.005792534879029264,0.0014800682743329543
wf2023,TS_K50,20230922,0.0015964037112647903,0.0016220839707557727,4.7419213808445125e-06
wf2023,TS_K50,20230925,0.0016548652195488701,0.0013888330967020798,0.00031219280368915275
wf2023,TS_K50,20230926,0.0014654013006441128,0.0016742256216180993,-0.00022928513558395443
wf2023,TS_K50,20230927,0.0021357240834955094,0.0012850619959181955,0.0007750367867609762
wf2023,TS_K50,20230928,0.004325609320534248,0.003319605018965369,0.0009024363769424932
wf2023,TS_K50,20231009,0.0006009687256223035,-5.9519678537402274e-05,0.0006061902045680762
wf2023,TS_K50,20231010,0.00323472758393803,0.0026254467964011733,0.0006432478051227509
wf2023,TS_K50,20231011,-0.0018314892106184996,-0.0010812044271683368,-0.0008439940600207579
wf2023,TS_K50,20231012,0.0013108841132571302,0.0009605749112972261,0.00032269929154342793
wf2023,TS_K50,20231013,-0.0012697661752720784,-0.0005699519163900146,-0.0006873676232631784
wf2023,TS_K50,20231016,0.0006641677261087606,0.0012108358833025268,-0.0005912344911188924
wf2023,TS_K50,20231017,-0.0023935030999581164,-0.0023392651166777847,-0.00015451358065777236
wf2023,TS_K50,20231018,0.0006369320502758267,0.0009190560055034893,-0.00023833654989837213
wf2023,TS_K50,20231019,-0.002489607923689149,-0.0011929876867220548,-0.0012913380596287832
wf2023,TS_K50,20231020,-0.0024610914566945905,-0.002546719226963767,2.095091669814901e-05
wf2023,TS_K50,20231023,0.001350557369754181,0.0003314126809361525,0.0009900776480836918
wf2023,TS_K50,20231024,-0.0016172751352609236,-0.001669850587297102,0.0002591261967008834
wf2023,TS_K50,20231025,0.001314160051089168,0.0017713666613809998,-0.0002828330403129636
wf2023,TS_K50,20231026,0.0015221834715044048,0.002621826973965147,-0.0010655554033887848
wf2023,TS_K50,20231027,0.004371349828699491,0.003038722102150395,0.0012226188288851957
wf2023,TS_K50,20231030,-0.0012680988891544342,-0.0003124264470603644,-0.0010041204446219355
wf2023,TS_K50,20231031,-0.0005091098434638337,-6.156152384602772e-05,-0.0005693412721340868
wf2023,TS_K50,20231101,-0.00166062660122138,-0.0007797916134103104,-0.0009573029336329855
wf2023,TS_K50,20231102,0.006371728572667549,0.004810589586189156,0.0014789207855000085
wf2023,TS_K50,20231103,0.007031099563725586,0.004415235870532257,0.0025750153220154455
wf2023,TS_K50,20231106,0.0033737070703690223,0.0018170609013498486,0.001539722571896941
wf2023,TS_K50,20231107,0.001846761779797122,0.0008043213506522688,0.0010067869857640385
wf2023,TS_K50,20231108,-0.001294884412193738,-0.00014597684151595645,-0.0012213004889550883
wf2023,TS_K50,20231109,-0.000365714922211447,0.0005344901400645761,-0.0008312934204675531
wf2023,TS_K50,20231110,0.002596438080313526,0.0016625069827992563,0.0009471543373561823
wf2023,TS_K50,20231113,0.00236163117780364,0.001036489364626839,0.0012491127208711355
wf2023,TS_K50,20231114,0.0009336605604202373,0.0008323092555138988,7.664569853313988e-05
wf2023,TS_K50,20231115,-0.0017100545857615572,-0.0015914207359963612,-0.00016430268976665765
wf2023,TS_K50,20231116,0.003061544610649102,0.002748324266965746,0.0002789930799039839
wf2023,TS_K50,20231117,0.0009715162581094058,0.00048411237197129006,0.0005644519677623056
wf2023,TS_K50,20231120,-0.0029238784994649733,-0.0018260803859669516,-0.0011350802164994502
wf2023,TS_K50,20231121,-0.0020382731076631754,-0.0009139693985951188,-0.0011142066252843327
wf2023,TS_K50,20231122,0.0014807084689012259,0.0014947522638326693,3.5200682800694174e-06
wf2023,TS_K50,20231123,-0.0029949465834929034,-0.001117771772590688,-0.0019618079324578794
wf2023,TS_K50,20231124,0.0038733001215028014,0.0033861223512096344,0.0004370579923318003
wf2023,TS_K50,20231127,0.0017907584722278705,0.0016730057920543492,0.0001145761674543459
wf2023,TS_K50,20231128,0.0006390400799981995,0.0007377302289008893,-0.0001223684061121775
wf2023,TS_K50,20231129,-0.0026360759466260474,-0.0019454104438314098,-0.0007805768401798198
wf2023,TS_K50,20231130,0.002885161134665243,0.0017814358336569827,0.0010767830670002638
wf2023,TS_K50,20231201,-0.0012897726605785045,-0.0012123882992674168,-8.19302472260968e-05
wf2023,TS_K50,20231204,-0.004883374249522572,-0.00359750589208987,-0.001314055820216309
wf2023,TS_K50,20231205,0.00040025921491180366,0.0007231216044732114,-0.0003511829836596413
wf2023,TS_K50,20231206,-0.000690692812445205,-0.0005970112071285267,-0.00014108186055517734
wf2023,TS_K50,20231207,0.0034824229159664396,0.003161370535709574,0.0003300499615183964
wf2023,TS_K50,20231208,0.0012911596720722729,0.0006215694468350251,0.0006351501267205274
wf2023,TS_K50,20231211,-0.001170627119985796,-0.0011143158292344411,-9.167836773711201e-05
wf2023,TS_K50,20231212,-0.0014761279078067992,-0.001052774332968022,-0.00043054082222480423
wf2023,TS_K50,20231213,-0.0034579102122458166,-0.002456341602993973,-0.0010710076879547861
wf2023,TS_K50,20231214,-0.00159247998783553,-0.0015572870395184112,-6.429560321911338e-05
wf2023,TS_K50,20231215,-0.0003319397128450242,-2.625145460894343e-05,-0.0003536098419580413
wf2023,TS_K50,20231218,0.0025497408872917696,0.002028598394200621,0.000560911693523278
wf2023,TS_K50,20231219,0.00036038594539334647,0.0011452070273931243,-0.0007714859816786079
wf2023,TS_K50,20231220,0.0007682160040388356,0.0007059971742699735,2.127284579501898e-05
wf2023,TS_K50,20231221,-0.0009083287451110249,0.0008526052006381182,-0.0017192546115520884
wf2023,TS_K50,20231222,0.0037911703693164047,0.0032971381878355464,0.00034514226054746684
wf2023,TS_K50,20231225,-0.003633772704806441,-0.0027386086966088396,-0.0008921094201102276
wf2023,TS_K50,20231226,0.0005329466979351917,0.00041077984393729684,0.00012402795774634084
wf2023,TS_K50,20231227,0.0054572806364851165,0.005370784337431632,7.82252992369518e-05
wf2023,TS_K50,20231228,0.004166781018069015,0.0026165137882567706,0.0015094320280309439
wf2023,TS_K50,20231229,-0.0019280983402351823,-0.0004180502600450899,-0.001506634849117505
wf2023,TS_K70,20230103,-0.003479687183650283,-0.0032346189534101727,-0.0002450682302401097
wf2023,TS_K70,20230104,0.003660265478536196,0.0032324693811123083,0.00042779609742388887
wf2023,TS_K70,20230105,0.004511319126260911,0.004229629315631787,0.00028168981062912503
wf2023,TS_K70,20230106,0.0018965045705053073,0.0015394430482276622,0.00035706152227764565
wf2023,TS_K70,20230109,0.0010689209588844826,0.0007961866285600865,0.00027273433032439594
wf2023,TS_K70,20230110,-0.0013482167200014154,-0.001132257080110639,-0.00021595963989077692
wf2023,TS_K70,20230111,0.0039463040271923485,0.0036951733016175213,0.00025113072557482723
wf2023,TS_K70,20230112,-0.002336232941492724,-0.0021532886169158168,-0.00018294432457690815
wf2023,TS_K70,20230113,0.0007932530860650915,0.0005760977828261011,0.00021715530323899247
wf2023,TS_K70,20230116,0.001838451532736474,0.001715822454000538,0.0001226290787359364
wf2023,TS_K70,20230117,0.0015503774966305391,0.0015515320010771722,-1.154504446634857e-06
wf2023,TS_K70,20230118,-0.00028555696362511825,-0.0004940997129953217,0.00020854274937020183
wf2023,TS_K70,20230119,0.001098256107818496,0.0010768706521369915,2.1385455681503604e-05
wf2023,TS_K70,20230120,0.006719899088570982,0.006393998965586311,0.00032590012298466955
wf2023,TS_K70,20230130,0.0036867204320277028,0.003788969119044116,-0.00010224868701641412
wf2023,TS_K70,20230131,0.0015558664549247658,0.0013245148331227634,0.00023135162180200415
wf2023,TS_K70,20230201,0.00030102929430368946,-6.973653187052879e-05,0.00037076582617421824
wf2023,TS_K70,20230202,0.0021195485143881707,0.0021446301066043133,-2.5081592216142715e-05
wf2023,TS_K70,20230203,-0.00046866042640741814,-0.00034171458014672847,-0.00012694584626068905
wf2023,TS_K70,20230206,0.0030665841647289785,0.002838250785161681,0.00022833337956729624
wf2023,TS_K70,20230207,0.0046208856944174445,0.004589031763836311,3.18539305811337e-05
wf2023,TS_K70,20230208,0.002206744864863556,0.001791074325287756,0.00041567053957580427
wf2023,TS_K70,20230209,-0.0023711226777583384,-0.002066765222461985,-0.0003043574552963537
wf2023,TS_K70,20230210,-0.0005890699135897345,-0.0008731095904711613,0.0002840396768814265
wf2023,TS_K70,20230213,0.0016165448228739668,0.0015749308605389422,4.1613962335024707e-05
wf2023,TS_K70,20230214,0.00274673759133059,0.0025632451167523574,0.00018349247457823362
wf2023,TS_K70,20230215,-0.005083481294402805,-0.0046618031678835525,-0.0004216781265192569
wf2023,TS_K70,20230216,-6.731470651079145e-06,0.00035554486412828657,-0.0003622763347793653
wf2023,TS_K70,20230217,-0.002660159245660716,-0.002823766060288974,0.00016360681462825844
wf2023,TS_K70,20230220,0.0016462905984891332,0.001530685072604301,0.00011560552588483294
wf2023,TS_K70,20230221,0.001995897200816265,0.0018367901704935488,0.00015910703032271625
wf2023,TS_K70,20230222,0.002680635198122759,0.0027922820943709534,-0.00011164689624819538
wf2023,TS_K70,20230223,0.0011333605317779267,0.0009939142756552378,0.000139446256122689
wf2023,TS_K70,20230224,-0.000351243765622641,-0.00024069565353773828,-0.00011054811208490177
wf2023,TS_K70,20230227,0.0009616594123869129,0.0009254832052071342,3.617620717977632e-05
wf2023,TS_K70,20230228,0.00021543141747322817,0.00012506550493587414,9.036591253735264e-05
wf2023,TS_K70,20230301,-0.0030950640607679317,-0.002553344909801817,-0.0005417191509661143
wf2023,TS_K70,20230302,-0.001977186304842637,-0.0016409476793691634,-0.00033623862547347395
wf2023,TS_K70,20230303,0.003995866983062591,0.0038027470160038462,0.00019311996705874543
wf2023,TS_K70,20230306,-0.0026226143585250973,-0.0017854232377023669,-0.0008371911208227296
wf2023,TS_K70,20230307,0.0018703256531470772,0.0015374105639987079,0.00033291508914837
wf2023,TS_K70,20230308,0.0039026867741371813,0.004030273646172954,-0.0001275868720357728
wf2023,TS_K70,20230309,-0.0002872322687914701,-0.00028250565803587303,-4.7266107555980586e-06
wf2023,TS_K70,20230310,-0.002590400719426386,-0.002947296809570642,0.0003568960901442561
wf2023,TS_K70,20230313,-0.0013351744824631612,-0.0013256941447318579,-9.480337731303235e-06
wf2023,TS_K70,20230314,0.00027408817322308217,0.0010978328083137902,-0.000823744635090706
wf2023,TS_K70,20230315,4.220156602909031e-05,0.0005529810293871683,-0.0005107794633580806
wf2023,TS_K70,20230316,-0.0014178363495148073,-0.0014332034098471298,1.5367060332322963e-05
wf2023,TS_K70,20230317,0.0027297970259303975,0.0027455360645360282,-1.573903860563049e-05
wf2023,TS_K70,20230320,0.001970508896741191,0.001048533930363429,0.0009219749663777606
wf2023,TS_K70,20230321,-0.00016152195109980696,-0.0001754213401609272,1.389938906112034e-05
wf2023,TS_K70,20230322,-0.0023427602052420835,-0.002350597761745953,7.837556503869469e-06
wf2023,TS_K70,20230323,-0.0004368289985608464,-0.00040138737329242086,-3.5441625268425396e-05
wf2023,TS_K70,20230324,0.001045456186633419,0.0006864135989492026,0.0003590425876842161
wf2023,TS_K70,20230327,-0.0014261220164891245,-0.0012767374822941651,-0.00016242152036155045
wf2023,TS_K70,20230328,0.0027513241855143373,0.0024824423476160914,0.00025440203329674403
wf2023,TS_K70,20230329,-0.0005246947516881848,-0.000520051039505543,-3.4604351996748585e-07
wf2023,TS_K70,20230330,0.0012488157226351135,0.001022067879499751,0.00022110562200717903
wf2023,TS_K70,20230331,-0.0025532548459784987,-0.0022764698428325543,-0.0002957534419417789
wf2023,TS_K70,20230403,-0.0043126586059341245,-0.004011458929243081,-0.0003026912921326512
wf2023,TS_K70,20230404,0.0034329188063355357,0.003048261054511507,0.0003926311570238317
wf2023,TS_K70,20230406,0.0012597319410313883,0.0011635455924818002,9.403841674706646e-05
wf2023,TS_K70,20230407,0.0033612405750771592,0.0030515766512051287,0.00031622251258981
wf2023,TS_K70,20230410,-0.00337990193108899,-0.003455324058212559,8.897095661469533e-05
wf2023,TS_K70,20230411,0.00014865001370448303,0.00015917297099553052,-1.5662291221957573e-05
wf2023,TS_K70,20230412,-0.0014274160919946141,-0.0010378478832799242,-0.0003852398499758238
wf2023,TS_K70,20230413,0.00206411555482521,0.001966367004206062,0.00012038583778542302
wf2023,TS_K70,20230414,0.0010752016832697474,0.0009487015403208188,0.00012650014294892764
wf2023,TS_K70,20230417,-0.0019485359426289544,-0.001617368402104896,-0.0003311675405240591
wf2023,TS_K70,20230418,-0.0013740642100872023,-0.0013932243875073517,1.916017742014849e-05
wf2023,TS_K70,20230419,-0.0017335286230244626,-0.0017169662275379107,-1.6562395486550947e-05
wf2023,TS_K70,20230420,-0.001487039061751013,-0.001013911761211464,-0.000473127300539544
wf2023,TS_K70,20230421,0.004022228667071196,0.004129016769936904,-0.00010678810286570865
wf2023,TS_K70,20230424,-0.007192646215419329,-0.006324225276416127,-0.0008684209390032022
wf2023,TS_K70,20230425,0.003102405000297747,0.003029374875825381,7.303012447236874e-05
wf2023,TS_K70,20230426,0.0017475669846476597,0.002053776164677524,-0.00030620918002986395
wf2023,TS_K70,20230427,0.00019195006363479858,1.2554431321520725e-05,0.00017939563231327832
wf2023,TS_K70,20230428,-0.002940537963396512,-0.002317305318585321,-0.0006238969179510846
wf2023,TS_K70,20230504,-0.0024522197088905733,-0.001861088082967753,-0.0005643116067865883
wf2023,TS_K70,20230505,-4.1410443096238925e-05,0.00032603560705608305,-0.0003714479218356918
wf2023,TS_K70,20230508,-0.0036962219610864894,-0.002799185905513728,-0.0008934912553194524
wf2023,TS_K70,20230509,0.006199352514936538,0.005823338910487455,0.00037034826052353894
wf2023,TS_K70,20230510,0.0005502977973983435,0.0006243634459825911,-7.153954939065671e-05
wf2023,TS_K70,20230511,-2.04270940314423e-05,0.00030451471346322,-0.0003244769325217639
wf2023,TS_K70,20230512,0.0035546971402920695,0.003120167863286569,0.0004214579355195508
wf2023,TS_K70,20230515,0.004246531547548086,0.003910465688659161,0.00035098732966396033
wf2023,TS_K70,20230516,0.004782468499826397,0.004419734989636022,0.00036623466390601323
wf2023,TS_K70,20230517,0.00266740341341806,0.0025112850293929844,0.00015511716638210473
wf2023,TS_K70,20230518,0.005345436798795162,0.00476531661705732,0.0005792376682679965
wf2023,TS_K70,20230519,0.001969978819506997,0.00193811849112086,2.358573793000201e-05
wf2023,TS_K70,20230522,0.0042518034233622074,0.004193931924061208,5.532417478990957e-05
wf2023,TS_K70,20230523,0.002617906473968502,0.002123635837345316,0.0004942706366231853
wf2023,TS_K70,20230524,0.002220239965474583,0.0022306983004647604,-1.0458334990177478e-05
wf2023,TS_K70,20230525,0.0002670113168547752,0.0002652077323867842,1.8035844679921344e-06
wf2023,TS_K70,20230526,-0.001976566656218439,-0.0018101367183914418,-0.00016642993782699705
wf2023,TS_K70,20230529,0.0014627294116477015,0.0013465839867178742,0.00011614542492982759
wf2023,TS_K70,20230530,-0.00105890028124987,-0.0009008489595914238,-0.00015805132165844552
wf2023,TS_K70,20230531,0.0008908535614067024,0.0006523510660405153,0.0002385024953661866
wf2023,TS_K70,20230601,0.0007350256216265144,0.0004892130661694506,0.0002458125554570651
wf2023,TS_K70,20230602,8.43424840526177e-05,0.00012866228713463262,-4.4319803082014646e-05
wf2023,TS_K70,20230605,-0.0027989925078656386,-0.0026335119776306074,-0.00016548053023502854
wf2023,TS_K70,20230606,-0.0006289679399322872,-0.0009447791408537279,0.00031581120092144055
wf2023,TS_K70,20230607,-0.003986492686216097,-0.0036141649198590904,-0.0003723277663570078
wf2023,TS_K70,20230608,0.0008252705503348206,0.00047789079965409925,0.0003473797506807217
wf2023,TS_K70,20230609,0.005170230175409721,0.004739014978976998,0.00043121519643272136
wf2023,TS_K70,20230612,0.0016492073119511847,0.001440825299518444,0.00020838201243274083
wf2023,TS_K70,20230613,0.0005800092176546662,0.0006503795381565008,-7.037032050183516e-05
wf2023,TS_K70,20230614,0.00500414192226816,0.00456880859226346,0.00043533333000469966
wf2023,TS_K70,20230615,0.0028948019426997375,0.0025259655542308355,0.00040129776857842416
wf2023,TS_K70,20230616,0.001889303249711717,0.0015074810128094009,0.0003822436227049472
wf2023,TS_K70,20230619,0.0036941231564413604,0.0031877977416736665,0.0003787386950752493
wf2023,TS_K70,20230620,0.0005959479449358859,0.0013095183477689469,-0.0008778080283596307
wf2023,TS_K70,20230621,0.001188324226260952,0.002529730281340725,-0.0013418290570317332
wf2023,TS_K70,20230626,0.0014592432417110737,0.0011984350518480732,-0.00012485425891109263
wf2023,TS_K70,20230627,-0.0014985814157903827,-0.0004225230576985719,-0.0013891609832367862
wf2023,TS_K70,20230628,0.004392153155752126,0.0040076906358821355,0.0006965642022594984
wf2023,TS_K70,20230629,0.0020423989723591177,0.0020683759242577666,-0.00013881441831508083
wf2023,TS_K70,20230630,-0.0024524425500251153,-0.0020972788409891765,-0.0007805419021314789
wf2023,TS_K70,20230703,0.005190886935891847,0.004864707771701987,0.0004724801607672183
wf2023,TS_K70,20230704,-0.002301358546510029,-0.0014107918537519012,-0.0009667514495748733
wf2023,TS_K70,20230705,-0.0004299069666276879,-0.0005896026585844715,0.0002982947472752608
wf2023,TS_K70,20230706,-0.003670127242577601,-0.0028608058262622627,-0.0011443536572794707
wf2023,TS_K70,20230707,-0.0003509095858604118,1.738119271142638e-05,-0.0003267981098377256
wf2023,TS_K70,20230710,0.001398486290359679,0.0016006167973856172,5.607592525396766e-05
wf2023,TS_K70,20230711,-0.002443779220179453,-0.0016084852554284453,-0.000895265881970204
wf2023,TS_K70,20230712,0.0011932995951819663,0.0009778667046996968,0.0005961840573625152
wf2023,TS_K70,20230713,0.0022056040239617253,0.0020527595902104716,0.0004155399212462309
wf2023,TS_K70,20230714,0.00016370667358684473,0.0003123727514957829,-0.00046296077827739045
wf2023,TS_K70,20230717,-0.0008669018240523889,5.340810065616983e-05,-0.0011322123055452524
wf2023,TS_K70,20230718,-0.003731433933702338,-0.002866346378293999,-0.0005314767964638538
wf2023,TS_K70,20230719,-0.00243522661597877,-0.0015946296976628801,-0.001092437363226297
wf2023,TS_K70,20230720,-0.002909248163478047,-0.002007499133686031,-0.0014014635940460098
wf2023,TS_K70,20230721,0.0014580491400269463,0.0012017789999435487,2.3664713844394683e-05
wf2023,TS_K70,20230724,-0.0016238897567796128,-0.0014866031188210337,6.212271921281432e-05
wf2023,TS_K70,20230725,-0.005141284586170435,-0.0033157054709848973,-0.0019844478074220275
wf2023,TS_K70,20230726,0.0016695620145362024,0.00215658465163412,-0.0006745022388655719
wf2023,TS_K70,20230727,-0.0024930680721179585,-0.001528475852335499,-0.0011111579394006224
wf2023,TS_K70,20230728,-0.0014702810119750932,-0.001965534821235241,0.00020439169610460723
wf2023,TS_K70,20230731,0.0004831600066257211,0.0006678969489302621,-0.0004905704515110713
wf2023,TS_K70,20230801,0.0014174505002864494,0.0012608472059013503,0.00017452674847807654
wf2023,TS_K70,20230802,0.0006004332294895062,0.0009232396070712702,-0.00033601031258887154
wf2023,TS_K70,20230803,0.0038583178238388496,0.0027408734330131804,0.0010288556150461264
wf2023,TS_K70,20230804,-0.0001747920999731964,-0.0009321494089688395,0.0008034324154836999
wf2023,TS_K70,20230807,0.00037790552737877443,0.0007100920689229926,-0.00012805585227929647
wf2023,TS_K70,20230808,-0.0019132369732492022,-0.0010462272142595132,-0.0006243483836232354
wf2023,TS_K70,20230809,-0.0016181449897648124,-0.0012826798824670943,-0.00046159978851370565
wf2023,TS_K70,20230810,0.0011230419610783055,0.0014100585739428098,-0.00014522813705919907
wf2023,TS_K70,20230811,0.0021619083457293797,0.0012841967063419786,0.000905726580967773
wf2023,TS_K70,20230814,-0.0021144178231279264,-0.001448054732412646,-0.000733115169552629
wf2023,TS_K70,20230815,-0.002791035598719585,-0.0018996090483543396,-0.0007816442907348546
wf2023,TS_K70,20230816,0.003712933022946747,0.003018941647732137,0.0006473922333576549
wf2023,TS_K70,20230817,-0.0024503365527618996,-0.0011896749116022004,-0.0010569744275985289
wf2023,TS_K70,20230818,0.0006372524984271542,0.0006506355538844941,-4.2816897536526266e-05
wf2023,TS_K70,20230821,0.004528483967040163,0.0025214189638940025,0.0015593122347895305
wf2023,TS_K70,20230822,-0.0018438330368870486,-0.0012291685198372732,-0.0008459885495680198
wf2023,TS_K70,20230823,0.0012404226061996592,0.0009788482635894092,0.00013056832319046263
wf2023,TS_K70,20230824,-0.0027934162765786766,-0.0010748690293950613,-0.001998487092614255
wf2023,TS_K70,20230825,-0.0023218587801195015,-0.0012544419568939506,-0.000950617110208024
wf2023,TS_K70,20230828,0.009438870486816166,0.006493508076472795,0.0032245981426247557
wf2023,TS_K70,20230829,0.006259175967793609,0.004712353114139167,0.0014660605180004194
wf2023,TS_K70,20230830,0.0010381961451585526,0.0011116233325294995,5.477329385068446e-06
wf2023,TS_K70,20230831,-0.0017752517205956004,-0.0011993211530916454,-0.0007505079332867845
wf2023,TS_K70,20230901,-0.0010209744975747514,-0.0008033201838331184,-0.00030129024270159077
wf2023,TS_K70,20230904,0.0022871269662150654,0.0023687577243985923,-4.837200252608227e-05
wf2023,TS_K70,20230905,0.00152566582228806,0.0012563963900370525,0.00032508985285934947
wf2023,TS_K70,20230906,-0.0005804425883672339,-0.00033759443629770834,-0.00044292353168365626
wf2023,TS_K70,20230907,0.002557148002225882,0.0024283197871648914,0.00021574810910951736
wf2023,TS_K70,20230908,0.002753617226872356,0.0027866396259113887,-0.00018885404834609944
wf2023,TS_K70,20230911,0.0008728509522331522,0.0012037919734683568,-0.00036683739785927104
wf2023,TS_K70,20230912,-0.0040640472809649435,-0.0033857535223446814,-0.0006275101309735295
wf2023,TS_K70,20230913,-0.0011309181357438292,-0.0004287574781559018,-0.0009056113500011858
wf2023,TS_K70,20230914,-0.0005202380416403131,-0.00010399373734909653,-0.0005305593090345496
wf2023,TS_K70,20230915,0.0009720314081183507,0.0007012012627183801,0.00028067892843815657
wf2023,TS_K70,20230918,-0.0037950214077072542,-0.0025783925459768233,-0.0011485442668360513
wf2023,TS_K70,20230919,-0.0006968753813594063,-0.0003255337961373311,-0.00035227797555738305
wf2023,TS_K70,20230920,0.00039065265294078305,6.919997966473327e-05,0.00017406357267784708
wf2023,TS_K70,20230921,0.0073641771248475416,0.005792534879029264,0.0014800682743329543
wf2023,TS_K70,20230922,0.0015964037112647903,0.0016220839707557727,4.7419213808445125e-06
wf2023,TS_K70,20230925,0.0016548652195488701,0.0013888330967020798,0.00031219280368915275
wf2023,TS_K70,20230926,0.0014654013006441128,0.0016742256216180993,-0.00022928513558395443
wf2023,TS_K70,20230927,0.0021357240834955094,0.0012850619959181955,0.0007750367867609762
wf2023,TS_K70,20230928,0.004325609320534248,0.003319605018965369,0.0009024363769424932
wf2023,TS_K70,20231009,0.0006009687256223035,-5.9519678537402274e-05,0.0006061902045680762
wf2023,TS_K70,20231010,0.00323472758393803,0.0026254467964011733,0.0006432478051227509
wf2023,TS_K70,20231011,-0.0018314892106184996,-0.0010812044271683368,-0.0008439940600207579
wf2023,TS_K70,20231012,0.0013108841132571302,0.0009605749112972261,0.00032269929154342793
wf2023,TS_K70,20231013,-0.0012697661752720784,-0.0005699519163900146,-0.0006873676232631784
wf2023,TS_K70,20231016,0.0006641677261087606,0.0012108358833025268,-0.0005912344911188924
wf2023,TS_K70,20231017,-0.0023935030999581164,-0.0023392651166777847,-0.00015451358065777236
wf2023,TS_K70,20231018,0.0006369320502758267,0.0009190560055034893,-0.00023833654989837213
wf2023,TS_K70,20231019,-0.002489607923689149,-0.0011929876867220548,-0.0012913380596287832
wf2023,TS_K70,20231020,-0.0024610914566945905,-0.002546719226963767,2.095091669814901e-05
wf2023,TS_K70,20231023,0.001350557369754181,0.0003314126809361525,0.0009900776480836918
wf2023,TS_K70,20231024,-0.0016172751352609236,-0.001669850587297102,0.0002591261967008834
wf2023,TS_K70,20231025,0.001314160051089168,0.0017713666613809998,-0.0002828330403129636
wf2023,TS_K70,20231026,0.0015221834715044048,0.002621826973965147,-0.0010655554033887848
wf2023,TS_K70,20231027,0.004371349828699491,0.003038722102150395,0.0012226188288851957
wf2023,TS_K70,20231030,-0.0012680988891544342,-0.0003124264470603644,-0.0010041204446219355
wf2023,TS_K70,20231031,-0.0005091098434638337,-6.156152384602772e-05,-0.0005693412721340868
wf2023,TS_K70,20231101,-0.00166062660122138,-0.0007797916134103104,-0.0009573029336329855
wf2023,TS_K70,20231102,0.006371728572667549,0.004810589586189156,0.0014789207855000085
wf2023,TS_K70,20231103,0.007031099563725586,0.004415235870532257,0.0025750153220154455
wf2023,TS_K70,20231106,0.0033737070703690223,0.0018170609013498486,0.001539722571896941
wf2023,TS_K70,20231107,0.001846761779797122,0.0008043213506522688,0.0010067869857640385
wf2023,TS_K70,20231108,-0.001294884412193738,-0.00014597684151595645,-0.0012213004889550883
wf2023,TS_K70,20231109,-0.000365714922211447,0.0005344901400645761,-0.0008312934204675531
wf2023,TS_K70,20231110,0.002596438080313526,0.0016625069827992563,0.0009471543373561823
wf2023,TS_K70,20231113,0.00236163117780364,0.001036489364626839,0.0012491127208711355
wf2023,TS_K70,20231114,0.0009336605604202373,0.0008323092555138988,7.664569853313988e-05
wf2023,TS_K70,20231115,-0.0017100545857615572,-0.0015914207359963612,-0.00016430268976665765
wf2023,TS_K70,20231116,0.003061544610649102,0.002748324266965746,0.0002789930799039839
wf2023,TS_K70,20231117,0.0009715162581094058,0.00048411237197129006,0.0005644519677623056
wf2023,TS_K70,20231120,-0.0029238784994649733,-0.0018260803859669516,-0.0011350802164994502
wf2023,TS_K70,20231121,-0.0020382731076631754,-0.0009139693985951188,-0.0011142066252843327
wf2023,TS_K70,20231122,0.0014807084689012259,0.0014947522638326693,3.5200682800694174e-06
wf2023,TS_K70,20231123,-0.0029949465834929034,-0.001117771772590688,-0.0019618079324578794
wf2023,TS_K70,20231124,0.0038733001215028014,0.0033861223512096344,0.0004370579923318003
wf2023,TS_K70,20231127,0.0017907584722278705,0.0016730057920543492,0.0001145761674543459
wf2023,TS_K70,20231128,0.0006390400799981995,0.0007377302289008893,-0.0001223684061121775
wf2023,TS_K70,20231129,-0.0026360759466260474,-0.0019454104438314098,-0.0007805768401798198
wf2023,TS_K70,20231130,0.002885161134665243,0.0017814358336569827,0.0010767830670002638
wf2023,TS_K70,20231201,-0.0012897726605785045,-0.0012123882992674168,-8.19302472260968e-05
wf2023,TS_K70,20231204,-0.004883374249522572,-0.00359750589208987,-0.001314055820216309
wf2023,TS_K70,20231205,0.00040025921491180366,0.0007231216044732114,-0.0003511829836596413
wf2023,TS_K70,20231206,-0.000690692812445205,-0.0005970112071285267,-0.00014108186055517734
wf2023,TS_K70,20231207,0.0034824229159664396,0.003161370535709574,0.0003300499615183964
wf2023,TS_K70,20231208,0.0012911596720722729,0.0006215694468350251,0.0006351501267205274
wf2023,TS_K70,20231211,-0.001170627119985796,-0.0011143158292344411,-9.167836773711201e-05
wf2023,TS_K70,20231212,-0.0014761279078067992,-0.001052774332968022,-0.00043054082222480423
wf2023,TS_K70,20231213,-0.0034579102122458166,-0.002456341602993973,-0.0010710076879547861
wf2023,TS_K70,20231214,-0.00159247998783553,-0.0015572870395184112,-6.429560321911338e-05
wf2023,TS_K70,20231215,-0.0003319397128450242,-2.625145460894343e-05,-0.0003536098419580413
wf2023,TS_K70,20231218,0.0025497408872917696,0.002028598394200621,0.000560911693523278
wf2023,TS_K70,20231219,0.00036038594539334647,0.0011452070273931243,-0.0007714859816786079
wf2023,TS_K70,20231220,0.0007682160040388356,0.0007059971742699735,2.127284579501898e-05
wf2023,TS_K70,20231221,-0.0009083287451110249,0.0008526052006381182,-0.0017192546115520884
wf2023,TS_K70,20231222,0.0037911703693164047,0.0032971381878355464,0.00034514226054746684
wf2023,TS_K70,20231225,-0.003633772704806441,-0.0027386086966088396,-0.0008921094201102276
wf2023,TS_K70,20231226,0.0005329466979351917,0.00041077984393729684,0.00012402795774634084
wf2023,TS_K70,20231227,0.0054572806364851165,0.005370784337431632,7.82252992369518e-05
wf2023,TS_K70,20231228,0.004166781018069015,0.0026165137882567706,0.0015094320280309439
wf2023,TS_K70,20231229,-0.0019280983402351823,-0.0004180502600450899,-0.001506634849117505
confirm2024,H01,20240102,-0.0017442164088293803,-0.0004344658925479199,-0.0014163610948543276
confirm2024,H01,20240103,-0.003397428745482924,-0.0029896444804065297,-0.00028204795062612535
confirm2024,H01,20240104,-0.005003814012630333,-0.003807362732982988,-0.001155228776690353
confirm2024,H01,20240105,7.129347385435164e-05,0.0003890152718610821,-0.0003933310080033258
confirm2024,H01,20240108,0.0025236259105727906,0.002235082259821548,0.0001339218869718711
confirm2024,H01,20240109,-0.0014589615719081753,-0.0006993426363184153,-0.0006891537839186216
confirm2024,H01,20240110,0.004880056516398779,0.0034983000095639024,0.0014478942959619703
confirm2024,H01,20240111,-0.0017812384372418808,-0.0005225066385679027,-0.0012754481827927135
confirm2024,H01,20240112,-0.0031993973770125623,-0.0029617220562116364,-0.00028874494706155685
confirm2024,H01,20240115,0.0024244679561975296,0.002861373250312743,-0.0004745525206065019
confirm2024,H01,20240116,-0.003918487288940724,-0.0027368660942117934,-0.001266062225001699
confirm2024,H01,20240117,0.005922040414074698,0.004599251449048448,0.0013344113394655474
confirm2024,H01,20240118,-0.002846726207153403,-0.0019988843527779096,-0.0009374114282462814
confirm2024,H01,20240119,-0.003467754141942586,-0.0018539134659041915,-0.0015796143112990165
confirm2024,H01,20240122,0.0003698995741186883,0.0007310958032681759,-0.00032076971204025205
confirm2024,H01,20240123,-0.007153874254522808,-0.005728331316158205,-0.0015264423001305155
confirm2024,H01,20240124,0.0011070715551890972,0.0009087900994954386,7.308914941978297e-05
confirm2024,H01,20240125,-0.004369760081698899,-0.002392459922636578,-0.0020010568147671346
confirm2024,H01,20240126,-0.008417001845572834,-0.004886629367618215,-0.003295514038576943
confirm2024,H01,20240129,-0.0023140814626275985,-0.0007763858616886101,-0.0017800379294531437
confirm2024,H01,20240130,-0.006117119729788449,-0.00217709838379054,-0.00399809802191658
confirm2024,H01,20240131,0.002553418337457895,0.003496991414682634,-0.0008974166916064133
confirm2024,H01,20240201,-0.005511105554555175,-0.002011827882272826,-0.003591986983869393
confirm2024,H01,20240202,-0.013357050743473528,-0.0031191546910171557,-0.010347764305723922
confirm2024,H01,20240205,0.003605121438023374,0.010563621345097042,-0.006815254065668218
confirm2024,H01,20240206,-0.005620994059285917,0.0026255576349630667,-0.008486160128571105
confirm2024,H01,20240207,0.017133053781606733,0.008325337016141758,0.008792800638164953
confirm2024,H01,20240208,0.009312243746423636,0.0017825907046834682,0.0076364698152498675
confirm2024,H01,20240219,0.0030294878665312157,0.0004046173589243686,0.0026838436188539663
confirm2024,H01,20240220,0.005565999746542753,0.002998550447624678,0.002547374060000891
confirm2024,H01,20240221,0.006580601697084666,0.002451503647737863,0.00409711689858207
confirm2024,H01,20240222,0.009116657904943593,0.0043131545346380565,0.004831854618659599
confirm2024,H01,20240223,0.008613371095262798,0.00508774717003136,0.0035408120770618005
confirm2024,H01,20240226,0.005510007168860808,0.0022773970126637034,0.003270274624902418
confirm2024,H01,20240227,-0.01052457559752857,-0.0014917762116207164,-0.00908227187401888
confirm2024,H01,20240228,0.005614667012358819,0.0022960021652327738,0.003300996490706098
confirm2024,H01,20240229,0.006751622814841037,0.004585830269459386,0.0021463449495806182
confirm2024,H01,20240301,-0.0030017014530859957,-0.003155177302377227,0.0001268871403783684
confirm2024,H01,20240304,-0.0012071530694589359,0.001508305009736255,-0.0025927385655206917
confirm2024,H01,20240305,0.0065330115151815745,0.0048244988984288825,0.0017044288685255842
confirm2024,H01,20240306,-0.0010358294267802876,-0.00022934698724461154,-0.0007963326437390124
confirm2024,H01,20240307,0.002630234471867261,0.0018202012646704882,0.0007915483384590494
confirm2024,H01,20240308,0.008296240099354042,0.006256702490480901,0.0020344757226806722
confirm2024,H01,20240311,0.00478677825193846,0.0024845083438539035,0.0023088412211024452
confirm2024,H01,20240312,0.001407050935362775,0.0005388432323238648,0.0008641587460107132
confirm2024,H01,20240313,-0.0031282363207126643,-0.0027027258938134647,-0.0004440603531527018
confirm2024,H01,20240314,0.00039696499457520136,-0.0003987063655355451,0.0008037630646533464
confirm2024,H01,20240315,0.0033910528451181546,0.002171050230428835,0.0012160161383043533
confirm2024,H01,20240318,0.0027475330391279968,0.001986186313646244,0.0007573858443524076
confirm2024,H01,20240319,0.0012098609375819948,-6.820425782969042e-07,0.0011976886482447794
confirm2024,H01,20240320,0.00013354967993049445,-0.00029824891207244587,0.0004215311700902857
confirm2024,H01,20240321,-0.0021737123101059335,-0.0017997548613984842,-0.0003760684821350686
confirm2024,H01,20240322,-0.0015083446487115654,0.0004991225590706822,-0.002019128287612468
confirm2024,H01,20240325,0.00119058419457512,0.001080216493547247,0.00011583799270826041
confirm2024,H01,20240326,-0.004438012454700956,-0.002117293539136513,-0.0023078766835926646
confirm2024,H01,20240327,0.003121924072370885,0.0010492655504464672,0.002066705682954285
confirm2024,H01,20240328,0.0014947005032751159,0.0012560007214341572,0.00021555557968946758
confirm2024,H01,20240329,0.0038510702199262455,0.002376186494104844,0.00147125632491625
confirm2024,H01,20240401,-0.001742937597293119,-0.0016838440263463653,-6.675230294374426e-05
confirm2024,H01,20240402,-0.004156986900965216,-0.003392618760142626,-0.0007820760048334074
confirm2024,H01,20240403,-0.006416478407604283,-0.0045099568503789945,-0.0019067557833608196
confirm2024,H01,20240408,0.005034210356765531,0.0033036882837923823,0.001734907069785051
confirm2024,H01,20240409,-0.003680760153577843,-0.0016481489397527083,-0.002017720461556223
confirm2024,H01,20240410,0.00026141760562850124,0.000609874506691945,-0.0003841780058116803
confirm2024,H01,20240411,0.0011883107595746277,0.0013541072119519376,-7.729311026620625e-05
confirm2024,H01,20240412,-0.004458408055511814,0.0010173243550117795,-0.005481989637102937
confirm2024,H01,20240415,-0.01054793500638583,-0.004394560256609374,-0.006227095561513787
confirm2024,H01,20240416,0.011588841248309258,0.006868531631743535,0.004707100277060808
confirm2024,H01,20240417,-0.0018386323291008527,-0.0011864437350223968,-0.0006398057855600335
confirm2024,H01,20240418,-0.0038987678097092077,-0.0028032126399033207,-0.0011337327817343946
confirm2024,H01,20240419,0.006472913616341362,0.006981439052263173,-0.00045312403505960133
confirm2024,H01,20240422,0.005967113476333493,0.003349911514028305,0.0025842756809301725
confirm2024,H01,20240423,0.003708280251863271,0.0017600094530317032,0.0019757091364596296
confirm2024,H01,20240424,0.0012248654301266109,0.0011568569051196307,6.789624174639583e-05
confirm2024,H01,20240425,0.003987885624450524,0.0031508600248350803,0.0007994003475207155
confirm2024,H01,20240426,0.006947777687428498,0.004978191679097179,0.0019446131484530315
confirm2024,H01,20240429,-0.0032492777221985857,-0.0028370983467462495,-0.00043871220917537517
confirm2024,H01,20240430,0.002111131193616913,0.0015205691550636044,0.0006297421153673615
confirm2024,H01,20240506,0.002775318500857919,0.002031171545867909,0.0007384698222725292
confirm2024,H01,20240507,-0.002132137517437443,-0.0014635815007947807,-0.0006303847335581811
confirm2024,H01,20240508,0.004434380354669821,0.004100681203074759,0.00031603762765491786
confirm2024,H01,20240509,-0.00025289423325206874,0.000714047436899371,-0.0010057924030449216
confirm2024,H01,20240510,-0.002428247549187735,-0.0006737273820982457,-0.0017745276375731127
confirm2024,H01,20240513,0.0021436634563837004,0.0016414536518775573,0.0005780674438394688
confirm2024,H01,20240514,-0.0010321358394758699,-0.0009914686979783111,-3.304282885102572e-05
confirm2024,H01,20240515,0.0003937361957522924,0.0004180105598424696,2.4240595728422618e-05
confirm2024,H01,20240516,0.0007359744146009355,0.0007388382838914435,1.1372189474817521e-05
confirm2024,H01,20240517,0.0003249298350682028,0.00016102398609109023,0.0001591053020897556
confirm2024,H01,20240520,0.00035364521760143826,0.0009336025596182217,-0.000553871856472088
confirm2024,H01,20240521,0.005268962835545907,0.004943669298567573,0.0003724559948200497
confirm2024,H01,20240522,0.002105739440610061,0.0027470902417542774,-0.0006335114124222813
confirm2024,H01,20240523,-0.0008679543224816184,-0.00026247864274606396,-0.000639062743900961
confirm2024,H01,20240524,-0.0006193751464916549,-0.0005420905503273747,-9.172037969684128e-05
confirm2024,H01,20240527,0.00040942211851599346,0.0005148447284977788,-0.00012149292480307839
confirm2024,H01,20240528,0.0032041978868279685,0.0027809729445324623,0.00043175164099399645
confirm2024,H01,20240529,0.002687434395828598,0.0026602436793761357,7.311474034765188e-06
confirm2024,H01,20240530,0.0012432278177583874,0.0006039426938732669,0.0006519745909351749
confirm2024,H01,20240531,-0.0012818165594614024,-0.0006279315934960045,-0.0006358150307632112
confirm2024,H01,20240603,0.0004951894260656628,0.0018856196578097657,-0.0013982008633813723
confirm2024,H01,20240604,0.002981836133673761,0.0035251541787462383,-0.0005634085751361498
confirm2024,H01,20240605,-0.002458041180056242,-0.0003832490841079889,-0.0020814875463009536
confirm2024,H01,20240606,0.0012636517269618112,0.00027607017465846543,0.0009792710776846518
confirm2024,H01,20240607,0.005862528766191959,0.004789689102990466,0.0010762250006719754
confirm2024,H01,20240611,0.00031705502191988616,-0.0007147568470605198,0.001031313856236826
confirm2024,H01,20240612,0.0033149370230582302,0.0029796362588416885,0.0003420147401787363
confirm2024,H01,20240613,-0.0008556975727360917,-0.0006648276209244682,-0.00017637498451306447
confirm2024,H01,20240614,0.0027535770633317037,0.0027914650887319674,-4.470354837121164e-05
confirm2024,H01,20240617,-0.0007158965403873518,-0.0013299471338810139,0.0005943470644297347
confirm2024,H01,20240618,-0.0014609524499666583,-0.0012984436779582694,-0.0002073782059037362
confirm2024,H01,20240619,-0.000157786119073397,0.0003938509522256578,-0.0005441438070540197
confirm2024,H01,20240620,-0.00025284866094358953,-0.00015315819597879702,-0.0001351101698049749
confirm2024,H01,20240621,-0.002225588977394069,-0.0005675671298747755,-0.0016580218475192954
confirm2024,H01,20240624,-0.004847628546138778,-0.004752838737454506,-9.478980868427199e-05
confirm2024,H01,20240625,0.0031229702621869693,0.0014001560385021106,0.0016953782059398116
confirm2024,H01,20240626,0.00010339003411798803,0.0007342963021317156,-0.0005934421167728658
confirm2024,H01,20240627,0.00013076728283703976,0.0001341684233109291,-2.6143728512370475e-05
confirm2024,H01,20240628,-0.0030305277859300163,-0.0029170886797563783,-0.00016316145329894826
confirm2024,H01,20240701,-0.0013120028803177987,-0.0012178402643911704,-0.00013530094837366647
confirm2024,H01,20240702,0.0036665650806206266,0.0037964073876998105,-0.00014173714063171094
confirm2024,H01,20240703,0.00048101353971746405,0.0012117869439017153,-0.0006670199300985644
confirm2024,H01,20240704,0.0035155990902193106,0.0026590996501600654,0.0007633748360330202
confirm2024,H01,20240705,-0.001867518020386181,-0.0010630957287402262,-0.000800186064694418
confirm2024,H01,20240708,0.001195204792363961,0.0010196198356960942,0.0001275209727241792
confirm2024,H01,20240709,0.0020798380900229696,0.0019429554833701901,3.701691070775716e-06
confirm2024,H01,20240710,0.0033679981097703877,0.0022936991846714185,0.000976937187845673
confirm2024,H01,20240711,0.0013998268931183669,0.0014905729516479704,-0.00022539258900488627
confirm2024,H01,20240712,-0.0023488598297211997,-0.001293279127789763,-0.0011334828349636888
confirm2024,H01,20240715,0.0038922744141665455,0.003675274938508147,0.00016051338010927951
confirm2024,H01,20240716,0.001265708465139282,0.0019839896517223005,-0.0007806284596550081
confirm2024,H01,20240717,1.0022914176033803e-05,0.0005203401852487499,-0.0005663622774158536
confirm2024,H01,20240718,0.004359538935404963,0.0038091314774075036,0.0004173909236126283
confirm2024,H01,20240719,0.002367275620528319,0.0016263104173776018,0.0006850316207856334
confirm2024,H01,20240722,-0.0034586209755241605,-0.002838346875137465,-0.000655925303149651
confirm2024,H01,20240723,-0.001379182486160202,-0.0005688765537106909,-0.0008617908037927991
confirm2024,H01,20240724,0.001303943365897584,0.001105670658043622,0.0001452698560495129
confirm2024,H01,20240725,0.0006403146848630789,-0.0001292155458886054,0.0007051724213521527
confirm2024,H01,20240726,-0.00125939154815707,-0.00100292927130915,-0.00028525101423662006
confirm2024,H01,20240729,0.0006800527737126803,0.0006241839923827083,7.6429953044579e-05
confirm2024,H01,20240730,0.004769775445511132,0.0036356483612231035,0.0010808088141881292
confirm2024,H01,20240731,-0.0004116978582034941,-0.0006018574334067679,0.00012326916741406467
confirm2024,H01,20240801,-0.00019125061161076075,0.0002698330731493734,-0.00040657967754499213
confirm2024,H01,20240802,-0.0012497796688710067,-0.0003609104428786617,-0.0009114464330749791
confirm2024,H01,20240805,0.003290706041020622,0.002151383765161452,0.0011290170769739196
confirm2024,H01,20240806,0.0022816343336822227,0.0021852473262895865,7.292053757060648e-05
confirm2024,H01,20240807,-0.0032154609985768348,-0.002860760152492827,-0.0004457087293255325
confirm2024,H01,20240808,0.0018821701615797425,0.0019545921480993234,-0.00011545137922070017
confirm2024,H01,20240809,-0.0007232463366566707,-0.0003654885569786453,-0.0003839691681314947
confirm2024,H01,20240812,0.0007095191056505209,0.0005733998229488228,8.073919903706762e-05
confirm2024,H01,20240813,-0.0029441457370529747,-0.002812796800022415,-0.00015402202375682154
confirm2024,H01,20240814,-0.0011567048814031793,-0.0013847724146623906,0.0002148405262488693
confirm2024,H01,20240815,0.0023464926552694615,0.002073375969103461,0.0002547790810276071
confirm2024,H01,20240816,-0.002510486540337873,-0.0021666602245427637,-0.00038274838959835
confirm2024,H01,20240819,-0.000456222116938694,5.411723923853069e-05,-0.00047513957930025194
confirm2024,H01,20240820,0.0014412629242176109,0.0009592289491858589,0.0004757557740831563
confirm2024,H01,20240821,-0.0007279818070105443,-0.00016282364937235405,-0.0005925913102907159
confirm2024,H01,20240822,-0.0008945436872128251,-0.0007835372956291306,-9.30126078498665e-05
confirm2024,H01,20240823,-0.0016478568935711004,-0.0022541597556992067,0.0005957547264994625
confirm2024,H01,20240826,-7.364923285630917e-05,0.0005912228425128011,-0.0006591764643184717
confirm2024,H01,20240827,0.0018463198613817506,0.0011637361168622092,0.000702755020984198
confirm2024,H01,20240828,0.005463300117026736,0.00404673878487475,0.0014370068989169702
confirm2024,H01,20240829,0.0017380559917541116,0.0007879141237589643,0.0009176397207406595
confirm2024,H01,20240830,-0.0033696157100946682,-0.0028272329080386246,-0.0006062659946112253
confirm2024,H01,20240902,0.004649697556298097,0.003490653572479237,0.0011715334805802815
confirm2024,H01,20240903,0.0012732145317623025,0.0011738535345539411,7.214155630753445e-05
confirm2024,H01,20240904,0.0012419145370896629,0.0008158986968467014,0.0004142721406687668
confirm2024,H01,20240905,-0.0023119274301036177,-0.0011781778160085438,-0.0011390005787374204
confirm2024,H01,20240906,-0.0004942242897756546,-0.000994561198683046,0.00046781046385589557
confirm2024,H01,20240909,0.0014174441178836945,0.0005455299931361265,0.0008560048437441161
confirm2024,H01,20240910,0.004425233061872681,0.00388378320504007,0.0005198375446822317
confirm2024,H01,20240911,-0.0009741743998195429,-0.000622401104924911,-0.00038970599307383276
confirm2024,H01,20240912,-0.002101678534215074,-0.00128989336025036,-0.0008440975128040596
confirm2024,H01,20240913,-0.002187621007411704,-0.0016956910083560071,-0.000471651623952155
confirm2024,H01,20240918,-0.0003412036283074807,-0.0007796982074423488,0.0003996300395049917
confirm2024,H01,20240919,-0.0006062493296621467,-0.000572605814491887,-5.5395247198578685e-05
confirm2024,H01,20240920,-0.0005197994827581378,-0.0004960274645975818,-2.5959944281856958e-05
confirm2024,H01,20240923,0.004136330800280419,0.004346694327577814,-0.00021179485280830847
confirm2024,H01,20240924,-0.0014578525609832051,-0.0012669930035884337,-0.00019425011391880565
confirm2024,H01,20240925,0.001798832955622054,0.0016563191217358096,0.0001197791322904061
confirm2024,H01,20240926,0.012495385881817006,0.010394198791274081,0.0021515099885032717
confirm2024,H01,20240927,0.020680913326743697,0.017234960497327888,0.0035534003303493242
confirm2024,H01,20240930,0.03209753797861008,0.020229412392526656,0.011868125586083427
confirm2024,H01,20241008,-0.003988245784365227,0.0018894224204501209,-0.005877668204815347
confirm2024,H01,20241009,0.006723075024580648,0.006393358848131406,0.00022379877835463187
confirm2024,H01,20241010,0.0026999974914572386,0.0032750226382702243,-0.000639392284577799
confirm2024,H01,20241011,-0.0030459507474300783,-0.0027089002633406047,-0.00024594634839269743
confirm2024,H01,20241014,0.0005025654859203404,0.000630573933333785,-0.0001069568296802776
confirm2024,H01,20241015,-0.00138636642986082,-0.0015259384980591583,8.805015705947605e-05
confirm2024,H01,20241016,0.0003587639784377707,0.0005937449038436097,-0.00025806983057680214
confirm2024,H01,20241017,-0.0003262452355831981,0.00025614354179007024,-0.0005759804721805108
confirm2024,H01,20241018,-0.0016656892363151685,-0.0008158595968678398,-0.0008700253716622623
confirm2024,H01,20241021,0.0038240297736635807,0.003009536314975414,0.0008332329555675473
confirm2024,H01,20241022,0.0007113449933034929,0.00026913673360036877,0.0003980274648520236
confirm2024,H01,20241023,8.680088971333138e-05,-0.0002917972331623782,0.00034577823844197334
confirm2024,H01,20241024,-0.001229963556414089,-0.0011572647332218115,-9.0721056435258e-05
confirm2024,H01,20241025,-0.006875401979940878,-0.007041080110870399,0.00014130851860944967
confirm2024,H01,20241028,0.0035160822243454556,0.0033949740951092727,9.10458522401212e-05
confirm2024,H01,20241029,-0.0011513822966178117,-0.0012214336024234254,1.1310991623170917e-05
confirm2024,H01,20241030,-0.007192628852244832,-0.006498991984169769,-0.0007075642156781086
confirm2024,H01,20241031,0.007550096405610003,0.00422329356278137,0.003345202356938296
confirm2024,H01,20241101,0.0028364337995498527,0.0028177269852913017,-2.4771454723044494e-05
confirm2024,H01,20241104,-0.004064224011102312,-0.002272927554896448,-0.001706767506739264
confirm2024,H01,20241105,-0.0005582100113280444,-0.0005655220245407592,-1.5899004713878022e-05
confirm2024,H01,20241106,-0.0036497806857150247,-0.0038295607917745787,0.00011885272596482617
confirm2024,H01,20241107,0.0013768689403653744,0.00224085923828164,-0.0008221351402867879
confirm2024,H01,20241108,-1.8967604009430955e-05,0.0010844486437044261,-0.001037057842754281
confirm2024,H01,20241111,0.0030543902784096874,0.0022706187747451186,0.0007816734372623257
confirm2024,H01,20241112,0.0012853477962128904,0.0012795738148815286,0.0001245437306700392
confirm2024,H01,20241113,0.003538525097119105,0.0025912213433528846,0.0008984154350874234
confirm2024,H01,20241114,0.0024206845383241728,0.0012176740302461265,0.0011482611206292826
confirm2024,H01,20241115,0.0016898465062048819,-0.0008966106433314523,0.0026168612816705288
confirm2024,H01,20241118,0.0018504179929105247,0.0029734274206111304,-0.0011610890115604697
confirm2024,H01,20241119,-0.004759217741090446,-0.004042149494887241,-0.0007235431074366083
confirm2024,H01,20241120,5.21244138300429e-05,-0.00012777917713607752,0.00017858533460996814
confirm2024,H01,20241121,-2.5976153956032422e-05,-0.0006558669294083844,0.0006259516592798256
confirm2024,H01,20241122,-0.0006355272075594613,-0.0006219326613367405,-7.904926169984395e-05
confirm2024,H01,20241125,0.0011630184047874163,0.0005083740178756231,0.0006666693197232124
confirm2024,H01,20241126,0.0020299979319913786,0.0027346762043926392,-0.0007514648270984449
confirm2024,H01,20241127,-0.002386242416096556,-0.002487089593876338,9.392654879509816e-05
confirm2024,H01,20241128,0.0013379747226604632,0.001870204779608224,-0.0005717405027023917
confirm2024,H01,20241129,-0.0023244068694760166,-0.0015394308419242873,-0.0008062251265514415
confirm2024,H01,20241202,0.000629928911028416,0.00042114588837368375,0.0001905024529308028
confirm2024,H01,20241203,0.001546551482028988,0.0009500799393158912,0.0005427856473449908
confirm2024,H01,20241204,-0.0019367159461474697,-0.0007338565109558545,-0.001182915878151115
confirm2024,H01,20241205,-0.0020763222283694347,-0.0025850314320801197,0.0004899926475983961
confirm2024,H01,20241206,0.0032545678788543707,0.0029427663026462365,0.0003621875448761173
confirm2024,H01,20241209,-0.0011043879297745396,-0.00025166058912691014,-0.0008773154728283952
confirm2024,H01,20241210,-0.001934356184690858,-0.0016771110347548635,-0.00029598344487323736
confirm2024,H01,20241211,-0.00013771907942538436,-0.00029639126586558694,0.0001351148403764833
confirm2024,H01,20241212,-0.0001516056163472744,-0.00031644203021198895,0.0001552853802215294
confirm2024,H01,20241213,0.0006127444369616345,-0.0004903201726356009,0.0011417189523661691
confirm2024,H01,20241216,0.007922567804441658,0.005777231404233304,0.0021635444277567726
confirm2024,H01,20241217,0.000606191452848695,0.0008578321237106244,-0.0002831748525044367
confirm2024,H01,20241218,0.002436717847238977,0.002917539107733808,-0.0005123356957101306
confirm2024,H01,20241219,-0.0008785286214128309,0.00022704368858834017,-0.0011072516475103958
confirm2024,H01,20241220,0.006921777155634114,0.003858484511848493,0.003062479642126332
confirm2024,H01,20241223,0.0036549971984817364,0.003111088067284073,0.0005589173027431389
confirm2024,H01,20241224,0.0050541049424329375,0.0034833880249694558,0.0015664385403378642
confirm2024,H01,20241225,0.0005382863822777067,0.0019866470836772806,-0.0014382793529854106
confirm2024,H01,20241226,-0.0026352595266161414,-0.002821145892190237,0.00016947051551355206
confirm2024,H01,20241227,0.001194230243524842,0.0001921183805602584,0.0009609672022540214
confirm2024,H01,20241230,0.002214345454890427,0.0006867879252131172,0.0015491341276654671
confirm2024,H01,20241231,0.00092995152355594,0.0015025496133484176,-0.0005893489947937155
confirm2024,LH019,20240102,-0.0024192439317079315,-0.003518360192587328,0.00099250568230653
confirm2024,LH019,20240103,-0.000594558504095215,-0.0009118407835979494,0.0004430185939530029
confirm2024,LH019,20240104,-0.000292795268621332,-0.002112385914962083,0.0018608131492977454
confirm2024,LH019,20240105,-0.001017364803917474,-0.0009328643603823812,-0.00016010965353169417
confirm2024,LH019,20240108,0.0022401535817598676,0.0013271920583105671,0.0007583397596699288
confirm2024,LH019,20240109,-0.0012421525981580715,-0.00380213546726286,0.0026304480207759284
confirm2024,LH019,20240110,0.0010688269086242333,0.003314118973447323,-0.0021791542756959947
confirm2024,LH019,20240111,-0.00022771317264431556,-0.0023605391590563528,0.0021161096022933
confirm2024,LH019,20240112,-0.0022195460487897025,-0.002566098233494746,0.0002954825584444127
confirm2024,LH019,20240115,-0.0003550177569185608,-0.0008566200386532476,0.0004639550552433981
confirm2024,LH019,20240116,-0.0005549557638198852,-0.001664608927703665,0.0010252121336110115
confirm2024,LH019,20240117,-0.004767411219137827,-0.003154705350038471,-0.0016010834946600565
confirm2024,LH019,20240118,-0.001459547681236708,-0.002725212104207186,0.0011760948490996915
confirm2024,LH019,20240119,-0.007085628089550149,-0.006507798400856976,-0.0005436033239537967
confirm2024,LH019,20240122,-0.006458060826922662,-0.0049626062175550986,-0.0014550280922583276
confirm2024,LH019,20240123,-0.004222304886552718,-0.0045838076796679604,0.00026060343134932896
confirm2024,LH019,20240124,0.00614900533738072,0.004733946517604032,0.0012898665135028086
confirm2024,LH019,20240125,-0.0009083052765918951,-0.001848321345823566,0.0009162594135268578
confirm2024,LH019,20240126,-0.004815668186710545,-0.006089695178931794,0.0015088854315989254
confirm2024,LH019,20240129,-0.0021920008394048715,-0.0025761760014456243,0.00014183283352660114
confirm2024,LH019,20240130,-0.01001686236740245,-0.009644218652340558,-0.00043072039098055663
confirm2024,LH019,20240131,-0.0008511166910708315,8.915471270342043e-05,-0.0008941150181559256
confirm2024,LH019,20240201,-0.01178464605491563,-0.00919675576752427,-0.0026805995989784173
confirm2024,LH019,20240202,-0.02745157949396182,-0.023565544504764054,-0.003995903242465299
confirm2024,LH019,20240205,-0.007164602535713532,-0.005259131691476718,-0.0017622250028313633
confirm2024,LH019,20240206,-0.01830973678234618,-0.016355910622333023,-0.002193434594335272
confirm2024,LH019,20240207,0.033606170355964346,0.02607734404361968,0.007513910185044648
confirm2024,LH019,20240208,0.012899914109803796,0.008193615802896244,0.004813115080417258
confirm2024,LH019,20240219,0.004125446951333591,0.0021866139737822038,0.0019978060887985054
confirm2024,LH019,20240220,0.007193248893544717,0.0045926551336066025,0.0025805185210209273
confirm2024,LH019,20240221,0.010363681472401604,0.006520576493370679,0.003811123828266194
confirm2024,LH019,20240222,0.012228071320352953,0.007264851398225787,0.004991571170481232
confirm2024,LH019,20240223,0.012547193648222916,0.009020666642042138,0.003541715158011138
confirm2024,LH019,20240226,0.006680872373703132,0.0033247699898336963,0.0033937668525747472
confirm2024,LH019,20240227,-0.021581130115945722,-0.012459707848512164,-0.009170894755544572
confirm2024,LH019,20240228,0.007930946137273659,0.004312946913038631,0.003600330867815086
confirm2024,LH019,20240229,0.010258450828062413,0.00775520680232004,0.002483796429941342
confirm2024,LH019,20240301,-0.002900775199076732,-0.0032117057773968696,0.0002843418694072749
confirm2024,LH019,20240304,-0.0048188380356560066,-0.0019875901522025613,-0.0027085283697789488
confirm2024,LH019,20240305,0.006557787562045244,0.0042304168395050044,0.00232328697431313
confirm2024,LH019,20240306,0.005820186141396257,0.006488321451760218,-0.0006579855145672986
confirm2024,LH019,20240307,0.0008842339584519913,-0.00010700966676632968,0.0009727587564806049
confirm2024,LH019,20240308,0.005435464715264984,0.0035709855868274556,0.0018594172422450553
confirm2024,LH019,20240311,0.004107850870676643,0.0017489918573026994,0.002365430326391835
confirm2024,LH019,20240312,0.002657974681259824,0.0017264237204236929,0.0009275020038079347
confirm2024,LH019,20240313,-0.000994050525711103,-0.0006171398582606888,-0.00039546059370391593
confirm2024,LH019,20240314,0.004524209115908909,0.0035655432230448257,0.000966757597406683
confirm2024,LH019,20240315,0.004184601482005775,0.002635781598109197,0.0015448334075116137
confirm2024,LH019,20240318,0.004345508388252434,0.0034896677330887335,0.0008518797740343566
confirm2024,LH019,20240319,0.003672304710241426,0.002202861005725613,0.0014565893726002986
confirm2024,LH019,20240320,0.0001228342757916398,-0.0003022118558386783,0.0004147787097176633
confirm2024,LH019,20240321,-0.0022399013001388555,-0.0020195115226807445,-0.00022250081088572645
confirm2024,LH019,20240322,-0.002525972498289921,-0.0008875095300971708,-0.001650124048022971
confirm2024,LH019,20240325,0.0023468825637887134,0.001919158388312001,0.0004331944671570997
confirm2024,LH019,20240326,-0.0025405960457412294,-0.0008036830501155917,-0.0017240707636538564
confirm2024,LH019,20240327,0.004457348571616594,0.0028374747737375918,0.0016139209589088608
confirm2024,LH019,20240328,0.0024345657478263456,0.0021017595301842562,0.0003096620154905968
confirm2024,LH019,20240329,0.004897143303994031,0.0037294446394937606,0.0011640712635951132
confirm2024,LH019,20240401,0.0021180972460259026,0.001980507020776774,0.00012993149325213788
confirm2024,LH019,20240402,-0.0009347162075138806,-0.0010277720114297785,7.534793990508033e-05
confirm2024,LH019,20240403,-0.007009203072692309,-0.006096146133879627,-0.0009132911649482137
confirm2024,LH019,20240408,0.0060464640240241625,0.0048687028126366185,0.001182146208199449
confirm2024,LH019,20240409,-0.0031307343211834093,-0.0018108484905782689,-0.0013049950783362244
confirm2024,LH019,20240410,0.0013988631803099113,0.0013736623099761041,-1.0520234414429844e-05
confirm2024,LH019,20240411,-0.00034129066377820705,-0.0003405496865735941,8.776236490649138e-05
confirm2024,LH019,20240412,-0.011734067082405868,-0.009004821945664708,-0.0027355023633204934
confirm2024,LH019,20240415,-0.011805097102247197,-0.008754600023802583,-0.003124217890181964
confirm2024,LH019,20240416,0.016620619075061772,0.0135529544097858,0.0030544553257710293
confirm2024,LH019,20240417,-0.00235495704852039,-0.0018284100861734114,-0.0005141641538285569
confirm2024,LH019,20240418,0.00034160373117362707,0.0010501279143209042,-0.0007467017950757851
confirm2024,LH019,20240419,0.003502286115679129,0.004257758380426811,-0.0007000708638854713
confirm2024,LH019,20240422,0.008221820389954563,0.005961388219943301,0.0022275058886362478
confirm2024,LH019,20240423,0.004267372765274884,0.0024355521336923407,0.0018592589692106054
confirm2024,LH019,20240424,0.0037425125863646495,0.0034974667365646936,0.00024493356653937094
confirm2024,LH019,20240425,0.0039139458185965936,0.0033695353689533677,0.0005067851975484953
confirm2024,LH019,20240426,0.008578088445997799,0.007068831021829479,0.0014842845642900329
confirm2024,LH019,20240429,0.00035306266728034764,0.0007364112476927233,-0.00040988141413541657
confirm2024,LH019,20240430,0.0016426089360953994,0.0012920320430352033,0.0003897569698742436
confirm2024,LH019,20240506,0.002617334009404902,0.002149828527899782,0.0004618283487876383
confirm2024,LH019,20240507,0.0015837310917560278,0.001982150695032631,-0.0003602483201921245
confirm2024,LH019,20240508,0.0036299472064270765,0.0034745098489202633,0.0001377758335666717
confirm2024,LH019,20240509,-0.0004990972637511915,-8.692648764611557e-05,-0.0004510215089985558
confirm2024,LH019,20240510,-0.0028618149753191283,-0.0021785520394180806,-0.0007032704063846722
confirm2024,LH019,20240513,0.0034512646138720113,0.0032454426821202625,0.00028167957108507453
confirm2024,LH019,20240514,-0.00028214734178909004,-0.00012674132112431853,-0.00014778170801823883
confirm2024,LH019,20240515,0.002183928904300643,0.002618774891217305,-0.00038633102709806225
confirm2024,LH019,20240516,0.001198037274300786,0.001456158629057075,-0.0002438852959909628
confirm2024,LH019,20240517,-0.0019663409967885896,-0.0023212702055968185,0.0003501286619208713
confirm2024,LH019,20240520,-0.0002221721899729901,-0.00016272485550329185,-3.336184892500533e-05
confirm2024,LH019,20240521,0.002057961424824741,0.0025821423252842916,-0.0004770184426178355
confirm2024,LH019,20240522,0.0006444289683998211,0.0006854696834512046,-3.3201326329445545e-05
confirm2024,LH019,20240523,0.0033949139241382315,0.002742356037645212,0.0006189708223276128
confirm2024,LH019,20240524,0.001994803608209389,0.0016063026726159005,0.00037406515206092736
confirm2024,LH019,20240527,0.001905489442574253,0.00136678787829354,0.000522631249459421
confirm2024,LH019,20240528,0.0021242057191801665,0.0018537645554702845,0.0002789678624083707
confirm2024,LH019,20240529,0.001817799425384124,0.000927518905322137,0.000870401277644291
confirm2024,LH019,20240530,0.003245145639600728,0.0034045447830472505,-0.00014670967639646674
confirm2024,LH019,20240531,-0.0033657320392848217,-0.003984907576526403,0.0006372454724437647
confirm2024,LH019,20240603,-0.0036145059500417263,-0.00455251563990933,0.0009302390582303355
confirm2024,LH019,20240604,0.0013746076045310085,0.0008025834633920436,0.0005519336110752962
confirm2024,LH019,20240605,-0.0023716867395397953,-0.00369052404813664,0.001312141858244145
confirm2024,LH019,20240606,0.007895815207313205,0.008314236662850702,-0.0004267319301561863
confirm2024,LH019,20240607,0.005032216340307056,0.005226309670680667,-0.0001907079929031314
confirm2024,LH019,20240611,0.00011536048146892214,0.000717488674131785,-0.0006026262054064414
confirm2024,LH019,20240612,0.0013152536881573008,0.0014300662260279275,-0.00010809856190843156
confirm2024,LH019,20240613,-0.0013762188120388917,-0.001225341567740841,-0.0001363822769994922
confirm2024,LH019,20240614,0.0007314835022722141,0.0008605593062309359,-0.00013589132692966988
confirm2024,LH019,20240617,0.0009095551759619458,0.0015242796632671859,-0.0006344280163691682
confirm2024,LH019,20240618,0.001886831807607293,0.0023684419997758,-0.000526479626063856
confirm2024,LH019,20240619,-7.446140715233404e-05,-0.000628240416724744,0.000561272273817449
confirm2024,LH019,20240620,-0.0007866138730210166,-0.00099152596148935,0.00016949238362815147
confirm2024,LH019,20240621,-0.0032913998905861816,-0.0034486269790625253,0.00015722708847634882
confirm2024,LH019,20240624,0.002772095301796031,0.00292012862551916,-0.00014803332372312925
confirm2024,LH019,20240625,0.007075890409973851,0.00696351764032063,8.49367519081721e-05
confirm2024,LH019,20240626,0.0005514167130476026,0.000807971085734938,-0.00021909022144647576
confirm2024,LH019,20240627,0.0008448321272142619,0.0010727087478528369,-0.00025061920867705675
confirm2024,LH019,20240628,-0.0020696404901651335,-0.0022672305552406155,0.00014786771795016946
confirm2024,LH019,20240701,0.005068275806744602,0.00550816419217973,-0.0004810267178821658
confirm2024,LH019,20240702,0.005065809643380765,0.004847053207767824,0.00020686160206041183
confirm2024,LH019,20240703,-0.0028280706309472305,-0.0032734334205904397,0.0005091162637288993
confirm2024,LH019,20240704,0.0033775979710255286,0.0030290811721382475,0.0002553921948610571
confirm2024,LH019,20240705,-0.0020919876391806355,-0.0020591434220870526,-2.8607990142044925e-05
confirm2024,LH019,20240708,0.0005627656123041377,0.0009266130762796597,-0.00041191144791921154
confirm2024,LH019,20240709,-0.0008323274939771291,-0.0011088673947936682,0.0001433589852345328
confirm2024,LH019,20240710,0.004849272703462349,0.004708971778256276,4.2939187952777626e-05
confirm2024,LH019,20240711,0.0018004772338277113,0.0015845557445351393,8.127495881728893e-05
confirm2024,LH019,20240712,-0.0011921436189611546,-0.0014037052653591928,0.00013365951336578608
confirm2024,LH019,20240715,0.00041360908658726443,0.0005466058597306915,-0.00018948286869254708
confirm2024,LH019,20240716,0.003011586159778803,0.0017468346915690256,0.0012024041951377855
confirm2024,LH019,20240717,-0.0013220633984973268,-0.0015197459300849933,0.00014163752524452839
confirm2024,LH019,20240718,0.0015183867821343868,0.0015457639916887616,-0.0001603937439392059
confirm2024,LH019,20240719,0.001641653143223622,0.002372005625227885,-0.0007862860643693452
confirm2024,LH019,20240722,-0.0013913523458423185,-0.0008171242521520215,-0.0006098792964532591
confirm2024,LH019,20240723,-1.886934309377683e-06,-5.8472603104666474e-05,5.100797452004078e-06
confirm2024,LH019,20240724,0.001666005596438939,0.0012931452531305114,0.0003198574915039789
confirm2024,LH019,20240725,0.0009837392430830545,0.00043282790314069227,0.0004865535305428328
confirm2024,LH019,20240726,-0.0010962876554236872,0.00035579845920796137,-0.0014808748520203485
confirm2024,LH019,20240729,0.0008743222684995328,0.001394822719656043,-0.0004999392794419028
confirm2024,LH019,20240730,0.003186371445670154,0.002047029415651043,0.0010860237599192024
confirm2024,LH019,20240731,-0.0012981567081989027,-0.0007366247278817869,-0.0006284223881063255
confirm2024,LH019,20240801,0.0019534669369157247,0.0012135742793357002,0.000794396664795164
confirm2024,LH019,20240802,0.0027112046668574495,0.001401610138496184,0.0012870173212786375
confirm2024,LH019,20240805,0.0012079335269282246,0.0010539639810308592,0.0001436643470121198
confirm2024,LH019,20240806,0.0019686199184613226,0.002272158183064983,-0.0003270047344256898
confirm2024,LH019,20240807,0.0026599468761213155,0.001277994056100983,0.0012909449367788076
confirm2024,LH019,20240808,0.0005749601965328449,0.0007043153693767732,-0.00017238456554504746
confirm2024,LH019,20240809,0.002633483228339179,0.0010373490952097736,0.001569922744675936
confirm2024,LH019,20240812,0.0011776773403017792,0.002113211626666474,-0.0009909143700293273
confirm2024,LH019,20240813,-0.002300915983679797,-0.0008637477233828095,-0.0014598413470232486
confirm2024,LH019,20240814,0.0011022739524224785,0.001550880945960062,-0.0004618340005479224
confirm2024,LH019,20240815,0.0009116364890597176,0.0008259558068133117,6.734307710801185e-05
confirm2024,LH019,20240816,0.0012064146298508861,-4.3132423598512935e-05,0.0012106249796461585
confirm2024,LH019,20240819,-0.0014286523351395887,-0.0009070606981112339,-0.00048639186015138504
confirm2024,LH019,20240820,-0.00014950428021407846,0.0002021703736674681,-0.00035795285483014236
confirm2024,LH019,20240821,-0.0002762140713471455,-0.0008191182917486077,0.0005154710677489372
confirm2024,LH019,20240822,0.0012429443966981931,0.0005432211995467477,0.0007177169808852734
confirm2024,LH019,20240823,-0.0005498100285557649,-0.0006622945588529653,0.00010193639466855769
confirm2024,LH019,20240826,0.0011686207911750998,0.0002091885141884691,0.0009651278880372689
confirm2024,LH019,20240827,0.0013553849696750688,0.0007429300065149873,0.0006326262396247383
confirm2024,LH019,20240828,0.0018925472311600612,0.0016477286549901244,0.00026526414293491203
confirm2024,LH019,20240829,-0.0007659718417302522,0.0005405322526262691,-0.0013390062416110075
confirm2024,LH019,20240830,-0.0016132181518931938,-0.0015850369170056747,-9.206442744269732e-05
confirm2024,LH019,20240902,0.001181493501067202,0.001142663621058461,5.131937677016231e-05
confirm2024,LH019,20240903,0.0025041375337554704,0.001031877476018022,0.0014450406168366211
confirm2024,LH019,20240904,0.0014627486281142358,0.0018196354785728183,-0.0003686305500327751
confirm2024,LH019,20240905,-0.002070050097635393,-0.001984672207011512,-9.0628855266227e-05
confirm2024,LH019,20240906,0.0006233902467628674,0.0006636832070798343,-7.281940536846274e-05
confirm2024,LH019,20240909,0.001025628026856528,0.0010481127556987524,-3.839400984567545e-05
confirm2024,LH019,20240910,0.002870509875765846,0.001993518267424865,0.0008553792961906015
confirm2024,LH019,20240911,0.001042290267886412,0.0008532209228415994,0.00015113664686561049
confirm2024,LH019,20240912,-0.00019739064583801195,-0.0009726280227458316,0.0007429250380684726
confirm2024,LH019,20240913,-0.0002648206516402034,-0.0011564268222537212,0.0009118845457170582
confirm2024,LH019,20240918,0.00043349788504434134,0.000537038033545747,-0.00014240468813128725
confirm2024,LH019,20240919,-0.0007280861148501955,-0.00021476386238831785,-0.0005350739844901967
confirm2024,LH019,20240920,-0.00036376310378002886,-0.0001485654593756151,-0.00021738557052571408
confirm2024,LH019,20240923,0.003435536514881002,0.002782664625332456,0.0006514405640376258
confirm2024,LH019,20240924,-0.0012082387125635467,-0.00037699332687671195,-0.0008346359422108686
confirm2024,LH019,20240925,0.003736986021025533,0.0025326402125097516,0.001181611106919937
confirm2024,LH019,20240926,0.005161721636902594,0.006183362196266035,-0.0009713176614030904
confirm2024,LH019,20240927,0.007631774145744771,0.011258074627181917,-0.0035188529805036074
confirm2024,LH019,20240930,0.006462583993333076,0.012430881570659467,-0.0059682975773263786
confirm2024,LH019,20241008,-0.0010821181099214955,-0.003806901795929132,0.002724783686007631
confirm2024,LH019,20241009,0.008902966239296987,0.006438323975887466,0.002358724865314917
confirm2024,LH019,20241010,0.0031760167461051675,0.0008813162808428736,0.002230333327497474
confirm2024,LH019,20241011,-0.0032727670828824468,0.0005355698089839182,-0.0037172327561695896
confirm2024,LH019,20241014,-0.0015449472130808842,-0.0006270468435461642,-0.0008968487518015548
confirm2024,LH019,20241015,0.0015332746388212661,0.0007623255812925188,0.0007194271463898849
confirm2024,LH019,20241016,-0.002429298927051431,-0.00010016915907238148,-0.0023522186731500133
confirm2024,LH019,20241017,-0.00285025360609684,0.000661784129092963,-0.003505629429997036
confirm2024,LH019,20241018,-0.005322462227828544,-0.0005928816209530951,-0.004749776339090383
confirm2024,LH019,20241021,0.0043646842990479676,0.0020332927403476256,0.0023501310555797215
confirm2024,LH019,20241022,0.0003452756439811461,-0.0012579626071720315,0.0015590574563020777
confirm2024,LH019,20241023,0.001966097707233915,0.00026777734698034205,0.001665500475819837
confirm2024,LH019,20241024,-0.0031223572120169275,-0.0014052195057134367,-0.0017351599395464736
confirm2024,LH019,20241025,-0.0034073537821211718,-0.003309260336275594,-0.0001224630581656526
confirm2024,LH019,20241028,-0.0017965920387587285,-0.0025174291217061355,0.0006907748059513459
confirm2024,LH019,20241029,-0.0034198026744704352,-0.0033023525471775348,-0.00017619044147534332
confirm2024,LH019,20241030,-0.005515049410536066,-0.0033728223744043007,-0.0021561543837348104
confirm2024,LH019,20241031,0.011666751467872574,0.0023474209250955195,0.009337730056886722
confirm2024,LH019,20241101,0.0002776149570839527,0.0014892228065679384,-0.0012550861184655831
confirm2024,LH019,20241104,-0.0071873633000979174,-0.00206911531699225,-0.005033719033639068
confirm2024,LH019,20241105,-0.0005022529717730196,-2.7540613118191658e-05,-0.0004979233765814214
confirm2024,LH019,20241106,0.001237955277671201,0.0008085549735542176,0.00036847292402225525
confirm2024,LH019,20241107,-0.004115174148891252,-0.0010940481706262588,-0.0029792708206355144
confirm2024,LH019,20241108,-0.004355171814058393,0.0003186879751347326,-0.004607501384233549
confirm2024,LH019,20241111,0.004985603447608366,0.002182890439580886,0.002800614941625236
confirm2024,LH019,20241112,0.0021463976979266054,0.0015597604417520886,0.0007054070055131946
confirm2024,LH019,20241113,0.004734239840285214,0.0009121016635340968,0.0037732498580723218
confirm2024,LH019,20241114,0.00724387000033838,0.0027495759116323,0.004439544701257317
confirm2024,LH019,20241115,0.011014285734882931,0.0008399342951236386,0.010204755571893487
confirm2024,LH019,20241118,-0.002105738252993039,0.00274870792700677,-0.00489252576385967
confirm2024,LH019,20241119,-0.0031908133726447213,-0.00015489926313906626,-0.0030423889707390604
confirm2024,LH019,20241120,0.0019122764518039663,0.0008899461730614705,0.0010210120223863438
confirm2024,LH019,20241121,0.0013912006478561667,-0.0012467380358483669,0.002633999567532007
confirm2024,LH019,20241122,0.0013510006398847647,0.0012866618429938585,-1.1159185862172826e-06
confirm2024,LH019,20241125,0.004051391521692543,0.0005204681588975664,0.003542948295606395
confirm2024,LH019,20241126,-0.0019352994314983454,0.0015891717632956124,-0.003571257749491143
confirm2024,LH019,20241127,-0.0013942173514608052,-0.002212552117541467,0.0008114141370959789
confirm2024,LH019,20241128,-0.0012364593131234877,0.0011742483550399951,-0.0024502181139181133
confirm2024,LH019,20241129,-0.0040638325894952615,-0.001036668623597644,-0.0030484130648973312
confirm2024,LH019,20241202,0.0010488787629389959,0.00046064188120465804,0.0005699563120104079
confirm2024,LH019,20241203,0.002629479579059995,0.00046921614891926207,0.002106577534772629
confirm2024,LH019,20241204,-0.00552213600751617,-0.0009086816742799841,-0.004593510776195688
confirm2024,LH019,20241205,0.0009342892083269525,-0.0009663630981726944,0.0018819357503873585
confirm2024,LH019,20241206,0.003257027746060833,0.001666039184839424,0.0016413745298893907
confirm2024,LH019,20241209,-0.0020219058658109855,0.001235487073565454,-0.0032819810715572053
confirm2024,LH019,20241210,-0.0010201046499473919,-0.0004992090253141847,-0.0005596339195704514
confirm2024,LH019,20241211,0.0013235748007497678,0.0005919720545132342,0.0007080454001728149
confirm2024,LH019,20241212,0.00011584254804839975,-0.0003800713307288463,0.0004863628451340586
confirm2024,LH019,20241213,0.004209215244851538,-0.0001642703956929706,0.004412139983313442
confirm2024,LH019,20241216,0.012423254316188414,0.004621185929929102,0.007820276413807732
confirm2024,LH019,20241217,-0.001094057223454251,0.0005713484261293119,-0.0016969398312260704
confirm2024,LH019,20241218,-0.0008290261357560595,0.0010529845179536956,-0.0019135250889250556
confirm2024,LH019,20241219,-0.004023725895778104,0.0008693758217281592,-0.004894781055015487
confirm2024,LH019,20241220,0.013924942402064933,0.0015000808051195925,0.012424048595286041
confirm2024,LH019,20241223,0.003325837822625889,0.0006944155108232695,0.0026464304833480946
confirm2024,LH019,20241224,0.006864831236644482,0.0002516840478166202,0.006608868811702244
confirm2024,LH019,20241225,-0.005406219561551005,0.00021683173335127105,-0.005612969946488114
confirm2024,LH019,20241226,0.002292328655489083,0.0005805103871631491,0.0016954024182653901
confirm2024,LH019,20241227,0.0035696051879808514,-0.00034766940068384813,0.0038761299279541387
confirm2024,LH019,20241230,0.006683631045085181,0.0005491086948301683,0.006156098948243175
confirm2024,LH019,20241231,-0.0005350351915032782,0.0017029132212958232,-0.0022546993178003357
confirm2024,TS_K10,20240102,-0.0024192439317079315,-0.003518360192587328,0.00099250568230653
confirm2024,TS_K10,20240103,-0.0006512706123458552,-0.000958701169840378,0.000433166871944791
confirm2024,TS_K10,20240104,-0.000260231623155624,-0.0020527424585956707,0.0018337333383970419
confirm2024,TS_K10,20240105,-0.0008348939598242545,-0.0007422128373770252,-0.00016829033244382613
confirm2024,TS_K10,20240108,0.0021899101827153288,0.0012847128510009777,0.0007505755679349795
confirm2024,TS_K10,20240109,-0.0010330611156731152,-0.003554469736196527,0.002591873772194551
confirm2024,TS_K10,20240110,0.0007306181654973161,0.002920521796718804,-0.0021237658420943896
confirm2024,TS_K10,20240111,-7.883719802609379e-05,-0.0021626458024583124,0.0020670922203134823
confirm2024,TS_K10,20240112,-0.0019654970761164075,-0.00232387711840897,0.0003073104160319319
confirm2024,TS_K10,20240115,-0.0003338307926300868,-0.0008136147410585192,0.00044213672193714357
confirm2024,TS_K10,20240116,-0.0005737493557668241,-0.0016189762136678669,0.0009607858276282716
confirm2024,TS_K10,20240117,-0.0038812240336925548,-0.0023807679308006395,-0.0014888337284526172
confirm2024,TS_K10,20240118,-0.0010155501971634649,-0.0021783087290097687,0.0010731889579755163
confirm2024,TS_K10,20240119,-0.0065077201913090535,-0.005937932987636489,-0.0005355608389331895
confirm2024,TS_K10,20240122,-0.006040955347906466,-0.004569256258101812,-0.0014312725726954205
confirm2024,TS_K10,20240123,-0.004329509279161524,-0.0045972856604151085,0.00016687701948766976
confirm2024,TS_K10,20240124,0.006034355683470154,0.00467517894063429,0.001233984436561982
confirm2024,TS_K10,20240125,-0.0006717899142606462,-0.0014957670374744596,0.0008002204675090003
confirm2024,TS_K10,20240126,-0.004744056072542087,-0.0058413746067624665,0.0013321769735980594
confirm2024,TS_K10,20240129,-0.002136557433425508,-0.00244404528199575,6.514552005608843e-05
confirm2024,TS_K10,20240130,-0.00943628993883236,-0.008920924552862659,-0.0005734420618883616
confirm2024,TS_K10,20240131,-0.00028955908512473885,0.000618680709871466,-0.0008620834093778811
confirm2024,TS_K10,20240201,-0.011043647965380841,-0.008467777444466234,-0.0026685798325016647
confirm2024,TS_K10,20240202,-0.025960537578845422,-0.02201658176917303,-0.004053824062939944
confirm2024,TS_K10,20240205,-0.00711977887822705,-0.005187516552617548,-0.001789016484204051
confirm2024,TS_K10,20240206,-0.019345382629242347,-0.01712778873949243,-0.0024572023240720386
confirm2024,TS_K10,20240207,0.03284476760316274,0.02575364560634404,0.007076205869518672
confirm2024,TS_K10,20240208,0.01369122817466728,0.008628004604896154,0.005170040343280828
confirm2024,TS_K10,20240219,0.0033906316378713476,0.0015871384973240117,0.001862466251794453
confirm2024,TS_K10,20240220,0.006577701728001074,0.004174012255585845,0.002383614233498037
confirm2024,TS_K10,20240221,0.00940462970614455,0.005943460552298631,0.003429188003081181
confirm2024,TS_K10,20240222,0.011936068906367975,0.007629618562750105,0.004334801591971931
confirm2024,TS_K10,20240223,0.012891139333515855,0.009737464020771008,0.0031688634645752134
confirm2024,TS_K10,20240226,0.004866327982437534,0.0019628920353507804,0.002941100415792063
confirm2024,TS_K10,20240227,-0.018751750092692913,-0.010877789107706601,-0.007923433473097322
confirm2024,TS_K10,20240228,0.00543231927959946,0.0022670078851101593,0.0031476430380693566
confirm2024,TS_K10,20240229,0.008772281551155298,0.006537418453832009,0.002215415501522257
confirm2024,TS_K10,20240301,-0.0038125273892965737,-0.003974164001687457,0.00013504790347802043
confirm2024,TS_K10,20240304,-0.0034922575689424907,-0.0009746312068094924,-0.0023949068484585027
confirm2024,TS_K10,20240305,0.0065165737024286356,0.004715543586799062,0.0017969463674024633
confirm2024,TS_K10,20240306,0.005285758989556806,0.005921546599995082,-0.0006256378146416138
confirm2024,TS_K10,20240307,0.0008064385274167661,9.481251118703156e-05,0.0006931411474920137
confirm2024,TS_K10,20240308,0.0044313611317317175,0.0025936916309594773,0.0018326076145797668
confirm2024,TS_K10,20240311,0.005530178006687073,0.0033496631627778503,0.0021870861569271128
confirm2024,TS_K10,20240312,0.0017821038555505728,0.0009759346525403257,0.000802120245982051
confirm2024,TS_K10,20240313,-0.0003765216118685726,-0.00015104640603248132,-0.00024402513208959386
confirm2024,TS_K10,20240314,0.004591427577685901,0.0037849469434630524,0.000814572338765446
confirm2024,TS_K10,20240315,0.002726617606679447,0.0017397508144318613,0.000982880315862616
confirm2024,TS_K10,20240318,0.0031794004053855175,0.0024713322972223246,0.000704107227033849
confirm2024,TS_K10,20240319,0.0018844729993933475,0.0007878387130873549,0.0010837799543904794
confirm2024,TS_K10,20240320,0.00013165436162330176,-0.0003398696140927592,0.00046125655380340657
confirm2024,TS_K10,20240321,-0.0029090859592525737,-0.002658315982965933,-0.00025288100971426096
confirm2024,TS_K10,20240322,-0.0020551474200697153,-0.0006436126514882599,-0.0014231958484116757
confirm2024,TS_K10,20240325,0.003505452365130217,0.0029683405638400886,0.0005425820929705149
confirm2024,TS_K10,20240326,-0.0009850518179100182,0.0005720149674927337,-0.0015442245534309656
confirm2024,TS_K10,20240327,0.002860213071508383,0.0015088465365439493,0.0013454136959942956
confirm2024,TS_K10,20240328,0.0037473758946402896,0.003323289574780292,0.0004009421177085079
confirm2024,TS_K10,20240329,0.002883656857701436,0.0015895334520597824,0.0012904960047365004
confirm2024,TS_K10,20240401,0.003009923872343269,0.0027409761458505742,0.00026128899449570414
confirm2024,TS_K10,20240402,-0.0006261873492891179,-0.0007121957965712975,6.830058327136272e-05
confirm2024,TS_K10,20240403,-0.007052083439618755,-0.005820618739926322,-0.0012316989258279623
confirm2024,TS_K10,20240408,0.006493797492406975,0.004930127026565846,0.001568055462653034
confirm2024,TS_K10,20240409,-0.0028879996664654267,-0.0012118684405788944,-0.001661240473617623
confirm2024,TS_K10,20240410,0.0013161128187905054,0.001366605932348819,-8.621421830654953e-05
confirm2024,TS_K10,20240411,0.002635542748506062,0.0026244668019006667,9.957928871649771e-05
confirm2024,TS_K10,20240412,-0.010635917334079537,-0.007232108658591484,-0.0034100659020673925
confirm2024,TS_K10,20240415,-0.011678426693210162,-0.007764664936498106,-0.003987482568449383
confirm2024,TS_K10,20240416,0.015939315523295465,0.012400518041572899,0.0035255881422176527
confirm2024,TS_K10,20240417,-0.0022036122486976503,-0.0016337108645226345,-0.0005575185756565936
confirm2024,TS_K10,20240418,0.0006263256843947011,0.0014371832885305296,-0.0008490352160643366
confirm2024,TS_K10,20240419,0.006063636310015707,0.006717369769381199,-0.0005983320585032818
confirm2024,TS_K10,20240422,0.008238713538997721,0.005870842942442164,0.0023349443151805416
confirm2024,TS_K10,20240423,0.004276291140378183,0.0023762281781277944,0.0019275012998784505
confirm2024,TS_K10,20240424,0.0029656136095861088,0.0028549092848404833,0.00011059204148504144
confirm2024,TS_K10,20240425,0.00045292127627903633,-0.00020471828485726186,0.0006200143090415678
confirm2024,TS_K10,20240426,0.006414539439596863,0.004733983365588081,0.0016555832141304891
confirm2024,TS_K10,20240429,-1.37993099250458e-06,0.0004172678847941055,-0.0004451806495096502
confirm2024,TS_K10,20240430,0.004027827112450696,0.0035304735581045145,0.0005365336311602324
confirm2024,TS_K10,20240506,0.0024753181259674845,0.0018968114501660748,0.0005728295430839271
confirm2024,TS_K10,20240507,0.00024362424602342864,0.0008459400515139956,-0.0005641445224060859
confirm2024,TS_K10,20240508,0.0025401418129088263,0.002299265628965336,0.00022321466000334807
confirm2024,TS_K10,20240509,7.378819676086106e-05,0.000918023634493074,-0.0008830861706256949
confirm2024,TS_K10,20240510,-0.0028208195034907374,-0.0011509701424864364,-0.0016898568314879247
confirm2024,TS_K10,20240513,0.004486197986389157,0.003989264729210588,0.0005727908965118949
confirm2024,TS_K10,20240514,0.0008235943689209593,0.0009174933959958325,-8.627471442833924e-05
confirm2024,TS_K10,20240515,0.0015475283609856071,0.0016081986068414004,-1.2155286037193627e-05
confirm2024,TS_K10,20240516,-0.0003652009055681235,-0.00021839973092334646,-0.00013256511587945064
confirm2024,TS_K10,20240517,-0.0001220931059003512,-0.00035134833726429475,0.00022445468447658632
confirm2024,TS_K10,20240520,0.0007593498135878684,0.001117059168672421,-0.0003316238695398587
confirm2024,TS_K10,20240521,0.0014348523189326202,0.0016223396181165833,-0.0001403248413422483
confirm2024,TS_K10,20240522,0.002529935736612303,0.002919796116116834,-0.0003820209907826029
confirm2024,TS_K10,20240523,0.003061204432570728,0.0030439473832055484,-1.633001480022691e-05
confirm2024,TS_K10,20240524,0.001927845711290059,0.0017201848136179174,0.00019322511413958114
confirm2024,TS_K10,20240527,0.002140648413769394,0.0019025385051472013,0.00022203959380090167
confirm2024,TS_K10,20240528,0.00212232119511715,0.0017195809374991968,0.00041126695631644214
confirm2024,TS_K10,20240529,0.003035956348751731,0.0024431201440001738,0.0005729569623338602
confirm2024,TS_K10,20240530,0.0022211957642979136,0.0018488641999190613,0.0003850210314289082
confirm2024,TS_K10,20240531,-0.0022413432130916726,-0.0021647559891672307,-5.851728872226152e-05
confirm2024,TS_K10,20240603,-0.0010996819815874475,-0.0009169976615627943,-0.0001904549516619219
confirm2024,TS_K10,20240604,0.001982268828021442,0.001943898103163159,1.8280194794611777e-05
confirm2024,TS_K10,20240605,-0.00204397182930819,-0.0016653618317269336,-0.00038530544793396093
confirm2024,TS_K10,20240606,0.005156486693785385,0.0047303726953234464,0.00041780352384324353
confirm2024,TS_K10,20240607,0.005110198512047085,0.0045741996932607085,0.0005393841562568579
confirm2024,TS_K10,20240611,0.0008803948814987209,0.000700648413952737,0.00017924845480240707
confirm2024,TS_K10,20240612,0.0021354756762362393,0.0020595444191248468,8.264523307358984e-05
confirm2024,TS_K10,20240613,-0.001706899977568854,-0.0014558132235005712,-0.0002365917867697231
confirm2024,TS_K10,20240614,0.001426132268593277,0.0015685058123792246,-0.00014918906675689654
confirm2024,TS_K10,20240617,-0.0001473021554479828,-7.6258489002395e-05,-9.074719550951593e-05
confirm2024,TS_K10,20240618,0.00013133087705921673,0.0004911255980847073,-0.00040466415492083853
confirm2024,TS_K10,20240619,0.0010686663562647601,0.0011512253341477144,-7.506571363791984e-05
confirm2024,TS_K10,20240620,-0.0005552486162280314,-0.0005552385756806737,-3.542974538754012e-05
confirm2024,TS_K10,20240621,-0.0029898562520011968,-0.0020599806278456603,-0.0009298756241555361
confirm2024,TS_K10,20240624,-0.0009253152207854442,-0.0007810924444905205,-0.00014422277629492353
confirm2024,TS_K10,20240625,0.0033040286715786717,0.0022280808312949776,0.0010485118225386503
confirm2024,TS_K10,20240626,0.0001199845187797241,0.0006855613042060923,-0.0005281126341855098
confirm2024,TS_K10,20240627,0.0008033076236907775,0.0008319950812794913,-5.143004562719425e-05
confirm2024,TS_K10,20240628,-0.003255891038134645,-0.0033042618768682292,-1.351508391726186e-06
confirm2024,TS_K10,20240701,0.0028002142411691134,0.0031244412016484726,-0.000365365292926396
confirm2024,TS_K10,20240702,0.004503264487961344,0.0044633838751546315,2.79857792541849e-05
confirm2024,TS_K10,20240703,-0.001336890099707548,-0.001167623692018495,-0.00010551293360336133
confirm2024,TS_K10,20240704,0.003626552176391828,0.0030087276168425893,0.0005246999555230103
confirm2024,TS_K10,20240705,-0.0017406752628375023,-0.0013297369062476641,-0.00040670212963829776
confirm2024,TS_K10,20240708,0.0014336961686851925,0.001518493571478708,-0.00013286138673720415
confirm2024,TS_K10,20240709,0.001921086774195095,0.0016850768234883216,0.0001028290351247675
confirm2024,TS_K10,20240710,0.004400880510471033,0.0038680174676840365,0.00043550130553369907
confirm2024,TS_K10,20240711,0.0015730875390654563,0.0015250935857766272,-8.665257718645382e-05
confirm2024,TS_K10,20240712,-0.0025611322503523923,-0.0021824520455520635,-0.00045658233783257753
confirm2024,TS_K10,20240715,0.0021881145736781424,0.0021863322970124078,-5.470381888338563e-05
confirm2024,TS_K10,20240716,0.0015686998991839077,0.0014583264167800803,4.802620933183502e-05
confirm2024,TS_K10,20240717,0.0005106780708952073,0.0006547709005750393,-0.0002001378360229697
confirm2024,TS_K10,20240718,0.0020411567623825023,0.0017300365479844177,0.0001781036800132535
confirm2024,TS_K10,20240719,0.0016975676760180667,0.0016139577874544602,2.767630619852305e-05
confirm2024,TS_K10,20240722,-0.002274568254653008,-0.0015926337258733445,-0.0007175857315426238
confirm2024,TS_K10,20240723,-0.001514503542498706,-0.0010951902603776262,-0.0004707981534643682
confirm2024,TS_K10,20240724,0.0013419051236912352,0.0010748612880054082,0.0002140409838813769
confirm2024,TS_K10,20240725,0.0006272120335633902,2.2792203050078048e-05,0.0005400620211137823
confirm2024,TS_K10,20240726,-0.0025941211343130073,-0.001917876098580635,-0.000705033773121072
confirm2024,TS_K10,20240729,0.0006207977259728064,0.0007321412876364492,-9.078238994903541e-05
confirm2024,TS_K10,20240730,0.0035585847187100464,0.002488534718437771,0.0010167317301723643
confirm2024,TS_K10,20240731,-0.0004318725234472852,-0.00019745611547372974,-0.00030130681576276484
confirm2024,TS_K10,20240801,0.00041132252769251684,0.00025949313884838225,0.0002063333960592742
confirm2024,TS_K10,20240802,0.0006494777123802614,0.0002642082899976426,0.00036269221529999004
confirm2024,TS_K10,20240805,0.0022379726297547878,0.0015823141619563045,0.000645353268913234
confirm2024,TS_K10,20240806,0.0012475211449768343,0.001354962997796624,-0.0001309083226418206
confirm2024,TS_K10,20240807,0.0015944633950624222,0.0011289363567814161,0.00037451915503948095
confirm2024,TS_K10,20240808,0.0003047809865036142,0.0003945297248421055,-0.00013277813103961222
confirm2024,TS_K10,20240809,0.0015015231858092754,0.0008788192246264982,0.0005964925727293086
confirm2024,TS_K10,20240812,0.0015699165318621118,0.0019782395998717743,-0.0004637031516742932
confirm2024,TS_K10,20240813,-0.002583154573264387,-0.0018699750383125208,-0.0007358526216781285
confirm2024,TS_K10,20240814,-0.0007383481741115592,-0.0006223642680123231,-0.00012921091310957882
confirm2024,TS_K10,20240815,0.0016394769054835045,0.0014338348097354175,0.0001873044906096927
confirm2024,TS_K10,20240816,-0.0003894547943956283,-0.0008014124003485903,0.0003730355321497219
confirm2024,TS_K10,20240819,0.00012548615700536114,0.0006625688398926915,-0.0005018829060103559
confirm2024,TS_K10,20240820,0.0007016014213394252,0.0005495798300149044,0.00014574339037592537
confirm2024,TS_K10,20240821,0.0012051122688709823,0.0013725141795651508,-0.0001948350633466969
confirm2024,TS_K10,20240822,-0.00016506070320281875,-0.00044282975624758707,0.0002957628367785969
confirm2024,TS_K10,20240823,0.0004997337745367512,2.108914306959785e-05,0.00046809649583850967
confirm2024,TS_K10,20240826,-0.0016304389093833842,-0.0016682994572633594,4.3556158930612934e-05
confirm2024,TS_K10,20240827,0.003566654357732505,0.0029203988743885805,0.0006664267598085801
confirm2024,TS_K10,20240828,0.00552459737821465,0.004630786482537724,0.0009142564624419052
confirm2024,TS_K10,20240829,0.0004479595985101073,0.0005409345742278003,-0.0001254771229721808
confirm2024,TS_K10,20240830,-0.003249986565508097,-0.0029732650400685623,-0.00034060471799471354
confirm2024,TS_K10,20240902,0.0028810012278729924,0.002108135698225609,0.000785355026408805
confirm2024,TS_K10,20240903,0.0021781895933721904,0.0015081150432018073,0.0006428551092695553
confirm2024,TS_K10,20240904,0.0016464824259632208,0.001551973474061339,8.276525232768853e-05
confirm2024,TS_K10,20240905,-0.0021309842391410427,-0.0013987593165106092,-0.0007374758872727803
confirm2024,TS_K10,20240906,-8.343802428202552e-05,-0.0003291048680528973,0.00021314039871937575
confirm2024,TS_K10,20240909,0.002321084058406365,0.001784492827614338,0.0005206819497885752
confirm2024,TS_K10,20240910,0.00481531233394173,0.004081034375499875,0.0007126656462914758
confirm2024,TS_K10,20240911,-0.001687906022111575,-0.0015767936178323267,-0.00014904510245844927
confirm2024,TS_K10,20240912,-0.0010567333732905068,-0.0009797609019768715,-0.0001092848101529827
confirm2024,TS_K10,20240913,-0.0021633446787202547,-0.002331137483275768,0.00018807117965905434
confirm2024,TS_K10,20240918,0.0008131933442054214,0.0006121763823678447,0.00016215242220770002
confirm2024,TS_K10,20240919,-0.0010392438328051105,-0.0007563382562983043,-0.00030465730853512546
confirm2024,TS_K10,20240920,-0.0009584507563448739,-0.0008390421689571199,-0.00012159651350905469
confirm2024,TS_K10,20240923,0.002864804895832379,0.0026672155780737214,0.0001961579922477418
confirm2024,TS_K10,20240924,-0.0025177011817775416,-0.0019808420859853777,-0.0005402496523162002
confirm2024,TS_K10,20240925,0.0037777887747745195,0.0030275761022934443,0.0007274779708852247
confirm2024,TS_K10,20240926,0.008517026570040227,0.007738421715927625,0.0008289277520729531
confirm2024,TS_K10,20240927,0.012484207365783387,0.012401718749578473,0.00018993611713846227
confirm2024,TS_K10,20240930,0.017668126313102633,0.013861498408895773,0.0038066279042068612
confirm2024,TS_K10,20241008,-0.0014722913610143995,3.8783483755636865e-05,-0.0015110748447700242
confirm2024,TS_K10,20241009,0.007950537385629043,0.006838851079415778,0.0010057689081186575
confirm2024,TS_K10,20241010,0.002290591522536682,0.0015331600999274682,0.0006930642848444075
confirm2024,TS_K10,20241011,-0.0049662591408585165,-0.0030039315928329737,-0.0018712234123287655
confirm2024,TS_K10,20241014,-0.0002679192717538262,0.0002639590553672212,-0.0005108267093878801
confirm2024,TS_K10,20241015,-0.001007485079487713,-0.0013187089041262635,0.00025970191349968896
confirm2024,TS_K10,20241016,-3.9450690250589227e-05,0.0010644771322238925,-0.0011270167276454448
confirm2024,TS_K10,20241017,-0.0009490313393964063,0.0009474957119370653,-0.0018901187461407057
confirm2024,TS_K10,20241018,-0.003785178117595045,-0.0011523833540384464,-0.002652990495771532
confirm2024,TS_K10,20241021,0.004183711525013064,0.002487511671519673,0.0017149393503727733
confirm2024,TS_K10,20241022,0.0006691850847116358,-0.0002767884487082368,0.0009017927385687718
confirm2024,TS_K10,20241023,0.0003205664811636497,-0.000832379915105754,0.0011201265118356675
confirm2024,TS_K10,20241024,-0.0029182503368948634,-0.0022343334530060942,-0.0007019391171317544
confirm2024,TS_K10,20241025,-0.0056077657417884855,-0.005700087274496129,6.795192038757441e-05
confirm2024,TS_K10,20241028,0.0015770982204843277,0.0010483636491626762,0.0004986722943255865
confirm2024,TS_K10,20241029,-0.0025047727094150538,-0.0025280125839710413,-3.550043962645536e-05
confirm2024,TS_K10,20241030,-0.005980642664301788,-0.004632834799745154,-0.0013617352121596798
confirm2024,TS_K10,20241031,0.010577345348004072,0.004272646248759924,0.006323098613353815
confirm2024,TS_K10,20241101,0.001206560018213211,0.001529369925396721,-0.0003662881761651028
confirm2024,TS_K10,20241104,-0.006262220160024399,-0.002665981478522188,-0.00351170973203561
confirm2024,TS_K10,20241105,-0.0001616593342323655,-9.261170634684076e-05,-9.225864581211927e-05
confirm2024,TS_K10,20241106,-0.001876837492213946,-0.002383324162179748,0.0004455592898710793
confirm2024,TS_K10,20241107,-0.0006667797025982664,0.0014837790410345568,-0.0021087035860033448
confirm2024,TS_K10,20241108,-0.002094365794664533,0.0011470060049319198,-0.003175013394636877
confirm2024,TS_K10,20241111,0.0030044162866526333,0.0010197836325146136,0.001982534587735777
confirm2024,TS_K10,20241112,0.003030466752620577,0.0027741663482494803,0.0003750701537097734
confirm2024,TS_K10,20241113,0.004710428762071298,0.001767168851829693,0.002894371591562804
confirm2024,TS_K10,20241114,0.006390639561620334,0.0031366845124263113,0.0031992056617452577
confirm2024,TS_K10,20241115,0.0058393828502669096,-0.0018206025535808822,0.007690389535981987
confirm2024,TS_K10,20241118,-0.0005974769694430775,0.0030750061566700015,-0.0037105627099729404
confirm2024,TS_K10,20241119,-0.0028640088179951693,-0.0006084614338573085,-0.0022620222453712657
confirm2024,TS_K10,20241120,0.0013592081595269877,0.00042246361372514133,0.0009354262894456932
confirm2024,TS_K10,20241121,-0.00042924654812913354,-0.0022830648563110655,0.0018498791920094127
confirm2024,TS_K10,20241122,-0.0002985512369733847,-0.0007885993827049188,0.00042459343025440856
confirm2024,TS_K10,20241125,0.003550397231983835,0.0008753260104626976,0.0026870961543325553
confirm2024,TS_K10,20241126,0.0003776618398243052,0.002917581091631217,-0.0025867058065040956
confirm2024,TS_K10,20241127,-0.0011569208324359367,-0.0018854116316288682,0.0007215701702082479
confirm2024,TS_K10,20241128,0.0008809855988786974,0.002635673425402689,-0.0017941982722786223
confirm2024,TS_K10,20241129,-0.003521718881555693,-0.0014508566121071015,-0.0020921113684483086
confirm2024,TS_K10,20241202,0.00090892809030102,0.0006749073015442415,0.00021574021903284882
confirm2024,TS_K10,20241203,0.0015854757524803725,-1.1973815731052492e-05,0.001543763672843321
confirm2024,TS_K10,20241204,-0.004565003346506498,-0.001170916137401068,-0.00337414365206493
confirm2024,TS_K10,20241205,0.0003259597477374143,-0.0010992651621830314,0.0014065083538081558
confirm2024,TS_K10,20241206,0.0019332184156236076,0.0007231275528281494,0.0012604768314634397
confirm2024,TS_K10,20241209,-0.0011818331140861487,0.0012087695843733073,-0.002415190830640221
confirm2024,TS_K10,20241210,-0.0020546681130268873,-0.002014793665832796,-7.861274213133657e-05
confirm2024,TS_K10,20241211,-0.00028466164948563917,-0.0009962697449713478,0.0006880507494219903
confirm2024,TS_K10,20241212,-0.00029756213236312515,-0.0006765727966295447,0.00036945963062322973
confirm2024,TS_K10,20241213,0.0016422722898070917,-0.0016222841830546113,0.003303210815630636
confirm2024,TS_K10,20241216,0.011473623006471544,0.005935101563646703,0.00555672947037326
confirm2024,TS_K10,20241217,-0.00040666259913886994,0.0009463429703810558,-0.0013845397511624323
confirm2024,TS_K10,20241218,-3.1742698965038716e-05,0.001129915971661232,-0.0011931731058415715
confirm2024,TS_K10,20241219,-0.0037739755114100243,-0.0004101894141782203,-0.003365465434741028
confirm2024,TS_K10,20241220,0.013391195340193597,0.005187671001416261,0.00820271133711804
confirm2024,TS_K10,20241223,0.0033362472923841903,0.0012771654216004787,0.002074090042329187
confirm2024,TS_K10,20241224,0.006936877072620199,0.0023947079139473755,0.004537890781547204
confirm2024,TS_K10,20241225,-0.0036851331899101546,-0.00010252144522584662,-0.003572530396270147
confirm2024,TS_K10,20241226,2.9732411352590207e-05,-0.0014664485047224543,0.0014797650660144997
confirm2024,TS_K10,20241227,0.0025256327129168582,-0.00012656422254660394,0.0026110522747529014
confirm2024,TS_K10,20241230,0.00702173721956828,0.0026072873239599953,0.004436026493596447
confirm2024,TS_K10,20241231,-0.0006237704289712848,0.0011330656223940874,-0.0017735869563666093
confirm2024,TS_K12.5,20240102,-0.0028189521867744813,-0.00355682700525764,0.000631264239910292
confirm2024,TS_K12.5,20240103,-0.0007751754698155119,-0.0010065546030190475,0.00014233399587530287
confirm2024,TS_K12.5,20240104,-0.0004139869135416918,-0.001914172026499204,0.000364249609281326
confirm2024,TS_K12.5,20240105,-0.001079970412454733,-0.0009167405871884617,-0.00023883903526286768
confirm2024,TS_K12.5,20240108,0.002381425306712129,0.0014709813587148817,0.0007558221842178766
confirm2024,TS_K12.5,20240109,-0.0014607411118307476,-0.0037337728361708828,0.0023434968760112753
confirm2024,TS_K12.5,20240110,0.0009293546690894508,0.002777869159015438,-0.001782376700798894
confirm2024,TS_K12.5,20240111,-4.538801897291996e-05,-0.0018617539006184152,0.0017996494975267585
confirm2024,TS_K12.5,20240112,-0.0018047178542504635,-0.002061862680703614,0.0002060752001925195
confirm2024,TS_K12.5,20240115,-8.963333475787202e-05,-0.0004459178762826749,0.0003186373150335148
confirm2024,TS_K12.5,20240116,-0.0007851840177550487,-0.0015335842495574903,0.0006639592015296751
confirm2024,TS_K12.5,20240117,-0.003675585297770687,-0.002457473455582408,-0.0012064894677489806
confirm2024,TS_K12.5,20240118,-0.0007123730395311063,-0.0017309961698719527,0.0009290535564700593
confirm2024,TS_K12.5,20240119,-0.006974571858748772,-0.006124111352851874,-0.0008162341411575257
confirm2024,TS_K12.5,20240122,-0.005862462649402225,-0.004298569153149464,-0.001523466979143527
confirm2024,TS_K12.5,20240123,-0.004256060282294435,-0.004346796940174536,-1.01627038858117e-05
confirm2024,TS_K12.5,20240124,0.006434525285734127,0.004994694940160728,0.001314638039299521
confirm2024,TS_K12.5,20240125,-0.0016732317988857183,-0.0021956316784828836,0.0004986432238923523
confirm2024,TS_K12.5,20240126,-0.005006254574231005,-0.005613561134089287,0.0008421649992359534
confirm2024,TS_K12.5,20240129,-0.0028673505823946233,-0.0029531026849186387,-0.00015659022599013835
confirm2024,TS_K12.5,20240130,-0.009284718256312614,-0.008169202388429211,-0.00117359254380207
confirm2024,TS_K12.5,20240131,-0.00047748233480249605,0.0005360396084262991,-0.0009673655576104692
confirm2024,TS_K12.5,20240201,-0.010859946879353918,-0.007831843200181703,-0.0031208129907592695
confirm2024,TS_K12.5,20240202,-0.02626263898604453,-0.020847381499422408,-0.005525125739889665
confirm2024,TS_K12.5,20240205,-0.005991558046781656,-0.0032401596146265452,-0.002608152590749661
confirm2024,TS_K12.5,20240206,-0.018590504783293847,-0.015289823277279612,-0.00354028994033635
confirm2024,TS_K12.5,20240207,0.03279389326412757,0.02454353309630269,0.008235444040524868
confirm2024,TS_K12.5,20240208,0.012622896919033254,0.007352220395305605,0.005377493297237351
confirm2024,TS_K12.5,20240219,0.0033766357792072727,0.001479438256893261,0.0019561706335611295
confirm2024,TS_K12.5,20240220,0.006586057793176933,0.004055212112244808,0.002510770442014936
confirm2024,TS_K12.5,20240221,0.009567391447456698,0.005977975741587508,0.0035574345551044545
confirm2024,TS_K12.5,20240222,0.01181846734911745,0.0074570394599174665,0.004389779137554046
confirm2024,TS_K12.5,20240223,0.012738081230211402,0.00951090232066252,0.0032423670613792427
confirm2024,TS_K12.5,20240226,0.005605527638744955,0.0025600175068711674,0.0030831746005790983
confirm2024,TS_K12.5,20240227,-0.017995975396673837,-0.009716306475660708,-0.008329141409124148
confirm2024,TS_K12.5,20240228,0.0057055769583996,0.002536969487823829,0.0031509391141558243
confirm2024,TS_K12.5,20240229,0.009280138910347433,0.007063335991936516,0.002197355322609881
confirm2024,TS_K12.5,20240301,-0.0031362180675892993,-0.0032532332348972973,9.042645839513558e-05
confirm2024,TS_K12.5,20240304,-0.002970881320701427,-0.00041776775642529847,-0.0024303940506016307
confirm2024,TS_K12.5,20240305,0.006688092567948811,0.0049261358204641765,0.0017578729992575289
confirm2024,TS_K12.5,20240306,0.0032211151566829215,0.0038758056816765446,-0.0006445407291969609
confirm2024,TS_K12.5,20240307,0.0010220594052168658,0.000305767319709435,0.0006978072167697118
confirm2024,TS_K12.5,20240308,0.004524264422343931,0.0026391733710890816,0.0018800291650623757
confirm2024,TS_K12.5,20240311,0.0059026351123201305,0.003707048568872286,0.0022021578564657336
confirm2024,TS_K12.5,20240312,0.0016378052599116686,0.0008076070587375112,0.0008261492441459602
confirm2024,TS_K12.5,20240313,-0.0014799046142639112,-0.0011870619899869194,-0.0003113925505304941
confirm2024,TS_K12.5,20240314,0.004103177316576709,0.003303011568041076,0.0008082574530782319
confirm2024,TS_K12.5,20240315,0.0034752673449016426,0.0024419722262189916,0.0010293086422976834
confirm2024,TS_K12.5,20240318,0.0030665082854401133,0.00234423844565791,0.000718308958652859
confirm2024,TS_K12.5,20240319,0.0018177942262354169,0.0006563453652540777,0.001148594529065827
confirm2024,TS_K12.5,20240320,0.0002354897973985625,-0.0002450114123887638,0.0004702337878746721
confirm2024,TS_K12.5,20240321,-0.0024845873404656816,-0.002228042909774198,-0.000258655464119099
confirm2024,TS_K12.5,20240322,-0.0026469103648455623,-0.0011694004708715725,-0.0014891709738042052
confirm2024,TS_K12.5,20240325,0.0028568023793720623,0.0023501522961049707,0.0005121203749474789
confirm2024,TS_K12.5,20240326,-0.0014109599191546515,0.00024313825937037062,-0.0016412559465532378
confirm2024,TS_K12.5,20240327,0.0033185282981807174,0.0019241274878396427,0.0013884479713709367
confirm2024,TS_K12.5,20240328,0.0036129521448299944,0.003152717683227389,0.0004370902594511144
confirm2024,TS_K12.5,20240329,0.003215112046051176,0.0018943916219111762,0.0013170930232348492
confirm2024,TS_K12.5,20240401,0.0016546879563030716,0.0013710979197602258,0.000275931304545855
confirm2024,TS_K12.5,20240402,-0.0005784824963448567,-0.0006682925911177545,7.210223076208012e-05
confirm2024,TS_K12.5,20240403,-0.0065343749914949754,-0.0052666800677949165,-0.0012679291498355898
confirm2024,TS_K12.5,20240408,0.00603421713675497,0.0043934706144329325,0.0016451315191339422
confirm2024,TS_K12.5,20240409,-0.0027679559884576377,-0.0010715055356491298,-0.0016815597005395962
confirm2024,TS_K12.5,20240410,0.00056610224525074,0.0005992892973133076,-6.890815681080453e-05
confirm2024,TS_K12.5,20240411,0.002144719709998421,0.0021635801513857703,6.964290072375545e-05
confirm2024,TS_K12.5,20240412,-0.008778774432406176,-0.005236011994471428,-0.003549019664514083
confirm2024,TS_K12.5,20240415,-0.010638749044198953,-0.006725114651171283,-0.0039873552047650085
confirm2024,TS_K12.5,20240416,0.015414934363336748,0.011787578116452816,0.003614146907379022
confirm2024,TS_K12.5,20240417,-0.0006629312375250043,-0.00015095792205356128,-0.0004995905069530215
confirm2024,TS_K12.5,20240418,0.0005482365755078615,0.0013933106678247632,-0.0008832517042454092
confirm2024,TS_K12.5,20240419,0.005857014397464902,0.006411649741874548,-0.0004992339435474365
confirm2024,TS_K12.5,20240422,0.008626982994243398,0.006329192009146738,0.0022648647037216466
confirm2024,TS_K12.5,20240423,0.003843737143997397,0.002139053524316508,0.0017321219573089542
confirm2024,TS_K12.5,20240424,0.0028730475305385065,0.002779762721161441,9.31725261164796e-05
confirm2024,TS_K12.5,20240425,0.00134852694621229,0.000668484199653552,0.0006424174944640058
confirm2024,TS_K12.5,20240426,0.005522948176706011,0.0038550660522251225,0.0016429092646026054
confirm2024,TS_K12.5,20240429,-0.0012878035791766326,-0.0009737051009536143,-0.00034063131194605784
confirm2024,TS_K12.5,20240430,0.002380032424152103,0.0018601721606740001,0.0005590403402921545
confirm2024,TS_K12.5,20240506,0.0023665762295637547,0.0018251182137568247,0.0005357808830894473
confirm2024,TS_K12.5,20240507,0.0003517105193132676,0.0008859959935729676,-0.0004961141911752202
confirm2024,TS_K12.5,20240508,0.0020857582749666953,0.0017830564239753814,0.0002850403270511693
confirm2024,TS_K12.5,20240509,-0.000150820321708137,0.0005185029120609373,-0.0007081739666625564
confirm2024,TS_K12.5,20240510,-0.0026055237421634403,-0.0012042602472114039,-0.0014212709654356653
confirm2024,TS_K12.5,20240513,0.003455210989641343,0.003068101211691236,0.00046296741728343204
confirm2024,TS_K12.5,20240514,0.0005798499778392283,0.0007089401868035011,-0.00012146589631774
confirm2024,TS_K12.5,20240515,0.000768993885517032,0.0009342680185235647,-0.00011675917318793315
confirm2024,TS_K12.5,20240516,-0.0001020495848617544,7.259230494469982e-05,-0.0001604058310411276
confirm2024,TS_K12.5,20240517,-9.018362251998584e-05,-0.00038803212745400467,0.0002930479580466614
confirm2024,TS_K12.5,20240520,0.0009724546449945866,0.001289705764289386,-0.00029116563375010727
confirm2024,TS_K12.5,20240521,0.0008562398317439705,0.0010968700588445818,-0.00019346776925889693
confirm2024,TS_K12.5,20240522,0.003202559774564559,0.003562365317221239,-0.00035196615393474906
confirm2024,TS_K12.5,20240523,0.00293133604435489,0.002823481538949949,7.426744123953535e-05
confirm2024,TS_K12.5,20240524,0.0007693371229781079,0.0005450634684947761,0.00020983787095077194
confirm2024,TS_K12.5,20240527,0.0015191119910535431,0.0012391885088540529,0.00026385316737819874
confirm2024,TS_K12.5,20240528,0.0016407949850381909,0.001212132021620506,0.0004371896621161733
confirm2024,TS_K12.5,20240529,0.0031030102860126483,0.002516632968701667,0.0005664980748932847
confirm2024,TS_K12.5,20240530,0.0018927804829385868,0.0015501096692322363,0.0003553602807564056
confirm2024,TS_K12.5,20240531,-0.0019024041811908123,-0.0018755874711430347,-8.746774845591512e-06
confirm2024,TS_K12.5,20240603,-0.0025295189541797835,-0.00241562401103709,-0.00012166557477996372
confirm2024,TS_K12.5,20240604,0.0028916203094883873,0.0028586941972626252,1.2835582162087575e-05
confirm2024,TS_K12.5,20240605,-0.0017675842333723865,-0.0015238925934670505,-0.00025038709025803523
confirm2024,TS_K12.5,20240606,0.005071737544687736,0.004722636979693235,0.0003407900903758085
confirm2024,TS_K12.5,20240607,0.005807344794199693,0.005320833955118542,0.000489896176551629
confirm2024,TS_K12.5,20240611,0.0006591072851766695,0.0004507574618680266,0.00020785181056506293
confirm2024,TS_K12.5,20240612,0.0025242369583973745,0.0024315780436155805,9.937289074398807e-05
confirm2024,TS_K12.5,20240613,-0.0016680378773346778,-0.0013962211005065167,-0.0002573218095296014
confirm2024,TS_K12.5,20240614,0.0019792237675705835,0.002113450984938458,-0.0001410427403388232
confirm2024,TS_K12.5,20240617,-0.0004737126825181664,-0.0004078768796062161,-8.553933197587673e-05
confirm2024,TS_K12.5,20240618,0.000605993873267925,0.0009806666660947972,-0.00041954222672222006
confirm2024,TS_K12.5,20240619,0.0013691849363650574,0.0014499033409147836,-7.322514030469511e-05
confirm2024,TS_K12.5,20240620,-0.00010924467398195693,-0.0001502412022137051,5.576823391566547e-06
confirm2024,TS_K12.5,20240621,-0.002840981744338396,-0.0020466785903653683,-0.0007943031539730222
confirm2024,TS_K12.5,20240624,-0.0009972267069484893,-0.0008441933059968242,-0.00015303340095166527
confirm2024,TS_K12.5,20240625,0.0037498758669306208,0.0026824806186993636,0.0010399592304862124
confirm2024,TS_K12.5,20240626,-0.00020706917674735356,0.00031239672279023624,-0.00048200174829673157
confirm2024,TS_K12.5,20240627,0.0013898204626316812,0.001447647802557799,-8.056992796459862e-05
confirm2024,TS_K12.5,20240628,-0.0038777158566716983,-0.003902223134023442,-2.5215069773568828e-05
confirm2024,TS_K12.5,20240701,0.0013913608039105856,0.0017296369926613183,-0.00037941452119776985
confirm2024,TS_K12.5,20240702,0.0030138059933359556,0.0029602644798327506,4.164667995067785e-05
confirm2024,TS_K12.5,20240703,-0.0009605964725403933,-0.0008615775866028985,-3.526541185180785e-05
confirm2024,TS_K12.5,20240704,0.0031684836355652217,0.0026186087597128284,0.00045675027182616907
confirm2024,TS_K12.5,20240705,-0.0016727323716380464,-0.0013187344194797548,-0.00034976172520675064
confirm2024,TS_K12.5,20240708,0.00167706629912278,0.001758549529107395,-0.0001295472139283023
confirm2024,TS_K12.5,20240709,0.0020533392924819227,0.0018166881884215578,0.0001034701884783598
confirm2024,TS_K12.5,20240710,0.0036505945339491107,0.0031515588624917517,0.00040167393420406736
confirm2024,TS_K12.5,20240711,0.0017681156424050955,0.0017014353838025074,-6.796627187269572e-05
confirm2024,TS_K12.5,20240712,-0.0020939333683080708,-0.0017569711256637636,-0.00041486437567655354
confirm2024,TS_K12.5,20240715,0.0018188300933938814,0.0018189078669564615,-5.65638691117003e-05
confirm2024,TS_K12.5,20240716,0.0017155769840033804,0.001573707822012202,7.9521888919189e-05
confirm2024,TS_K12.5,20240717,-0.0003164834317277145,-0.00018596269269286023,-0.00018656574537799197
confirm2024,TS_K12.5,20240718,0.0026380698273007147,0.002381748958974,0.00012330433394188315
confirm2024,TS_K12.5,20240719,0.0012160102581761706,0.0012119739316043413,-5.189725579325509e-05
confirm2024,TS_K12.5,20240722,-0.002119587203267763,-0.0014266249342775098,-0.0007286134717532082
confirm2024,TS_K12.5,20240723,-0.00206918303720547,-0.0016517639685180545,-0.0004689039400307014
confirm2024,TS_K12.5,20240724,0.0009368901726073279,0.0006405517316408723,0.00024333558916200658
confirm2024,TS_K12.5,20240725,0.0008634110557537364,0.0002694198618494347,0.0005296333845047702
confirm2024,TS_K12.5,20240726,-0.0022013738008492714,-0.0015288641710084405,-0.0007012983672295308
confirm2024,TS_K12.5,20240729,0.00119375929685709,0.0013004621138409012,-8.614164526920265e-05
confirm2024,TS_K12.5,20240730,0.003759157904853004,0.0027135626622310526,0.0009922769725220488
confirm2024,TS_K12.5,20240731,0.0007186906740172696,0.0010098852126497462,-0.0003580849464216859
confirm2024,TS_K12.5,20240801,0.0003161701933554299,0.00015745741616548324,0.00021321678440508867
confirm2024,TS_K12.5,20240802,0.0007487805670315546,0.0003490360973633661,0.00037716726258555755
confirm2024,TS_K12.5,20240805,0.002502470378158154,0.0019104131610114608,0.0005817520182614472
confirm2024,TS_K12.5,20240806,0.0014863558038481874,0.0015853053101764015,-0.0001224159761502437
confirm2024,TS_K12.5,20240807,0.001027198917956323,0.0004669622546442544,0.00046922878007054367
confirm2024,TS_K12.5,20240808,0.0009294570778601548,0.0010443582589470344,-0.00015793057378799975
confirm2024,TS_K12.5,20240809,0.001049643510501375,0.0003289987600581847,0.0006944333619897216
confirm2024,TS_K12.5,20240812,0.0008275469877502308,0.0012973092114844363,-0.0005251423073988374
confirm2024,TS_K12.5,20240813,-0.002180648309806588,-0.001431346251122206,-0.0007719751454106441
confirm2024,TS_K12.5,20240814,-0.00033816614720955443,-0.00020134749261997307,-0.00015004566159992243
confirm2024,TS_K12.5,20240815,0.001906283423607838,0.001753511128487212,0.00013443468998223135
confirm2024,TS_K12.5,20240816,0.0002750088609117605,-0.00014075700890803016,0.0003768437960165505
confirm2024,TS_K12.5,20240819,0.0006067709358444952,0.001165138858691997,-0.0005231681459705273
confirm2024,TS_K12.5,20240820,0.0005365117535526148,0.00039846457206613964,0.0001317689805378793
confirm2024,TS_K12.5,20240821,0.0011174719663220225,0.0012485785047568494,-0.00015853969108735582
confirm2024,TS_K12.5,20240822,-2.301969249123969e-05,-0.0002164529812447775,0.00021142707248736548
confirm2024,TS_K12.5,20240823,-3.864162529223017e-05,-0.00045461008422771154,0.0004054203233068375
confirm2024,TS_K12.5,20240826,-0.001466732058286754,-0.001509289023050449,4.825257581433447e-05
confirm2024,TS_K12.5,20240827,0.004308969039752169,0.0037204129028645515,0.0006087274133522734
confirm2024,TS_K12.5,20240828,0.005268445815832679,0.004466351579556368,0.000822539803041291
confirm2024,TS_K12.5,20240829,0.0010515554614151622,0.0010828159159309261,-6.376260177024987e-05
confirm2024,TS_K12.5,20240830,-0.003096431415793426,-0.002839590010228986,-0.00032072459811961735
confirm2024,TS_K12.5,20240902,0.0026888431068149005,0.0019837774145798678,0.0007175551889964544
confirm2024,TS_K12.5,20240903,0.0019222694871927652,0.0012764469538335769,0.0006186030924583625
confirm2024,TS_K12.5,20240904,0.0017162098779045492,0.0016314661414963021,7.300003683405424e-05
confirm2024,TS_K12.5,20240905,-0.0018902383080164759,-0.0012254354232406073,-0.000670053849418211
confirm2024,TS_K12.5,20240906,-0.00017216558052076834,-0.0003977749072302069,0.0001930828816579427
confirm2024,TS_K12.5,20240909,0.002823919799460624,0.0023131549807472373,0.0004948555377099361
confirm2024,TS_K12.5,20240910,0.003476883503298156,0.002816031785695463,0.0006392394054523128
confirm2024,TS_K12.5,20240911,-0.0016514874257412522,-0.0015446887356396826,-0.00014473138828077065
confirm2024,TS_K12.5,20240912,-0.0010161465659118216,-0.0009065954385082304,-0.00014186346624293764
confirm2024,TS_K12.5,20240913,-0.0023575672268727303,-0.0025181175384162125,0.00018082868664702264
confirm2024,TS_K12.5,20240918,0.0010743381257038373,0.0008922104134592864,0.00014326317261466835
confirm2024,TS_K12.5,20240919,-0.0013474765855494048,-0.0010800602953203499,-0.0002891680222573736
confirm2024,TS_K12.5,20240920,-0.0006466386845187667,-0.0005351165201260004,-0.00011371009051406664
confirm2024,TS_K12.5,20240923,0.0020614750948957095,0.0018269140028897895,0.00023312976649499936
confirm2024,TS_K12.5,20240924,-0.002508387926368167,-0.0020147636911155547,-0.0004970147917766474
confirm2024,TS_K12.5,20240925,0.0030301448780315696,0.0023000170889744074,0.000707393087461312
confirm2024,TS_K12.5,20240926,0.007685415615615469,0.006998295702401492,0.0007374428111743217
confirm2024,TS_K12.5,20240927,0.013439587011547224,0.013422272336813028,0.00012476217566773995
confirm2024,TS_K12.5,20240930,0.02042912089453848,0.016314217684589717,0.0041149032099487455
confirm2024,TS_K12.5,20241008,-0.00011557832137221169,0.0018141431189090639,-0.0019297214402812833
confirm2024,TS_K12.5,20241009,0.008124152678192994,0.006799195691112573,0.0012190395889858153
confirm2024,TS_K12.5,20241010,0.0021461700199790837,0.0012467405674574464,0.0008350623147568295
confirm2024,TS_K12.5,20241011,-0.004750674264420194,-0.0027919362132783547,-0.0018676339154450627
confirm2024,TS_K12.5,20241014,-3.787215320183099e-05,0.0004739503022769177,-0.0004907708377455803
confirm2024,TS_K12.5,20241015,-0.000771428366991761,-0.0011951058233828132,0.00037215554525218974
confirm2024,TS_K12.5,20241016,0.0001958701759483903,0.001373489891627034,-0.001200708620849608
confirm2024,TS_K12.5,20241017,-0.0006879305093817345,0.0013485274289053442,-0.002030049633094319
confirm2024,TS_K12.5,20241018,-0.00446742785879764,-0.0016755359099071285,-0.002812087681105444
confirm2024,TS_K12.5,20241021,0.004100792169806338,0.0024353942913760253,0.0016841373753096929
confirm2024,TS_K12.5,20241022,0.00048500350660638045,-0.000530727195201048,0.0009715499069563277
confirm2024,TS_K12.5,20241023,0.0005472220362483121,-0.0005967577000766192,0.0011111598518911958
confirm2024,TS_K12.5,20241024,-0.003023138136789269,-0.0022385169149085225,-0.0008026434551237321
confirm2024,TS_K12.5,20241025,-0.006384304902143378,-0.006374985457329921,-3.3689057133527424e-05
confirm2024,TS_K12.5,20241028,0.0017753795699808478,0.001232534905154566,0.0005127823878302189
confirm2024,TS_K12.5,20241029,-0.002837486366812122,-0.002847947184362857,-4.827949663170778e-05
confirm2024,TS_K12.5,20241030,-0.006236818133026763,-0.004856648399627461,-0.0013940970810023489
confirm2024,TS_K12.5,20241031,0.01111890699981059,0.004489467435591287,0.00664783907832897
confirm2024,TS_K12.5,20241101,0.001415997126081505,0.0017646635277450075,-0.00039214467064509705
confirm2024,TS_K12.5,20241104,-0.006703584024295602,-0.00301887998760168,-0.003600175087227324
confirm2024,TS_K12.5,20241105,8.169029364624939e-05,0.00022503849090497346,-0.00016655921518531747
confirm2024,TS_K12.5,20241106,-0.001934052419537282,-0.002483110920966655,0.00048813112133464973
confirm2024,TS_K12.5,20241107,-0.0009371323505048953,0.0011833369330017328,-0.002078614125877151
confirm2024,TS_K12.5,20241108,-0.0012299122907941697,0.0019523419368373722,-0.003115895822671963
confirm2024,TS_K12.5,20241111,0.002702970810945263,0.0007291643465824347,0.0019717083979605855
confirm2024,TS_K12.5,20241112,0.0032327462805586413,0.0029753939691248015,0.0003761220607725173
confirm2024,TS_K12.5,20241113,0.003751469925120668,0.0008735869842698338,0.0028289946221720353
confirm2024,TS_K12.5,20241114,0.005914810222520496,0.0027698134011359347,0.003090247433935799
confirm2024,TS_K12.5,20241115,0.0065164881248111345,-0.0008613456689497462,0.007408237925895076
confirm2024,TS_K12.5,20241118,-0.00017239335530936858,0.0033440585785278385,-0.003554531517697069
confirm2024,TS_K12.5,20241119,-0.004282646417336319,-0.0021105136168823074,-0.0021786076616874166
confirm2024,TS_K12.5,20241120,0.001382669115303063,0.0004759273084056193,0.000905423550541291
confirm2024,TS_K12.5,20241121,-3.0961715881537566e-05,-0.0018426615481360543,0.0018077607160819913
confirm2024,TS_K12.5,20241122,0.00027553022811277125,-0.00014029014278440463,0.00035036565542005026
confirm2024,TS_K12.5,20241125,0.003160585230932005,0.0004890531825495611,0.0026835569811938633
confirm2024,TS_K12.5,20241126,0.00045673587817340877,0.0030022617991345315,-0.002592312475658305
confirm2024,TS_K12.5,20241127,-0.001104330013539324,-0.0018187984275880537,0.0007075477850640463
confirm2024,TS_K12.5,20241128,0.0007205994889140054,0.0024266340643054646,-0.00174554502114609
confirm2024,TS_K12.5,20241129,-0.0034211273165192825,-0.001351047784906214,-0.002091328630612785
confirm2024,TS_K12.5,20241202,0.000726431754702452,0.00043183553680865166,0.0002763156481698706
confirm2024,TS_K12.5,20241203,0.0023051447286033047,0.0007095932747545577,0.0015418655584806431
confirm2024,TS_K12.5,20241204,-0.003210891000563971,7.942441958282178e-05,-0.003270371863106293
confirm2024,TS_K12.5,20241205,-0.000458966933909611,-0.0018359418078542837,0.001358258317832384
confirm2024,TS_K12.5,20241206,0.001531306512471545,0.00033899780091546444,0.0012426946802240625
confirm2024,TS_K12.5,20241209,-0.0005539524877828149,0.0017762524615482355,-0.002354793081511817
confirm2024,TS_K12.5,20241210,-0.002314950350767375,-0.0021906271270094096,-0.0001630615186952063
confirm2024,TS_K12.5,20241211,-0.0004156251280642651,-0.001081410008164906,0.0006422275340369243
confirm2024,TS_K12.5,20241212,-7.549570827012492e-05,-0.0004467420265115511,0.00036169528459823776
confirm2024,TS_K12.5,20241213,0.0009947122554326178,-0.002081342680196473,0.0031147092783980236
confirm2024,TS_K12.5,20241216,0.011173865788591496,0.005688021981798805,0.00550405183434111
confirm2024,TS_K12.5,20241217,-0.00024592427979645316,0.0010386073323096889,-0.0013160657937486488
confirm2024,TS_K12.5,20241218,0.0002232500505167011,0.0013987321354608792,-0.0012069965201594792
confirm2024,TS_K12.5,20241219,-0.003541525392439024,-0.00030457631846950536,-0.003238628411478743
confirm2024,TS_K12.5,20241220,0.012959615292772397,0.00507458579292215,0.007884216498190953
confirm2024,TS_K12.5,20241223,0.003134790372149761,0.0012235596172737045,0.0019262389264215313
confirm2024,TS_K12.5,20241224,0.006291053299772148,0.0018945734065409126,0.0043922015161056175
confirm2024,TS_K12.5,20241225,-0.0028228142538365645,0.0006051152806375495,-0.0034178481860599515
confirm2024,TS_K12.5,20241226,7.867431997966683e-05,-0.0012764964083348687,0.0013387548782539918
confirm2024,TS_K12.5,20241227,0.0030603370525656903,0.0004444906260631392,0.00257470176579199
confirm2024,TS_K12.5,20241230,0.0066058903763305185,0.0023029624052698407,0.004324504569048836
confirm2024,TS_K12.5,20241231,-0.0005876366524283257,0.0011266074808041974,-0.001730995038233762
confirm2024,TS_K15,20240102,-0.0026716757092340444,-0.0032366364796858694,0.00045835019187895776
confirm2024,TS_K15,20240103,-0.0011334286462917442,-0.0013050401946658173,8.256641104584009e-05
confirm2024,TS_K15,20240104,-0.0006794394754053787,-0.0019693994848174784,0.00015402450573591192
confirm2024,TS_K15,20240105,-0.0011263151768975688,-0.000918447931924659,-0.0002834764549695108
confirm2024,TS_K15,20240108,0.002117286231027575,0.0012118648566267385,0.0007507996106214665
confirm2024,TS_K15,20240109,-0.0009443038755357729,-0.0030286540100071956,0.002154815286142561
confirm2024,TS_K15,20240110,0.0016442784663702192,0.003173264838424445,-0.001462848582927132
confirm2024,TS_K15,20240111,0.0007616532747695831,-0.0007812479341728513,0.001526184824823697
confirm2024,TS_K15,20240112,-0.002182528803036882,-0.0023653947772294638,0.0001317963479319513
confirm2024,TS_K15,20240115,0.0009817790841547117,0.0007056043763482986,0.00023852748131512533
confirm2024,TS_K15,20240116,-0.0010108831932967438,-0.0014894951457056552,0.0003941709221361408
confirm2024,TS_K15,20240117,-0.0023263123379519395,-0.0014475265999499202,-0.0008671633635627225
confirm2024,TS_K15,20240118,-0.0013458571519263367,-0.002158239940855039,0.0007228132150579111
confirm2024,TS_K15,20240119,-0.006815250333682889,-0.00573922681026875,-0.001041797158674775
confirm2024,TS_K15,20240122,-0.005307374588620737,-0.0038170226069189576,-0.001449925464592544
confirm2024,TS_K15,20240123,-0.004076195197613942,-0.0038912444154280074,-0.00028585014395184663
confirm2024,TS_K15,20240124,0.004781593221847513,0.0034199261866796884,0.0012364747288939456
confirm2024,TS_K15,20240125,-0.0022437723798533794,-0.0024136785488112606,0.0001461495132530696
confirm2024,TS_K15,20240126,-0.0056724805154385535,-0.005614717829065461,0.00017709575300458593
confirm2024,TS_K15,20240129,-0.0028299157416350404,-0.0025831880811582075,-0.0004890699889909841
confirm2024,TS_K15,20240130,-0.009569596637938459,-0.007828549517174403,-0.0017991237966827217
confirm2024,TS_K15,20240131,-0.0006016839846304176,0.0004788907322417203,-0.0010344183312538111
confirm2024,TS_K15,20240201,-0.01082733154623295,-0.007483316544114051,-0.0034367243137059513
confirm2024,TS_K15,20240202,-0.02543439253679873,-0.01902261516853687,-0.0065216456215294195
confirm2024,TS_K15,20240205,-0.00549896532552753,-0.0018546559982300997,-0.00350106348589198
confirm2024,TS_K15,20240206,-0.01784065067386706,-0.013626612268016843,-0.004453646840172334
confirm2024,TS_K15,20240207,0.032542192910340786,0.023773987521651645,0.008753289261389127
confirm2024,TS_K15,20240208,0.012393742916996076,0.006833119464982747,0.0056674402255230275
confirm2024,TS_K15,20240219,0.003367021481758428,0.0013074533434962194,0.002118541249509325
confirm2024,TS_K15,20240220,0.006690317110050022,0.004064524020346884,0.0026057178507859495
confirm2024,TS_K15,20240221,0.009921843338222103,0.006089661792568034,0.003800200394889335
confirm2024,TS_K15,20240222,0.011917549439587623,0.0073823762014920925,0.004563524486449597
confirm2024,TS_K15,20240223,0.012616390711747324,0.009168707626742188,0.003462871236835497
confirm2024,TS_K15,20240226,0.006349608372865034,0.003138486582202485,0.0032487862593678623
confirm2024,TS_K15,20240227,-0.01772074837258939,-0.008969226975860983,-0.008800993884839419
confirm2024,TS_K15,20240228,0.005992447914493479,0.0026805986870918307,0.003294180870981706
confirm2024,TS_K15,20240229,0.009626575324865393,0.0073253412586827705,0.0022817864703815875
confirm2024,TS_K15,20240301,-0.0036809752973560824,-0.0037994797614653033,9.191575519635768e-05
confirm2024,TS_K15,20240304,-0.002694727585059802,-5.1302243746254115e-05,-0.002520705827639049
confirm2024,TS_K15,20240305,0.006574684843452633,0.004802234111252329,0.0017683669839731971
confirm2024,TS_K15,20240306,0.002648062115480963,0.0034174894523413537,-0.0007592775410637289
confirm2024,TS_K15,20240307,0.0019359989240091222,0.0011674558379294385,0.0007500582173419647
confirm2024,TS_K15,20240308,0.006120603768069388,0.004085300372033876,0.002030241509843046
confirm2024,TS_K15,20240311,0.005880584750055632,0.003579586372055681,0.0023075696910178443
confirm2024,TS_K15,20240312,0.0020194137736197445,0.0011438304842920424,0.0008715343322995065
confirm2024,TS_K15,20240313,-0.0018842066701007885,-0.0015183845329099642,-0.00038437206344432603
confirm2024,TS_K15,20240314,0.003669543422233232,0.002840098384527858,0.0008375367422479693
confirm2024,TS_K15,20240315,0.0035939740211493112,0.0024298433837383715,0.0011601441610259735
confirm2024,TS_K15,20240318,0.0029738768109637548,0.0022410270285657375,0.0007288889012686729
confirm2024,TS_K15,20240319,0.001540427617318001,0.0003294565434374486,0.0011981167419650382
confirm2024,TS_K15,20240320,-6.691647759375294e-05,-0.0005546550554007992,0.00047747115589439135
confirm2024,TS_K15,20240321,-0.0027241990588793164,-0.0024472379511602696,-0.00027907214114666483
confirm2024,TS_K15,20240322,-0.0027236210004514087,-0.0011660224433064066,-0.0015692596369752201
confirm2024,TS_K15,20240325,0.0029086028169293754,0.0024320758929837188,0.00048199721562604443
confirm2024,TS_K15,20240326,-0.0023188494658419323,-0.0005207978771089077,-0.0017852093567612413
confirm2024,TS_K15,20240327,0.0036575007190338474,0.0021460604415982263,0.00150548743846548
confirm2024,TS_K15,20240328,0.0029159839987773547,0.002462733052454565,0.00043010674417129813
confirm2024,TS_K15,20240329,0.003720052810828312,0.002325118757514119,0.0013913066524090436
confirm2024,TS_K15,20240401,0.0014979107405568176,0.001228244809022032,0.00026200719953779425
confirm2024,TS_K15,20240402,-0.0016530376079200914,-0.0015928448801840805,-7.790059174682808e-05
confirm2024,TS_K15,20240403,-0.006450594267328157,-0.005067909158463285,-0.0013829193350004061
confirm2024,TS_K15,20240408,0.005972098164388581,0.004168479654310442,0.0018080035068900404
confirm2024,TS_K15,20240409,-0.0027655169945119303,-0.0009586700014246968,-0.001791956240818319
confirm2024,TS_K15,20240410,0.0008232340860162804,0.0008612162817998006,-7.370330053175632e-05
confirm2024,TS_K15,20240411,0.0015958832956948152,0.0016097617168577328,7.462492094818609e-05
confirm2024,TS_K15,20240412,-0.00784403632699255,-0.003912376524617051,-0.003937917028954824
confirm2024,TS_K15,20240415,-0.010909431389009183,-0.006425506232209035,-0.004557645968537502
confirm2024,TS_K15,20240416,0.015837919545710046,0.011911691910342519,0.003913018295862609
confirm2024,TS_K15,20240417,-0.0009230348105822776,-0.00034557119843484107,-0.0005650808036290128
confirm2024,TS_K15,20240418,-0.0009221220632706032,1.6981151328092532e-05,-0.0009772808265272024
confirm2024,TS_K15,20240419,0.006875103930839485,0.007308489499954731,-0.00037798416825303503
confirm2024,TS_K15,20240422,0.008501797503562966,0.00604830047754838,0.0024205707446395713
confirm2024,TS_K15,20240423,0.004327329233354913,0.0025883310671170803,0.0017664365038658936
confirm2024,TS_K15,20240424,0.0032285326210709725,0.00321035845235511,1.8061885455277427e-05
confirm2024,TS_K15,20240425,0.002375071003525693,0.0015996604775004178,0.0007377852739305442
confirm2024,TS_K15,20240426,0.006238755773030458,0.0044471907701209255,0.0017665921430312403
confirm2024,TS_K15,20240429,-0.0014295891457091793,-0.001068415628299475,-0.00038770635113274406
confirm2024,TS_K15,20240430,0.00275697719002237,0.0022467991596060123,0.0005493581072304034
confirm2024,TS_K15,20240506,0.0028067633780029305,0.0022033190036556366,0.0005977672416298108
confirm2024,TS_K15,20240507,-0.0002016757598675891,0.00040020322727998516,-0.0005637077040630936
confirm2024,TS_K15,20240508,0.002834241062198069,0.002498450536776499,0.00031812900148142376
confirm2024,TS_K15,20240509,-0.0004866136626470313,0.00025133533008485863,-0.0007767997256253732
confirm2024,TS_K15,20240510,-0.0031399750163880226,-0.001567593737420383,-0.0015923887494512644
confirm2024,TS_K15,20240513,0.0030225347374328478,0.0026005643329516594,0.0004978280438145177
confirm2024,TS_K15,20240514,0.0005850733560071745,0.0007292811253484789,-0.00013658345669477175
confirm2024,TS_K15,20240515,0.00094291167399167,0.0010858322487032417,-9.440561489297106e-05
confirm2024,TS_K15,20240516,-0.0006161402508489955,-0.00042227272927931604,-0.00017963146280435352
confirm2024,TS_K15,20240517,0.00018704804174075928,-8.56170723145078e-05,0.0002678645671679098
confirm2024,TS_K15,20240520,0.0007104244221373679,0.0010988353811933053,-0.00036232547351124447
confirm2024,TS_K15,20240521,0.000942908080046506,0.0011375736420337977,-0.00014750310414557633
confirm2024,TS_K15,20240522,0.0033410526348514047,0.0038087436681706406,-0.00045985164459730224
confirm2024,TS_K15,20240523,0.002238481567244633,0.0022672695569309997,-6.237505385177356e-05
confirm2024,TS_K15,20240524,0.0017225307179799584,0.0015181439644557655,0.0001899509699916328
confirm2024,TS_K15,20240527,0.0020174690566187436,0.0018088406425496105,0.00019255809924784078
confirm2024,TS_K15,20240528,0.0019447654493194586,0.001528147366788463,0.00042514478122948466
confirm2024,TS_K15,20240529,0.0029366407449798937,0.0023029409690971166,0.000613820533465081
confirm2024,TS_K15,20240530,0.0012086650175517676,0.0007461171536256034,0.00047523733097621913
confirm2024,TS_K15,20240531,-0.0023989691777621808,-0.00220487945640521,-0.00017601978615478282
confirm2024,TS_K15,20240603,-0.0024841937161449845,-0.0021378914173263925,-0.00035407293045586186
confirm2024,TS_K15,20240604,0.003177352338246127,0.003272530730916412,-0.00011526892273395415
confirm2024,TS_K15,20240605,-0.001462190896037302,-0.0008505603262908935,-0.0006183260200991095
confirm2024,TS_K15,20240606,0.00434084583623524,0.0038423315264826167,0.0004902038351339312
confirm2024,TS_K15,20240607,0.006654134605655979,0.006003972414456886,0.0006535475286695712
confirm2024,TS_K15,20240611,0.0008971303826750925,0.0006207826776047494,0.00027584969232676617
confirm2024,TS_K15,20240612,0.0023118559307909623,0.0022300006025033135,8.85693042498441e-05
confirm2024,TS_K15,20240613,-0.0009313809177862117,-0.0006894900069821053,-0.00022739594350554724
confirm2024,TS_K15,20240614,0.0017587140598522514,0.0019005124373583124,-0.00014861390047700944
confirm2024,TS_K15,20240617,-0.0008415105484227605,-0.0008226588724081635,-3.8555205078522916e-05
confirm2024,TS_K15,20240618,0.0005707912197915757,0.001033307781730444,-0.0005073859958342175
confirm2024,TS_K15,20240619,0.0015322541208428672,0.0016218687599255572,-8.212137483765223e-05
confirm2024,TS_K15,20240620,-8.852438676719941e-05,-9.959187567249963e-05,-2.4352215934881792e-05
confirm2024,TS_K15,20240621,-0.0022633858009309255,-0.0011924358960549912,-0.0010709499048759347
confirm2024,TS_K15,20240624,-0.0018433717030740524,-0.0017118899692294437,-0.00013148173384460888
confirm2024,TS_K15,20240625,0.0031464315417018204,0.0017738318454323825,0.0013451636785243926
confirm2024,TS_K15,20240626,3.1088092573714615e-05,0.000637708179620695,-0.0005691559358061245
confirm2024,TS_K15,20240627,0.00124276326181034,0.0012754670008130035,-5.544632704114458e-05
confirm2024,TS_K15,20240628,-0.0041344851311583865,-0.004107189728147907,-7.701775013578994e-05
confirm2024,TS_K15,20240701,0.0006575697082293161,0.0009896480549111747,-0.00037321667912889765
confirm2024,TS_K15,20240702,0.003261077960780863,0.0032930153763838814,-4.383224915554629e-05
confirm2024,TS_K15,20240703,-0.00028054916383166845,-4.725830508040777e-06,-0.00021206985923793932
confirm2024,TS_K15,20240704,0.0034580551946648275,0.0028204349347341496,0.0005444956559044537
confirm2024,TS_K15,20240705,-0.002133367808256393,-0.0015951088125472914,-0.0005340227687575594
confirm2024,TS_K15,20240708,0.0018003874816368039,0.0017626421116778367,-1.031861398472197e-05
confirm2024,TS_K15,20240709,0.0019812396822168855,0.0017667904846153078,8.126828201957289e-05
confirm2024,TS_K15,20240710,0.003860612929675173,0.0031334485760977047,0.0006298026163241689
confirm2024,TS_K15,20240711,0.00205105110373898,0.0020456336898695524,-0.00012922911660585664
confirm2024,TS_K15,20240712,-0.002428622049049426,-0.0019168781592619377,-0.0005896460228197397
confirm2024,TS_K15,20240715,0.0021026785749167195,0.002092417837763461,-4.622535839586167e-05
confirm2024,TS_K15,20240716,0.0017077071729582598,0.0016478468616227763,-2.4869617365080345e-06
confirm2024,TS_K15,20240717,0.00015010713420902033,0.0003171508797620806,-0.00022308875189619779
confirm2024,TS_K15,20240718,0.003098763353462635,0.0028199037133789743,0.00014584310569882932
confirm2024,TS_K15,20240719,0.0010176761836755465,0.0009551599358253579,6.582665485103804e-06
confirm2024,TS_K15,20240722,-0.0027384277362364623,-0.0019651233483106724,-0.0008089555906887478
confirm2024,TS_K15,20240723,-0.0022205381208558403,-0.0017098112090687342,-0.0005622117831303901
confirm2024,TS_K15,20240724,0.0013998078990892955,0.001107212874765209,0.00023959217251963734
confirm2024,TS_K15,20240725,0.0009100262644302429,0.00022295754020758784,0.0006227109148231248
confirm2024,TS_K15,20240726,-0.0021373390899877423,-0.0014030378667236687,-0.0007630899606527739
confirm2024,TS_K15,20240729,0.0011108234490377995,0.0012068209581747786,-7.543633742237033e-05
confirm2024,TS_K15,20240730,0.005078681056304393,0.0039666490036526164,0.001058713782551864
confirm2024,TS_K15,20240731,0.0004981555481069738,0.0007622378783753291,-0.0003309727380575647
confirm2024,TS_K15,20240801,0.0003953939436533091,0.00033745394116955823,0.00011244400969888981
confirm2024,TS_K15,20240802,0.00016812022810143434,-2.180437780984856e-05,0.00016734739882865135
confirm2024,TS_K15,20240805,0.0029059470369615717,0.0022110882396886946,0.0006845535983876283
confirm2024,TS_K15,20240806,0.001957809423864891,0.002019021335316594,-8.467838127373286e-05
confirm2024,TS_K15,20240807,-0.0005546620303263745,-0.0009187797319562454,0.0002731098183883464
confirm2024,TS_K15,20240808,0.0008275086197698034,0.0009558307951777779,-0.00017135156810909393
confirm2024,TS_K15,20240809,0.0007956822842787366,0.00019962306916209864,0.0005698478266631692
confirm2024,TS_K15,20240812,0.000790360526402939,0.0011646391681427973,-0.0004296587254044893
confirm2024,TS_K15,20240813,-0.00215569115578192,-0.0015208298099113858,-0.0006575344325967973
confirm2024,TS_K15,20240814,0.000132636009898119,0.00020988342538059984,-9.047442249282217e-05
confirm2024,TS_K15,20240815,0.001994299359039596,0.0018249706055153037,0.00015099114838589857
confirm2024,TS_K15,20240816,0.0004137660692151634,9.201558623420596e-05,0.0002828284091777176
confirm2024,TS_K15,20240819,0.00010093520078384086,0.0006816544553156251,-0.0005455194776548116
confirm2024,TS_K15,20240820,0.0009338036335784959,0.0007719185035802091,0.00015560692904969078
confirm2024,TS_K15,20240821,0.0012122805786415527,0.0013989430370442595,-0.00021409561105523324
confirm2024,TS_K15,20240822,-0.0007190762180555414,-0.0008713724844805678,0.00017029005015885474
confirm2024,TS_K15,20240823,-0.0006505979193086736,-0.0010731410140500117,0.00041199495911269606
confirm2024,TS_K15,20240826,-0.0012912128613084169,-0.00127155852315217,-1.3958727105607986e-05
confirm2024,TS_K15,20240827,0.004171704682328476,0.003581736342549219,0.0006101396162439131
confirm2024,TS_K15,20240828,0.005811806460762646,0.00490892089939071,0.000923331128136914
confirm2024,TS_K15,20240829,0.001218181169375502,0.0011178947914054396,6.778423071557022e-05
confirm2024,TS_K15,20240830,-0.0021921605543641937,-0.0018833736769617946,-0.000372670069957578
confirm2024,TS_K15,20240902,0.004134148920412178,0.00328889146542714,0.0008577469517464578
confirm2024,TS_K15,20240903,0.00195660912600834,0.0014008824317033183,0.0005285072534041953
confirm2024,TS_K15,20240904,0.0010088543748031347,0.0008369701516047328,0.00016014052362420917
confirm2024,TS_K15,20240905,-0.0019247356445796227,-0.0011046109667475945,-0.000825375642474372
confirm2024,TS_K15,20240906,-0.00014186289614706105,-0.00044305728781854727,0.00026866794661998985
confirm2024,TS_K15,20240909,0.0024304643344605853,0.001834234550705568,0.0005803205027515657
confirm2024,TS_K15,20240910,0.004331911112143903,0.0036533211911346257,0.0006569776088588969
confirm2024,TS_K15,20240911,-0.001992281280850265,-0.0018181992657069267,-0.00021201471332254037
confirm2024,TS_K15,20240912,-0.0017229366933551662,-0.0013895617775904277,-0.0003656872546040858
confirm2024,TS_K15,20240913,-0.001986743744845693,-0.0020195587980322413,5.30934282900892e-05
confirm2024,TS_K15,20240918,0.0010614708381945087,0.0007824571837336526,0.0002401491148309749
confirm2024,TS_K15,20240919,-0.0011333631731918,-0.000846223518045303,-0.0003088913871748166
confirm2024,TS_K15,20240920,-0.0004250083022137685,-0.00031449797678166375,-0.00011269825155340576
confirm2024,TS_K15,20240923,0.002434481587750073,0.0022460822149106534,0.00018696804732849564
confirm2024,TS_K15,20240924,-0.002068016152420152,-0.0015585167586431147,-0.0005128899503010731
confirm2024,TS_K15,20240925,0.002958765620976092,0.002264238157519769,0.0006717927618604788
confirm2024,TS_K15,20240926,0.008069770387634158,0.0071737272546073556,0.0009463660309871395
confirm2024,TS_K15,20240927,0.014279084512888784,0.013844015495505888,0.0005425165183164246
confirm2024,TS_K15,20240930,0.020673917332598546,0.016008209363095927,0.004665707969502622
confirm2024,TS_K15,20241008,-0.0009498261537459612,0.0013818068306471216,-0.002331632984393088
confirm2024,TS_K15,20241009,0.007639723213906918,0.00653173848987496,0.0010020673259373528
confirm2024,TS_K15,20241010,0.0019419200030553405,0.0013360170748930487,0.0005415357903974789
confirm2024,TS_K15,20241011,-0.004710173084042361,-0.0028331490485645613,-0.0017859198997810263
confirm2024,TS_K15,20241014,-0.00014986002642730298,0.00037515243282098843,-0.0005039608415151242
confirm2024,TS_K15,20241015,-0.0009729053060449668,-0.001283337615852777,0.0002589103986689481
confirm2024,TS_K15,20241016,1.2758436682552832e-05,0.001077614372149372,-0.0010879448406377822
confirm2024,TS_K15,20241017,-0.0009139287458904792,0.0009248206489449728,-0.0018323410896426905
confirm2024,TS_K15,20241018,-0.0036980699965276885,-0.0011471590414757068,-0.002571106687266918
confirm2024,TS_K15,20241021,0.005011124161738861,0.0033912706458289893,0.0016385930127892517
confirm2024,TS_K15,20241022,0.0007807960095842603,-0.0001897712918382817,0.0009263865065714409
confirm2024,TS_K15,20241023,0.0002506257082019038,-0.0009084220278602431,0.001126227851628411
confirm2024,TS_K15,20241024,-0.002888070438785542,-0.002169794359936505,-0.0007362983120920233
confirm2024,TS_K15,20241025,-0.005553686012810307,-0.0056496358435785664,7.158021844818984e-05
confirm2024,TS_K15,20241028,0.001893744387501669,0.0014052661613005537,0.00045841594920505114
confirm2024,TS_K15,20241029,-0.001994903505733223,-0.002059494439243438,5.850619327772531e-06
confirm2024,TS_K15,20241030,-0.0056759255074708475,-0.0044151238504407135,-0.0012747290046331784
confirm2024,TS_K15,20241031,0.010675715437656604,0.0044309161218938405,0.006263198829872427
confirm2024,TS_K15,20241101,0.0013603124327068589,0.0016650941566250146,-0.00034825999289975044
confirm2024,TS_K15,20241104,-0.006229898729302248,-0.002763743133189367,-0.003381626646646282
confirm2024,TS_K15,20241105,0.0005745006987790402,0.0006626877331730469,-0.0001113980523205997
confirm2024,TS_K15,20241106,-0.002834530401525131,-0.0033107525712043127,0.00041529478958445714
confirm2024,TS_K15,20241107,-0.000624554544031665,0.0013966696118548928,-0.00197936899825708
confirm2024,TS_K15,20241108,-0.0013181831205469272,0.0016479276814972102,-0.0028997523970845573
confirm2024,TS_K15,20241111,0.002395879108125832,0.000517408348237718,0.001876372693485871
confirm2024,TS_K15,20241112,0.0030906607452695833,0.0028725036974263014,0.00033692679718196034
confirm2024,TS_K15,20241113,0.00369572303439869,0.000972431409398158,0.002674403306321734
confirm2024,TS_K15,20241114,0.0051321333675297676,0.0021092018532368004,0.002968182126844207
confirm2024,TS_K15,20241115,0.006637514668787189,-0.0004248638679074279,0.007092782668828811
confirm2024,TS_K15,20241118,0.0002524204439500015,0.0035698429145948033,-0.0033555020545046627
confirm2024,TS_K15,20241119,-0.004401928540183689,-0.0023445580928620107,-0.0020638453085550855
confirm2024,TS_K15,20241120,0.0015514124228600055,0.0006598662940261718,0.0008902278724776807
confirm2024,TS_K15,20241121,0.0004980137817479427,-0.0011817736527330726,0.0016758483183084874
confirm2024,TS_K15,20241122,-0.0004942211484160793,-0.0009262511184731251,0.00036657525457992334
confirm2024,TS_K15,20241125,0.002111296685841824,-0.00036370169291655803,0.0024870233115698013
confirm2024,TS_K15,20241126,0.0008248284118867605,0.0031782222962867058,-0.002400180439097132
confirm2024,TS_K15,20241127,-0.0011651844522028948,-0.001818590135992371,0.0006464850548047928
confirm2024,TS_K15,20241128,0.0013143338606881102,0.002889267253436488,-0.0016144438385030059
confirm2024,TS_K15,20241129,-0.0025155594551915794,-0.0005676990522219767,-0.0019691095019693165
confirm2024,TS_K15,20241202,0.0005483076825864583,0.00028403377655712773,0.00024599333630540113
confirm2024,TS_K15,20241203,0.002554977925639624,0.0010301431598040871,0.001471148870467432
confirm2024,TS_K15,20241204,-0.0033384925015102936,-0.00020010784189288634,-0.0031184411025769066
confirm2024,TS_K15,20241205,-0.00044390375885061326,-0.0017790567064126309,0.0013164363914497288
confirm2024,TS_K15,20241206,0.0015193567760066395,0.0004181864247946907,0.001151556319879931
confirm2024,TS_K15,20241209,-0.0008410915718647027,0.0013657545004616513,-0.002231434204507121
confirm2024,TS_K15,20241210,-0.0024074666479582552,-0.0023291701075282938,-0.00011703483536720338
confirm2024,TS_K15,20241211,-0.001032323541148539,-0.0016457933191936112,0.0005899124319813569
confirm2024,TS_K15,20241212,0.0005286503374317998,0.00017292014983859088,0.0003461791539500226
confirm2024,TS_K15,20241213,0.0008916910946221235,-0.002111977925637466,0.0030423233630285226
confirm2024,TS_K15,20241216,0.01131935879911335,0.006151410330487273,0.005186156496174494
confirm2024,TS_K15,20241217,-0.0002562534658821416,0.0009872452431113922,-0.00127503289063604
confirm2024,TS_K15,20241218,0.0005549459901696996,0.001638144739158604,-0.0011147131842042049
confirm2024,TS_K15,20241219,-0.003639835449104091,-0.0004950193046160768,-0.0031464954819972395
confirm2024,TS_K15,20241220,0.01321995245607726,0.005578652117054599,0.007640487337363363
confirm2024,TS_K15,20241223,0.00409431578956909,0.0022303070027845993,0.0018790169583299662
confirm2024,TS_K15,20241224,0.006752349274655725,0.002467608201911191,0.004280462695618916
confirm2024,TS_K15,20241225,-0.00269002232396035,0.0006350190759471705,-0.003314960051493359
confirm2024,TS_K15,20241226,6.634885367262817e-05,-0.0013121640588180457,0.0013620970624301297
confirm2024,TS_K15,20241227,0.0035496620399776743,0.0010634302774888808,0.0024450871017782324
confirm2024,TS_K15,20241230,0.006320931710851914,0.002193719196448279,0.004148789112391795
confirm2024,TS_K15,20241231,-0.0008330294392041651,0.0008132192916882489,-0.0016629996358936518
confirm2024,TS_K20,20240102,-0.0022196168812402086,-0.0026085195089738367,0.00028229204916076185
confirm2024,TS_K20,20240103,-0.0013151604311405596,-0.001423487578894459,0.0002340634622041685
confirm2024,TS_K20,20240104,-0.0010261761872778705,-0.002083832045977829,0.001098878361656951
confirm2024,TS_K20,20240105,-0.0010866367924532022,-0.0008671624228553206,-0.0002950835795944816
confirm2024,TS_K20,20240108,0.0019416304626972414,0.0010721413318861889,0.0007148673670316814
confirm2024,TS_K20,20240109,-0.0018411328342329177,-0.003666357072144145,0.0018956893895823658
confirm2024,TS_K20,20240110,0.00268022720777528,0.003953287665570776,-0.0012069226686684006
confirm2024,TS_K20,20240111,0.0008110807476634299,-0.0005667153965044556,0.0013610797600491493
confirm2024,TS_K20,20240112,-0.0020576852501722354,-0.0021752530836193183,6.649820718645179e-05
confirm2024,TS_K20,20240115,0.0009527139674582086,0.0007375539509207428,0.00017751279004617716
confirm2024,TS_K20,20240116,-0.001181709095419252,-0.0015088796100960937,0.00024272948440407535
confirm2024,TS_K20,20240117,-0.001832834682529252,-0.0011386700685384703,-0.0006825422395514852
confirm2024,TS_K20,20240118,-0.002096864630644707,-0.002763747502486426,0.0005773132979709262
confirm2024,TS_K20,20240119,-0.006675910585032203,-0.005425667301037948,-0.0012160169192548737
confirm2024,TS_K20,20240122,-0.004161290101771641,-0.0027211469934494033,-0.0013997165912130044
confirm2024,TS_K20,20240123,-0.0048859312487826295,-0.004600735821048502,-0.00038609478950004045
confirm2024,TS_K20,20240124,0.004862838672992829,0.0035348683382496323,0.0012027780284693187
confirm2024,TS_K20,20240125,-0.0017426294258685452,-0.0017494804140131893,-1.690566756016893e-05
confirm2024,TS_K20,20240126,-0.005784765660140058,-0.005444237561021454,-0.00010566965974093123
confirm2024,TS_K20,20240129,-0.002305827810558103,-0.001823039978582653,-0.0007251301604896057
confirm2024,TS_K20,20240130,-0.010063798944063826,-0.008007299047724504,-0.00211457657225799
confirm2024,TS_K20,20240131,-0.0003199942809132307,0.0007726572851847917,-0.001046495180479696
confirm2024,TS_K20,20240201,-0.010193169762872087,-0.006829885340766303,-0.0034559937336928422
confirm2024,TS_K20,20240202,-0.023454621077823354,-0.01671475836585679,-0.006849730965234102
confirm2024,TS_K20,20240205,-0.0046473220302637695,-0.0011650914878960058,-0.003338984700962312
confirm2024,TS_K20,20240206,-0.015231098793997873,-0.010957085300325846,-0.004513621927994149
confirm2024,TS_K20,20240207,0.030009887226702822,0.021267379504824883,0.008727591594577918
confirm2024,TS_K20,20240208,0.011523769369225445,0.006140397143337501,0.005490188999397644
confirm2024,TS_K20,20240219,0.0024316046700852256,0.0005052203113285747,0.001985357470003768
confirm2024,TS_K20,20240220,0.006346207799875277,0.003935996957651328,0.0023901356033067577
confirm2024,TS_K20,20240221,0.008408249693852385,0.004784587067670078,0.0035916814754175766
confirm2024,TS_K20,20240222,0.011045194513976744,0.006827906707992891,0.004245639054337915
confirm2024,TS_K20,20240223,0.012272643765651516,0.00905448689284277,0.003233345024639104
confirm2024,TS_K20,20240226,0.005429998727478954,0.002452361209548313,0.0030153019866359554
confirm2024,TS_K20,20240227,-0.015030781943877213,-0.006862763684807243,-0.008217490747180974
confirm2024,TS_K20,20240228,0.005504453100090435,0.0023898823601981043,0.003096902383472386
confirm2024,TS_K20,20240229,0.008851455755165404,0.006699790930196313,0.0021322172291680604
confirm2024,TS_K20,20240301,-0.0026330577555913263,-0.002740809153430146,8.11626889259571e-05
confirm2024,TS_K20,20240304,-0.0019981765309359228,0.0005809968640260027,-0.0024564538812874245
confirm2024,TS_K20,20240305,0.0067317268237923455,0.005097938356114059,0.001629704719451177
confirm2024,TS_K20,20240306,0.0027725689779322547,0.0035128484676644318,-0.0007301296939355156
confirm2024,TS_K20,20240307,0.0017998914705934337,0.0011155891013480649,0.0006658175005076495
confirm2024,TS_K20,20240308,0.006540048495805983,0.00450418162300944,0.0020308049866040742
confirm2024,TS_K20,20240311,0.00554851910050441,0.003351129741268995,0.0022039606722533064
confirm2024,TS_K20,20240312,0.0017569191769696516,0.0009189897873546258,0.000833880432586829
confirm2024,TS_K20,20240313,-0.0014136174127281432,-0.001091620868500835,-0.00034054647048080915
confirm2024,TS_K20,20240314,0.0033097341222381657,0.002539526592295684,0.0007782992344850818
confirm2024,TS_K20,20240315,0.003727974642158259,0.002776712007656763,0.0009472761581165282
confirm2024,TS_K20,20240318,0.0025369436903184923,0.0018662764359279205,0.0006667063732612271
confirm2024,TS_K20,20240319,0.0016556361982907313,0.0005982136090032247,0.0010445682573719947
confirm2024,TS_K20,20240320,-0.00012991189312990263,-0.0006180656431078185,0.00047788632806526084
confirm2024,TS_K20,20240321,-0.002145435927402498,-0.0018878035982343591,-0.00025974336259575604
confirm2024,TS_K20,20240322,-0.0029145042892925466,-0.0015044456021641463,-0.0014217197669586154
confirm2024,TS_K20,20240325,0.0028730414134169515,0.002445991416597006,0.00043252028850033293
confirm2024,TS_K20,20240326,-0.003027816042569853,-0.001488842725194658,-0.0015261310854034124
confirm2024,TS_K20,20240327,0.003242170864735175,0.0019126780378812178,0.0013235399878838228
confirm2024,TS_K20,20240328,0.0022824587055152758,0.0018694055835361703,0.0003899089198276147
confirm2024,TS_K20,20240329,0.0036111342194152553,0.0022828535615125353,0.001324653256997571
confirm2024,TS_K20,20240401,0.001507978251022844,0.0011547288813490264,0.0003455906376768269
confirm2024,TS_K20,20240402,-0.0014860551266533623,-0.001556172194608425,5.2409203944244094e-05
confirm2024,TS_K20,20240403,-0.004405349968671098,-0.003187573260407268,-0.0012180109343993633
confirm2024,TS_K20,20240408,0.005401293906505785,0.0036964847609141623,0.0017091941424035233
confirm2024,TS_K20,20240409,-0.002621197558833749,-0.000973899727800217,-0.00163240707876462
confirm2024,TS_K20,20240410,0.0009322639743242185,0.0009759601870326013,-7.941731745662e-05
confirm2024,TS_K20,20240411,0.0017412777637512604,0.0017726252003313265,5.715590553103945e-05
confirm2024,TS_K20,20240412,-0.00694990031329195,-0.003234771779246498,-0.0037213857606247904
confirm2024,TS_K20,20240415,-0.010503693143758944,-0.006224651894309976,-0.004352762061186297
confirm2024,TS_K20,20240416,0.014027687971572673,0.010487428069453722,0.003527050562614014
confirm2024,TS_K20,20240417,-0.00030255593832745125,0.00016417733614531118,-0.00045435046595434045
confirm2024,TS_K20,20240418,-0.001505213508812565,-0.0005733931628237383,-0.0009699979579173333
confirm2024,TS_K20,20240419,0.006660846601667508,0.006698954660463596,1.729334206612213e-05
confirm2024,TS_K20,20240422,0.007346191051474514,0.005328536122153682,0.0019847286479458175
confirm2024,TS_K20,20240423,0.003724248762664136,0.002387315442327679,0.0013643716579645156
confirm2024,TS_K20,20240424,0.0022913803764121193,0.00227952989177866,1.1738201372876089e-05
confirm2024,TS_K20,20240425,0.004077753195765399,0.0032935511254823715,0.0007465768181882973
confirm2024,TS_K20,20240426,0.005677319752512219,0.003969851887939554,0.001682495004694386
confirm2024,TS_K20,20240429,-0.0009195937566728995,-0.0008235783731511762,-0.0001225482172447638
confirm2024,TS_K20,20240430,0.001925661807390816,0.0014523541598480806,0.000512487724356785
confirm2024,TS_K20,20240506,0.0029979217032817486,0.0025385398784115287,0.00045370469215273674
confirm2024,TS_K20,20240507,0.0006322206527662484,0.0011317194721591143,-0.0004613275363083848
confirm2024,TS_K20,20240508,0.0025523680223650484,0.0020539295371663777,0.00048077696125852594
confirm2024,TS_K20,20240509,0.00031631193466851067,0.0006754369186510971,-0.0003979757168760689
confirm2024,TS_K20,20240510,-0.003324177129852623,-0.002188181256348373,-0.0011560033439878801
confirm2024,TS_K20,20240513,0.0027707622006366388,0.002489750972277071,0.000356868867692893
confirm2024,TS_K20,20240514,0.0001910142546294796,0.00038599825013250057,-0.00018735968285648786
confirm2024,TS_K20,20240515,0.0005744431675569744,0.0010432224101476978,-0.00042026428277212375
confirm2024,TS_K20,20240516,-0.00047745460576085856,-0.00021571532389517658,-0.0002475032231003564
confirm2024,TS_K20,20240517,0.0003212344282093353,8.905848810677477e-06,0.0003075280325113013
confirm2024,TS_K20,20240520,0.0006162284105554385,0.0009374810657960938,-0.00029516716969596164
confirm2024,TS_K20,20240521,0.0016471244441834702,0.0019191214302768575,-0.0002248345282516727
confirm2024,TS_K20,20240522,0.0022240384478819097,0.002723152075008319,-0.0004912742384044724
confirm2024,TS_K20,20240523,0.0023991924135981883,0.002297201316927226,6.840403250555548e-05
confirm2024,TS_K20,20240524,0.0007097471180169826,0.00041468251966204114,0.00028062881482238274
confirm2024,TS_K20,20240527,0.0026284838810388764,0.002378674873532782,0.00023373869268480078
confirm2024,TS_K20,20240528,0.0025999250629389287,0.0022631757401463106,0.00034527602149110636
confirm2024,TS_K20,20240529,0.002548090786523978,0.0018565178301578034,0.0006716937139484775
confirm2024,TS_K20,20240530,0.001315519014358316,0.000959994837380139,0.00036821364402823313
confirm2024,TS_K20,20240531,-0.0024412099545936157,-0.0022521810853606272,-0.0001709589340308029
confirm2024,TS_K20,20240603,-0.0008048569764481876,-0.0005988185617335235,-0.00021380904635193382
confirm2024,TS_K20,20240604,0.0033525113051061997,0.003316606972767186,1.5813802275341693e-05
confirm2024,TS_K20,20240605,-0.001554916562972554,-0.001071577693143182,-0.0004900343201820751
confirm2024,TS_K20,20240606,0.003851301550930525,0.0034278781157215,0.00041511296059033344
confirm2024,TS_K20,20240607,0.005936259392584343,0.005352260532431315,0.0005873841976235073
confirm2024,TS_K20,20240611,0.00032322300969594465,0.00026155232960956053,6.117266734280679e-05
confirm2024,TS_K20,20240612,0.0022795440065790755,0.0022075115107496627,7.874647179160762e-05
confirm2024,TS_K20,20240613,-0.0009342115169751575,-0.0007105244083110933,-0.00020919214136550464
confirm2024,TS_K20,20240614,0.0015577898872948582,0.0016524080036443242,-0.00010143363932041393
confirm2024,TS_K20,20240617,-0.0003705848911555367,-0.00015186670098172277,-0.00023842171923774103
confirm2024,TS_K20,20240618,0.00025292391665761565,0.0008581144120864167,-0.0006500599293241486
confirm2024,TS_K20,20240619,0.0014209153582473537,0.0012441354535626232,0.00018427316892976378
confirm2024,TS_K20,20240620,-2.9333597563623243e-05,-0.00018074738876225037,0.00011599408635844512
confirm2024,TS_K20,20240621,-0.00040897298761369966,0.00041264506330055946,-0.0008216180509142574
confirm2024,TS_K20,20240624,-0.0025546293089808874,-0.0023944454387293456,-0.0001601838702515415
confirm2024,TS_K20,20240625,0.002581648627461651,0.0013924369875365635,0.0011617756221800433
confirm2024,TS_K20,20240626,5.495394481092389e-05,0.0007234030668287234,-0.0006309849707769421
confirm2024,TS_K20,20240627,0.0011720358400793838,0.0013049186028525827,-0.0001556253508116806
confirm2024,TS_K20,20240628,-0.004346638986343917,-0.004361664244730454,-3.469708873877365e-05
confirm2024,TS_K20,20240701,-0.0002468446592629476,0.00021991999764160307,-0.0005079029893515889
confirm2024,TS_K20,20240702,0.0032996842408342065,0.0032619518073407493,2.5837599940929147e-05
confirm2024,TS_K20,20240703,-6.010780837471807e-07,0.0001459177577355217,-8.276536173358048e-05
confirm2024,TS_K20,20240704,0.004308898943531937,0.0036220768140589055,0.0005936975254468057
confirm2024,TS_K20,20240705,-0.002320917284080997,-0.0018133460648654,-0.0005033349922640523
confirm2024,TS_K20,20240708,0.002014663796771829,0.0020746878153876792,-0.00010808800255954077
confirm2024,TS_K20,20240709,0.002065744665389155,0.0018316754074397064,0.00010088834236744422
confirm2024,TS_K20,20240710,0.0037212603077957963,0.0031605021232795397,0.00046339644726296265
confirm2024,TS_K20,20240711,0.0024522899477801494,0.002422092955878294,-0.00010444953857342748
confirm2024,TS_K20,20240712,-0.00272490910438343,-0.0023110078829018895,-0.0004918033545137893
confirm2024,TS_K20,20240715,0.0018186654333361622,0.0018167835522906448,-5.460421450360287e-05
confirm2024,TS_K20,20240716,0.0017211816975038399,0.0015674475227066224,9.138690172522709e-05
confirm2024,TS_K20,20240717,0.00017682915095243917,0.0002897362394780689,-0.0001689520948687674
confirm2024,TS_K20,20240718,0.0030651866077998583,0.0028105764396480896,0.00012159363376693907
confirm2024,TS_K20,20240719,0.0014304330446062103,0.0014594367971866335,-8.493733494550779e-05
confirm2024,TS_K20,20240722,-0.002857663134398669,-0.00214858814120545,-0.0007447261959561747
confirm2024,TS_K20,20240723,-0.0019402986048411494,-0.0015441076939359697,-0.0004476757822484666
confirm2024,TS_K20,20240724,0.0012714327929021167,0.0009988843626740976,0.0002195455784235704
confirm2024,TS_K20,20240725,0.0012665901261429587,0.0006255197265674834,0.0005767125901759439
confirm2024,TS_K20,20240726,-0.0018692509834557234,-0.0011373828652482135,-0.0007606568555962097
confirm2024,TS_K20,20240729,0.0016450804594937913,0.0017824178125037341,-0.0001167761812953339
confirm2024,TS_K20,20240730,0.005721300367182894,0.00470855734574835,0.0009594247513346408
confirm2024,TS_K20,20240731,0.0006573942912867477,0.0009121953499599716,-0.0003216914664624337
confirm2024,TS_K20,20240801,0.0008367769763580682,0.000716317017403379,0.00017496396616982935
confirm2024,TS_K20,20240802,1.065261226330938e-05,-0.00020902164098727497,0.0001970970461679501
confirm2024,TS_K20,20240805,0.0027440260442430746,0.002148838846941362,0.0005848819984164598
confirm2024,TS_K20,20240806,0.0019285969173183852,0.0020026588316844436,-9.752838418808872e-05
confirm2024,TS_K20,20240807,-0.0005740149201416977,-0.0009820909009775891,0.000317068097594367
confirm2024,TS_K20,20240808,0.0005326825089213413,0.000657886899543125,-0.00016823378332290372
confirm2024,TS_K20,20240809,0.0019019133421100927,0.0013357906085521192,0.0005399113451045039
confirm2024,TS_K20,20240812,0.0006021166295863646,0.0009670996930908763,-0.0004203631471691445
confirm2024,TS_K20,20240813,-0.0024822408289092443,-0.001826539288181644,-0.0006783746274538631
confirm2024,TS_K20,20240814,0.000444889881332405,0.0005095021390516459,-7.783926472958194e-05
confirm2024,TS_K20,20240815,0.002259067180991382,0.00207358138249646,0.00016714819335652805
confirm2024,TS_K20,20240816,-0.0006015668239208586,-0.0009254223818344771,0.0002849334841103791
confirm2024,TS_K20,20240819,-0.00011129667458299394,0.00042324968334106613,-0.0004993465810470874
confirm2024,TS_K20,20240820,0.001493162740807935,0.001314765257742626,0.0001721192821167135
confirm2024,TS_K20,20240821,0.0008162426724540109,0.0009709717245224053,-0.00018216220472092016
confirm2024,TS_K20,20240822,5.653404443187529e-05,-8.796174411991446e-05,0.00016248957228561832
confirm2024,TS_K20,20240823,-0.0013425091018512067,-0.0017092624019716465,0.000356205164491796
confirm2024,TS_K20,20240826,-0.0013792416826100343,-0.0012991199034984736,-7.442616806092144e-05
confirm2024,TS_K20,20240827,0.0031786605492519085,0.0026544902718912754,0.0005443415538252893
confirm2024,TS_K20,20240828,0.005382040396362569,0.00453132148659729,0.0008711644765302575
confirm2024,TS_K20,20240829,0.001209492674252733,0.0011189334453351562,5.805708166308805e-05
confirm2024,TS_K20,20240830,-0.003157850262757356,-0.0027931077233862506,-0.00042862573192628566
confirm2024,TS_K20,20240902,0.0032865834828672193,0.0024344926705935394,0.0008645803090351019
confirm2024,TS_K20,20240903,0.0014538286479695104,0.0009289875057905047,0.0004976217012781781
confirm2024,TS_K20,20240904,0.0011202909419866808,0.0009391476903483247,0.00016939955206416346
confirm2024,TS_K20,20240905,-0.0017399126829598655,-0.0008941109028760858,-0.0008510527447261294
confirm2024,TS_K20,20240906,-0.00029869731719414346,-0.0005912256872353072,0.0002600019249896675
confirm2024,TS_K20,20240909,0.0013420968452767046,0.0007329958583633168,0.0005931917059099362
confirm2024,TS_K20,20240910,0.0041542977841456195,0.0034383770126958655,0.0006943084592993749
confirm2024,TS_K20,20240911,-0.0022696273031179237,-0.0020668852107370646,-0.00024067479056005957
confirm2024,TS_K20,20240912,-0.0018239628112666235,-0.0014296770691382436,-0.0004265980809677287
confirm2024,TS_K20,20240913,-0.0007656483542150304,-0.0007241164900748409,-2.1253489036647977e-05
confirm2024,TS_K20,20240918,0.0007008091735733087,0.0004140013409216705,0.00024794329302175636
confirm2024,TS_K20,20240919,-0.0012649515270484724,-0.000983639080448329,-0.0003030641786284623
confirm2024,TS_K20,20240920,-0.0002965136407602066,-0.0001653342106650628,-0.00013336735621644432
confirm2024,TS_K20,20240923,0.0024144793288868177,0.002231247059942777,0.00018180094343312294
confirm2024,TS_K20,20240924,-0.0024051797107653566,-0.0019313534426051901,-0.0004772168246842017
confirm2024,TS_K20,20240925,0.0026983158949992897,0.002030816161813854,0.0006447650315895945
confirm2024,TS_K20,20240926,0.007078792407885476,0.005937335363496835,0.0011917799423489842
confirm2024,TS_K20,20240927,0.012428414350990374,0.01165168690254411,0.0008841749493797857
confirm2024,TS_K20,20240930,0.01941175940386418,0.014503782337907157,0.004907977065957019
confirm2024,TS_K20,20241008,0.0007115003595227348,0.00307780496380436,-0.0023663046042816252
confirm2024,TS_K20,20241009,0.007780873396231268,0.006730225634169109,0.00094473036396755
confirm2024,TS_K20,20241010,0.0027416339500561104,0.002221782157336618,0.00045548465495468286
confirm2024,TS_K20,20241011,-0.0037704416977851693,-0.00192136891708028,-0.001757968645008113
confirm2024,TS_K20,20241014,-0.0006420914549890751,-7.759992135186993e-05,-0.0005434399159040383
confirm2024,TS_K20,20241015,-0.001071411838506231,-0.0013040182777220594,0.0001810845280769663
confirm2024,TS_K20,20241016,-0.0001047625057239085,0.0008350268971070991,-0.0009628783080019717
confirm2024,TS_K20,20241017,-0.0008993966436314053,0.0008056620906743483,-0.0016986504291129898
confirm2024,TS_K20,20241018,-0.002797107448288521,-0.00035357902440180753,-0.0024637241561016477
confirm2024,TS_K20,20241021,0.004336458578334746,0.002681209871139783,0.0016739882040743435
confirm2024,TS_K20,20241022,0.0008482066670912045,-0.0001257258696729549,0.0009297517419130596
confirm2024,TS_K20,20241023,0.000911532950656531,-0.00031252789009692916,0.0011912409563197247
confirm2024,TS_K20,20241024,-0.0028471826424878548,-0.0022059839721452522,-0.000659220903585589
confirm2024,TS_K20,20241025,-0.005534126623438839,-0.005580255287759642,2.1759052000730456e-05
confirm2024,TS_K20,20241028,0.0024105383300236337,0.001855399895635026,0.0005250761573925444
confirm2024,TS_K20,20241029,-0.002323333174725804,-0.002415247810695661,3.3174321787412896e-05
confirm2024,TS_K20,20241030,-0.006216623263072217,-0.004941025944411272,-0.0012895246662639913
confirm2024,TS_K20,20241031,0.011567590504759376,0.005207274413961972,0.006378715604907069
confirm2024,TS_K20,20241101,0.001294150347402715,0.0014874492327773912,-0.0002367771543562709
confirm2024,TS_K20,20241104,-0.006255820357142235,-0.002916098660989787,-0.0032551927466858456
confirm2024,TS_K20,20241105,-0.0011906037424093754,-0.0011478317715438648,-6.598298879210515e-05
confirm2024,TS_K20,20241106,-0.001833662738676172,-0.0023399415691744605,0.00044535145040356413
confirm2024,TS_K20,20241107,-0.00017208037256474557,0.0017276488730238913,-0.0018578740879591593
confirm2024,TS_K20,20241108,-0.00199516057464973,0.0005533052556258811,-0.002482107425316034
confirm2024,TS_K20,20241111,0.002145963381674388,0.00039624951822592733,0.0017476157970462173
confirm2024,TS_K20,20241112,0.0023493378512338754,0.0022049985774892874,0.0002631090230832652
confirm2024,TS_K20,20241113,0.003638682184885566,0.001128059051399815,0.0024617348148069547
confirm2024,TS_K20,20241114,0.003977458337289295,0.0011949539748215127,0.0027277549750190193
confirm2024,TS_K20,20241115,0.004840505164729041,-0.0018254151494308945,0.00669632444629413
confirm2024,TS_K20,20241118,0.0001631483764489225,0.003431479796781396,-0.003306411004192332
confirm2024,TS_K20,20241119,-0.004866315326957121,-0.0029427789577320855,-0.0019300112304584402
confirm2024,TS_K20,20241120,0.0013932914794570176,0.00042598113146783724,0.0009659920916330275
confirm2024,TS_K20,20241121,0.0005462618521724291,-0.0010635168270915962,0.0016058395630915026
confirm2024,TS_K20,20241122,0.0009019090809023432,0.0003091419871425577,0.0005273123782826626
confirm2024,TS_K20,20241125,0.003248807232849386,0.0008166391871379341,0.002444192978522871
confirm2024,TS_K20,20241126,0.0011456946200325765,0.003472977958991486,-0.0023740698936560944
confirm2024,TS_K20,20241127,-0.0009199154700607977,-0.0015686745251769787,0.0006418384261314978
confirm2024,TS_K20,20241128,0.000665059588804754,0.002155949315489029,-0.001530400172438905
confirm2024,TS_K20,20241129,-0.002726636525021909,-0.00097175380777894,-0.00177613181624268
confirm2024,TS_K20,20241202,-0.00010394406324444605,-0.0003163586949050335,0.00019413406193665833
confirm2024,TS_K20,20241203,0.0025597307922049645,0.0011991027870564238,0.0013069421097804369
confirm2024,TS_K20,20241204,-0.003780609223681324,-0.0009666201980265022,-0.002794045468614322
confirm2024,TS_K20,20241205,-0.0008903127271127683,-0.002078540782450388,0.0011695114992253293
confirm2024,TS_K20,20241206,0.0023785442455675175,0.001333558105219679,0.0010953721090158205
confirm2024,TS_K20,20241209,-0.000718213252548278,0.0012869223225800872,-0.002029723707309131
confirm2024,TS_K20,20241210,-0.001722603245043093,-0.0017971736548330801,3.5832114852742895e-05
confirm2024,TS_K20,20241211,-0.0010178265688224938,-0.001582773079060564,0.0005413891641743527
confirm2024,TS_K20,20241212,0.0003981324226958044,4.3586719447568394e-05,0.00034499466960505017
confirm2024,TS_K20,20241213,0.0014459929202823257,-0.0012861551887621335,0.0027708024518133915
confirm2024,TS_K20,20241216,0.010378286031033222,0.0056639020955072976,0.004732591963074343
confirm2024,TS_K20,20241217,-0.00023349451571107443,0.0010052384741065712,-0.001270267171460152
confirm2024,TS_K20,20241218,0.0003910161466040596,0.001371442217941912,-0.0010119405065531534
confirm2024,TS_K20,20241219,-0.003038416954267236,-0.00022722773891115588,-0.002812868552865304
confirm2024,TS_K20,20241220,0.012863478267283946,0.006181572257219513,0.006681093008405137
confirm2024,TS_K20,20241223,0.0035040136240928766,0.0018401712147595667,0.001678850580878785
confirm2024,TS_K20,20241224,0.0060924883619624375,0.0022803924861693305,0.00380781749866749
confirm2024,TS_K20,20241225,-0.0021599862207802942,0.0007172815516315931,-0.002867186423997723
confirm2024,TS_K20,20241226,-0.0004382345545606101,-0.0017061549889064432,0.00125150458428529
confirm2024,TS_K20,20241227,0.002607321353043435,0.0004110093642105952,0.0021551673281222793
confirm2024,TS_K20,20241230,0.005579616932356965,0.0019559266491304688,0.003645266881214656
confirm2024,TS_K20,20241231,-0.0006594592024367837,0.0008472073668700488,-0.00152341747430807
confirm2024,TS_K25,20240102,-0.002093190527899865,-0.0022548425315165425,5.5041425043810834e-05
confirm2024,TS_K25,20240103,-0.0021032403497495216,-0.0021531978437535227,0.00017569380845426852
confirm2024,TS_K25,20240104,-0.0018083894379417424,-0.0026283506803546144,0.000861183745369866
confirm2024,TS_K25,20240105,-0.0011421380704827282,-0.0008872300879821153,-0.00033051719249721013
confirm2024,TS_K25,20240108,0.0018574205113256366,0.0010343256992581082,0.0006684730482881559
confirm2024,TS_K25,20240109,-0.0013095821918510196,-0.0028876653630017556,0.0016485483228218752
confirm2024,TS_K25,20240110,0.002957322821811919,0.003986365271820783,-0.0009629046608817635
confirm2024,TS_K25,20240111,0.00024088236652680065,-0.0008652803636030252,0.001089446346011088
confirm2024,TS_K25,20240112,-0.0020297308759075457,-0.00208290255332278,2.102051154603829e-06
confirm2024,TS_K25,20240115,0.0009917254917926033,0.0008717224223663065,8.235584293500858e-05
confirm2024,TS_K25,20240116,-0.001762842028038638,-0.0018942896380576605,4.700657974625761e-05
confirm2024,TS_K25,20240117,-0.001083740239545052,-0.0005821294881561236,-0.0004899883769496328
confirm2024,TS_K25,20240118,-0.0020927214990758263,-0.0026027265579413386,0.0004204354849947229
confirm2024,TS_K25,20240119,-0.005501592869082743,-0.004140361860147784,-0.0013270046441955835
confirm2024,TS_K25,20240122,-0.002972446784762714,-0.0016698645115023223,-0.0012621557561511565
confirm2024,TS_K25,20240123,-0.005984477821576907,-0.005571357057985747,-0.0005140201253570702
confirm2024,TS_K25,20240124,0.0037698449454999852,0.0025638657069608265,0.0010807869322652782
confirm2024,TS_K25,20240125,-0.0023724021744009824,-0.0022392532864849444,-0.00015690554362085053
confirm2024,TS_K25,20240126,-0.005225532953664791,-0.004658508731058351,-0.0003321657832287624
confirm2024,TS_K25,20240129,-0.0015244173844122938,-0.0009800486732019719,-0.0007867110397244738
confirm2024,TS_K25,20240130,-0.008622273803518966,-0.006477950635057444,-0.002202399844380186
confirm2024,TS_K25,20240131,0.0004775302985814203,0.0015326808599203348,-0.0010089941757205885
confirm2024,TS_K25,20240201,-0.008645789835382355,-0.005448555677378003,-0.003289943469591404
confirm2024,TS_K25,20240202,-0.018709223281169113,-0.012404652422494607,-0.0064144391119420625
confirm2024,TS_K25,20240205,-0.003079930039677478,-0.00012856761447686366,-0.002808116583795164
confirm2024,TS_K25,20240206,-0.011889285520797294,-0.007912306772360527,-0.00421658718275888
confirm2024,TS_K25,20240207,0.02763982911044817,0.019464193671650046,0.008160719311498105
confirm2024,TS_K25,20240208,0.01106594704207927,0.005758615602554961,0.005414148213034012
confirm2024,TS_K25,20240219,0.002400290323354726,0.0006635513928364402,0.0017957120417654035
confirm2024,TS_K25,20240220,0.005131995674526834,0.002961012993259217,0.00215090744235043
confirm2024,TS_K25,20240221,0.007780990895538398,0.00455010796806081,0.0031989017767128617
confirm2024,TS_K25,20240222,0.01014499023242374,0.0063915180063315495,0.0037818234744462515
confirm2024,TS_K25,20240223,0.011129327564313932,0.008221430813718088,0.0029230849024262074
confirm2024,TS_K25,20240226,0.005135579518731181,0.0024829380684588957,0.0026903059189775976
confirm2024,TS_K25,20240227,-0.012219633118921873,-0.004964715793140147,-0.007304389813892743
confirm2024,TS_K25,20240228,0.004997599862174074,0.002236183191050823,0.002743748314703303
confirm2024,TS_K25,20240229,0.007749376695205531,0.005920129712686165,0.0018097993867183346
confirm2024,TS_K25,20240301,-0.002351416473174121,-0.002383363200933632,5.358018846648294e-06
confirm2024,TS_K25,20240304,-0.0017796364065674666,0.0005360849808994403,-0.00219300187379241
confirm2024,TS_K25,20240305,0.006346147303737256,0.004858425934174899,0.00148363762133525
confirm2024,TS_K25,20240306,0.0016301075499925112,0.0022755106977729923,-0.0006352533519838188
confirm2024,TS_K25,20240307,0.0018520089663840757,0.001222914870596776,0.0006106092270495782
confirm2024,TS_K25,20240308,0.006409275740247064,0.004568086076925726,0.0018361277771288716
confirm2024,TS_K25,20240311,0.004994101812244368,0.0030036356270130393,0.001997037498249218
confirm2024,TS_K25,20240312,0.0013787991626575168,0.0006240499014964426,0.0007507003041328773
confirm2024,TS_K25,20240313,-0.0014047740636048967,-0.0011380326366297782,-0.00028529135322862014
confirm2024,TS_K25,20240314,0.0030619037898052814,0.0023723650527350953,0.0006976304416127832
confirm2024,TS_K25,20240315,0.003108956481424091,0.0022737587916321954,0.000831211213406928
confirm2024,TS_K25,20240318,0.002841401542831872,0.0022236898814884777,0.0006137507802140494
confirm2024,TS_K25,20240319,0.0012235644389070634,0.0002983875589272179,0.0009123225480643334
confirm2024,TS_K25,20240320,-0.00018393960039653798,-0.0006087762592846532,0.0004145692369754603
confirm2024,TS_K25,20240321,-0.0017281889160055477,-0.0014594347847691575,-0.00027086516466400765
confirm2024,TS_K25,20240322,-0.0014982642784990875,-0.00025665705099560767,-0.0012532683073336914
confirm2024,TS_K25,20240325,0.0026634672652177125,0.0022658197643519356,0.00040311779254616437
confirm2024,TS_K25,20240326,-0.003330281540565791,-0.002049701617705758,-0.0012677376908882467
confirm2024,TS_K25,20240327,0.002940199503491364,0.0018524679027213417,0.0010817787617998917
confirm2024,TS_K25,20240328,0.002060658418690006,0.0016817259432196608,0.00035578827331885247
confirm2024,TS_K25,20240329,0.0032081918250904083,0.0019964127871394738,0.0012081516370457848
confirm2024,TS_K25,20240401,0.001054285788245808,0.0007088613474393834,0.0003377657088094335
confirm2024,TS_K25,20240402,-0.0024386659420830977,-0.002565825721940995,0.00010945191584707981
confirm2024,TS_K25,20240403,-0.0048596730206146264,-0.003751240533857276,-0.0011086667128928818
confirm2024,TS_K25,20240408,0.005341844959368805,0.0038321383210165364,0.00151409163516417
confirm2024,TS_K25,20240409,-0.003268323687859797,-0.001721030012381565,-0.0015324029232093171
confirm2024,TS_K25,20240410,0.0010673867653318752,0.0010863175253268472,-5.4651864743208696e-05
confirm2024,TS_K25,20240411,0.0022286169449552,0.0022646739215725774,5.24463654937261e-05
confirm2024,TS_K25,20240412,-0.005124387389831793,-0.001781327280557615,-0.003349317335853518
confirm2024,TS_K25,20240415,-0.008947349924788642,-0.004988173009021614,-0.004032897727504358
confirm2024,TS_K25,20240416,0.01181907417539959,0.008537899551403914,0.0032679652844907507
confirm2024,TS_K25,20240417,0.00015628208809398848,0.0005952255039977489,-0.00042656060738533916
confirm2024,TS_K25,20240418,-0.0013230580153495274,-0.00046964270512545535,-0.000891592922152579
confirm2024,TS_K25,20240419,0.007416570142420125,0.0074701748595672485,1.7966837150877276e-06
confirm2024,TS_K25,20240422,0.006546354995669633,0.004663664485225041,0.0018497642290695778
confirm2024,TS_K25,20240423,0.00378541890671244,0.002469304345911553,0.0013435528984289472
confirm2024,TS_K25,20240424,0.0020902803161006204,0.0020095627605334608,8.060527230657454e-05
confirm2024,TS_K25,20240425,0.0030577184261379054,0.002338785302985563,0.0006813078710576116
confirm2024,TS_K25,20240426,0.006103256888776429,0.00459937374817744,0.0014789102807206992
confirm2024,TS_K25,20240429,-0.001146223216793558,-0.0011411721353499827,-3.158391516661508e-05
confirm2024,TS_K25,20240430,0.0018430936440866803,0.001417718093926666,0.0004645556269740652
confirm2024,TS_K25,20240506,0.002272549588554094,0.0018911236836090097,0.00037574877222760236
confirm2024,TS_K25,20240507,0.0004192002634825047,0.0008369448806950717,-0.0003795733341280877
confirm2024,TS_K25,20240508,0.003411592375319286,0.0029581221431089683,0.00043580870827017595
confirm2024,TS_K25,20240509,0.00047077432745706166,0.0007213032218168374,-0.0002893796272532577
confirm2024,TS_K25,20240510,-0.002027172640044029,-0.0012068509485574014,-0.0008403291619702531
confirm2024,TS_K25,20240513,0.0026242939806215473,0.0024336682528762364,0.00026648336707863716
confirm2024,TS_K25,20240514,-0.00039893295934223614,-0.00022627122131623956,-0.00016503742537946292
confirm2024,TS_K25,20240515,0.0008260555913684412,0.0013234275876865915,-0.00044885703649954947
confirm2024,TS_K25,20240516,4.6021859860342906e-05,0.0002842033411690652,-0.00022394542254339803
confirm2024,TS_K25,20240517,0.0007601986779952308,0.0004173133941488809,0.0003380847369589923
confirm2024,TS_K25,20240520,0.001082224324873161,0.0014068356339139705,-0.0002985258234961154
confirm2024,TS_K25,20240521,0.002374609866711918,0.002574900740334872,-0.00015312841578124053
confirm2024,TS_K25,20240522,0.0027548235414989984,0.003192822976325503,-0.0004301600461045715
confirm2024,TS_K25,20240523,0.0030677385728074885,0.0029988676699910857,3.5283838650996136e-05
confirm2024,TS_K25,20240524,0.0005463981250827107,0.00031338030062161694,0.00021858204092853225
confirm2024,TS_K25,20240527,0.0022439711262691262,0.0020077586763990254,0.00022014213504880801
confirm2024,TS_K25,20240528,0.002200995425314485,0.0018533665787000952,0.0003561555453128787
confirm2024,TS_K25,20240529,0.0026063119114946957,0.0020416962633242296,0.0005447364057527686
confirm2024,TS_K25,20240530,0.0007735610480266815,0.00040583558464799636,0.0003804149304287394
confirm2024,TS_K25,20240531,-0.0011872266513831345,-0.0010079883430804248,-0.0001611683731005245
confirm2024,TS_K25,20240603,-0.0001831211465673395,0.00011754140234107135,-0.0003084331805456796
confirm2024,TS_K25,20240604,0.0036861516139965397,0.003688779055039633,-2.2717971106766025e-05
confirm2024,TS_K25,20240605,-0.00012164581723127232,0.0004740387082611899,-0.0006023799758451666
confirm2024,TS_K25,20240606,0.0028956145533593144,0.002502958696357226,0.0003843453823833932
confirm2024,TS_K25,20240607,0.005300892814377527,0.0047198094236274015,0.0005844687282206053
confirm2024,TS_K25,20240611,0.00028328128609303276,0.00014191866453618042,0.00014086460881327533
confirm2024,TS_K25,20240612,0.002498132482229077,0.0024415429700013784,6.330348818989441e-05
confirm2024,TS_K25,20240613,-0.0007796565554305294,-0.0005505830860859001,-0.00021457850204607007
confirm2024,TS_K25,20240614,0.002162860417417954,0.0022279453088331447,-7.190041438613962e-05
confirm2024,TS_K25,20240617,-0.0014305741842540586,-0.0012644496827082003,-0.0001858280306097866
confirm2024,TS_K25,20240618,-0.00023314757759066666,0.00030366418480787304,-0.0005816811962938871
confirm2024,TS_K25,20240619,0.0017264214262897072,0.0016377823106409014,9.61323798938415e-05
confirm2024,TS_K25,20240620,-0.0001528917446993079,-0.0002820145397193215,9.370309017983163e-05
confirm2024,TS_K25,20240621,-0.0010454942860366745,-0.00025468956569375486,-0.0007908047203429192
confirm2024,TS_K25,20240624,-0.003122004586586031,-0.0029446095654892127,-0.00017739502109681847
confirm2024,TS_K25,20240625,0.0014810952952741228,0.0003690749577875426,0.0010845843197415334
confirm2024,TS_K25,20240626,9.006845697467902e-05,0.0007706311859099584,-0.0006430985776944206
confirm2024,TS_K25,20240627,0.001804922367378876,0.0019200503915474216,-0.0001378706122070282
confirm2024,TS_K25,20240628,-0.003471171714036817,-0.003518353624021605,-2.540437140524028e-06
confirm2024,TS_K25,20240701,-0.0009138650725461963,-0.0004497606385951568,-0.0005052427663980768
confirm2024,TS_K25,20240702,0.003220506063095232,0.0032306880266052725,-2.207679706256921e-05
confirm2024,TS_K25,20240703,-0.00024660693645683907,-6.634209760208109e-05,-0.00011651136476907239
confirm2024,TS_K25,20240704,0.004104605392582974,0.003453478082524627,0.0005580027060321197
confirm2024,TS_K25,20240705,-0.0013002676593932248,-0.0008132025444725708,-0.0004828288879691155
confirm2024,TS_K25,20240708,0.0012563000219073146,0.001341416673070854,-0.00013318063510722817
confirm2024,TS_K25,20240709,0.002145143953383455,0.001892974234513983,0.00011898880328746594
confirm2024,TS_K25,20240710,0.0037995507501684504,0.0032417663288715082,0.0004604226840436441
confirm2024,TS_K25,20240711,0.001965290590237115,0.0019280397937780195,-9.739573401618804e-05
confirm2024,TS_K25,20240712,-0.001679512663681701,-0.001256944834437498,-0.0005004699622764526
confirm2024,TS_K25,20240715,0.002374230622102143,0.002351427378674892,-3.368285212186881e-05
confirm2024,TS_K25,20240716,0.0025088769264494243,0.002442303339500806,4.226313876625506e-06
confirm2024,TS_K25,20240717,0.0005051545346317118,0.0006777230943418356,-0.00022861356605326157
confirm2024,TS_K25,20240718,0.002790417857579465,0.0025030526065116395,0.00015434871668299293
confirm2024,TS_K25,20240719,0.0007592545289460658,0.0007004338554001865,2.887091180794768e-06
confirm2024,TS_K25,20240722,-0.004052677461240196,-0.003299899212759887,-0.0007884294512432709
confirm2024,TS_K25,20240723,-0.0017027981951806305,-0.0012530553009820553,-0.0005012277655418603
confirm2024,TS_K25,20240724,0.0013334070385709815,0.0010525101139537158,0.00022789407281281705
confirm2024,TS_K25,20240725,0.0007740496423400307,0.00011791937422785275,0.0005917724587126461
confirm2024,TS_K25,20240726,-0.0027152365590794427,-0.0019338119736077666,-0.0008102133228603762
confirm2024,TS_K25,20240729,0.0004189737412112421,0.0005833464357158765,-0.00014381152279002545
confirm2024,TS_K25,20240730,0.004794927939567088,0.0036693080775892987,0.0010723015918778856
confirm2024,TS_K25,20240731,0.00042967389524221797,0.0006364563748937821,-0.0002736728874407735
confirm2024,TS_K25,20240801,0.0014917340685934692,0.0013975159991760804,0.00014872207663252715
confirm2024,TS_K25,20240802,0.0007504793163762014,0.0006005224700623639,0.00012737963923120546
confirm2024,TS_K25,20240805,0.002420786981860778,0.0017528762729093529,0.0006576055100661792
confirm2024,TS_K25,20240806,0.0020009791985604935,0.0020912679995661724,-0.0001137552708277085
confirm2024,TS_K25,20240807,-0.0016456089099173676,-0.0020703093859620173,0.00033369259280312464
confirm2024,TS_K25,20240808,0.001005148500067556,0.0011323564615728652,-0.0001702373542064295
confirm2024,TS_K25,20240809,0.001603230891003402,0.0010142200423622276,0.0005627994601877049
confirm2024,TS_K25,20240812,-0.00011863495067504504,0.00026181018834538916,-0.00043582522268506606
confirm2024,TS_K25,20240813,-0.0033121994917233036,-0.0026514135782116028,-0.0006834590002379626
confirm2024,TS_K25,20240814,-0.0007996640622012973,-0.0007570947217487992,-5.5796347462838415e-05
confirm2024,TS_K25,20240815,0.00142545953910626,0.0012300947937233296,0.00017702714024453637
confirm2024,TS_K25,20240816,-0.001125548100064953,-0.0014474096825139945,0.00028293950864580165
confirm2024,TS_K25,20240819,0.0005825596655889657,0.0011229910171750759,-0.0005052315747091349
confirm2024,TS_K25,20240820,0.0015999692819234571,0.001434749796426073,0.00015894128454878846
confirm2024,TS_K25,20240821,0.0014433537402815666,0.0015638489133307292,-0.00014792832570168976
confirm2024,TS_K25,20240822,-0.0007327689102406797,-0.0009246586819944971,0.0002098835554876453
confirm2024,TS_K25,20240823,-0.001962137195425692,-0.00232561058266883,0.0003529252516144941
confirm2024,TS_K25,20240826,-0.0007074610340092585,-0.0007086614862958,6.896063337181958e-06
confirm2024,TS_K25,20240827,0.0027873930068077002,0.0022091246595924434,0.0005984396236799131
confirm2024,TS_K25,20240828,0.005783030578084946,0.004889276198408001,0.0009141999464419255
confirm2024,TS_K25,20240829,0.0005996362973880731,0.00047200076797626064,9.513338215732197e-05
confirm2024,TS_K25,20240830,-0.002575185023206925,-0.002171746691088217,-0.0004673215246738842
confirm2024,TS_K25,20240902,0.0028968492282150406,0.002039959640720234,0.0008693790842562265
confirm2024,TS_K25,20240903,0.0015934576768332582,0.0010532168935566753,0.0005130213423757552
confirm2024,TS_K25,20240904,0.0013335693225126066,0.0011743348464462633,0.00014749077649214962
confirm2024,TS_K25,20240905,-0.0016200888054936566,-0.0007850284021914966,-0.0008403113679445078
confirm2024,TS_K25,20240906,-0.0010573952463807548,-0.0013525926307820081,0.00026267093934975754
confirm2024,TS_K25,20240909,0.0006021531769573162,1.8788693291493788e-05,0.0005674552026623712
confirm2024,TS_K25,20240910,0.004518934701353493,0.0037640082506057233,0.0007333141385973891
confirm2024,TS_K25,20240911,-0.0025233715534290022,-0.0023324385629643635,-0.00022886568864384095
confirm2024,TS_K25,20240912,-0.0024727696177603547,-0.0021294566405842498,-0.00037562531601545315
confirm2024,TS_K25,20240913,-0.00019643790782527659,-0.00020756293056402723,3.140339784229196e-05
confirm2024,TS_K25,20240918,0.0002463379044164299,-8.056207360795735e-05,0.00028803543839451054
confirm2024,TS_K25,20240919,-0.00150865888905492,-0.0012718509917334837,-0.0002585596293497546
confirm2024,TS_K25,20240920,-0.0006226688971952006,-0.00048240699744017256,-0.00014244982587632905
confirm2024,TS_K25,20240923,0.0034997437254900288,0.0033753839113834522,0.0001229284885956629
confirm2024,TS_K25,20240924,-0.0023508995843541224,-0.0019211111047492712,-0.0004331790361288888
confirm2024,TS_K25,20240925,0.003502961635855409,0.002906956398477759,0.0005732705357818066
confirm2024,TS_K25,20240926,0.00804286959054986,0.006874325864749864,0.0012188666237603445
confirm2024,TS_K25,20240927,0.013754374080521992,0.012954011686694425,0.0009078098947610915
confirm2024,TS_K25,20240930,0.020384222655305553,0.015113997799340684,0.005270224855964872
confirm2024,TS_K25,20241008,0.0013157163194865706,0.003694984549717477,-0.0023792682302309293
confirm2024,TS_K25,20241009,0.007247025398308086,0.006092607833347276,0.0010485001668662027
confirm2024,TS_K25,20241010,0.003233242523348605,0.002723097651360939,0.00044577773422285223
confirm2024,TS_K25,20241011,-0.004239272737673844,-0.00240839051281663,-0.0017397780891604375
confirm2024,TS_K25,20241014,-0.0004361742043064061,0.00011332821499296424,-0.0005284508015662055
confirm2024,TS_K25,20241015,-0.0013201771042264162,-0.0015853622234000548,0.00021366320803477772
confirm2024,TS_K25,20241016,-2.220961521089311e-05,0.0009296671579862833,-0.0009749656783681396
confirm2024,TS_K25,20241017,-0.000339750037997702,0.001320509556653955,-0.0016538512894588985
confirm2024,TS_K25,20241018,-0.0020277082385397553,0.00026558725929295166,-0.0023134912300476415
confirm2024,TS_K25,20241021,0.003915205270673232,0.0023394027667591297,0.0015945420007934818
confirm2024,TS_K25,20241022,0.0014007175534386015,0.0005266544998882813,0.0008298822586992195
confirm2024,TS_K25,20241023,4.198018514926403e-05,-0.0010891777121563874,0.001098338012871916
confirm2024,TS_K25,20241024,-0.002237167184691989,-0.0016273369897906009,-0.0006278524281443691
confirm2024,TS_K25,20241025,-0.0068174985616752705,-0.006879686077151224,3.781790315588536e-05
confirm2024,TS_K25,20241028,0.0019719144350980287,0.0014565122686999265,0.0004853398894020418
confirm2024,TS_K25,20241029,-0.0027618619252172336,-0.002854969191651764,3.4366952252087664e-05
confirm2024,TS_K25,20241030,-0.006192386511236703,-0.004977742640886155,-0.0012285712179535932
confirm2024,TS_K25,20241031,0.010973619557650062,0.004733558230259643,0.006258460841500087
confirm2024,TS_K25,20241101,0.0012546820628100766,0.0014053756056491378,-0.0001941718118206563
confirm2024,TS_K25,20241104,-0.00518129656025202,-0.001959819133017788,-0.00313694847776763
confirm2024,TS_K25,20241105,-0.00030188460949944623,-0.0002692781605246723,-5.581746690136755e-05
confirm2024,TS_K25,20241106,-0.0026170604667048562,-0.003111145888135819,0.0004331580413362382
confirm2024,TS_K25,20241107,0.0008641216559263437,0.002683863674251855,-0.001777886860696033
confirm2024,TS_K25,20241108,-0.0018421364646436789,0.0007173414558765518,-0.0024931195155606534
confirm2024,TS_K25,20241111,0.002466508048039057,0.0007873246967053542,0.001677085284931459
confirm2024,TS_K25,20241112,0.0022576436246930275,0.002120611284022064,0.0002558020900096412
confirm2024,TS_K25,20241113,0.0036487884222417867,0.0012535872048929791,0.002346312898670014
confirm2024,TS_K25,20241114,0.003673654039457467,0.0010591092677759604,0.0025597953842327434
confirm2024,TS_K25,20241115,0.004863622532916528,-0.0014580153885229573,0.006352042053573682
confirm2024,TS_K25,20241118,-0.00026372336365478727,0.0028004916006674724,-0.003102294548182117
confirm2024,TS_K25,20241119,-0.004503712314597057,-0.0027195267974335054,-0.0017906603783969556
confirm2024,TS_K25,20241120,0.00043345472836032973,-0.00043053980305811563,0.0008626762750622925
confirm2024,TS_K25,20241121,-3.2308093510659275e-05,-0.001546497562402955,0.0015102503527197738
confirm2024,TS_K25,20241122,-0.00013964942941724866,-0.0006074865656183829,0.00040238242072401304
confirm2024,TS_K25,20241125,0.002775641902468642,0.0005583960810909641,0.002229270754189097
confirm2024,TS_K25,20241126,0.0016678347555495604,0.003796602470169641,-0.0021755542693172665
confirm2024,TS_K25,20241127,-0.0021040958085071387,-0.0026851971884870804,0.0005741807509952585
confirm2024,TS_K25,20241128,0.0009553766953966369,0.00228907286380799,-0.0013732066141659842
confirm2024,TS_K25,20241129,-0.002361361617664374,-0.0007732394460374108,-0.001609371270626676
confirm2024,TS_K25,20241202,0.00016285078427442446,-5.9989745090947475e-05,0.00020455995964144264
confirm2024,TS_K25,20241203,0.0019412810500785468,0.0007101673595257757,0.0011774277951846653
confirm2024,TS_K25,20241204,-0.002720094316236909,-0.00017364176963628313,-0.0025265089895601263
confirm2024,TS_K25,20241205,-0.0012064285855211791,-0.0022804807201558075,0.0010553355785223404
confirm2024,TS_K25,20241206,0.0023502405771694376,0.0014544723314463557,0.0009461542143910642
confirm2024,TS_K25,20241209,-0.0002878390159378264,0.0014966697868540792,-0.0018090969349726723
confirm2024,TS_K25,20241210,-0.0006803558310502465,-0.0006526687526443037,-6.642537334318758e-05
confirm2024,TS_K25,20241211,-0.0014970021751180979,-0.0019680231751869103,0.00044746365400509557
confirm2024,TS_K25,20241212,0.00021118841232977206,-9.334675393527596e-05,0.00029498413262186074
confirm2024,TS_K25,20241213,0.0014454132592915036,-0.0010012862169121123,0.0024853538189725487
confirm2024,TS_K25,20241216,0.010873151671027353,0.006596699214244759,0.004294660484331012
confirm2024,TS_K25,20241217,0.0002067813117207929,0.0013081168188910025,-0.0011328696888127168
confirm2024,TS_K25,20241218,0.0007322612723916675,0.0016314573447080384,-0.0009307105075316712
confirm2024,TS_K25,20241219,-0.0025302177137211668,2.423870233230559e-05,-0.0025561357535626964
confirm2024,TS_K25,20241220,0.01223682501067977,0.006138896557347045,0.006097115451673426
confirm2024,TS_K25,20241223,0.0036962952758020536,0.0021850685171630677,0.0015262349301844616
confirm2024,TS_K25,20241224,0.006393530656840125,0.002881535977516548,0.0035077163021979595
confirm2024,TS_K25,20241225,-0.0016829675464323166,0.0009395039475553753,-0.00261239014557353
confirm2024,TS_K25,20241226,-0.000864904977911622,-0.0020170986720845357,0.00113577784411237
confirm2024,TS_K25,20241227,0.002220777201222989,0.0002146159185215812,0.0019650166219908473
confirm2024,TS_K25,20241230,0.004943515624506647,0.0015733601711385478,0.0033917320513562593
confirm2024,TS_K25,20241231,-0.0006312378741427371,0.0006828345245041566,-0.0013308233036481282
confirm2024,TS_K30,20240102,-0.00226364616232801,-0.002140417864725671,-0.00022983887617520607
confirm2024,TS_K30,20240103,-0.002480679458740515,-0.002451453586509628,9.651044221938215e-05
confirm2024,TS_K30,20240104,-0.0018846673519307515,-0.002369790245313052,0.0005263453963392917
confirm2024,TS_K30,20240105,-0.0012109860214639043,-0.0009415981140931181,-0.00034499711736738343
confirm2024,TS_K30,20240108,0.0017957600707077439,0.001034993348971339,0.0006061449579570324
confirm2024,TS_K30,20240109,-0.0010942652359589179,-0.0023474953624324285,0.0013236952781446516
confirm2024,TS_K30,20240110,0.003773006673235227,0.004441110083396503,-0.0006019656210341806
confirm2024,TS_K30,20240111,-2.489008263264949e-05,-0.0007163573831988983,0.0006747509164475118
confirm2024,TS_K30,20240112,-0.0026495575346179735,-0.0026399945998884494,-6.0632560990154644e-05
confirm2024,TS_K30,20240115,0.0016388343908373018,0.00163889526498972,-3.77081006437063e-05
confirm2024,TS_K30,20240116,-0.001970068083090224,-0.0018091738812557473,-0.00024533523210724603
confirm2024,TS_K30,20240117,-0.00019957929923499797,-6.881377988307135e-05,-0.00011914314491262844
confirm2024,TS_K30,20240118,-0.002097294293720615,-0.0023358276003937334,0.00014896373280232935
confirm2024,TS_K30,20240119,-0.005691697732199082,-0.004192850146593865,-0.0014646212208658418
confirm2024,TS_K30,20240122,-0.00307000584932857,-0.001866003057728995,-0.0011635762744903395
confirm2024,TS_K30,20240123,-0.006383748042395955,-0.005747526527715818,-0.0007371208764460515
confirm2024,TS_K30,20240124,0.002925105145461758,0.0018506836053150558,0.000949229233872828
confirm2024,TS_K30,20240125,-0.0023896932153002082,-0.0019754625149774447,-0.00043798735602757616
confirm2024,TS_K30,20240126,-0.005701219048780036,-0.004535807994066459,-0.0009305526153358968
confirm2024,TS_K30,20240129,-0.001528538236033633,-0.0008219288802950782,-0.0009489516842527075
confirm2024,TS_K30,20240130,-0.00867460248429594,-0.006099395876780685,-0.002633283283433925
confirm2024,TS_K30,20240131,0.000679024013030563,0.0017503084652692662,-0.0010251280666203771
confirm2024,TS_K30,20240201,-0.008535116246649883,-0.005147008980358845,-0.0034808165778780925
confirm2024,TS_K30,20240202,-0.017454525841433713,-0.010153367385675757,-0.007411026709025511
confirm2024,TS_K30,20240205,-0.0033785235116101167,0.0003622160120578088,-0.003597493682262473
confirm2024,TS_K30,20240206,-0.011320017627131997,-0.006535557506424205,-0.005024068555029907
confirm2024,TS_K30,20240207,0.026676703221635262,0.018325199375615508,0.00833658771871974
confirm2024,TS_K30,20240208,0.01040090136461979,0.004838223102675673,0.005669495035453816
confirm2024,TS_K30,20240219,0.002283558905055218,0.0004861326372650295,0.001856399379037305
confirm2024,TS_K30,20240220,0.004972827125415389,0.002857365295957318,0.0020953865905408795
confirm2024,TS_K30,20240221,0.007222962527339422,0.004062876108335464,0.003128105268239221
confirm2024,TS_K30,20240222,0.00968345245709993,0.005983683405134413,0.0037281203003195792
confirm2024,TS_K30,20240223,0.010209352207423887,0.007279976500417917,0.0029445638588363344
confirm2024,TS_K30,20240226,0.005342474794033474,0.0027341699452124502,0.0026459693175263366
confirm2024,TS_K30,20240227,-0.010967799317031103,-0.0037438909343472013,-0.007273380870794923
confirm2024,TS_K30,20240228,0.004798905733931422,0.0021619927064972415,0.002619244671014245
confirm2024,TS_K30,20240229,0.0074330922367404455,0.005716867156893731,0.0016967774840456807
confirm2024,TS_K30,20240301,-0.002038039046694422,-0.0020651197118948584,4.919562875736565e-07
confirm2024,TS_K30,20240304,-0.0016653193528853843,0.0006350354702815373,-0.0021776353094924246
confirm2024,TS_K30,20240305,0.005965532899980646,0.0045323279048840774,0.0014291212468694613
confirm2024,TS_K30,20240306,0.0006808800580612702,0.0013606534392253985,-0.000669623585367467
confirm2024,TS_K30,20240307,0.0022461051560639447,0.001666060005694214,0.0005615602816320105
confirm2024,TS_K30,20240308,0.006754139093960106,0.00491292446982682,0.0018361527379408135
confirm2024,TS_K30,20240311,0.004647235665998376,0.0026611090279819133,0.0019926979510343544
confirm2024,TS_K30,20240312,0.001491593177492504,0.0007464272250020744,0.000741116995462233
confirm2024,TS_K30,20240313,-0.00271736802328977,-0.002444850360776006,-0.00029106758876726655
confirm2024,TS_K30,20240314,0.0021513041054030194,0.0014335411263024244,0.0007258546836431931
confirm2024,TS_K30,20240315,0.0034305791220006106,0.002626961874698481,0.0007996307709171633
confirm2024,TS_K30,20240318,0.0023954947675488064,0.0017510609212527768,0.0006404729651666844
confirm2024,TS_K30,20240319,0.0008024005690206379,-0.0001274558123762701,0.0009170020494813965
confirm2024,TS_K30,20240320,1.697788008420977e-05,-0.0004032690447748217,0.0004099795029463769
confirm2024,TS_K30,20240321,-0.002604651565852831,-0.002270152557807537,-0.00033661004147290876
confirm2024,TS_K30,20240322,-0.001825936237510567,-0.00045428485341585253,-0.0013833124639249302
confirm2024,TS_K30,20240325,0.001802834024012657,0.001422484284518235,0.0003858200311748099
confirm2024,TS_K30,20240326,-0.0032066297348760237,-0.0017444768288663339,-0.0014493106740379126
confirm2024,TS_K30,20240327,0.0021280303247275915,0.0009413281001418721,0.0011807493856155833
confirm2024,TS_K30,20240328,0.0017145953037414775,0.001351964272474216,0.00033948682911576905
confirm2024,TS_K30,20240329,0.0033725643313976296,0.002084855460787253,0.0012840814697052223
confirm2024,TS_K30,20240401,4.353198198357418e-05,-0.0002570346902546238,0.00029290794024120696
confirm2024,TS_K30,20240402,-0.0023526784059049776,-0.002298104642877082,-7.228162703871196e-05
confirm2024,TS_K30,20240403,-0.0052854649455070825,-0.0039973636079702335,-0.0012883355636723777
confirm2024,TS_K30,20240408,0.005558459092478488,0.003969740495050401,0.0015931035942399888
confirm2024,TS_K30,20240409,-0.0032155259837845576,-0.001577562899969986,-0.00162307233154566
confirm2024,TS_K30,20240410,0.00022030176162101105,0.0002880589027204611,-0.00010347824584768629
confirm2024,TS_K30,20240411,0.00207937601615627,0.0021093203965287777,5.8558961738597103e-05
confirm2024,TS_K30,20240412,-0.005232836130253445,-0.0015769001582989933,-0.003662193198533787
confirm2024,TS_K30,20240415,-0.008880213223256897,-0.004716236251128452,-0.004237697783865771
confirm2024,TS_K30,20240416,0.0109156838964145,0.007692483107350398,0.003209991449559182
confirm2024,TS_K30,20240417,-0.00048056178927095763,-3.498484403536477e-05,-0.0004331941367171702
confirm2024,TS_K30,20240418,-0.0014120500282734164,-0.0005321693898347603,-0.0009180582503671647
confirm2024,TS_K30,20240419,0.008247556993553258,0.008312222033616099,-9.2636392006306e-06
confirm2024,TS_K30,20240422,0.006837084528882513,0.004947779285115355,0.00185637896239214
confirm2024,TS_K30,20240423,0.003739870941948796,0.002430477565366387,0.001336831714210471
confirm2024,TS_K30,20240424,0.0027424457096439665,0.0026582590450414416,8.407438134194136e-05
confirm2024,TS_K30,20240425,0.003606552544634189,0.0028586344571725464,0.0007102928353669138
confirm2024,TS_K30,20240426,0.006534358698286134,0.004961480054778878,0.001547905783628968
confirm2024,TS_K30,20240429,-0.0012646962104140048,-0.00123940818429686,-5.18208598401856e-05
confirm2024,TS_K30,20240430,0.0024331463616510222,0.001950732446263923,0.0005215939922011538
confirm2024,TS_K30,20240506,0.001879685413708661,0.0014540728216193084,0.00041993545937187
confirm2024,TS_K30,20240507,0.0008150977896743475,0.0012655130769547941,-0.00041224400419596636
confirm2024,TS_K30,20240508,0.003910765667887702,0.0034581825701271275,0.000434921573820429
confirm2024,TS_K30,20240509,0.0003765176821555333,0.0007224649090162799,-0.0003847979597542288
confirm2024,TS_K30,20240510,-0.0021552965083688203,-0.0011413330586664274,-0.0010339709201860172
confirm2024,TS_K30,20240513,0.002497175082046112,0.0022824273556138943,0.00029060536576554544
confirm2024,TS_K30,20240514,-0.0008777839432807773,-0.000691363988504384,-0.00017879564212986066
confirm2024,TS_K30,20240515,0.00017526308001699145,0.0006882185352312995,-0.0004644404953957084
confirm2024,TS_K30,20240516,0.0004734793010041007,0.000692590389942513,-0.00020487503017308748
confirm2024,TS_K30,20240517,0.0009936550317360972,0.0007228642489621204,0.0002659902358866197
confirm2024,TS_K30,20240520,0.0007995121238536622,0.0011615669634774347,-0.0003359693540790763
confirm2024,TS_K30,20240521,0.002847728833701605,0.002989347107359628,-9.445581581630862e-05
confirm2024,TS_K30,20240522,0.002914539797101663,0.0034032629288452704,-0.00048088374302167206
confirm2024,TS_K30,20240523,0.002382438777656222,0.002438044121856043,-8.919240836522709e-05
confirm2024,TS_K30,20240524,0.0005833724766679043,0.0004003952653180135,0.00016854142781733088
confirm2024,TS_K30,20240527,0.0017170864903826126,0.001566899230424217,0.00013411694513710577
confirm2024,TS_K30,20240528,0.0019599075419852625,0.0016297055034442268,0.00033872873723952545
confirm2024,TS_K30,20240529,0.0034228707965900636,0.0029661717480721486,0.0004368198061002178
confirm2024,TS_K30,20240530,0.0006530341009263014,0.00023600575942687974,0.0004297178085494757
confirm2024,TS_K30,20240531,-0.0010314259030030637,-0.0007429794899151642,-0.000270376477885715
confirm2024,TS_K30,20240603,3.576525570045397e-05,0.0005220901311530892,-0.0004940955070899054
confirm2024,TS_K30,20240604,0.0037491548515318565,0.0038638792572445076,-0.00013481493577631936
confirm2024,TS_K30,20240605,-0.0008036871432803988,0.00014108670793086878,-0.0009514693015639666
confirm2024,TS_K30,20240606,0.003118065868030026,0.002607284408847868,0.0005024709845634655
confirm2024,TS_K30,20240607,0.005968480942710451,0.005307741020320439,0.0006641252598604927
confirm2024,TS_K30,20240611,0.0002524249736298601,-4.266231008363038e-05,0.0002945892709699116
confirm2024,TS_K30,20240612,0.0026061676678491765,0.0024720094901216332,0.00014087215368973813
confirm2024,TS_K30,20240613,-0.0013064819221757606,-0.0010897915276613342,-0.00020219542721586667
confirm2024,TS_K30,20240614,0.0026342939464738275,0.0026500512813665235,-2.2572857863644203e-05
confirm2024,TS_K30,20240617,-0.001816829784383132,-0.001833867948165797,-2.6653652812620547e-06
confirm2024,TS_K30,20240618,-0.0013241691301637236,-0.0008707811538698005,-0.0004982574101892707
confirm2024,TS_K30,20240619,0.000499368428618148,0.0005520844665550598,-4.522277369187861e-05
confirm2024,TS_K30,20240620,0.00011258962692208886,3.4250411756976706e-05,4.291951032492968e-05
confirm2024,TS_K30,20240621,-0.001182122207291525,-0.0002835856323652776,-0.000898536574926242
confirm2024,TS_K30,20240624,-0.003808041331817587,-0.0036309242652621163,-0.00017711706655547017
confirm2024,TS_K30,20240625,0.0025432828961715996,0.0013675899604222688,0.0011482569180042879
confirm2024,TS_K30,20240626,-0.0005494383421486143,0.00010264246140614486,-0.0006146166523138981
confirm2024,TS_K30,20240627,0.0014935488341213613,0.0015859408643748856,-0.00011513461829200516
confirm2024,TS_K30,20240628,-0.0036347048231275946,-0.003673421663633641,-1.1005506619263746e-05
confirm2024,TS_K30,20240701,-0.0008823885361478809,-0.0005064442450773657,-0.000417082623517553
confirm2024,TS_K30,20240702,0.003449599362348012,0.0034982867110406896,-6.058218224520493e-05
confirm2024,TS_K30,20240703,0.00012327561195530495,0.00040387382719520677,-0.00021684474115421195
confirm2024,TS_K30,20240704,0.0036066964919414385,0.0029054042634291378,0.0006081676244860746
confirm2024,TS_K30,20240705,-0.0010461880594984582,-0.0005290375432544325,-0.0005129142892924846
confirm2024,TS_K30,20240708,0.0010076259457440367,0.0010652191346554338,-0.0001056571728550863
confirm2024,TS_K30,20240709,0.00288257271572884,0.0026707975170435854,7.859428310324893e-05
confirm2024,TS_K30,20240710,0.004204209086493476,0.0036299662314839866,0.00047688111775619267
confirm2024,TS_K30,20240711,0.0013281491985484035,0.0012644976196092763,-7.099495153615638e-05
confirm2024,TS_K30,20240712,-0.0023053124160149763,-0.0017916687034483588,-0.0005915458455988645
confirm2024,TS_K30,20240715,0.003391632708538553,0.0033183779567447945,1.676865624463719e-05
confirm2024,TS_K30,20240716,0.002089989545855162,0.0021285461293984215,-0.0001009038566152483
confirm2024,TS_K30,20240717,0.00042692965833504917,0.0006232307174666273,-0.0002523460654747156
confirm2024,TS_K30,20240718,0.0036010672965368726,0.0032771884075250435,0.0001908623546269989
confirm2024,TS_K30,20240719,0.0011748928730642037,0.0009921662679980765,0.00012679302270104367
confirm2024,TS_K30,20240722,-0.0037499083496651195,-0.003022625780583336,-0.0007629337718447448
confirm2024,TS_K30,20240723,-0.0011457841346057436,-0.0006464551770482195,-0.0005508138289008101
confirm2024,TS_K30,20240724,0.0012881452551271244,0.0010350569076159472,0.00020008549570672745
confirm2024,TS_K30,20240725,0.0009053379011704846,0.0002345046096995315,0.0006064754820714255
confirm2024,TS_K30,20240726,-0.00225840113430408,-0.0016318149091299533,-0.0006553749625628276
confirm2024,TS_K30,20240729,0.00011195484518840455,0.00020379091559903775,-7.127489869602576e-05
confirm2024,TS_K30,20240730,0.005326419554738768,0.004267233446387068,0.0010058678382517975
confirm2024,TS_K30,20240731,-9.774272357893139e-05,-1.080014870825436e-05,-0.0001538329826598867
confirm2024,TS_K30,20240801,0.0009235550838473869,0.0009341806679165334,4.3878423145991786e-05
confirm2024,TS_K30,20240802,-0.00022086489579734372,-0.0001640150678240116,-7.94270350559632e-05
confirm2024,TS_K30,20240805,0.002915638288563605,0.002160655438293104,0.0007446776513852524
confirm2024,TS_K30,20240806,0.0016514530072136862,0.0017236459074757616,-9.565937008410537e-05
confirm2024,TS_K30,20240807,-0.0013108405713272606,-0.0016070410859167698,0.00020519263134798337
confirm2024,TS_K30,20240808,0.0008266431668725307,0.0009011228067086034,-0.00011750903253719205
confirm2024,TS_K30,20240809,0.0009841381829506345,0.0007076034364110382,0.00025032335808612894
confirm2024,TS_K30,20240812,0.00024307293355037545,0.00045036903995012887,-0.00026267619006438403
confirm2024,TS_K30,20240813,-0.002818294418381327,-0.002320248575748451,-0.0005207189293591369
confirm2024,TS_K30,20240814,7.068770497369731e-05,7.883732321114145e-05,-2.1376625247785384e-05
confirm2024,TS_K30,20240815,0.0012597603562217027,0.0010458502053139725,0.00019557254576933584
confirm2024,TS_K30,20240816,-0.0015148897693370304,-0.0016925560403573744,0.00013874419721710408
confirm2024,TS_K30,20240819,0.000595871200799545,0.0010884845305895571,-0.00045741355291303913
confirm2024,TS_K30,20240820,0.0013345776692419964,0.0011182629439830407,0.00021003652431036054
confirm2024,TS_K30,20240821,0.00024687015055251636,0.0004660972097142108,-0.0002466602118142186
confirm2024,TS_K30,20240822,-0.0003730959314127008,-0.0005118180039944285,0.0001567158563155561
confirm2024,TS_K30,20240823,-0.0011419707846723678,-0.001539364157831425,0.0003868452375304151
confirm2024,TS_K30,20240826,-0.0009647319523691123,-0.0007740580428511759,-0.00018497829846729556
confirm2024,TS_K30,20240827,0.0031312876015807513,0.0025957347750136493,0.0005557241030317583
confirm2024,TS_K30,20240828,0.005422053092189547,0.004500936224852877,0.0009415624341016487
confirm2024,TS_K30,20240829,0.0008798954808228801,0.0005479038336380848,0.00029948949993030495
confirm2024,TS_K30,20240830,-0.003692647070674562,-0.0032603354871431293,-0.0004961947760866126
confirm2024,TS_K30,20240902,0.003169066522961235,0.002277860634617918,0.0009036953851047372
confirm2024,TS_K30,20240903,0.0012141829037329785,0.000834334403714366,0.0003526290591177847
confirm2024,TS_K30,20240904,0.001504232397274539,0.0012980798943995303,0.0001944088033008148
confirm2024,TS_K30,20240905,-0.0013319687587630517,-0.0004483379864902155,-0.0008888817369151809
confirm2024,TS_K30,20240906,-0.0011864816827408995,-0.00150267070633252,0.00028366257854012543
confirm2024,TS_K30,20240909,0.0007840519566037788,0.00011248433689357422,0.0006556583387067523
confirm2024,TS_K30,20240910,0.004343187005356523,0.003672431699086006,0.0006491429941201375
confirm2024,TS_K30,20240911,-0.0018721079377053843,-0.001637429727167622,-0.0002726109087169645
confirm2024,TS_K30,20240912,-0.002030223407679138,-0.0015922489937642602,-0.00047028675275422526
confirm2024,TS_K30,20240913,-0.0006493969826148098,-0.0005325308596697789,-9.658774784148947e-05
confirm2024,TS_K30,20240918,-0.00017097386501266007,-0.000489006810593107,0.00027916840595056623
confirm2024,TS_K30,20240919,-0.001173928958661395,-0.0009596907245313228,-0.00023598996615839115
confirm2024,TS_K30,20240920,-0.00038675275797704243,-0.0002591366183698924,-0.0001298040657284508
confirm2024,TS_K30,20240923,0.0033370493988960775,0.0033064025374418666,2.9215535943294427e-05
confirm2024,TS_K30,20240924,-0.0016299337705796158,-0.0012039668341073228,-0.00042935749299632606
confirm2024,TS_K30,20240925,0.00359832617616989,0.003045263185029665,0.0005303282895443811
confirm2024,TS_K30,20240926,0.008794337944703738,0.007413085854249873,0.0014315749884142056
confirm2024,TS_K30,20240927,0.015160752571935637,0.013839961276616174,0.001428238796252991
confirm2024,TS_K30,20240930,0.022788910545589375,0.01577360131845311,0.007015309227136267
confirm2024,TS_K30,20241008,0.00030407472494353716,0.0032319783801273184,-0.002927903655183773
confirm2024,TS_K30,20241009,0.007318883409693495,0.006381985214927236,0.0008309807966716514
confirm2024,TS_K30,20241010,0.003045279510538665,0.002684492846267088,0.0002964195265067688
confirm2024,TS_K30,20241011,-0.0037869990187268665,-0.002288931343792184,-0.0014069635392379067
confirm2024,TS_K30,20241014,-0.00043575725978446667,3.089790699048727e-05,-0.0004456035490417896
confirm2024,TS_K30,20241015,-0.001495096511101191,-0.001787468885379231,0.0002408504631391779
confirm2024,TS_K30,20241016,-0.00023564923639431655,0.0006948479139401933,-0.0009535860555054715
confirm2024,TS_K30,20241017,0.0002462912977986807,0.001784153591449074,-0.0015314539884576342
confirm2024,TS_K30,20241018,-0.002327734623132856,-0.00010585991088321467,-0.002242070444464577
confirm2024,TS_K30,20241021,0.00368341958707925,0.0021903745494752536,0.0015117845344833742
confirm2024,TS_K30,20241022,0.0009235150035794451,4.116249954383205e-05,0.000838171709184513
confirm2024,TS_K30,20241023,-0.00011188007380997025,-0.0011444757278905005,0.0009997757696467951
confirm2024,TS_K30,20241024,-0.002377763994957212,-0.0017877491647618953,-0.0006080370634383025
confirm2024,TS_K30,20241025,-0.005682936973511885,-0.005712690364046877,5.383778214919263e-06
confirm2024,TS_K30,20241028,0.001536619706319138,0.0010690809627240865,0.00043747646659899095
confirm2024,TS_K30,20241029,-0.0020445597005318045,-0.002119194983363668,1.589496864941998e-05
confirm2024,TS_K30,20241030,-0.005797611005536578,-0.004616168254906455,-0.001195370098233168
confirm2024,TS_K30,20241031,0.011093907831917042,0.005257535125635047,0.005854772220391661
confirm2024,TS_K30,20241101,0.0011808507443427686,0.0013187566611215311,-0.00018138418576035852
confirm2024,TS_K30,20241104,-0.004844573330700704,-0.0017786357790501688,-0.0029814086021839343
confirm2024,TS_K30,20241105,-0.0007748677762603514,-0.0007524108705350142,-4.5667923651931274e-05
confirm2024,TS_K30,20241106,-0.00279001254248272,-0.0032476090756952737,0.00039666915311783183
confirm2024,TS_K30,20241107,0.00013356637874765021,0.0018091751952686787,-0.0016337536588915506
confirm2024,TS_K30,20241108,-0.0012972929157536624,0.0010247721161332957,-0.0022557066269273778
confirm2024,TS_K30,20241111,0.001867757736326553,0.0002946118582200435,0.0015710478117042658
confirm2024,TS_K30,20241112,0.0024811076209389367,0.002362559569235047,0.00023731780104256742
confirm2024,TS_K30,20241113,0.00330192131775104,0.0010800010267446264,0.0021730319723276166
confirm2024,TS_K30,20241114,0.003783367068581508,0.0013565786537145822,0.002372039027418161
confirm2024,TS_K30,20241115,0.004575948394748584,-0.0012939732890054718,0.005900325815888248
confirm2024,TS_K30,20241118,0.0007226032502368647,0.0035247052663472983,-0.002840181599970293
confirm2024,TS_K30,20241119,-0.0045057246914639686,-0.0028646811473630428,-0.0016475184053343298
confirm2024,TS_K30,20241120,6.58853582903747e-06,-0.0007623661475549175,0.0007676364270278017
confirm2024,TS_K30,20241121,-0.00016430757279262131,-0.0015474829016354711,0.001379236212670328
confirm2024,TS_K30,20241122,0.00036658951109817817,-0.0001206999059826691,0.0004218347016037244
confirm2024,TS_K30,20241125,0.002869210491916693,0.0008033894013262812,0.002077846023401831
confirm2024,TS_K30,20241126,0.0013741798175266433,0.003376948669633867,-0.0020495554068044076
confirm2024,TS_K30,20241127,-0.0018320268218707844,-0.002368958885994299,0.0005300114351388312
confirm2024,TS_K30,20241128,0.0014421294703840567,0.0026999101909201263,-0.0012972911662907044
confirm2024,TS_K30,20241129,-0.001985274545636493,-0.0005286399195251375,-0.00147788372511107
confirm2024,TS_K30,20241202,8.09145367508964e-05,-0.00013344884715777813,0.00019608281418474516
confirm2024,TS_K30,20241203,0.002468130312903676,0.001268639781705771,0.001145804635829798
confirm2024,TS_K30,20241204,-0.0027344396782680424,-0.00029784702574326625,-0.002416649095484277
confirm2024,TS_K30,20241205,-0.0014497387123731179,-0.0024551134172627726,0.0009866581487773653
confirm2024,TS_K30,20241206,0.003229362835491348,0.002339100904887631,0.0009406478992716986
confirm2024,TS_K30,20241209,-0.0008297126993731183,0.0008815276423145182,-0.0017358284738684033
confirm2024,TS_K30,20241210,-0.0010893678837964865,-0.0011139301333801862,-1.41760453535444e-05
confirm2024,TS_K30,20241211,-0.0015487301760244172,-0.0019873232854403997,0.00041503576335226455
confirm2024,TS_K30,20241212,-0.0002864313617316136,-0.0006123355575824553,0.0003163531622076552
confirm2024,TS_K30,20241213,0.002143287643717784,-0.0001376367944935621,0.0023195787809802784
confirm2024,TS_K30,20241216,0.010880767866852607,0.006922634010289252,0.003976341884111776
confirm2024,TS_K30,20241217,0.0002261593120243318,0.0012357846532872374,-0.0010411595229054115
confirm2024,TS_K30,20241218,0.001627788833231121,0.002447240056302437,-0.000850965658286616
confirm2024,TS_K30,20241219,-0.0026840449583848437,-0.0003245895435708843,-0.0023611347523231838
confirm2024,TS_K30,20241220,0.011606036732508422,0.005942393791506278,0.0056628299393428495
confirm2024,TS_K30,20241223,0.004312087203356104,0.0029089401442492857,0.0014181552306522945
confirm2024,TS_K30,20241224,0.006816159143827065,0.0035767224903669615,0.003235158276334485
confirm2024,TS_K30,20241225,-0.0013264122178043621,0.0010996403732210194,-0.0024159712426112174
confirm2024,TS_K30,20241226,-0.0012682470100898518,-0.002287768500728814,0.00100310564057842
confirm2024,TS_K30,20241227,0.0023739411589502055,0.00048486694778690097,0.0018479295504527427
confirm2024,TS_K30,20241230,0.004951354991640219,0.0018239915280470267,0.003148940061581352
confirm2024,TS_K30,20241231,9.13389185268898e-05,0.0013622047213927952,-0.0012876167078671435
confirm2024,TS_K40,20240102,-0.00160252130678422,-0.0009946462892694288,-0.0007144855960876568
confirm2024,TS_K40,20240103,-0.002659178265461582,-0.002463380388008813,-7.00615630025e-05
confirm2024,TS_K40,20240104,-0.0033210021722104126,-0.003027178468259337,-0.00025260120099408496
confirm2024,TS_K40,20240105,-0.0006958224217051244,-0.00041383623927247347,-0.0003575953924292466
confirm2024,TS_K40,20240108,0.002220192500989506,0.0016468392462027687,0.0004187314910073656
confirm2024,TS_K40,20240109,-0.001527386959910195,-0.0018707268109119015,0.00041380500267284404
confirm2024,TS_K40,20240110,0.003963408803095737,0.003672325618031358,0.000357220974191474
confirm2024,TS_K40,20240111,-0.00023665817730980903,-8.432568242707186e-05,-0.00016904887900147413
confirm2024,TS_K40,20240112,-0.0030988087578077547,-0.0029504357733672517,-0.00019944261070113363
confirm2024,TS_K40,20240115,0.0016182468147325595,0.0018263236847186144,-0.00024572409647734224
confirm2024,TS_K40,20240116,-0.002607432996089249,-0.00192047580467149,-0.0007713982216905246
confirm2024,TS_K40,20240117,0.0019965279647879003,0.0013795135882929007,0.0006286367509342971
confirm2024,TS_K40,20240118,-0.002415584270959628,-0.0021703309507053285,-0.00033482289412508774
confirm2024,TS_K40,20240119,-0.004876984700516888,-0.0032979645833679247,-0.0015447937524095887
confirm2024,TS_K40,20240122,-0.0009680213355308456,-0.00013278324762057122,-0.0007948115708010393
confirm2024,TS_K40,20240123,-0.006127789707570391,-0.005133890683206588,-0.0010947983861297186
confirm2024,TS_K40,20240124,0.0023701749074572023,0.0017388460136428853,0.0005061365875404334
confirm2024,TS_K40,20240125,-0.0034181551839224536,-0.0022093268772017385,-0.0012325849624255276
confirm2024,TS_K40,20240126,-0.006098905906874605,-0.0037800531807535656,-0.002083994286743364
confirm2024,TS_K40,20240129,-0.001605055699487823,-0.00047960845329685526,-0.001367789574705126
confirm2024,TS_K40,20240130,-0.007490400967463243,-0.00415524055486024,-0.0033932370885216695
confirm2024,TS_K40,20240131,0.0013534470945237836,0.0023833034269562614,-0.0009836999468141512
confirm2024,TS_K40,20240201,-0.007980341354163277,-0.00439817923882607,-0.0036748714269242574
confirm2024,TS_K40,20240202,-0.016688800772083526,-0.007598465713305519,-0.009200203312045558
confirm2024,TS_K40,20240205,-0.0014117272098617337,0.004318235945882655,-0.00558671731433894
confirm2024,TS_K40,20240206,-0.009410698188343912,-0.002010561167578453,-0.007639745455087579
confirm2024,TS_K40,20240207,0.023578050901222017,0.013930696630591407,0.009632438143330618
confirm2024,TS_K40,20240208,0.010196472523437118,0.0032084290972246585,0.007094860199722159
confirm2024,TS_K40,20240219,0.0019908248491195216,-0.0002506602007492765,0.0023004581611159158
confirm2024,TS_K40,20240220,0.0055042649828227555,0.002956222855855073,0.0025279668880504955
confirm2024,TS_K40,20240221,0.007456725016304937,0.003741579977835801,0.00368316388770441
confirm2024,TS_K40,20240222,0.010147201935072778,0.005580945228175162,0.004594607955251677
confirm2024,TS_K40,20240223,0.009566545815222325,0.0061265619716643835,0.0034551719953883017
confirm2024,TS_K40,20240226,0.0054681359116933136,0.002376918631623046,0.0031288817487755832
confirm2024,TS_K40,20240227,-0.01087842610607765,-0.002402770106901366,-0.008525128487287311
confirm2024,TS_K40,20240228,0.005366756711998648,0.00227536748731081,0.003073720868267894
confirm2024,TS_K40,20240229,0.007485688182653917,0.005461440990455922,0.0020047995963969655
confirm2024,TS_K40,20240301,-0.002394046735387561,-0.0024405343746721764,1.9898930371752395e-05
confirm2024,TS_K40,20240304,-0.0010927491103060408,0.001486913379008139,-0.0024569429756396794
confirm2024,TS_K40,20240305,0.006117066962112434,0.004532390219127229,0.0015805929947580984
confirm2024,TS_K40,20240306,0.00013014344571879097,0.0008637590470400455,-0.0007234658055245934
confirm2024,TS_K40,20240307,0.0027031949232951893,0.0020006755883510362,0.0006840344662064333
confirm2024,TS_K40,20240308,0.007437514326757037,0.005381184453611154,0.002051267986953415
confirm2024,TS_K40,20240311,0.004310429144093216,0.002039810648013645,0.0022771898090974594
confirm2024,TS_K40,20240312,0.0015319428548630754,0.0006835164098458273,0.0008443774879890503
confirm2024,TS_K40,20240313,-0.002115349333294699,-0.001755294119577624,-0.00037860513997057746
confirm2024,TS_K40,20240314,0.0011800569319269736,0.0003623997662174687,0.0008257488702521057
confirm2024,TS_K40,20240315,0.003327099237629895,0.002245572932821031,0.001077539828423896
confirm2024,TS_K40,20240318,0.0021823345197459045,0.001446492796163474,0.0007318808424530858
confirm2024,TS_K40,20240319,0.00084116277955326,-0.00024724327906782095,0.0010755517267055695
confirm2024,TS_K40,20240320,0.00041912960539285116,-5.157783738047884e-05,0.0004604400208606753
confirm2024,TS_K40,20240321,-0.0023746537258294374,-0.002000777096995359,-0.0003759876622616987
confirm2024,TS_K40,20240322,-0.0022681409932245565,-0.0004834455067006687,-0.001796356566354106
confirm2024,TS_K40,20240325,0.0010778801800321747,0.0009008235929660383,0.00018252687874652451
confirm2024,TS_K40,20240326,-0.003919984580164924,-0.0017142347051824697,-0.002192907643010669
confirm2024,TS_K40,20240327,0.0031663812871998293,0.00134038114477803,0.0018200473034516642
confirm2024,TS_K40,20240328,0.001864983524521708,0.001563112671994835,0.0002787266503753812
confirm2024,TS_K40,20240329,0.004359436049533448,0.0028959075004227996,0.0014599011482055002
confirm2024,TS_K40,20240401,-0.0007237254531383096,-0.0007453995190350349,1.4015333899734827e-05
confirm2024,TS_K40,20240402,-0.003641586793781651,-0.002890914850524598,-0.0007683798072678688
confirm2024,TS_K40,20240403,-0.005071638129677706,-0.0032165900555860016,-0.0018552823002272322
confirm2024,TS_K40,20240408,0.005794347031014738,0.004031810904761998,0.00176692112306464
confirm2024,TS_K40,20240409,-0.003168695670072382,-0.0010773565815526652,-0.00207644833625081
confirm2024,TS_K40,20240410,0.0006303937731990152,0.0009306538349227515,-0.0003359811664719728
confirm2024,TS_K40,20240411,0.0022687787492421726,0.002439788544727981,-8.250645337470479e-05
confirm2024,TS_K40,20240412,-0.004924294083969827,0.000659605921671627,-0.00559015723222079
confirm2024,TS_K40,20240415,-0.011054490612890891,-0.004653174630160438,-0.006475036794467794
confirm2024,TS_K40,20240416,0.011736975213564989,0.006641000451228423,0.005082765422831647
confirm2024,TS_K40,20240417,-0.0004810527306191334,0.0001689903213719483,-0.0006376602434726593
confirm2024,TS_K40,20240418,-0.002221740420663766,-0.0011141287180893868,-0.0011457893145028861
confirm2024,TS_K40,20240419,0.006045217309227829,0.006549623519519013,-0.0004490048094289736
confirm2024,TS_K40,20240422,0.006952998303186006,0.0042632300698051545,0.0026568419520058384
confirm2024,TS_K40,20240423,0.004194566819765891,0.0021450399709155984,0.0020769651864783524
confirm2024,TS_K40,20240424,0.0027130934249168324,0.0026489321686515017,6.40489730047473e-05
confirm2024,TS_K40,20240425,0.0034242783772108574,0.0025661617758166787,0.0008204913492994458
confirm2024,TS_K40,20240426,0.006928807808469599,0.004912145393264377,0.0019916895553269277
confirm2024,TS_K40,20240429,-0.002544768115002769,-0.002211328589414803,-0.0003599723593110069
confirm2024,TS_K40,20240430,0.0017749057584736903,0.0011564062432975243,0.0006576795919902169
confirm2024,TS_K40,20240506,0.0026928800992398064,0.0020156148969473577,0.0006715880695749682
confirm2024,TS_K40,20240507,-0.0005234776463334014,0.00013421878051254643,-0.0006195251437614665
confirm2024,TS_K40,20240508,0.0038212021671003484,0.0034405105563502054,0.0003630300868099994
confirm2024,TS_K40,20240509,-0.0006429424352278057,0.00021081667730734005,-0.0008926098454286269
confirm2024,TS_K40,20240510,-0.0016473850766763679,-4.684481559217039e-05,-0.0016205477315678213
confirm2024,TS_K40,20240513,0.0025129498270369498,0.002075954767536487,0.0005128526988337889
confirm2024,TS_K40,20240514,-0.0011868513325292438,-0.001113260884564544,-6.59661353181674e-05
confirm2024,TS_K40,20240515,0.00038376846534190004,0.00046119362945632505,-2.891020429582618e-05
confirm2024,TS_K40,20240516,0.0006921550881519682,0.0007367823010092261,-3.0391154091931788e-05
confirm2024,TS_K40,20240517,0.0006360317357697598,0.00044435747797606486,0.0001868737109063378
confirm2024,TS_K40,20240520,0.0011113491406394508,0.0016683678124172876,-0.0005309331862331434
confirm2024,TS_K40,20240521,0.004687462041830844,0.004442493844176943,0.00029213065549561746
confirm2024,TS_K40,20240522,0.002708331448715774,0.0033338112651238095,-0.0006176404276860992
confirm2024,TS_K40,20240523,0.0010633821550568726,0.001498084686311275,-0.0004682895954198089
confirm2024,TS_K40,20240524,-0.0002201748966624041,-0.0002707333600179061,3.612267982294183e-05
confirm2024,TS_K40,20240527,0.0009829216280048056,0.000996477194218227,-2.9625881034712798e-05
confirm2024,TS_K40,20240528,0.0018667227795445768,0.0014816832451591427,0.00039356623308392286
confirm2024,TS_K40,20240529,0.0029331544074939226,0.002798150164759233,0.00011512500031699226
confirm2024,TS_K40,20240530,0.0013130323307614863,0.0006880216890242649,0.0006377001087872767
confirm2024,TS_K40,20240531,-0.0007458653930745643,-0.00012213845869933257,-0.000605656999173046
confirm2024,TS_K40,20240603,0.000734312372572609,0.0019182494383173743,-0.001191707697382034
confirm2024,TS_K40,20240604,0.003670010111394048,0.004102511786504639,-0.00045259220517426135
confirm2024,TS_K40,20240605,-0.0022437002277192197,-0.00040891873355006507,-0.001841476944521853
confirm2024,TS_K40,20240606,0.002490277367725554,0.0015168269106109603,0.0009651399824959038
confirm2024,TS_K40,20240607,0.00631273801348455,0.005319402459063141,0.0009967208918918898
confirm2024,TS_K40,20240611,0.000622125645068701,-0.0001930959601519733,0.0008147235924770967
confirm2024,TS_K40,20240612,0.002841915449143157,0.002600632427701427,0.0002479969974039254
confirm2024,TS_K40,20240613,-0.002106944084721665,-0.0019229087012963913,-0.00016954041612671474
confirm2024,TS_K40,20240614,0.002617657024903447,0.0026506099641781383,-3.976846224563953e-05
confirm2024,TS_K40,20240617,-0.0006793861831743721,-0.001135634958180932,0.0004365452459426337
confirm2024,TS_K40,20240618,-0.0016159793373883725,-0.0012967961542406595,-0.0003640526170430611
confirm2024,TS_K40,20240619,3.309140973697944e-06,0.000372448606903091,-0.0003616462016843623
confirm2024,TS_K40,20240620,0.0003777064174162062,0.00045404844738133947,-0.00011176173480531492
confirm2024,TS_K40,20240621,-0.0023083678394662244,-0.000788612944285064,-0.001519754895181166
confirm2024,TS_K40,20240624,-0.00440385174945649,-0.004290803833599619,-0.00011304791585687029
confirm2024,TS_K40,20240625,0.0031397351647303,0.0014393669990770803,0.0016729321479081757
confirm2024,TS_K40,20240626,5.2278528070749675e-05,0.0007320419222891842,-0.0006422992429775738
confirm2024,TS_K40,20240627,0.0013566386131652905,0.0013607098386712933,-2.6813813544484237e-05
confirm2024,TS_K40,20240628,-0.0031269911926546153,-0.003064299297026051,-0.0001124142427538759
confirm2024,TS_K40,20240701,-0.0012318850811156576,-0.0010453914310096686,-0.00022763198255302652
confirm2024,TS_K40,20240702,0.0031194931024399793,0.003212177058613692,-0.00010457878972623929
confirm2024,TS_K40,20240703,-3.336136219664679e-05,0.0005978360011703837,-0.0005674438892813384
confirm2024,TS_K40,20240704,0.0032164539599986997,0.0023468454767470353,0.0007764838792254389
confirm2024,TS_K40,20240705,-0.001309876414307052,-0.0005480245487435373,-0.0007576156386119759
confirm2024,TS_K40,20240708,0.001409283374539303,0.0012970983779504682,6.41210126451461e-05
confirm2024,TS_K40,20240709,0.00205961744666825,0.0019152253236392482,1.1211207446996218e-05
confirm2024,TS_K40,20240710,0.003933083043700259,0.0029116952125031624,0.0009240260939438044
confirm2024,TS_K40,20240711,0.0013739705381719885,0.0013783907176011607,-0.00013906670990445526
confirm2024,TS_K40,20240712,-0.002526341286654195,-0.0014510889304424623,-0.0011531544892439839
confirm2024,TS_K40,20240715,0.00368585707809435,0.0034825126728537923,0.00014685830969143784
confirm2024,TS_K40,20240716,0.0009636204665164627,0.0015795640828607724,-0.0006782908894163008
confirm2024,TS_K40,20240717,-0.0002842454040136118,0.00010947121106954689,-0.0004497616214262965
confirm2024,TS_K40,20240718,0.0039014704344078003,0.003364966355219444,0.00040348754480352543
confirm2024,TS_K40,20240719,0.002011349024590765,0.0014713731160140076,0.0004840423262116731
confirm2024,TS_K40,20240722,-0.003383331845486382,-0.002719362055046898,-0.0006996209932024403
confirm2024,TS_K40,20240723,-0.0010960767643212396,-0.00040900701802865303,-0.0007385546176358705
confirm2024,TS_K40,20240724,0.0016836637808242353,0.0014771510076985084,0.00015350992132127765
confirm2024,TS_K40,20240725,0.0012623059471051981,0.00044885419973010723,0.000749093937975562
confirm2024,TS_K40,20240726,-0.001732805054539509,-0.0014334701053824801,-0.0003281236865457296
confirm2024,TS_K40,20240729,0.0012789179143585638,0.0012529445564473636,4.6534529625807524e-05
confirm2024,TS_K40,20240730,0.004864547209235362,0.0036646544386504504,0.0011465745004850024
confirm2024,TS_K40,20240731,0.00034880090417312707,0.00019148083952278403,9.04296568611336e-05
confirm2024,TS_K40,20240801,-0.0004709056522398409,-8.36582449356615e-05,-0.0003327434000890403
confirm2024,TS_K40,20240802,-0.0009099261438826889,-0.00020663574830016255,-0.0007258676026651567
confirm2024,TS_K40,20240805,0.0036529783111006707,0.002465337616964829,0.0011773354952505943
confirm2024,TS_K40,20240806,0.0020695231640665696,0.0020171464983198104,2.8910195924729233e-05
confirm2024,TS_K40,20240807,-0.001982216145614471,-0.0018132263484677811,-0.0002599976803882145
confirm2024,TS_K40,20240808,0.001848986618655988,0.0019062189230879827,-0.00010026169713311468
confirm2024,TS_K40,20240809,-0.0006612113183786907,-0.0005403027717725403,-0.00014711993505961868
confirm2024,TS_K40,20240812,0.0005855640213388606,0.0005685603652787038,-3.837642760447371e-05
confirm2024,TS_K40,20240813,-0.0021004170038657058,-0.0018264246454335002,-0.00029666544515846726
confirm2024,TS_K40,20240814,-0.000384810205240187,-0.0005316396398964407,0.00013360242764591285
confirm2024,TS_K40,20240815,0.0018289690545985593,0.0015011195397498466,0.0003095119097103183
confirm2024,TS_K40,20240816,-0.002526099755073606,-0.0023799657819541724,-0.0001850560469226745
confirm2024,TS_K40,20240819,0.00026881377341096344,0.0008056609360721835,-0.0005016473857842471
confirm2024,TS_K40,20240820,0.0012083185908516468,0.0007901669485626168,0.00041187344134043424
confirm2024,TS_K40,20240821,0.00033176335860814893,0.00088670198660928,-0.0005823717806536576
confirm2024,TS_K40,20240822,-0.0002170541699172985,-0.0002721259514330619,7.306556524959163e-05
confirm2024,TS_K40,20240823,-0.0009050729586595214,-0.001584595395905006,0.0006689743016168433
confirm2024,TS_K40,20240826,-0.0013824540358776428,-0.000799059932091791,-0.0005776984927352122
confirm2024,TS_K40,20240827,0.0028437141120193554,0.0020629075249352226,0.0008009778635487904
confirm2024,TS_K40,20240828,0.005573685139738556,0.0041168698928315435,0.0014772608136719924
confirm2024,TS_K40,20240829,0.001750371464934758,0.001113180130929535,0.0006046891867507343
confirm2024,TS_K40,20240830,-0.0037986876029581455,-0.0032335094338785753,-0.000629061361634749
confirm2024,TS_K40,20240902,0.0045154963152516225,0.0033407103792815057,0.0011872754327315383
confirm2024,TS_K40,20240903,0.0019092739025510872,0.0015477094814550247,0.00033434498019523545
confirm2024,TS_K40,20240904,0.0012501928320630806,0.000896131285527328,0.0003423178469615605
confirm2024,TS_K40,20240905,-0.0019704784442249323,-0.0007965156771888686,-0.0011792137316784111
confirm2024,TS_K40,20240906,-0.00021399445593332572,-0.0007080817868223581,0.0004615608858375364
confirm2024,TS_K40,20240909,0.001147531178972123,0.00021229061529094552,0.0009193312826777266
confirm2024,TS_K40,20240910,0.00395649244511516,0.0032320027031341745,0.0007028774298306064
confirm2024,TS_K40,20240911,-0.0008657401029913653,-0.0005260688042955779,-0.00037760399687498903
confirm2024,TS_K40,20240912,-0.0022341583545782712,-0.0015714393912513289,-0.000695031302166291
confirm2024,TS_K40,20240913,-0.001011008502830168,-0.0007447625878523563,-0.0002459675398742712
confirm2024,TS_K40,20240918,-0.00022707175593348825,-0.0005766178030942274,0.0003106815075308586
confirm2024,TS_K40,20240919,-0.0008141398301344973,-0.0006219171923834105,-0.00021397436977940634
confirm2024,TS_K40,20240920,-0.000406473248380149,-0.0003230425789532621,-8.56185955481876e-05
confirm2024,TS_K40,20240923,0.0037481506944686133,0.0038355776417085853,-8.885827275089568e-05
confirm2024,TS_K40,20240924,-0.0014266151822231992,-0.001068389756703231,-0.0003616159820440032
confirm2024,TS_K40,20240925,0.0014777311466315154,0.0011186867730039096,0.00033630967203176045
confirm2024,TS_K40,20240926,0.010236138787960161,0.008502671057782744,0.001783790628137762
confirm2024,TS_K40,20240927,0.018183168217290796,0.01575933848618465,0.0025312772320396767
confirm2024,TS_K40,20240930,0.028122923858676305,0.018723076811878635,0.009399847046797683
confirm2024,TS_K40,20241008,-0.0023070410106919848,0.002330704366663403,-0.004637745377355409
confirm2024,TS_K40,20241009,0.007872390555736321,0.007399764769313168,0.000366708388328545
confirm2024,TS_K40,20241010,0.0028329362670974287,0.0030591766878941625,-0.0002906075585615461
confirm2024,TS_K40,20241011,-0.00286439017262494,-0.0021006702406963077,-0.0006726157962318591
confirm2024,TS_K40,20241014,0.0007117943605891627,0.0009889392641755288,-0.0002560932858532005
confirm2024,TS_K40,20241015,-0.0008663060089877071,-0.0009950024150697945,7.717449494322603e-05
confirm2024,TS_K40,20241016,0.0010274791336523587,0.0015039981016287945,-0.0004996078731473997
confirm2024,TS_K40,20241017,-0.0005067913585764354,0.0004687481879019997,-0.0009691312412856714
confirm2024,TS_K40,20241018,-0.002168915220653817,-0.0007828422039976176,-0.0014062687488711337
confirm2024,TS_K40,20241021,0.003366386306771994,0.002123447527286113,0.0012616782763652608
confirm2024,TS_K40,20241022,0.001273652988833105,0.0005526930758473544,0.00067677911813465
confirm2024,TS_K40,20241023,0.0001041613512785442,-0.0006573838958052387,0.0007287253626500471
confirm2024,TS_K40,20241024,-0.0007231301255816482,-0.0005142816943623024,-0.0002268706644623333
confirm2024,TS_K40,20241025,-0.006095841659505129,-0.006193477144671434,7.326587284623405e-05
confirm2024,TS_K40,20241028,0.003361718343376601,0.0030422303481389993,0.0002894257182415384
confirm2024,TS_K40,20241029,-0.0011787682417814364,-0.0012557826907022387,1.8274134738359184e-05
confirm2024,TS_K40,20241030,-0.006707026404218695,-0.005788700928690118,-0.0009322528231316229
confirm2024,TS_K40,20241031,0.008629856949382099,0.003902397969658931,0.004745858493832833
confirm2024,TS_K40,20241101,0.0019118123546242038,0.0018246825323203287,4.365155332227596e-05
confirm2024,TS_K40,20241104,-0.0040592886078670495,-0.0016577246898763869,-0.0023170349685240664
confirm2024,TS_K40,20241105,-0.0002204590915823139,-0.00025905097798130286,1.5380868472395946e-05
confirm2024,TS_K40,20241106,-0.004118252971548476,-0.0044689580995137665,0.00028977774787056687
confirm2024,TS_K40,20241107,0.0005261999276710993,0.0017626385088649673,-0.0011945834235643903
confirm2024,TS_K40,20241108,-6.376605336643956e-05,0.0015751659129138985,-0.0015725735613207597
confirm2024,TS_K40,20241111,0.0020633843838944203,0.0009109836307729643,0.001150302686719213
confirm2024,TS_K40,20241112,0.0013743593508440278,0.0013710820666239863,0.00012204703355871882
confirm2024,TS_K40,20241113,0.003939156252932983,0.002451002748924945,0.0014392651853292384
confirm2024,TS_K40,20241114,0.002049536826168239,0.00033393979107826887,0.0016608476476412057
confirm2024,TS_K40,20241115,0.003400438368210898,-0.0007178804009703571,0.004148722901315448
confirm2024,TS_K40,20241118,0.0016085078287350653,0.003522603815665832,-0.001952175570790627
confirm2024,TS_K40,20241119,-0.004925786685374571,-0.003791880488761829,-0.001140381057846149
confirm2024,TS_K40,20241120,0.0006420283844397645,0.00013647057214963537,0.0005042395559339762
confirm2024,TS_K40,20241121,-0.00022647235794268084,-0.0012237790317703742,0.000993367557655165
confirm2024,TS_K40,20241122,-0.0006987478748229411,-0.000968463859475053,0.00020426126917498833
confirm2024,TS_K40,20241125,0.0015095249533763708,0.00022010025454320274,0.0013014496316445861
confirm2024,TS_K40,20241126,0.0015101354461704575,0.0027860902886665743,-0.0013227413971933035
confirm2024,TS_K40,20241127,-0.0016794329034711159,-0.002001759754096209,0.00031540622164040965
confirm2024,TS_K40,20241128,0.0014429681535442305,0.002286690774449946,-0.0008832330666603463
confirm2024,TS_K40,20241129,-0.0025928970458550145,-0.001516946073895552,-0.001097200070959181
confirm2024,TS_K40,20241202,0.001400339562878339,0.0012334467165753711,0.0001486122765790379
confirm2024,TS_K40,20241203,0.0022621880839008065,0.0014269739291203596,0.0007815282594123393
confirm2024,TS_K40,20241204,-0.0019359602339655089,-0.0002995346222797018,-0.001616482054645306
confirm2024,TS_K40,20241205,-0.0013687188091226245,-0.0020866341936033573,0.0006991988283684424
confirm2024,TS_K40,20241206,0.003420511275598787,0.0028418094464383896,0.0006290877978283801
confirm2024,TS_K40,20241209,-0.0013345147264147306,-0.00013370243498259885,-0.001225400423612898
confirm2024,TS_K40,20241210,-0.0009786395150298555,-0.0009711839457237476,-4.619386424335438e-05
confirm2024,TS_K40,20241211,-0.0008401712736579303,-0.0010796514895063196,0.0002159228697846713
confirm2024,TS_K40,20241212,1.2427516118955484e-05,-0.00025129307822692145,0.000254169560702689
confirm2024,TS_K40,20241213,0.001079850744254673,-0.0006525982091300328,0.001771103296153638
confirm2024,TS_K40,20241216,0.008982596367754479,0.006003681472852231,0.0029971229224506654
confirm2024,TS_K40,20241217,0.0005459575777213652,0.001311507006218157,-0.000797083610139299
confirm2024,TS_K40,20241218,0.0029955217485583964,0.003603622039608427,-0.0006396147262653316
confirm2024,TS_K40,20241219,-0.0018049316367242368,-3.2459302787885404e-05,-0.001774151671445576
confirm2024,TS_K40,20241220,0.010184047163038931,0.005944602940106911,0.00423863122127273
confirm2024,TS_K40,20241223,0.004784891681527462,0.003801996623956541,0.0009979032291163952
confirm2024,TS_K40,20241224,0.005839852179533728,0.0033495761944868124,0.0024859976079212964
confirm2024,TS_K40,20241225,-0.0009069116323707372,0.0009416518319525062,-0.0018384821159090831
confirm2024,TS_K40,20241226,-0.0013104072504151075,-0.0019101661188703197,0.0005833430183946684
confirm2024,TS_K40,20241227,0.0017317343165203572,0.00034223958971203055,0.0013483500660977647
confirm2024,TS_K40,20241230,0.0033897047638376566,0.0011242787219876073,0.0022870026398382065
confirm2024,TS_K40,20241231,-2.850683451757763e-05,0.0008767074231488111,-0.0009219651626676249
confirm2024,TS_K50,20240102,-0.001635714417229967,-0.00044099820271594983,-0.0013013267930868833
confirm2024,TS_K50,20240103,-0.003185733664292626,-0.002831448501069379,-0.00022854884877297852
confirm2024,TS_K50,20240104,-0.004382772902133663,-0.0034644491162054833,-0.0008771012829711888
confirm2024,TS_K50,20240105,7.852569567617235e-05,0.0003938023014361137,-0.0003908858157565374
confirm2024,TS_K50,20240108,0.002514661971082183,0.0021362047432414953,0.00022383546406131786
confirm2024,TS_K50,20240109,-0.0011741131865609794,-0.0008073343745425026,-0.0002963136603473387
confirm2024,TS_K50,20240110,0.004445229309528061,0.0033823524819162473,0.0011290146167389087
confirm2024,TS_K50,20240111,-0.0013823558304327244,-0.0004129868991023994,-0.0009860853154490623
confirm2024,TS_K50,20240112,-0.003761123811969817,-0.00352850233341132,-0.0002836911048191273
confirm2024,TS_K50,20240115,0.0025019465596488907,0.002871858929671217,-0.0004075595965136141
confirm2024,TS_K50,20240116,-0.0041667159514606165,-0.0031165996654287835,-0.0011345573163045984
confirm2024,TS_K50,20240117,0.005555526501274688,0.00437135695972796,0.0011957919159860234
confirm2024,TS_K50,20240118,-0.0024615100395573627,-0.0018312130761318102,-0.000719866537296341
confirm2024,TS_K50,20240119,-0.0037999176560194886,-0.002154046084101798,-0.001611645207178309
confirm2024,TS_K50,20240122,0.00010737688417392392,0.0005913711013977906,-0.0004435677001146319
confirm2024,TS_K50,20240123,-0.006672463028445772,-0.005379401320705331,-0.0013939610695063557
confirm2024,TS_K50,20240124,0.001188166807608644,0.0008611860497096105,0.00020178845162514475
confirm2024,TS_K50,20240125,-0.0044174226136220055,-0.0026886823238718082,-0.00175249694545501
confirm2024,TS_K50,20240126,-0.006709491706200298,-0.0036694191320506145,-0.002805214134772003
confirm2024,TS_K50,20240129,-0.002039248520394353,-0.0007097037464801489,-0.0015718871024283587
confirm2024,TS_K50,20240130,-0.006530146575681878,-0.002792491874521263,-0.003795731377079279
confirm2024,TS_K50,20240131,0.0022867100440293244,0.0032711242080516066,-0.0009382577784039555
confirm2024,TS_K50,20240201,-0.0063717758175237185,-0.0028475909595363494,-0.0036168941695744116
confirm2024,TS_K50,20240202,-0.012711244515333023,-0.003012953753432172,-0.009808159015168396
confirm2024,TS_K50,20240205,0.0016261703781346205,0.008248661495413666,-0.006479245275873593
confirm2024,TS_K50,20240206,-0.007412204284321714,0.0008797937784081103,-0.008531606497051945
confirm2024,TS_K50,20240207,0.019950750974529058,0.010523325964677664,0.009412508882551364
confirm2024,TS_K50,20240208,0.009616177577865287,0.0018473594348961363,0.007875634916478847
confirm2024,TS_K50,20240219,0.002276498206128661,-0.00036101205102273385,0.0026964833683985096
confirm2024,TS_K50,20240220,0.005189500965611545,0.0027211260005488764,0.0024482997261454794
confirm2024,TS_K50,20240221,0.00608886340552044,0.002052751129019953,0.004004131125735755
confirm2024,TS_K50,20240222,0.009489439701850962,0.004656520128686091,0.0048612708215189345
confirm2024,TS_K50,20240223,0.00843535858195134,0.004963216142277844,0.0034873305915038588
confirm2024,TS_K50,20240226,0.004957478283509838,0.0018134692046370146,0.0031816735475781377
confirm2024,TS_K50,20240227,-0.010025217782289562,-0.001310794622925012,-0.008763895647475576
confirm2024,TS_K50,20240228,0.005607672366071015,0.002373857795678416,0.0032161462139726526
confirm2024,TS_K50,20240229,0.0068309664302656885,0.004726263940505313,0.002085254893959342
confirm2024,TS_K50,20240301,-0.0026860288454711133,-0.0027976778320547234,8.506027767074659e-05
confirm2024,TS_K50,20240304,-0.0009758286169396484,0.0016357917859974515,-0.002488900889262602
confirm2024,TS_K50,20240305,0.00647615498135405,0.004804634650882358,0.0016674365822445826
confirm2024,TS_K50,20240306,-0.0003848789842301357,0.00040329805690667215,-0.0007780272453401468
confirm2024,TS_K50,20240307,0.0031252206850663072,0.002365278090532335,0.0007414577257962498
confirm2024,TS_K50,20240308,0.008740695308010974,0.0067363578752342975,0.0019992755465842093
confirm2024,TS_K50,20240311,0.004343827231434385,0.0020710842823295165,0.0022793142621227607
confirm2024,TS_K50,20240312,0.001420637911315434,0.0005701934509978305,0.0008463955032894068
confirm2024,TS_K50,20240313,-0.0026932294641489624,-0.0022523495600270445,-0.00045942983037541976
confirm2024,TS_K50,20240314,0.00030451282820468,-0.0004738934666020892,0.0007864979993493676
confirm2024,TS_K50,20240315,0.0035388364811575375,0.0024067759129288713,0.0011280740918436965
confirm2024,TS_K50,20240318,0.00218226978622273,0.0014658436932165268,0.0007124652118768588
confirm2024,TS_K50,20240319,0.0009878111757073895,-0.00013606080627153892,0.0011110176500634156
confirm2024,TS_K50,20240320,0.0007498090128887291,0.0003033155461781303,0.00043622604479794455
confirm2024,TS_K50,20240321,-0.0026920615099370205,-0.00231829941580961,-0.00037587312755502794
confirm2024,TS_K50,20240322,-0.0018004675358870778,0.00010760795057642737,-0.0019197365662937203
confirm2024,TS_K50,20240325,0.001253726437731392,0.0011654975135732004,9.369921583857855e-05
confirm2024,TS_K50,20240326,-0.004545201587868163,-0.0022752039033029185,-0.0022571554525934612
confirm2024,TS_K50,20240327,0.0029153572900032405,0.001011242464675443,0.0018981619863576624
confirm2024,TS_K50,20240328,0.0013134757655417443,0.0010396942874919012,0.00025063727589835213
confirm2024,TS_K50,20240329,0.004067974937741501,0.002633054887292323,0.0014312926495440286
confirm2024,TS_K50,20240401,-0.0012084637556521879,-0.0012210947604122033,4.972272763024629e-06
confirm2024,TS_K50,20240402,-0.0038516739848999454,-0.0031141087293930225,-0.0007552731195177387
confirm2024,TS_K50,20240403,-0.0054983819730178365,-0.003715606492944548,-0.0017830097062088127
confirm2024,TS_K50,20240408,0.005118805687721006,0.0033992031767461554,0.0017239875077867536
confirm2024,TS_K50,20240409,-0.0034561926031733137,-0.0014311006965911943,-0.0020102011543132107
confirm2024,TS_K50,20240410,0.00033326644221117656,0.0006142188401802576,-0.00031667350271731733
confirm2024,TS_K50,20240411,0.0013536459563203672,0.0015350395133756447,-9.289021494417494e-05
confirm2024,TS_K50,20240412,-0.0034929329024993086,0.002062198265372319,-0.005561388394450967
confirm2024,TS_K50,20240415,-0.010483185121555993,-0.004074220588539809,-0.006482685344753518
confirm2024,TS_K50,20240416,0.011098038541772555,0.005980810270640915,0.005104018931626724
confirm2024,TS_K50,20240417,-0.000846627740379345,-0.0001713658685514727,-0.0006628790633094511
confirm2024,TS_K50,20240418,-0.003866908897539629,-0.0027993894633574793,-0.0011056970461106581
confirm2024,TS_K50,20240419,0.006681329863111755,0.007236052067269544,-0.0004993208032955782
confirm2024,TS_K50,20240422,0.00614346166371975,0.0035004629422198848,0.00261007244012485
confirm2024,TS_K50,20240423,0.004536674274624345,0.002481984234531463,0.0020821283777209478
confirm2024,TS_K50,20240424,0.0017150177573120014,0.0016211513612074597,9.37541128439575e-05
confirm2024,TS_K50,20240425,0.003662031699520953,0.0028551256889510425,0.0007692807584751801
confirm2024,TS_K50,20240426,0.006493947982390398,0.004558157959238039,0.0019108171632740713
confirm2024,TS_K50,20240429,-0.002903713610012274,-0.0024932809243214437,-0.00043696551941386905
confirm2024,TS_K50,20240430,0.0015582082874006295,0.0009481451277108647,0.0006492432365038175
confirm2024,TS_K50,20240506,0.0024831589625321894,0.0017590708768051237,0.0007184109530095848
confirm2024,TS_K50,20240507,-0.0016740539664424348,-0.001017185162311407,-0.0006186975210465462
confirm2024,TS_K50,20240508,0.004079605280233928,0.0037118371646445453,0.00035010659164923735
confirm2024,TS_K50,20240509,-0.0004861625854890271,0.00038611049456228604,-0.0009111238129447958
confirm2024,TS_K50,20240510,-0.0025293258533022854,-0.0008618669623075703,-0.0016874663614783406
confirm2024,TS_K50,20240513,0.0020980673054495323,0.0016059530912798752,0.0005679718535029844
confirm2024,TS_K50,20240514,-0.0007687422635083074,-0.0007518658178077914,-9.252133053982761e-06
confirm2024,TS_K50,20240515,0.00035796373260392044,0.0004079534870989387,-1.474794676419402e-06
confirm2024,TS_K50,20240516,0.000622902386432948,0.0006303118103616844,6.826634836589078e-06
confirm2024,TS_K50,20240517,0.001017925308244985,0.0008659467561054896,0.0001471780052521385
confirm2024,TS_K50,20240520,0.00038811195685351657,0.0009810305857923648,-0.0005668331433941535
confirm2024,TS_K50,20240521,0.005379896146061677,0.005037260274407749,0.0003897983294956432
confirm2024,TS_K50,20240522,0.0023907045052724875,0.0030269251429132617,-0.0006283812489188399
confirm2024,TS_K50,20240523,-0.00024313776750882303,0.0003252250147616517,-0.0006019498464358805
confirm2024,TS_K50,20240524,-0.000691476836896264,-0.0006381575757314043,-6.775504469742037e-05
confirm2024,TS_K50,20240527,8.806088686888307e-05,0.00015147153033960288,-7.948095829201079e-05
confirm2024,TS_K50,20240528,0.002775868639691247,0.002391903412715634,0.00039249192567410304
confirm2024,TS_K50,20240529,0.0024031905729736827,0.0023949160537909187,-1.160472323493371e-05
confirm2024,TS_K50,20240530,0.0018038328285909736,0.0012174298435324573,0.0005990924521085709
confirm2024,TS_K50,20240531,-0.0006503384165599951,-7.6164096567432095e-06,-0.0006246520717010651
confirm2024,TS_K50,20240603,0.00021787939313827522,0.0015370556575268503,-0.001326946896025844
confirm2024,TS_K50,20240604,0.003225693438195218,0.003723094355780229,-0.0005174914476486846
confirm2024,TS_K50,20240605,-0.0024831517240795978,-0.0004563277257507816,-0.0020335194486815165
confirm2024,TS_K50,20240606,0.0016383046763889623,0.000648748780939347,0.0009812454208309228
confirm2024,TS_K50,20240607,0.006341432648177143,0.0052801352905582554,0.0010646826950893656
confirm2024,TS_K50,20240611,0.0004191684957740825,-0.0005759723014602306,0.0009946427844907363
confirm2024,TS_K50,20240612,0.0031338214289727455,0.0028082161210829745,0.0003323192838519661
confirm2024,TS_K50,20240613,-0.0011439048446419875,-0.0009458763059812101,-0.00018353357136221816
confirm2024,TS_K50,20240614,0.0031741577984297376,0.0031434143561279303,2.392791933085959e-05
confirm2024,TS_K50,20240617,-0.0008057879826978767,-0.0014205570441338873,0.0005950655323720808
confirm2024,TS_K50,20240618,-0.0018507517507449656,-0.0016708276546039964,-0.00022479353003631506
confirm2024,TS_K50,20240619,-0.0004048796446983055,9.872145178192634e-05,-0.0004961078322351965
confirm2024,TS_K50,20240620,-0.00041537719712397944,-0.00031816302031987154,-0.00013263388164428986
confirm2024,TS_K50,20240621,-0.0025348580341489554,-0.0009811570352409363,-0.0015537009989080267
confirm2024,TS_K50,20240624,-0.005576417654216915,-0.00543314008410638,-0.0001432775701105347
confirm2024,TS_K50,20240625,0.00366860990016361,0.001986524879358893,0.0016546490030596723
confirm2024,TS_K50,20240626,-0.00029326085301713267,0.00036912188336753925,-0.000624918585143813
confirm2024,TS_K50,20240627,0.00041991602242349123,0.0003851736006020335,1.1999833782976315e-05
confirm2024,TS_K50,20240628,-0.002769540926546625,-0.0026736091289724733,-0.00014565414469946384
confirm2024,TS_K50,20240701,-0.0014042457339484705,-0.001262056895178754,-0.00018332717121675405
confirm2024,TS_K50,20240702,0.003352257126092548,0.003510141419275681,-0.00016977912673565967
confirm2024,TS_K50,20240703,0.00028628788360347823,0.000979403768703655,-0.000629362411014485
confirm2024,TS_K50,20240704,0.0032114717642445535,0.002401344852399746,0.0007170023078185791
confirm2024,TS_K50,20240705,-0.0022461078285658798,-0.001484688488037329,-0.0007571831135770122
confirm2024,TS_K50,20240708,0.002017713523440958,0.0018235727889828611,0.00014607675051440703
confirm2024,TS_K50,20240709,0.0021763202618980872,0.002009298008532186,3.384133778389738e-05
confirm2024,TS_K50,20240710,0.0036943877191846046,0.002701208798438657,0.0008958171834926525
confirm2024,TS_K50,20240711,0.001399003836164258,0.0014685424906461118,-0.0002041851849571366
confirm2024,TS_K50,20240712,-0.002220954586860755,-0.0012726324661159506,-0.0010262242537770517
confirm2024,TS_K50,20240715,0.0039516602098710425,0.0037979748292169425,9.719928510498045e-05
confirm2024,TS_K50,20240716,0.0010996224207539818,0.0017894519733418174,-0.0007521768256598287
confirm2024,TS_K50,20240717,0.00012070869748774613,0.0005523150053683806,-0.00048765131422377224
confirm2024,TS_K50,20240718,0.003984322000628249,0.00345125004454005,0.00040005542170336794
confirm2024,TS_K50,20240719,0.0017222940732992392,0.0010994711850844598,0.0005668893058496951
confirm2024,TS_K50,20240722,-0.0037653023091909835,-0.0031118371030674696,-0.0006891164088864723
confirm2024,TS_K50,20240723,-0.0011008802130789749,-0.0003389432039972527,-0.0008134218804250062
confirm2024,TS_K50,20240724,0.0015719676164167645,0.00132915021103421,0.000189814553578105
confirm2024,TS_K50,20240725,0.0009489875749367112,0.0002070608566595255,0.0006775689088776556
confirm2024,TS_K50,20240726,-0.0016626995536777947,-0.0013957123653062866,-0.0002957759257602077
confirm2024,TS_K50,20240729,0.0007583130956981673,0.0007219583454438428,5.6915921968932426e-05
confirm2024,TS_K50,20240730,0.005228753075794151,0.00410090250235157,0.0010745323033426648
confirm2024,TS_K50,20240731,-0.0005942817802442913,-0.0007846267274087752,0.00012345453937527486
confirm2024,TS_K50,20240801,-0.0007162536065088987,-0.0002818854894236045,-0.00037986410987015637
confirm2024,TS_K50,20240802,-0.0013912618605897292,-0.0005541719491912568,-0.0008596671184811029
confirm2024,TS_K50,20240805,0.003394891007004266,0.0022739348161708393,0.0011106509919481798
confirm2024,TS_K50,20240806,0.002275500923616719,0.002187372916665283,6.466153712940576e-05
confirm2024,TS_K50,20240807,-0.002751351385949649,-0.0023670763115475196,-0.0004752829576436547
confirm2024,TS_K50,20240808,0.001899650817358641,0.0019802904696559712,-0.00012366904499845141
confirm2024,TS_K50,20240809,-0.0002301909065681824,3.895335773341482e-05,-0.0002953556527550649
confirm2024,TS_K50,20240812,0.0003238220779819912,0.0002020536756694993,6.638831864785906e-05
confirm2024,TS_K50,20240813,-0.0025740578640934255,-0.0024720569767050222,-0.00012467397411466526
confirm2024,TS_K50,20240814,-0.001012446293172267,-0.0012282910429607897,0.00020261774277818189
confirm2024,TS_K50,20240815,0.002374770957731342,0.002096467891722993,0.0002599654608699547
confirm2024,TS_K50,20240816,-0.0023272430713267294,-0.0020386983430368596,-0.0003274668020931096
confirm2024,TS_K50,20240819,0.0003982224595965693,0.0009164114511446322,-0.00048298921467109114
confirm2024,TS_K50,20240820,0.001858538277767387,0.0013706553344150763,0.00048160474240371506
confirm2024,TS_K50,20240821,-0.000332755095917946,0.00021630438935978563,-0.0005764926379302592
confirm2024,TS_K50,20240822,-0.0011534147770092913,-0.001052010894256017,-8.341009901944571e-05
confirm2024,TS_K50,20240823,-0.0017904735556773382,-0.0023888199911021573,0.0005877982997961764
confirm2024,TS_K50,20240826,-0.0007742456429795461,-0.0001634516683136852,-0.0006050983636152211
confirm2024,TS_K50,20240827,0.0019161716062672494,0.0012239049508864573,0.0007124379318454474
confirm2024,TS_K50,20240828,0.005550777596436587,0.004114056363572055,0.0014571667996295147
confirm2024,TS_K50,20240829,0.0022926134346870145,0.0013236107337256443,0.0009365005537068793
confirm2024,TS_K50,20240830,-0.0035783704784895804,-0.0030285874571985482,-0.0006136662138462169
confirm2024,TS_K50,20240902,0.004666293434889826,0.0035154861245335852,0.001163296807117662
confirm2024,TS_K50,20240903,0.00143183025577858,0.0013128932990311014,9.171751584665125e-05
confirm2024,TS_K50,20240904,0.0017222806963808537,0.001271435573710325,0.00043910142309633597
confirm2024,TS_K50,20240905,-0.0024530845872711496,-0.0012717311694594082,-0.0011866043824540877
confirm2024,TS_K50,20240906,-0.0005841427721804803,-0.0010925704946745602,0.0004759012774425844
confirm2024,TS_K50,20240909,0.0017658591927266678,0.0008319680411312707,0.0009179818705919457
confirm2024,TS_K50,20240910,0.004403202291333174,0.0038864907691921477,0.0004950992099906462
confirm2024,TS_K50,20240911,-0.0017558812295262781,-0.00136431937308617,-0.00042949455461930983
confirm2024,TS_K50,20240912,-0.002166948828330432,-0.0012767751473316221,-0.0009224860198381571
confirm2024,TS_K50,20240913,-0.0016749085549005761,-0.0010923799705492483,-0.0005622502092477871
confirm2024,TS_K50,20240918,-0.0007336191566889964,-0.001194139410862767,0.000421655714543892
confirm2024,TS_K50,20240919,-0.0009300054273208044,-0.0008708355057547533,-8.092165359437057e-05
confirm2024,TS_K50,20240920,-0.0005849731912282935,-0.0005503651542244926,-3.6795963125101464e-05
confirm2024,TS_K50,20240923,0.004214675061604965,0.004431704912859847,-0.00021846117676580692
confirm2024,TS_K50,20240924,-0.0016336354413090878,-0.0014660117707156824,-0.0001710142271174397
confirm2024,TS_K50,20240925,0.0017541839047788069,0.0016300749908632096,0.0001013742123197525
confirm2024,TS_K50,20240926,0.011982077743339196,0.009836776611653088,0.002195624029646449
confirm2024,TS_K50,20240927,0.02026222211553451,0.016548183408096533,0.0038214862083714987
confirm2024,TS_K50,20240930,0.03082474437355852,0.018569454100144798,0.012255290273413733
confirm2024,TS_K50,20241008,-0.004374688559922346,0.0015651220705155163,-0.0059398106304378705
confirm2024,TS_K50,20241009,0.006694722839263516,0.006507917188851364,8.088825231754391e-05
confirm2024,TS_K50,20241010,0.002699591087669914,0.0033462045485213344,-0.0007109805986162247
confirm2024,TS_K50,20241011,-0.002461342584058692,-0.002459292466956917,8.905401859500084e-05
confirm2024,TS_K50,20241014,0.0006553528868224728,0.0007522021238375019,-7.579761928186175e-05
confirm2024,TS_K50,20241015,-0.0013557531204724518,-0.0014260173318349275,1.874230022361331e-05
confirm2024,TS_K50,20241016,0.000991097584712648,0.0011192196739403918,-0.00015121099439870892
confirm2024,TS_K50,20241017,-0.0004735664660767032,-1.3024584389134553e-05,-0.00045413357649480736
confirm2024,TS_K50,20241018,-0.0014491164189955486,-0.0007822408541339138,-0.000687071297076571
confirm2024,TS_K50,20241021,0.0034340452238721397,0.0025646934291020645,0.0008880912916494539
confirm2024,TS_K50,20241022,0.0012464631104711532,0.0008306157252417485,0.000371666590378303
confirm2024,TS_K50,20241023,0.00039883739632741054,-1.627965122253435e-05,0.00038229716311620915
confirm2024,TS_K50,20241024,-0.0016619941162583293,-0.0016252581800983885,-5.475816940292983e-05
confirm2024,TS_K50,20241025,-0.006313938942213916,-0.00646808907692578,0.00012978052239179136
confirm2024,TS_K50,20241028,0.003067105037838847,0.0029061592499227164,0.00013088351092006698
confirm2024,TS_K50,20241029,-0.00022238738808393467,-0.0002858399252664797,4.7122230001010595e-06
confirm2024,TS_K50,20241030,-0.006647353991495538,-0.005987106670633235,-0.00067417466846535
confirm2024,TS_K50,20241031,0.0077113013863816665,0.004456957258574204,0.003272743641917126
confirm2024,TS_K50,20241101,0.0026728963447201666,0.0025450552328615825,8.43628428769876e-05
confirm2024,TS_K50,20241104,-0.003780088069089898,-0.0020655494494629402,-0.001630009670160356
confirm2024,TS_K50,20241105,0.00013779048284876406,7.915984751270789e-05,3.541961740946245e-05
confirm2024,TS_K50,20241106,-0.004322439432397435,-0.0045507580515785975,0.00016739123908643744
confirm2024,TS_K50,20241107,0.0011740229737967028,0.002041468943772523,-0.0008255908123463422
confirm2024,TS_K50,20241108,0.0006870911192803503,0.001749482361033166,-0.0009960328367932384
confirm2024,TS_K50,20241111,0.0030341361538196226,0.0022253566151556486,0.0008066814722617311
confirm2024,TS_K50,20241112,0.002042709412446327,0.002046231674255554,0.00011524748752945033
confirm2024,TS_K50,20241113,0.003701879795143522,0.002661524633071409,0.0009914668433933138
confirm2024,TS_K50,20241114,0.002251014458929449,0.0010386604102084957,0.0011576046612721896
confirm2024,TS_K50,20241115,0.0012987411585594563,-0.0014878462984725055,0.0028169915891661564
confirm2024,TS_K50,20241118,0.001853281113218589,0.0030285920897304584,-0.0012133905603717255
confirm2024,TS_K50,20241119,-0.0051090785145788235,-0.004392249900568334,-0.0007233034752438919
confirm2024,TS_K50,20241120,0.0004461435984200791,0.00021525256213560646,0.0002295727799283199
confirm2024,TS_K50,20241121,-0.0006265759979082464,-0.00127809104002467,0.0006475759259439021
confirm2024,TS_K50,20241122,-0.0012937800350245558,-0.0013525708048592357,-6.6639456424428915e-06
confirm2024,TS_K50,20241125,0.0013677447379312159,0.0006966448419405305,0.0006831248288021032
confirm2024,TS_K50,20241126,0.002370469012409896,0.0031032172525408204,-0.0007795347948281062
confirm2024,TS_K50,20241127,-0.0028010483093124454,-0.00290200729766206,9.403835936493078e-05
confirm2024,TS_K50,20241128,0.0014039640194382242,0.0019228792467382632,-0.0005584256730546719
confirm2024,TS_K50,20241129,-0.002464864528809292,-0.0016952441506982783,-0.0007908694771107313
confirm2024,TS_K50,20241202,0.000805585952031695,0.0006023712077545966,0.00018493417455316867
confirm2024,TS_K50,20241203,0.0013786841093745856,0.0007980385034532312,0.0005269597105532482
confirm2024,TS_K50,20241204,-0.001871928792243396,-0.0007219280928673867,-0.0011300571423355078
confirm2024,TS_K50,20241205,-0.002199447114515288,-0.0026690312279577895,0.00045086755733021256
confirm2024,TS_K50,20241206,0.002815459437592296,0.0024583344733134357,0.00040751093294684297
confirm2024,TS_K50,20241209,-0.0010102725200236591,-0.00022275977045252703,-0.0008121008817518986
confirm2024,TS_K50,20241210,-0.0019531551850733783,-0.0017672812887280995,-0.00022461219128252065
confirm2024,TS_K50,20241211,-0.0006275939201112694,-0.0007521472916403055,0.00010099602546531774
confirm2024,TS_K50,20241212,0.0007093671299073304,0.0005388317788374351,0.0001609843174267075
confirm2024,TS_K50,20241213,0.0007594203637723536,-0.0003999964403992453,0.0011980711469405316
confirm2024,TS_K50,20241216,0.008271170066730105,0.00618121180738378,0.0021081662868947444
confirm2024,TS_K50,20241217,0.0007375598144500417,0.0010188404285546946,-0.0003128147957471586
confirm2024,TS_K50,20241218,0.0028687766895054197,0.0033424400108037814,-0.0005051777565136627
confirm2024,TS_K50,20241219,-0.0005976755964900663,0.0005786344536982936,-0.001177989387697583
confirm2024,TS_K50,20241220,0.007930077671124816,0.004838963282371072,0.0030903013870944526
confirm2024,TS_K50,20241223,0.003892642531699117,0.0032877109109174492,0.0006199397923271435
confirm2024,TS_K50,20241224,0.005028594841120093,0.0033529179063931007,0.0016713985576013754
confirm2024,TS_K50,20241225,0.00038360470900107926,0.0018681230279679675,-0.0014744369705527256
confirm2024,TS_K50,20241226,-0.0024269849595177596,-0.002644339463217406,0.00020093865363910539
confirm2024,TS_K50,20241227,0.0015774102615506297,0.0005235705594400799,0.0010126950413999881
confirm2024,TS_K50,20241230,0.0024002762101909166,0.0008477425208006304,0.001574110287378442
confirm2024,TS_K50,20241231,-9.818100081595074e-05,0.0005514940342442923,-0.0006664259400614805
confirm2024,TS_K70,20240102,-0.0017442164088293803,-0.0004344658925479199,-0.0014163610948543276
confirm2024,TS_K70,20240103,-0.0033400779524548154,-0.0029312118725656616,-0.0002831297654388842
confirm2024,TS_K70,20240104,-0.004883183616284353,-0.003663174055574422,-0.0011787870577529356
confirm2024,TS_K70,20240105,-1.4514218889191688e-05,0.00030742125740545556,-0.0003975446862912452
confirm2024,TS_K70,20240108,0.0024627554210378197,0.0021554622329679482,0.00015267142429049822
confirm2024,TS_K70,20240109,-0.0013106339712553872,-0.0005691591952003045,-0.000671009624383943
confirm2024,TS_K70,20240110,0.0049188901858320255,0.003529499875586232,0.001455528099372888
confirm2024,TS_K70,20240111,-0.0018970407855821454,-0.0005525391827162739,-0.0013612179869846078
confirm2024,TS_K70,20240112,-0.00314062671470433,-0.0029079113959001564,-0.0002837849450648044
confirm2024,TS_K70,20240115,0.002359997450409225,0.0027977756604378513,-0.00047542543651991464
confirm2024,TS_K70,20240116,-0.004022373864847214,-0.002812488098042262,-0.0012943267970777215
confirm2024,TS_K70,20240117,0.006072649401913783,0.004713306897928758,0.0013709648784243217
confirm2024,TS_K70,20240118,-0.0024081167905271716,-0.0015785425131733504,-0.0009191438512246117
confirm2024,TS_K70,20240119,-0.0034706061822232376,-0.001856538723209533,-0.0015798410942743223
confirm2024,TS_K70,20240122,0.0004539410987170751,0.0008045302989207171,-0.0003101626830944061
confirm2024,TS_K70,20240123,-0.006763752610185808,-0.005314427702525303,-0.0015502242694264193
confirm2024,TS_K70,20240124,0.0007650117458070649,0.0005737703495229016,6.60490900102862e-05
confirm2024,TS_K70,20240125,-0.004361080964488859,-0.002347514711126155,-0.0020373229090675173
confirm2024,TS_K70,20240126,-0.007535627902747699,-0.004066465903714334,-0.003234303559655684
confirm2024,TS_K70,20240129,-0.002509526063049508,-0.0009692065398080659,-0.0017826618517555889
confirm2024,TS_K70,20240130,-0.006205796616002082,-0.002192775810106271,-0.004071097481814477
confirm2024,TS_K70,20240131,0.00251121485470825,0.0034693431255744187,-0.000911971885247844
confirm2024,TS_K70,20240201,-0.006235435503609971,-0.002675041516285847,-0.0036531032989111736
confirm2024,TS_K70,20240202,-0.013239487801320657,-0.0028903992859207017,-0.010458956768667522
confirm2024,TS_K70,20240205,0.0011961127339474055,0.008572089147212709,-0.007232730571859856
confirm2024,TS_K70,20240206,-0.007952852737614306,0.001211604826594719,-0.009404065998531143
confirm2024,TS_K70,20240207,0.01906282102014309,0.009496235992366577,0.009551668900476519
confirm2024,TS_K70,20240208,0.010400544569828779,0.002086183166524307,0.008421178176814176
confirm2024,TS_K70,20240219,0.0027050743976806055,-0.00014179622408638836,0.002905843733014111
confirm2024,TS_K70,20240220,0.005583353179247609,0.0029452702414842226,0.0026180076988461948
confirm2024,TS_K70,20240221,0.006502846848418176,0.002269507179564826,0.004201358518088616
confirm2024,TS_K70,20240222,0.009531444422428564,0.004412124736092997,0.005147670934689626
confirm2024,TS_K70,20240223,0.008512328613966077,0.004916602049492981,0.0036109147163034543
confirm2024,TS_K70,20240226,0.005464219127238577,0.002182178223552766,0.003319705372391122
confirm2024,TS_K70,20240227,-0.010390122214021476,-0.0012821862650683159,-0.009157408437064179
confirm2024,TS_K70,20240228,0.005966110851258831,0.0025914873974222435,0.003356955097416637
confirm2024,TS_K70,20240229,0.006830342884153434,0.004647159027657264,0.0021637362606951364
confirm2024,TS_K70,20240301,-0.0030393050393826672,-0.0031351607627291772,6.926701443364701e-05
confirm2024,TS_K70,20240304,-0.001183924739615318,0.001518778570106578,-0.0025799837960474017
confirm2024,TS_K70,20240305,0.006673306101070494,0.004881959644429691,0.0017872627084136968
confirm2024,TS_K70,20240306,-0.0005074672781000119,0.0002874977821197396,-0.0007848152644230894
confirm2024,TS_K70,20240307,0.0026066845148801695,0.0017837027172948306,0.0008044969288476182
confirm2024,TS_K70,20240308,0.008806907028250575,0.0067695721031639094,0.002032273038894191
confirm2024,TS_K70,20240311,0.004615336472070368,0.002276388959020654,0.0023455188260676062
confirm2024,TS_K70,20240312,0.001596862038531348,0.0007033883854710145,0.0008894246960321368
confirm2024,TS_K70,20240313,-0.0028587031313141147,-0.0023861968912364893,-0.0004910561663311274
confirm2024,TS_K70,20240314,0.00027363613056412446,-0.0005391156609527426,0.0008208434960594646
confirm2024,TS_K70,20240315,0.0033121221405444552,0.0020644422881832417,0.0012436933759762483
confirm2024,TS_K70,20240318,0.002250800915185589,0.0014953464588408124,0.0007514935752154326
confirm2024,TS_K70,20240319,0.0010745626083578583,-0.0001675197293481423,0.0012292280057904876
confirm2024,TS_K70,20240320,0.00010537189332472446,-0.0003378966820898943,0.00043300115350196393
confirm2024,TS_K70,20240321,-0.002123138897471585,-0.0017542029366362116,-0.00037104699426299126
confirm2024,TS_K70,20240322,-0.0015078431950508626,0.0005489058075267822,-0.0020684100824078623
confirm2024,TS_K70,20240325,0.0011503295383829518,0.001089973422429204,6.582640763413565e-05
confirm2024,TS_K70,20240326,-0.004339741578949778,-0.001880196682997506,-0.0024467026639804898
confirm2024,TS_K70,20240327,0.003265565185496873,0.0011920373281939013,0.002067575018332838
confirm2024,TS_K70,20240328,0.0006954635979038448,0.0004757212209313191,0.00019659817482103387
confirm2024,TS_K70,20240329,0.004131637518748416,0.002678161178790614,0.0014498489390526515
confirm2024,TS_K70,20240401,-0.0012583357250335,-0.0011715568606432084,-9.44375963872815e-05
confirm2024,TS_K70,20240402,-0.004727521629544893,-0.0037808709016045354,-0.0009643585919511732
confirm2024,TS_K70,20240403,-0.00631250440219757,-0.00434725940699648,-0.001965479221336618
confirm2024,TS_K70,20240408,0.005471836460356254,0.0037477303568190204,0.001728491100349135
confirm2024,TS_K70,20240409,-0.003819519114493807,-0.0017464865970940697,-0.00205814176513083
confirm2024,TS_K70,20240410,-0.000530858732636745,-0.00020883803179666083,-0.00035774180558832084
confirm2024,TS_K70,20240411,0.0009239556460425022,0.001124239710193028,-0.00011178072203942284
confirm2024,TS_K70,20240412,-0.0038059818788933816,0.0018762264086555581,-0.005688465514128277
confirm2024,TS_K70,20240415,-0.01085199228404124,-0.004220612939730848,-0.006705100156047721
confirm2024,TS_K70,20240416,0.011782677489961361,0.006465749938695919,0.005303718211760525
confirm2024,TS_K70,20240417,-0.0012227146754359556,-0.0005216253580675011,-0.0006887065088500316
confirm2024,TS_K70,20240418,-0.003765794850368033,-0.0026650699888663694,-0.0011389024734301707
confirm2024,TS_K70,20240419,0.006642462974060158,0.007237474934263048,-0.0005396105593406809
confirm2024,TS_K70,20240422,0.0061620672991156405,0.003424514260783555,0.0027046267569570707
confirm2024,TS_K70,20240423,0.004169455120511933,0.0020270689699364514,0.00216982448820354
confirm2024,TS_K70,20240424,0.0017478900247137087,0.0016655293304791425,8.224841097398086e-05
confirm2024,TS_K70,20240425,0.004131626009951381,0.0032907259502804103,0.0008032748075762418
confirm2024,TS_K70,20240426,0.006557285595718061,0.004575354461221773,0.001956958274618
confirm2024,TS_K70,20240429,-0.0030790072743555226,-0.0026369240619371222,-0.0004686160461414417
confirm2024,TS_K70,20240430,0.0016644676099069333,0.0010578764616332695,0.0006457712250877139
confirm2024,TS_K70,20240506,0.002386545252584477,0.0016284237183589755,0.0007524444015080194
confirm2024,TS_K70,20240507,-0.001841307730991934,-0.0011581958701654361,-0.0006449405777420167
confirm2024,TS_K70,20240508,0.003989095761040321,0.0036582289900376277,0.00031320524706254945
confirm2024,TS_K70,20240509,-0.0005326802698491975,0.0004057659634063568,-0.0009772969661490378
confirm2024,TS_K70,20240510,-0.002355670070211008,-0.0005952560661010191,-0.0017804214745936115
confirm2024,TS_K70,20240513,0.0021368081436512545,0.001638733905045174,0.000573931877939407
confirm2024,TS_K70,20240514,-0.0007793771659708919,-0.0007397081500259722,-3.204470329838522e-05
confirm2024,TS_K70,20240515,0.0004938915688717776,0.00047326478680416293,6.914174188621391e-05
confirm2024,TS_K70,20240516,0.0005787588918756362,0.0005767663572909721,1.6228593349989253e-05
confirm2024,TS_K70,20240517,0.000706356500704029,0.0005767748907044223,0.0001247810631122486
confirm2024,TS_K70,20240520,0.0004992727815445238,0.0011054317072221702,-0.0005800734401329517
confirm2024,TS_K70,20240521,0.005299292720338689,0.0049480824640163856,0.00039837271416401837
confirm2024,TS_K70,20240522,0.0023757844237466373,0.0030200987544398983,-0.000636474941971326
confirm2024,TS_K70,20240523,-0.0004201513961237715,0.0001753325634089247,-0.0006290710236981017
confirm2024,TS_K70,20240524,-0.00025328476008399867,-0.00018984145071656477,-7.787909289999357e-05
confirm2024,TS_K70,20240527,0.000185714589872309,0.0002713291156787572,-0.00010168484062774127
confirm2024,TS_K70,20240528,0.002635990298308047,0.0022497106415143727,0.000394806355492164
confirm2024,TS_K70,20240529,0.00220958592081796,0.0022573277536550237,-6.762107525476196e-05
confirm2024,TS_K70,20240530,0.0014895107209089214,0.0008671931629606597,0.0006350070249983182
confirm2024,TS_K70,20240531,-0.001162559464413463,-0.0004892397965659803,-0.0006552497326452952
confirm2024,TS_K70,20240603,0.0008206809340953053,0.0022437256479259688,-0.0014308153454679316
confirm2024,TS_K70,20240604,0.0034918453924345123,0.004036709830922657,-0.0005649549685518156
confirm2024,TS_K70,20240605,-0.003019564443302057,-0.0008941556260415753,-0.002132104267613175
confirm2024,TS_K70,20240606,0.001979215361012785,0.000943969324786987,0.0010269355616071053
confirm2024,TS_K70,20240607,0.006172415520546464,0.005075863557200977,0.0010999373008159666
confirm2024,TS_K70,20240611,0.0007092765104220883,-0.00037556232279989957,0.0010843408204784086
confirm2024,TS_K70,20240612,0.0032777419344263876,0.0029235770815278714,0.00036087882886071105
confirm2024,TS_K70,20240613,-0.0012324232385559487,-0.0010287869252678815,-0.00018914134598950816
confirm2024,TS_K70,20240614,0.0029951154053181337,0.0029897812374626645,-1.4813551154790029e-06
confirm2024,TS_K70,20240617,-0.0007170975851834172,-0.0013645722045212976,0.0006277710902739511
confirm2024,TS_K70,20240618,-0.0015003036608229993,-0.0013447948129619407,-0.00020037828175640534
confirm2024,TS_K70,20240619,-0.0007422496707402901,-0.00018835251250641022,-0.000546403893988846
confirm2024,TS_K70,20240620,-0.00013514841909202072,-3.0423906132802598e-05,-0.00014014421779939964
confirm2024,TS_K70,20240621,-0.0024663649776305724,-0.0008517788954601923,-0.0016145860821703858
confirm2024,TS_K70,20240624,-0.005535249504302562,-0.005401349207108283,-0.00013390029719427833
confirm2024,TS_K70,20240625,0.0038386026321977386,0.0020876884743421887,0.0017234781401105038
confirm2024,TS_K70,20240626,-0.00038021211013433004,0.0003014256914769777,-0.0006441736503704439
confirm2024,TS_K70,20240627,0.0004414344277529382,0.00039653531752891673,2.215652218554091e-05
confirm2024,TS_K70,20240628,-0.0024740206683306603,-0.002355268730208361,-0.000168474285247611
confirm2024,TS_K70,20240701,-0.0009756238619449232,-0.0008586362691934222,-0.0001581259251985398
confirm2024,TS_K70,20240702,0.0035830694051729468,0.0037714809266407453,-0.00020030635502032534
confirm2024,TS_K70,20240703,0.00029663502153043364,0.0010430391358211809,-0.0006826506402050577
confirm2024,TS_K70,20240704,0.0035530128222811316,0.002746762709819982,0.0007131255084349217
confirm2024,TS_K70,20240705,-0.0018247696270523653,-0.001032733822741697,-0.0007877995773591276
confirm2024,TS_K70,20240708,0.0015721998369425186,0.0013480676389234876,0.00017606821407534324
confirm2024,TS_K70,20240709,0.0020951144379462022,0.0019375305722538238,2.4402950110374085e-05
confirm2024,TS_K70,20240710,0.0038804774221887044,0.0028474861870431308,0.0009356294978922756
confirm2024,TS_K70,20240711,0.0014468180784129368,0.0015270540318727953,-0.00021488248393514156
confirm2024,TS_K70,20240712,-0.002368864936336954,-0.0014054507074857145,-0.0010413163618834874
confirm2024,TS_K70,20240715,0.0038038927354236353,0.0036351975772060214,0.00011220906266849421
confirm2024,TS_K70,20240716,0.001247355506116243,0.0019469794429947235,-0.0007619712099504712
confirm2024,TS_K70,20240717,0.0002799003480940511,0.0007272402164729771,-0.0005033848747220632
confirm2024,TS_K70,20240718,0.004153559225875462,0.0036122715689191824,0.0004082711225714483
confirm2024,TS_K70,20240719,0.002114071736092726,0.0014744179877956985,0.0005837201659319437
confirm2024,TS_K70,20240722,-0.0036712313096933825,-0.0030247762974151505,-0.0006821062150411868
confirm2024,TS_K70,20240723,-0.0010730758913380812,-0.0003023034450535876,-0.0008222573176277792
confirm2024,TS_K70,20240724,0.0016629643875199105,0.001437044725098503,0.00017291681061695836
confirm2024,TS_K70,20240725,0.0007146303767986417,-4.868703493378593e-05,0.0006989596023328996
confirm2024,TS_K70,20240726,-0.001410538162714437,-0.0011543081408426179,-0.00028501875926051844
confirm2024,TS_K70,20240729,0.0006332486939663448,0.0005934826517756443,6.0327213905307834e-05
confirm2024,TS_K70,20240730,0.004998565774337639,0.003864619495812973,0.00108062800842476
confirm2024,TS_K70,20240731,-0.0005909361105482893,-0.0007973062575383424,0.0001394797392008439
confirm2024,TS_K70,20240801,-0.00012948000313305584,0.00033744233299160025,-0.00041241832890951617
confirm2024,TS_K70,20240802,-0.0012194244373946034,-0.00036844280213594,-0.0008735588423412959
confirm2024,TS_K70,20240805,0.0035173014938238156,0.0023817651681932415,0.0011252311267453262
confirm2024,TS_K70,20240806,0.0023128691267780242,0.0022257442293984347,6.365842755755889e-05
confirm2024,TS_K70,20240807,-0.0030170623143889923,-0.0026156899226623793,-0.0004923802749681378
confirm2024,TS_K70,20240808,0.001978311751305497,0.0020407799020288045,-0.00010549754342442839
confirm2024,TS_K70,20240809,-0.0003050039894976382,-1.7415564917433153e-05,-0.0003137998130336727
confirm2024,TS_K70,20240812,0.0006041744175192395,0.0004472776602997626,0.00010151667355484524
confirm2024,TS_K70,20240813,-0.0025940848853762185,-0.0025011924626602133,-0.00011556550944226707
confirm2024,TS_K70,20240814,-0.0010832617764912067,-0.0013017642899234368,0.0002052755064218889
confirm2024,TS_K70,20240815,0.0020865672623175363,0.0017967187811046513,0.0002715108760744904
confirm2024,TS_K70,20240816,-0.0024440360292606552,-0.0021567057910065373,-0.0003262523120573583
confirm2024,TS_K70,20240819,4.8689057406074016e-05,0.0005675785702629339,-0.00048368973597988954
confirm2024,TS_K70,20240820,0.0017703135003057468,0.0012741791806216397,0.0004898561187355115
confirm2024,TS_K70,20240821,-0.00045626082054241006,8.987724510696357e-05,-0.0005735712183018998
confirm2024,TS_K70,20240822,-0.0007862789217817903,-0.0006807008041797135,-8.758433386824876e-05
confirm2024,TS_K70,20240823,-0.0017369688978635962,-0.0023574787074901902,0.0006099616739979519
confirm2024,TS_K70,20240826,-0.0010523527325910689,-0.0003795242143036652,-0.000667132907236766
confirm2024,TS_K70,20240827,0.0019056310186521437,0.001220669073318524,0.0007051332217982755
confirm2024,TS_K70,20240828,0.0054857756027855385,0.004055323394699578,0.0014508977748509397
confirm2024,TS_K70,20240829,0.002408393399706839,0.0014089590718348657,0.0009669321806174822
confirm2024,TS_K70,20240830,-0.0033015316597051533,-0.0027456496499100344,-0.0006197652023502949
confirm2024,TS_K70,20240902,0.004630964639787783,0.0034450956818631176,0.0011983584546860864
confirm2024,TS_K70,20240903,0.001443622825470948,0.0013382045002974673,7.819888427265274e-05
confirm2024,TS_K70,20240904,0.001663245942320984,0.001210640767733016,0.0004408614750137747
confirm2024,TS_K70,20240905,-0.0025767999640368758,-0.0014059394640234825,-0.0011761114646557415
confirm2024,TS_K70,20240906,-0.0005265598597560218,-0.0010347595219335121,0.00047567321712599445
confirm2024,TS_K70,20240909,0.0016509472821850035,0.0006998590338775884,0.0009351789673039641
confirm2024,TS_K70,20240910,0.0042501924911658075,0.003718064010226109,0.0005105161687893181
confirm2024,TS_K70,20240911,-0.0016693164960440788,-0.001291357287447593,-0.0004158919067756876
confirm2024,TS_K70,20240912,-0.0022330742785692317,-0.001377858291044698,-0.0008875283263638788
confirm2024,TS_K70,20240913,-0.0019678732877747834,-0.0013963575238087839,-0.00055123738886246
confirm2024,TS_K70,20240918,-0.0006250375358455053,-0.0010493580859320375,0.0003854560104566526
confirm2024,TS_K70,20240919,-0.001083947698632386,-0.0010523304161389336,-5.336901452177137e-05
confirm2024,TS_K70,20240920,-0.000566910947298993,-0.0005445122867873845,-2.458658663290889e-05
confirm2024,TS_K70,20240923,0.003960431170327572,0.004206636734508331,-0.000247636889691673
confirm2024,TS_K70,20240924,-0.0013475786794772873,-0.0011864281660080383,-0.00016454106999328331
confirm2024,TS_K70,20240925,0.0016367665304893447,0.0015368832175167353,7.714861137676122e-05
confirm2024,TS_K70,20240926,0.011916157364902445,0.009852772830946932,0.0021137074319158566
confirm2024,TS_K70,20240927,0.02038544067342024,0.016755164938282923,0.003737723236070846
confirm2024,TS_K70,20240930,0.030707505347346467,0.018528273096598175,0.01217923225074828
confirm2024,TS_K70,20241008,-0.004216970840422607,0.0018124592001369678,-0.006029430040559583
confirm2024,TS_K70,20241009,0.006665396396091663,0.006508582488412196,5.089650958486132e-05
confirm2024,TS_K70,20241010,0.0025868329295945514,0.003269140982244352,-0.000746675190414614
confirm2024,TS_K70,20241011,-0.0027899284418270442,-0.0028181503909390946,0.0001193260848088236
confirm2024,TS_K70,20241014,0.0007962868460089558,0.0008968625862516677,-7.952412250954378e-05
confirm2024,TS_K70,20241015,-0.0015001356153421372,-0.0015800046383050706,2.8347111824071072e-05
confirm2024,TS_K70,20241016,0.0008364293259495968,0.0009570705915631866,-0.00014373017078455285
confirm2024,TS_K70,20241017,-0.0003276070655460865,0.00011385255560496195,-0.0004350513159582903
confirm2024,TS_K70,20241018,-0.001427840193667167,-0.0007749627313843309,-0.0006730731944977703
confirm2024,TS_K70,20241021,0.003679066450017747,0.0028563564854725493,0.0008414494614245754
confirm2024,TS_K70,20241022,0.0014455569103769533,0.0010260669006564738,0.00037530921486937847
confirm2024,TS_K70,20241023,0.0003109340446359613,-0.00010062698867770929,0.0003787411488799352
confirm2024,TS_K70,20241024,-0.0014296314353131959,-0.001391585781741342,-5.606788681483617e-05
confirm2024,TS_K70,20241025,-0.00602094118673923,-0.006159208541785586,0.00011389774272628633
confirm2024,TS_K70,20241028,0.0027932156363707807,0.0026369866024000413,0.00012616675697467862
confirm2024,TS_K70,20241029,-0.00025315677754493104,-0.00031717643071625754,5.279338988883159e-06
confirm2024,TS_K70,20241030,-0.006603926496346145,-0.005955736276113467,-0.0006621175678357243
confirm2024,TS_K70,20241031,0.007707370855137102,0.004551662742525651,0.0031741076267211153
confirm2024,TS_K70,20241101,0.0026113261818034306,0.002484874159339443,8.2973753482388e-05
confirm2024,TS_K70,20241104,-0.003757131770700573,-0.0020843092628586887,-0.0015882935583752798
confirm2024,TS_K70,20241105,0.00044507353299564137,0.00040086039543472756,2.1002119634320825e-05
confirm2024,TS_K70,20241106,-0.0037737457408650137,-0.003982190983796961,0.00014751786283722452
confirm2024,TS_K70,20241107,0.0010874338366560858,0.0018784143711159705,-0.0007491253768304061
confirm2024,TS_K70,20241108,0.0007369518048347054,0.0017085495758716119,-0.0009052393660773318
confirm2024,TS_K70,20241111,0.002818062329000147,0.002046895745513351,0.0007690685170845528
confirm2024,TS_K70,20241112,0.0020546689250811115,0.0020682167386223598,0.00010522193579742936
confirm2024,TS_K70,20241113,0.0035844685799180723,0.0025654892887996216,0.000970090972439652
confirm2024,TS_K70,20241114,0.002248607577024841,0.0010658784142565589,0.0011279797753195185
confirm2024,TS_K70,20241115,0.0006258100398096843,-0.0020352709162212573,0.0026914850881651345
confirm2024,TS_K70,20241118,0.0014775026153445586,0.0026347281733359144,-0.0011953051418512168
confirm2024,TS_K70,20241119,-0.004236605924141535,-0.0035392931377758795,-0.0007037876475990601
confirm2024,TS_K70,20241120,0.0005447105492621313,0.00033888324226872364,0.00020450905063725526
confirm2024,TS_K70,20241121,-0.00046615138787992755,-0.0010917472029890443,0.0006216566989365888
confirm2024,TS_K70,20241122,-0.0007215747612624081,-0.0007759112548509533,-1.1118221888577402e-05
confirm2024,TS_K70,20241125,0.0013627258711169394,0.0007143865532141789,0.0006603642507141794
confirm2024,TS_K70,20241126,0.0021824034301109983,0.0028712351844635527,-0.000735618309049739
confirm2024,TS_K70,20241127,-0.002562351197693241,-0.0026382356182649796,6.89637915870543e-05
confirm2024,TS_K70,20241128,0.0012843039834371673,0.0018293474961352534,-0.0005845539584527176
confirm2024,TS_K70,20241129,-0.0021675799672037158,-0.0014023884677694357,-0.0007864405984339969
confirm2024,TS_K70,20241202,0.0007367255186097794,0.0005249008750205245,0.0001935440738653254
confirm2024,TS_K70,20241203,0.0009819908887164896,0.00042081238666412575,0.0005074926066842579
confirm2024,TS_K70,20241204,-0.0019387373634081832,-0.000868339988544341,-0.0010504538178233431
confirm2024,TS_K70,20241205,-0.0017970534176613567,-0.002237787922060134,0.0004220179482864892
confirm2024,TS_K70,20241206,0.0027105563454669856,0.002377168504051761,0.00038377381008320615
confirm2024,TS_K70,20241209,-0.001165063559996701,-0.00042039555069132376,-0.0007692561414861438
confirm2024,TS_K70,20241210,-0.0019531074218234641,-0.0018051654912076061,-0.00018668022555310052
confirm2024,TS_K70,20241211,-0.00035624835148520204,-0.0004328974033862142,5.3091705837292684e-05
confirm2024,TS_K70,20241212,0.0008520647888222432,0.000662602298667482,0.00017991145651157788
confirm2024,TS_K70,20241213,0.000833441964650977,-0.00031273418510262334,0.0011848304925225327
confirm2024,TS_K70,20241216,0.008105459200475954,0.006073046038136544,0.002050621189887832
confirm2024,TS_K70,20241217,0.0007566337692920984,0.0010632705846596615,-0.0003381709970100707
confirm2024,TS_K70,20241218,0.0027700773307152296,0.0032262341602271186,-0.0004876712647271896
confirm2024,TS_K70,20241219,-0.000713171526169426,0.0004234586355379025,-0.0011383094992165515
confirm2024,TS_K70,20241220,0.007805233010406296,0.004863653121294504,0.0029407668874524982
confirm2024,TS_K70,20241223,0.0036596679337618405,0.00306029883172016,0.0006143772735871568
confirm2024,TS_K70,20241224,0.005006658039331346,0.003377014216982052,0.0016253654452236743
confirm2024,TS_K70,20241225,0.00035980572389400153,0.0017725538824407937,-0.0014026668101326293
confirm2024,TS_K70,20241226,-0.0022854667694384694,-0.0025041109990261022,0.0002022283795270896
confirm2024,TS_K70,20241227,0.0014840191647475399,0.0004642975888721095,0.00097857691516487
confirm2024,TS_K70,20241230,0.0026586265500676137,0.001138090228143257,0.0015421129199125166
confirm2024,TS_K70,20241231,0.00016192526375344643,0.0008173591046443467,-0.0006721847458921349
