model,fold,year,layer,pool,cohort,period_type,days,n_mean,n_labels_mean,label_coverage_mean,mean_ret_mean,excess_mean,weight_mean,ret_contribution_mean,excess_contribution_mean,mean_raw_rank_mean,invalid_quote_n_mean,first_day_mean,month_mean,quarter_mean,annual_excess,positive_excess_days,period_days,annual_ret_contribution,annual_excess_contribution,month,quarter
T030,wf2021,2021,raw,return,entered,year,242,297.71487603305786,297.71487603305786,1.0,0.0026022992711277,0.0019671743602571,0.7575566024354606,0.0020062055415896,0.0014851401020483,0.9407054427848842,0.0,0.0,202106.63636363635,20212.53305785124,0.4957279387848033,0.731404958677686,243,0.5034832870300607,0.3727151604251721,,
T030,wf2021,2021,raw,return,initial,year,1,372.0,372.0,1.0,0.001649705002043,0.0032756753592927,1.0,0.001649705002043,0.0032756753592927,0.93260434732339,0.0,1.0,202101.0,20211.0,0.8254701905417604,1.0,243,0.0017108051873038,0.0033969966688961,,
T030,wf2021,2021,raw,return,retained,year,242,95.1694214876033,95.1694214876033,1.0,0.0029766266267513,0.0023415017158807,0.2424433975645395,0.0006963686252907,0.0005823091539614,0.9472094505417018,0.0,0.0,202106.63636363635,20212.53305785124,0.5900584324019529,0.6942148760330579,243,0.1747627335174132,0.146138030638624,,
T030,wf2021,2021,raw,turn,entered,year,242,349.43388429752065,349.2892561983471,0.9995870476669516,0.0026047383698873,0.0019696134590167,0.7656048897751897,,,0.9335759906608242,0.0,0.0,202106.63636363635,20212.53305785124,0.4963425916722132,0.7479338842975206,243,,,,
T030,wf2021,2021,raw,turn,initial,year,1,451.0,451.0,1.0,0.0025279009491624,0.004153871306412,1.0,,,0.9239548911618148,0.0,1.0,202101.0,20211.0,1.0467755692158442,1.0,243,,,,
T030,wf2021,2021,raw,turn,retained,year,242,107.01652892561984,106.96280991735536,0.9994523125833712,0.0028780559990829,0.0022429310882123,0.2343951102248103,,,0.9411587371856794,0.0,0.0,202106.63636363635,20212.53305785124,0.5652186342295147,0.6818181818181818,243,,,,
T030,wf2021,2021,raw,return,entered,month,19,267.42105263157896,267.42105263157896,1.0,-0.0026917725263401,0.0016191476736969,0.707639870193713,-0.0020270465899798,0.0010560262269652,0.9424469674790484,0.0,0.0,,20211.0,0.4080252137716391,0.5263157894736842,20,-0.4852749536411742,0.2528126787354795,202101.0,
T030,wf2021,2021,raw,return,entered,month,15,279.2,279.2,1.0,0.0051920169613179,0.0021470483264751,0.7346978644127385,0.0042429045908061,0.0016667875956305,0.942860015477234,0.0,0.0,,20211.0,0.5410561782717271,0.6666666666666666,15,1.0692119568831402,0.4200304740988969,202102.0,
T030,wf2021,2021,raw,return,entered,month,23,286.39130434782606,286.39130434782606,1.0,0.0023614943647383,0.0024993341922875,0.7486050122382532,0.0016154304739954,0.0018524002657374,0.9424444988617228,0.0,0.0,,20211.0,0.629832216456452,0.782608695652174,23,0.4070884794468594,0.4668048669658489,202103.0,
T030,wf2021,2021,raw,return,entered,month,21,299.04761904761904,299.04761904761904,1.0,0.0021998037537558,0.0022009481002976,0.7763895092420965,0.0017423779803556,0.0017013150813114,0.9430175091929212,0.0,0.0,,20212.0,0.5546389212750161,0.8095238095238095,21,0.4390792510496338,0.4287314004904751,202104.0,
T030,wf2021,2021,raw,return,entered,month,18,299.44444444444446,299.44444444444446,1.0,0.0051563669444272,0.0020920624559559,0.7726261994728943,0.0039098340007792,0.0016041308584871,0.9407188232257344,0.0,0.0,,20212.0,0.5271997389009058,0.7777777777777778,18,0.9852781681963586,0.4042409763387677,202105.0,
T030,wf2021,2021,raw,return,entered,month,21,299.1428571428572,299.1428571428572,1.0,0.0024684656493462,0.0025143851335173,0.7658038931732521,0.0017812514722819,0.0018933190020786,0.9400231308053004,0.0,0.0,,20212.0,0.6336250536463628,0.8095238095238095,21,0.4488753710150533,0.4771163885238178,202106.0,
T030,wf2021,2021,raw,return,entered,month,22,299.8636363636364,299.8636363636364,1.0,0.0041544999744637,0.0034235558373121,0.7603323828068599,0.0033816868753149,0.0026237756371559,0.9409145077993984,0.0,0.0,,20213.0,0.8627360710026637,0.8636363636363636,22,0.8521850925793761,0.6611914605632927,202107.0,
T030,wf2021,2021,raw,return,entered,month,22,296.3181818181818,296.3181818181818,1.0,0.0027232407933939,0.0011466277577551,0.7466680219258162,0.0020544658782776,0.000903297142864,0.9385627765660184,0.0,0.0,,20213.0,0.288950194954289,0.6818181818181818,22,0.5177254013259628,0.2276308800017462,202108.0,
T030,wf2021,2021,raw,return,entered,month,20,310.95,310.95,1.0,0.0021521302547564,0.0021655656188754,0.778411194288998,0.0019813887001753,0.0017187055615717,0.9396273247540672,0.0,0.0,,20213.0,0.5457225359566094,0.75,20,0.4993099524441877,0.4331138015160881,202109.0,
T030,wf2021,2021,raw,return,entered,month,16,286.6875,286.6875,1.0,0.0001674972712701,0.0019034362118528,0.7094032452937307,-0.0001946397830817,0.0012547314766952,0.941935455292636,0.0,0.0,,20214.0,0.4796659253869189,0.6875,16,-0.0490492253366102,0.3161923321272139,202110.0,
T030,wf2021,2021,raw,return,entered,month,22,317.3181818181818,317.3181818181818,1.0,0.0057255173145042,0.0017046975912992,0.7835110123849837,0.0044364604155459,0.0013520208174446,0.9395492514997396,0.0,0.0,,20214.0,0.4295837930073987,0.8181818181818182,22,1.1179880247175735,0.3407092459960542,202111.0,
T030,wf2021,2021,raw,return,entered,month,23,318.95652173913044,318.95652173913044,1.0,0.0015157815257557,0.0003090946990308,0.7844303034664092,0.0010927347302464,0.0002426452665303,0.9376613582190896,0.0,0.0,,20214.0,0.0778918641557857,0.5652173913043478,23,0.2753691520221056,0.0611466071656544,202112.0,
T030,wf2021,2021,raw,return,initial,month,1,372.0,372.0,1.0,0.001649705002043,0.0032756753592927,1.0,0.001649705002043,0.0032756753592927,0.93260434732339,0.0,1.0,,20211.0,0.8254701905417604,1.0,20,0.0207862830257423,0.041273509527088,202101.0,
T030,wf2021,2021,raw,return,retained,month,19,110.52631578947368,110.52631578947368,1.0,-0.0005471794548773,0.0037637407451598,0.292360129806287,8.974585864597801e-05,0.001317593241738,0.948709287800914,0.0,0.0,,20211.0,0.948462667780272,0.7894736842105263,20,0.0214851585598471,0.3154318220720783,202101.0,
T030,wf2021,2021,raw,return,retained,month,15,100.86666666666666,100.86666666666666,1.0,0.0055623025993312,0.0025173339644884,0.2653021355872615,0.0008416521496201,0.0003728005099528,0.9486614040482394,0.0,0.0,,20211.0,0.6343681590510774,0.5333333333333333,15,0.2120963417042694,0.0939457285081216,202102.0,
T030,wf2021,2021,raw,return,retained,month,23,96.17391304347828,96.17391304347828,1.0,0.0030615611367887,0.0031994009643378,0.2513949877617469,0.0009533133891779,0.0008541834249851,0.9511079621144042,0.0,0.0,,20211.0,0.806249043013143,0.6521739130434783,23,0.2402349740728556,0.2152542230962555,202103.0,
T030,wf2021,2021,raw,return,retained,month,21,86.14285714285714,86.14285714285714,1.0,0.0022764826298607,0.0022776269764025,0.2236104907579034,0.0004655681331386,0.0005077753787247,0.9490236163640924,0.0,0.0,,20212.0,0.5739619980534496,0.7142857142857143,21,0.1173231695509426,0.1279593954386351,202104.0,
T030,wf2021,2021,raw,return,retained,month,18,88.11111111111111,88.11111111111111,1.0,0.0074808685788219,0.0044165640903507,0.2273738005271058,0.0017940458283331,0.0010354444821539,0.9472259442250508,0.0,0.0,,20212.0,1.1129741507683817,1.0,18,0.4520995487399656,0.2609320095027967,202105.0,
T030,wf2021,2021,raw,return,retained,month,21,91.52380952380952,91.52380952380952,1.0,0.0034083798088406,0.0034542992930117,0.2341961068267479,0.0009597452241111,0.0008935971784854,0.946728637998525,0.0,0.0,,20212.0,0.8704834218389568,0.7619047619047619,21,0.2418557964760056,0.2251864889783451,202106.0,
T030,wf2021,2021,raw,return,retained,month,22,94.5909090909091,94.5909090909091,1.0,0.0032566079456293,0.0025256638084777,0.2396676171931401,0.0005496176170556,0.000576584718063,0.9471441289800296,0.0,0.0,,20213.0,0.6364672797363957,0.7727272727272727,22,0.1385036394980201,0.1452993489518926,202107.0,
T030,wf2021,2021,raw,return,retained,month,22,100.5,100.5,1.0,0.0027981222483113,0.0012215092126725,0.2533319780741838,0.0007605789509288,0.0003351346507035,0.944909168662619,0.0,0.0,,20213.0,0.3078203215934715,0.6363636363636364,22,0.1916658956340721,0.0844539319773041,202108.0,
T030,wf2021,2021,raw,return,retained,month,20,88.55,88.55,1.0,-0.0001290801288845,-0.0001156447647655,0.2215888057110019,-0.0003395099139428,-6.339141122022742e-05,0.9445771656639662,0.0,0.0,,20213.0,-0.029142480720926,0.45,20,-0.0855564983135867,-0.0159746356274973,202109.0,
T030,wf2021,2021,raw,return,retained,month,16,117.5,117.5,1.0,-0.0007974223631055,0.0009385165774771,0.2905967547062693,0.0001072525151737,0.0003938201959793,0.94997736342893,0.0,0.0,,20214.0,0.2365061775242482,0.625,16,0.0270276338237739,0.0992426893867849,202110.0,
T030,wf2021,2021,raw,return,retained,month,22,87.68181818181819,87.68181818181819,1.0,0.0059334372838249,0.0019126175606199,0.2164889876150164,0.0012686178482564,0.0003322377231526,0.9446264127995132,0.0,0.0,,20214.0,0.4819796252762156,0.6818181818181818,22,0.3196916977606137,0.083723906234456,202111.0,
T030,wf2021,2021,raw,return,retained,month,23,87.69565217391305,87.69565217391305,1.0,0.0032370668880609,0.0020303800613361,0.2155696965335908,0.0007991687511837,0.000442571388175,0.9449916207819116,0.0,0.0,,20214.0,0.5116557754567088,0.6956521739130435,23,0.2013905252983168,0.1115279898201068,202112.0,
T030,wf2021,2021,raw,turn,entered,month,19,328.89473684210526,328.7368421052632,0.9995484016365024,-0.0025021896973371,0.0018087305026999,0.7204701078477492,,,0.9334065720697206,0.0,0.0,,20211.0,0.4558000866803852,0.5789473684210527,20,,,202101.0,
T030,wf2021,2021,raw,turn,entered,month,15,339.2,339.06666666666666,0.9995747359679612,0.0052619314556579,0.002216962820815,0.7440186497851866,,,0.9341916546071564,0.0,0.0,,20211.0,0.5586746308454048,0.6666666666666666,15,,,202102.0,
T030,wf2021,2021,raw,turn,entered,month,23,347.3478260869565,347.2608695652174,0.9997524776808598,0.0022280029578659,0.0023658427854151,0.7603732760502746,,,0.9341067256902336,0.0,0.0,,20211.0,0.5961923819246188,0.782608695652174,23,,,202103.0,
T030,wf2021,2021,raw,turn,entered,month,21,358.3809523809524,358.04761904761904,0.9990713608866522,0.002173622909415,0.0021747672559568,0.7840491518280672,,,0.9350842138153614,0.0,0.0,,20212.0,0.548041348501132,0.8571428571428571,21,,,202104.0,
T030,wf2021,2021,raw,turn,entered,month,18,356.6666666666667,356.6111111111111,0.9998403575989784,0.0049448480639813,0.00188054357551,0.782067415759403,,,0.9329702682977156,0.0,0.0,,20212.0,0.47389698102853,0.7777777777777778,18,,,202105.0,
T030,wf2021,2021,raw,turn,entered,month,21,352.3333333333333,352.04761904761904,0.99917972120863,0.002216038673296,0.002261958157467,0.7721395377037931,,,0.9328200934268006,0.0,0.0,,20212.0,0.5700134556816987,0.7619047619047619,21,,,202106.0,
T030,wf2021,2021,raw,turn,entered,month,22,350.22727272727275,350.1818181818182,0.99987012987013,0.0040946994453285,0.0033637553081769,0.7665324929209144,,,0.9340132572912814,0.0,0.0,,20213.0,0.8476663376605807,0.9090909090909092,22,,,202107.0,
T030,wf2021,2021,raw,turn,entered,month,22,344.3636363636364,344.1818181818182,0.9994756837595088,0.0029669829691035,0.0013903699334647,0.7557923127661378,,,0.9318843295663268,0.0,0.0,,20213.0,0.3503732232331142,0.6363636363636364,22,,,202108.0,
T030,wf2021,2021,raw,turn,entered,month,20,358.1,357.95,0.999574189858314,0.0020052941857611,0.0020187295498801,0.785008691704523,,,0.9332397546414214,0.0,0.0,,20213.0,0.5087198465698043,0.75,20,,,202109.0,
T030,wf2021,2021,raw,turn,entered,month,16,330.1875,330.1875,1.0,0.0001486998641137,0.0018846388046964,0.7210067437283684,,,0.9356284412895276,0.0,0.0,,20214.0,0.4749289787834957,0.6875,16,,,202110.0,
T030,wf2021,2021,raw,turn,entered,month,22,359.72727272727275,359.6363636363636,0.9997455650022704,0.0057875365295051,0.0017667168063001,0.7884413592618483,,,0.933852922357428,0.0,0.0,,20214.0,0.4452126351876262,0.8636363636363636,22,,,202111.0,
T030,wf2021,2021,raw,turn,entered,month,23,358.7826086956522,358.60869565217394,0.9995141126208152,0.0017981388347867,0.0005914520080619,0.7873162110476553,,,0.9323703792598296,0.0,0.0,,20214.0,0.1490459060316039,0.6521739130434783,23,,,202112.0,
T030,wf2021,2021,raw,turn,initial,month,1,451.0,451.0,1.0,0.0025279009491624,0.004153871306412,1.0,,,0.9239548911618148,0.0,1.0,,20211.0,1.0467755692158442,1.0,20,,,202101.0,
T030,wf2021,2021,raw,turn,retained,month,19,127.63157894736842,127.63157894736842,1.0,-0.0007775350303253,0.0035333851697117,0.2795298921522507,,,0.9413125774251462,0.0,0.0,,20211.0,0.8904130627673611,0.7368421052631579,20,,,202101.0,
T030,wf2021,2021,raw,turn,retained,month,15,116.8,116.73333333333332,0.9994301994301994,0.0056550350447027,0.0026100664098598,0.2559813502148134,,,0.940976842461677,0.0,0.0,,20211.0,0.6577367352846895,0.5333333333333333,15,,,202102.0,
T030,wf2021,2021,raw,turn,retained,month,23,109.47826086956522,109.43478260869566,0.99960830395613,0.0028864454847662,0.0030242853123154,0.2396267239497252,,,0.944071751005323,0.0,0.0,,20211.0,0.7621198987034878,0.6521739130434783,23,,,202103.0,
T030,wf2021,2021,raw,turn,retained,month,21,98.71428571428572,98.47619047619048,0.9974554938254372,0.0020046806126325,0.0020058249591743,0.2159508481719329,,,0.9423597809914696,0.0,0.0,,20212.0,0.5054678897119312,0.6190476190476191,21,,,202104.0,
T030,wf2021,2021,raw,turn,retained,month,18,99.38888888888889,99.38888888888889,1.0,0.0069541333517879,0.0038898288633167,0.217932584240597,,,0.941056612643962,0.0,0.0,,20212.0,0.980236873555816,1.0,18,,,202105.0,
T030,wf2021,2021,raw,turn,retained,month,21,104.0,103.95238095238096,0.9995670995670995,0.0034459759441608,0.0034918954283318,0.2278604622962068,,,0.9402136283144628,0.0,0.0,,20212.0,0.879957647939628,0.8571428571428571,21,,,202106.0,
T030,wf2021,2021,raw,turn,retained,month,22,106.72727272727272,106.6818181818182,0.9994949494949494,0.0033593497995953,0.0026284056624437,0.2334675070790857,,,0.9409554413655544,0.0,0.0,,20213.0,0.6623582269358254,0.7727272727272727,22,,,202107.0,
T030,wf2021,2021,raw,turn,retained,month,22,111.27272727272728,111.22727272727272,0.9994834710743802,0.0028609168000425,0.0012843037644037,0.2442076872338622,,,0.9396259162208608,0.0,0.0,,20213.0,0.3236445486297427,0.6363636363636364,22,,,202108.0,
T030,wf2021,2021,raw,turn,retained,month,20,98.1,98.0,0.9990563530037214,-0.0003009186398678,-0.0002874832757488,0.214991308295477,,,0.9393855281451844,0.0,0.0,,20213.0,-0.072445785488717,0.45,20,,,202109.0,
T030,wf2021,2021,raw,turn,retained,month,16,127.8125,127.8125,1.0,-0.0006578171813395,0.0010781217592431,0.2789932562716316,,,0.9453676844684265,0.0,0.0,,20214.0,0.2716866833292735,0.625,16,,,202110.0,
T030,wf2021,2021,raw,turn,retained,month,22,96.54545454545456,96.54545454545456,1.0,0.0056293557190286,0.0016085359958235,0.2115586407381518,,,0.9396987331880328,0.0,0.0,,20214.0,0.4053510709475438,0.6363636363636364,22,,,202111.0,
T030,wf2021,2021,raw,turn,retained,month,23,96.95652173913044,96.91304347826087,0.9995169082125605,0.0033157614868425,0.0021090746601177,0.2126837889523445,,,0.9397546253633362,0.0,0.0,,20214.0,0.5314868143496605,0.6521739130434783,23,,,202112.0,
T030,wf2021,2021,raw,return,entered,quarter,57,278.17543859649123,278.17543859649123,1.0,0.0014219464352331,0.0021132318792979,0.7312901891465164,0.0010927120097257,0.0015380968133115,0.9425546682119306,0.0,0.0,202102.0701754386,,0.532534433583078,0.6666666666666666,58,0.2706157811672652,0.3809176314897857,,20211.0
T030,wf2021,2021,raw,return,entered,quarter,60,299.2,299.2,1.0,0.0031808043744139,0.002277985368622,0.7715555506872402,0.0024062205086569,0.0017393611867326,0.941279870967098,0.0,0.0,202105.0,,0.5740523128927544,0.8,60,0.606367568181548,0.4383190190566329,,20212.0
T030,wf2021,2021,raw,return,entered,quarter,64,302.109375,302.109375,1.0,0.0030367640935624,0.0022477398667029,0.7612848873421694,0.0024878614778522,0.001749526756123,0.939703855486258,0.0,0.0,202107.96875,,0.566430446409143,0.765625,64,0.6269410924187689,0.4408807425430097,,20213.0
T030,wf2021,2021,raw,return,entered,quarter,61,309.9016393442623,309.9016393442623,1.0,0.0026803985631442,0.0012306148274744,0.7644195274901106,0.001960996580465,0.0009082131596902,0.939463312405172,0.0,0.0,202111.11475409835,,0.31011493652355,0.6885245901639344,61,0.4941711382772014,0.2288697162419453,,20214.0
T030,wf2021,2021,raw,return,initial,quarter,1,372.0,372.0,1.0,0.001649705002043,0.0032756753592927,1.0,0.001649705002043,0.0032756753592927,0.93260434732339,0.0,1.0,202101.0,,0.8254701905417604,1.0,58,0.0071676838019801,0.0142322446645131,,20211.0
T030,wf2021,2021,raw,return,retained,quarter,57,102.19298245614036,102.19298245614036,1.0,0.0025167374647971,0.0032080229088619,0.2687098108534834,0.0006360730089415,0.0008819736494205,0.949664572939864,0.0,0.0,202102.0701754386,,0.8084217730332214,0.6666666666666666,58,0.1575267706971838,0.218425336211677,,20211.0
T030,wf2021,2021,raw,return,retained,quarter,60,88.61666666666666,88.61666666666666,1.0,0.0042339624271921,0.0033311434214002,0.2284444493127597,0.0010370734235373,0.0008011137396697,0.947681072294431,0.0,0.0,202105.0,,0.8394481421928569,0.8166666666666667,60,0.2613425027314216,0.2018806623967821,,20212.0
T030,wf2021,2021,raw,return,retained,quarter,64,94.734375,94.734375,1.0,0.0020409759638906,0.0012519517370311,0.2387151126578306,0.0003442832221375,0.0002935937170072,0.9455736853346498,0.0,0.0,202107.96875,,0.3154918377318524,0.625,64,0.0867593719786608,0.0739856166858184,,20213.0
T030,wf2021,2021,raw,return,retained,quarter,61,95.50819672131148,95.50819672131148,1.0,0.0031513016534403,0.0017015179177705,0.2355804725098895,0.0007869920357647,0.0003899917208697,0.9461676422038708,0.0,0.0,202111.11475409835,,0.4287825152781806,0.6721311475409836,61,0.1983219930127077,0.0982779136591647,,20214.0
T030,wf2021,2021,raw,turn,entered,quarter,57,339.05263157894734,338.9298245614035,0.9996376781977674,0.0014496743090593,0.0021409597531241,0.7427683709656377,,,0.933895690865042,0.0,0.0,202102.0701754386,,0.539521857787274,0.6842105263157895,58,,,,20211.0
T030,wf2021,2021,raw,turn,entered,quarter,60,355.75,355.51666666666665,0.9993399860130424,0.0030198359731432,0.0021170169673513,0.7792862660639721,,,0.9336575880240716,0.0,0.0,202105.0,,0.5334882757725496,0.8,60,,,,20212.0
T030,wf2021,2021,raw,turn,entered,quarter,64,350.671875,350.546875,0.9996420577659116,0.0030541077630114,0.0022650835361518,0.7686143681125875,,,0.933039718807747,0.0,0.0,202107.96875,,0.5708010511102715,0.765625,64,,,,20213.0
T030,wf2021,2021,raw,turn,entered,quarter,61,351.62295081967216,351.5245901639344,0.9997250331201426,0.0028042982733611,0.0013545145376912,0.7703293550411578,,,0.9337596405815072,0.0,0.0,202111.11475409835,,0.3413376634982066,0.7377049180327869,61,,,,20214.0
T030,wf2021,2021,raw,turn,initial,quarter,1,451.0,451.0,1.0,0.0025279009491624,0.004153871306412,1.0,,,0.9239548911618148,0.0,1.0,202101.0,,1.0467755692158442,1.0,58,,,,20211.0
T030,wf2021,2021,raw,turn,retained,quarter,57,117.4561403508772,117.42105263157896,0.9996919996919996,0.0023936948463856,0.0030849802904504,0.2572316290343622,,,0.9423375768618484,0.0,0.0,202102.0701754386,,0.777415033193516,0.6491228070175439,58,,,,20211.0
T030,wf2021,2021,raw,turn,retained,quarter,60,100.76666666666668,100.66666666666669,0.998957907687388,0.003993969800414,0.0030911507946221,0.220713733936028,,,0.941217677050265,0.0,0.0,202105.0,,0.7789700002447904,0.8166666666666667,60,,,,20212.0
T030,wf2021,2021,raw,turn,retained,quarter,64,105.59375,105.53125,0.99935394238437,0.0020441795686668,0.0012551553418073,0.2313856318874124,,,0.9400078192157006,0.0,0.0,202107.96875,,0.3162991461354399,0.625,64,,,,20213.0
T030,wf2021,2021,raw,turn,retained,quarter,61,104.90163934426228,104.88524590163937,0.9998178506375228,0.0031079223789274,0.0016581386432576,0.2296706449588421,,,0.9412067453276766,0.0,0.0,202111.11475409835,,0.4178509381009267,0.639344262295082,61,,,,20214.0
T030,wf2021,2021,band,return,entered,year,242,5.37603305785124,5.37603305785124,1.0,0.0014249791466949,0.0010331161441706,0.0137152112444857,3.743267206674754e-05,3.057533423219767e-05,0.9875515516673508,0.0,0.0,202106.63636363635,20212.53305785124,0.2603452683310103,0.5045454545454545,243,0.0093942142934919,0.0076732764724952,,
T030,wf2021,2021,band,return,initial,year,1,372.0,372.0,1.0,0.001649705002043,0.0032756753592927,1.0,0.001649705002043,0.0032756753592927,0.93260434732339,0.0,1.0,202101.0,20211.0,0.8254701905417604,1.0,243,0.0017108051873038,0.0033969966688961,,
T030,wf2021,2021,band,return,retained,year,242,387.5082644628099,387.5082644628099,1.0,0.0015187624878877,0.0008836375770171,0.9862847887555144,0.0014995435569078,0.0008712759838718,0.5765447240882144,0.0,0.0,202106.63636363635,20212.53305785124,0.222676669408311,0.6033057851239669,243,0.3763298941336246,0.2186580024709434,,
T030,wf2021,2021,band,turn,entered,year,242,5.384297520661157,5.37603305785124,0.9975757575757576,0.0014249791466949,0.0010331161441706,0.011793400180174,,,0.9875523010971324,0.0,0.0,202106.63636363635,20212.53305785124,0.2603452683310103,0.5045454545454545,243,,,,
T030,wf2021,2021,band,turn,initial,year,1,451.0,451.0,1.0,0.0025279009491624,0.004153871306412,1.0,,,0.9239548911618148,0.0,1.0,202101.0,20211.0,1.0467755692158442,1.0,243,,,,
T030,wf2021,2021,band,turn,retained,year,242,451.06611570247935,450.404958677686,0.9985349043794368,0.001097834982157,0.0004627100712864,0.988206599819826,,,0.5058969148087805,0.5082644628099173,0.0,202106.63636363635,20212.53305785124,0.1166029379641784,0.5702479338842975,243,,,,
T030,wf2021,2021,band,return,entered,month,19,7.684210526315789,7.684210526315789,1.0,0.0036092906536299,0.0073070638415328,0.0203586064006933,4.90643843863662e-05,0.0001296178204937,0.9872405575640344,0.0,0.0,,20211.0,1.841380088066285,0.6666666666666666,20,0.011746013622096,0.0310305062262119,202101.0,
T030,wf2021,2021,band,return,entered,month,15,6.066666666666666,6.066666666666666,1.0,0.000817348799944,-0.0022276198348987,0.0159679139148414,-2.184275884809078e-05,-3.810796580729543e-05,0.989931327613048,0.0,0.0,,20211.0,-0.5613601983944831,0.4,15,-0.0055043752297188,-0.0096032073834384,202102.0,
T030,wf2021,2021,band,return,entered,month,23,4.956521739130435,4.956521739130435,1.0,-0.0050923454640074,-0.0049718999565459,0.0129402764424881,1.5672757629529966e-05,-5.410929444827284e-06,0.989405412105105,0.0,0.0,,20211.0,-1.2529187890495723,0.4761904761904761,23,0.0039495349226415,-0.0013635542200964,202103.0,
T030,wf2021,2021,band,return,entered,month,21,4.238095238095238,4.238095238095238,1.0,-0.0004265058219625,-0.0006580289385,0.0110178673299558,3.7556632939617e-05,2.0998379427844085e-05,0.9887802698429938,0.0,0.0,,20212.0,-0.1658232925020158,0.4444444444444444,21,0.0094642715007834,0.0052915916158167,202104.0,
T030,wf2021,2021,band,return,entered,month,18,4.666666666666667,4.666666666666667,1.0,0.0042409692909141,0.0009214266285487,0.0120219297663257,9.241493025715612e-05,3.985844378719646e-05,0.9876515064807286,0.0,0.0,,20212.0,0.2321995103942852,0.4117647058823529,18,0.0232885624248033,0.0100443278343735,202105.0,
T030,wf2021,2021,band,return,entered,month,21,5.190476190476191,5.190476190476191,1.0,0.0032922347174589,0.0033381542016299,0.0132760223360534,6.371940989332648e-05,6.336319196352973e-05,0.9860044863823664,0.0,0.0,,20212.0,0.8412148588107585,0.5714285714285714,21,0.0160572912931182,0.0159675243748094,202106.0,
T030,wf2021,2021,band,return,entered,month,22,6.409090909090909,6.409090909090909,1.0,0.0065366519744819,0.0075023932390273,0.0162595288106646,0.0001365972279189,0.0001265225239832,0.9864201446104672,0.0,0.0,,20213.0,1.8906030962348837,0.65,22,0.0344225014355821,0.0318836760437732,202107.0,
T030,wf2021,2021,band,return,entered,month,22,6.545454545454546,6.545454545454546,1.0,-0.0016633981129203,-0.0029965217032678,0.0164939913811185,-3.4466488523397684e-05,-5.341342974823448e-05,0.9857265779714848,0.0,0.0,,20213.0,-0.7551234692234874,0.3684210526315789,22,-0.0086855551078962,-0.013460184296555,202108.0,
T030,wf2021,2021,band,return,entered,month,20,5.5,5.5,1.0,0.0006592435507582,0.0010573876802321,0.0137541634522753,9.455097914074531e-06,1.7062505594224392e-05,0.9864058970077116,0.0,0.0,,20213.0,0.2664616954185043,0.625,20,0.0023826846743467,0.0042997514097445,202109.0,
T030,wf2021,2021,band,return,entered,month,16,3.75,3.75,1.0,-0.0043918109228243,-0.0016444061558129,0.0092774724349943,-6.951452143700696e-06,1.0182075568026276e-05,0.991693804403482,0.0,0.0,,20214.0,-0.4143903512648736,0.4285714285714285,16,-0.0017517659402125,0.0025658830431426,202110.0,
T030,wf2021,2021,band,return,entered,month,22,5.045454545454546,5.045454545454546,1.0,0.0061787277534618,0.0026938352577606,0.0124495457794932,7.350678969542176e-05,1.8732886077980428e-05,0.9866884792626728,0.0,0.0,,20214.0,0.6788464849556879,0.45,22,0.0185237110032462,0.004720687291651,202111.0,
T030,wf2021,2021,band,return,entered,month,23,4.434782608695652,4.434782608695652,1.0,0.001804063177605,0.0008940216608733,0.0108941667173467,1.5716577649965065e-05,2.6905707995812504e-05,0.9863394289615488,0.0,0.0,,20214.0,0.2252934585400906,0.5238095238095238,23,0.0039605775677911,0.0067802384149447,202112.0,
T030,wf2021,2021,band,return,initial,month,1,372.0,372.0,1.0,0.001649705002043,0.0032756753592927,1.0,0.001649705002043,0.0032756753592927,0.93260434732339,0.0,1.0,,20211.0,0.8254701905417604,1.0,20,0.0207862830257423,0.041273509527088,202101.0,
T030,wf2021,2021,band,return,retained,month,19,370.2631578947368,370.2631578947368,1.0,-0.0030267336166916,0.0012841865833454,0.9796413935993068,-0.0029810093664698,0.0012493573974598,0.6354842819746577,0.0,0.0,,20211.0,0.3236150190030515,0.631578947368421,20,-0.7136536423328768,0.2990961609518923,202101.0,
T030,wf2021,2021,band,return,retained,month,15,374.0,374.0,1.0,0.0035717331140997,0.0005267644792568,0.9840320860851588,0.0035502792167137,0.0005215757888301,0.6396050712598252,0.0,0.0,,20211.0,0.1327446487727344,0.5333333333333333,15,0.8946703626118574,0.131437098785186,202102.0,
T030,wf2021,2021,band,return,retained,month,23,377.60869565217394,377.60869565217394,1.0,0.0009440283228989,0.0010818681504481,0.987059723557512,0.0009105704478137,0.0010694939624372,0.5864300738711108,0.0,0.0,,20211.0,0.2726307739129292,0.5652173913043478,23,0.2294637528490548,0.2695124785341823,202103.0,
T030,wf2021,2021,band,return,retained,month,21,380.95238095238096,380.95238095238096,1.0,0.0006753343177344,0.0006764786642762,0.9889821326700444,0.0006459259495369,0.0006636285495904,0.5487327548478588,0.0,0.0,,20212.0,0.170472623397614,0.5714285714285714,21,0.1627733392833022,0.1672343944968027,202104.0,
T030,wf2021,2021,band,return,retained,month,18,382.8888888888889,382.8888888888889,1.0,0.0044227094962193,0.001358405007748,0.9879780702336745,0.0043549847011673,0.001343236699166,0.5663389775772718,0.0,0.0,,20212.0,0.3423180619525112,0.6666666666666666,18,1.0974561446941629,0.3384956481898331,202105.0,
T030,wf2021,2021,band,return,retained,month,21,385.4761904761905,385.4761904761905,1.0,0.001250460084893,0.0012963795690641,0.9867239776639468,0.0012344322892037,0.0012807079913046,0.577038282633651,0.0,0.0,,20212.0,0.3266876514041644,0.6666666666666666,21,0.3110769368793481,0.3227384138087608,202106.0,
T030,wf2021,2021,band,return,retained,month,22,388.04545454545456,388.04545454545456,1.0,0.0020807076408168,0.0013497635036652,0.9837404711893356,0.002048050017339,0.0013271805841231,0.5842728128920527,0.0,0.0,,20213.0,0.3401404029236405,0.5454545454545454,22,0.5161086043694368,0.3344495071990346,202107.0,
T030,wf2021,2021,band,return,retained,month,22,390.27272727272725,390.27272727272725,1.0,0.0016304509749279,5.3837939289110426e-05,0.9835060086188816,0.0016152146906889,5.754859627493216e-05,0.5879662079034587,0.0,0.0,,20213.0,0.0135671607008558,0.4090909090909091,22,0.4070341020536085,0.0145022462612829,202108.0,
T030,wf2021,2021,band,return,retained,month,20,394.0,394.0,1.0,0.0006701135177363,0.0006835488818553,0.9862458365477248,0.000667010165712,0.0006728381221508,0.5598340525022995,0.0,0.0,,20213.0,0.1722543182275383,0.65,20,0.1680865617594346,0.1695552067820266,202109.0,
T030,wf2021,2021,band,return,retained,month,16,400.4375,400.4375,1.0,-0.0006896049972913,0.0010463339432913,0.9907225275650056,-0.0006825181534248,0.0010362872594461,0.565011512934261,0.0,0.0,,20214.0,0.2636761537094206,0.6875,16,-0.1719945746630568,0.2611443893804231,202110.0,
T030,wf2021,2021,band,return,retained,month,22,399.95454545454544,399.95454545454544,1.0,0.0055321709479882,0.0015113512247832,0.987550454220507,0.005459835720259,0.0014937899006714,0.5568168590671975,0.0,0.0,,20214.0,0.3808605086453695,0.8636363636363636,22,1.3758786015052795,0.3764350549691979,202111.0,
T030,wf2021,2021,band,return,retained,month,23,402.2173913043478,402.2173913043478,1.0,0.0010429355852382,-0.0001637512414865,0.9891058332826532,0.0010576539246909,-0.0001602220323797,0.5328811350617445,0.0,0.0,,20214.0,-0.0412653128546164,0.4782608695652174,23,0.2665287890221166,-0.0403759521596982,202112.0,
T030,wf2021,2021,band,turn,entered,month,19,7.684210526315789,7.684210526315789,1.0,0.0036092906536299,0.0073070638415328,0.0168496905415135,,,0.9872405575640344,0.0,0.0,,20211.0,1.841380088066285,0.6666666666666666,20,,,202101.0,
T030,wf2021,2021,band,turn,entered,month,15,6.066666666666666,6.066666666666666,1.0,0.000817348799944,-0.0022276198348987,0.0133102688644535,,,0.989931327613048,0.0,0.0,,20211.0,-0.5613601983944831,0.4,15,,,202102.0,
T030,wf2021,2021,band,turn,entered,month,23,4.956521739130435,4.956521739130435,1.0,-0.0050923454640074,-0.0049718999565459,0.0108388172370865,,,0.989405412105105,0.0,0.0,,20211.0,-1.2529187890495723,0.4761904761904761,23,,,202103.0,
T030,wf2021,2021,band,turn,entered,month,21,4.333333333333333,4.238095238095238,0.9703703703703704,-0.0004265058219625,-0.0006580289385,0.0094864478847198,,,0.9887894295403256,0.0,0.0,,20212.0,-0.1658232925020158,0.4444444444444444,21,,,202104.0,
T030,wf2021,2021,band,turn,entered,month,18,4.666666666666667,4.666666666666667,1.0,0.0042409692909141,0.0009214266285487,0.010216994150488,,,0.9876515064807286,0.0,0.0,,20212.0,0.2321995103942852,0.4117647058823529,18,,,202105.0,
T030,wf2021,2021,band,turn,entered,month,21,5.190476190476191,5.190476190476191,1.0,0.0032922347174589,0.0033381542016299,0.0113699168984458,,,0.9860044863823664,0.0,0.0,,20212.0,0.8412148588107585,0.5714285714285714,21,,,202106.0,
T030,wf2021,2021,band,turn,entered,month,22,6.409090909090909,6.409090909090909,1.0,0.0065366519744819,0.0075023932390273,0.0140288880317275,,,0.9864201446104672,0.0,0.0,,20213.0,1.8906030962348837,0.65,22,,,202107.0,
T030,wf2021,2021,band,turn,entered,month,22,6.545454545454546,6.545454545454546,1.0,-0.0016633981129203,-0.0029965217032678,0.0143611577247653,,,0.9857265779714848,0.0,0.0,,20213.0,-0.7551234692234874,0.3684210526315789,22,,,202108.0,
T030,wf2021,2021,band,turn,entered,month,20,5.5,5.5,1.0,0.0006592435507582,0.0010573876802321,0.0120411292913283,,,0.9864058970077116,0.0,0.0,,20213.0,0.2664616954185043,0.625,20,,,202109.0,
T030,wf2021,2021,band,turn,entered,month,16,3.75,3.75,1.0,-0.0043918109228243,-0.0016444061558129,0.0081825486711347,,,0.991693804403482,0.0,0.0,,20214.0,-0.4143903512648736,0.4285714285714285,16,,,202110.0,
T030,wf2021,2021,band,turn,entered,month,22,5.045454545454546,5.045454545454546,1.0,0.0061787277534618,0.0026938352577606,0.0110523133360897,,,0.9866884792626728,0.0,0.0,,20214.0,0.6788464849556879,0.45,22,,,202111.0,
T030,wf2021,2021,band,turn,entered,month,23,4.434782608695652,4.434782608695652,1.0,0.001804063177605,0.0008940216608733,0.0097194380059461,,,0.9863394289615488,0.0,0.0,,20214.0,0.2252934585400906,0.5238095238095238,23,,,202112.0,
T030,wf2021,2021,band,turn,initial,month,1,451.0,451.0,1.0,0.0025279009491624,0.004153871306412,1.0,,,0.9239548911618148,0.0,1.0,,20211.0,1.0467755692158442,1.0,20,,,202101.0,
T030,wf2021,2021,band,turn,retained,month,19,448.8421052631579,447.7368421052632,0.997539223552376,-0.0037074921901623,0.0006034280098747,0.9831503094584866,,,0.5395824981919063,0.9473684210526316,0.0,,20211.0,0.1520638584884374,0.5263157894736842,20,,,202101.0,
T030,wf2021,2021,band,turn,retained,month,15,449.9333333333333,449.73333333333335,0.9995565220654892,0.0033376530915907,0.0002926844567478,0.9866897311355464,,,0.54561709106896,0.1333333333333333,0.0,,20211.0,0.0737564831004686,0.6,15,,,202102.0,
T030,wf2021,2021,band,turn,retained,month,23,451.8695652173913,451.8695652173913,1.0,0.0002584420716637,0.0003962818992129,0.9891611827629132,,,0.5028170207309702,0.0,0.0,,20211.0,0.0998630386016609,0.5652173913043478,23,,,202103.0,
T030,wf2021,2021,band,turn,retained,month,21,452.7619047619048,451.7142857142857,0.9976911512297664,0.0004929333022209,0.0004940776487627,0.9905135521152802,,,0.4754125157546446,0.5714285714285714,0.0,,20212.0,0.1245075674882049,0.5238095238095238,21,,,202104.0,
T030,wf2021,2021,band,turn,retained,month,18,451.3888888888889,450.55555555555554,0.9981565847735884,0.004014454378982,0.0009501498905107,0.9897830058495118,,,0.4926147869664634,0.6666666666666666,0.0,,20212.0,0.2394377724087049,0.6111111111111112,18,,,202105.0,
T030,wf2021,2021,band,turn,retained,month,21,451.1428571428572,450.0952380952381,0.9976768370963036,0.0007386122143111,0.0007845316984822,0.988630083101554,,,0.5053917378819028,0.8571428571428571,0.0,,20212.0,0.1977019880175171,0.6190476190476191,21,,,202106.0,
T030,wf2021,2021,band,turn,retained,month,22,450.54545454545456,449.5,0.9976811498486754,0.0017168896118173,0.0009859454746657,0.9859711119682724,,,0.5141859709763922,0.9090909090909092,0.0,,20213.0,0.2484582596157705,0.5,22,,,202107.0,
T030,wf2021,2021,band,turn,retained,month,22,449.09090909090907,448.4090909090909,0.998486090030493,0.0012134273069184,-0.0003631857287204,0.9856388422752348,,,0.5209215388569158,0.5,0.0,,20213.0,-0.0915228036375468,0.4090909090909091,22,,,202108.0,
T030,wf2021,2021,band,turn,retained,month,20,450.7,450.15,0.998778179582928,0.0002355259178796,0.0002489612819986,0.9879588707086718,,,0.4988961415192792,0.5,0.0,,20213.0,0.0627382430636512,0.6,20,,,202109.0,
T030,wf2021,2021,band,turn,retained,month,16,454.25,453.9375,0.9993146771709138,-0.0010318505029695,0.0007040884376131,0.9918174513288652,,,0.5059849249810844,0.25,0.0,,20214.0,0.1774302862785015,0.6875,16,,,202110.0,
T030,wf2021,2021,band,turn,retained,month,22,451.2272727272728,451.1363636363636,0.999798873692679,0.0051516892986602,0.0011308695754551,0.9889476866639104,,,0.5006070064626313,0.0454545454545454,0.0,,20214.0,0.2849791330147023,0.8181818181818182,22,,,202111.0,
T030,wf2021,2021,band,turn,retained,month,23,451.3043478260869,450.39130434782606,0.9979762858956688,0.0006948596309269,-0.0005118271957979,0.9902805619940536,,,0.4827209389075871,0.6521739130434783,0.0,,20214.0,-0.128980453341071,0.4347826086956521,23,,,202112.0,
T030,wf2021,2021,band,return,entered,quarter,57,6.157894736842105,6.157894736842105,1.0,-0.0005502183514751,-0.0001166119900621,0.016209799798474,1.6930795545592726e-05,3.0994170614762195e-05,0.9888298815658432,0.0,0.0,202102.0701754386,,-0.0293862214956505,0.5185185185185185,58,0.0041929990899464,0.0076758666674214,,20211.0
T030,wf2021,2021,band,return,entered,quarter,60,4.7,4.7,1.0,0.002384933968158,0.0013200173219028,0.0121094403130009,6.317109406867706e-05,4.1484083123139785e-05,0.9873966907388568,0.0,0.0,202105.0,,0.3326443651195088,0.4821428571428571,60,0.0159191157053066,0.0104539889470312,,20212.0
T030,wf2021,2021,band,return,entered,quarter,64,6.171875,6.171875,1.0,0.0019941158573869,0.0020005846418576,0.0155571986447615,3.80621597653786e-05,3.0463284141473865e-05,0.9861764041052896,0.0,0.0,202107.96875,,0.5041473297481361,0.5454545454545454,64,0.0095916642608754,0.0076767476036514,,20213.0
T030,wf2021,2021,band,return,entered,quarter,61,4.475409836065574,4.475409836065574,1.0,0.0018177187068982,0.0009023540700394,0.0110310721411104,3.0613236474578105e-05,1.9571606339470128e-05,0.9878292882744496,0.0,0.0,202111.11475409835,,0.2273932256499531,0.4727272727272727,61,0.0077145355915936,0.0049320447975464,,20214.0
T030,wf2021,2021,band,return,initial,quarter,1,372.0,372.0,1.0,0.001649705002043,0.0032756753592927,1.0,0.001649705002043,0.0032756753592927,0.93260434732339,0.0,1.0,202101.0,,0.8254701905417604,1.0,58,0.0071676838019801,0.0142322446645131,,20211.0
T030,wf2021,2021,band,return,retained,quarter,57,374.2105263157895,374.2105263157895,1.0,0.0003119422705443,0.0010032277146091,0.983790200201526,0.0003080373787279,0.0009852594477236,0.6167748969377442,0.0,0.0,202102.0701754386,,0.2528133840815152,0.5789473684210527,58,0.0762870501387687,0.2440045983983074,,20211.0
T030,wf2021,2021,band,return,retained,quarter,60,383.1166666666667,383.1166666666667,1.0,0.0020008408897854,0.0010980218839935,0.987890559686999,0.0019646207939094,0.001083488799063,0.5639215563917099,0.0,0.0,202105.0,,0.2767015147663759,0.6333333333333333,60,0.4950844400651765,0.2730391773638972,,20212.0
T030,wf2021,2021,band,return,retained,quarter,64,390.671875,390.671875,1.0,0.0014851212484548,0.0006960970215953,0.9844428013552384,0.0014676879201696,0.0006862625689339,0.5779053048054257,0.0,0.0,202107.96875,,0.1754164494420263,0.53125,64,0.3698573558827452,0.1729381673713675,,20213.0
T030,wf2021,2021,band,return,retained,quarter,61,400.9344262295082,400.9344262295082,1.0,0.0022075672026157,0.0007577834669459,0.9889689278588896,0.0021888874698162,0.0007501453642815,0.5499413313581415,0.0,0.0,202111.11475409835,,0.1909614336703718,0.6721311475409836,61,0.5515996423937036,0.1890366317989519,,20214.0
T030,wf2021,2021,band,turn,entered,quarter,57,6.157894736842105,6.157894736842105,1.0,-0.0005502183514751,-0.0001166119900621,0.0134928236790973,,,0.9888298815658432,0.0,0.0,202102.0701754386,,-0.0293862214956505,0.5185185185185185,58,,,,20211.0
T030,wf2021,2021,band,turn,entered,quarter,60,4.733333333333333,4.7,0.9904761904761904,0.002384933968158,0.0013200173219028,0.0103648259192544,,,0.9873996349272848,0.0,0.0,202105.0,,0.3326443651195088,0.4821428571428571,60,,,,20212.0
T030,wf2021,2021,band,turn,entered,quarter,64,6.171875,6.171875,1.0,0.0019941158573869,0.0020005846418576,0.0135219311323345,,,0.9861764041052896,0.0,0.0,202107.96875,,0.5041473297481361,0.5454545454545454,64,,,,20213.0
T030,wf2021,2021,band,turn,entered,quarter,61,4.475409836065574,4.475409836065574,1.0,0.0018177187068982,0.0009023540700394,0.0097970286273588,,,0.9878292882744496,0.0,0.0,202111.11475409835,,0.2273932256499531,0.4727272727272727,61,,,,20214.0
T030,wf2021,2021,band,turn,initial,quarter,1,451.0,451.0,1.0,0.0025279009491624,0.004153871306412,1.0,,,0.9239548911618148,0.0,1.0,202101.0,,1.0467755692158442,1.0,58,,,,20211.0
T030,wf2021,2021,band,turn,retained,quarter,57,450.35087719298247,449.9298245614035,0.9990630364645174,-0.0002532173261571,0.0004380681179076,0.9865071763209028,,,0.5263353562893497,0.3508771929824561,0.0,202102.0701754386,,0.1103931657127288,0.5614035087719298,58,,,,20211.0
T030,wf2021,2021,band,turn,retained,quarter,60,451.78333333333336,450.8,0.9978257713462012,0.0016353772444808,0.0007325582386889,0.9896351740807456,,,0.4910659248627306,0.7,0.0,202105.0,,0.1846046761496142,0.5833333333333334,60,,,,20212.0
T030,wf2021,2021,band,turn,retained,quarter,64,450.09375,449.328125,0.9983006698281292,0.0010808982901528,0.0002918740632932,0.9864780688676656,,,0.5117232507299743,0.640625,0.0,202107.96875,,0.0735522639499054,0.5,64,,,,20213.0
T030,wf2021,2021,band,turn,retained,quarter,61,452.0491803278688,451.59016393442624,0.998984666091376,0.0018493332464644,0.0003995495107946,0.9902029713726412,,,0.4952736809303236,0.3278688524590163,0.0,202111.11475409835,,0.1006864767202433,0.639344262295082,61,,,,20214.0
Y1,wf2021,2021,raw,return,entered,year,242,284.6859504132232,284.6859504132232,1.0,0.0033601950490672,0.0027250701381965,0.7243127870663639,0.0024617463119397,0.0019973713637099,0.9461736059178504,0.0,0.0,202106.63636363635,20212.53305785124,0.6867176748255394,0.7975206611570248,243,0.6178071485075473,0.5012662355740319,,
Y1,wf2021,2021,raw,return,initial,year,1,372.0,372.0,1.0,-0.0025425645153148,-0.0009165941580651,1.0,-0.0025425645153148,-0.0009165941580651,0.9352647704936986,0.0,1.0,202101.0,20211.0,-0.230981727832418,0.0,243,-0.0026367335714375,-0.0009505420898453,,
Y1,wf2021,2021,raw,return,retained,year,242,108.198347107438,108.198347107438,1.0,0.0032750594866311,0.0026399345757605,0.275687212933636,0.0008834660841567,0.0007127161215159,0.9484748338288848,0.0,0.0,202106.63636363635,20212.53305785124,0.6652635130916655,0.6735537190082644,243,0.2217172661572639,0.1788653496071014,,
Y1,wf2021,2021,raw,turn,entered,year,242,333.8181818181818,333.6942148760331,0.9996355897469354,0.003306906985926,0.0026717820750554,0.7312376309944425,,,0.9388721096245436,0.0,0.0,202106.63636363635,20212.53305785124,0.673289082913973,0.7851239669421488,243,,,,
Y1,wf2021,2021,raw,turn,initial,year,1,451.0,451.0,1.0,-0.0027673681060582,-0.0011413977488086,1.0,,,0.9266390100851156,0.0,1.0,202101.0,20211.0,-0.2876322326997748,0.0,243,,,,
Y1,wf2021,2021,raw,turn,retained,year,242,122.63223140495867,122.60330578512396,0.9997578742467256,0.0032324656400938,0.0025973407292231,0.2687623690055574,,,0.9422502692658352,0.0,0.0,202106.63636363635,20212.53305785124,0.6545298637642429,0.7024793388429752,243,,,,
Y1,wf2021,2021,raw,return,entered,month,19,259.0,259.0,1.0,-0.0026746667869261,0.0016362534131109,0.6853693363917343,-0.0018607321304014,0.0011116193786282,0.9450326361591672,0.0,0.0,,20211.0,0.4123358601039639,0.631578947368421,20,-0.4454592720181082,0.2661216792436008,202101.0,
Y1,wf2021,2021,raw,return,entered,month,15,269.6666666666667,269.6666666666667,1.0,0.007092358568016,0.0040473899331732,0.7094717570013692,0.0052813149708974,0.0029169647034729,0.9459878828977007,0.0,0.0,,20211.0,1.0199422631596573,0.8,15,1.330891372666153,0.7350751052751827,202102.0,
Y1,wf2021,2021,raw,return,entered,month,23,286.39130434782606,286.39130434782606,1.0,0.002907460620728,0.0030453004482772,0.7484749549579095,0.0022211044121118,0.0022812442091941,0.948960676698135,0.0,0.0,,20211.0,0.7674157129658564,0.8260869565217391,23,0.5597183118521903,0.5748735407169384,202103.0,
Y1,wf2021,2021,raw,return,entered,month,21,276.95238095238096,276.95238095238096,1.0,0.0035062621130135,0.0035074064595553,0.718730485328634,0.0025881842138621,0.0026459172686737,0.9485932870404508,0.0,0.0,,20212.0,0.8838664278079466,0.9047619047619048,21,0.6522224218932623,0.6667711517057947,202104.0,
Y1,wf2021,2021,raw,return,entered,month,18,270.6111111111111,270.6111111111111,1.0,0.0051857949219652,0.002121490433494,0.6983102897434504,0.0036275753636702,0.0014675890868233,0.9461575479719104,0.0,0.0,,20212.0,0.5346155892404925,0.8333333333333334,18,0.9141489916448946,0.3698324498794884,202105.0,
Y1,wf2021,2021,raw,return,entered,month,21,282.57142857142856,282.57142857142856,1.0,0.0035368921503755,0.0035828116345466,0.7230581837016482,0.002602677779014,0.0026192278659023,0.9461354182074698,0.0,0.0,,20212.0,0.902868531905746,0.8095238095238095,21,0.6558748003115307,0.6600454222073913,202106.0,
Y1,wf2021,2021,raw,return,entered,month,22,286.5,286.5,1.0,0.003393867272775,0.0026629231356233,0.7261589052199091,0.0026124184632408,0.0020358540619938,0.9456463179250238,0.0,0.0,,20213.0,0.6710566301770905,0.7727272727272727,22,0.6583294527366902,0.5130352236224593,202107.0,
Y1,wf2021,2021,raw,return,entered,month,22,297.54545454545456,297.54545454545456,1.0,0.0047392723256872,0.0031626592900484,0.7496523211468005,0.0035796458966945,0.0024229394624292,0.945299307617547,0.0,0.0,,20213.0,0.7969901410922142,0.8636363636363636,22,0.9020707659670336,0.6105807445321791,202108.0,
Y1,wf2021,2021,raw,return,entered,month,20,297.7,297.7,1.0,0.0038286298311028,0.0038420651952218,0.7450565318350544,0.002499121913872,0.0027704965708292,0.9445359828037888,0.0,0.0,,20213.0,0.9682004291959032,0.8,20,0.6297787222957536,0.698165135848983,202109.0,
Y1,wf2021,2021,raw,return,entered,month,16,298.3125,298.3125,1.0,-0.0002681239770177,0.0014678149635649,0.738030113103618,-0.0001544085174591,0.0011179968149568,0.945246083684142,0.0,0.0,,20214.0,0.3698893708183699,0.625,16,-0.0389109463997047,0.2817351973691317,202110.0,
Y1,wf2021,2021,raw,return,entered,month,22,286.90909090909093,286.90909090909093,1.0,0.0056894435024577,0.0016686237792527,0.7083049324636858,0.0041263143813175,0.0011392637207096,0.9469692477183642,0.0,0.0,,20214.0,0.4204931923716841,0.8181818181818182,22,1.039831224092034,0.2870944576188338,202111.0,
Y1,wf2021,2021,raw,return,entered,month,23,297.0434782608696,297.0434782608696,1.0,0.0031782134214048,0.00197152659468,0.730320067561694,0.0022595956183865,0.00141653144446,0.944937211178679,0.0,0.0,,20214.0,0.4968247018593707,0.8260869565217391,23,0.5694180958334019,0.3569659240039372,202112.0,
Y1,wf2021,2021,raw,return,initial,month,1,372.0,372.0,1.0,-0.0025425645153148,-0.0009165941580651,1.0,-0.0025425645153148,-0.0009165941580651,0.9352647704936986,0.0,1.0,,20211.0,-0.230981727832418,0.0,20,-0.0320363128929665,-0.0115490863916208,202101.0,
Y1,wf2021,2021,raw,return,retained,month,19,118.94736842105264,118.94736842105264,1.0,-0.0003682495646951,0.0039426706353419,0.3146306636082658,6.172370630239781e-05,0.0014002923973098,0.9516707663283738,0.0,0.0,,20211.0,0.9935530001061654,0.5789473684210527,20,0.014776655288794,0.3352299999159701,202101.0,
Y1,wf2021,2021,raw,return,retained,month,15,110.4,110.4,1.0,0.0075080319708779,0.0044630633360351,0.2905282429986308,0.0017426654153443,0.001062047047926,0.9512975526107256,0.0,0.0,,20211.0,1.1246919606808587,0.7333333333333333,15,0.4391516846667768,0.2676358560773565,202102.0,
Y1,wf2021,2021,raw,return,retained,month,23,96.17391304347828,96.17391304347828,1.0,0.0038642868815252,0.0040021267090743,0.2515250450420905,0.0009067441424283,0.0009844441728951,0.9491734578318692,0.0,0.0,,20211.0,1.00853593068674,0.6956521739130435,23,0.2284995238919486,0.2480799315695901,202103.0,
Y1,wf2021,2021,raw,return,retained,month,21,108.23809523809524,108.23809523809524,1.0,0.0020346059633113,0.0020357503098531,0.2812695146713659,0.0005469872571758,0.000490398548906,0.949981630875117,0.0,0.0,,20212.0,0.5130090780829925,0.7142857142857143,21,0.1378407888083219,0.1235804343243233,202104.0,
Y1,wf2021,2021,raw,return,retained,month,18,116.94444444444444,116.94444444444444,1.0,0.0041894006625231,0.0011250961740519,0.3016897102565494,0.0012648320118359,0.0003605138002115,0.947794615668091,0.0,0.0,,20212.0,0.2835242358610831,0.6666666666666666,18,0.318737666982668,0.0908494776533147,202105.0,
Y1,wf2021,2021,raw,return,retained,month,21,108.0952380952381,108.0952380952381,1.0,0.003520220737712,0.003566140221883,0.276941816298352,0.0008812970299841,0.0009106664272668,0.9475454211794436,0.0,0.0,,20212.0,0.898667335914531,0.7619047619047619,21,0.2220868515560085,0.2294879396712517,202106.0,
Y1,wf2021,2021,raw,return,retained,month,22,107.95454545454544,107.95454545454544,1.0,0.002857745748161,0.0021268016110094,0.2738410947800908,0.0008060208039272,0.0006516410680225,0.9484313580473306,0.0,0.0,,20213.0,0.5359540059743764,0.5909090909090909,22,0.2031172425896743,0.1642135491416943,202107.0,
Y1,wf2021,2021,raw,return,retained,month,22,99.27272727272728,99.27272727272728,1.0,0.0044479091701772,0.0028712961345384,0.2503476788531995,0.001115616958666,0.0006957103572924,0.9444367374282828,0.0,0.0,,20213.0,0.7235666259036875,0.6363636363636364,22,0.2811354735838342,0.1753190100377039,202108.0,
Y1,wf2021,2021,raw,return,retained,month,20,101.8,101.8,1.0,0.003324901880706,0.003338337244825,0.2549434681649457,0.0010626059534141,0.0008046666605758,0.9468644490148485,0.0,0.0,,20213.0,0.8412609856959039,0.75,20,0.2677767002603659,0.2027759984651262,202109.0,
Y1,wf2021,2021,raw,return,retained,month,16,105.875,105.875,1.0,-0.0012031260430969,0.0005328128974857,0.2619698868963819,-0.0002809984053117,0.0001825352028549,0.9530600012778668,0.0,0.0,,20214.0,0.1342688501664019,0.5,16,-0.0708115981385506,0.0459988711194481,202110.0,
Y1,wf2021,2021,raw,return,retained,month,22,118.0909090909091,118.0909090909091,1.0,0.0047142616205588,0.0006934418973537,0.2916950675363142,0.0013454895945383,0.0003117205319411,0.9469323209270925,0.0,0.0,,20214.0,0.1747473581331529,0.5909090909090909,22,0.3390633778236529,0.0785535740491761,202111.0,
Y1,wf2021,2021,raw,return,retained,month,23,109.6086956521739,109.6086956521739,1.0,0.0041006653142823,0.0028939784875574,0.2696799324383062,0.0010537849024595,0.0006901622496611,0.9468905682731894,0.0,0.0,,20214.0,0.7292825788644889,0.8260869565217391,23,0.2655537954198161,0.1739208869146195,202112.0,
Y1,wf2021,2021,raw,turn,entered,month,19,321.10526315789474,321.05263157894734,0.9998600223964168,-0.0026230357354293,0.0016878844646077,0.7034268457572491,,,0.935649151527418,0.0,0.0,,20211.0,0.425346885081164,0.631578947368421,20,,,202101.0,
Y1,wf2021,2021,raw,turn,entered,month,15,329.8,329.6666666666667,0.9995497737556562,0.0069799038627694,0.0039349352279266,0.723307656069307,,,0.937042350715087,0.0,0.0,,20211.0,0.991603677437515,0.8666666666666667,15,,,202102.0,
Y1,wf2021,2021,raw,turn,entered,month,23,344.0,343.95652173913044,0.9998649743451256,0.0027640370167416,0.0029018768442908,0.7529174732641132,,,0.9406065660972862,0.0,0.0,,20211.0,0.731272964761294,0.7391304347826086,23,,,202103.0,
Y1,wf2021,2021,raw,turn,entered,month,21,330.6190476190476,330.0952380952381,0.9984582696934992,0.0032521666071093,0.0032533109536511,0.7231417794439506,,,0.9405436834017216,0.0,0.0,,20212.0,0.8198343603200868,0.8571428571428571,21,,,202104.0,
Y1,wf2021,2021,raw,turn,entered,month,18,322.6666666666667,322.55555555555554,0.9996589348127428,0.0052491819163848,0.0021848774279135,0.7074847143596324,,,0.9381755241716868,0.0,0.0,,20212.0,0.5505891118342262,0.7777777777777778,18,,,202105.0,
Y1,wf2021,2021,raw,turn,entered,month,21,334.1428571428572,334.04761904761904,0.9997376867944244,0.0034147769257635,0.0034606964099346,0.7320759974416478,,,0.9383868504093305,0.0,0.0,,20212.0,0.8720954953035237,0.8095238095238095,21,,,202106.0,
Y1,wf2021,2021,raw,turn,entered,month,22,335.59090909090907,335.45454545454544,0.999605906697349,0.0032854273657131,0.0025544832285615,0.7342111386347153,,,0.9383785045674332,0.0,0.0,,20213.0,0.6437297735975105,0.7272727272727273,22,,,202107.0,
Y1,wf2021,2021,raw,turn,entered,month,22,343.77272727272725,343.77272727272725,1.0,0.0047267891021948,0.003150176066556,0.7543425762996843,,,0.9385241725142758,0.0,0.0,,20213.0,0.7938443687721186,0.8181818181818182,22,,,202108.0,
Y1,wf2021,2021,raw,turn,entered,month,20,342.55,342.45,0.9996913580246914,0.0039058254721692,0.0039192608362882,0.7507992969774369,,,0.9380669526469536,0.0,0.0,,20213.0,0.987653730744638,0.8,20,,,202109.0,
Y1,wf2021,2021,raw,turn,entered,month,16,340.375,340.25,0.9996408045977012,-0.0002498570741592,0.0014860818664234,0.7431510614773912,,,0.9393066221471948,0.0,0.0,,20214.0,0.3744926303386987,0.6875,16,,,202110.0,
Y1,wf2021,2021,raw,turn,entered,month,22,324.8181818181818,324.6818181818182,0.99961347286761,0.0054689502002405,0.0014481304770355,0.711725761154231,,,0.9411071365055724,0.0,0.0,,20214.0,0.3649288802129525,0.8181818181818182,22,,,202111.0,
Y1,wf2021,2021,raw,turn,entered,month,23,333.3478260869565,333.30434782608694,0.9998890860692105,0.0033322699390999,0.0021255831123751,0.7313404493454488,,,0.939520383383388,0.0,0.0,,20214.0,0.5356469443185313,0.8695652173913043,23,,,202112.0,
Y1,wf2021,2021,raw,turn,initial,month,1,451.0,451.0,1.0,-0.0027673681060582,-0.0011413977488086,1.0,,,0.9266390100851156,0.0,1.0,,20211.0,-0.2876322326997748,0.0,20,,,202101.0,
Y1,wf2021,2021,raw,turn,retained,month,19,135.42105263157896,135.42105263157896,1.0,-0.0006981468868595,0.0036127733131776,0.2965731542427508,,,0.9448373451277424,0.0,0.0,,20211.0,0.9104188749207552,0.5789473684210527,20,,,202101.0,
Y1,wf2021,2021,raw,turn,retained,month,15,126.2,126.06666666666666,0.9990121288623018,0.007209186007032,0.0041642173721892,0.2766923439306929,,,0.9442158670812212,0.0,0.0,,20211.0,1.0493827777916858,0.8,15,,,202102.0,
Y1,wf2021,2021,raw,turn,retained,month,23,112.82608695652172,112.82608695652172,1.0,0.0037722347843618,0.003910074611911,0.2470825267358868,,,0.9416680307478914,0.0,0.0,,20211.0,0.9853388022015874,0.7391304347826086,23,,,202103.0,
Y1,wf2021,2021,raw,turn,retained,month,21,126.47619047619048,126.33333333333331,0.9986564096043402,0.0021149279785117,0.0021160723250535,0.2768582205560494,,,0.9425192108120152,0.0,0.0,,20212.0,0.5332502259135001,0.7619047619047619,21,,,202104.0,
Y1,wf2021,2021,raw,turn,retained,month,18,133.38888888888889,133.33333333333334,0.9995083579154376,0.0041702399012854,0.0011059354128142,0.2925152856403675,,,0.9415398597807184,0.0,0.0,,20212.0,0.2786957240291821,0.6666666666666666,18,,,202105.0,
Y1,wf2021,2021,raw,turn,retained,month,21,122.1904761904762,122.1904761904762,1.0,0.0032949125019316,0.0033408319861026,0.2679240025583523,,,0.9413330454805808,0.0,0.0,,20212.0,0.8418896604978685,0.7619047619047619,21,,,202106.0,
Y1,wf2021,2021,raw,turn,retained,month,22,121.36363636363636,121.36363636363636,1.0,0.0029748778294429,0.0022439336922912,0.2657888613652846,,,0.942501503382147,0.0,0.0,,20213.0,0.5654712904574032,0.6363636363636364,22,,,202107.0,
Y1,wf2021,2021,raw,turn,retained,month,22,111.86363636363636,111.86363636363636,1.0,0.0045785007792498,0.003001887743611,0.2456574237003157,,,0.9388764207262792,0.0,0.0,,20213.0,0.7564757113899796,0.6363636363636364,22,,,202108.0,
Y1,wf2021,2021,raw,turn,retained,month,20,113.65,113.65,1.0,0.0031648620672771,0.0031782974313961,0.2492007030225632,,,0.9413904653822012,0.0,0.0,,20213.0,0.8009309527118215,0.75,20,,,202109.0,
Y1,wf2021,2021,raw,turn,retained,month,16,117.625,117.5625,0.9995805369127516,-0.00100254418905,0.0007333947515326,0.2568489385226088,,,0.9475042621318802,0.0,0.0,,20214.0,0.1848154773862305,0.625,16,,,202110.0,
Y1,wf2021,2021,raw,turn,retained,month,22,131.45454545454547,131.45454545454547,1.0,0.0046580024430642,0.0006371827198591,0.2882742388457689,,,0.9416434366659456,0.0,0.0,,20214.0,0.1605700454045049,0.6363636363636364,22,,,202111.0,
Y1,wf2021,2021,raw,turn,retained,month,23,122.3913043478261,122.3913043478261,1.0,0.0041758434711035,0.0029691566443787,0.268659550654551,,,0.9412213301955402,0.0,0.0,,20214.0,0.7482274743834347,0.8260869565217391,23,,,202112.0,
Y1,wf2021,2021,raw,return,entered,quarter,57,272.859649122807,272.859649122807,1.0,0.0021480404183401,0.0028393258624049,0.717175749306937,0.0016658107993755,0.0020586641325876,0.9468690156938034,0.0,0.0,202102.0701754386,,0.7155101173260504,0.7543859649122807,58,0.4125466607281122,0.509838820698092,,20211.0
Y1,wf2021,2021,raw,return,entered,quarter,60,277.01666666666665,277.01666666666665,1.0,0.0040208424687757,0.0031180234629838,0.714119121083634,0.0029050743066077,0.0022830775231486,0.9470023112283452,0.0,0.0,202105.0,,0.7857419126719402,0.85,60,0.732078725265146,0.5753355358334616,,20212.0
Y1,wf2021,2021,raw,return,entered,quarter,64,293.796875,293.796875,1.0,0.003992213559191,0.0032031893323315,0.7401402752620109,0.0029094977218128,0.0023984904524046,0.9451800534064428,0.0,0.0,202107.96875,,0.8072037117475434,0.8125,64,0.7331934258968279,0.6044195940059643,,20213.0
Y1,wf2021,2021,raw,return,entered,quarter,61,293.72131147540983,293.72131147540983,1.0,0.0031799456084278,0.001730161872758,0.7244024897996383,0.0022996570382382,0.0012382290838935,0.9457510925550804,0.0,0.0,202111.11475409835,,0.4360007919350245,0.7704918032786885,61,0.579513573636028,0.312033729141164,,20214.0
Y1,wf2021,2021,raw,return,initial,quarter,1,372.0,372.0,1.0,-0.0025425645153148,-0.0009165941580651,1.0,-0.0025425645153148,-0.0009165941580651,0.9352647704936986,0.0,1.0,202101.0,,-0.230981727832418,0.0,58,-0.0110470044458505,-0.0039824435833175,,20211.0
Y1,wf2021,2021,raw,return,retained,quarter,57,107.50877192982456,107.50877192982456,1.0,0.0034123216861235,0.0041036071301883,0.2828242506930631,0.000845049946066,0.0011434820569187,0.950564866307596,0.0,0.0,202102.0701754386,,1.034108996807457,0.6666666666666666,58,0.2092809900912474,0.2831892459582814,,20211.0
Y1,wf2021,2021,raw,return,retained,quarter,60,110.8,110.8,1.0,0.0032010095441151,0.0022981905383232,0.285880878916366,0.0008793491040568,0.0005985268817239,0.9484728529195235,0.0,0.0,202105.0,,0.5791440156574581,0.7166666666666667,60,0.221595974222316,0.1508287741944457,,20212.0
Y1,wf2021,2021,raw,return,retained,quarter,64,103.046875,103.046875,1.0,0.0035503507158994,0.0027613264890398,0.2598597247379891,0.0009926273413333,0.000714610383882,0.9465685481368824,0.0,0.0,202107.96875,,0.6958542752380542,0.65625,64,0.2501420900160079,0.1800818167382701,,20213.0
Y1,wf2021,2021,raw,return,retained,quarter,61,111.68852459016394,111.68852459016394,1.0,0.0029308039539547,0.0014810202182848,0.2755975102003618,0.0008088827762528,0.0004205269949277,0.9485238385430372,0.0,0.0,202111.11475409835,,0.3732170950077875,0.6557377049180327,61,0.2038384596157266,0.1059728027217917,,20214.0
Y1,wf2021,2021,raw,turn,entered,quarter,57,332.63157894736844,332.56140350877195,0.9997803761720112,0.0020777847430428,0.0027690701871076,0.728628540271964,,,0.9380161431576284,0.0,0.0,202102.0701754386,,0.6978056871511334,0.7368421052631579,58,,,,20211.0
Y1,wf2021,2021,raw,turn,entered,quarter,60,329.46666666666664,329.21666666666664,0.999266265214596,0.0039081848114209,0.003005365805629,0.7215716362178491,,,0.939078344085374,0.0,0.0,202105.0,,0.7573521830185315,0.8166666666666667,60,,,,20212.0
Y1,wf2021,2021,raw,turn,entered,quarter,64,340.578125,340.5,0.9997680798099298,0.0039747698708962,0.0031857456440367,0.7463151198141489,,,0.9383312179490104,0.0,0.0,202107.96875,,0.8028079022972595,0.78125,64,,,,20213.0
Y1,wf2021,2021,raw,turn,entered,quarter,61,332.11475409836066,332.0163934426229,0.9997245615777456,0.0031633016363613,0.0017135179006915,0.727364164983224,,,0.940036586480256,0.0,0.0,202111.11475409835,,0.4318065109742681,0.8032786885245902,61,,,,20214.0
Y1,wf2021,2021,raw,turn,initial,quarter,1,451.0,451.0,1.0,-0.0027673681060582,-0.0011413977488086,1.0,,,0.9266390100851156,0.0,1.0,202101.0,,-0.2876322326997748,0.0,58,,,,20211.0
Y1,wf2021,2021,raw,turn,retained,quarter,57,123.87719298245614,123.84210526315788,0.999740033911132,0.0031865684086925,0.0038778538527573,0.271371459728036,,,0.9433949521201216,0.0,0.0,202102.0701754386,,0.9772191708948444,0.7017543859649122,58,,,,20211.0
Y1,wf2021,2021,raw,turn,retained,quarter,60,127.05,126.98333333333332,0.9993822507361504,0.0031445161385408,0.0022416971327489,0.2784283637821509,,,0.9418102476366242,0.0,0.0,202105.0,,0.5649076774527337,0.7333333333333333,60,,,,20212.0
Y1,wf2021,2021,raw,turn,retained,quarter,64,115.6875,115.6875,1.0,0.0035854932927622,0.0027964690659027,0.2536848801858511,,,0.9409081818442092,0.0,0.0,202107.96875,,0.704710204607482,0.671875,64,,,,20213.0
Y1,wf2021,2021,raw,turn,retained,quarter,61,124.40983606557376,124.3934426229508,0.999889976895148,0.002991471255049,0.0015416875193792,0.2726358350167759,,,0.943021547463251,0.0,0.0,202111.11475409835,,0.3885052548835704,0.7049180327868853,61,,,,20214.0
Y1,wf2021,2021,band,return,entered,year,242,3.913223140495868,3.913223140495868,1.0,0.0060698160456625,0.0054415532909175,0.009960205805102,5.5035894181833847e-05,4.8101518867582816e-05,0.9929328608008612,0.0,0.0,202106.63636363635,20212.53305785124,1.371271429311211,0.6462264150943396,243,0.0138119710731891,0.0120716996980274,,
Y1,wf2021,2021,band,return,initial,year,1,372.0,372.0,1.0,-0.0025425645153148,-0.0009165941580651,1.0,-0.0025425645153148,-0.0009165941580651,0.9352647704936986,0.0,1.0,202101.0,20211.0,-0.230981727832418,0.0,243,-0.0026367335714375,-0.0009505420898453,,
Y1,wf2021,2021,band,return,retained,year,242,388.9710743801653,388.9710743801653,1.0,0.0017500233115657,0.0011148984006951,0.990039794194898,0.0017332456806429,0.0011050551450865,0.6537839306353905,0.0,0.0,202106.63636363635,20212.53305785124,0.2809543969751802,0.6776859504132231,243,0.4349804715569078,0.2773279134483916,,
Y1,wf2021,2021,band,turn,entered,year,242,3.913223140495868,3.913223140495868,1.0,0.0060698160456625,0.0054415532909175,0.0085664694253088,,,0.9929328608008612,0.0,0.0,202106.63636363635,20212.53305785124,1.371271429311211,0.6462264150943396,243,,,,
Y1,wf2021,2021,band,turn,initial,year,1,451.0,451.0,1.0,-0.0027673681060582,-0.0011413977488086,1.0,,,0.9266390100851156,0.0,1.0,202101.0,20211.0,-0.2876322326997748,0.0,243,,,,
Y1,wf2021,2021,band,turn,retained,year,242,452.5371900826447,451.8595041322314,0.9985035102966436,0.0012162691791226,0.0005811442682519,0.9914335305746912,,,0.593360320671334,0.5330578512396694,0.0,202106.63636363635,20212.53305785124,0.146448355599502,0.6157024793388429,243,,,,
Y1,wf2021,2021,band,return,entered,month,19,5.2631578947368425,5.2631578947368425,1.0,-0.0027499689956276,0.0015609512044094,0.0139304860620662,1.4487041690067257e-05,5.014853522374388e-05,0.9923066267820088,0.0,0.0,,20211.0,0.3933597035111882,0.7368421052631579,20,0.0034681977806021,0.0120055593325642,202101.0,
Y1,wf2021,2021,band,return,entered,month,15,4.466666666666667,4.466666666666667,1.0,0.0058333440938053,0.0027409620818145,0.0117451154586353,3.149565350305322e-05,7.001972578648379e-06,0.993100943603248,0.0,0.0,,20211.0,0.6907224446172678,0.4285714285714285,15,0.0079369046827694,0.0017644970898193,202102.0,
Y1,wf2021,2021,band,return,entered,month,23,3.3043478260869565,3.3043478260869565,1.0,0.0104701417340715,0.0097755819710519,0.0086240637082625,5.99371689074702e-05,4.500710945350453e-05,0.9939929168800136,0.0,0.0,,20211.0,2.463446656705096,0.5714285714285714,23,0.0151041665646824,0.0113417915822831,202103.0,
Y1,wf2021,2021,band,return,entered,month,21,2.523809523809524,2.523809523809524,1.0,0.0034557478400484,0.0024126154809702,0.0065417905978795,4.294743740496225e-05,2.6843028175348604e-05,0.9935459775307972,0.0,0.0,,20212.0,0.6079791012045123,0.5882352941176471,21,0.0108227542260504,0.0067644431001878,202104.0,
Y1,wf2021,2021,band,return,entered,month,18,3.1666666666666665,3.1666666666666665,1.0,0.0111014177251605,0.0074928720927755,0.0081550460132483,0.000104965669974,6.717585720024669e-05,0.9926608148635798,0.0,0.0,,20212.0,1.8882037673794452,0.7142857142857143,18,0.0264513488334719,0.0169283160144621,202105.0,
Y1,wf2021,2021,band,return,entered,month,21,4.047619047619048,4.047619047619048,1.0,0.0076894566407303,0.007713093818582,0.0103530503096445,7.370401282032238e-05,7.353924955681093e-05,0.9921220302099336,0.0,0.0,,20212.0,1.943699642282664,0.85,21,0.0185734112307212,0.0185318908883163,202106.0,
Y1,wf2021,2021,band,return,entered,month,22,4.363636363636363,4.363636363636363,1.0,0.0086159279233675,0.0082826504858207,0.0110526838424221,7.890728713090307e-05,9.726947677894475e-05,0.9928114020388216,0.0,0.0,,20213.0,2.087227922426819,0.7,22,0.0198846363569875,0.024511908148294,202107.0,
Y1,wf2021,2021,band,return,entered,month,22,4.818181818181818,4.818181818181818,1.0,0.0033372172050633,0.0019204673701727,0.0121345835572686,5.665423379131508e-05,3.249189594025427e-05,0.9920222213355856,0.0,0.0,,20213.0,0.4839577772835418,0.6190476190476191,22,0.0142768669154114,0.008187957776944,202108.0,
Y1,wf2021,2021,band,return,entered,month,20,4.15,4.15,1.0,0.0045513535298755,0.0033174097660654,0.010376197171984,3.572417217694174e-05,3.610742657595731e-05,0.9926880513080112,0.0,0.0,,20213.0,0.8359872610484995,0.5,20,0.0090024913885893,0.0090990714971412,202109.0,
Y1,wf2021,2021,band,return,entered,month,16,2.6875,2.6875,1.0,0.0027438125983471,0.0080570880616764,0.0066455341023514,1.9295263065992835e-05,5.633279311447004e-05,0.9943397849462366,0.0,0.0,,20214.0,2.030386191542465,0.8,16,0.0048624062926301,0.0141958638648464,202110.0,
Y1,wf2021,2021,band,return,entered,month,22,4.090909090909091,4.090909090909091,1.0,0.0081667911654209,0.0041616979997453,0.0100892587118577,7.805069742528838e-05,2.9452325920424125e-05,0.9937338866880462,0.0,0.0,,20214.0,1.0487478959358216,0.5263157894736842,22,0.0196687757511726,0.0074219861319468,202111.0,
Y1,wf2021,2021,band,return,entered,month,23,3.9565217391304346,3.9565217391304346,1.0,0.0081773804877509,0.0076861648593917,0.0097235574633922,4.916104095523252e-05,4.800801900832216e-05,0.9926027275904388,0.0,0.0,,20214.0,1.936913544566721,0.7142857142857143,23,0.0123885823207185,0.0120980207900971,202112.0,
Y1,wf2021,2021,band,return,initial,month,1,372.0,372.0,1.0,-0.0025425645153148,-0.0009165941580651,1.0,-0.0025425645153148,-0.0009165941580651,0.9352647704936986,0.0,1.0,,20211.0,-0.230981727832418,0.0,20,-0.0320363128929665,-0.0115490863916208,202101.0,
Y1,wf2021,2021,band,return,retained,month,19,372.6842105263158,372.6842105263158,1.0,-0.0034971019324627,0.0008138182675743,0.9860695139379336,-0.0034667645913505,0.0008084941151528,0.7181617918370269,0.0,0.0,,20211.0,0.2050822034287475,0.4736842105263157,20,-0.8299434431693211,0.1935534911676017,202101.0,
Y1,wf2021,2021,band,return,retained,month,15,375.6,375.6,1.0,0.0049881488825825,0.0019431802477396,0.9882548845413646,0.0049449497364389,0.0019244747825205,0.6892068196469398,0.0,0.0,,20211.0,0.4896814224304014,0.7333333333333333,15,1.2461273335826115,0.4849676451951708,202102.0,
Y1,wf2021,2021,band,return,retained,month,23,379.2608695652174,379.2608695652174,1.0,0.0008467052036857,0.0009845450312349,0.9913759362917376,0.0008244562121968,0.0009772260992,0.673821297741003,0.0,0.0,,20211.0,0.2481053478711996,0.6086956521739131,23,0.2077629654736161,0.2462609769984049,202103.0,
Y1,wf2021,2021,band,return,retained,month,21,382.6666666666667,382.6666666666667,1.0,0.0008142952500354,0.0008154395965772,0.9934582094021206,0.0007890198045676,0.000806268560339,0.6586851003224674,0.0,0.0,,20212.0,0.2054907783374589,0.6666666666666666,21,0.1988329907510501,0.2031796772054465,202104.0,
Y1,wf2021,2021,band,return,retained,month,18,384.3888888888889,384.3888888888889,1.0,0.0041799702111919,0.0011156657227207,0.9918449539867518,0.0041338479367683,0.0011073332610709,0.6550009854381771,0.0,0.0,,20212.0,0.2811477621256187,0.6666666666666666,18,1.0417296800656357,0.2790479817898856,202105.0,
Y1,wf2021,2021,band,return,retained,month,21,386.6190476190476,386.6190476190476,1.0,0.0019814967077443,0.0020274161919154,0.9896469496903556,0.0019599513093688,0.0020060355568034,0.6440510133781688,0.0,0.0,,20212.0,0.5109088803626817,0.9047619047619048,21,0.4939077299609568,0.5055209603144654,202106.0,
Y1,wf2021,2021,band,return,retained,month,22,390.09090909090907,390.09090909090907,1.0,0.0023094495434779,0.0015785054063263,0.988947316157578,0.002313528897073,0.0015642225702733,0.6382650407033155,0.0,0.0,,20213.0,0.397783362394234,0.6818181818181818,22,0.5830092820624033,0.3941840877088859,202107.0,
Y1,wf2021,2021,band,return,retained,month,22,392.0,392.0,1.0,0.0019871208675542,0.0004105078319154,0.9878654164427314,0.0019564942593595,0.0004040435615717,0.6365049710818667,0.0,0.0,,20213.0,0.1034479736426824,0.5,22,0.4930365533585958,0.1018189775160785,202108.0,
Y1,wf2021,2021,band,return,retained,month,20,395.35,395.35,1.0,0.0012046076601226,0.0012180430242416,0.989623802828016,0.0011935022470452,0.0012065543567652,0.6373681370160584,0.0,0.0,,20213.0,0.3069468421089008,0.7,20,0.3007625662554068,0.3040516979048447,202109.0,
Y1,wf2021,2021,band,return,retained,month,16,401.5,401.5,1.0,-0.001150842243334,0.0005850966972486,0.9933544658976484,-0.0011116446470433,0.0005872567634908,0.624811026281217,0.0,0.0,,20214.0,0.1474443677066634,0.625,16,-0.2801344510549244,0.1479887043996945,202110.0,
Y1,wf2021,2021,band,return,retained,month,22,400.9090909090909,400.9090909090909,1.0,0.0051934167329998,0.0011725970097947,0.9899107412881424,0.0051328338484574,0.0011606124967572,0.6320411860039876,0.0,0.0,,20214.0,0.2954944464682839,0.7727272727272727,22,1.293474129811283,0.2924743491828318,202111.0,
Y1,wf2021,2021,band,return,retained,month,23,402.69565217391306,402.69565217391306,1.0,0.0020541145999806,0.0008474277732558,0.9902764425366078,0.0020475218292977,0.0008419880245197,0.6475210168839519,0.0,0.0,,20214.0,0.2135517988604648,0.782608695652174,23,0.5159755009830235,0.2121809821789834,202112.0,
Y1,wf2021,2021,band,turn,entered,month,19,5.2631578947368425,5.2631578947368425,1.0,-0.0027499689956276,0.0015609512044094,0.0115298180471476,,,0.9923066267820088,0.0,0.0,,20211.0,0.3933597035111882,0.7368421052631579,20,,,202101.0,
Y1,wf2021,2021,band,turn,entered,month,15,4.466666666666667,4.466666666666667,1.0,0.0058333440938053,0.0027409620818145,0.0097907856603197,,,0.993100943603248,0.0,0.0,,20211.0,0.6907224446172678,0.4285714285714285,15,,,202102.0,
Y1,wf2021,2021,band,turn,entered,month,23,3.3043478260869565,3.3043478260869565,1.0,0.0104701417340715,0.0097755819710519,0.0072224663397152,,,0.9939929168800136,0.0,0.0,,20211.0,2.463446656705096,0.5714285714285714,23,,,202103.0,
Y1,wf2021,2021,band,turn,entered,month,21,2.523809523809524,2.523809523809524,1.0,0.0034557478400484,0.0024126154809702,0.0055146820024666,,,0.9935459775307972,0.0,0.0,,20212.0,0.6079791012045123,0.5882352941176471,21,,,202104.0,
Y1,wf2021,2021,band,turn,entered,month,18,3.1666666666666665,3.1666666666666665,1.0,0.0111014177251605,0.0074928720927755,0.0069266560295354,,,0.9926608148635798,0.0,0.0,,20212.0,1.8882037673794452,0.7142857142857143,18,,,202105.0,
Y1,wf2021,2021,band,turn,entered,month,21,4.047619047619048,4.047619047619048,1.0,0.0076894566407303,0.007713093818582,0.0088659052595716,,,0.9921220302099336,0.0,0.0,,20212.0,1.943699642282664,0.85,21,,,202106.0,
Y1,wf2021,2021,band,turn,entered,month,22,4.363636363636363,4.363636363636363,1.0,0.0086159279233675,0.0082826504858207,0.0095413916036719,,,0.9928114020388216,0.0,0.0,,20213.0,2.087227922426819,0.7,22,,,202107.0,
Y1,wf2021,2021,band,turn,entered,month,22,4.818181818181818,4.818181818181818,1.0,0.0033372172050633,0.0019204673701727,0.0105648634106473,,,0.9920222213355856,0.0,0.0,,20213.0,0.4839577772835418,0.6190476190476191,22,,,202108.0,
Y1,wf2021,2021,band,turn,entered,month,20,4.15,4.15,1.0,0.0045513535298755,0.0033174097660654,0.009083402051476,,,0.9926880513080112,0.0,0.0,,20213.0,0.8359872610484995,0.5,20,,,202109.0,
Y1,wf2021,2021,band,turn,entered,month,16,2.6875,2.6875,1.0,0.0027438125983471,0.0080570880616764,0.0058605530278422,,,0.9943397849462366,0.0,0.0,,20214.0,2.030386191542465,0.8,16,,,202110.0,
Y1,wf2021,2021,band,turn,entered,month,22,4.090909090909091,4.090909090909091,1.0,0.0081667911654209,0.0041616979997453,0.0089565636903569,,,0.9937338866880462,0.0,0.0,,20214.0,1.0487478959358216,0.5263157894736842,22,,,202111.0,
Y1,wf2021,2021,band,turn,entered,month,23,3.9565217391304346,3.9565217391304346,1.0,0.0081773804877509,0.0076861648593917,0.0086760654477558,,,0.9926027275904388,0.0,0.0,,20214.0,1.936913544566721,0.7142857142857143,23,,,202112.0,
Y1,wf2021,2021,band,turn,initial,month,1,451.0,451.0,1.0,-0.0027673681060582,-0.0011413977488086,1.0,,,0.9266390100851156,0.0,1.0,,20211.0,-0.2876322326997748,0.0,20,,,202101.0,
Y1,wf2021,2021,band,turn,retained,month,19,451.2631578947368,451.1578947368421,0.9997642455858748,-0.0041398680954334,0.0001710521046036,0.9884701819528524,,,0.6422066674665033,0.0526315789473684,0.0,,20211.0,0.043105130360115,0.4210526315789473,20,,,202101.0,
Y1,wf2021,2021,band,turn,retained,month,15,451.53333333333336,451.4666666666666,0.9998534798534798,0.0042528114667814,0.0012078428319385,0.9902092143396802,,,0.6184887189287395,0.0,0.0,,20211.0,0.3043763936485235,0.6,15,,,202102.0,
Y1,wf2021,2021,band,turn,retained,month,23,453.5217391304348,452.1304347826087,0.99693374503088,6.626915495010518e-05,0.0002041089824992,0.9927775336602848,,,0.6044298486508378,1.2173913043478262,0.0,,20211.0,0.051435463589816,0.4782608695652174,23,,,202103.0,
Y1,wf2021,2021,band,turn,retained,month,21,454.57142857142856,453.95238095238096,0.9986405922445803,0.0003440671538406,0.0003452115003824,0.9944853179975331,,,0.5930653139510058,0.3333333333333333,0.0,,20212.0,0.086993298096369,0.6190476190476191,21,,,202104.0,
Y1,wf2021,2021,band,turn,retained,month,18,452.8888888888889,451.94444444444446,0.9979170042615156,0.0036369461270906,0.0005726416386193,0.9930733439704644,,,0.5911096880979319,0.6666666666666666,0.0,,20212.0,0.1443056929320777,0.6111111111111112,18,,,202105.0,
Y1,wf2021,2021,band,turn,retained,month,21,452.2857142857143,450.8571428571428,0.9968395959001264,0.0013922037020896,0.0014381231862606,0.9911340947404284,,,0.5815903418053429,1.1904761904761905,0.0,,20212.0,0.3624070429376946,0.8571428571428571,21,,,202106.0,
Y1,wf2021,2021,band,turn,retained,month,22,452.59090909090907,451.1363636363636,0.996787889686911,0.0018237070974357,0.0010927629602841,0.990458608396328,,,0.5796750925912908,1.2727272727272727,0.0,,20213.0,0.2753762659916096,0.7272727272727273,22,,,202107.0,
Y1,wf2021,2021,band,turn,retained,month,22,450.8181818181818,450.77272727272725,0.9998989898989898,0.0015329945988994,-4.361843673937999e-05,0.9894351365893528,,,0.5809958016964067,0.0,0.0,,20213.0,-0.0109918460583237,0.4090909090909091,22,,,202108.0,
Y1,wf2021,2021,band,turn,retained,month,20,452.05,451.45,0.9986700102324432,0.0004709774220755,0.0004844127861945,0.990916597948524,,,0.5829361480540596,0.45,0.0,,20213.0,0.1220720221210306,0.6,20,,,202109.0,
Y1,wf2021,2021,band,turn,retained,month,16,455.3125,455.0,0.9993149704681612,-0.0015201550990045,0.0002157838415781,0.9941394469721578,,,0.5734370449197055,0.25,0.0,,20214.0,0.0543775280776908,0.5,16,,,202110.0,
Y1,wf2021,2021,band,turn,retained,month,22,452.1818181818182,452.1818181818182,1.0,0.0048965268427038,0.0008757071194988,0.9910434363096432,,,0.5812786611006086,0.0,0.0,,20214.0,0.2206781941137043,0.7727272727272727,22,,,202111.0,
Y1,wf2021,2021,band,turn,retained,month,23,451.7826086956522,450.9565217391304,0.9981699731029726,0.0016992808529073,0.0004925940261824,0.9913239345522442,,,0.5977262853353738,0.6521739130434783,0.0,,20214.0,0.1241336945979787,0.7391304347826086,23,,,202112.0,
Y1,wf2021,2021,band,return,entered,quarter,57,4.2631578947368425,4.2631578947368425,1.0,0.0046164885705898,0.0050614585818754,0.0112142005675232,3.730251718471739e-05,3.6719566234411645e-05,0.9931683402552578,0.0,0.0,202102.0701754386,,1.2754875626326174,0.5925925925925926,58,0.0092381613248496,0.0090937905067429,,20211.0
Y1,wf2021,2021,band,return,entered,quarter,60,3.25,3.25,1.0,0.0072148371421113,0.0058858146832743,0.0083597081216079,7.231770857107817e-05,5.5286554366329845e-05,0.9927445809865164,0.0,0.0,202105.0,,1.4832253001851414,0.7254901960784313,60,0.0182240625599117,0.0139322117003151,,20212.0
Y1,wf2021,2021,band,return,entered,quarter,64,4.453125,4.453125,1.0,0.0055302066009068,0.0045449365043349,0.0112131847848886,5.776307662230679e-05,5.5889042677211327e-05,0.9924860264868756,0.0,0.0,202107.96875,,1.1453239990923991,0.6140350877192983,64,0.0145562953088213,0.0140840387546572,,20213.0
Y1,wf2021,2021,band,return,entered,quarter,61,3.672131147540984,3.672131147540984,1.0,0.0070866429673847,0.006421052093183,0.0090480993271559,5.174661466200946e-05,4.349934913561084e-05,0.9933799795186892,0.0,0.0,202111.11475409835,,1.618105127482128,0.66,61,0.0130401468948263,0.0109618359821739,,20214.0
Y1,wf2021,2021,band,return,initial,quarter,1,372.0,372.0,1.0,-0.0025425645153148,-0.0009165941580651,1.0,-0.0025425645153148,-0.0009165941580651,0.9352647704936986,0.0,1.0,202101.0,,-0.230981727832418,0.0,58,-0.0110470044458505,-0.0039824435833175,,20211.0
Y1,wf2021,2021,band,return,retained,quarter,57,376.10526315789474,376.10526315789474,1.0,0.0004886230913459,0.0011799085354107,0.9887857994324768,0.0004783896787974,0.0011702580738125,0.6926502839938716,0.0,0.0,202102.0701754386,,0.2973369509235055,0.5964912280701754,58,0.1184756783835504,0.2898204650386708,,20211.0
Y1,wf2021,2021,band,return,retained,quarter,60,384.56666666666666,384.56666666666666,1.0,0.0022325182485805,0.0013296992427886,0.991640291878392,0.0022022942709083,0.0013165064193211,0.652457935426676,0.0,0.0,202105.0,,0.3350842091827349,0.75,60,0.5549781562688931,0.3317596176689349,,20212.0
Y1,wf2021,2021,band,return,retained,quarter,64,392.390625,392.390625,1.0,0.0018533859725806,0.0010643617457211,0.9887868152151114,0.0018407899122253,0.0010536397193108,0.6373797343686747,0.0,0.0,202107.96875,,0.2682191599217216,0.625,64,0.463879057880783,0.2655172092663455,,20213.0
Y1,wf2021,2021,band,return,retained,quarter,61,401.7377049180328,401.7377049180328,1.0,0.0023456775087247,0.0008958937730548,0.990951900672844,0.0023316234817576,0.0008900870116142,0.6359814082117721,0.0,0.0,202111.11475409835,,0.2257652308098287,0.7377049180327869,61,0.5875691174029338,0.2243019269267874,,20214.0
Y1,wf2021,2021,band,turn,entered,quarter,57,4.2631578947368425,4.2631578947368425,1.0,0.0046164885705898,0.0050614585818754,0.0093341237476149,,,0.9931683402552578,0.0,0.0,202102.0701754386,,1.2754875626326174,0.5925925925925926,58,,,,20211.0
Y1,wf2021,2021,band,turn,entered,quarter,60,3.25,3.25,1.0,0.0072148371421113,0.0058858146832743,0.007111202350574,,,0.9927445809865164,0.0,0.0,202105.0,,1.4832253001851414,0.7254901960784313,60,,,,20212.0
Y1,wf2021,2021,band,turn,entered,quarter,64,4.453125,4.453125,1.0,0.0055302066009068,0.0045449365043349,0.0097500883022585,,,0.9924860264868756,0.0,0.0,202107.96875,,1.1453239990923991,0.6140350877192983,64,,,,20213.0
Y1,wf2021,2021,band,turn,entered,quarter,61,3.672131147540984,3.672131147540984,1.0,0.0070866429673847,0.006421052093183,0.0080387336874051,,,0.9933799795186892,0.0,0.0,202111.11475409835,,1.618105127482128,0.66,61,,,,20214.0
Y1,wf2021,2021,band,turn,initial,quarter,1,451.0,451.0,1.0,-0.0027673681060582,-0.0011413977488086,1.0,,,0.9266390100851156,0.0,1.0,202101.0,,-0.2876322326997748,0.0,58,,,,20211.0
Y1,wf2021,2021,band,turn,retained,quarter,57,452.2456140350877,451.6315789473685,0.9986455964849836,-0.0002340549341695,0.0004572305098952,0.9906658762523852,,,0.6207218242941039,0.5087719298245614,0.0,202102.0701754386,,0.1152220884936106,0.4912280701754385,58,,,,20211.0
Y1,wf2021,2021,band,turn,retained,quarter,60,453.26666666666665,452.26666666666665,0.9977931671291024,0.0016987786377027,0.0007959596319108,0.992888797649426,,,0.5884623859441016,0.7333333333333333,0.0,202105.0,,0.2005818272415455,0.7,60,,,,20212.0
Y1,wf2021,2021,band,turn,retained,quarter,64,451.8125,451.109375,0.998445493055292,0.0013010466525138,0.0005120224256543,0.9902499116977416,,,0.5811481661782896,0.578125,0.0,202107.96875,,0.129029651264889,0.578125,64,,,,20213.0
Y1,wf2021,2021,band,turn,retained,quarter,61,452.8524590163934,452.4590163934426,0.9991303099812944,0.0020079437470865,0.0005581600114167,0.991961266312595,,,0.5854234069777422,0.3114754098360656,0.0,202111.11475409835,,0.1406563228770174,0.6885245901639344,61,,,,20214.0
Y4,wf2021,2021,raw,return,entered,year,242,301.46280991735534,301.46280991735534,1.0,0.0033435948229657,0.0027084699120951,0.7667592866168227,0.0025670861437566,0.0020927976514868,0.9347489097304365,0.0,0.0,202106.63636363635,20212.53305785124,0.682534417847973,0.7603305785123967,243,0.6442435448183271,0.5252146994990783,,
Y4,wf2021,2021,raw,return,initial,year,1,372.0,372.0,1.0,-0.0013729121960214,0.0002530581612282,1.0,-0.0013729121960214,0.0002530581612282,0.910694299919066,0.0,1.0,202101.0,20211.0,0.0637706566295182,1.0,243,-0.001423760795874,0.0002624306857181,,
Y4,wf2021,2021,raw,return,retained,year,242,91.4214876033058,91.4214876033058,1.0,0.0029511467325174,0.0023160218216468,0.2332407133831772,0.0007704889512391,0.0006096525326382,0.9405161097081076,0.0,0.0,202106.63636363635,20212.53305785124,0.5836374990550044,0.6611570247933884,243,0.1933641901331955,0.1530002059687664,,
Y4,wf2021,2021,raw,turn,entered,year,242,355.43801652892563,320.9669421487603,0.9061792704325552,0.0032712163031303,0.0026360913922597,0.7786926564375554,,,0.9312110194967343,34.35123966942149,0.0,202106.63636363635,20212.53305785124,0.6642950308494576,0.7603305785123967,243,,,,
Y4,wf2021,2021,raw,turn,initial,year,1,451.0,324.0,0.7184035476718403,-0.0006993849514029,0.0009265854058467,1.0,,,0.903987554538302,127.0,1.0,202101.0,20211.0,0.2334995222733739,1.0,243,,,,
Y4,wf2021,2021,raw,turn,retained,year,242,101.01239669421489,96.75206611570248,0.9685280319747656,0.0029324032445947,0.0022972783337241,0.2213073435624446,,,0.9409637388933352,4.227272727272728,0.0,202106.63636363635,20212.53305785124,0.5789141400984735,0.6528925619834711,243,,,,
Y4,wf2021,2021,raw,return,entered,month,19,253.10526315789477,253.10526315789477,1.0,-0.0027254380783759,0.0015854821216611,0.6698642082870319,-0.0018579919487447,0.0011329750033242,0.9416876953346216,0.0,0.0,,20211.0,0.399541494658621,0.631578947368421,20,-0.444803272529492,0.2712342157958351,202101.0,
Y4,wf2021,2021,raw,return,entered,month,15,259.8,259.8,1.0,0.0063842286921272,0.0033392600572844,0.6835675108319955,0.0043394935576566,0.002316810326093,0.9384691034937764,0.0,0.0,,20211.0,0.8414935344356762,0.8,15,1.093552376529472,0.583836202175445,202102.0,
Y4,wf2021,2021,raw,return,entered,month,23,303.9130434782609,303.9130434782609,1.0,0.0028781015208579,0.0030159413484071,0.7943794119940847,0.0021349501775316,0.0023619323378817,0.9286662780638436,0.0,0.0,,20211.0,0.7600172197986027,0.8260869565217391,23,0.5380074447379719,0.5952069491461889,202103.0,
Y4,wf2021,2021,raw,return,entered,month,21,298.5238095238095,298.5238095238095,1.0,0.0034361700852487,0.0034373144317905,0.7748526857664411,0.0027132762683214,0.0027117773641422,0.9390652980443244,0.0,0.0,,20212.0,0.866203236811216,0.8571428571428571,21,0.6837456196170048,0.6833678957638492,202104.0,
Y4,wf2021,2021,raw,return,entered,month,18,300.0,300.0,1.0,0.0049617081897985,0.0018974037013273,0.7740183195874294,0.0038722746673606,0.001465211409371,0.9299888703053056,0.0,0.0,,20212.0,0.4781457327344838,0.7222222222222222,18,0.9758132161748952,0.3692332751615151,202105.0,
Y4,wf2021,2021,raw,return,entered,month,21,303.4761904761905,303.4761904761905,1.0,0.0037982212786998,0.0038441407628709,0.7767254541228021,0.0029715700142447,0.002976523930052,0.9412997454578208,0.0,0.0,,20212.0,0.9687234722434744,0.9047619047619048,21,0.7488356435896873,0.7500840303731208,202106.0,
Y4,wf2021,2021,raw,return,entered,month,22,302.3181818181818,302.3181818181818,1.0,0.0037660156339356,0.0030350714967839,0.7664178884018947,0.0028703371220888,0.0023041171769295,0.9364141713608056,0.0,0.0,,20213.0,0.7648380171895678,0.7272727272727273,22,0.7233249547663999,0.5806375285862391,202107.0,
Y4,wf2021,2021,raw,return,entered,month,22,316.3181818181818,316.3181818181818,1.0,0.0046041465157288,0.00302753348009,0.797021904339874,0.0035229196462063,0.0024236141838895,0.932951347854614,0.0,0.0,,20213.0,0.7629384369826875,0.8636363636363636,22,0.8877757508439967,0.6107507743401733,202108.0,
Y4,wf2021,2021,raw,return,entered,month,20,319.4,319.4,1.0,0.0042255592450325,0.0042389946091515,0.7997892707596772,0.0031828595021727,0.0033243463696732,0.9309565952615564,0.0,0.0,,20213.0,1.0682266415061876,0.75,20,0.8020805945475346,0.8377352851576496,202109.0,
Y4,wf2021,2021,raw,return,entered,month,16,298.1875,298.1875,1.0,-0.0001285202452599,0.0016074186953226,0.7376633137455141,-0.0001476649772382,0.0012532300146881,0.937973039635796,0.0,0.0,,20214.0,0.405069511221319,0.5625,16,-0.0372115742640399,0.3158139637014134,202110.0,
Y4,wf2021,2021,raw,return,entered,month,22,324.90909090909093,324.90909090909093,1.0,0.0059390985501058,0.0019182788269008,0.802174615355555,0.0048161365086177,0.0015275512181975,0.9286756750422426,0.0,0.0,,20214.0,0.4834062643790084,0.7727272727272727,22,1.2136664001716695,0.3849429069857821,202111.0,
Y4,wf2021,2021,raw,return,entered,month,23,317.3478260869565,317.3478260869565,1.0,0.002629649689325,0.0014229628626002,0.7802913983462133,0.001972022518307,0.0011248239574081,0.9334668088443394,0.0,0.0,,20214.0,0.3585866413752523,0.6521739130434783,23,0.4969496746133798,0.2834556372668599,202112.0,
Y4,wf2021,2021,raw,return,initial,month,1,372.0,372.0,1.0,-0.0013729121960214,0.0002530581612282,1.0,-0.0013729121960214,0.0002530581612282,0.910694299919066,0.0,1.0,,20211.0,0.0637706566295182,1.0,20,-0.0172986936698697,0.0031885328314759,202101.0,
Y4,wf2021,2021,raw,return,retained,month,19,124.84210526315788,124.84210526315788,1.0,-0.001326774747365,0.002984145452672,0.330135791712968,-0.0001108872001165,0.0012090660478514,0.9494107161780116,0.0,0.0,,20211.0,0.7520046540733484,0.5789473684210527,20,-0.026546395707914,0.2894504118556441,202101.0,
Y4,wf2021,2021,raw,return,retained,month,15,120.26666666666668,120.26666666666668,1.0,0.0066170290672733,0.0035720604324305,0.3164324891680046,0.0020360056564262,0.001013720253147,0.9465948302069516,0.0,0.0,,20211.0,0.9001592289725029,0.7333333333333333,15,0.5130734254194143,0.2554575037930503,202102.0,
Y4,wf2021,2021,raw,return,retained,month,23,78.65217391304348,78.65217391304348,1.0,0.0026867437409671,0.0028245835685162,0.2056205880059154,0.0009970007842402,0.0009078584514393,0.9363456948130656,0.0,0.0,,20211.0,0.7117950592661053,0.6956521739130435,23,0.2512441976285546,0.2287803297627269,202103.0,
Y4,wf2021,2021,raw,return,retained,month,21,86.66666666666667,86.66666666666667,1.0,0.0018865264984657,0.0018876708450075,0.2251473142335588,0.0003943937748685,0.0003970370255895,0.9423146125798988,0.0,0.0,,20212.0,0.4756930529418998,0.6666666666666666,21,0.0993872312668725,0.1000533304485619,202104.0,
Y4,wf2021,2021,raw,return,retained,month,18,87.55555555555556,87.55555555555556,1.0,0.0044598306928623,0.0013955262043911,0.2259816804125706,0.001025376963167,0.0003681357326854,0.9365681914101084,0.0,0.0,,20212.0,0.351672603506564,0.6666666666666666,18,0.2583949947181072,0.0927702046367276,202105.0,
Y4,wf2021,2021,raw,return,retained,month,21,87.19047619047619,87.19047619047619,1.0,0.0036216041680401,0.0036675236522111,0.223274545877198,0.000798528369934,0.0008394939382978,0.9424938335695544,0.0,0.0,,20212.0,0.92421596035722,0.9047619047619048,21,0.2012291492233759,0.2115524724510464,202106.0,
Y4,wf2021,2021,raw,return,retained,month,22,92.13636363636364,92.13636363636364,1.0,0.0036639744926774,0.0029330303555257,0.2335821115981053,0.0010323142791338,0.0008675900871415,0.9419752059531404,0.0,0.0,,20213.0,0.7391236495924969,0.5454545454545454,22,0.2601431983417246,0.2186327019596745,202107.0,
Y4,wf2021,2021,raw,return,retained,month,22,80.5,80.5,1.0,0.003400987484876,0.0018243744492372,0.2029780956601261,0.0009741706856065,0.0004968631122845,0.9387893613309608,0.0,0.0,,20213.0,0.4597423612077849,0.5909090909090909,22,0.2454910127728588,0.1252095042956975,202108.0,
Y4,wf2021,2021,raw,return,retained,month,20,80.1,80.1,1.0,0.003394573864167,0.003408009228286,0.2002107292403228,0.0006956671978661,0.0005676156944846,0.9369733011846954,0.0,0.0,,20213.0,0.8588183255280909,0.7,20,0.1753081338622674,0.1430391550101419,202109.0,
Y4,wf2021,2021,raw,return,retained,month,16,106.0,106.0,1.0,-0.0011855394814585,0.0005503994591241,0.2623366862544859,-0.0001155781119122,0.000219465836744,0.944933839594286,0.0,0.0,,20214.0,0.1387006636992879,0.6875,16,-0.029125684201879,0.0553053908595028,202110.0,
Y4,wf2021,2021,raw,return,retained,month,22,80.0909090909091,80.0909090909091,1.0,0.0045740790254651,0.00055325930226,0.1978253846444449,0.0007851440281198,5.290959533494997e-05,0.9346242376474496,0.0,0.0,,20214.0,0.1394213441695317,0.5454545454545454,22,0.1978562950861968,0.0133332180244073,202111.0,
Y4,wf2021,2021,raw,return,retained,month,23,89.30434782608695,89.30434782608695,1.0,0.003365488839272,0.0021588020125471,0.2197086016537868,0.0007872172926368,0.0004277290268109,0.9389154577373032,0.0,0.0,,20214.0,0.5440181071618915,0.6521739130434783,23,0.1983787577444886,0.1077877147563473,202112.0,
Y4,wf2021,2021,raw,turn,entered,month,19,315.05263157894734,307.89473684210526,0.981459010067043,-0.0025160353060871,0.0017948848939499,0.6902586592522261,,,0.9316394274833196,7.105263157894737,0.0,,20211.0,0.4523109932753951,0.5789473684210527,20,,,202101.0,
Y4,wf2021,2021,raw,turn,entered,month,15,320.8666666666667,308.26666666666665,0.9664334502628512,0.0064117596884858,0.0033667910536429,0.7038223067959848,,,0.9309070065809644,12.466666666666669,0.0,,20211.0,0.8484313455180325,0.8666666666666667,15,,,202102.0,
Y4,wf2021,2021,raw,turn,entered,month,23,375.0434782608696,313.2173913043478,0.8382266408870026,0.0027708188334273,0.0029086586609764,0.8210510482557162,,,0.9269473267821804,61.78260869565217,0.0,,20211.0,0.7329819825660725,0.8260869565217391,23,,,202103.0,
Y4,wf2021,2021,raw,turn,entered,month,21,361.95238095238096,328.7619047619048,0.90838309009431,0.0033541837191768,0.0033553280657186,0.791798424779899,,,0.931554052635226,32.76190476190476,0.0,,20212.0,0.8455426725611078,0.8571428571428571,21,,,202104.0,
Y4,wf2021,2021,raw,turn,entered,month,18,365.1111111111111,314.27777777777777,0.8611426998874618,0.0048469663907551,0.0017826619022838,0.8005199005475693,,,0.92749464953168,50.61111111111112,0.0,,20212.0,0.449230799375537,0.7222222222222222,18,,,202105.0,
Y4,wf2021,2021,raw,turn,entered,month,21,356.8095238095238,344.7142857142857,0.9642946474455762,0.0035898291239859,0.003635748608157,0.7818251826153112,,,0.9343963190145976,12.0,0.0,,20212.0,0.916208649255572,0.9047619047619048,21,,,202106.0,
Y4,wf2021,2021,raw,turn,entered,month,22,353.95454545454544,321.45454545454544,0.911328815006612,0.0036927636491823,0.0029618195120307,0.7744938227524879,,,0.9311022099459092,32.45454545454545,0.0,,20213.0,0.7463785170317526,0.7272727272727273,22,,,202107.0,
Y4,wf2021,2021,raw,turn,entered,month,22,370.6363636363636,336.8181818181818,0.9120491496096184,0.0046211761888841,0.0030445631532453,0.8133559875579276,,,0.9305514274885538,33.77272727272727,0.0,,20213.0,0.7672299146178174,0.8636363636363636,22,,,202108.0,
Y4,wf2021,2021,raw,turn,entered,month,20,358.9,327.7,0.9117146574174602,0.0039791177443713,0.0039925531084903,0.7867909974029016,,,0.9320217433622006,31.1,0.0,,20213.0,1.0061233833395795,0.75,20,,,202109.0,
Y4,wf2021,2021,raw,turn,entered,month,16,344.5,313.1875,0.9139335186834888,-0.000142666427116,0.0015932725134666,0.7521437378632057,,,0.9330666812416568,31.1875,0.0,,20214.0,0.4015046733935895,0.625,16,,,202110.0,
Y4,wf2021,2021,raw,turn,entered,month,22,359.6818181818182,308.04545454545456,0.8523827844168944,0.0056448648676595,0.0016240451444544,0.7881687377977191,,,0.9335420980167616,51.54545454545455,0.0,,20214.0,0.4092593764025314,0.7272727272727273,22,,,202111.0,
Y4,wf2021,2021,raw,turn,entered,month,23,364.39130434782606,320.5217391304348,0.8835295976841313,0.0026987272764144,0.0014920404496895,0.7995312105596047,,,0.9315154146986112,43.78260869565217,0.0,,20214.0,0.3759941933217777,0.6521739130434783,23,,,202112.0,
Y4,wf2021,2021,raw,turn,initial,month,1,451.0,324.0,0.7184035476718403,-0.0006993849514029,0.0009265854058467,1.0,,,0.903987554538302,127.0,1.0,,20211.0,0.2334995222733739,1.0,20,,,202101.0,
Y4,wf2021,2021,raw,turn,retained,month,19,141.47368421052633,141.31578947368422,0.9982057416267942,-0.0014071122624015,0.0029038079376355,0.309741340747774,,,0.9433957038772988,0.1578947368421052,0.0,,20211.0,0.7317596002841541,0.5789473684210527,20,,,202101.0,
Y4,wf2021,2021,raw,turn,retained,month,15,135.13333333333333,135.06666666666666,0.9995271867612292,0.0068772105704239,0.0038322419355811,0.2961776932040152,,,0.94337189652107,0.0,0.0,,20211.0,0.9657249677664396,0.6666666666666666,15,,,202102.0,
Y4,wf2021,2021,raw,turn,retained,month,23,81.78260869565217,80.1304347826087,0.979602791196994,0.0023938485337772,0.0025316883613264,0.1789489517442838,,,0.944758102315788,1.6521739130434785,0.0,,20211.0,0.6379854670542568,0.6521739130434783,23,,,202103.0,
Y4,wf2021,2021,raw,turn,retained,month,21,95.14285714285714,92.38095238095238,0.974505999180874,0.0021238625872525,0.0021250069337943,0.2082015752201008,,,0.941334624516702,2.571428571428572,0.0,,20212.0,0.535501747316166,0.7142857142857143,21,,,202104.0,
Y4,wf2021,2021,raw,turn,retained,month,18,90.94444444444444,88.83333333333333,0.9748168498168498,0.004511441198045,0.0014471367095737,0.1994800994524307,,,0.9421565259713108,2.055555555555556,0.0,,20212.0,0.3646784508125879,0.6111111111111112,18,,,202105.0,
Y4,wf2021,2021,raw,turn,retained,month,21,99.52380952380952,97.71428571428572,0.9857033456657516,0.0034473005677272,0.0034932200518982,0.2181748173846888,,,0.937079873939515,1.809523809523809,0.0,,20212.0,0.880291453078365,0.9047619047619048,21,,,202106.0,
Y4,wf2021,2021,raw,turn,retained,month,22,103.0,98.54545454545456,0.9703108080430064,0.0038737261778438,0.0031427820406922,0.2255061772475121,,,0.939384454515194,4.409090909090909,0.0,,20213.0,0.791981074254445,0.6363636363636364,22,,,202107.0,
Y4,wf2021,2021,raw,turn,retained,month,22,85.0,84.86363636363636,0.997835497835498,0.003488976594037,0.0019123635583982,0.1866440124420726,,,0.9406692234720204,0.1363636363636363,0.0,,20213.0,0.4819156167163511,0.5454545454545454,22,,,202108.0,
Y4,wf2021,2021,raw,turn,retained,month,20,97.3,83.6,0.9174444444444444,0.0032244169241204,0.0032378522882394,0.2132090025970985,,,0.9370531302177106,13.7,0.0,,20213.0,0.8159387766363345,0.75,20,,,202109.0,
Y4,wf2021,2021,raw,turn,retained,month,16,113.5,110.0,0.9700097698913962,-0.0013337389943186,0.000402199946264,0.2478562621367943,,,0.9451289865673878,3.5,0.0,,20214.0,0.1013543864585381,0.625,16,,,202110.0,
Y4,wf2021,2021,raw,turn,retained,month,22,96.5909090909091,78.27272727272727,0.8718820836245826,0.0046881538503354,0.0006673341271303,0.2118312622022807,,,0.9360440999801014,18.318181818181817,0.0,,20214.0,0.1681682000368564,0.5909090909090909,22,,,202111.0,
Y4,wf2021,2021,raw,turn,retained,month,23,91.34782608695652,90.43478260869566,0.9927536231884058,0.0031170571853417,0.0019103703586169,0.2004687894403952,,,0.9428648781592064,0.8695652173913043,0.0,,20214.0,0.4814133303714691,0.5652173913043478,23,,,202112.0,
Y4,wf2021,2021,raw,return,entered,quarter,57,275.3684210526316,275.3684210526316,1.0,0.0019329200328508,0.0026242054769156,0.7237133174701311,0.0013841124635425,0.0019404056794006,0.9355864413900502,0.0,0.0,202102.0701754386,,0.6612997801827508,0.7543859649122807,58,0.3427826107987172,0.4805515030846676,,20211.0
Y4,wf2021,2021,raw,return,entered,quarter,60,300.7,300.7,1.0,0.0040205494343215,0.0031177304285297,0.775257844837464,0.0031513785991063,0.0024304688757793,0.9371244263173424,0.0,0.0,202105.0,,0.7856680679894871,0.8333333333333334,60,0.7941474069748108,0.612478156696394,,20212.0
Y4,wf2021,2021,raw,return,entered,quarter,64,312.46875,312.46875,1.0,0.0041977305030198,0.0034087062761603,0.7873665758673821,0.0031923256085304,0.0026640158958044,0.933518333249537,0.0,0.0,202107.96875,,0.8589939815923964,0.78125,64,0.8044660533496782,0.6713320057427197,,20213.0
Y4,wf2021,2021,raw,return,entered,quarter,61,315.04918032786884,315.04918032786884,1.0,0.0030997670005351,0.0016499832648653,0.7770025691756285,0.0024417849422105,0.0013037501320613,0.9329208211233098,0.0,0.0,202111.11475409835,,0.4157957827460671,0.6721311475409836,61,0.6153298054370465,0.3285450332794689,,20214.0
Y4,wf2021,2021,raw,return,initial,quarter,1,372.0,372.0,1.0,-0.0013729121960214,0.0002530581612282,1.0,-0.0013729121960214,0.0002530581612282,0.910694299919066,0.0,1.0,202101.0,,0.0637706566295182,1.0,58,-0.0059650667827137,0.0010994940798192,,20211.0
Y4,wf2021,2021,raw,return,retained,quarter,57,105.0,105.0,1.0,0.0023831898570422,0.003074475301107,0.2762866825298687,0.0009011271242404,0.0010361193524471,0.943397842827842,0.0,0.0,202102.0701754386,,0.7747677758789753,0.6666666666666666,58,0.2231687933205119,0.2566003168715751,,20211.0
Y4,wf2021,2021,raw,return,retained,quarter,60,87.11666666666666,87.11666666666666,1.0,0.0032657949411357,0.0023629759353438,0.2247421551625361,0.000725135839631,0.0005432265571661,0.940653413575341,0.0,0.0,202105.0,,0.5954699357066613,0.75,60,0.1827342315870191,0.1368930924058812,,20212.0
Y4,wf2021,2021,raw,return,retained,quarter,64,84.375,84.375,1.0,0.0034893850123362,0.0027003607854766,0.2126334241326179,0.0009071252059626,0.0006464106918291,0.9393169766241272,0.0,0.0,202107.96875,,0.6804909179401252,0.609375,64,0.2285955519025966,0.1628954943409535,,20213.0
Y4,wf2021,2021,raw,return,retained,quarter,61,90.36065573770492,90.36065573770492,1.0,0.0026076614780352,0.0011578777423654,0.2229974308243714,0.0005496707632571,0.0002379218377364,0.9389463965526302,0.0,0.0,202111.11475409835,,0.2917851910760952,0.6229508196721312,61,0.1385170323408115,0.0599563031095901,,20214.0
Y4,wf2021,2021,raw,turn,entered,quarter,57,340.7894736842105,310.140350877193,0.919709397993292,0.0019666764505343,0.0026579618945991,0.7466039164493603,,,0.9295533813489067,30.57894736842105,0.0,202102.0701754386,,0.6698063974389941,0.7543859649122807,58,,,,20211.0
Y4,wf2021,2021,raw,turn,entered,quarter,60,361.1,330.0,0.9137800181051986,0.0038844944123335,0.0029816754065416,0.7909242327525945,,,0.9313310249369422,30.85,0.0,202105.0,,0.7513822024484992,0.8333333333333334,60,,,,20212.0
Y4,wf2021,2021,raw,turn,entered,quarter,64,361.234375,328.6875,0.9116970057797854,0.0041013911144514,0.0033123668875918,0.7916955589826119,,,0.9312002326687844,32.484375,0.0,202107.96875,,0.8347164556731583,0.78125,64,,,,20213.0
Y4,wf2021,2021,raw,turn,entered,quarter,61,357.4754098360656,314.0983606557377,0.8802711197187297,0.0030159851083964,0.0015662013727266,0.7830037685283938,,,0.9326532392508742,43.278688524590166,0.0,202111.11475409835,,0.3946827459271149,0.6721311475409836,61,,,,20214.0
Y4,wf2021,2021,raw,turn,initial,quarter,1,451.0,324.0,0.7184035476718403,-0.0006993849514029,0.0009265854058467,1.0,,,0.903987554538302,127.0,1.0,202101.0,,0.2334995222733739,1.0,58,,,,20211.0
Y4,wf2021,2021,raw,turn,retained,quarter,57,115.71929824561404,114.98245614035088,0.9910470366641824,0.0023066937166246,0.0029979791606894,0.2533960835506397,,,0.9439391785043482,0.7192982456140351,0.0,202102.0701754386,,0.7554907484937442,0.631578947368421,58,,,,20211.0
Y4,wf2021,2021,raw,turn,retained,quarter,60,95.41666666666669,93.18333333333334,0.978518325641374,0.0033033394636564,0.0024005204578645,0.2090757672474056,,,0.9400920322510692,2.15,0.0,202105.0,,0.6049311553818623,0.75,60,,,,20212.0
Y4,wf2021,2021,raw,turn,retained,quarter,64,95.03125,89.171875,0.9632516815346246,0.0035385593666216,0.0027495351397621,0.208304441017388,,,0.9390975550011396,5.84375,0.0,202107.96875,,0.6928828552200657,0.640625,64,,,,20213.0
Y4,wf2021,2021,raw,turn,retained,quarter,61,99.04918032786884,91.18032786885246,0.9431950080546966,0.0025162602632974,0.0010664765276275,0.2169962314716061,,,0.9409987898738064,7.852459016393443,0.0,202111.11475409835,,0.2687520849621514,0.5901639344262295,61,,,,20214.0
Y4,wf2021,2021,band,return,entered,year,242,46.00826446280992,46.00826446280992,1.0,0.0041830708090918,0.0035479458982212,0.1175102318950656,0.0005046769457835,0.0004353927224836,0.9812907882923676,0.0,0.0,202106.63636363635,20212.53305785124,0.8940823663517617,0.6983471074380165,243,0.1266552216529389,0.109267447687018,,
Y4,wf2021,2021,band,return,initial,year,1,372.0,372.0,1.0,-0.0013729121960214,0.0002530581612282,1.0,-0.0013729121960214,0.0002530581612282,0.910694299919066,0.0,1.0,202101.0,20211.0,0.0637706566295182,1.0,243,-0.001423760795874,0.0002624306857181,,
Y4,wf2021,2021,band,return,retained,year,242,346.87603305785126,346.87603305785126,1.0,0.001104250854619,0.0004691259437483,0.8824897681049344,0.0009788996707962,0.0004130589832254,0.473439018892315,0.0,0.0,202106.63636363635,20212.53305785124,0.1182197378245956,0.5826446280991735,243,0.2456675618264867,0.1036625063087297,,
Y4,wf2021,2021,band,turn,entered,year,242,3.871900826446281,3.8677685950413214,0.9984276729559748,0.0052372042912598,0.0047420116882101,0.008474339390619,,,0.988566256315876,0.0,0.0,202106.63636363635,20212.53305785124,1.1949869454289652,0.6132075471698113,243,,,,
Y4,wf2021,2021,band,turn,initial,year,1,451.0,324.0,0.7184035476718403,-0.0006993849514029,0.0009265854058467,1.0,,,0.903987554538302,127.0,1.0,202101.0,20211.0,0.2334995222733739,1.0,243,,,,
Y4,wf2021,2021,band,turn,retained,year,242,452.57851239669424,346.87603305785126,0.7664472468546538,0.001104250854619,0.0004691259437483,0.991525660609381,,,0.537004372218932,105.58677685950413,0.0,202106.63636363635,20212.53305785124,0.1182197378245956,0.5826446280991735,243,,,,
Y4,wf2021,2021,band,return,entered,month,19,51.8421052631579,51.8421052631579,1.0,-0.000894494187153,0.003416426012884,0.1371889228479268,-6.278737479008834e-05,0.0004984982442651,0.9792207281711678,0.0,0.0,,20211.0,0.8609393552467897,0.631578947368421,20,-0.0150312975247471,0.1193404796770748,202101.0,
Y4,wf2021,2021,band,return,entered,month,15,51.8,51.8,1.0,0.006036487189462,0.0029915185546192,0.1362889515379752,0.0008023959676962,0.0004006424133359,0.9798861054240776,0.0,0.0,,20211.0,0.7538626757640514,0.6666666666666666,15,0.2022037838594656,0.100961888160669,202102.0,
Y4,wf2021,2021,band,return,entered,month,23,53.21739130434783,53.21739130434783,1.0,0.0040827888052612,0.0042206286328103,0.1390929554886157,0.0005846627411532,0.000574719844037,0.9816513337530764,0.0,0.0,,20211.0,1.0635984154682183,0.6956521739130435,23,0.1473350107706223,0.1448294006973478,202103.0,
Y4,wf2021,2021,band,return,entered,month,21,53.95238095238095,53.95238095238095,1.0,0.0050264033639775,0.0050275477105193,0.1400528276357567,0.0007123759503451,0.0007009258326735,0.9816243551855702,0.0,0.0,,20212.0,1.2669420230508752,0.8571428571428571,21,0.179518739486986,0.1766333098337425,202104.0,
Y4,wf2021,2021,band,return,entered,month,18,49.888888888888886,49.888888888888886,1.0,0.0065404871631444,0.0034761826746731,0.1287122412349306,0.0008616595179076,0.0004500846019978,0.980297862537318,0.0,0.0,,20212.0,0.8759980340176403,0.7222222222222222,18,0.21713819851272,0.1134213197034544,202105.0,
Y4,wf2021,2021,band,return,entered,month,21,46.66666666666666,46.66666666666666,1.0,0.004686119681483,0.004732039165654,0.1194589677419147,0.0005565351321967,0.0005690942766239,0.9809176242518584,0.0,0.0,,20212.0,1.1924738697448305,0.7619047619047619,21,0.1402468533135893,0.143411757709224,202106.0,
Y4,wf2021,2021,band,return,entered,month,22,44.45454545454545,44.45454545454545,1.0,0.0073491908774004,0.0066182467402488,0.112687271125262,0.0008027464306412,0.0007426892727587,0.9810072951158596,0.0,0.0,,20213.0,1.6677981785427065,0.8636363636363636,22,0.2022921005215947,0.1871576967352058,202107.0,
Y4,wf2021,2021,band,return,entered,month,22,44.81818181818182,44.81818181818182,1.0,0.004045437953172,0.0024688249175332,0.1129359092261196,0.0004543502544395,0.0002737325842329,0.9795599064567352,0.0,0.0,,20213.0,0.622143879218371,0.6363636363636364,22,0.1144962641187733,0.0689806112267017,202108.0,
Y4,wf2021,2021,band,return,entered,month,20,42.5,42.5,1.0,0.0049174375164966,0.0049308728806156,0.1063619373549186,0.0005775507993375,0.0005534836605782,0.9808148786228597,0.0,0.0,,20213.0,1.242579965915151,0.7,20,0.1455428014330611,0.1394778824657276,202109.0,
Y4,wf2021,2021,band,return,entered,month,16,38.75,38.75,1.0,0.0006424771090003,0.002378416049583,0.0958734912544358,4.793858393734988e-05,0.0002353869552113,0.9845308657964909,0.0,0.0,,20214.0,0.5993608444949273,0.625,16,0.0120805231522121,0.0593175127132552,202110.0,
Y4,wf2021,2021,band,return,entered,month,22,38.36363636363637,38.36363636363637,1.0,0.0056531389648579,0.0016323192416528,0.094713268272804,0.0005560397201375,0.0001671852547289,0.9834188587968968,0.0,0.0,,20214.0,0.4113444488965295,0.6363636363636364,22,0.1401220094746681,0.0421306841916838,202111.0,
Y4,wf2021,2021,band,return,entered,month,23,37.34782608695652,37.34782608695652,1.0,0.0017163498490662,0.0005096630223414,0.0918360788315737,0.0001511982668865,4.427015230930194e-05,0.9824207315926626,0.0,0.0,,20214.0,0.1284350816300428,0.5652173913043478,23,0.0381019632554069,0.011156078381944,202112.0,
Y4,wf2021,2021,band,return,initial,month,1,372.0,372.0,1.0,-0.0013729121960214,0.0002530581612282,1.0,-0.0013729121960214,0.0002530581612282,0.910694299919066,0.0,1.0,,20211.0,0.0637706566295182,1.0,20,-0.0172986936698697,0.0031885328314759,202101.0,
Y4,wf2021,2021,band,return,retained,month,19,326.10526315789474,326.10526315789474,1.0,-0.0042642312358891,4.66889641480092e-05,0.8628110771520731,-0.0037117150527563,3.791952822549325e-05,0.5580398929076241,0.0,0.0,,20211.0,0.0117656189652983,0.4210526315789473,20,-0.8885845836298799,0.009077935057183,202101.0,
Y4,wf2021,2021,band,return,retained,month,15,328.26666666666665,328.26666666666665,1.0,0.0036050774464808,0.0005601088116379,0.8637110484620247,0.0031278862584854,0.0004846711780029,0.5323305970486699,0.0,0.0,,20211.0,0.1411474205327716,0.5333333333333333,15,0.7882273371383387,0.1221371368567441,202102.0,
Y4,wf2021,2021,band,return,retained,month,23,329.3478260869565,329.3478260869565,1.0,-4.319816506478307e-05,9.464166248438128e-05,0.8609070445113842,-7.328969922517552e-05,7.449302544015745e-05,0.4660119681907198,0.0,0.0,,20211.0,0.023849698946064,0.391304347826087,23,-0.0184690042047442,0.0187722424109196,202103.0,
Y4,wf2021,2021,band,return,retained,month,21,331.23809523809524,331.23809523809524,1.0,0.0004466608833259,0.0004478052298677,0.8599471723642431,0.0003682447263726,0.000380839190586,0.4468577486523393,0.0,0.0,,20212.0,0.1128469179266834,0.6666666666666666,21,0.0927976710458962,0.0959714760276734,202104.0,
Y4,wf2021,2021,band,return,retained,month,18,337.6666666666667,337.6666666666667,1.0,0.0043729455094266,0.0013086410209554,0.8712877587650694,0.0037918913980103,0.0011391618254489,0.4452377131975729,0.0,0.0,,20212.0,0.329777537280767,0.7222222222222222,18,0.9555566322986204,0.2870687800131264,202105.0,
Y4,wf2021,2021,band,return,retained,month,21,344.0,344.0,1.0,0.0013861655776432,0.0014320850618143,0.8805410322580852,0.0012291297481846,0.0012624900879285,0.4430887964686797,0.0,0.0,,20212.0,0.3608854355772071,0.7619047619047619,21,0.309740696542521,0.3181475021579901,202106.0,
Y4,wf2021,2021,band,return,retained,month,22,350.0,350.0,1.0,0.0014623170527266,0.0007313729155749,0.8873127288747379,0.0013223244822701,0.000651437503001,0.4641067008292842,0.0,0.0,,20213.0,0.184305974724897,0.5909090909090909,22,0.3332257695320832,0.164162250756261,202107.0,
Y4,wf2021,2021,band,return,retained,month,22,352.0,352.0,1.0,0.000804875261804,-0.0007717377738347,0.8870640907738803,0.0007091879061776,-0.0006868074592545,0.4680604219563083,0.0,0.0,,20213.0,-0.1944779190063686,0.3636363636363636,22,0.1787153523567603,-0.1730754797321527,202108.0,
Y4,wf2021,2021,band,return,retained,month,20,357.0,357.0,1.0,0.0004523036858637,0.0004657390499827,0.8936380626450815,0.0003806269627639,0.0004181294656422,0.4814969292538986,0.0,0.0,,20213.0,0.1173662405956549,0.65,20,0.0959179946165244,0.1053686253418478,202109.0,
Y4,wf2021,2021,band,return,retained,month,16,365.4375,365.4375,1.0,-0.0008485543218504,0.0008873846187322,0.904126508745564,-0.000742913360237,0.0008055772090716,0.4565869783633537,0.0,0.0,,20214.0,0.2236209239205304,0.6875,16,-0.1872141667797454,0.2030054566860466,202110.0,
Y4,wf2021,2021,band,return,retained,month,22,366.6363636363636,366.6363636363636,1.0,0.0049644539085554,0.0009436341853503,0.905286731727196,0.0044827552587065,0.0008507900009101,0.4536817659829493,0.0,0.0,,20214.0,0.2377958147082925,0.8181818181818182,22,1.1296543251940507,0.2143990802293581,202111.0,
Y4,wf2021,2021,band,return,retained,month,23,369.3043478260869,369.3043478260869,1.0,0.0010173347857989,-0.0001893520409259,0.9081639211684264,0.0009280414209209,-0.0001717172912266,0.4843081872035428,0.0,0.0,,20214.0,-0.0477167143133362,0.4347826086956521,23,0.2338664380720759,-0.0432727573891224,202112.0,
Y4,wf2021,2021,band,turn,entered,month,19,4.789473684210527,4.789473684210527,1.0,0.0036809101998811,0.0079918303999182,0.0104953661649969,,,0.9877162125744468,0.0,0.0,,20211.0,2.0139412607793914,0.6842105263157895,20,,,202101.0,
Y4,wf2021,2021,band,turn,entered,month,15,3.533333333333333,3.533333333333333,1.0,0.0004024342608393,-0.0008860379814149,0.0077452095537733,,,0.988698727795502,0.0,0.0,,20211.0,-0.2232815713165727,0.5384615384615384,15,,,202102.0,
Y4,wf2021,2021,band,turn,entered,month,23,2.9130434782608696,2.9130434782608696,1.0,0.0128142513362363,0.0115990551427264,0.0063659991096605,,,0.9912919440177504,0.0,0.0,,20211.0,2.922961895967064,0.7222222222222222,23,,,202103.0,
Y4,wf2021,2021,band,turn,entered,month,21,3.142857142857143,3.095238095238096,0.9814814814814814,0.0037803854842536,0.0035153466697107,0.0068674599204825,,,0.9898131080389148,0.0,0.0,,20212.0,0.8858673607671197,0.7222222222222222,21,,,202104.0,
Y4,wf2021,2021,band,turn,entered,month,18,3.6666666666666665,3.6666666666666665,1.0,0.0095707906169816,0.0062807270132571,0.0080186291096262,,,0.9881308046791918,0.0,0.0,,20212.0,1.582743207340795,0.6153846153846154,18,,,202105.0,
Y4,wf2021,2021,band,turn,entered,month,21,4.380952380952381,4.380952380952381,1.0,0.0090655630317204,0.0090892002095721,0.0095973554081946,,,0.9876919354838708,0.0,0.0,,20212.0,2.2904784528121693,0.7,21,,,202106.0,
Y4,wf2021,2021,band,turn,entered,month,22,4.090909090909091,4.090909090909091,1.0,0.0032399130320011,0.0030830029256271,0.0089455126984717,,,0.9879630568356376,0.0,0.0,,20213.0,0.7769167372580457,0.65,22,,,202107.0,
Y4,wf2021,2021,band,turn,entered,month,22,4.727272727272728,4.727272727272728,1.0,0.0088074980841309,0.007230885048492,0.0103646206353988,,,0.9863949983708048,0.0,0.0,,20213.0,1.8221830322200063,0.5,22,,,202108.0,
Y4,wf2021,2021,band,turn,entered,month,20,4.85,4.85,1.0,0.0041208223932153,0.0022773985663152,0.0106076711558434,,,0.9887212941628264,0.0,0.0,,20213.0,0.573904438711434,0.5,20,,,202109.0,
Y4,wf2021,2021,band,turn,entered,month,16,3.125,3.125,1.0,-0.0048015827560183,-0.0007325778986629,0.0068155128040657,,,0.990505376344086,0.0,0.0,,20214.0,-0.1846096304630657,0.4615384615384615,16,,,202110.0,
Y4,wf2021,2021,band,turn,entered,month,22,4.0,4.0,1.0,0.0039743614146516,3.368850224974628e-05,0.0087565501389502,,,0.9888604036974156,0.0,0.0,,20214.0,0.008489502566936,0.5789473684210527,22,,,202111.0,
Y4,wf2021,2021,band,turn,entered,month,23,3.1739130434782608,3.1739130434782608,1.0,0.0044330810143789,0.0038663347891577,0.0069572583611565,,,0.9882150171896716,0.0,0.0,,20214.0,0.9743163668677454,0.6190476190476191,23,,,202112.0,
Y4,wf2021,2021,band,turn,initial,month,1,451.0,324.0,0.7184035476718403,-0.0006993849514029,0.0009265854058467,1.0,,,0.903987554538302,127.0,1.0,,20211.0,0.2334995222733739,1.0,20,,,202101.0,
Y4,wf2021,2021,band,turn,retained,month,19,451.7368421052632,326.10526315789474,0.7218647725155751,-0.0042642312358891,4.66889641480092e-05,0.9895046338350032,,,0.5983054058344465,125.57894736842104,0.0,,20211.0,0.0117656189652983,0.4210526315789473,20,,,202101.0,
Y4,wf2021,2021,band,turn,retained,month,15,452.4666666666666,328.26666666666665,0.7254915511747899,0.0036050774464808,0.0005601088116379,0.9922547904462266,,,0.57129882913519,124.13333333333334,0.0,,20211.0,0.1411474205327716,0.5333333333333333,15,,,202102.0,
Y4,wf2021,2021,band,turn,retained,month,23,453.9130434782609,329.3478260869565,0.725569261704046,-4.319816506478307e-05,9.464166248438128e-05,0.9936340008903394,,,0.5403029278404364,124.43478260869566,0.0,,20211.0,0.023849698946064,0.391304347826087,23,,,202103.0,
Y4,wf2021,2021,band,turn,retained,month,21,453.95238095238096,331.23809523809524,0.7296679335749792,0.0004466608833259,0.0004478052298677,0.9931325400795176,,,0.530480813250359,122.47619047619048,0.0,,20212.0,0.1128469179266834,0.6666666666666666,21,,,202104.0,
Y4,wf2021,2021,band,turn,retained,month,18,452.3888888888889,337.6666666666667,0.7463981798895465,0.0043729455094266,0.0013086410209554,0.9919813708903736,,,0.529852275068852,114.44444444444444,0.0,,20212.0,0.329777537280767,0.7222222222222222,18,,,202105.0,
Y4,wf2021,2021,band,turn,retained,month,21,451.95238095238096,344.0,0.7611306283277007,0.0013861655776432,0.0014320850618143,0.9904026445918056,,,0.5148063697309393,107.8095238095238,0.0,,20212.0,0.3608854355772071,0.7619047619047619,21,,,202106.0,
Y4,wf2021,2021,band,turn,retained,month,22,452.8636363636364,350.0,0.7728566425234333,0.0014623170527266,0.0007313729155749,0.9910544873015282,,,0.5316413312966097,102.72727272727272,0.0,,20213.0,0.184305974724897,0.5909090909090909,22,,,202107.0,
Y4,wf2021,2021,band,turn,retained,month,22,450.9090909090909,352.0,0.78063509562445,0.000804875261804,-0.0007717377738347,0.9896353793646012,,,0.5327551016967402,98.77272727272728,0.0,,20213.0,-0.1944779190063686,0.3636363636363636,22,,,202108.0,
Y4,wf2021,2021,band,turn,retained,month,20,451.35,357.0,0.7909423097292004,0.0004523036858637,0.0004657390499827,0.9893923288441564,,,0.5372266527412898,94.3,0.0,,20213.0,0.1173662405956549,0.65,20,,,202109.0,
Y4,wf2021,2021,band,turn,retained,month,16,454.875,365.4375,0.8033683424211239,-0.0008485543218504,0.0008873846187322,0.9931844871959344,,,0.516199199629071,89.4375,0.0,,20214.0,0.2236209239205304,0.6875,16,,,202110.0,
Y4,wf2021,2021,band,turn,retained,month,22,452.27272727272725,366.6363636363636,0.8106524568478881,0.0049644539085554,0.0009436341853503,0.9912434498610498,,,0.51524874790362,85.63636363636364,0.0,,20214.0,0.2377958147082925,0.8181818181818182,22,,,202111.0,
Y4,wf2021,2021,band,turn,retained,month,23,452.5652173913044,369.3043478260869,0.8160212075225349,0.0010173347857989,-0.0001893520409259,0.9930427416388432,,,0.5368051985347084,83.1304347826087,0.0,,20214.0,-0.0477167143133362,0.4347826086956521,23,,,202112.0,
Y4,wf2021,2021,band,return,entered,quarter,57,52.3859649122807,52.3859649122807,1.0,0.0029378256281935,0.0036291110722583,0.137720382165235,0.0004261442533501,0.0005035027939286,0.980376598121651,0.0,0.0,202102.0701754386,,0.9145359902091016,0.6666666666666666,58,0.1055368285365751,0.124695071241216,,20211.0
Y4,wf2021,2021,band,return,entered,quarter,60,50.18333333333333,50.18333333333333,1.0,0.0053615292148545,0.0044587102090626,0.1294428007526642,0.0007026167342619,0.0005795324188534,0.9809790515642954,0.0,0.0,202105.0,,1.1235949726837893,0.7833333333333333,60,0.1770594170340174,0.1460421695510746,,20212.0
Y4,wf2021,2021,band,return,entered,quarter,64,43.96875,43.96875,1.0,0.0054536028844145,0.0046645786575549,0.1107960736691995,0.0006126116102895,0.0005223586572716,0.980449625110223,0.0,0.0,202107.96875,,1.1754738217038552,0.734375,64,0.1543781257929581,0.1316343816324456,,20213.0
Y4,wf2021,2021,band,return,entered,quarter,61,38.08196721311475,38.08196721311475,1.0,0.0028545038934328,0.001404720157763,0.0939327471344074,0.0002701221528592,0.00013872918673,0.983334189719784,0.0,0.0,202111.11475409835,,0.3539894797562866,0.6065573770491803,61,0.068070782520532,0.0349597550559646,,20214.0
Y4,wf2021,2021,band,return,initial,quarter,1,372.0,372.0,1.0,-0.0013729121960214,0.0002530581612282,1.0,-0.0013729121960214,0.0002530581612282,0.910694299919066,0.0,1.0,202101.0,,0.0637706566295182,1.0,58,-0.0059650667827137,0.0010994940798192,,20211.0
Y4,wf2021,2021,band,return,retained,quarter,57,327.9824561403509,327.9824561403509,1.0,-0.0004901366593187,0.000201148784746,0.8622796178347649,-0.0004436834246889,0.0001702434787974,0.5141402138484468,0.0,0.0,202102.0701754386,,0.050689493755995,0.4385964912280701,58,-0.1098804950384765,0.0421616780938961,,20211.0
Y4,wf2021,2021,band,return,retained,quarter,60,337.6333333333333,337.6333333333333,1.0,0.0019533729141672,0.0010505539083753,0.8705571992473357,0.0016966484854981,0.0009169137951147,0.4450526047516286,0.0,0.0,202105.0,,0.2647395849105918,0.7166666666666667,60,0.4275554183455322,0.2310622763689202,,20212.0
Y4,wf2021,2021,band,return,retained,quarter,64,352.875,352.875,1.0,0.0009206922599523,0.0001316680330928,0.8892039263308005,0.0008172783093926,0.000118507035551,0.4709002388493908,0.0,0.0,202107.96875,,0.0331803443393863,0.53125,64,0.2059541339669538,0.0298637729588646,,20213.0
Y4,wf2021,2021,band,return,retained,quarter,61,367.327868852459,367.327868852459,1.0,0.0019514724083932,0.0005016886727234,0.9060672528655924,0.00177178614113,0.0004533953715894,0.4659914559200004,0.0,0.0,202111.11475409835,,0.1264255455262982,0.639344262295082,61,0.4464901075647694,0.1142556336405378,,20214.0
Y4,wf2021,2021,band,turn,entered,quarter,57,3.701754385964912,3.701754385964912,1.0,0.0061165092648181,0.0069821855281825,0.0081054049116444,,,0.9892589298515104,0.0,0.0,202102.0701754386,,1.7595107531020031,0.66,58,,,,20211.0
Y4,wf2021,2021,band,turn,entered,quarter,60,3.733333333333333,3.716666666666667,0.9934640522875816,0.0073289897523869,0.0064060724591878,0.0081682740979248,,,0.9885524532393604,0.0,0.0,202105.0,,1.6143302597153313,0.6862745098039216,60,,,,20212.0
Y4,wf2021,2021,band,turn,entered,quarter,64,4.546875,4.546875,1.0,0.005594765116937,0.0044341018386278,0.009952755569719,,,0.9875774449564771,0.0,0.0,202107.96875,,1.117393663334207,0.5517241379310345,64,,,,20213.0
Y4,wf2021,2021,band,turn,entered,quarter,61,3.459016393442623,3.459016393442623,1.0,0.0020035281575867,0.0013643320647629,0.0075690041021074,,,0.9890081683718324,0.0,0.0,202111.11475409835,,0.3438116803202752,0.5660377358490566,61,,,,20214.0
Y4,wf2021,2021,band,turn,initial,quarter,1,451.0,324.0,0.7184035476718403,-0.0006993849514029,0.0009265854058467,1.0,,,0.903987554538302,127.0,1.0,202101.0,,0.2334995222733739,1.0,58,,,,20211.0
Y4,wf2021,2021,band,turn,retained,quarter,57,452.8070175438597,327.9824561403509,0.7243139818352781,-0.0004901366593187,0.000201148784746,0.9918945950883556,,,0.5677939033019714,124.73684210526316,0.0,202102.0701754386,,0.050689493755995,0.4385964912280701,58,,,,20211.0
Y4,wf2021,2021,band,turn,retained,quarter,60,452.78333333333336,337.6333333333333,0.7456989506328018,0.0019533729141672,0.0010505539083753,0.991831725902075,,,0.5248061965641101,114.93333333333334,0.0,202105.0,,0.2647395849105918,0.7166666666666667,60,,,,20212.0
Y4,wf2021,2021,band,turn,retained,quarter,64,451.71875,352.875,0.7811822567787099,0.0009206922599523,0.0001316680330928,0.990047244430281,,,0.5337696028231171,98.734375,0.0,202107.96875,,0.0331803443393863,0.53125,64,,,,20213.0
Y4,wf2021,2021,band,turn,retained,quarter,61,453.0655737704918,367.327868852459,0.8107661524985218,0.0019514724083932,0.0005016886727234,0.9924309958978929,,,0.523625888758083,85.68852459016394,0.0,202111.11475409835,,0.1264255455262982,0.639344262295082,61,,,,20214.0
Market,wf2021,2021,raw,return,entered,year,242,340.5206611570248,340.5206611570248,1.0,0.0021758089540109,0.0015406840431403,0.8664019314578316,0.0021199621800382,0.001390687675942,0.890784671452384,0.0,0.0,202106.63636363635,20212.53305785124,0.3882523788713747,0.5991735537190083,243,0.5320319900718233,0.3490110997104874,,
Market,wf2021,2021,raw,return,initial,year,1,372.0,372.0,1.0,0.0025711985680427,0.0041971689252924,1.0,0.0025711985680427,0.0041971689252924,0.9317886460862528,0.0,1.0,202101.0,20211.0,1.057686569173688,1.0,243,0.0026664281446369,0.0043526196262291,,
Market,wf2021,2021,raw,return,retained,year,242,52.36363636363637,52.36363636363637,1.0,8.08286093674359e-05,-0.0002698027955783,0.1335980685421683,0.0001404124822238,0.0002345620754494,0.906424587298107,0.0,0.0,202106.63636363635,20212.53305785124,-0.0679903044857456,0.5621890547263682,243,0.0352383325758844,0.0588663934535425,,
Market,wf2021,2021,raw,turn,entered,year,242,338.62396694214874,236.103305785124,0.6325755108905748,0.0037449510775947,0.0028900567592396,0.7419664028762409,,,0.9281342555776688,102.41322314049587,0.0,202106.63636363635,20212.53305785124,0.7282943033283871,0.6183574879227053,243,,,,
Market,wf2021,2021,raw,turn,initial,year,1,451.0,451.0,1.0,0.0026159586801662,0.0042419290374159,1.0,,,0.923282073289941,0.0,1.0,202101.0,20211.0,1.0689661174288203,1.0,243,,,,
Market,wf2021,2021,raw,turn,retained,year,242,117.82644628099172,45.48760330578512,0.7377089107295637,0.0001639180679188,0.0001444275743438,0.258033597123759,,,0.9367585915534138,72.30165289256199,0.0,202106.63636363635,20212.53305785124,0.036395748734657,0.6190476190476191,243,,,,
Market,wf2021,2021,raw,return,entered,month,19,304.6842105263158,304.6842105263158,1.0,-0.0016748112886077,0.0026361089114293,0.8064240912543827,0.0002367828190008,0.0029802528088631,0.8916470605327661,0.0,0.0,,20211.0,0.6642994456801912,0.6842105263157895,20,0.0566858068688055,0.7134725224418497,202101.0,
Market,wf2021,2021,raw,return,entered,month,15,315.3333333333333,315.3333333333333,1.0,0.0037016621947767,0.0006566935599338,0.8298018180045158,0.0036253689208576,0.000504574919361,0.8956599496725502,0.0,0.0,,20211.0,0.1654867771033396,0.6,15,0.9135929680561368,0.12715287967898,202102.0,
Market,wf2021,2021,raw,return,entered,month,23,347.8695652173913,347.8695652173913,1.0,0.0020784429356927,0.0022162827632418,0.9093215050255088,0.0019023943104914,0.0019866185805484,0.8577719683080971,0.0,0.0,,20211.0,0.5585032563369582,0.5652173913043478,23,0.4794033662438579,0.5006278822982119,202103.0,
Market,wf2021,2021,raw,return,entered,month,21,350.1904761904762,350.1904761904762,1.0,0.0021024785438284,0.0021036228903702,0.9092746330636592,0.0016290915366154,0.0018386190230035,0.8651569313303197,0.0,0.0,,20212.0,0.5301129683733026,0.6666666666666666,21,0.4105310672270891,0.463331993796898,202104.0,
Market,wf2021,2021,raw,return,entered,month,18,322.94444444444446,322.94444444444446,1.0,0.0034225884468679,0.0003582839583967,0.8332872555543495,0.0029324994507138,0.0002484115411785,0.929978478738246,0.0,0.0,,20212.0,0.090287557515974,0.5555555555555556,18,0.7389898615798999,0.0625997083769848,202105.0,
Market,wf2021,2021,raw,return,entered,month,21,308.3809523809524,308.3809523809524,1.0,0.000738904002494,0.000784823486665,0.7892401650515165,0.0008254317555058,0.000692957154287,0.9211889334934716,0.0,0.0,,20212.0,0.1977755186395981,0.4761904761904761,21,0.2080088023874687,0.1746252028803422,202106.0,
Market,wf2021,2021,raw,return,entered,month,22,314.04545454545456,314.04545454545456,1.0,0.0036169853905518,0.0028860412534001,0.7962449033764709,0.0034033090208488,0.0022871682610063,0.9116903708240588,0.0,0.0,,20213.0,0.7272823958568457,0.7272727272727273,22,0.8576338732539046,0.5763664017736072,202107.0,
Market,wf2021,2021,raw,return,entered,month,22,364.95454545454544,364.95454545454544,1.0,0.0039459068981565,0.0023692938625177,0.9196789168962862,0.003627086680627,0.002368047802666,0.8707808681750611,0.0,0.0,,20213.0,0.597062053354462,0.6363636363636364,22,0.9140258435180172,0.5967480462718355,202108.0,
Market,wf2021,2021,raw,return,entered,month,20,377.95,377.95,1.0,0.0012055053523788,0.0012189407164979,0.9459984927610006,0.0012868085340883,0.0010923247725775,0.8578756290460501,0.0,0.0,,20213.0,0.3071730605574723,0.6,20,0.3242757505902752,0.2752658426895509,202109.0,
Market,wf2021,2021,raw,return,entered,month,16,366.6875,366.6875,1.0,-0.0006308984891192,0.0011050404514634,0.907435053902689,-0.001229601600754,0.0008574699045695,0.8836799241655445,0.0,0.0,,20214.0,0.2784701937687888,0.4375,16,-0.3098596033900196,0.2160824159515217,202110.0,
Market,wf2021,2021,raw,return,entered,month,22,361.59090909090907,361.59090909090907,1.0,0.0055821474994636,0.0015613277762585,0.8927999761004943,0.0050533996341178,0.0013081633817572,0.8993768729130676,0.0,0.0,,20214.0,0.3934545996171634,0.6818181818181818,22,1.2734567077977086,0.3296571722028242,202111.0,
Market,wf2021,2021,raw,return,entered,month,23,344.5217391304348,344.5217391304348,1.0,0.0013285142971206,0.0001218274703957,0.8472587910885216,0.0014852325806047,9.851712513507014e-05,0.909348531171914,0.0,0.0,,20214.0,0.030700522539741,0.5217391304347826,23,0.3742786103124005,0.0248263155340376,202112.0,
Market,wf2021,2021,raw,return,initial,month,1,372.0,372.0,1.0,0.0025711985680427,0.0041971689252924,1.0,0.0025711985680427,0.0041971689252924,0.9317886460862528,0.0,1.0,,20211.0,1.057686569173688,1.0,20,0.0323971019573387,0.0528843284586844,202101.0,
Market,wf2021,2021,raw,return,retained,month,19,73.26315789473684,73.26315789473684,1.0,-0.0062237147397142,-0.0004813876951298,0.1935759087456173,-0.0014333597811386,0.0001340904290361,0.9089980223654918,0.0,0.0,,20211.0,-0.1213096991727312,0.7058823529411765,20,-0.3431463316045861,0.0321012487112546,202101.0,
Market,wf2021,2021,raw,return,retained,month,15,64.73333333333333,64.73333333333333,1.0,0.0023955625137115,0.0013365970921911,0.170198181995484,0.000272019608347,0.0003478449750008,0.9020508866286332,0.0,0.0,,20211.0,0.3368224672321803,0.5833333333333334,15,0.0685489413034484,0.0876569337002143,202102.0,
Market,wf2021,2021,raw,return,retained,month,23,34.69565217391305,34.69565217391305,1.0,-0.0046206633763107,-0.0052040346327468,0.0906784949744909,0.0002055370904844,0.0002591526479766,0.8837366755267473,0.0,0.0,,20211.0,-1.3114167274522002,0.4375,23,0.0517953468020754,0.065306467290111,202103.0,
Market,wf2021,2021,raw,return,retained,month,21,35.0,35.0,1.0,0.0011934354992145,-0.0003449491205407,0.0907253669363407,0.0006055963776292,0.0003972132377829,0.8804490752217334,0.0,0.0,,20212.0,-0.0869271783762785,0.6111111111111112,21,0.1526102871625831,0.1000977359213079,202104.0,
Market,wf2021,2021,raw,return,retained,month,18,64.61111111111111,64.61111111111111,1.0,0.0046989645662918,0.0016346600778205,0.1667127444456505,0.0007589185560419,0.000378701977106,0.936425336367701,0.0,0.0,,20212.0,0.411934339610775,0.6111111111111112,18,0.1912474761225617,0.095432898230717,202105.0,
Market,wf2021,2021,raw,return,retained,month,21,82.28571428571429,82.28571428571429,1.0,0.0005558677819944,0.0008988759796954,0.2107598349484834,0.0003825545405678,0.0005609486259576,0.9305997891297848,0.0,0.0,,20212.0,0.2265167468832622,0.65,21,0.096403744223107,0.1413590537413374,202106.0,
Market,wf2021,2021,raw,return,retained,month,22,80.4090909090909,80.4090909090909,1.0,0.0042778193281799,0.003892964892077,0.2037550966235291,0.0003004310117584,0.0006856276344492,0.915731569864463,0.0,0.0,,20213.0,0.981027152803406,0.7142857142857143,22,0.0757086149631368,0.1727781638812232,202107.0,
Market,wf2021,2021,raw,return,retained,month,22,31.863636363636363,31.863636363636363,1.0,0.0031550571313444,0.0016894749671833,0.0803210831037137,0.0003414006522888,2.3826494611038303e-05,0.8942042538341273,0.0,0.0,,20213.0,0.4257476917302042,0.5882352941176471,22,0.0860329643767841,0.0060042766419816,202108.0,
Market,wf2021,2021,raw,return,retained,month,20,21.55,21.55,1.0,-0.0062620834971041,-0.0031866360077561,0.0540015072389994,-0.0003005617065816,-9.264258095187538e-05,0.874941564400242,0.0,0.0,,20213.0,-0.8030322739545492,0.3333333333333333,20,-0.0757415500585868,-0.0233459303998725,202109.0,
Market,wf2021,2021,raw,return,retained,month,16,37.5,37.5,1.0,-0.003799864001405,-0.0024169974637932,0.092564946097311,0.0007090092044833,0.0003578766397424,0.8930064208510832,0.0,0.0,,20214.0,-0.6090833608758887,0.5833333333333334,16,0.1786703195298108,0.0901849132151046,202110.0,
Market,wf2021,2021,raw,return,retained,month,22,43.40909090909091,43.40909090909091,1.0,0.0007538487661915,-0.0023687690596976,0.1072000238995058,0.0003104878541495,3.490438330515123e-05,0.9077730404893888,0.0,0.0,,20214.0,-0.5969298030438127,0.3684210526315789,22,0.0782429392456906,0.0087959045928981,202111.0,
Market,wf2021,2021,raw,return,retained,month,23,62.130434782608695,62.130434782608695,1.0,-0.0002628716407294,-0.0012634877412493,0.1527412089114784,-0.000360418978168,-0.0001803903494232,0.9176440384582556,0.0,0.0,,20214.0,-0.3183989107948416,0.4545454545454545,23,-0.0908255824983524,-0.0454583680546508,202112.0,
Market,wf2021,2021,raw,turn,entered,month,19,333.2631578947368,234.42105263157896,0.6813490279675233,-0.0009721844361161,0.0044545410299721,0.7303107356590096,,,0.9232526618893712,98.78947368421052,0.0,,20211.0,1.1225443395529753,0.6470588235294118,20,,,202101.0,
Market,wf2021,2021,raw,turn,entered,month,15,376.73333333333335,259.06666666666666,0.7029761371881444,0.000973015837017,-0.0006869871759848,0.8265012454400693,,,0.9238433800149436,117.6,0.0,,20211.0,-0.1731207683481848,0.6153846153846154,15,,,202102.0,
Market,wf2021,2021,raw,turn,entered,month,23,310.0869565217391,180.7826086956522,0.4605443480347668,0.0037176078842598,0.003250706018558,0.6791324060416172,,,0.9194487397514932,129.2173913043478,0.0,,20211.0,0.8191779166766354,0.6666666666666666,23,,,202103.0,
Market,wf2021,2021,raw,turn,entered,month,21,329.1904761904762,197.0952380952381,0.528773895119344,0.0049552316654013,0.0043100828496198,0.7200470805386664,,,0.9244006440324648,131.95238095238096,0.0,,20212.0,1.08614087810421,0.7,21,,,202104.0,
Market,wf2021,2021,raw,turn,entered,month,18,386.72222222222223,350.72222222222223,0.913489048878618,0.0042437364234174,0.0011794319349461,0.8480470816127634,,,0.9295511123064456,35.611111111111114,0.0,,20212.0,0.2972168476064374,0.5,18,,,202105.0,
Market,wf2021,2021,raw,turn,entered,month,21,359.3809523809524,308.95238095238096,0.8603141021175085,0.0017058975738915,0.0012227381090497,0.7875142953390725,,,0.9307090907862148,50.333333333333336,0.0,,20212.0,0.308130003480526,0.45,21,,,202106.0,
Market,wf2021,2021,raw,turn,entered,month,22,385.09090909090907,276.3636363636364,0.7560031730341933,0.0055297750836575,0.005900663217385,0.8428566399666831,,,0.9304329181598824,108.63636363636364,0.0,,20213.0,1.486967130781024,0.7619047619047619,22,,,202107.0,
Market,wf2021,2021,raw,turn,entered,month,22,307.1818181818182,183.8636363636364,0.496894085635871,0.010028990326949,0.0062447248713776,0.6739825074489569,,,0.9297880347757916,123.1818181818182,0.0,,20213.0,1.5736706675871712,0.8235294117647058,22,,,202108.0,
Market,wf2021,2021,raw,turn,entered,month,20,258.25,133.15,0.3319903494026118,0.000997068945956,-0.0004429203885382,0.566098584842395,,,0.9301167534721924,125.1,0.0,,20213.0,-0.1116159379116344,0.6363636363636364,20,,,202109.0,
Market,wf2021,2021,raw,turn,entered,month,16,298.625,189.625,0.4851141325403104,-0.0026559745810707,-0.0007033636635523,0.652088452052382,,,0.9312808284717656,108.875,0.0,,20214.0,-0.1772476432151835,0.4615384615384615,16,,,202110.0,
Market,wf2021,2021,raw,turn,entered,month,22,377.09090909090907,258.90909090909093,0.6575517601418647,0.0135635902864043,0.0089091260936776,0.8265124392945032,,,0.9325922996101876,118.1818181818182,0.0,,20214.0,2.2450997756067674,0.7,22,,,202111.0,
Market,wf2021,2021,raw,turn,entered,month,23,345.30434782608694,268.7391304347826,0.737187725963726,-0.0009373255895927,-0.001974650895085,0.7578105781825856,,,0.9316423141600004,76.43478260869566,0.0,,20214.0,-0.4976120255614359,0.4545454545454545,23,,,202112.0,
Market,wf2021,2021,raw,turn,initial,month,1,451.0,451.0,1.0,0.0026159586801662,0.0042419290374159,1.0,,,0.923282073289941,0.0,1.0,,20211.0,1.0689661174288203,1.0,20,,,202101.0,
Market,wf2021,2021,raw,turn,retained,month,19,123.26315789473684,73.10526315789474,0.7435821116372245,-0.008671433188912,-0.0014415901261387,0.2696892643409903,,,0.9299443793596588,50.1578947368421,0.0,,20211.0,-0.3632807117869747,0.6,20,,,202101.0,
Market,wf2021,2021,raw,turn,retained,month,15,79.26666666666667,61.86666666666667,0.9,0.0026200043128728,0.003888748405747,0.1734987545599305,,,0.9420900338985388,17.4,0.0,,20211.0,0.9799645982482548,0.8888888888888888,15,,,202102.0,
Market,wf2021,2021,raw,turn,retained,month,23,146.7391304347826,27.347826086956523,0.5159649122807018,0.0006413936102607,-0.0004978051562757,0.3208675939583829,,,0.9264037895078636,119.3913043478261,0.0,,20211.0,-0.1254468993814827,0.6363636363636364,23,,,202103.0,
Market,wf2021,2021,raw,turn,retained,month,21,127.9047619047619,23.0,0.6010074076319831,-0.0003783851889546,-0.0017853051703022,0.2799529194613335,,,0.928594252066302,104.8095238095238,0.0,,20212.0,-0.4498969029161693,0.5714285714285714,21,,,202104.0,
Market,wf2021,2021,raw,turn,retained,month,18,69.33333333333333,69.11111111111111,0.9980538672127458,0.0049533068160708,0.0018890023275995,0.1519529183872366,,,0.9420243796530426,0.1111111111111111,0.0,,20212.0,0.4760285865550837,0.6666666666666666,18,,,202105.0,
Market,wf2021,2021,raw,turn,retained,month,21,96.95238095238096,83.52380952380952,0.9496688741721856,0.0010071107728974,0.0008088300091918,0.2124857046609274,,,0.9390330849712004,13.38095238095238,0.0,,20212.0,0.2038251623163362,0.6842105263157895,21,,,202106.0,
Market,wf2021,2021,raw,turn,retained,month,22,71.86363636363636,71.72727272727273,0.9988042949187044,0.0033219937686805,0.005150087238023,0.1571433600333167,,,0.946770955694776,0.0,0.0,,20213.0,1.2978219839818117,0.6842105263157895,22,,,202107.0,
Market,wf2021,2021,raw,turn,retained,month,22,148.45454545454547,20.40909090909091,0.555704099821747,0.0088070032144423,0.0052269920465978,0.3260174925510431,,,0.9350058099966952,128.04545454545453,0.0,,20213.0,1.3172019957426695,0.6363636363636364,22,,,202108.0,
Market,wf2021,2021,raw,turn,retained,month,20,197.95,6.2,0.3125,-0.0173103536357954,-0.0117243739482803,0.433901415157605,,,0.9310686423176936,191.75,0.0,,20213.0,-2.9545422349666497,0.4,20,,,202109.0,
Market,wf2021,2021,raw,turn,retained,month,16,159.375,29.5,0.5415502645502647,-0.0046155781681205,-0.0024042943156997,0.347911547947618,,,0.9372309486640188,129.875,0.0,,20214.0,-0.605882167556329,0.6363636363636364,16,,,202110.0,
Market,wf2021,2021,raw,turn,retained,month,22,79.18181818181819,29.363636363636363,0.8421052631578947,0.0011411732485739,-0.0033061420009099,0.1734875607054967,,,0.9433483475186653,49.81818181818182,0.0,,20214.0,-0.8331477842293183,0.4375,22,,,202111.0,
Market,wf2021,2021,raw,turn,retained,month,23,110.43478260869566,57.04347826086956,0.8508740585279891,-0.0008476715463154,-0.0012695962522199,0.2421894218174145,,,0.9406797713347924,53.34782608695652,0.0,,20214.0,-0.3199382555594165,0.55,23,,,202112.0,
Market,wf2021,2021,raw,return,entered,quarter,57,324.9122807017544,324.9122807017544,1.0,0.001254521157176,0.0019458066012408,0.8540961336752232,0.0018006048511436,0.0019278185002005,0.8790341871280183,0.0,0.0,202102.0701754386,,0.4903432635126976,0.6140350877192983,58,0.4459291048590844,0.4774342230496648,,20211.0
Market,wf2021,2021,raw,return,entered,quarter,60,327.3833333333333,327.3833333333333,1.0,0.0020212604252732,0.0011184414194813,0.8444663560066165,0.0017388329874566,0.0009605751244052,0.9042145963098008,0.0,0.0,202105.0,,0.2818472377093075,0.5666666666666667,60,0.4381859128390651,0.2420649313501295,,20212.0
Market,wf2021,2021,raw,return,entered,quarter,64,351.515625,351.515625,1.0,0.0029764646468619,0.0021874404200023,0.8854733422065729,0.0028188261892849,0.0019415820133178,0.8808106224828381,0.0,0.0,202107.96875,,0.5512349858405972,0.65625,64,0.7103441996998092,0.4892786673561055,,20213.0
Market,wf2021,2021,raw,return,entered,quarter,61,356.4918032786885,356.4918032786885,1.0,0.0023486671802634,0.0008988834445935,0.8794674185522933,0.002060024847417,0.0007338525696701,0.8990194460277084,0.0,0.0,202111.11475409835,,0.226518628037578,0.5573770491803278,61,0.51912626154909,0.1849308475568745,,20214.0
Market,wf2021,2021,raw,return,initial,quarter,1,372.0,372.0,1.0,0.0025711985680427,0.0041971689252924,1.0,0.0025711985680427,0.0041971689252924,0.9317886460862528,0.0,1.0,202101.0,,1.057686569173688,1.0,58,0.0111714144680478,0.0182359753305808,,20211.0
Market,wf2021,2021,raw,return,retained,quarter,57,55.45614035087719,55.45614035087719,1.0,-0.0033552669873683,-0.0016757551074413,0.1459038663247768,-0.0003232664672857,0.0002408053277221,0.8981636406263314,0.0,0.0,202102.0701754386,,-0.4222902870752327,0.5777777777777777,58,-0.0800586126912458,0.0596366849551872,,20211.0
Market,wf2021,2021,raw,return,retained,quarter,60,60.43333333333333,60.43333333333333,1.0,0.0020925099431964,0.0007355770861597,0.1555336439933836,0.0005735283881815,0.000448967245441,0.91635241412867,0.0,0.0,202105.0,,0.1853654257122533,0.625,60,0.1445291538217601,0.1131397458511409,,20212.0
Market,wf2021,2021,raw,return,retained,quarter,64,45.328125,45.328125,1.0,0.0018534345883127,0.0017402896405516,0.114526657793427,0.0001267041012094,0.000214924050317,0.9001342417433206,0.0,0.0,202107.96875,,0.4385529894190224,0.5957446808510638,64,0.0319294335047894,0.0541608606798915,,20213.0
Market,wf2021,2021,raw,return,retained,quarter,61,48.91803278688525,48.91803278688525,1.0,-0.0006992154255711,-0.0019208926793822,0.1205325814477066,0.0001620531731993,3.844171527637681e-05,0.9085270502942074,0.0,0.0,202111.11475409835,,-0.4840649552043324,0.4528301886792453,61,0.0408373996462304,0.0096873122496469,,20214.0
Market,wf2021,2021,raw,turn,entered,quarter,57,335.35087719298247,219.26315789473685,0.5979437472632412,0.0011530264162477,0.0025679323222243,0.7349731227733232,,,0.921873198077308,116.01754385964912,0.0,202102.0701754386,,0.6471189452005269,0.6444444444444445,58,,,,20211.0
Market,wf2021,2021,raw,turn,entered,quarter,60,357.01666666666665,282.3333333333333,0.7602275136964837,0.0036139627656443,0.0022738998965934,0.7820606060410378,,,0.9281537408784716,74.48333333333333,0.0,202105.0,,0.573022773941562,0.5517241379310345,60,,,,20212.0
Market,wf2021,2021,raw,turn,entered,quarter,64,318.671875,199.8125,0.5344304168561508,0.0060731810351114,0.0045959617572364,0.6983192646873747,,,0.930112438031698,118.78125,0.0,202107.96875,,1.1581823628235803,0.7551020408163265,64,,,,20213.0
Market,wf2021,2021,raw,turn,entered,quarter,61,344.5245901639344,244.44262295081967,0.6423488941136342,0.0039295086036932,0.0022835722646454,0.7548579048445352,,,0.931890115945121,100.0,0.0,202111.11475409835,,0.5754602106906613,0.5454545454545454,61,,,,20214.0
Market,wf2021,2021,raw,turn,initial,quarter,1,451.0,451.0,1.0,0.0026159586801662,0.0042419290374159,1.0,,,0.923282073289941,0.0,1.0,202101.0,,1.0689661174288203,1.0,58,,,,20211.0
Market,wf2021,2021,raw,turn,retained,quarter,57,121.15789473684212,51.68421052631579,0.683570200677525,-0.0028410322658559,0.0002256864868745,0.2650268772266769,,,0.9311223214945435,69.47368421052632,0.0,202102.0701754386,,0.0568729946923817,0.6857142857142857,58,,,,20211.0
Market,wf2021,2021,raw,turn,retained,quarter,60,99.5,58.016666666666666,0.8444568145847033,0.0020195536221364,0.0004779517585726,0.2179393939589622,,,0.9363618202500832,41.4,0.0,202105.0,,0.1204438431603044,0.6470588235294118,60,,,,20212.0
Market,wf2021,2021,raw,turn,retained,quarter,64,137.59375,33.609375,0.6411312339669212,0.0020983756795662,0.0027636200083889,0.3016807353126253,,,0.938034924815554,103.9375,0.0,202107.96875,,0.6964322421140152,0.6285714285714286,64,,,,20213.0
Market,wf2021,2021,raw,turn,retained,quarter,61,112.0,39.83606557377049,0.7634838035880317,-0.0010524684850734,-0.0022284560538649,0.2451420951554647,,,0.9406610551062828,72.14754098360656,0.0,202111.11475409835,,-0.5615709255739798,0.5319148936170213,61,,,,20214.0
Market,wf2021,2021,band,return,entered,year,242,26.264462809917354,26.264462809917354,1.0,0.0047402043655986,0.0041578593656385,0.0652324077800007,0.0001343652333818,7.23621216121526e-05,0.9629461635453682,0.0,0.0,202106.63636363635,20212.53305785124,1.0477805601409036,0.5829383886255924,243,0.0337206970887159,0.018160212446072,,
Market,wf2021,2021,band,return,initial,year,1,372.0,372.0,1.0,0.0025711985680427,0.0041971689252924,1.0,0.0025711985680427,0.0041971689252924,0.9317886460862528,0.0,1.0,202101.0,20211.0,1.057686569173688,1.0,243,0.0026664281446369,0.0043526196262291,,
Market,wf2021,2021,band,return,retained,year,242,366.6198347107438,366.6198347107438,1.0,0.0012251766566883,0.0005900517458177,0.9347675922199992,0.0011443613988044,0.0005712395997035,0.5183338189995678,0.0,0.0,202106.63636363635,20212.53305785124,0.1486930399460664,0.5909090909090909,243,0.2871923273444151,0.143359982503381,,
Market,wf2021,2021,band,turn,entered,year,242,3.9421487603305785,3.128099173553719,0.8043115767753448,0.0050651054208707,0.0047015143515742,0.0086308179526556,,,0.9730178651164314,0.8099173553719008,0.0,202106.63636363635,20212.53305785124,1.184781616596719,0.5988700564971752,243,,,,
Market,wf2021,2021,band,turn,initial,year,1,451.0,451.0,1.0,0.0026159586801662,0.0042419290374159,1.0,,,0.923282073289941,0.0,1.0,202101.0,20211.0,1.0689661174288203,1.0,243,,,,
Market,wf2021,2021,band,turn,retained,year,242,452.5082644628099,382.8966942148761,0.8463355026505314,0.0010815147368312,0.0004463898259606,0.9913691820473444,,,0.5163062206644018,69.5,0.0,202106.63636363635,20212.53305785124,0.112490236142092,0.5909090909090909,243,,,,
Market,wf2021,2021,band,return,entered,month,19,5.894736842105263,5.894736842105263,1.0,0.0110145771819082,0.0158212500884736,0.0156253597414587,0.0001849220325898,0.0002709332216076,0.9862330190344304,0.0,0.0,,20211.0,3.98695502229536,0.75,20,0.0442703346020025,0.0648614132528609,202101.0,
Market,wf2021,2021,band,return,entered,month,15,4.8,4.8,1.0,6.038184911131162e-05,-0.0015996211638906,0.012630662776296,9.050588210526703e-08,2.9660981864787785e-05,0.9856176231176234,0.0,0.0,,20211.0,-0.4031045333004374,0.6153846153846154,15,2.280748229052729e-05,0.0074745674299265,202102.0,
Market,wf2021,2021,band,return,entered,month,23,1.7391304347826086,1.7391304347826086,1.0,0.0004439353340219,-0.0001927768288885,0.0045396512851756,1.6741512959817852e-05,4.562524282865961e-06,0.9867625704045058,0.0,0.0,,20211.0,-0.0485797608799242,0.4,23,0.004218861265874,0.0011497561192822,202103.0,
Market,wf2021,2021,band,return,entered,month,21,2.6666666666666665,2.6666666666666665,1.0,0.0133161545892005,0.0125892429443525,0.0069137743259262,8.941097609389598e-05,8.109808134596508e-05,0.98660593389088,0.0,0.0,,20212.0,3.172489221976841,0.7777777777777778,21,0.0225315659756617,0.0204367164991832,202104.0,
Market,wf2021,2021,band,return,entered,month,18,3.7777777777777777,3.7777777777777777,1.0,0.0190809031350152,0.0154515061764617,0.0097331226037779,0.0001587474913585,0.0001211997625904,0.985063034891376,0.0,0.0,,20212.0,3.893779556468363,0.6428571428571429,18,0.0400043678223475,0.0305423401727975,202105.0,
Market,wf2021,2021,band,return,entered,month,21,4.142857142857143,4.142857142857143,1.0,0.0035506802067408,0.0034363673229214,0.0106044537637247,4.091303708468838e-05,4.22034038059875e-05,0.9844626168667387,0.0,0.0,,20212.0,0.865964565376201,0.6111111111111112,21,0.0103100853453414,0.0106352577591088,202106.0,
Market,wf2021,2021,band,return,entered,month,22,4.0,4.0,1.0,0.0033259329068867,0.004291674171432,0.010134698591857,1.1685244836374476e-05,3.888222621250076e-05,0.9868765616999486,0.0,0.0,,20213.0,1.0815018912008776,0.55,22,0.0029446816987663,0.0097983210055501,202107.0,
Market,wf2021,2021,band,return,entered,month,22,12.0,12.0,1.0,0.0034654618916898,0.0017022463459676,0.0301910992634,0.000116180062074,8.837253200563831e-05,0.939826896907781,0.0,0.0,,20213.0,0.4289660791838399,0.6190476190476191,22,0.0292773756426482,0.0222698780654208,202108.0,
Market,wf2021,2021,band,return,entered,month,20,44.8,44.8,1.0,-0.0007445783721085,-0.0007311430079894,0.1120407668629061,-0.0001756846482685,-0.0001194553209929,0.907852097102656,0.0,0.0,,20213.0,-0.1842480380133523,0.5,20,-0.0442725313636831,-0.0301027408902194,202109.0,
Market,wf2021,2021,band,return,entered,month,16,70.3125,70.3125,1.0,-0.0001923574754503,0.0015435814651323,0.1739223322840938,-4.0269820048427686e-05,0.000275766673661,0.9364225798324124,0.0,0.0,,20214.0,0.388982529213345,0.625,16,-0.0101479946522037,0.0694932017625932,202110.0,
Market,wf2021,2021,band,return,entered,month,22,78.0,78.0,1.0,0.0045802065129702,0.0005593867897652,0.1925696615492231,0.0008890035404934,0.0001112013523385,0.9481705395348604,0.0,0.0,,20214.0,0.1409654710208361,0.4090909090909091,22,0.2240288922043596,0.0280227407893048,202111.0,
Market,wf2021,2021,band,return,entered,month,23,79.65217391304348,79.65217391304348,1.0,0.0011261428059027,-8.054402082213314e-05,0.1958755290876579,0.0002090909476064,-9.829229246334567e-06,0.955551732114358,0.0,0.0,,20214.0,-0.0202970932471775,0.5217391304347826,23,0.0526909187968272,-0.0024769657700763,202112.0,
Market,wf2021,2021,band,return,initial,month,1,372.0,372.0,1.0,0.0025711985680427,0.0041971689252924,1.0,0.0025711985680427,0.0041971689252924,0.9317886460862528,0.0,1.0,,20211.0,1.057686569173688,1.0,20,0.0323971019573387,0.0528843284586844,202101.0,
Market,wf2021,2021,band,return,retained,month,19,372.05263157894734,372.05263157894734,1.0,-0.0034555103923661,0.0008554098076709,0.9843746402585412,-0.00337125701356,0.0008536519974592,0.5885266153532703,0.0,0.0,,20211.0,0.2155632715330773,0.5789473684210527,20,-0.8070789290462823,0.2043642881917442,202101.0,
Market,wf2021,2021,band,return,retained,month,15,375.26666666666665,375.26666666666665,1.0,0.0037310515294955,0.0006860828946527,0.987369337223704,0.0037645092649829,0.0006899701541574,0.6004465254079022,0.0,0.0,,20211.0,0.172892889452488,0.6,15,0.9486563347757128,0.1738724788476856,202102.0,
Market,wf2021,2021,band,return,retained,month,23,380.82608695652175,380.82608695652175,1.0,-2.3004256728873097e-05,0.0001148355708202,0.9954603487148244,-3.252287436820651e-05,0.0001174959418579,0.5033402572928064,0.0,0.0,,20211.0,0.0289385638467134,0.4347826086956521,23,-0.008195764340788,0.0296089773481933,202103.0,
Market,wf2021,2021,band,return,retained,month,21,382.5238095238095,382.5238095238095,1.0,0.0007083067703171,0.0007094511168589,0.9930862256740738,0.0006950454139183,0.000704502655208,0.484715684699148,0.0,0.0,,20212.0,0.1787816814484494,0.8095238095238095,21,0.1751514443074133,0.1775346691124257,202104.0,
Market,wf2021,2021,band,return,retained,month,18,383.77777777777777,383.77777777777777,1.0,0.0038919196716312,0.0008276151831599,0.990266877396222,0.0038389028911286,0.0008121461314253,0.5547952199714197,0.0,0.0,,20212.0,0.2085590261563105,0.5555555555555556,18,0.9674035285644094,0.2046608251191995,202105.0,
Market,wf2021,2021,band,return,retained,month,21,386.5238095238095,386.5238095238095,1.0,0.0011946522195209,0.0012405717036919,0.9893955462362752,0.0011794131742311,0.0012240422916809,0.5759979120178437,0.0,0.0,,20212.0,0.3126240693303733,0.7142857142857143,21,0.2972121199062532,0.3084586575035897,202106.0,
Market,wf2021,2021,band,return,retained,month,22,390.45454545454544,390.45454545454544,1.0,0.0026077869566979,0.0018768428195463,0.9898653014081428,0.0026230184293357,0.0018648773108079,0.5262897924291109,0.0,0.0,,20213.0,0.4729643905256817,0.7727272727272727,22,0.6610006441926045,0.4699490823236096,202107.0,
Market,wf2021,2021,band,return,retained,month,22,384.8181818181818,384.8181818181818,1.0,0.0015518488737034,-2.4764161935372008e-05,0.9698089007365996,0.001533236005827,-1.5569499743394015e-05,0.4502657432067483,0.0,0.0,,20213.0,-0.0062405688077137,0.4545454545454545,22,0.3863754734684219,-0.0039235139353352,202108.0,
Market,wf2021,2021,band,return,retained,month,20,354.7,354.7,1.0,-0.0007687353194454,-0.0007552999553264,0.8879592331370938,-0.0006387813827772,-0.0006815753459339,0.4501551211651572,0.0,0.0,,20213.0,-0.1903355887422685,0.4,20,-0.1609729084598785,-0.1717569871753523,202109.0,
Market,wf2021,2021,band,return,retained,month,16,333.875,333.875,1.0,-0.0005883380016416,0.0011476009389409,0.8260776677159061,-0.0004586685804627,0.0009612338664104,0.472418539563698,0.0,0.0,,20214.0,0.2891954366131271,0.6875,16,-0.1155844822766101,0.242230934335428,202110.0,
Market,wf2021,2021,band,return,retained,month,22,327.0,327.0,1.0,0.0050256675991467,0.0010048478759417,0.8074303384507769,0.0040636734953615,0.0008206559603114,0.5137700866761091,0.0,0.0,,20214.0,0.2532216647373156,0.6363636363636364,22,1.0240457208311105,0.2068053019984883,202111.0,
Market,wf2021,2021,band,return,retained,month,23,327.0,327.0,1.0,0.0008437182358704,-0.0003629685908543,0.804124470912342,0.0006992068253918,-0.0002885598244802,0.5243909769392248,0.0,0.0,,20214.0,-0.0914680848952993,0.4782608695652174,23,0.1762001199987353,-0.0727170757690223,202112.0,
Market,wf2021,2021,band,turn,entered,month,19,6.368421052631579,5.894736842105263,0.8888888888888888,0.0110145771819082,0.0158212500884736,0.0139635654849602,,,0.9776372355574864,0.4736842105263157,0.0,,20211.0,3.98695502229536,0.75,20,,,202101.0,
Market,wf2021,2021,band,turn,entered,month,15,5.6,4.8,0.8333333333333334,6.038184911131162e-05,-0.0015996211638906,0.012277507309826,,,0.9720012231893952,0.8,0.0,,20211.0,-0.4031045333004374,0.6153846153846154,15,,,202102.0,
Market,wf2021,2021,band,turn,entered,month,23,3.565217391304348,1.7391304347826086,0.5074074074074074,0.0004439353340219,-0.0001927768288885,0.0077908114415258,,,0.9487249246173975,1.7826086956521738,0.0,,20211.0,-0.0485797608799242,0.4,23,,,202103.0,
Market,wf2021,2021,band,turn,entered,month,21,3.095238095238096,2.6666666666666665,0.8906084656084654,0.0133161545892005,0.0125892429443525,0.0067655438388728,,,0.9781083944928032,0.4285714285714285,0.0,,20212.0,3.172489221976841,0.7777777777777778,21,,,202104.0,
Market,wf2021,2021,band,turn,entered,month,18,3.7777777777777777,3.7777777777777777,1.0,0.0190809031350152,0.0154515061764617,0.0082703164990645,,,0.985063034891376,0.0,0.0,,20212.0,3.893779556468363,0.6428571428571429,18,,,202105.0,
Market,wf2021,2021,band,turn,entered,month,21,4.285714285714286,4.142857142857143,0.9473684210526316,0.0035506802067408,0.0034363673229214,0.0093926202000691,,,0.9812792420118396,0.1428571428571428,0.0,,20212.0,0.865964565376201,0.6111111111111112,21,,,202106.0,
Market,wf2021,2021,band,turn,entered,month,22,4.590909090909091,4.0,0.9245454545454544,0.0033259329068867,0.004291674171432,0.0100428650326708,,,0.9818128275846018,0.5909090909090909,0.0,,20213.0,1.0815018912008776,0.55,22,,,202107.0,
Market,wf2021,2021,band,turn,entered,month,22,4.363636363636363,3.0,0.7071428571428572,0.0025694549921358,-0.001640260535648,0.0095634429614603,,,0.9665571172555044,1.3636363636363635,0.0,,20213.0,-0.4133456549833025,0.5625,22,,,202108.0,
Market,wf2021,2021,band,turn,entered,month,20,3.9,1.55,0.4771241830065359,0.0020334501535121,0.0033573640398271,0.0085365686347749,,,0.9562928425850626,2.35,0.0,,20213.0,0.8460557380364381,0.5555555555555556,20,,,202109.0,
Market,wf2021,2021,band,turn,entered,month,16,2.3125,1.375,0.6893939393939393,-0.0184368164338869,-0.0116837276991735,0.0050414719250109,,,0.971070730344924,0.9375,0.0,,20214.0,-2.9442993801917376,0.3333333333333333,16,,,202110.0,
Market,wf2021,2021,band,turn,entered,month,22,3.272727272727273,2.772727272727273,0.8472222222222222,0.009813974366462,0.0050399880639222,0.0071633663035516,,,0.9774889486260452,0.5,0.0,,20214.0,1.2700769921084174,0.5625,22,,,202111.0,
Market,wf2021,2021,band,turn,entered,month,23,2.608695652173913,2.347826086956522,0.9078947368421052,0.001517066979769,0.0017598311113458,0.0057166968556654,,,0.979898175301401,0.2608695652173913,0.0,,20214.0,0.4434774400591645,0.6111111111111112,23,,,202112.0,
Market,wf2021,2021,band,turn,initial,month,1,451.0,451.0,1.0,0.0026159586801662,0.0042419290374159,1.0,,,0.923282073289941,0.0,1.0,,20211.0,1.0689661174288203,1.0,20,,,202101.0,
Market,wf2021,2021,band,turn,retained,month,19,450.1578947368421,443.9473684210527,0.9861669352052016,-0.0039223190252725,0.0003886011747645,0.9860364345150398,,,0.5131251204661735,6.157894736842105,0.0,,20211.0,0.097927496040675,0.5789473684210527,20,,,202101.0,
Market,wf2021,2021,band,turn,retained,month,15,450.4,437.6,0.9715793216730232,0.0032716862437245,0.0002267176088816,0.987722492690174,,,0.5305553267709953,12.733333333333333,0.0,,20211.0,0.0571328374381862,0.5333333333333333,15,,,202102.0,
Market,wf2021,2021,band,turn,retained,month,23,453.2608695652174,411.3043478260869,0.9074684221869956,-0.000446562344837,-0.0003087225172878,0.9922091885584744,,,0.4898987612985103,41.869565217391305,0.0,,20211.0,-0.0777980743565367,0.4782608695652174,23,,,202103.0,
Market,wf2021,2021,band,turn,retained,month,21,454.0,393.8571428571428,0.8675356287174503,0.0005570537916728,0.0005581981382146,0.9932344561611272,,,0.498476180056816,59.85714285714285,0.0,,20212.0,0.1406659308300853,0.8095238095238095,21,,,202104.0,
Market,wf2021,2021,band,turn,retained,month,18,452.27777777777777,395.6666666666667,0.8748314638137304,0.0036978817476684,0.0006335772591972,0.9917296835009356,,,0.5128674667307213,56.44444444444444,0.0,,20212.0,0.1596614693176986,0.5555555555555556,18,,,202105.0,
Market,wf2021,2021,band,turn,retained,month,21,452.04761904761904,399.6666666666667,0.8841277214177274,0.0011158988075629,0.001161818291734,0.9906073797999309,,,0.532926337789473,52.23809523809524,0.0,,20212.0,0.2927782095169701,0.6666666666666666,21,,,202106.0,
Market,wf2021,2021,band,turn,retained,month,22,452.3636363636364,399.95454545454544,0.8841379755877482,0.0025649829370091,0.0018340387998575,0.9899571349673292,,,0.5176907383848103,52.27272727272727,0.0,,20213.0,0.4621777775641015,0.8181818181818182,22,,,202107.0,
Market,wf2021,2021,band,turn,retained,month,22,451.27272727272725,384.8181818181818,0.8527444429207546,0.0015518488737034,-2.4764161935372008e-05,0.9904365570385396,,,0.4900418780814525,66.31818181818181,0.0,,20213.0,-0.0062405688077137,0.4545454545454545,22,,,202108.0,
Market,wf2021,2021,band,turn,retained,month,20,452.3,354.7,0.7842806587819036,-0.0007687353194454,-0.0007552999553264,0.9914634313652252,,,0.5162029266146947,97.55,0.0,,20213.0,-0.1903355887422685,0.4,20,,,202109.0,
Market,wf2021,2021,band,turn,retained,month,16,455.6875,333.875,0.7326945627991472,-0.0005883380016416,0.0011476009389409,0.9949585280749892,,,0.5411345027982097,121.8125,0.0,,20214.0,0.2891954366131271,0.6875,16,,,202110.0,
Market,wf2021,2021,band,turn,retained,month,22,453.0,327.0,0.7218537511422138,0.0050256675991467,0.0010048478759417,0.9928366336964484,,,0.5367498440353006,125.86363636363636,0.0,,20214.0,0.2532216647373156,0.6363636363636364,22,,,202111.0,
Market,wf2021,2021,band,turn,retained,month,23,453.1304347826087,327.0,0.7216407705611936,0.0008437182358704,-0.0003629685908543,0.9942833031443346,,,0.5269058572379393,126.08695652173913,0.0,,20214.0,-0.0914680848952993,0.4782608695652174,23,,,202112.0,
Market,wf2021,2021,band,return,entered,quarter,57,3.929824561403509,3.929824561403509,1.0,0.004652757751005,0.0059081322563106,0.0103641009875648,6.841984220199899e-05,9.995761398284652e-05,0.9861636694647448,0.0,0.0,202102.0701754386,,1.4888493285902775,0.6153846153846154,58,0.0169445278170605,0.0247550201249932,,20211.0
Market,wf2021,2021,band,return,entered,quarter,60,3.5166666666666666,3.5166666666666666,1.0,0.0114147134043432,0.0100956414256279,0.0090513166125112,9.323765202006115e-05,7.95154485803233e-05,0.9854023280423282,0.0,0.0,202105.0,,2.5441016392582374,0.68,60,0.0234958883090554,0.0200378930422414,,20212.0
Market,wf2021,2021,band,return,entered,quarter,64,19.5,19.5,1.0,0.0020393736134598,0.0017534065005601,0.0488747326574028,-1.094775333349082e-05,6.414035327193336e-06,0.9447694755920574,0.0,0.0,202107.96875,,0.4418584381411661,0.5573770491803278,64,-0.0027588338400396,0.0016163369024527,,20213.0
Market,wf2021,2021,band,return,entered,quarter,61,76.60655737704919,76.60655737704919,1.0,0.0020260345608836,0.0005762508252138,0.1889250334367958,0.0003888992223775,0.0001087315452026,0.947872180093701,0.0,0.0,202111.11475409835,,0.1452152079538824,0.5081967213114754,61,0.0980026040391422,0.0274003493910564,,20214.0
Market,wf2021,2021,band,return,initial,quarter,1,372.0,372.0,1.0,0.0025711985680427,0.0041971689252924,1.0,0.0025711985680427,0.0041971689252924,0.9317886460862528,0.0,1.0,202101.0,,1.057686569173688,1.0,58,0.0111714144680478,0.0182359753305808,,20211.0
Market,wf2021,2021,band,return,retained,quarter,57,376.43859649122805,376.43859649122805,1.0,-0.0001792635511804,0.0005120218928843,0.9896358990124352,-0.000146215270059,0.0005135324022249,0.5572899910625477,0.0,0.0,202102.0701754386,,0.1290295170068456,0.5263157894736842,58,-0.0362109679160014,0.1271789556130796,,20211.0
Market,wf2021,2021,band,return,retained,quarter,60,384.3,384.3,1.0,0.0018336115479326,0.0009307925421407,0.9909486833874888,0.0018077313731908,0.0009186345708387,0.537688324842373,0.0,0.0,202105.0,,0.234559720619481,0.7,60,0.455548306044106,0.2314959118513652,,20212.0
Market,wf2021,2021,band,return,retained,quarter,64,377.34375,377.34375,1.0,0.0011896450293737,0.0004006208025142,0.9511252673425972,0.0012290932799693,0.000422707264449,0.4763644407389381,0.0,0.0,202107.96875,,0.1009564422335925,0.546875,64,0.3097315065522657,0.1065222306411717,,20213.0
Market,wf2021,2021,band,return,retained,quarter,61,328.8032786885246,328.8032786885246,1.0,0.0019763409603275,0.0005265572246577,0.8110749665632042,0.0016089160097469,0.000439299951252,0.5069283772048482,0.0,0.0,202111.11475409835,,0.1326924206137555,0.5901639344262295,61,0.4054468344562226,0.1107035877155095,,20214.0
Market,wf2021,2021,band,turn,entered,quarter,57,5.035087719298246,3.929824561403509,0.7379084967320263,0.004652757751005,0.0059081322563106,0.011029105561697,,,0.9657752398233108,1.087719298245614,0.0,202102.0701754386,,1.4888493285902775,0.6153846153846154,58,,,,20211.0
Market,wf2021,2021,band,turn,entered,quarter,60,3.716666666666667,3.5166666666666666,0.941783380018674,0.0114147134043432,0.0100956414256279,0.008136452363349,,,0.9811988075995036,0.2,0.0,202105.0,,2.5441016392582374,0.68,60,,,,20212.0
Market,wf2021,2021,band,turn,entered,quarter,64,4.296875,2.890625,0.7148224095592516,0.002798466430967,0.0019956798048159,0.0094073460713497,,,0.9688487231710208,1.40625,0.0,202107.96875,,0.5029113108136144,0.5555555555555556,64,,,,20213.0
Market,wf2021,2021,band,turn,entered,quarter,61,2.7704918032786887,2.2459016393442623,0.8350694444444443,0.0004278941300989,0.0001665865054516,0.0060613383140756,,,0.9769717591622832,0.5245901639344263,0.0,202111.11475409835,,0.0419797993738143,0.5348837209302325,61,,,,20214.0
Market,wf2021,2021,band,turn,initial,quarter,1,451.0,451.0,1.0,0.0026159586801662,0.0042419290374159,1.0,,,0.923282073289941,0.0,1.0,202101.0,,1.0689661174288203,1.0,58,,,,20211.0
Market,wf2021,2021,band,turn,retained,quarter,57,451.4736842105263,429.10526315789474,0.9505725491981591,-0.000626661434308,6.462400975670244e-05,0.988970894438303,,,0.5083399771980344,22.29824561403509,0.0,202102.0701754386,,0.016285250458689,0.5263157894736842,58,,,,20211.0
Market,wf2021,2021,band,turn,retained,quarter,60,452.8,396.4333333333333,0.8755316116914316,0.001694897934033,0.0007920789282411,0.991863547636651,,,0.5148511212654174,56.16666666666666,0.0,202105.0,,0.199603889916779,0.6833333333333333,60,,,,20212.0
Market,wf2021,2021,band,turn,retained,quarter,64,451.96875,380.609375,0.8421410372316425,0.0011749311476057,0.0003859069207462,0.9905926539286504,,,0.5077215014773698,71.25,0.0,202107.96875,,0.0972485440280494,0.5625,64,,,,20213.0
Market,wf2021,2021,band,turn,retained,quarter,61,453.75409836065575,328.8032786885246,0.724616938570861,0.0019763409603275,0.0005265572246577,0.9939386616859244,,,0.5341882513118126,124.88524590163937,0.0,202111.11475409835,,0.1326924206137555,0.5901639344262295,61,,,,20214.0
T033,wf2021,2021,raw,return,entered,year,242,293.43388429752065,293.43388429752065,1.0,0.0025920577262323,0.0019569328153617,0.7467126799232527,0.0019490769254916,0.001458804654377,0.9404615764846768,0.0,0.0,202106.63636363635,20212.53305785124,0.4931470694711635,0.7396694214876033,243,0.489146120264129,0.3661059384466139,,
T033,wf2021,2021,raw,return,initial,year,1,372.0,372.0,1.0,0.0040592064817236,0.0056851768389732,1.0,0.0040592064817236,0.0056851768389732,0.932212972597988,0.0,1.0,202101.0,20211.0,1.4326645634212656,1.0,243,0.0042095474625281,0.0058957389441204,,
T033,wf2021,2021,raw,return,retained,year,242,99.4504132231405,99.4504132231405,1.0,0.0028172627700662,0.0021821378591955,0.2532873200767472,0.0007111739969878,0.0005663213572318,0.9473253325653544,0.0,0.0,202106.63636363635,20212.53305785124,0.5498987405172879,0.6487603305785123,243,0.1784783334662763,0.1421256858001137,,
T033,wf2021,2021,raw,turn,entered,year,242,345.0330578512397,344.8842975206612,0.9995761572254234,0.0025634405288436,0.0019283156179729,0.7559555914915984,,,0.9332853251666026,0.0,0.0,202106.63636363635,20212.53305785124,0.4859355357291958,0.768595041322314,243,,,,
T033,wf2021,2021,raw,turn,initial,year,1,451.0,451.0,1.0,0.0037332273418979,0.0053591976991475,1.0,,,0.92366974226927,0.0,1.0,202101.0,20211.0,1.350517820185193,1.0,243,,,,
T033,wf2021,2021,raw,turn,retained,year,242,111.41735537190084,111.35537190082644,0.9994015280015118,0.0028794850781387,0.0022443601672681,0.2440444085084016,,,0.9414759682866296,0.0,0.0,202106.63636363635,20212.53305785124,0.5655787621515638,0.6528925619834711,243,,,,
T033,wf2021,2021,raw,return,entered,month,19,269.42105263157896,269.42105263157896,1.0,-0.0023928412564596,0.0019180789435774,0.7128560584641889,-0.0018226082395673,0.0012891237283384,0.9417833054999736,0.0,0.0,,20211.0,0.4833558937815186,0.6842105263157895,20,-0.4363324125524158,0.3086162205642344,202101.0,
T033,wf2021,2021,raw,return,entered,month,15,276.06666666666666,276.06666666666666,1.0,0.0044363664717222,0.0013913978368793,0.7264667011725902,0.0036146469502332,0.0010675557437745,0.9425495862199736,0.0,0.0,,20211.0,0.3506322548936083,0.6666666666666666,15,0.910891031458772,0.2690240474311794,202102.0,
T033,wf2021,2021,raw,return,entered,month,23,282.8695652173913,282.8695652173913,1.0,0.002406672185411,0.0025445120129602,0.7394069965187877,0.0016157294044013,0.0018346534119939,0.9423753700621356,0.0,0.0,,20211.0,0.6412170272659768,0.8260869565217391,23,0.4071638099091513,0.4623326598224721,202103.0,
T033,wf2021,2021,raw,return,entered,month,21,295.1904761904762,295.1904761904762,1.0,0.0025047405549056,0.0025058849014474,0.766364750878156,0.0019802384501487,0.0019110612595568,0.9428672716749182,0.0,0.0,,20212.0,0.6314829951647535,0.8095238095238095,21,0.4990200894374894,0.4815874374083339,202104.0,
T033,wf2021,2021,raw,return,entered,month,18,294.27777777777777,294.27777777777777,1.0,0.0050786259483128,0.0020143214598415,0.7592859031643439,0.003796718033317,0.0015223233160549,0.9398742960390344,0.0,0.0,,20212.0,0.5076090078800817,0.8333333333333334,18,0.9567729443958936,0.3836254756458561,202105.0,
T033,wf2021,2021,raw,return,entered,month,21,291.1904761904762,291.1904761904762,1.0,0.0024019057331364,0.0024478252173074,0.7454380445745793,0.0016789804139582,0.0018082819793394,0.9402141980335664,0.0,0.0,,20212.0,0.6168519547614826,0.8095238095238095,21,0.4231030643174688,0.4556870587935491,202106.0,
T033,wf2021,2021,raw,return,entered,month,22,293.90909090909093,293.90909090909093,1.0,0.0042668775200296,0.003535933382878,0.7452291604382075,0.0033098135534078,0.0026341163730318,0.9410259867838012,0.0,0.0,,20213.0,0.8910552124852684,0.8636363636363636,22,0.8340730154587803,0.6637973260040163,202107.0,
T033,wf2021,2021,raw,return,entered,month,22,293.77272727272725,293.77272727272725,1.0,0.0026817066370987,0.0011050936014598,0.7402619585064567,0.0019690384154158,0.00085166210299,0.9381269812483454,0.0,0.0,,20213.0,0.2784835875678917,0.6818181818181818,22,0.496197680684785,0.2146188499534888,202108.0,
T033,wf2021,2021,raw,return,entered,month,20,305.5,305.5,1.0,0.0023713669431595,0.0023848023072786,0.7647091695852464,0.0019478982525243,0.0018577944205112,0.9391727814266227,0.0,0.0,,20213.0,0.6009701814342088,0.65,20,0.4908703596361391,0.4681641939688257,202109.0,
T033,wf2021,2021,raw,return,entered,month,16,281.625,281.625,1.0,-0.0007220636315832,0.0010138753089994,0.6968433870458259,-0.0006803601286066,0.0006633704152183,0.9416879962120468,0.0,0.0,,20214.0,0.2554965778678587,0.5625,16,-0.1714507524088634,0.1671693446350275,202110.0,
T033,wf2021,2021,raw,return,entered,month,22,312.3636363636364,312.3636363636364,1.0,0.0056512891045665,0.0016304693813614,0.7712757302772264,0.0043597064657911,0.0012923463961952,0.938892950586816,0.0,0.0,,20214.0,0.410878284103093,0.8636363636363636,22,1.0986460293793805,0.3256712918411962,202111.0,
T033,wf2021,2021,raw,return,entered,month,23,313.7826086956522,313.7826086956522,1.0,0.001883331506392,0.0006766446796672,0.7717082071435332,0.001287812289816,0.0005187139539138,0.9380443230408868,0.0,0.0,,20214.0,0.1705144592761411,0.5652173913043478,23,0.3245286970336366,0.1307159163862865,202112.0,
T033,wf2021,2021,raw,return,initial,month,1,372.0,372.0,1.0,0.0040592064817236,0.0056851768389732,1.0,0.0040592064817236,0.0056851768389732,0.932212972597988,0.0,1.0,,20211.0,1.4326645634212656,1.0,20,0.0511460016697176,0.0716332281710632,202101.0,
T033,wf2021,2021,raw,return,retained,month,19,108.52631578947368,108.52631578947368,1.0,-0.0011978043585144,0.0031131158415226,0.2871439415358113,-0.0001637720166155,0.0010354162155157,0.9497512371436552,0.0,0.0,,20211.0,0.7845051920637138,0.6842105263157895,20,-0.0392070207777685,0.2478786419944663,202101.0,
T033,wf2021,2021,raw,return,retained,month,15,104.0,104.0,1.0,0.0062826845570486,0.0032377159222057,0.27353329882741,0.001084999498761,0.0005871220703769,0.9475748215326416,0.0,0.0,,20211.0,0.8159044123958593,0.6,15,0.2734198736877818,0.1479547617349834,202102.0,
T033,wf2021,2021,raw,return,retained,month,23,99.69565217391305,99.69565217391305,1.0,0.002905319074865,0.0030431589024141,0.2605930034812122,0.0009080819939007,0.0008269978138574,0.9504829194737864,0.0,0.0,,20211.0,0.7668760434083716,0.6956521739130435,23,0.2288366624629971,0.2084034490920659,202103.0,
T033,wf2021,2021,raw,return,retained,month,21,90.0,90.0,1.0,0.0014591700236058,0.0014603143701476,0.233635249121844,0.0002664846324708,0.0003368061696045,0.9487765956066968,0.0,0.0,,20212.0,0.367999221277211,0.6666666666666666,21,0.0671541273826639,0.0848751547403535,202104.0,
T033,wf2021,2021,raw,return,retained,month,18,93.27777777777776,93.27777777777776,1.0,0.0068581349153186,0.0037938304268473,0.2407140968356562,0.0017148984260355,0.0009249886548263,0.9472927956377308,0.0,0.0,,20212.0,0.9560452675655424,0.8888888888888888,18,0.4321544033609499,0.2330971410162277,202105.0,
T033,wf2021,2021,raw,return,retained,month,21,99.47619047619048,99.47619047619048,1.0,0.0027921592462909,0.0028380787304619,0.2545619554254208,0.0008718747477498,0.0007884926665396,0.9457909654893784,0.0,0.0,,20212.0,0.7151958400764123,0.8095238095238095,21,0.2197124364329623,0.1987001519679858,202106.0,
T033,wf2021,2021,raw,return,retained,month,22,100.54545454545456,100.54545454545456,1.0,0.0038767221076413,0.0031457779704897,0.2547708395617925,0.0008600121527726,0.000804765195997,0.9469250289458084,0.0,0.0,,20213.0,0.7927360485634081,0.6818181818181818,22,0.2167230624987097,0.2028008293912628,202107.0,
T033,wf2021,2021,raw,return,retained,month,22,103.04545454545456,103.04545454545456,1.0,0.0031199404491193,0.0015433274134804,0.2597380414935433,0.0008616796933943,0.0004024429701812,0.9457515872699052,0.0,0.0,,20213.0,0.388918508197082,0.5454545454545454,22,0.2171432827353722,0.1014156284856838,202108.0,
T033,wf2021,2021,raw,return,retained,month,20,94.0,94.0,1.0,0.0005665863518017,0.0005800217159207,0.2352908304147537,1.0820887847779335e-05,0.0001143600839799,0.945959306595603,0.0,0.0,,20213.0,0.1461654724120219,0.45,20,0.0027268637376403,0.0288187411629437,202109.0,
T033,wf2021,2021,raw,return,retained,month,16,122.5625,122.5625,1.0,-0.0010322729607464,0.0007036659798362,0.303156612954174,-8.418788997938901e-05,0.0003080205067783,0.9497234919401458,0.0,0.0,,20214.0,0.1773238269187385,0.5625,16,-0.021215348274806,0.0776211677081381,202110.0,
T033,wf2021,2021,raw,return,retained,month,22,92.63636363636364,92.63636363636364,1.0,0.0053837411512579,0.0013629214280528,0.2287242697227736,0.0012593361849793,0.0003058765313702,0.9467221945039712,0.0,0.0,,20214.0,0.3434561998693259,0.5454545454545454,22,0.3173527186148034,0.0770808859053105,202111.0,
T033,wf2021,2021,raw,return,retained,month,23,92.8695652173913,92.8695652173913,1.0,0.0027636818133088,0.0015569949865839,0.2282917928564669,0.0008186587126014,0.0003810702217788,0.9440870678658884,0.0,0.0,,20214.0,0.3923627366191575,0.6521739130434783,23,0.2063019955755748,0.0960296958882637,202112.0,
T033,wf2021,2021,raw,turn,entered,month,19,330.8421052631579,330.7368421052632,0.9996871650271884,-0.0025490824432091,0.0017618377568279,0.724693074596241,,,0.9329185555384272,0.0,0.0,,20211.0,0.443983114720654,0.6842105263157895,20,,,202101.0,
T033,wf2021,2021,raw,turn,entered,month,15,335.1333333333333,335.1333333333333,1.0,0.0045311500872514,0.0014861814524086,0.7350810208210475,,,0.9339506108103632,0.0,0.0,,20211.0,0.3745177260069771,0.6666666666666666,15,,,202102.0,
T033,wf2021,2021,raw,turn,entered,month,23,344.0869565217391,344.0,0.9997464062564412,0.0023729723871857,0.0025108122147349,0.7532364434951903,,,0.9338833954265529,0.0,0.0,,20211.0,0.6327246781131988,0.8260869565217391,23,,,202103.0,
T033,wf2021,2021,raw,turn,entered,month,21,356.0,355.5238095238095,0.9986660609366188,0.0023903615936668,0.0023915059402086,0.7788425490310147,,,0.9346809095448246,0.0,0.0,,20212.0,0.6026594969325748,0.9047619047619048,21,,,202104.0,
T033,wf2021,2021,raw,turn,entered,month,18,350.94444444444446,350.77777777777777,0.9995198533090408,0.0049304001542422,0.0018660956657709,0.7695129350106006,,,0.9321462712960004,0.0,0.0,,20212.0,0.4702561077742893,0.8888888888888888,18,,,202105.0,
T033,wf2021,2021,raw,turn,entered,month,21,344.5238095238095,344.3333333333333,0.999448669925594,0.0022151209480128,0.0022610404321838,0.7550235124610328,,,0.9327648318834556,0.0,0.0,,20212.0,0.5697821889103346,0.9047619047619048,21,,,202106.0,
T033,wf2021,2021,raw,turn,entered,month,22,344.90909090909093,344.8181818181818,0.9997422603258326,0.004088533892252,0.0033575897551003,0.7548765051069544,,,0.9339171340295146,0.0,0.0,,20213.0,0.8461126182852937,0.8636363636363636,22,,,202107.0,
T033,wf2021,2021,raw,turn,entered,month,22,341.40909090909093,341.1818181818182,0.999355295192851,0.0026672127405507,0.0010905997049118,0.7493384593799838,,,0.9314897281704636,0.0,0.0,,20213.0,0.2748311256377959,0.6818181818181818,22,,,202108.0,
T033,wf2021,2021,raw,turn,entered,month,20,351.1,351.0,0.9997134082249376,0.0025451548810395,0.0025585902451585,0.7696228978237857,,,0.9329196714619868,0.0,0.0,,20213.0,0.6447647417799611,0.7,20,,,202109.0,
T033,wf2021,2021,raw,turn,entered,month,16,322.75,322.6875,0.9998156342182892,-0.000388052732103,0.0013478862084796,0.7047462500799364,,,0.935644584310236,0.0,0.0,,20214.0,0.339667324536866,0.625,16,,,202110.0,
T033,wf2021,2021,raw,turn,entered,month,22,355.27272727272725,355.22727272727275,0.9998712335822816,0.0056253813598165,0.0016045616366115,0.77868148125448,,,0.9331136008687508,0.0,0.0,,20214.0,0.404349532426099,0.8636363636363636,22,,,202111.0,
T033,wf2021,2021,raw,turn,entered,month,23,354.0,353.8260869565217,0.9995133995328654,0.0018999196648123,0.0006932328380875,0.7768213619714541,,,0.9326029764819168,0.0,0.0,,20214.0,0.1746946751980513,0.5652173913043478,23,,,202112.0,
T033,wf2021,2021,raw,turn,initial,month,1,451.0,451.0,1.0,0.0037332273418979,0.0053591976991475,1.0,,,0.92366974226927,0.0,1.0,,20211.0,1.350517820185193,1.0,20,,,202101.0,
T033,wf2021,2021,raw,turn,retained,month,19,125.6842105263158,125.6842105263158,1.0,-0.0010071770048151,0.0033037431952219,0.2753069254037589,,,0.9421239563533036,0.0,0.0,,20211.0,0.8325432851959437,0.6842105263157895,20,,,202101.0,
T033,wf2021,2021,raw,turn,retained,month,15,120.86666666666666,120.8,0.9993993993993994,0.0064491264720796,0.0034041578372368,0.2649189791789525,,,0.940045767065518,0.0,0.0,,20211.0,0.8578477749836831,0.5333333333333333,15,,,202102.0,
T033,wf2021,2021,raw,turn,retained,month,23,112.7391304347826,112.69565217391305,0.9995819397993312,0.0027294967790146,0.0028673366065637,0.2467635565048097,,,0.9438885708125728,0.0,0.0,,20211.0,0.7225688248540763,0.6956521739130435,23,,,202103.0,
T033,wf2021,2021,raw,turn,retained,month,21,101.0952380952381,100.8095238095238,0.997105323228238,0.0013693396718751,0.0013704840184169,0.2211574509689851,,,0.9430966043997048,0.0,0.0,,20212.0,0.3453619726410788,0.6666666666666666,21,,,202104.0,
T033,wf2021,2021,raw,turn,retained,month,18,105.11111111111111,105.05555555555556,0.9994444444444446,0.007066733847826,0.0040024293593547,0.2304870649893995,,,0.9409851715173164,0.0,0.0,,20212.0,1.0086121985574064,0.9444444444444444,18,,,202105.0,
T033,wf2021,2021,raw,turn,retained,month,21,111.8095238095238,111.76190476190476,0.9996031746031746,0.0025745612981949,0.002620480782366,0.2449764875389674,,,0.9399032382443286,0.0,0.0,,20212.0,0.6603611571562381,0.7619047619047619,21,,,202106.0,
T033,wf2021,2021,raw,turn,retained,month,22,112.04545454545456,111.95454545454544,0.999151230912565,0.0037171581390131,0.0029862140018614,0.2451234948930456,,,0.9414863093695206,0.0,0.0,,20213.0,0.7525259284690924,0.6363636363636364,22,,,202107.0,
T033,wf2021,2021,raw,turn,retained,month,22,114.22727272727272,114.22727272727272,1.0,0.0032459880719547,0.0016693750363159,0.2506615406200163,,,0.9402493966500074,0.0,0.0,,20213.0,0.4206825091516229,0.5,22,,,202108.0,
T033,wf2021,2021,raw,turn,retained,month,20,105.1,105.0,0.9990896358543416,0.0008774245411816,0.0008908599053006,0.2303771021762143,,,0.94024143194605,0.0,0.0,,20213.0,0.2244966961357762,0.5,20,,,202109.0,
T033,wf2021,2021,raw,turn,retained,month,16,135.25,135.25,1.0,-0.0008091248308339,0.0009268141097487,0.2952537499200635,,,0.9444438001242392,0.0,0.0,,20214.0,0.2335571556566793,0.5625,16,,,202110.0,
T033,wf2021,2021,raw,turn,retained,month,22,101.0,101.0,1.0,0.0053614816543411,0.001340661931136,0.22131851874552,,,0.9420595361267476,0.0,0.0,,20214.0,0.337846806646281,0.5909090909090909,22,,,202111.0,
T033,wf2021,2021,raw,turn,retained,month,23,101.7391304347826,101.69565217391305,0.9995563442768411,0.0030734344696998,0.001866747642975,0.2231786380285459,,,0.9394152595224522,0.0,0.0,,20214.0,0.4704204060297048,0.7391304347826086,23,,,202112.0,
T033,wf2021,2021,raw,return,entered,quarter,57,276.5964912280702,276.5964912280702,1.0,0.0013409644467991,0.0020322498908639,0.7271513429533432,0.0009956477895254,0.0014509423766826,0.9422238615654076,0.0,0.0,202102.0701754386,,0.5121269724977271,0.7368421052631579,58,0.2465773249783404,0.3593333844598144,,20211.0
T033,wf2021,2021,raw,return,entered,quarter,60,293.51666666666665,293.51666666666665,1.0,0.0032409139853085,0.0023380949795166,0.7569167493577603,0.0024197420124325,0.0017584671284302,0.94104080320968,0.0,0.0,202105.0,,0.5891999348382071,0.8166666666666667,60,0.6097749871330034,0.4431337163644159,,20212.0
T033,wf2021,2021,raw,return,entered,quarter,64,297.484375,297.484375,1.0,0.0031296279737502,0.0023406037468907,0.7496091876326177,0.0024233235681969,0.0017787971075422,0.93945032695687,0.0,0.0,202107.96875,,0.589832144216464,0.734375,64,0.6106775391856439,0.4482568711006504,,20213.0
T033,wf2021,2021,raw,return,entered,quarter,61,304.8360655737705,304.8360655737705,1.0,0.0025588847023303,0.0011091009666604,0.751915557756286,0.001879466604188,0.0008356716114722,0.9393061029875918,0.0,0.0,202111.11475409835,,0.2794934435984432,0.6721311475409836,61,0.4736255842553802,0.2105892460910057,,20214.0
T033,wf2021,2021,raw,return,initial,quarter,1,372.0,372.0,1.0,0.0040592064817236,0.0056851768389732,1.0,0.0040592064817236,0.0056851768389732,0.932212972597988,0.0,1.0,202101.0,,1.4326645634212656,1.0,58,0.0176365522999026,0.0247011131624356,,20211.0
T033,wf2021,2021,raw,return,retained,quarter,57,103.7719298245614,103.7719298245614,1.0,0.0024263916537868,0.0031176770978516,0.2728486570466569,0.0005973545618497,0.0008333454187574,0.9494737364318624,0.0,0.0,202102.0701754386,,0.785654628658614,0.6666666666666666,58,0.147937947007074,0.2063823033626137,,20211.0
T033,wf2021,2021,raw,return,retained,quarter,60,94.3,94.3,1.0,0.0035454057190594,0.0026425867132675,0.2430832506422395,0.0009128953108879,0.0006713511890983,0.9472864850749456,0.0,0.0,202105.0,,0.665931851743431,0.7833333333333333,60,0.2300496183437541,0.169180499652787,,20212.0
T033,wf2021,2021,raw,return,retained,quarter,64,99.359375,99.359375,1.0,0.0025821609888245,0.0017931367619649,0.2503908123673822,0.0005952130995723,0.0004507153333675,0.9462198701352774,0.0,0.0,202107.96875,,0.4518704640151753,0.5625,64,0.1499937010922283,0.1135802640086203,,20213.0
T033,wf2021,2021,raw,return,retained,quarter,61,100.57377049180327,100.57377049180327,1.0,0.0027129609780628,0.001263177242393,0.2480844422437138,0.0007407793478641,0.00033479060491,0.9465158477220516,0.0,0.0,202111.11475409835,,0.3183206650830428,0.5901639344262295,61,0.186676395661754,0.0843672324373296,,20214.0
T033,wf2021,2021,raw,turn,entered,quarter,57,337.3157894736842,337.2456140350877,0.9997933943756968,0.001300228943738,0.0019915143878028,0.7389442443865557,,,0.9335794703894084,0.0,0.0,202102.0701754386,,0.5018616257263273,0.7368421052631579,58,,,,20211.0
T033,wf2021,2021,raw,turn,entered,quarter,60,350.46666666666664,350.18333333333334,0.9991961117944868,0.0030910389358605,0.0021882199300686,0.7677070020253968,,,0.9332498908886984,0.0,0.0,202105.0,,0.5514314223773051,0.9,60,,,,20212.0
T033,wf2021,2021,raw,turn,entered,quarter,64,345.640625,345.5,0.9996002247798406,0.0031176488053507,0.0023286245784912,0.7575810496123179,,,0.9327710062131134,0.0,0.0,202107.96875,,0.5868133937798,0.75,64,,,,20213.0
T033,wf2021,2021,raw,turn,entered,quarter,61,346.26229508196724,346.1639344262295,0.99972172910752,0.0026434048933278,0.001193621157658,0.7585872772823112,,,0.9335849348714814,0.0,0.0,202111.11475409835,,0.3007925317298231,0.6885245901639344,61,,,,20214.0
T033,wf2021,2021,raw,turn,initial,quarter,1,451.0,451.0,1.0,0.0037332273418979,0.0053591976991475,1.0,,,0.92366974226927,0.0,1.0,202101.0,,1.350517820185193,1.0,58,,,,20211.0
T033,wf2021,2021,raw,turn,retained,quarter,57,119.19298245614036,119.15789473684212,0.9996732562522036,0.002462788770299,0.0031540742143638,0.2610557556134444,,,0.9422891018488548,0.0,0.0,202102.0701754386,,0.7948267020196832,0.6491228070175439,58,,,,20211.0
T033,wf2021,2021,raw,turn,retained,quarter,60,106.05,105.91666666666669,0.9986813075743276,0.0035003854938723,0.0025975664880804,0.2322929979746032,,,0.9413454963806066,0.0,0.0,202105.0,,0.6545867549962827,0.7833333333333333,60,,,,20212.0
T033,wf2021,2021,raw,turn,retained,quarter,64,110.625,110.5625,0.999423746830676,0.0026677766791394,0.0018787524522799,0.242418950387682,,,0.9406720964273534,0.0,0.0,202107.96875,,0.4734456179745509,0.546875,64,,,,20213.0
T033,wf2021,2021,raw,turn,retained,quarter,61,110.2622950819672,110.24590163934428,0.9998327199732352,0.0028802556050042,0.0014304718693343,0.2414127227176887,,,0.9416878945211916,0.0,0.0,202111.11475409835,,0.3604789110722666,0.639344262295082,61,,,,20214.0
T033,wf2021,2021,band,return,entered,year,242,4.958677685950414,4.958677685950414,1.0,0.0018389673269143,0.0013127810675012,0.0126409788965928,2.481353896308771e-05,1.935270508855921e-05,0.9877728323807,0.0,0.0,202106.63636363635,20212.53305785124,0.3308208290103146,0.5746606334841629,243,0.0062272792597734,0.0048568122103732,,
T033,wf2021,2021,band,return,initial,year,1,372.0,372.0,1.0,0.0040592064817236,0.0056851768389732,1.0,0.0040592064817236,0.0056851768389732,0.932212972597988,0.0,1.0,202101.0,20211.0,1.4326645634212656,1.0,243,0.0042095474625281,0.0058957389441204,,
T033,wf2021,2021,band,return,retained,year,242,387.92561983471074,387.92561983471074,1.0,0.0016385134618294,0.0010033885509587,0.9873590211034072,0.0016206617985496,0.0009909977215535,0.5840692638673648,0.0,0.0,202106.63636363635,20212.53305785124,0.2528539148416163,0.7024793388429752,243,0.4067260869248926,0.2487037244906148,,
T033,wf2021,2021,band,turn,entered,year,242,4.975206611570248,4.958677685950414,0.9957013574660634,0.0018389673269143,0.0013127810675012,0.0108956919777304,,,0.9877820107418708,0.0,0.0,202106.63636363635,20212.53305785124,0.3308208290103146,0.5746606334841629,243,,,,
T033,wf2021,2021,band,turn,initial,year,1,451.0,451.0,1.0,0.0037332273418979,0.0053591976991475,1.0,,,0.92366974226927,0.0,1.0,202101.0,20211.0,1.350517820185193,1.0,243,,,,
T033,wf2021,2021,band,turn,retained,year,242,451.47520661157023,450.6900826446281,0.9982610591856282,0.0011725229267026,0.0005373980158319,0.9891043080222696,,,0.513190491120706,0.640495867768595,0.0,202106.63636363635,20212.53305785124,0.1354242999896613,0.6115702479338843,243,,,,
T033,wf2021,2021,band,return,entered,month,19,7.263157894736842,7.263157894736842,1.0,-0.0080336414679335,-0.0037227212678964,0.0192416658532783,-1.2061083125677022e-05,7.134425634257187e-05,0.9869322316682252,0.0,0.0,,20211.0,-0.938125759509904,0.5263157894736842,20,-0.002887423300287,0.0170798149684117,202101.0,
T033,wf2021,2021,band,return,entered,month,15,5.666666666666667,5.666666666666667,1.0,0.0020298779147582,-0.0010150907200845,0.0149244804849964,4.4574190949138e-05,-2.360529053621717e-06,0.98872106161461,0.0,0.0,,20211.0,-0.2558028614613115,0.5333333333333333,15,0.0112326961191827,-0.0005948533215126,202102.0,
T033,wf2021,2021,band,return,entered,month,23,4.434782608695652,4.434782608695652,1.0,-0.0011133400117015,-0.0012857268880685,0.0115816089920971,-1.408854700759746e-05,-2.651070190887768e-05,0.989819313388438,0.0,0.0,,20211.0,-0.3240031757932824,0.5238095238095238,23,-0.0035503138459145,-0.0066806968810371,202103.0,
T033,wf2021,2021,band,return,entered,month,21,4.047619047619048,4.047619047619048,1.0,0.0026981809736741,0.0026993253202159,0.0105169785098981,2.2768956123516968e-05,1.0912286114784491e-05,0.9885914831882574,0.0,0.0,,20212.0,0.6802299806944297,0.5238095238095238,21,0.0057377769431262,0.0027498961009256,202104.0,
T033,wf2021,2021,band,return,entered,month,18,3.5,3.5,1.0,0.0138584310690136,0.0098708625034692,0.0090101226498841,0.0001115724439308,6.33221490088356e-05,0.9881986504279132,0.0,0.0,,20212.0,2.487457350874238,0.7857142857142857,18,0.0281162558705709,0.0159571815502265,202105.0,
T033,wf2021,2021,band,return,entered,month,21,4.809523809523809,4.809523809523809,1.0,0.001659411498572,0.001705330982743,0.0123051180164714,8.444942295383575e-06,1.9628882933297468e-05,0.9864970172059264,0.0,0.0,,20212.0,0.429743407651256,0.5714285714285714,21,0.0021281254584366,0.0049464784991909,202106.0,
T033,wf2021,2021,band,return,entered,month,22,5.318181818181818,5.318181818181818,1.0,0.0005385225792687,0.0009094107129961,0.0134913126868145,2.2445116145495612e-05,2.180632614720053e-05,0.9871521956452832,0.0,0.0,,20213.0,0.2291714996750399,0.5714285714285714,22,0.0056561692686648,0.0054951941890945,202107.0,
T033,wf2021,2021,band,return,entered,month,22,5.636363636363637,5.636363636363637,1.0,0.0001204656243962,-0.0012126579659511,0.0141907622420504,1.25971394344892e-05,-1.0198187463111125e-05,0.9860766611870176,0.0,0.0,,20213.0,-0.3055898074196947,0.5263157894736842,22,0.0031744791374912,-0.002569943240704,202108.0,
T033,wf2021,2021,band,return,entered,month,20,5.35,5.35,1.0,0.0060607428367124,0.0048267990729023,0.0133709417722173,8.957570163410598e-05,0.0001003685487127,0.9868297011008704,0.0,0.0,,20213.0,1.216353366371393,0.875,20,0.0225730768117947,0.0252928742756251,202109.0,
T033,wf2021,2021,band,return,entered,month,16,4.0625,4.0625,1.0,-0.0025147082004058,0.0001579545963698,0.0100541097539979,-1.9603155343196574e-05,4.541354565427756e-06,0.9918529002999048,0.0,0.0,,20214.0,0.0398045582852044,0.4285714285714285,16,-0.0049399951464855,0.0011444213504877,202110.0,
T033,wf2021,2021,band,return,entered,month,22,5.363636363636363,5.363636363636363,1.0,0.0097825020485521,0.0053237892232129,0.0132304335203562,0.0001069774209464,3.767754734262436e-05,0.9873845894391212,0.0,0.0,,20214.0,1.341594884249668,0.6190476190476191,22,0.0269583100785063,0.0094947419303413,202111.0,
T033,wf2021,2021,band,return,entered,month,23,4.130434782608695,4.130434782608695,1.0,-0.0007547827815616,-0.0007844083565856,0.010151087631615,-5.985354621442783e-05,-4.22831796273172e-05,0.9863935559818412,0.0,0.0,,20214.0,-0.1976709058595923,0.4736842105263157,23,-0.0150830936460358,-0.0106553612660839,202112.0,
T033,wf2021,2021,band,return,initial,month,1,372.0,372.0,1.0,0.0040592064817236,0.0056851768389732,1.0,0.0040592064817236,0.0056851768389732,0.932212972597988,0.0,1.0,,20211.0,1.4326645634212656,1.0,20,0.0511460016697176,0.0716332281710632,202101.0,
T033,wf2021,2021,band,return,retained,month,19,370.6842105263158,370.6842105263158,1.0,-0.0034369429591635,0.0008739772408735,0.9807583341467216,-0.0033712557802619,0.0008562590803068,0.6533576956586813,0.0,0.0,,20211.0,0.2202422647001307,0.631578947368421,20,-0.8070786337947154,0.2049884238254706,202101.0,
T033,wf2021,2021,band,return,retained,month,15,374.4,374.4,1.0,0.0037980235365434,0.0007530549017005,0.9850755195150036,0.003736146414403,0.0007381124995629,0.6494407526492273,0.0,0.0,,20211.0,0.1897698352285471,0.6,15,0.9415088964295696,0.1860043498898741,202102.0,
T033,wf2021,2021,band,return,retained,month,23,378.1304347826087,378.1304347826087,1.0,0.0008464563288874,0.0009842961564365,0.988418391007903,0.0008248647646226,0.000975126747073,0.5896057004752603,0.0,0.0,,20211.0,0.248042631422015,0.6521739130434783,23,0.2078659206848979,0.24573194026241,202103.0,
T033,wf2021,2021,band,return,retained,month,21,381.1428571428572,381.1428571428572,1.0,0.0007162564203081,0.0007174007668499,0.9894830214901018,0.0006951048459297,0.0007081058624802,0.5552258400925859,0.0,0.0,,20212.0,0.1807849932461838,0.7142857142857143,21,0.1751664211742987,0.178442677345033,202104.0,
T033,wf2021,2021,band,return,retained,month,18,384.05555555555554,384.05555555555554,1.0,0.0045067615776181,0.0014424570891468,0.990989877350116,0.0044494684783133,0.001433414284764,0.5749019805573837,0.0,0.0,,20212.0,0.3634991864650061,0.8333333333333334,18,1.1212660565349672,0.3612203997605517,202105.0,
T033,wf2021,2021,band,return,retained,month,21,385.8571428571428,385.8571428571428,1.0,0.0013434081864351,0.0013893276706062,0.9876948819835286,0.0013381955299446,0.0013729310734777,0.5829721908696162,0.0,0.0,,20212.0,0.3501105729927677,0.7142857142857143,21,0.3372252735460421,0.3459786305163916,202106.0,
T033,wf2021,2021,band,return,retained,month,22,389.1363636363636,389.1363636363636,1.0,0.0024927099623444,0.0017617658251927,0.9865086873131856,0.0024700407312027,0.0017397353840494,0.5878918037378554,0.0,0.0,,20213.0,0.4439649879485786,0.7727272727272727,22,0.6224502642630916,0.438413316780451,202107.0,
T033,wf2021,2021,band,return,retained,month,22,391.1818181818182,391.1818181818182,1.0,0.0021418146202685,0.0005652015846296,0.9858092377579496,0.002110447723306,0.0005566300145647,0.5865390719087448,0.0,0.0,,20213.0,0.1424307993266809,0.5909090909090909,22,0.5318328262731182,0.140270763670329,202108.0,
T033,wf2021,2021,band,return,retained,month,20,394.15,394.15,1.0,0.000637844516906,0.000651279881025,0.9866290582277828,0.0006364302692669,0.0006390727863073,0.5690987958199594,0.0,0.0,,20213.0,0.1641225300183151,0.6,20,0.1603804278552809,0.1610463421494402,202109.0,
T033,wf2021,2021,band,return,retained,month,16,400.125,400.125,1.0,-0.0003765349184103,0.0013594040221723,0.989945890246002,-0.000365105720251,0.001346688710423,0.5680560273248629,0.0,0.0,,20214.0,0.3425698135874278,0.75,16,-0.0920066415032618,0.3393655550266001,202110.0,
T033,wf2021,2021,band,return,retained,month,22,399.6363636363636,399.6363636363636,1.0,0.0056404820232811,0.0016196623000761,0.986769566479644,0.0055507083155406,0.0015991884659394,0.5674379782538651,0.0,0.0,,20214.0,0.4081548996191781,0.9090909090909092,22,1.398778495516242,0.4029954934167296,202111.0,
T033,wf2021,2021,band,return,retained,month,23,402.5217391304348,402.5217391304348,1.0,0.0012272253592305,2.0538532505736052e-05,0.9898489123683852,0.0012468237376609,2.256654434903261e-05,0.547219208611807,0.0,0.0,,20214.0,0.0051757101914454,0.6521739130434783,23,0.3141995818905693,0.0056867691759562,202112.0,
T033,wf2021,2021,band,turn,entered,month,19,7.263157894736842,7.263157894736842,1.0,-0.0080336414679335,-0.0037227212678964,0.0159240163718108,,,0.9869322316682252,0.0,0.0,,20211.0,-0.938125759509904,0.5263157894736842,20,,,202101.0,
T033,wf2021,2021,band,turn,entered,month,15,5.666666666666667,5.666666666666667,1.0,0.0020298779147582,-0.0010150907200845,0.0124404880024579,,,0.98872106161461,0.0,0.0,,20211.0,-0.2558028614613115,0.5333333333333333,15,,,202102.0,
T033,wf2021,2021,band,turn,entered,month,23,4.434782608695652,4.434782608695652,1.0,-0.0011133400117015,-0.0012857268880685,0.0096990128847649,,,0.989819313388438,0.0,0.0,,20211.0,-0.3240031757932824,0.5238095238095238,23,,,202103.0,
T033,wf2021,2021,band,turn,entered,month,21,4.142857142857143,4.047619047619048,0.9666666666666668,0.0026981809736741,0.0026993253202159,0.0090659837085067,,,0.9886344939409456,0.0,0.0,,20212.0,0.6802299806944297,0.5238095238095238,21,,,202104.0,
T033,wf2021,2021,band,turn,entered,month,18,3.5,3.5,1.0,0.0138584310690136,0.0098708625034692,0.0076563254809045,,,0.9881986504279132,0.0,0.0,,20212.0,2.487457350874238,0.7857142857142857,18,,,202105.0,
T033,wf2021,2021,band,turn,entered,month,21,4.809523809523809,4.809523809523809,1.0,0.001659411498572,0.001705330982743,0.010535847040969,,,0.9864970172059264,0.0,0.0,,20212.0,0.429743407651256,0.5714285714285714,21,,,202106.0,
T033,wf2021,2021,band,turn,entered,month,22,5.363636363636363,5.318181818181818,0.9940476190476192,0.0005385225792687,0.0009094107129961,0.0117416383037607,,,0.9871538414649014,0.0,0.0,,20213.0,0.2291714996750399,0.5714285714285714,22,,,202107.0,
T033,wf2021,2021,band,turn,entered,month,22,5.681818181818182,5.636363636363637,0.993421052631579,0.0001204656243962,-0.0012126579659511,0.0124577878569196,,,0.9861340627554548,0.0,0.0,,20213.0,-0.3055898074196947,0.5263157894736842,22,,,202108.0,
T033,wf2021,2021,band,turn,entered,month,20,5.35,5.35,1.0,0.0060607428367124,0.0048267990729023,0.0117061443051011,,,0.9868297011008704,0.0,0.0,,20213.0,1.216353366371393,0.875,20,,,202109.0,
T033,wf2021,2021,band,turn,entered,month,16,4.0625,4.0625,1.0,-0.0025147082004058,0.0001579545963698,0.0088675337216952,,,0.9918529002999048,0.0,0.0,,20214.0,0.0398045582852044,0.4285714285714285,16,,,202110.0,
T033,wf2021,2021,band,turn,entered,month,22,5.363636363636363,5.363636363636363,1.0,0.0097825020485521,0.0053237892232129,0.0117465693417802,,,0.9873845894391212,0.0,0.0,,20214.0,1.341594884249668,0.6190476190476191,22,,,202111.0,
T033,wf2021,2021,band,turn,entered,month,23,4.130434782608695,4.130434782608695,1.0,-0.0007547827815616,-0.0007844083565856,0.0090543000026675,,,0.9863935559818412,0.0,0.0,,20214.0,-0.1976709058595923,0.4736842105263157,23,,,202112.0,
T033,wf2021,2021,band,turn,initial,month,1,451.0,451.0,1.0,0.0037332273418979,0.0053591976991475,1.0,,,0.92366974226927,0.0,1.0,,20211.0,1.350517820185193,1.0,20,,,202101.0,
T033,wf2021,2021,band,turn,retained,month,19,449.2631578947368,448.9473684210527,0.9992953569105428,-0.0040587725419631,0.0002521476580739,0.984075983628189,,,0.5550505115208848,0.2631578947368421,0.0,,20211.0,0.0635412098346361,0.4736842105263157,20,,,202101.0,
T033,wf2021,2021,band,turn,retained,month,15,450.3333333333333,450.1333333333333,0.9995555364743096,0.0033740842804679,0.0003291156456251,0.987559511997542,,,0.555606925095092,0.1333333333333333,0.0,,20211.0,0.0829371426975275,0.6,15,,,202102.0,
T033,wf2021,2021,band,turn,retained,month,23,452.39130434782606,452.2173913043478,0.9996143815997606,0.0001601785989744,0.0002980184265236,0.9903009871152352,,,0.5063160225057202,0.1304347826086956,0.0,,20211.0,0.0751006434839552,0.6086956521739131,23,,,202103.0,
T033,wf2021,2021,band,turn,retained,month,21,452.95238095238096,452.0,0.9978995932205932,0.0005373898886609,0.0005385342352027,0.990934016291493,,,0.4813032797757539,0.5238095238095238,0.0,,20212.0,0.1357106272711003,0.6190476190476191,21,,,202104.0,
T033,wf2021,2021,band,turn,retained,month,18,452.55555555555554,451.8333333333333,0.998405676193928,0.0039897396115246,0.0009254351230533,0.9923436745190952,,,0.5004777575733422,0.6111111111111112,0.0,,20212.0,0.2332096510094522,0.7222222222222222,18,,,202105.0,
T033,wf2021,2021,band,turn,retained,month,21,451.5238095238095,449.57142857142856,0.9956757781596314,0.0007323745631891,0.0007782940473601,0.9894641529590308,,,0.5117975570686022,1.619047619047619,0.0,,20212.0,0.1961300999347575,0.7142857142857143,21,,,202106.0,
T033,wf2021,2021,band,turn,retained,month,22,451.59090909090907,450.59090909090907,0.9977857623743442,0.0021772730143221,0.0014463288771705,0.9882583616962392,,,0.5178676296582556,0.9090909090909092,0.0,,20213.0,0.3644748770469767,0.6818181818181818,22,,,202107.0,
T033,wf2021,2021,band,turn,retained,month,22,449.95454545454544,449.0,0.9978778114766084,0.001445723764378,-0.0001308892712608,0.9875422121430804,,,0.520368120336276,0.8636363636363636,0.0,,20213.0,-0.0329840963577251,0.4090909090909091,22,,,202108.0,
T033,wf2021,2021,band,turn,retained,month,20,450.85,450.2,0.99855934468541,0.0001027887279268,0.0001162240920458,0.9882938556948988,,,0.5073785904755838,0.55,0.0,,20213.0,0.0292884711955453,0.55,20,,,202109.0,
T033,wf2021,2021,band,turn,retained,month,16,453.9375,453.9375,1.0,-0.0005771608310825,0.0011587781095001,0.9911324662783048,,,0.5090900754463811,0.0,0.0,,20214.0,0.2920120835940434,0.6875,16,,,202110.0,
T033,wf2021,2021,band,turn,retained,month,22,450.9090909090909,450.27272727272725,0.9985889495685636,0.0053613233444073,0.0013405036212022,0.9882534306582196,,,0.5111038148487842,0.5454545454545454,0.0,,20214.0,0.3378069125429757,0.8181818181818182,22,,,202111.0,
T033,wf2021,2021,band,turn,retained,month,23,451.60869565217394,450.1739130434783,0.9968249277521556,0.0007658801786966,-0.0004408066480282,0.9909456999973324,,,0.4967202645651192,1.173913043478261,0.0,,20214.0,-0.1110832753031162,0.4782608695652174,23,,,202112.0,
T033,wf2021,2021,band,return,entered,quarter,57,5.701754385964913,5.701754385964913,1.0,-0.0026467483530017,-0.0020537878098316,0.0150146643036047,2.024836906569569e-06,1.2462926154392166e-05,0.9885224346740474,0.0,0.0,202102.0701754386,,-0.5175545280775778,0.5272727272727272,58,0.0005014613332062,0.0030865081255463,,20211.0
T033,wf2021,2021,band,return,entered,quarter,60,4.15,4.15,1.0,0.0050987049443457,0.0041194617394769,0.0106907705791945,4.439659762586631e-05,2.9686053869479363e-05,0.9877078502547972,0.0,0.0,202105.0,,1.0381043583481917,0.6071428571428571,60,0.0111879426017183,0.0074808855751088,,20212.0
T033,wf2021,2021,band,return,entered,quarter,64,5.4375,5.4375,1.0,0.0019744590431351,0.0013086769426122,0.0136941325606152,4.003818211627789e-05,3.535546914540516e-05,0.986695140869968,0.0,0.0,202107.96875,,0.3297865895382844,0.6428571428571429,64,0.010089621893302,0.0089095782246421,,20213.0
T033,wf2021,2021,band,return,entered,quarter,61,4.557377049180328,4.557377049180328,1.0,0.0028867732474859,0.0018353181344726,0.0112362345744089,1.0872478891786829e-05,-1.1630396203887818e-06,0.988194343445837,0.0,0.0,202111.11475409835,,0.4625001698871044,0.5185185185185185,61,0.0027398646807302,-0.0002930859843379,,20214.0
T033,wf2021,2021,band,return,initial,quarter,1,372.0,372.0,1.0,0.0040592064817236,0.0056851768389732,1.0,0.0040592064817236,0.0056851768389732,0.932212972597988,0.0,1.0,202101.0,,1.4326645634212656,1.0,58,0.0176365522999026,0.0247011131624356,,20211.0
T033,wf2021,2021,band,return,retained,quarter,57,374.6666666666667,374.6666666666667,1.0,0.0001953847787447,0.0008866702228095,0.9849853356963952,0.0001922846662699,0.0008731320210869,0.6266024318979709,0.0,0.0,202102.0701754386,,0.2234408961480182,0.631578947368421,58,0.0476202921776187,0.2162356612222923,,20211.0
T033,wf2021,2021,band,return,retained,quarter,60,383.6666666666667,383.6666666666667,1.0,0.0020729110856455,0.0011700920798537,0.9893092294208052,0.00204649567505,0.0011583872130145,0.5708399050039858,0.0,0.0,202105.0,,0.2948632041231347,0.75,60,0.5157169101126095,0.2919135776796642,,20212.0
T033,wf2021,2021,band,return,retained,quarter,64,391.40625,391.40625,1.0,0.0017924442368063,0.0010034200099468,0.9863058674393848,0.0017734273653833,0.0009890858514946,0.5815539871972562,0.0,0.0,202107.96875,,0.2528618425065939,0.65625,64,0.4469036960765973,0.2492496345766557,,20213.0
T033,wf2021,2021,band,return,retained,quarter,61,400.8524590163934,400.8524590163934,1.0,0.0023982332636053,0.0009484495279354,0.9887637654255912,0.0023762432358045,0.0009384950186469,0.5599766189648263,0.0,0.0,202111.11475409835,,0.2390092810397378,0.7704918032786885,61,0.5988132954227576,0.236500744699027,,20214.0
T033,wf2021,2021,band,turn,entered,quarter,57,5.701754385964913,5.701754385964913,1.0,-0.0026467483530017,-0.0020537878098316,0.0124954548675591,,,0.9885224346740474,0.0,0.0,202102.0701754386,,-0.5175545280775778,0.5272727272727272,58,,,,20211.0
T033,wf2021,2021,band,turn,entered,quarter,60,4.183333333333334,4.15,0.9875,0.0050987049443457,0.0041194617394769,0.0091575384065878,,,0.9877239792870552,0.0,0.0,202105.0,,1.0381043583481917,0.6071428571428571,60,,,,20212.0
T033,wf2021,2021,band,turn,entered,quarter,64,5.46875,5.4375,0.9955357142857144,0.0019744590431351,0.0013086769426122,0.0119767228380779,,,0.9867152335844732,0.0,0.0,202107.96875,,0.3297865895382844,0.6428571428571429,64,,,,20213.0
T033,wf2021,2021,band,turn,entered,quarter,61,4.557377049180328,4.557377049180328,1.0,0.0028867732474859,0.0018353181344726,0.0099762945102892,,,0.988194343445837,0.0,0.0,202111.11475409835,,0.4625001698871044,0.5185185185185185,61,,,,20214.0
T033,wf2021,2021,band,turn,initial,quarter,1,451.0,451.0,1.0,0.0037332273418979,0.0053591976991475,1.0,,,0.92366974226927,0.0,1.0,202101.0,,1.350517820185193,1.0,58,,,,20211.0
T033,wf2021,2021,band,turn,retained,quarter,57,450.8070175438597,450.578947368421,0.9994925544773589,-0.0004003737949801,0.0002909116490846,0.987504545132441,,,0.5355321423325397,0.175438596491228,0.0,202102.0701754386,,0.0733097355693327,0.5614035087719298,58,,,,20211.0
T033,wf2021,2021,band,turn,retained,quarter,60,452.3333333333333,451.1,0.997273082841257,0.0016413394416049,0.000738520435813,0.9908424615934124,,,0.4977286201675272,0.9333333333333332,0.0,202105.0,,0.186107149824886,0.6833333333333333,60,,,,20212.0
T033,wf2021,2021,band,turn,retained,quarter,64,450.796875,449.921875,0.9980591487254556,0.0012775266201553,0.0004885023932957,0.988023277161922,,,0.5154493485842402,0.78125,0.0,202107.96875,,0.1231026031105381,0.546875,64,,,,20213.0
T033,wf2021,2021,band,turn,retained,quarter,61,451.9672131147541,451.1967213114754,0.9982939381771802,0.0020709800719616,0.0006211963362918,0.9900237054897104,,,0.5051523150625097,0.639344262295082,0.0,202111.11475409835,,0.1565414767455489,0.6557377049180327,61,,,,20214.0
T030,wf2022,2022,raw,return,entered,year,241,318.1244813278008,318.1244813278008,1.0,0.0016003384236235,0.0020631017450696,0.7619602627548345,0.0013653589058991,0.0015818760176636,0.9397417392755272,0.0,0.0,202206.64730290457,20222.53112033195,0.5199016397575579,0.7053941908713693,242,0.3426486655911746,0.3969855136559826,,
T030,wf2022,2022,raw,return,initial,year,1,405.0,405.0,1.0,-0.0095418053648377,0.0048569505542515,1.0,-0.0095418053648377,0.0048569505542515,0.932651533253684,0.0,1.0,202201.0,20221.0,1.2239515396713985,1.0,242,-0.0099360948427235,0.0050576509903776,,
T030,wf2022,2022,raw,return,retained,year,241,99.33609958506224,99.33609958506224,1.0,0.0016397807143091,0.0021025440357552,0.2380397372451654,0.0002147997177943,0.0004610459274759,0.946117056940474,0.0,0.0,202206.64730290457,20222.53112033195,0.5298410970103246,0.6431535269709544,242,0.0539058531449839,0.1157034763118447,,
T030,wf2022,2022,raw,turn,entered,year,241,350.7842323651452,350.3195020746888,0.9986246641776226,0.0015881846904717,0.0020509480119178,0.7672475564462643,,,0.9352706877471232,0.3236514522821577,0.0,202206.64730290457,20222.53112033195,0.5168388990032973,0.7095435684647303,242,,,,
T030,wf2022,2022,raw,turn,initial,year,1,453.0,453.0,1.0,-0.009180861431473,0.0052178944876163,1.0,,,0.927470863300814,0.0,1.0,202201.0,20221.0,1.3149094108793111,1.0,242,,,,
T030,wf2022,2022,raw,turn,retained,year,241,106.42738589211618,106.39419087136928,0.9996622823311586,0.0016388012859356,0.0021015646073817,0.2327524435537356,,,0.9424256671377244,0.0,0.0,202206.64730290457,20222.53112033195,0.5295942810601888,0.6307053941908713,242,,,,
T030,wf2022,2022,raw,return,entered,month,18,311.05555555555554,311.05555555555554,1.0,-0.0017256071621837,0.0026868563077858,0.7566839875650275,-0.0011346408523573,0.0021001600148534,0.9415709243924996,0.0,0.0,,20221.0,0.6770877895620321,0.7777777777777778,19,-0.2708805740154296,0.5013855698618513,202201.0,
T030,wf2022,2022,raw,return,entered,month,16,308.9375,308.9375,1.0,0.0046195779318012,0.0021812401349019,0.7500135502669089,0.0037298946155169,0.0016214927183772,0.9382438185643492,0.0,0.0,,20221.0,0.5496725139952978,0.875,16,0.9399334431102808,0.4086161650310556,202202.0,
T030,wf2022,2022,raw,return,entered,month,23,307.17391304347825,307.17391304347825,1.0,-0.0024163403197411,0.0003369965581707,0.7432045054195603,-0.0013746977813002,0.0001659319211718,0.9391530964360902,0.0,0.0,,20221.0,0.0849231326590292,0.3478260869565217,23,-0.3464238408876729,0.041814844135314,202203.0,
T030,wf2022,2022,raw,return,entered,month,19,291.89473684210526,291.89473684210526,1.0,-0.0049481379490787,0.0024710653441885,0.7057009329317442,-0.0020136630053955,0.0020799787459093,0.941216855650945,0.0,0.0,,20222.0,0.6227084667355247,0.6842105263157895,19,-0.5074430773596683,0.5241546439691503,202204.0,
T030,wf2022,2022,raw,return,entered,month,19,304.5263157894737,304.5263157894737,1.0,0.0070304034666999,0.0025875379970143,0.7387158237882164,0.0051135078129219,0.0018562321400401,0.9337512391947758,0.0,0.0,,20222.0,0.6520595752476178,0.8947368421052632,19,1.2886039688563269,0.4677704992901222,202205.0,
T030,wf2022,2022,raw,return,entered,month,21,326.9047619047619,326.9047619047619,1.0,0.0054018063057138,0.0023949037627747,0.7853864416490579,0.0041625367443201,0.0018666728192837,0.937210295268114,0.0,0.0,,20222.0,0.6035157482192425,0.7142857142857143,21,1.04895925956868,0.470401550459515,202206.0,
T030,wf2022,2022,raw,return,entered,month,21,323.6666666666667,323.6666666666667,1.0,0.0037250069161409,0.0023729656810099,0.7719142974979467,0.0029462874539002,0.0018595871615669,0.93749611075634,0.0,0.0,,20223.0,0.5979873516145104,0.7142857142857143,21,0.7424644383828582,0.4686159647148634,202207.0,
T030,wf2022,2022,raw,return,entered,month,23,326.0,326.0,1.0,-0.0014926903112849,0.0002180282803345,0.7747024587878023,-0.0014029443409487,0.0001545295419649,0.9395400740300132,0.0,0.0,,20223.0,0.0549431266443122,0.5217391304347826,23,-0.3535419739190924,0.0389414445751761,202208.0,
T030,wf2022,2022,raw,return,entered,month,21,317.42857142857144,317.42857142857144,1.0,-0.003797715979814,0.0011617251234394,0.7503687318913047,-0.0029207326965981,0.0008194294928453,0.9429433285961868,0.0,0.0,,20223.0,0.292754731106732,0.7619047619047619,21,-0.7360246395427387,0.2064962321970279,202209.0,
T030,wf2022,2022,raw,return,entered,month,16,327.5,327.5,1.0,0.0081512375993683,0.0039094144496891,0.7771316208403443,0.0057963597048857,0.0030178686499602,0.9417331116004906,0.0,0.0,,20224.0,0.9851724413216754,0.9375,16,1.4606826456311988,0.7605028997899831,202210.0,
T030,wf2022,2022,raw,return,entered,month,22,335.77272727272725,335.77272727272725,1.0,0.0048335559170222,0.0021124368907363,0.797524947839112,0.0037475715515653,0.0015943373438222,0.9405140265688804,0.0,0.0,,20224.0,0.5323340964655578,0.7272727272727273,22,0.94438803099448,0.4017730106432095,202211.0,
T030,wf2022,2022,raw,return,entered,month,22,330.72727272727275,330.72727272727275,1.0,0.0020229467243329,0.0032508864269001,0.7825182959688655,0.0014385083789952,0.0025684516863308,0.9433437231528063,0.0,0.0,,20224.0,0.8192233795788314,0.6818181818181818,22,0.3625041115067955,0.6472498249553821,202212.0,
T030,wf2022,2022,raw,return,initial,month,1,405.0,405.0,1.0,-0.0095418053648377,0.0048569505542515,1.0,-0.0095418053648377,0.0048569505542515,0.932651533253684,0.0,1.0,,20221.0,1.2239515396713985,1.0,19,-0.1265544711546899,0.0644185020879683,202201.0,
T030,wf2022,2022,raw,return,retained,month,18,100.05555555555556,100.05555555555556,1.0,-0.0032142967085784,0.001198166761391,0.2433160124349724,-0.0009672193248567,0.0002104432779019,0.948054449442489,0.0,0.0,,20221.0,0.3019380238705453,0.5,19,-0.2309108872394851,0.050240563608596,202201.0,
T030,wf2022,2022,raw,return,retained,month,16,103.0,103.0,1.0,0.0047092158685875,0.0022708780716883,0.249986449733091,0.0009247756069008,0.0005948397071413,0.9482117594667224,0.0,0.0,,20221.0,0.5722612740654616,0.625,16,0.2330434529390123,0.1498996061996313,202202.0,
T030,wf2022,2022,raw,return,retained,month,23,106.21739130434784,106.21739130434784,1.0,-0.0011411394242307,0.001612197453681,0.2567954945804397,-0.0006862177838078,0.0005264893916318,0.9453988023625768,0.0,0.0,,20221.0,0.4062737583276353,0.6086956521739131,23,-0.172926881519582,0.1326753266912181,202203.0,
T030,wf2022,2022,raw,return,retained,month,19,122.0,122.0,1.0,-0.0070746687818915,0.0003445345113757,0.2942990670682559,-0.0037510696321197,-0.0004255080901572,0.9468726490664912,0.0,0.0,,20222.0,0.086822696866678,0.4210526315789473,19,-0.9452695472941736,-0.1072280387196343,202204.0,
T030,wf2022,2022,raw,return,retained,month,19,107.52631578947368,107.52631578947368,1.0,0.0069364095749098,0.0024935441052242,0.2612841762117835,0.0017823181780585,0.0005967283812546,0.941671505453726,0.0,0.0,,20222.0,0.6283731145165034,0.631578947368421,19,0.4491441808707499,0.1503755520761738,202205.0,
T030,wf2022,2022,raw,return,retained,month,21,89.28571428571429,89.28571428571429,1.0,0.0041560943172829,0.0011491917743438,0.2146135583509419,0.0009371976688994,0.0002261590509966,0.9420884129996068,0.0,0.0,,20222.0,0.2895963271346443,0.5714285714285714,21,0.2361738125626594,0.0569920808511641,202206.0,
T030,wf2022,2022,raw,return,retained,month,21,95.66666666666669,95.66666666666669,1.0,0.0040772066365153,0.0027251654013843,0.2280857025020532,0.0008021911180453,0.0005368501752476,0.9432954135521572,0.0,0.0,,20223.0,0.6867416811488671,0.8095238095238095,21,0.2021521617474285,0.1352862441624137,202207.0,
T030,wf2022,2022,raw,return,retained,month,23,94.8695652173913,94.8695652173913,1.0,-0.0008428758414739,0.0008678427501455,0.2252975412121977,-1.56427261589313e-05,0.0001376019825468,0.9453233972198976,0.0,0.0,,20223.0,0.2186963730366735,0.5652173913043478,23,-0.0039419669920506,0.0346756996017977,202208.0,
T030,wf2022,2022,raw,return,retained,month,21,105.66666666666669,105.66666666666669,1.0,-0.0020237778462746,0.0029356632569787,0.2496312681086952,-0.0003884749859374,0.0008308039278724,0.952267051191629,0.0,0.0,,20223.0,0.739787140758649,0.7142857142857143,21,-0.0978956964562308,0.2093625898238699,202209.0,
T030,wf2022,2022,raw,return,retained,month,16,93.875,93.875,1.0,0.0068633228426768,0.0026214996929977,0.2228683791596556,0.0021660147071622,0.0007026826124085,0.9460820858748578,0.0,0.0,,20224.0,0.6606179226354244,0.75,16,0.5458357062048917,0.1770760183269613,202210.0,
T030,wf2022,2022,raw,return,retained,month,22,85.31818181818181,85.31818181818181,1.0,0.0049856633445077,0.0022645443182217,0.202475052160888,0.001123886715262,0.0005560018967192,0.9450019300337956,0.0,0.0,,20224.0,0.5706651681918911,0.6363636363636364,22,0.2832194522460403,0.1401124779732502,202211.0,
T030,wf2022,2022,raw,return,retained,month,22,91.95454545454544,91.95454545454544,1.0,0.0034572077604266,0.0046851474629938,0.2174817040311345,0.0009172003004694,0.0010151966957009,0.9495849403449236,0.0,0.0,,20224.0,1.1806571606744405,0.8636363636363636,22,0.2311344757182989,0.2558295673166407,202212.0,
T030,wf2022,2022,raw,turn,entered,month,18,350.0,349.94444444444446,0.9998417220639442,-0.0016357739252008,0.0027766895447686,0.7643074593660503,,,0.9362456366023698,0.0,0.0,,20221.0,0.6997257652817035,0.7777777777777778,19,,,202201.0,
T030,wf2022,2022,raw,turn,entered,month,16,345.6875,345.5,0.999462916579418,0.0047027452313186,0.0022644074344194,0.7568065248015414,,,0.933260538226222,0.0,0.0,,20221.0,0.5706306734737054,0.875,16,,,202202.0,
T030,wf2022,2022,raw,turn,entered,month,23,343.5217391304348,340.0869565217391,0.989645426386098,-0.00225784419209,0.0004954926858218,0.7522851083010863,,,0.9340165313707728,3.391304347826087,0.0,,20221.0,0.1248641568271059,0.3478260869565217,23,,,202203.0,
T030,wf2022,2022,raw,turn,entered,month,19,324.94736842105266,324.4736842105263,0.9986590846863422,-0.0050914827399157,0.0023277205533515,0.7128008726561054,,,0.9363206562550028,0.0,0.0,,20222.0,0.5865855794446011,0.6842105263157895,19,,,202204.0,
T030,wf2022,2022,raw,turn,entered,month,19,337.0,336.6842105263158,0.9990878864352668,0.0070330692785086,0.002590203808823,0.7426199377662082,,,0.9292345507573232,0.0,0.0,,20222.0,0.6527313598234039,0.8947368421052632,19,,,202205.0,
T030,wf2022,2022,raw,turn,entered,month,21,358.6190476190476,358.5238095238095,0.9997346798883292,0.0053278693492721,0.002320966806333,0.7869872930318428,,,0.9329495469507232,0.0,0.0,,20222.0,0.584883635195916,0.7142857142857143,21,,,202206.0,
T030,wf2022,2022,raw,turn,entered,month,21,354.8095238095238,354.7142857142857,0.9997414715425764,0.0036418764935371,0.0022898352584061,0.777574197462207,,,0.9332863915959574,0.0,0.0,,20223.0,0.5770384851183487,0.7142857142857143,21,,,202207.0,
T030,wf2022,2022,raw,turn,entered,month,23,356.9130434782609,356.8695652173913,0.9998831229546516,-0.0012190930370509,0.0004916255545685,0.7804095931827445,,,0.9353529576873688,0.0,0.0,,20223.0,0.1238896397512685,0.5652173913043478,23,,,202208.0,
T030,wf2022,2022,raw,turn,entered,month,21,347.7619047619048,347.57142857142856,0.9994612027730716,-0.0039192768637854,0.0010401642394679,0.7564330558683318,,,0.93883787705344,0.0,0.0,,20223.0,0.2621213883459324,0.7142857142857143,21,,,202209.0,
T030,wf2022,2022,raw,turn,entered,month,16,357.5625,357.4375,0.9996266183553532,0.0081259180036143,0.0038840948539351,0.780214218909994,,,0.937669390334049,0.0,0.0,,20224.0,0.978791903191658,0.9375,16,,,202210.0,
T030,wf2022,2022,raw,turn,entered,month,22,366.0,365.95454545454544,0.999884633133364,0.0047701009057695,0.0020489818794835,0.799398076668119,,,0.936519518422509,0.0,0.0,,20224.0,0.5163434336298582,0.7727272727272727,22,,,202211.0,
T030,wf2022,2022,raw,turn,entered,month,22,361.95454545454544,361.8636363636364,0.999748411697017,0.0017734169476785,0.0030013566502457,0.7874626474143434,,,0.9391776689445692,0.0,0.0,,20224.0,0.7563418758619286,0.6818181818181818,22,,,202212.0,
T030,wf2022,2022,raw,turn,initial,month,1,453.0,453.0,1.0,-0.009180861431473,0.0052178944876163,1.0,,,0.927470863300814,0.0,1.0,,20221.0,1.3149094108793111,1.0,19,,,202201.0,
T030,wf2022,2022,raw,turn,retained,month,18,107.94444444444444,107.94444444444444,1.0,-0.0032958939006257,0.0011165695693437,0.2356925406339497,,,0.9440565683299303,0.0,0.0,,20221.0,0.281375531474628,0.5,19,,,202201.0,
T030,wf2022,2022,raw,turn,retained,month,16,111.125,111.125,1.0,0.0044459920245672,0.0020076542276679,0.2431934751984585,,,0.9438718883594732,0.0,0.0,,20221.0,0.5059288653723282,0.625,16,,,202202.0,
T030,wf2022,2022,raw,turn,retained,month,23,113.17391304347828,113.17391304347828,1.0,-0.001112853241727,0.0016404836361848,0.2477148916989135,,,0.9421290082219878,0.0,0.0,,20221.0,0.4134018763185801,0.5217391304347826,23,,,202203.0,
T030,wf2022,2022,raw,turn,retained,month,19,131.1578947368421,131.0,0.9979622132253712,-0.0067434483211574,0.0006757549721098,0.2871991273438947,,,0.9431036309762764,0.0,0.0,,20222.0,0.1702902529716793,0.4736842105263157,19,,,202204.0,
T030,wf2022,2022,raw,turn,retained,month,19,116.63157894736842,116.57894736842104,0.9996101364522416,0.0067343327722788,0.0022914673025932,0.2573800622337918,,,0.9372475727575256,0.0,0.0,,20222.0,0.5774497602534925,0.5789473684210527,19,,,202205.0,
T030,wf2022,2022,raw,turn,retained,month,21,97.04761904761904,97.0,0.9996549344375432,0.0043093567483591,0.00130245420542,0.2130127069681573,,,0.9377718703416834,0.0,0.0,,20222.0,0.3282184597658519,0.5238095238095238,21,,,202206.0,
T030,wf2022,2022,raw,turn,retained,month,21,101.52380952380952,101.52380952380952,1.0,0.0040446706836917,0.0026926294485607,0.222425802537793,,,0.9400955981869252,0.0,0.0,,20223.0,0.6785426210373057,0.7619047619047619,21,,,202207.0,
T030,wf2022,2022,raw,turn,retained,month,23,100.47826086956522,100.43478260869566,0.999494438827098,-0.000740248378023,0.0009704702135964,0.2195904068172556,,,0.9422469834288584,0.0,0.0,,20223.0,0.2445584938262958,0.6521739130434783,23,,,202208.0,
T030,wf2022,2022,raw,turn,retained,month,21,112.04761904761904,112.04761904761904,1.0,-0.0019600817568599,0.0029993593463935,0.2435669441316682,,,0.9490418549961084,0.0,0.0,,20223.0,0.755838555291165,0.7142857142857143,21,,,202209.0,
T030,wf2022,2022,raw,turn,retained,month,16,100.6875,100.6875,1.0,0.0068408926903554,0.0025990695406763,0.2197857810900059,,,0.9424799018454608,0.0,0.0,,20224.0,0.6549655242504321,0.75,16,,,202210.0,
T030,wf2022,2022,raw,turn,retained,month,22,91.9090909090909,91.86363636363636,0.9995408631772268,0.0048072275475251,0.0020861085212391,0.2006019233318809,,,0.9410196424919122,0.0,0.0,,20224.0,0.5256993473522681,0.6363636363636364,22,,,202211.0,
T030,wf2022,2022,raw,turn,retained,month,22,97.72727272727272,97.6818181818182,0.9997141223556318,0.0034749869155166,0.0047029266180838,0.2125373525856565,,,0.9461404681464124,0.0,0.0,,20224.0,1.1851375077571331,0.8181818181818182,22,,,202212.0,
T030,wf2022,2022,raw,return,entered,quarter,57,308.89473684210526,308.89473684210526,1.0,-0.0002232194625356,0.0015967399392369,0.7493724948261565,0.0001339777111567,0.0011853192622517,0.9396613851600816,0.0,0.0,202202.08771929823,,0.402378464687702,0.631578947368421,58,0.0331802731561181,0.2935504462583498,,20221.0
T030,wf2022,2022,raw,return,entered,quarter,59,308.4237288135593,308.4237288135593,1.0,0.0025932369026236,0.0024814651271377,0.7446954856323638,0.0024798359826055,0.0019320023057288,0.9373866102152388,0.0,0.0,202205.0338983051,,0.6253292120387084,0.7627118644067796,59,0.6249186676165894,0.486864581043661,,20222.0
T030,wf2022,2022,raw,return,entered,quarter,65,322.4769230769231,322.4769230769231,1.0,-0.0005516733461028,0.0012191254975558,0.765940002604519,-0.0004881703067458,0.0009202081416592,0.9399792296783596,0.0,0.0,202208.0,,0.3072196253840812,0.6615384615384615,65,-0.1230189172999478,0.2318924516981349,,20223.0
T030,wf2022,2022,raw,return,entered,quarter,60,331.71666666666664,331.71666666666664,1.0,0.0046877143283284,0.0030090624030504,0.7865842882870169,0.0034472585625084,0.0023311209510455,0.9418766713247492,0.0,0.0,202211.1,,0.7582837255687228,0.7666666666666667,60,0.8687091577521203,0.5874424796634792,,20224.0
T030,wf2022,2022,raw,return,initial,quarter,1,405.0,405.0,1.0,-0.0095418053648377,0.0048569505542515,1.0,-0.0095418053648377,0.0048569505542515,0.932651533253684,0.0,1.0,202201.0,,1.2239515396713985,1.0,58,-0.0414574991713639,0.0211026127529551,,20221.0
T030,wf2022,2022,raw,return,retained,quarter,57,103.36842105263158,103.36842105263158,1.0,-0.0001536156774441,0.0016663437243283,0.2506275051738434,-0.000322746441484,0.0004458714091935,0.9470270297503792,0.0,0.0,202202.08771929823,,0.4199186185307511,0.5789473684210527,58,-0.0799298256116621,0.1104223607181973,,20221.0
T030,wf2022,2022,raw,return,retained,quarter,59,105.69491525423727,105.69491525423727,1.0,0.0014347636564455,0.0013229918809596,0.2553045143676361,-0.0003004258742419,0.0001356360271488,0.9434948408284044,0.0,0.0,202205.0338983051,,0.3333939540018301,0.5423728813559322,59,-0.0757073203089694,0.0341802788415033,,20222.0
T030,wf2022,2022,raw,return,retained,quarter,65,98.6153846153846,98.6153846153846,1.0,0.0003651670806331,0.0021359659242919,0.234059997395481,0.0001281270165017,0.0004905474117553,0.9469115368565716,0.0,0.0,202208.0,,0.5382634129215589,0.6923076923076923,65,0.0322880081584305,0.1236179477623585,,20223.0
T030,wf2022,2022,raw,return,retained,quarter,60,90.03333333333333,90.03333333333333,1.0,0.0049259388298564,0.0032472869045784,0.2134157117129831,0.0013260024943448,0.0007634881805296,0.9469704087054924,0.0,0.0,202211.1,,0.8183162999537679,0.75,60,0.3341526285748956,0.192399021493483,,20224.0
T030,wf2022,2022,raw,turn,entered,quarter,57,346.17543859649123,344.719298245614,0.9956210959526656,-0.0001075512872032,0.0017124081145692,0.7573508097603255,,,0.9345082507366664,1.368421052631579,0.0,202202.08771929823,,0.431526844871463,0.631578947368421,58,,,,20221.0
T030,wf2022,2022,raw,turn,entered,quarter,59,340.8135593220339,340.5254237288136,0.9991800123553471,0.0025216169587793,0.0024098451832934,0.7488089585032652,,,0.9328388037152436,0.0,0.0,202205.0338983051,,0.6072809861899376,0.7627118644067796,59,,,,20222.0
T030,wf2022,2022,raw,turn,entered,quarter,65,353.2769230769231,353.16923076923075,0.99970104597824,-0.0005209930404213,0.0012498058032374,0.7717472763560682,,,0.935811194899182,0.0,0.0,202208.0,,0.314951062415832,0.6615384615384615,65,,,,20223.0
T030,wf2022,2022,raw,turn,entered,quarter,60,362.26666666666665,362.1833333333333,0.9997658813325672,0.0045662013472281,0.0028875494219501,0.7899060572062346,,,0.9378008061236752,0.0,0.0,202211.1,,0.7276624543314306,0.7833333333333333,60,,,,20224.0
T030,wf2022,2022,raw,turn,initial,quarter,1,453.0,453.0,1.0,-0.009180861431473,0.0052178944876163,1.0,,,0.927470863300814,0.0,1.0,202201.0,,1.3149094108793111,1.0,58,,,,20221.0
T030,wf2022,2022,raw,turn,retained,quarter,57,110.94736842105264,110.94736842105264,1.0,-0.0002418568838229,0.0015781025179495,0.2426491902396744,,,0.9432269409262464,0.0,0.0,202202.08771929823,,0.3976818345232965,0.543859649122807,58,,,,20221.0
T030,wf2022,2022,raw,turn,retained,quarter,59,114.33898305084746,114.2542372881356,0.9990953943570008,0.0015309033268957,0.0014191315514098,0.2511910414967347,,,0.9393200364087728,0.0,0.0,202205.0338983051,,0.3576211509552738,0.5254237288135594,59,,,,20222.0
T030,wf2022,2022,raw,turn,retained,quarter,65,104.55384615384617,104.53846153846152,0.9998211091234348,0.0004115485349067,0.0021823473785654,0.2282527236439317,,,0.9437471867031914,0.0,0.0,202208.0,,0.549951539398503,0.7076923076923077,65,,,,20223.0
T030,wf2022,2022,raw,turn,retained,quarter,60,96.38333333333334,96.35,0.9997268280287148,0.0048610500205434,0.0031823980952654,0.2100939427937653,,,0.9432866810595086,0.0,0.0,202211.1,,0.8019643200068958,0.7333333333333333,60,,,,20224.0
T030,wf2022,2022,band,return,entered,year,241,3.896265560165975,3.896265560165975,1.0,0.0040963541919959,0.0042443226479805,0.0093593477742362,2.3219501340869985e-05,1.960697480569228e-05,0.9885094246026742,0.0,0.0,202206.64730290457,20222.53112033195,1.0695693072911103,0.5392156862745098,242,0.0058271353530318,0.0049205404706582,,
T030,wf2022,2022,band,return,initial,year,1,405.0,405.0,1.0,-0.0095418053648377,0.0048569505542515,1.0,-0.0095418053648377,0.0048569505542515,0.932651533253684,0.0,1.0,202201.0,20221.0,1.2239515396713985,1.0,242,-0.0099360948427235,0.0050576509903776,,
T030,wf2022,2022,band,return,retained,year,241,413.5643153526971,413.5643153526971,1.0,0.0002859936506296,0.0007487569720757,0.9906406522257636,0.0002749669929247,0.0007413428409059,0.5693886949642013,0.0,0.0,202206.64730290457,20222.53112033195,0.1886867569630902,0.6307053941908713,242,0.0690053529516689,0.1860464190657113,,
T030,wf2022,2022,band,turn,entered,year,241,3.900414937759336,3.896265560165975,0.9997549019607842,0.0040963541919959,0.0042443226479805,0.0085379525793536,,,0.9885094634410732,0.0,0.0,202206.64730290457,20222.53112033195,1.0695693072911103,0.5392156862745098,242,,,,
T030,wf2022,2022,band,turn,initial,year,1,453.0,453.0,1.0,-0.009180861431473,0.0052178944876163,1.0,,,0.927470863300814,0.0,1.0,202201.0,20221.0,1.3149094108793111,1.0,242,,,,
T030,wf2022,2022,band,turn,retained,year,241,453.31120331950206,452.5933609958506,0.998413519878928,-1.1447897601978143e-06,0.0004616185316858,0.9914620474206464,,,0.5253455975196685,0.6182572614107884,0.0,202206.64730290457,20222.53112033195,0.1163278699848444,0.5975103734439834,242,,,,
T030,wf2022,2022,band,return,entered,month,18,4.222222222222222,4.222222222222222,1.0,0.0156208991527407,0.0165190986513035,0.0102691194949439,9.363308895115896e-05,8.630421707994077e-05,0.9902454809229002,0.0,0.0,,20221.0,4.162812860128499,0.7333333333333333,19,0.0223536679727608,0.0206039962460321,202201.0,
T030,wf2022,2022,band,return,entered,month,16,4.8125,4.8125,1.0,0.0023018101687035,-0.0010751458926657,0.011672072141031,3.5734425166035164e-05,-1.844612095210469e-05,0.9881205666495988,0.0,0.0,,20221.0,-0.2709367649517782,0.5333333333333333,16,0.0090050751418408,-0.0046484224799303,202202.0,
T030,wf2022,2022,band,return,entered,month,23,4.434782608695652,4.434782608695652,1.0,-0.0047343085005421,0.0006256307797646,0.0107417268595102,-6.838745182985511e-05,8.613610428394395e-06,0.9874232722568886,0.0,0.0,,20221.0,0.1576589565007005,0.4210526315789473,23,-0.0172336378611234,0.0021706298279553,202203.0,
T030,wf2022,2022,band,return,entered,month,19,4.578947368421052,4.578947368421052,1.0,-0.0140238213530258,-0.0097369786289632,0.0110288854580064,-0.0001006005044013,-9.004161617830842e-05,0.9939153139174643,0.0,0.0,,20222.0,-2.453718614498748,0.2666666666666666,19,-0.0253513271091434,-0.0226904872769337,202204.0,
T030,wf2022,2022,band,return,entered,month,19,6.0,6.0,1.0,0.004798415076559,0.0006368698799528,0.0146158842804273,9.194276996923135e-05,2.7662362306128303e-05,0.98360780821392,0.0,0.0,,20222.0,0.1604912097481234,0.4444444444444444,19,0.0231695780322463,0.0069709153011443,202205.0,
T030,wf2022,2022,band,return,entered,month,21,4.857142857142857,4.857142857142857,1.0,0.0058578062893878,0.0028717746319106,0.0116648665322086,8.678507848153153e-05,4.80994097079376e-05,0.9849752222687708,0.0,0.0,,20222.0,0.7236872072414944,0.5,21,0.0218698397773459,0.0121210512464002,202206.0,
T030,wf2022,2022,band,return,entered,month,21,4.761904761904762,4.761904761904762,1.0,0.0177562091335693,0.016110416227836,0.0113415733173246,8.243298280960957e-05,8.692482598360227e-05,0.9863125543575458,0.0,0.0,,20223.0,4.059824889414685,0.6842105263157895,21,0.0207731116680216,0.0219050561478677,202207.0,
T030,wf2022,2022,band,return,entered,month,23,3.608695652173913,3.608695652173913,1.0,-0.0024455532784574,7.646979997958815e-05,0.0085672273142823,9.592728493985134e-06,1.973757835825181e-05,0.9882305171530978,0.0,0.0,,20223.0,0.0192703895948562,0.5,23,0.0024173675804842,0.0049738697462794,202208.0,
T030,wf2022,2022,band,return,entered,month,21,1.6666666666666667,1.6666666666666667,1.0,0.0032508315328005,0.0068025550256304,0.0039380177507353,-3.2022468405740144e-06,1.1478507604066713e-05,0.9925526881720432,0.0,0.0,,20223.0,1.7142438664588828,0.6666666666666666,21,-0.0008069662038246,0.0028925839162248,202209.0,
T030,wf2022,2022,band,return,entered,month,16,3.75,3.75,1.0,0.0035050338011766,0.001167883167875,0.0089062459731469,4.6356403266736574e-05,3.746966104241636e-05,0.9897854582693292,0.0,0.0,,20224.0,0.2943065583045246,0.5714285714285714,16,0.0116818136232176,0.0094423545826889,202210.0,
T030,wf2022,2022,band,return,entered,month,22,2.636363636363636,2.636363636363636,1.0,0.0027020491581633,-0.0014208003296008,0.0062627558045481,1.6480093930413924e-05,-9.089036407634817e-06,0.9884821541519834,0.0,0.0,,20224.0,-0.3580416830594046,0.5294117647058824,22,0.0041529836704643,-0.0022904371747239,202211.0,
T030,wf2022,2022,band,return,entered,month,22,2.0454545454545454,2.0454545454545454,1.0,0.0136101476540859,0.0175052167347093,0.0048424892964508,1.2042381277679633e-05,2.3816275114850355e-05,0.9913048703352308,0.0,0.0,,20224.0,4.411314617146745,0.6470588235294118,22,0.0030346800819752,0.0060017013289422,202212.0,
T030,wf2022,2022,band,return,initial,month,1,405.0,405.0,1.0,-0.0095418053648377,0.0048569505542515,1.0,-0.0095418053648377,0.0048569505542515,0.932651533253684,0.0,1.0,,20221.0,1.2239515396713985,1.0,19,-0.1265544711546899,0.0644185020879683,202201.0,
T030,wf2022,2022,band,return,retained,month,18,406.8888888888889,406.8888888888889,1.0,-0.0034278240017031,0.0009846394682664,0.989730880505056,-0.0034415909811392,0.0009782013607015,0.5854333066867743,0.0,0.0,,20221.0,0.2481291460031373,0.6666666666666666,19,-0.8216345626551296,0.2335327037969612,202201.0,
T030,wf2022,2022,band,return,retained,month,16,407.125,407.125,1.0,0.0029945569385186,0.0005562191416194,0.988327927858969,0.0029328873649933,0.0005487301142122,0.5884860966972275,0.0,0.0,,20221.0,0.1401672236880938,0.5625,16,0.7390876159783325,0.1382799887814974,202202.0,
T030,wf2022,2022,band,return,retained,month,23,408.9565217391304,408.9565217391304,1.0,-0.001655265452907,0.0010980714250047,0.98925827314049,-0.0015905434007256,0.0010857924149279,0.5736163214188734,0.0,0.0,,20221.0,0.2767139991011983,0.6521739130434783,23,-0.400816936982859,0.2736196885618494,202203.0,
T030,wf2022,2022,band,return,retained,month,19,409.3157894736842,409.3157894736842,1.0,-0.0058577232768279,0.0015614800164392,0.9889711145419936,-0.0058588061740496,0.0015498382309945,0.5855068011571153,0.0,0.0,,20222.0,0.3934929641427035,0.7368421052631579,19,-1.4764191558605122,0.3905592342106356,202204.0,
T030,wf2022,2022,band,return,retained,month,19,406.05263157894734,406.05263157894734,1.0,0.0055919732629202,0.0011491077932346,0.9853841157195729,0.0055055906108297,0.0011270055488072,0.6018983125311532,0.0,0.0,,20222.0,0.289575163895128,0.7894736842105263,19,1.3874088339291,0.2840053982994213,202205.0,
T030,wf2022,2022,band,return,retained,month,21,411.3333333333333,411.3333333333333,1.0,0.0037762020187131,0.0007692994757739,0.9883351334677912,0.0037277203859159,0.0007595035117504,0.5873770861048775,0.0,0.0,,20222.0,0.1938634678950457,0.7142857142857143,21,0.9393855372508286,0.1913948849611144,202206.0,
T030,wf2022,2022,band,return,retained,month,21,414.57142857142856,414.57142857142856,1.0,0.001553126443795,0.000201085208664,0.9886584266826752,0.0015540716276025,0.0001975385492975,0.5586320983886697,0.0,0.0,,20223.0,0.0506734725833314,0.4761904761904761,21,0.3916260501558427,0.0497797144229866,202207.0,
T030,wf2022,2022,band,return,retained,month,23,417.2608695652174,417.2608695652174,1.0,-0.0008652990918674,0.000845419499752,0.9914327726857176,-0.0008598437171434,0.0008407300246117,0.5536919105281913,0.0,0.0,,20223.0,0.2130457139375229,0.6521739130434783,23,-0.2166806167201584,0.2118639662021632,202208.0,
T030,wf2022,2022,band,return,retained,month,21,421.4285714285714,421.4285714285714,1.0,-0.0045098170002018,0.0004496241030515,0.9960619822492648,-0.0044974493473755,0.0004473110014332,0.5391168022377658,0.0,0.0,,20223.0,0.1133052739689996,0.4761904761904761,21,-1.13335723553864,0.112722372361178,202209.0,
T030,wf2022,2022,band,return,retained,month,16,417.625,417.625,1.0,0.0050508227259403,0.0008089995762611,0.9910937540268532,0.005035071796952,0.0008021353894971,0.5572561761951541,0.0,0.0,,20224.0,0.2038678932178147,0.6875,16,1.268838092831911,0.2021381181532937,202210.0,
T030,wf2022,2022,band,return,retained,month,22,418.45454545454544,418.45454545454544,1.0,0.0028841914612213,0.0001630724349354,0.9937372441954518,0.0028563390688977,0.0001607891729498,0.566114654799259,0.0,0.0,,20224.0,0.0410942536037233,0.5454545454545454,22,0.7197974453622404,0.040518871583368,202211.0,
T030,wf2022,2022,band,return,retained,month,22,420.6363636363636,420.6363636363636,1.0,-0.0007154768572808,0.0005124628452863,0.9951575107035492,-0.0007051054421977,0.0005110603665322,0.5464565899059826,0.0,0.0,,20224.0,0.1291406370121608,0.6363636363636364,22,-0.1776865714338296,0.1287872123661317,202212.0,
T030,wf2022,2022,band,turn,entered,month,18,4.222222222222222,4.222222222222222,1.0,0.0156208991527407,0.0165190986513035,0.0092140044913045,,,0.9902454809229002,0.0,0.0,,20221.0,4.162812860128499,0.7333333333333333,19,,,202201.0,
T030,wf2022,2022,band,turn,entered,month,16,4.8125,4.8125,1.0,0.0023018101687035,-0.0010751458926657,0.0105234122602124,,,0.9881205666495988,0.0,0.0,,20221.0,-0.2709367649517782,0.5333333333333333,16,,,202202.0,
T030,wf2022,2022,band,turn,entered,month,23,4.434782608695652,4.434782608695652,1.0,-0.0047343085005421,0.0006256307797646,0.0097201283793085,,,0.9874232722568886,0.0,0.0,,20221.0,0.1576589565007005,0.4210526315789473,23,,,202203.0,
T030,wf2022,2022,band,turn,entered,month,19,4.578947368421052,4.578947368421052,1.0,-0.0140238213530258,-0.0097369786289632,0.0100148188960252,,,0.9939153139174643,0.0,0.0,,20222.0,-2.453718614498748,0.2666666666666666,19,,,202204.0,
T030,wf2022,2022,band,turn,entered,month,19,6.052631578947368,6.0,0.9972222222222222,0.004798415076559,0.0006368698799528,0.0133642075085344,,,0.9836082483824418,0.0,0.0,,20222.0,0.1604912097481234,0.4444444444444444,19,,,202205.0,
T030,wf2022,2022,band,turn,entered,month,21,4.857142857142857,4.857142857142857,1.0,0.0058578062893878,0.0028717746319106,0.0106564631540571,,,0.9849752222687708,0.0,0.0,,20222.0,0.7236872072414944,0.5,21,,,202206.0,
T030,wf2022,2022,band,turn,entered,month,21,4.761904761904762,4.761904761904762,1.0,0.0177562091335693,0.016110416227836,0.0104184842263155,,,0.9863125543575458,0.0,0.0,,20223.0,4.059824889414685,0.6842105263157895,21,,,202207.0,
T030,wf2022,2022,band,turn,entered,month,23,3.608695652173913,3.608695652173913,1.0,-0.0024455532784574,7.646979997958815e-05,0.0078818657927203,,,0.9882305171530978,0.0,0.0,,20223.0,0.0192703895948562,0.5,23,,,202208.0,
T030,wf2022,2022,band,turn,entered,month,21,1.6666666666666667,1.6666666666666667,1.0,0.0032508315328005,0.0068025550256304,0.0036238953691998,,,0.9925526881720432,0.0,0.0,,20223.0,1.7142438664588828,0.6666666666666666,21,,,202209.0,
T030,wf2022,2022,band,turn,entered,month,16,3.75,3.75,1.0,0.0035050338011766,0.001167883167875,0.0081894728433959,,,0.9897854582693292,0.0,0.0,,20224.0,0.2943065583045246,0.5714285714285714,16,,,202210.0,
T030,wf2022,2022,band,turn,entered,month,22,2.636363636363636,2.636363636363636,1.0,0.0027020491581633,-0.0014208003296008,0.0057584981379006,,,0.9884821541519834,0.0,0.0,,20224.0,-0.3580416830594046,0.5294117647058824,22,,,202211.0,
T030,wf2022,2022,band,turn,entered,month,22,2.0454545454545454,2.0454545454545454,1.0,0.0136101476540859,0.0175052167347093,0.0044535593047669,,,0.9913048703352308,0.0,0.0,,20224.0,4.411314617146745,0.6470588235294118,22,,,202212.0,
T030,wf2022,2022,band,turn,initial,month,1,453.0,453.0,1.0,-0.009180861431473,0.0052178944876163,1.0,,,0.927470863300814,0.0,1.0,,20221.0,1.3149094108793111,1.0,19,,,202201.0,
T030,wf2022,2022,band,turn,retained,month,18,453.72222222222223,453.27777777777777,0.9990285344089608,-0.0037688194538887,0.0006436440160808,0.9907859955086954,,,0.5336465701103739,0.3333333333333333,0.0,,20221.0,0.1621982920523679,0.5555555555555556,19,,,202201.0,
T030,wf2022,2022,band,turn,retained,month,16,452.0,451.625,0.9991718801891032,0.0027818291774714,0.0003434913805721,0.9894765877397876,,,0.5377356031676136,0.3125,0.0,,20221.0,0.0865598279041909,0.5625,16,,,202202.0,
T030,wf2022,2022,band,turn,retained,month,23,452.2608695652174,451.8695652173913,0.9991408120486536,-0.0019175849922703,0.0008357518856414,0.9902798716206914,,,0.5253814963848397,0.2608695652173913,0.0,,20221.0,0.2106094751816531,0.6521739130434783,23,,,202203.0,
T030,wf2022,2022,band,turn,retained,month,19,451.5263157894737,450.3684210526316,0.9974320960291166,-0.0062209392651382,0.001198264028129,0.9899851811039748,,,0.5379469702644506,0.8947368421052632,0.0,,20222.0,0.301962535088523,0.6842105263157895,19,,,202204.0,
T030,wf2022,2022,band,turn,retained,month,19,447.578947368421,445.6842105263158,0.9957637961102632,0.0050184492718093,0.0005755838021236,0.9866357924914654,,,0.5541074248483698,1.7894736842105263,0.0,,20222.0,0.1450471181351701,0.6842105263157895,19,,,202205.0,
T030,wf2022,2022,band,turn,retained,month,21,450.8095238095238,448.7619047619048,0.9954619713640048,0.0035860454873855,0.0005791429444464,0.9893435368459428,,,0.5430646992443691,1.8571428571428568,0.0,,20222.0,0.1459440220005091,0.7619047619047619,21,,,202206.0,
T030,wf2022,2022,band,turn,retained,month,21,451.57142857142856,451.4761904761905,0.9997906814606572,0.0013375892108391,-1.4452024291874512e-05,0.9895815157736844,,,0.5176195409230879,0.0476190476190476,0.0,,20223.0,-0.0036419101215523,0.4761904761904761,21,,,202207.0,
T030,wf2022,2022,band,turn,retained,month,23,453.7826086956522,453.7826086956522,1.0,-0.0011278868141694,0.00058283177745,0.9921181342072796,,,0.5132105192828041,0.0,0.0,,20223.0,0.1468736079174067,0.6521739130434783,23,,,202208.0,
T030,wf2022,2022,band,turn,retained,month,21,458.1428571428572,457.6190476190476,0.9988565168023404,-0.0047631500951987,0.0001962910080547,0.9963761046308002,,,0.5005178626903501,0.4761904761904761,0.0,,20223.0,0.0494653340297913,0.4761904761904761,21,,,202209.0,
T030,wf2022,2022,band,turn,retained,month,16,454.5,453.9375,0.9987649240173352,0.0049328512992026,0.0006910281495234,0.991810527156604,,,0.5164776780364324,0.5,0.0,,20224.0,0.1741390936799196,0.6875,16,,,202210.0,
T030,wf2022,2022,band,turn,retained,month,22,455.27272727272725,454.6363636363636,0.9986046325698826,0.0025387790358912,-0.0001823399903947,0.9942415018620993,,,0.5249993749423174,0.5454545454545454,0.0,,20224.0,-0.0459496775794736,0.3636363636363636,22,,,202211.0,
T030,wf2022,2022,band,turn,retained,month,22,457.6363636363636,457.04545454545456,0.9987091226220725,-0.001009190264581,0.0002187494379861,0.995546440695233,,,0.5074253620338324,0.5,0.0,,20224.0,0.0551248583725129,0.6363636363636364,22,,,202212.0,
T030,wf2022,2022,band,return,entered,quarter,57,4.473684210526316,4.473684210526316,1.0,0.0036507913941094,0.0049703321672468,0.0108536319813021,1.200412301211852e-05,2.555177214137421e-05,0.988500671152416,0.0,0.0,202202.08771929823,,1.2525237061462062,0.5510204081632653,58,0.0029728831542425,0.0063280285351499,,20221.0
T030,wf2022,2022,band,return,entered,quarter,59,5.135593220338983,5.135593220338983,1.0,-0.0001288627005579,-0.0014557646973034,0.0124103868170614,2.810152023562137e-05,-2.9681054187242834e-06,0.98704103211298,0.0,0.0,202205.0338983051,,-0.366852703720474,0.4150943396226415,59,0.0070815830993765,-0.0007479625655185,,20222.0
T030,wf2022,2022,band,return,entered,quarter,65,3.353846153846154,3.353846153846154,1.0,0.0062448033511236,0.0075864005502395,0.0079679637024269,2.8991972472483167e-05,3.877591242432062e-05,0.988756281452518,0.0,0.0,202208.0,,1.9117729386603584,0.6111111111111112,65,0.0073059770630657,0.0097715299309287,,20223.0
T030,wf2022,2022,band,return,entered,quarter,60,2.716666666666667,2.716666666666667,1.0,0.0067995378963481,0.0060371967341061,0.0064469221298721,2.281994844743072e-05,1.539189713729006e-05,0.9898619965011096,0.0,0.0,202211.1,,1.5213735769947527,0.5833333333333334,60,0.0057506270087525,0.003878758078597,,20224.0
T030,wf2022,2022,band,return,initial,quarter,1,405.0,405.0,1.0,-0.0095418053648377,0.0048569505542515,1.0,-0.0095418053648377,0.0048569505542515,0.932651533253684,0.0,1.0,202201.0,,1.2239515396713985,1.0,58,-0.0414574991713639,0.0211026127529551,,20221.0
T030,wf2022,2022,band,return,retained,quarter,57,407.7894736842105,407.7894736842105,1.0,-0.0009098074812494,0.000910151920523,0.9891463680186978,-0.000905349790128,0.0009010619625152,0.581521972985117,0.0,0.0,202202.08771929823,,0.2293582839718164,0.631578947368421,58,-0.2242145583689637,0.2231526556822199,,20221.0
T030,wf2022,2022,band,return,retained,quarter,59,408.9830508474576,408.9830508474576,1.0,0.0012584913920123,0.0011467196165264,0.9875896131829388,0.0012130683458145,0.0011323661959829,0.5914511181064327,0.0,0.0,202205.0338983051,,0.288973343364657,0.7457627118644068,59,0.3056932231452639,0.2853562813877031,,20222.0
T030,wf2022,2022,band,return,retained,quarter,65,417.7384615384616,417.7384615384616,1.0,-0.0012614212430383,0.0005093776006203,0.9920320362975732,-0.0012551898093774,0.0005058250943295,0.5505790900815931,0.0,0.0,202208.0,,0.1283631553563381,0.5384615384615384,65,-0.3163078319631137,0.127467923771034,,20223.0
T030,wf2022,2022,band,return,retained,quarter,60,419.03333333333336,419.03333333333336,1.0,0.0021420814150289,0.0004634294897509,0.9935530778701278,0.0021314714756438,0.000460247601676,0.5565444367106296,0.0,0.0,202211.1,,0.1167842314172414,0.6166666666666667,60,0.5371308118622602,0.1159823956223615,,20224.0
T030,wf2022,2022,band,turn,entered,quarter,57,4.473684210526316,4.473684210526316,1.0,0.0036507913941094,0.0049703321672468,0.0097857829777364,,,0.988500671152416,0.0,0.0,202202.08771929823,,1.2525237061462062,0.5510204081632653,58,,,,20221.0
T030,wf2022,2022,band,turn,entered,quarter,59,5.152542372881356,5.135593220338983,0.999056603773585,-0.0001288627005579,-0.0014557646973034,0.0113218174224039,,,0.9870411816041762,0.0,0.0,202205.0338983051,,-0.366852703720474,0.4150943396226415,59,,,,20222.0
T030,wf2022,2022,band,turn,entered,quarter,65,3.353846153846154,3.353846153846154,1.0,0.0062448033511236,0.0075864005502395,0.0073257366882829,,,0.988756281452518,0.0,0.0,202208.0,,1.9117729386603584,0.6111111111111112,65,,,,20223.0
T030,wf2022,2022,band,turn,entered,quarter,60,2.716666666666667,2.716666666666667,1.0,0.0067995378963481,0.0060371967341061,0.005928280487217,,,0.9898619965011096,0.0,0.0,202211.1,,1.5213735769947527,0.5833333333333334,60,,,,20224.0
T030,wf2022,2022,band,turn,initial,quarter,1,453.0,453.0,1.0,-0.009180861431473,0.0052178944876163,1.0,,,0.927470863300814,0.0,1.0,202201.0,,1.3149094108793111,1.0,58,,,,20221.0
T030,wf2022,2022,band,turn,retained,quarter,57,452.64912280701753,452.2456140350877,0.9991140768334382,-0.0011830515465381,0.0006369078552344,0.9902142170222636,,,0.5314593391143835,0.2982456140350877,0.0,202202.08771929823,,0.1605007795190824,0.5964912280701754,58,,,,20221.0
T030,wf2022,2022,band,turn,retained,quarter,59,450.0,448.2881355932203,0.9961936160897004,0.0008891465315567,0.0007773747560708,0.988678182577596,,,0.5449727490046667,1.5254237288135593,0.0,202205.0338983051,,0.1958984385298451,0.711864406779661,59,,,,20222.0
T030,wf2022,2022,band,turn,retained,quarter,65,454.4769230769231,454.2769230769231,0.999562940977276,-0.0015058180814992,0.0002649807621595,0.992674263311717,,,0.5105342679905646,0.1692307692307692,0.0,202208.0,,0.0667751520642057,0.5384615384615384,65,,,,20223.0
T030,wf2022,2022,band,turn,retained,quarter,60,455.9333333333333,455.3333333333333,0.9986856899750062,0.0018762762292677,0.0001976243039897,0.9940717195127832,,,0.5162831177009701,0.5166666666666667,0.0,202211.1,,0.0498013246054263,0.55,60,,,,20224.0
Y1,wf2022,2022,raw,return,entered,year,241,301.56016597510376,301.56016597510376,1.0,0.0021127623239901,0.0025755256454362,0.722131374710783,0.0014387906116029,0.0018450068596893,0.9440878082800036,0.0,0.0,202206.64730290457,20222.53112033195,0.6490324626499331,0.7427385892116183,242,0.3610769893548309,0.4630204818291538,,
Y1,wf2022,2022,raw,return,initial,year,1,405.0,405.0,1.0,-0.0081628383447448,0.0062359175743444,1.0,-0.0081628383447448,0.0062359175743444,0.9363111642108056,0.0,1.0,202201.0,20221.0,1.5714512287348108,1.0,242,-0.0085001457143623,0.0064936001187388,,
Y1,wf2022,2022,raw,return,retained,year,241,115.90041493775934,115.90041493775934,1.0,0.0016429739991492,0.0021057373205953,0.2778686252892169,0.0005318416168388,0.0005883886901984,0.9476344661931012,0.0,0.0,202206.64730290457,20222.53112033195,0.5306458047900283,0.6514522821576764,242,0.1334702689002282,0.1476612476575742,,
Y1,wf2022,2022,raw,turn,entered,year,241,332.2116182572614,332.1369294605809,0.9997772580137878,0.0020257565770583,0.0024885198985044,0.7263635756748315,,,0.9395768974570992,0.0,0.0,202206.64730290457,20222.53112033195,0.6271070144231269,0.7468879668049793,242,,,,
Y1,wf2022,2022,raw,turn,initial,year,1,453.0,453.0,1.0,-0.0080679432160254,0.0063308127030638,1.0,,,0.9309938522158132,0.0,1.0,202201.0,20221.0,1.595364801172099,1.0,242,,,,
Y1,wf2022,2022,raw,turn,retained,year,241,125.0,124.97095435684648,0.9998084277410516,0.0015671495329972,0.0020299128544432,0.2736364243251684,,,0.9437234017802608,0.0,0.0,202206.64730290457,20222.53112033195,0.5115380393197111,0.6556016597510373,242,,,,
Y1,wf2022,2022,raw,return,entered,month,18,333.05555555555554,333.05555555555554,1.0,0.000215621113797,0.0046280845837666,0.8101231766115503,0.0001621984463644,0.0038599714539314,0.9461227154139756,0.0,0.0,,20221.0,1.166277315109188,0.8333333333333334,19,0.0387227448794344,0.921517395528046,202201.0,
Y1,wf2022,2022,raw,return,entered,month,16,305.125,305.125,1.0,0.0038437167241078,0.0014053789272086,0.7404076047572938,0.002933447019443,0.0010669924560521,0.9437388257619128,0.0,0.0,,20221.0,0.3541554896565768,0.6875,16,0.7392286488996361,0.2688820989251422,202202.0,
Y1,wf2022,2022,raw,return,entered,month,23,293.7826086956522,293.7826086956522,1.0,-0.0003098684498476,0.0024434684280641,0.7104020617015714,-0.0008193818590489,0.0018367330768394,0.9433110753071116,0.0,0.0,,20221.0,0.615754043872168,0.7391304347826086,23,-0.2064842284803267,0.4628567353635415,202203.0,
Y1,wf2022,2022,raw,return,entered,month,19,294.10526315789474,294.10526315789474,1.0,-0.0037182208618379,0.0037009824314293,0.7106026914100102,-0.0016032590782963,0.0025920592954998,0.9432818383347936,0.0,0.0,,20222.0,0.9326475727201868,0.7894736842105263,19,-0.4040212877306892,0.6531989424659596,202204.0,
Y1,wf2022,2022,raw,return,entered,month,19,268.2631578947368,268.2631578947368,1.0,0.0077620149700245,0.0033191495003389,0.65063831851234,0.0055555433832088,0.0022988010598924,0.9390914085714424,0.0,0.0,,20222.0,0.8364256740854102,0.8947368421052632,19,1.399996932568621,0.5792978670929058,202205.0,
Y1,wf2022,2022,raw,return,entered,month,21,265.3333333333333,265.3333333333333,1.0,0.0041654169195343,0.0011585143765952,0.6371683750062194,0.0028146636653331,0.0005802850354541,0.9423919257644288,0.0,0.0,,20222.0,0.2919456229020042,0.6190476190476191,21,0.7092952436639627,0.1462318289344495,202206.0,
Y1,wf2022,2022,raw,return,entered,month,21,297.7619047619048,297.7619047619048,1.0,0.0028639621642751,0.0015119209291441,0.7099855269477863,0.0024311724546295,0.0010504376938857,0.9436170166611368,0.0,0.0,,20223.0,0.3810040741443211,0.7142857142857143,21,0.6126554585666478,0.2647102988592125,202207.0,
Y1,wf2022,2022,raw,return,entered,month,23,319.39130434782606,319.39130434782606,1.0,-0.0003637376334526,0.0013469809581668,0.7587064882346692,-0.0003263860758767,0.0008106969294222,0.944324730613772,0.0,0.0,,20223.0,0.3394392014580552,0.5652173913043478,23,-0.0822492911209479,0.2042956262144194,202208.0,
Y1,wf2022,2022,raw,return,entered,month,21,319.4761904761905,319.4761904761905,1.0,-0.0024805413834361,0.0024788997198172,0.7551270182901271,-0.0022430095275455,0.0017574702284458,0.946142078408392,0.0,0.0,,20223.0,0.6246827293939476,0.7619047619047619,21,-0.5652384009414804,0.4428824975683573,202209.0,
Y1,wf2022,2022,raw,return,entered,month,16,306.25,306.25,1.0,0.0078187911370842,0.0035769679874051,0.7266363878456752,0.0047404629515771,0.0024345524807876,0.9442103085917932,0.0,0.0,,20224.0,0.9013959328260978,0.875,16,1.1945966637974337,0.6135072251584867,202210.0,
Y1,wf2022,2022,raw,return,entered,month,22,305.72727272727275,305.72727272727275,1.0,0.0047003994339046,0.0019792804076186,0.725965546672915,0.0032562639270993,0.0013318507995986,0.9453715181316256,0.0,0.0,,20224.0,0.4987786627199059,0.6363636363636364,22,0.8205785096290267,0.3356264014988672,202211.0,
Y1,wf2022,2022,raw,return,entered,month,22,311.40909090909093,311.40909090909093,1.0,0.0026554948573102,0.0038834345598774,0.7366601388933721,0.0017094773499287,0.002948747337445,0.9469866683891962,0.0,0.0,,20224.0,0.978625509089118,0.8636363636363636,22,0.4307882921820457,0.7430843290361476,202212.0,
Y1,wf2022,2022,raw,return,initial,month,1,405.0,405.0,1.0,-0.0081628383447448,0.0062359175743444,1.0,-0.0081628383447448,0.0062359175743444,0.9363111642108056,0.0,1.0,,20221.0,1.5714512287348108,1.0,19,-0.1082650138355629,0.0827079594070953,202201.0,
Y1,wf2022,2022,raw,return,retained,month,18,78.05555555555556,78.05555555555556,1.0,-0.0021076263056909,0.0023048371642786,0.1898768233884497,-0.0004154916428536,0.0002991988195489,0.950247124267524,0.0,0.0,,20221.0,0.5808189653982087,0.7777777777777778,19,-0.0991931627359999,0.0714297813407504,202201.0,
Y1,wf2022,2022,raw,return,retained,month,16,106.8125,106.8125,1.0,0.0040761148268327,0.0016377770299335,0.2595923952427062,0.0007756621919703,0.0002037789584619,0.9464261186669648,0.0,0.0,,20221.0,0.412719811543246,0.5625,16,0.1954668723765208,0.0513522975324085,202202.0,
Y1,wf2022,2022,raw,return,retained,month,23,119.6086956521739,119.6086956521739,1.0,-0.0014148952539947,0.0013384416239171,0.2895979382984283,0.0003613392411615,0.0004585611831849,0.9482404469174448,0.0,0.0,,20221.0,0.3372872892271107,0.6086956521739131,23,0.0910574887727006,0.1155574181626196,202203.0,
Y1,wf2022,2022,raw,return,retained,month,19,119.78947368421052,119.78947368421052,1.0,-0.0068378278172221,0.0005813754760451,0.2893973085899897,-0.003064638031473,0.0001592468879979,0.9516123644004346,0.0,0.0,,20222.0,0.1465066199633833,0.4736842105263157,19,-0.7722887839312202,0.0401302157754886,202204.0,
Y1,wf2022,2022,raw,return,retained,month,19,143.78947368421052,143.78947368421052,1.0,0.0061791374091834,0.0017362719394978,0.34936168148766,0.0018313497722044,0.000645226625835,0.944684091834302,0.0,0.0,,20222.0,0.4375405287534549,0.7368421052631579,19,0.4615001425955103,0.1625971097104447,202205.0,
Y1,wf2022,2022,raw,return,retained,month,21,150.85714285714286,150.85714285714286,1.0,0.0045145213342207,0.0015076187912816,0.3628316249937806,0.0013219457050756,0.0005494217920155,0.9455100871704196,0.0,0.0,,20222.0,0.3799199354029733,0.5714285714285714,21,0.3331303176790564,0.1384542915879098,202206.0,
Y1,wf2022,2022,raw,return,retained,month,21,121.57142857142856,121.57142857142856,1.0,0.002864012043341,0.00151197080821,0.2900144730522136,0.0003609529206969,0.0003896464463097,0.9435659800118336,0.0,0.0,,20223.0,0.3810166436689371,0.5714285714285714,21,0.0909601360156191,0.0981909044700446,202207.0,
Y1,wf2022,2022,raw,return,retained,month,23,101.47826086956522,101.47826086956522,1.0,0.0001626773259176,0.0018733959175371,0.2412935117653307,1.1149655987608966e-05,0.000584785242308,0.9459016951586092,0.0,0.0,,20223.0,0.4720957712193651,0.6086956521739131,23,0.0028097133088774,0.1473658810616269,202208.0,
Y1,wf2022,2022,raw,return,retained,month,21,103.61904761904762,103.61904761904762,1.0,-0.0020537816906309,0.0029056594126224,0.2448729817098729,-0.0001334727202603,0.0008254886270016,0.9506667334962066,0.0,0.0,,20223.0,0.7322261719808668,0.8095238095238095,21,-0.0336351255056022,0.2080231340044277,202209.0,
Y1,wf2022,2022,raw,return,retained,month,16,115.125,115.125,1.0,0.0087214207588001,0.004479597609121,0.2733636121543249,0.0033880599404578,0.0014521472615681,0.9494691952205812,0.0,0.0,,20224.0,1.1288585974984937,0.6875,16,0.8537911049953805,0.3659411099151813,202210.0,
Y1,wf2022,2022,raw,return,retained,month,22,115.36363636363636,115.36363636363636,1.0,0.0041183874516042,0.0013972684253182,0.274034453327085,0.0012603687164857,0.0004636628177004,0.9466781586131844,0.0,0.0,,20224.0,0.3521116431802064,0.5909090909090909,22,0.3176129165544071,0.1168430300605059,202211.0,
Y1,wf2022,2022,raw,return,retained,month,22,111.27272727272728,111.27272727272728,1.0,0.0030920572120431,0.0043199969146103,0.2633398611066278,0.0010741955283592,0.0010628652434101,0.949305129707919,0.0,0.0,,20224.0,1.0886392224817956,0.8181818181818182,22,0.2706972731465236,0.2678420413393501,202212.0,
Y1,wf2022,2022,raw,turn,entered,month,18,372.8888888888889,372.8333333333333,0.9998628257887516,0.0001529860096815,0.0045654494796511,0.8142046953218625,,,0.9408671912515024,0.0,0.0,,20221.0,1.150493268872085,0.8333333333333334,19,,,202201.0,
Y1,wf2022,2022,raw,turn,entered,month,16,340.4375,340.4375,1.0,0.0038473385893489,0.0014090007924497,0.7449728117521575,,,0.9386539069748494,0.0,0.0,,20221.0,0.3550681996973407,0.6875,16,,,202202.0,
Y1,wf2022,2022,raw,turn,entered,month,23,326.5652173913044,326.4782608695652,0.9997454277483754,-0.000423982300922,0.0023293545769898,0.7148413373052205,,,0.9384452170225556,0.0,0.0,,20221.0,0.5869973534014298,0.782608695652174,23,,,202203.0,
Y1,wf2022,2022,raw,turn,entered,month,19,326.6842105263158,326.5263157894737,0.9995040159000812,-0.0038680726232421,0.0035511306700251,0.7162660204558667,,,0.9385128137579808,0.0,0.0,,20222.0,0.894884928846328,0.7894736842105263,19,,,202204.0,
Y1,wf2022,2022,raw,turn,entered,month,19,297.3684210526316,297.2105263157895,0.9994612092788226,0.0077159813370186,0.0032731158673329,0.6551377103228422,,,0.9344249621856404,0.0,0.0,,20222.0,0.8248251985679076,0.9473684210526316,19,,,202205.0,
Y1,wf2022,2022,raw,turn,entered,month,21,293.0952380952381,293.0952380952381,1.0,0.004068716904904,0.0010618143619649,0.6430419126980864,,,0.9377385959458976,0.0,0.0,,20222.0,0.2675772192151567,0.6666666666666666,21,,,202206.0,
Y1,wf2022,2022,raw,turn,entered,month,21,326.0,325.85714285714283,0.9995632343573324,0.0027070534177023,0.0013550121825713,0.7143404726719735,,,0.9392715604356132,0.0,0.0,,20223.0,0.3414630700079916,0.6190476190476191,21,,,202207.0,
Y1,wf2022,2022,raw,turn,entered,month,23,348.95652173913044,348.95652173913044,1.0,-0.0004267254291682,0.0012839931624513,0.7627592031535831,,,0.9401240017570148,0.0,0.0,,20223.0,0.3235662769377305,0.5652173913043478,23,,,202208.0,
Y1,wf2022,2022,raw,turn,entered,month,21,348.1428571428572,348.04761904761904,0.9997648442092888,-0.0025800531634002,0.0023793879398532,0.7571688757828312,,,0.942149998948069,0.0,0.0,,20223.0,0.5996057608430095,0.7142857142857143,21,,,202209.0,
Y1,wf2022,2022,raw,turn,entered,month,16,336.125,336.0625,0.9998198847262249,0.0077234354757148,0.0034816123260356,0.7333883851417455,,,0.9399200735452372,0.0,0.0,,20224.0,0.877366306160985,0.875,16,,,202210.0,
Y1,wf2022,2022,raw,turn,entered,month,22,332.8181818181818,332.8181818181818,1.0,0.0046728460648437,0.0019517270385577,0.7267438479851716,,,0.9413513634735408,0.0,0.0,,20224.0,0.4918352137165609,0.6363636363636364,22,,,202211.0,
Y1,wf2022,2022,raw,turn,entered,month,22,340.8181818181818,340.6818181818182,0.9996043815906756,0.0025392972871005,0.0037672369896677,0.7413060734684535,,,0.9427380055961128,0.0,0.0,,20224.0,0.9493437213962737,0.9090909090909092,22,,,202212.0,
Y1,wf2022,2022,raw,turn,initial,month,1,453.0,453.0,1.0,-0.0080679432160254,0.0063308127030638,1.0,,,0.9309938522158132,0.0,1.0,,20221.0,1.595364801172099,1.0,19,,,202201.0,
Y1,wf2022,2022,raw,turn,retained,month,18,85.05555555555556,85.05555555555556,1.0,-0.0020304905793798,0.0023819728905897,0.1857953046781375,,,0.9456667068044192,0.0,0.0,,20221.0,0.600257168428612,0.7222222222222222,19,,,202201.0,
Y1,wf2022,2022,raw,turn,retained,month,16,116.375,116.3125,0.9996811224489796,0.003940921049491,0.0015025832525918,0.2550271882478426,,,0.9421114097378764,0.0,0.0,,20221.0,0.3786509796531433,0.5625,16,,,202202.0,
Y1,wf2022,2022,raw,turn,retained,month,23,130.1304347826087,130.1304347826087,1.0,-0.0015877096897915,0.0011656271881202,0.2851586626947795,,,0.9438185973707194,0.0,0.0,,20221.0,0.2937380514063051,0.6086956521739131,23,,,202203.0,
Y1,wf2022,2022,raw,turn,retained,month,19,129.42105263157896,129.26315789473685,0.9986744639376216,-0.0068320943747816,0.0005871089184855,0.2837339795441331,,,0.9472041014554288,0.0,0.0,,20222.0,0.1479514474583701,0.4736842105263157,19,,,202204.0,
Y1,wf2022,2022,raw,turn,retained,month,19,156.26315789473685,156.21052631578948,0.999754058042302,0.0061724132565041,0.0017295477868184,0.3448622896771579,,,0.940118699976618,0.0,0.0,,20222.0,0.4358460422782563,0.7368421052631579,19,,,202205.0,
Y1,wf2022,2022,raw,turn,retained,month,21,162.57142857142858,162.57142857142858,1.0,0.0043251609686855,0.0013182584257464,0.3569580873019136,,,0.9414830331550526,0.0,0.0,,20222.0,0.3322011232881096,0.5714285714285714,21,,,202206.0,
Y1,wf2022,2022,raw,turn,retained,month,21,130.33333333333334,130.28571428571428,0.9997278911564628,0.002738583985027,0.001386542749896,0.2856595273280264,,,0.9402020143110604,0.0,0.0,,20223.0,0.3494087729738064,0.5714285714285714,21,,,202207.0,
Y1,wf2022,2022,raw,turn,retained,month,23,108.43478260869566,108.43478260869566,1.0,5.353767833752879e-05,0.001764256269957,0.2372407968464168,,,0.9426981273959376,0.0,0.0,,20223.0,0.4445925800291743,0.6086956521739131,23,,,202208.0,
Y1,wf2022,2022,raw,turn,retained,month,21,111.66666666666669,111.66666666666669,1.0,-0.0021368831826027,0.0028225579206507,0.2428311242171688,,,0.9467726913452272,0.0,0.0,,20223.0,0.7112845960039816,0.8095238095238095,21,,,202209.0,
Y1,wf2022,2022,raw,turn,retained,month,16,122.125,122.0625,0.9996565934065934,0.0086474024348234,0.0044055792851442,0.2666116148582545,,,0.9464023745508128,0.0,0.0,,20224.0,1.110205979856358,0.6875,16,,,202210.0,
Y1,wf2022,2022,raw,turn,retained,month,22,125.0909090909091,125.0909090909091,1.0,0.0041663326576085,0.0014452136313225,0.2732561520148284,,,0.9427270597042128,0.0,0.0,,20224.0,0.3641938350932948,0.6363636363636364,22,,,202211.0,
Y1,wf2022,2022,raw,turn,retained,month,22,118.86363636363636,118.86363636363636,1.0,0.0029779624537342,0.0042059021563014,0.2586939265315465,,,0.9460224014805212,0.0,0.0,,20224.0,1.0598873433879576,0.8636363636363636,22,,,202212.0,
Y1,wf2022,2022,raw,return,entered,quarter,57,309.3684210526316,309.3684210526316,1.0,0.001021994268203,0.0028419536699756,0.7503155486712414,0.0005440165190793,0.0022595829164018,0.9443190319597496,0.0,0.0,202202.08771929823,,0.716172324833868,0.7543859649122807,58,0.1347285048285502,0.559597396744769,,20221.0
Y1,wf2022,2022,raw,return,entered,quarter,59,275.542372881356,275.542372881356,1.0,0.0027848448028096,0.0026730730273236,0.6651544926043266,0.0022745989621242,0.0017815649575761,0.941615629360534,0.0,0.0,202205.0338983051,,0.6736144028855666,0.7627118644067796,59,0.5731989384553207,0.4489543693091845,,20222.0
Y1,wf2022,2022,raw,return,entered,quarter,65,312.4307692307692,312.4307692307692,1.0,-4.832756489120298e-06,0.0017659660871696,0.7418094258368242,-5.469935809849102e-05,0.0011940322422411,0.9446832277011824,0.0,0.0,202208.0,,0.4450234539667524,0.676923076923077,65,-0.0137842382408197,0.3008961250447786,,20223.0
Y1,wf2022,2022,raw,return,entered,quarter,60,307.95,307.95,1.0,0.0047821722100012,0.0031035202847232,0.7300657881331521,0.0030848952553308,0.002218766645126,0.9456540840154464,0.0,0.0,202211.1,,0.782087111750268,0.7833333333333333,60,0.7773936043433753,0.5591291945717685,,20224.0
Y1,wf2022,2022,raw,return,initial,quarter,1,405.0,405.0,1.0,-0.0081628383447448,0.0062359175743444,1.0,-0.0081628383447448,0.0062359175743444,0.9363111642108056,0.0,1.0,202201.0,,1.5714512287348108,1.0,58,-0.0354661252219947,0.0270939867023243,,20221.0
Y1,wf2022,2022,raw,return,retained,quarter,57,102.89473684210526,102.89473684210526,1.0,-9.231626517530286e-05,0.0017276431365972,0.2496844513287587,0.0002323254043311,0.0003367184087811,0.9483648493787388,0.0,0.0,202202.08771929823,,0.4353660704225129,0.6491228070175439,58,0.0575365880657319,0.0833900555816042,,20221.0
Y1,wf2022,2022,raw,return,retained,quarter,59,138.57627118644066,138.57627118644066,1.0,0.0013947428858627,0.0012829711103768,0.3348455073956735,7.336242170310047e-05,0.0004546246507653,0.947209228797268,0.0,0.0,202205.0338983051,,0.3233087198149554,0.5932203389830508,59,0.0184873302691813,0.1145654119928617,,20222.0
Y1,wf2022,2022,raw,return,retained,quarter,65,108.66153846153846,108.66153846153846,1.0,0.000319329475431,0.0020901283190898,0.2581905741631757,7.743886610589344e-05,0.0005995061094249,0.9466865534202594,0.0,0.0,202208.0,,0.526712336410635,0.6615384615384615,65,0.0195145942586851,0.1510755395750975,,20223.0
Y1,wf2022,2022,raw,return,retained,quarter,60,113.8,113.8,1.0,0.0049695419123507,0.0032908899870727,0.2699342118668479,0.0017594895405652,0.000946966225492,0.9483856577765596,0.0,0.0,202211.1,,0.8293042767423323,0.7,60,0.4433913642224427,0.2386354888239955,,20224.0
Y1,wf2022,2022,raw,turn,entered,quarter,57,345.0877192982456,345.03508771929825,0.9998539596914064,0.0009571854856604,0.002777144887433,0.7546771975762828,,,0.9392686306253232,0.0,0.0,202202.08771929823,,0.6998405116331204,0.7719298245614035,58,,,,20221.0
Y1,wf2022,2022,raw,turn,entered,quarter,59,305.2881355932203,305.1864406779661,0.9996667674304944,0.0026873444163514,0.0025755726408655,0.6705178144314454,,,0.936920817928689,0.0,0.0,202205.0338983051,,0.6490443054981148,0.7966101694915254,59,,,,20222.0
Y1,wf2022,2022,raw,turn,entered,quarter,65,341.2769230769231,341.2,0.9997829176907544,-0.0001099643004695,0.0016608345431891,0.7453101229243586,,,0.9405031505764412,0.0,0.0,202208.0,,0.4185303048836741,0.6307692307692307,65,,,,20223.0
Y1,wf2022,2022,raw,turn,entered,quarter,60,336.6333333333333,336.56666666666666,0.9998069091769076,0.0047040353559035,0.0030253834306255,0.7338552072374614,,,0.9414781216042696,0.0,0.0,202211.1,,0.7623966245176353,0.8,60,,,,20224.0
Y1,wf2022,2022,raw,turn,initial,quarter,1,453.0,453.0,1.0,-0.0080679432160254,0.0063308127030638,1.0,,,0.9309938522158132,0.0,1.0,202201.0,,1.595364801172099,1.0,58,,,,20221.0
Y1,wf2022,2022,raw,turn,retained,quarter,57,112.03508771929825,112.01754385964912,0.9999104905119944,-0.0001756388860032,0.0016443205157693,0.2453228024237172,,,0.9439230003124932,0.0,0.0,202202.08771929823,,0.4143687699738654,0.631578947368421,58,,,,20221.0
Y1,wf2022,2022,raw,turn,retained,quarter,59,149.864406779661,149.79661016949152,0.999493930807094,0.0013270243914427,0.0012152526159568,0.3294821855685544,,,0.942886049550254,0.0,0.0,202205.0338983051,,0.3062436592211221,0.5932203389830508,59,,,,20222.0
Y1,wf2022,2022,raw,turn,retained,quarter,65,116.55384615384617,116.53846153846152,0.999912087912088,0.0002133397454257,0.0019841385890845,0.2546898770756413,,,0.9432080884444402,0.0,0.0,202208.0,,0.500002924449301,0.6615384615384615,65,,,,20223.0
Y1,wf2022,2022,raw,turn,retained,quarter,60,122.01666666666668,122.0,0.9999084249084248,0.0049255488567786,0.0032468969315006,0.2661447927625386,,,0.9449154356479526,0.0,0.0,202211.1,,0.8182180267381544,0.7333333333333333,60,,,,20224.0
Y1,wf2022,2022,band,return,entered,year,241,2.95850622406639,2.95850622406639,1.0,0.0051321617700949,0.005422337208999,0.0071039874439978,3.1486868010649465e-05,2.9649906395283963e-05,0.993405899146886,0.0,0.0,202206.64730290457,20222.53112033195,1.3664289766677669,0.5882352941176471,242,0.0079019027604246,0.0074409013024726,,
Y1,wf2022,2022,band,return,initial,year,1,405.0,405.0,1.0,-0.0081628383447448,0.0062359175743444,1.0,-0.0081628383447448,0.0062359175743444,0.9363111642108056,0.0,1.0,202201.0,20221.0,1.5714512287348108,1.0,242,-0.0085001457143623,0.0064936001187388,,
Y1,wf2022,2022,band,return,retained,year,241,414.5020746887967,414.5020746887967,1.0,0.0001788909675771,0.0006416542890232,0.992896012556002,0.0001739721078814,0.0006385723909428,0.6283183912576766,0.0,0.0,202206.64730290457,20222.53112033195,0.161696880833849,0.5352697095435685,242,0.0436598101481647,0.1602552828377855,,
Y1,wf2022,2022,band,turn,entered,year,241,2.95850622406639,2.95850622406639,1.0,0.0051321617700949,0.005422337208999,0.0064718913014888,,,0.993405899146886,0.0,0.0,202206.64730290457,20222.53112033195,1.3664289766677669,0.5882352941176471,242,,,,
Y1,wf2022,2022,band,turn,initial,year,1,453.0,453.0,1.0,-0.0080679432160254,0.0063308127030638,1.0,,,0.9309938522158132,0.0,1.0,202201.0,20221.0,1.595364801172099,1.0,242,,,,
Y1,wf2022,2022,band,turn,retained,year,241,454.253112033195,453.7593360995851,0.9989119652107716,-0.0001800886180291,0.0002826747034169,0.9935281086985112,,,0.5871821821056371,0.3692946058091286,0.0,202206.64730290457,20222.53112033195,0.0712340252610601,0.4854771784232365,242,,,,
Y1,wf2022,2022,band,return,entered,month,18,3.055555555555556,3.055555555555556,1.0,0.0049553335287413,0.0076902058577839,0.0074152947720364,5.981376072832325e-05,4.488469191738885e-05,0.9948407009159698,0.0,0.0,,20221.0,1.9379318761615467,0.6666666666666666,19,0.0142797483507196,0.010715629607225,202201.0,
Y1,wf2022,2022,band,return,entered,month,16,4.0,4.0,1.0,0.0148482850298109,0.0094990265153025,0.0096881227070863,0.000122259369642,7.103857779685595e-05,0.9921931277887498,0.0,0.0,,20221.0,2.3937546818562447,0.7142857142857143,16,0.0308093611497911,0.0179017216048077,202202.0,
Y1,wf2022,2022,band,return,entered,month,23,3.565217391304348,3.565217391304348,1.0,-0.0002892807307753,0.0057360971539024,0.0086330950831933,-3.965252602867109e-05,1.667931563059139e-05,0.9924640818493864,0.0,0.0,,20221.0,1.445496482783429,0.5555555555555556,23,-0.0099924365592251,0.004203187538909,202203.0,
Y1,wf2022,2022,band,return,entered,month,19,3.3684210526315788,3.3684210526315788,1.0,-0.0039326465544966,5.019773134905028e-06,0.0081048536560072,4.635525434153014e-06,1.5498760803896224e-05,0.9947992831541216,0.0,0.0,,20222.0,0.001264982829996,0.4,19,0.0011681524094065,0.0039056877225818,202204.0,
Y1,wf2022,2022,band,return,entered,month,19,5.578947368421052,5.578947368421052,1.0,0.0081353386346951,0.0036538811887512,0.0135702421580315,0.0001224902762642,6.036442595643525e-05,0.9885561902628436,0.0,0.0,,20222.0,0.9207780595653275,0.5625,19,0.0308675496185996,0.0152118353410216,202205.0,
Y1,wf2022,2022,band,return,entered,month,21,3.1904761904761907,3.1904761904761907,1.0,0.0074369287810679,0.0045027350208154,0.0076569820989692,5.8600264815692407e-05,4.408640733857936e-05,0.9920934459805428,0.0,0.0,,20222.0,1.134689225245501,0.625,21,0.0147672667335544,0.0111097746493219,202206.0,
Y1,wf2022,2022,band,return,entered,month,21,2.761904761904762,2.761904761904762,1.0,0.0181858221052524,0.0175703210131495,0.0065771271440294,7.651703463054081e-05,7.828263049901962e-05,0.9927061785287592,0.0,0.0,,20223.0,4.42772089531368,0.7777777777777778,21,0.0192822927268962,0.0197272228857529,202207.0,
Y1,wf2022,2022,band,return,entered,month,23,2.869565217391304,2.869565217391304,1.0,0.0004475888083597,0.0004930790520303,0.0068066387776756,-2.0550418631017287e-05,-6.288067618411814e-06,0.993940152405048,0.0,0.0,,20223.0,0.124255921111642,0.3529411764705882,23,-0.0051787054950163,-0.0015845930398397,202208.0,
Y1,wf2022,2022,band,return,entered,month,21,1.4285714285714286,1.4285714285714286,1.0,0.0003794256710465,0.0066591907375853,0.0033724758913915,-1.4919110385002133e-05,9.405506464189749e-06,0.9954169653524492,0.0,0.0,,20223.0,1.6781160658715042,0.6666666666666666,21,-0.0037596158170205,0.0023701876289758,202209.0,
Y1,wf2022,2022,band,return,entered,month,16,2.0625,2.0625,1.0,-0.0020468739472169,-0.0039316744228189,0.0048893163539789,-3.431776087878543e-05,-1.0858680013841e-05,0.9943405017921148,0.0,0.0,,20224.0,-0.9907819545503628,0.5,16,-0.0086480757414539,-0.0027363873634879,202210.0,
Y1,wf2022,2022,band,return,entered,month,22,2.363636363636364,2.363636363636364,1.0,0.0068660207283721,0.0051205670830181,0.005610290851914,5.417172258827895e-05,2.152217291667112e-05,0.9945544863106534,0.0,0.0,,20224.0,1.290382904920584,0.5882352941176471,22,0.0136512740922462,0.0054235875750011,202211.0,
Y1,wf2022,2022,band,return,entered,month,22,1.6363636363636365,1.6363636363636365,1.0,0.0043888043145068,0.0053218694901398,0.0038746026044886,1.627088113269744e-05,2.062146068142913e-05,0.9955831450859912,0.0,0.0,,20224.0,1.3411111115152516,0.6470588235294118,22,0.0041002620454397,0.0051966080917201,202212.0,
Y1,wf2022,2022,band,return,initial,month,1,405.0,405.0,1.0,-0.0081628383447448,0.0062359175743444,1.0,-0.0081628383447448,0.0062359175743444,0.9363111642108056,0.0,1.0,,20221.0,1.5714512287348108,1.0,19,-0.1082650138355629,0.0827079594070953,202201.0,
Y1,wf2022,2022,band,return,retained,month,18,408.05555555555554,408.05555555555554,1.0,-0.0027940985847907,0.0016183648851787,0.9925847052279636,-0.0027975610219009,0.0016298315168794,0.6466094080195552,0.0,0.0,,20221.0,0.4078279510650459,0.4444444444444444,19,-0.6678808839654153,0.3891008295034412,202201.0,
Y1,wf2022,2022,band,return,retained,month,16,407.9375,407.9375,1.0,0.0021191745118384,-0.0003191632850607,0.9903118772929136,0.0020719163886354,-0.0003152006164186,0.6589193917263743,0.0,0.0,,20221.0,-0.0804291478353044,0.5625,16,0.5221229299361339,-0.0794305553374889,202202.0,
Y1,wf2022,2022,band,return,retained,month,23,409.82608695652175,409.82608695652175,1.0,-0.0021405720892918,0.0006127647886199,0.9913669049168068,-0.0020906548342931,0.0006063502019593,0.623298035017539,0.0,0.0,,20221.0,0.1544167267322364,0.5652173913043478,23,-0.5268450182418853,0.1528002508937676,202203.0,
Y1,wf2022,2022,band,return,retained,month,19,410.5263157894737,410.5263157894737,1.0,-0.0052183039176109,0.0022008993756563,0.9918951463439928,-0.0052239745730938,0.0021843654848036,0.6001207829181844,0.0,0.0,,20222.0,0.5546266426654112,0.6842105263157895,19,-1.3164415924196589,0.5504601021705239,202204.0,
Y1,wf2022,2022,band,return,retained,month,19,406.4736842105263,406.4736842105263,1.0,0.0048408330838949,0.0003979676142093,0.9864297578419684,0.0047795418436982,0.0003988022243205,0.65030348330667,0.0,0.0,,20222.0,0.1002878387807573,0.4210526315789473,19,1.2044445446119696,0.1004981605287669,202205.0,
Y1,wf2022,2022,band,return,retained,month,21,413.0,413.0,1.0,0.003506367042458,0.0004994644995189,0.9923430179010309,0.0034861952177319,0.0004938065322698,0.6606047660942556,0.0,0.0,,20222.0,0.1258650538787795,0.5238095238095238,21,0.8785211948684394,0.1244392461320124,202206.0,
Y1,wf2022,2022,band,return,retained,month,21,416.57142857142856,416.57142857142856,1.0,0.0008761411927462,-0.0004759000423847,0.9934228728559704,0.0008759247064727,-0.0004778821245267,0.6637096389240372,0.0,0.0,,20223.0,-0.1199268106809541,0.3809523809523809,21,0.2207330260311341,-0.1204262953807322,202207.0,
Y1,wf2022,2022,band,return,retained,month,23,418.0,418.0,1.0,-0.0004908203679716,0.0012198982236478,0.9931933612223244,-0.0004843090153098,0.001212147225297,0.6224523164114757,0.0,0.0,,20223.0,0.307414352359265,0.6086956521739131,23,-0.1220458718580744,0.3054611007748659,202208.0,
Y1,wf2022,2022,band,return,retained,month,21,421.6666666666667,421.6666666666667,1.0,-0.0042004601009956,0.0007589810022578,0.9966275241086086,-0.0041841754625746,0.0007509410238296,0.5811072127305289,0.0,0.0,,20223.0,0.191263212568971,0.5714285714285714,21,-1.0544122165688057,0.1892371380050654,202209.0,
Y1,wf2022,2022,band,return,retained,month,16,419.3125,419.3125,1.0,0.0043498790518105,0.0001080559021314,0.9951106836460212,0.0043714253415527,0.0001061431110086,0.5914760820034008,0.0,0.0,,20224.0,0.0272300873371249,0.5,16,1.101599186071282,0.02674806397417,202210.0,
Y1,wf2022,2022,band,return,retained,month,22,418.7272727272728,418.7272727272728,1.0,0.0030077703165321,0.0002866512902461,0.994389709148086,0.002975065114352,0.0002865956377376,0.6241789311343134,0.0,0.0,,20224.0,0.0722361251420372,0.5454545454545454,22,0.7497164088167119,0.0722221007098963,202211.0,
Y1,wf2022,2022,band,return,retained,month,22,421.04545454545456,421.04545454545456,1.0,-0.0005635611241132,0.0006643785784538,0.9961253973955112,-0.0005604530499979,0.0006631360730205,0.6192420804659977,0.0,0.0,,20224.0,0.1674234017703809,0.5909090909090909,22,-0.1412341685994773,0.1671102904011705,202212.0,
Y1,wf2022,2022,band,turn,entered,month,18,3.055555555555556,3.055555555555556,1.0,0.0049553335287413,0.0076902058577839,0.0066549761613189,,,0.9948407009159698,0.0,0.0,,20221.0,1.9379318761615467,0.6666666666666666,19,,,202201.0,
Y1,wf2022,2022,band,turn,entered,month,16,4.0,4.0,1.0,0.0148482850298109,0.0094990265153025,0.0087364823191277,,,0.9921931277887498,0.0,0.0,,20221.0,2.3937546818562447,0.7142857142857143,16,,,202202.0,
Y1,wf2022,2022,band,turn,entered,month,23,3.565217391304348,3.565217391304348,1.0,-0.0002892807307753,0.0057360971539024,0.0078131208819311,,,0.9924640818493864,0.0,0.0,,20221.0,1.445496482783429,0.5555555555555556,23,,,202203.0,
Y1,wf2022,2022,band,turn,entered,month,19,3.3684210526315788,3.3684210526315788,1.0,-0.0039326465544966,5.019773134905028e-06,0.0073598886402334,,,0.9947992831541216,0.0,0.0,,20222.0,0.001264982829996,0.4,19,,,202204.0,
Y1,wf2022,2022,band,turn,entered,month,19,5.578947368421052,5.578947368421052,1.0,0.0081353386346951,0.0036538811887512,0.0123058132418097,,,0.9885561902628436,0.0,0.0,,20222.0,0.9207780595653275,0.5625,19,,,202205.0,
Y1,wf2022,2022,band,turn,entered,month,21,3.1904761904761907,3.1904761904761907,1.0,0.0074369287810679,0.0045027350208154,0.0069924638100932,,,0.9920934459805428,0.0,0.0,,20222.0,1.134689225245501,0.625,21,,,202206.0,
Y1,wf2022,2022,band,turn,entered,month,21,2.761904761904762,2.761904761904762,1.0,0.0181858221052524,0.0175703210131495,0.0060429475117786,,,0.9927061785287592,0.0,0.0,,20223.0,4.42772089531368,0.7777777777777778,21,,,202207.0,
Y1,wf2022,2022,band,turn,entered,month,23,2.869565217391304,2.869565217391304,1.0,0.0004475888083597,0.0004930790520303,0.0062619988073629,,,0.993940152405048,0.0,0.0,,20223.0,0.124255921111642,0.3529411764705882,23,,,202208.0,
Y1,wf2022,2022,band,turn,entered,month,21,1.4285714285714286,1.4285714285714286,1.0,0.0003794256710465,0.0066591907375853,0.0031035905841937,,,0.9954169653524492,0.0,0.0,,20223.0,1.6781160658715042,0.6666666666666666,21,,,202209.0,
Y1,wf2022,2022,band,turn,entered,month,16,2.0625,2.0625,1.0,-0.0020468739472169,-0.0039316744228189,0.0044971132915256,,,0.9943405017921148,0.0,0.0,,20224.0,-0.9907819545503628,0.5,16,,,202210.0,
Y1,wf2022,2022,band,turn,entered,month,22,2.363636363636364,2.363636363636364,1.0,0.0068660207283721,0.0051205670830181,0.005159741440855,,,0.9945544863106534,0.0,0.0,,20224.0,1.290382904920584,0.5882352941176471,22,,,202211.0,
Y1,wf2022,2022,band,turn,entered,month,22,1.6363636363636365,1.6363636363636365,1.0,0.0043888043145068,0.0053218694901398,0.0035631483020838,,,0.9955831450859912,0.0,0.0,,20224.0,1.3411111115152516,0.6470588235294118,22,,,202212.0,
Y1,wf2022,2022,band,turn,initial,month,1,453.0,453.0,1.0,-0.0080679432160254,0.0063308127030638,1.0,,,0.9309938522158132,0.0,1.0,,20221.0,1.595364801172099,1.0,19,,,202201.0,
Y1,wf2022,2022,band,turn,retained,month,18,454.8888888888889,454.5,0.999147143958384,-0.0033361664774151,0.0010762969925543,0.9933450238386812,,,0.6002902097625928,0.2777777777777778,0.0,,20221.0,0.2712268421236999,0.4444444444444444,19,,,202201.0,
Y1,wf2022,2022,band,turn,retained,month,16,452.8125,451.9375,0.998065038583862,0.0019254665952054,-0.0005128712016938,0.9912635176808722,,,0.6113082318654249,0.625,0.0,,20221.0,-0.1292435428268447,0.4375,16,,,202202.0,
Y1,wf2022,2022,band,turn,retained,month,23,453.1304347826087,453.0434782608696,0.9998086744358736,-0.0024809601749167,0.0002723767029951,0.9921868791180688,,,0.580035784284679,0.0434782608695652,0.0,,20221.0,0.0686389291547685,0.5652173913043478,23,,,202203.0,
Y1,wf2022,2022,band,turn,retained,month,19,452.7368421052632,452.2105263157895,0.9988231924404316,-0.0057202918974455,0.0016989113958217,0.9926401113597664,,,0.5592535651597064,0.2631578947368421,0.0,,20222.0,0.4281256717470816,0.631578947368421,19,,,202204.0,
Y1,wf2022,2022,band,turn,retained,month,19,448.05263157894734,447.7368421052632,0.9992824869911144,0.0042720891910694,-0.0001707762786161,0.9876941867581904,,,0.6054339955497563,0.1578947368421052,0.0,,20222.0,-0.043035622211269,0.3684210526315789,19,,,202205.0,
Y1,wf2022,2022,band,turn,retained,month,21,452.4761904761905,451.5238095238095,0.9978968781480384,0.0031391968891482,0.0001322943462091,0.9930075361899068,,,0.6165307808824944,0.8095238095238095,0.0,,20222.0,0.0333381752446979,0.5238095238095238,21,,,202206.0,
Y1,wf2022,2022,band,turn,retained,month,21,453.57142857142856,453.4285714285714,0.9996857936905708,0.0006064220640842,-0.0007456191710467,0.9939570524882212,,,0.622448824160099,0.0952380952380952,0.0,,20223.0,-0.1878960311037842,0.3333333333333333,21,,,202207.0,
Y1,wf2022,2022,band,turn,retained,month,23,454.5217391304348,453.9130434782609,0.9986651117057926,-0.0007741360151674,0.000936582576452,0.993738001192637,,,0.5839385200316436,0.5217391304347826,0.0,,20223.0,0.2360188092659075,0.5217391304347826,23,,,202208.0,
Y1,wf2022,2022,band,turn,retained,month,21,458.3809523809524,458.04761904761904,0.9992733266121956,-0.0044717982210215,0.0004876428822318,0.9968964094158064,,,0.5455155915621479,0.2857142857142857,0.0,,20223.0,0.1228860063224319,0.5238095238095238,21,,,202209.0,
Y1,wf2022,2022,band,turn,retained,month,16,456.1875,455.9375,0.999452944854359,0.0039074850888912,-0.0003343380607878,0.9955028867084744,,,0.5548171477172528,0.125,0.0,,20224.0,-0.0842531913185501,0.3125,16,,,202210.0,
Y1,wf2022,2022,band,turn,retained,month,22,455.54545454545456,455.1818181818182,0.9992001207112792,0.0027179661903753,-3.1528359105742e-06,0.9948402585591448,,,0.5854669271612999,0.2727272727272727,0.0,,20224.0,-0.0007945146494646,0.5,22,,,202211.0,
Y1,wf2022,2022,band,turn,retained,month,22,458.04545454545456,456.95454545454544,0.997616530725491,-0.000856364321305,0.0003715753812621,0.9964368516979164,,,0.5814787208820746,0.9090909090909092,0.0,,20224.0,0.0936369960780543,0.5909090909090909,22,,,202212.0,
Y1,wf2022,2022,band,return,entered,quarter,57,3.526315789473684,3.526315789473684,1.0,0.0059575668092794,0.0074663315972247,0.008544674668833,3.72068334863656e-05,4.084501682046134e-05,0.9930260380300704,0.0,0.0,202202.08771929823,,1.8815155625006297,0.6363636363636364,58,0.0092144647620371,0.0101154796829156,,20221.0
Y1,wf2022,2022,band,return,entered,quarter,59,4.016949152542373,4.016949152542373,1.0,0.004046097453931,0.0027783224670232,0.0097054821109337,6.179653887118395e-05,4.012228987383839e-05,0.9917528388767236,0.0,0.0,202205.0338983051,,0.7001372616898554,0.5319148936170213,59,0.0155727277955383,0.0101108170482072,,20222.0
Y1,wf2022,2022,band,return,entered,quarter,65,2.3692307692307693,2.3692307692307693,1.0,0.0068129038540471,0.0084907196636997,0.0056229900866212,1.2629181240660225e-05,2.6105004938521927e-05,0.9939389656938044,0.0,0.0,202208.0,,2.139661355252334,0.6,65,0.0031825536726463,0.0065784612445075,,20223.0
Y1,wf2022,2022,band,return,entered,quarter,60,2.0166666666666666,2.0166666666666666,1.0,0.0036254247470073,0.0028335071449969,0.004781611961742,1.6677551796681897e-05,1.2557017648945826e-05,0.9948788207662682,0.0,0.0,202211.1,,0.714043800539236,0.5869565217391305,60,0.0042027430527638,0.0031643684475343,,20224.0
Y1,wf2022,2022,band,return,initial,quarter,1,405.0,405.0,1.0,-0.0081628383447448,0.0062359175743444,1.0,-0.0081628383447448,0.0062359175743444,0.9363111642108056,0.0,1.0,202201.0,,1.5714512287348108,1.0,58,-0.0354661252219947,0.0270939867023243,,20221.0
Y1,wf2022,2022,band,return,retained,quarter,57,408.7368421052632,408.7368421052632,1.0,-0.0011512305331672,0.0006687288686053,0.9914553253311668,-0.0011454473221893,0.0006708738962491,0.6406584985504802,0.0,0.0,202202.08771929823,,0.1685196748885507,0.5263157894736842,58,-0.2836759540677261,0.1661453904434865,,20221.0
Y1,wf2022,2022,band,return,retained,quarter,59,410.1016949152543,410.1016949152543,1.0,0.0011264705432375,0.0010146987677516,0.9902945178890664,0.0010977267409127,0.0010076292144241,0.637809510953417,0.0,0.0,202205.0338983051,,0.2557040894734165,0.5423728813559322,59,0.2766271387100192,0.2539225620348946,,20222.0
Y1,wf2022,2022,band,return,retained,quarter,65,418.7230769230769,418.7230769230769,1.0,-0.0012476856236397,0.000523113220019,0.9943770099133789,-0.0012401903573886,0.0005171326625722,0.6224239563416898,0.0,0.0,202208.0,,0.1318245314447915,0.5230769230769231,65,-0.312527970061951,0.1303174309681987,,20223.0
Y1,wf2022,2022,band,return,retained,quarter,60,419.73333333333335,419.73333333333335,1.0,0.0020561777843697,0.0003775258590917,0.995218388038258,0.0020510711813438,0.0003765397902136,0.6136479927876877,0.0,0.0,202211.1,,0.0951365164911199,0.55,60,0.5168699376986612,0.0948880271338365,,20224.0
Y1,wf2022,2022,band,turn,entered,quarter,57,3.526315789473684,3.526315789473684,1.0,0.0059575668092794,0.0074663315972247,0.0077065801455122,,,0.9930260380300704,0.0,0.0,202202.08771929823,,1.8815155625006297,0.6363636363636364,58,,,,20221.0
Y1,wf2022,2022,band,turn,entered,quarter,59,4.016949152542373,4.016949152542373,1.0,0.004046097453931,0.0027783224670232,0.0088218656910301,,,0.9917528388767236,0.0,0.0,202205.0338983051,,0.7001372616898554,0.5319148936170213,59,,,,20222.0
Y1,wf2022,2022,band,turn,entered,quarter,65,2.3692307692307693,2.3692307692307693,1.0,0.0068129038540471,0.0084907196636997,0.0051708195782272,,,0.9939389656938044,0.0,0.0,202208.0,,2.139661355252334,0.6,65,,,,20223.0
Y1,wf2022,2022,band,turn,entered,quarter,60,2.0166666666666666,2.0166666666666666,1.0,0.0036254247470073,0.0028335071449969,0.0043976231168177,,,0.9948788207662682,0.0,0.0,202211.1,,0.714043800539236,0.5869565217391305,60,,,,20224.0
Y1,wf2022,2022,band,turn,initial,quarter,1,453.0,453.0,1.0,-0.0080679432160254,0.0063308127030638,1.0,,,0.9309938522158132,0.0,1.0,202201.0,,1.595364801172099,1.0,58,,,,20221.0
Y1,wf2022,2022,band,turn,retained,quarter,57,453.5964912280702,453.1929824561403,0.9991103284318912,-0.0015141335981275,0.0003058258036449,0.9922934198544876,,,0.5952101495459841,0.2807017543859649,0.0,202202.08771929823,,0.0770681025185396,0.4912280701754385,58,,,,20221.0
Y1,wf2022,2022,band,turn,retained,quarter,59,451.135593220339,450.5254237288136,0.9986413957679352,0.0006509709025587,0.0005391991270728,0.99117813430897,,,0.5945120347798674,0.423728813559322,0.0,202205.0338983051,,0.1358781800223576,0.5084745762711864,59,,,,20222.0
Y1,wf2022,2022,band,turn,retained,quarter,65,455.46153846153845,455.0923076923077,0.9991913707014052,-0.001522738886839,0.0002480599568197,0.9948291804217728,,,0.5839667490906921,0.3076923076923077,0.0,202208.0,,0.0625111091185765,0.4615384615384615,65,,,,20223.0
Y1,wf2022,2022,band,turn,retained,quarter,60,456.6333333333333,456.03333333333336,0.9986868908213116,0.0017245833756967,4.593145041879429e-05,0.9956023768831822,,,0.5758313103405047,0.4666666666666667,0.0,202211.1,,0.0115747255055361,0.4833333333333333,60,,,,20224.0
Y4,wf2022,2022,raw,return,entered,year,241,324.3941908713693,324.3941908713693,1.0,0.0021503050481799,0.002613068369626,0.7768017136626395,0.0015897577082115,0.0019812006374997,0.9295594720971164,0.0,0.0,202206.64730290457,20222.53112033195,0.658493229145773,0.7966804979253111,242,0.3989634922938058,0.4971994922175022,,
Y4,wf2022,2022,raw,return,initial,year,1,405.0,405.0,1.0,-0.0148078986670022,-0.0004091427479129,1.0,-0.0148078986670022,-0.0004091427479129,0.8942647019779635,0.0,1.0,202201.0,20221.0,-0.1031039724740541,0.0,242,-0.0154197953061345,-0.0004260494730332,,
Y4,wf2022,2022,raw,return,retained,year,241,93.06639004149378,93.06639004149378,1.0,0.0016906814482506,0.0021534447696967,0.2231982863373605,0.0004305998570035,0.0005019202491613,0.9362440791198404,0.0,0.0,202206.64730290457,20222.53112033195,0.5426680819635893,0.6307053941908713,242,0.108062770725361,0.1259612420333334,,
Y4,wf2022,2022,raw,turn,entered,year,241,351.195020746888,302.6473029045643,0.8638535884188311,0.0021656603446634,0.0026284236661095,0.7679547546281724,,,0.9353186806371226,48.45643153526971,0.0,202206.64730290457,20222.53112033195,0.6623627638595971,0.7551867219917012,242,,,,
Y4,wf2022,2022,raw,turn,initial,year,1,453.0,249.0,0.5496688741721855,-0.0174244271442291,-0.0030256712251398,1.0,,,0.915298250611218,204.0,1.0,202201.0,20221.0,-0.7624691487352435,0.0,242,,,,
Y4,wf2022,2022,raw,turn,retained,year,241,106.01659751037344,87.58921161825727,0.8986642470890448,0.0017116199346832,0.0021743832561293,0.2320452453718274,,,0.9412056229553908,18.394190871369293,0.0,202206.64730290457,20222.53112033195,0.5479445805446007,0.6265560165975104,242,,,,
Y4,wf2022,2022,raw,return,entered,month,18,332.05555555555554,332.05555555555554,1.0,-0.0001502390511552,0.0042622244188142,0.8077129262591336,-0.0001059934728088,0.0034887081439986,0.9358597218035314,0.0,0.0,,20221.0,1.074080553541196,0.9444444444444444,19,-0.0253045469821616,0.8328831653251548,202201.0,
Y4,wf2022,2022,raw,return,entered,month,16,322.25,322.25,1.0,0.0038516598191811,0.0014133220222819,0.7821193830874658,0.0029673220231809,0.0011755993585412,0.9242665571711663,0.0,0.0,,20221.0,0.3561571496150552,0.6875,16,0.7477651498416102,0.2962510383523997,202202.0,
Y4,wf2022,2022,raw,return,entered,month,23,309.1304347826087,309.1304347826087,1.0,-0.0006842570716535,0.0020690798062582,0.7475369550073567,-0.0012532631217121,0.0016152874933075,0.9278740038243836,0.0,0.0,,20221.0,0.5214081111770884,0.6956521739130435,23,-0.3158223066714566,0.4070524483135115,202203.0,
Y4,wf2022,2022,raw,return,entered,month,19,287.05263157894734,287.05263157894734,1.0,-0.0038579014206153,0.0035613018726519,0.693617564006895,-0.0014786130246328,0.0025166388881533,0.938280941818912,0.0,0.0,,20222.0,0.8974480719082994,0.7368421052631579,19,-0.3726104822074764,0.6341929998146558,202204.0,
Y4,wf2022,2022,raw,return,entered,month,19,294.5263157894737,294.5263157894737,1.0,0.0076177954077056,0.00317492993802,0.7141014826578808,0.0057770166021425,0.0023357658299719,0.9158953698656002,0.0,0.0,,20222.0,0.800082344381042,1.0,19,1.4558081837399144,0.58861298915293,202205.0,
Y4,wf2022,2022,raw,return,entered,month,21,333.3333333333333,333.3333333333333,1.0,0.0043984455156957,0.0013915429727565,0.8007671613781301,0.0037445983996666,0.0010061092058379,0.9168871359147636,0.0,0.0,,20222.0,0.3506688291346575,0.8095238095238095,21,0.9436387967159996,0.2535395198711755,202206.0,
Y4,wf2022,2022,raw,return,entered,month,21,338.42857142857144,338.42857142857144,1.0,0.0030539058885673,0.0017018646534363,0.8070652101042208,0.0025494497295962,0.0013549436539898,0.9272900700025132,0.0,0.0,,20223.0,0.428869892665951,0.7142857142857143,21,0.6424613318582522,0.341445800805453,202207.0,
Y4,wf2022,2022,raw,return,entered,month,23,346.39130434782606,346.39130434782606,1.0,-0.0002757431351548,0.0014349754564646,0.8231359952862142,-0.0004031179164411,0.0009626799455189,0.9293598867171292,0.0,0.0,,20223.0,0.3616138150290854,0.7391304347826086,23,-0.1015857149431585,0.2425953462707759,202208.0,
Y4,wf2022,2022,raw,return,entered,month,21,329.0952380952381,329.0952380952381,1.0,-0.002361310305118,0.0025981307981353,0.7779303386535665,-0.0021420678355477,0.0019064502269101,0.936558635202905,0.0,0.0,,20223.0,0.6547289611301093,0.8095238095238095,21,-0.5398010945580385,0.4804254571813671,202209.0,
Y4,wf2022,2022,raw,return,entered,month,16,315.375,315.375,1.0,0.0081210779210729,0.0038792547713938,0.7484017970642444,0.0049803415594041,0.0026743829643365,0.9350585531165504,0.0,0.0,,20224.0,0.9775722023912488,0.875,16,1.2550460729698518,0.6739445070127986,202210.0,
Y4,wf2022,2022,raw,return,entered,month,22,342.3181818181818,342.3181818181818,1.0,0.0048872938092864,0.0021661747830005,0.8128350723692946,0.0037762491612212,0.0016624641627679,0.932413010065158,0.0,0.0,,20224.0,0.5458760453161352,0.7272727272727273,22,0.9516147886277662,0.4189409690175212,202211.0,
Y4,wf2022,2022,raw,return,entered,month,22,332.90909090909093,332.90909090909093,1.0,0.0029806230819835,0.0042085627845507,0.7875687813292153,0.0020015864117329,0.0034269169427107,0.9352221694963736,0.0,0.0,,20224.0,1.0605578217067892,0.8636363636363636,22,0.504399775756691,0.8635830695631047,202212.0,
Y4,wf2022,2022,raw,return,initial,month,1,405.0,405.0,1.0,-0.0148078986670022,-0.0004091427479129,1.0,-0.0148078986670022,-0.0004091427479129,0.8942647019779635,0.0,1.0,,20221.0,-0.1031039724740541,0.0,19,-0.1963994981097138,-0.0054265248670554,202201.0,
Y4,wf2022,2022,raw,return,retained,month,18,79.05555555555556,79.05555555555556,1.0,-0.0027816254608948,0.0016308380090747,0.1922870737408663,-0.000611785837395,0.0002059760157669,0.9456712432398374,0.0,0.0,,20221.0,0.410971178286826,0.6666666666666666,19,-0.1460558188644275,0.0491740635536179,202201.0,
Y4,wf2022,2022,raw,return,retained,month,16,89.6875,89.6875,1.0,0.0045027765545124,0.0020644387576132,0.2178806169125341,0.0010388339816554,0.0003922188493959,0.931245963625301,0.0,0.0,,20221.0,0.5202385669185272,0.75,16,0.2617861633771833,0.0988391500477875,202202.0,
Y4,wf2022,2022,raw,return,retained,month,23,104.2608695652174,104.2608695652174,1.0,-0.0013783604720991,0.0013749764058126,0.2524630449926433,0.0004250347312945,0.0003098209941866,0.9374931825061708,0.0,0.0,,20221.0,0.3464940542648003,0.6086956521739131,23,0.1071087522862237,0.0780748905350425,202203.0,
Y4,wf2022,2022,raw,return,retained,month,19,126.84210526315788,126.84210526315788,1.0,-0.0071639690691801,0.0002552342240871,0.306382435993105,-0.003463287994815,-3.933661433402615e-05,0.946436565528384,0.0,0.0,,20222.0,0.0643190244699669,0.4210526315789473,19,-0.8727485746934006,-0.0099128268121745,202204.0,
Y4,wf2022,2022,raw,return,retained,month,19,117.52631578947368,117.52631578947368,1.0,0.0060578328382912,0.0016149673686055,0.2858985173421193,0.0014833151135634,0.0004817004160483,0.9253573234854234,0.0,0.0,,20222.0,0.4069717768886047,0.6842105263157895,19,0.3737954086179819,0.1213885048441855,202205.0,
Y4,wf2022,2022,raw,return,retained,month,21,82.85714285714286,82.85714285714286,1.0,0.0038461513899174,0.0008392488469783,0.19923283862187,0.0005483855514466,0.0002799722023361,0.9205766089563756,0.0,0.0,,20222.0,0.2114907094385423,0.5238095238095238,21,0.1381931589645528,0.070552994988717,202206.0,
Y4,wf2022,2022,raw,return,retained,month,21,80.9047619047619,80.9047619047619,1.0,0.0018012649441839,0.0004492237090529,0.1929347898957792,0.0002921151175958,0.0001345799580712,0.929251581115614,0.0,0.0,,20223.0,0.1132043746813483,0.5238095238095238,21,0.0736130096341643,0.0339141494339536,202207.0,
Y4,wf2022,2022,raw,return,retained,month,23,74.47826086956522,74.47826086956522,1.0,-8.772983682478011e-05,0.0016229887547947,0.1768640047137857,3.3217639683096346e-05,0.0003781383693425,0.936562991091338,0.0,0.0,,20223.0,0.4089931662082724,0.5652173913043478,23,0.0083708452001402,0.0952908690743227,202208.0,
Y4,wf2022,2022,raw,return,retained,month,21,94.0,94.0,1.0,-0.0015782150125678,0.0033812260906856,0.2220696613464333,-3.5231843904871563e-05,0.0008756911968906,0.9439612754263704,0.0,0.0,,20223.0,0.8520689748527814,0.7142857142857143,21,-0.0088784246640276,0.2206741816164345,202209.0,
Y4,wf2022,2022,raw,return,retained,month,16,106.0,106.0,1.0,0.0087858244294471,0.004544001279768,0.2515982029357556,0.0034685534095301,0.0015326888549186,0.942278916539462,0.0,0.0,,20224.0,1.1450883225015378,0.75,16,0.8740754592015941,0.3862375914395012,202210.0,
Y4,wf2022,2022,raw,return,retained,month,22,78.77272727272727,78.77272727272727,1.0,0.0049745244457438,0.0022534054194578,0.1871649276307052,0.0010317732700983,0.0004244392422657,0.934650852395692,0.0,0.0,,20224.0,0.5678581657033868,0.6363636363636364,22,0.2600068640647875,0.1069586890509716,202211.0,
Y4,wf2022,2022,raw,return,retained,month,22,89.77272727272727,89.77272727272727,1.0,0.00476135325067,0.0059892929532371,0.2124312186707845,0.0013699334224195,0.0011725425940088,0.942594054306928,0.0,0.0,,20224.0,1.5093018242157714,0.7727272727272727,22,0.3452232224497192,0.2954807336902338,202212.0,
Y4,wf2022,2022,raw,turn,entered,month,18,377.55555555555554,343.3333333333333,0.9140013531722884,-0.0003383305785852,0.0040741328913842,0.824486057923714,,,0.9348304196275116,34.22222222222222,0.0,,20221.0,1.0266814886288351,0.9444444444444444,19,,,202201.0,
Y4,wf2022,2022,raw,turn,entered,month,16,353.8125,287.5625,0.8146371315684544,0.0041061196457777,0.0016677818488784,0.7740123330233152,,,0.9328794815141614,66.1875,0.0,,20221.0,0.420281025917376,0.6875,16,,,202202.0,
Y4,wf2022,2022,raw,turn,entered,month,23,338.5652173913044,294.69565217391306,0.8765101485499743,-0.0008655258388202,0.0018878110390915,0.7411240578722662,,,0.9342021634216396,43.78260869565217,0.0,,20221.0,0.4757283818510781,0.6086956521739131,23,,,202203.0,
Y4,wf2022,2022,raw,turn,entered,month,19,322.63157894736844,315.63157894736844,0.9815751981474384,-0.0037483067875259,0.0036708965057413,0.7074073635188804,,,0.9335607516759074,6.789473684210527,0.0,,20222.0,0.9250659194468122,0.7894736842105263,19,,,202204.0,
Y4,wf2022,2022,raw,turn,entered,month,19,336.89473684210526,252.68421052631575,0.7548840030547093,0.0077799187987274,0.0033370533290417,0.7421121485401296,,,0.926189295804166,84.0,0.0,,20222.0,0.8409374389185269,0.8947368421052632,19,,,202205.0,
Y4,wf2022,2022,raw,turn,entered,month,21,347.0,259.1428571428572,0.7314306297604055,0.0035907394690639,0.0005838369261248,0.7614474118559942,,,0.9332475644682274,87.80952380952381,0.0,,20222.0,0.1471269053834615,0.6666666666666666,21,,,202206.0,
Y4,wf2022,2022,raw,turn,entered,month,21,360.6666666666667,301.0,0.8502863089588075,0.0030928593438956,0.0017408181087646,0.7903106444932597,,,0.93563832577208,59.523809523809526,0.0,,20223.0,0.4386861634086998,0.7142857142857143,21,,,202207.0,
Y4,wf2022,2022,raw,turn,entered,month,23,352.69565217391306,305.7391304347826,0.8648870010479481,-1.6838906738083618e-05,0.0016938796848814,0.7709210519515655,,,0.9378211143141568,46.95652173913044,0.0,,20223.0,0.4268576805901196,0.6956521739130435,23,,,202208.0,
Y4,wf2022,2022,raw,turn,entered,month,21,351.9047619047619,318.23809523809524,0.904022355487981,-0.0022959590090571,0.0026634820941963,0.7653320069872852,,,0.9391650833226034,33.523809523809526,0.0,,20223.0,0.6711974877374696,0.8095238095238095,21,,,202209.0,
Y4,wf2022,2022,raw,turn,entered,month,16,354.8125,316.625,0.9073701634469196,0.008760268328478,0.0045184451787989,0.7743504066647087,,,0.9365301457708796,38.125,0.0,,20224.0,1.1386481850573302,0.875,16,,,202210.0,
Y4,wf2022,2022,raw,turn,entered,month,22,359.6818181818182,319.8181818181818,0.891866138907499,0.0049998888030978,0.0022787697768118,0.7854235943644053,,,0.9386102364839036,39.86363636363637,0.0,,20224.0,0.5742499837565923,0.6363636363636364,22,,,202211.0,
Y4,wf2022,2022,raw,turn,entered,month,22,359.54545454545456,318.22727272727275,0.8780970106219109,0.0028958026034198,0.004123742305987,0.7821101966636721,,,0.9392735684626796,41.18181818181818,0.0,,20224.0,1.0391830611087414,0.8181818181818182,22,,,202212.0,
Y4,wf2022,2022,raw,turn,initial,month,1,453.0,249.0,0.5496688741721855,-0.0174244271442291,-0.0030256712251398,1.0,,,0.915298250611218,204.0,1.0,,20221.0,-0.7624691487352435,0.0,19,,,202201.0,
Y4,wf2022,2022,raw,turn,retained,month,18,80.38888888888889,80.38888888888889,1.0,-0.0028531912649625,0.001559272205007,0.175513942076286,,,0.9492787252229732,0.0,0.0,,20221.0,0.392936595661767,0.6666666666666666,19,,,202201.0,
Y4,wf2022,2022,raw,turn,retained,month,16,103.0,80.875,0.904876039722587,0.0038593741160386,0.0014210363191393,0.2259876669766848,,,0.9420541477650548,22.125,0.0,,20221.0,0.358101152423128,0.625,16,,,202202.0,
Y4,wf2022,2022,raw,turn,retained,month,23,118.1304347826087,100.78260869565216,0.9112161992596776,-0.001273149441896,0.0014801874360157,0.2588759421277337,,,0.9413778756142211,17.347826086956523,0.0,,20221.0,0.3730072338759808,0.5652173913043478,23,,,202203.0,
Y4,wf2022,2022,raw,turn,retained,month,19,133.47368421052633,133.21052631578948,0.997950091017946,-0.0073092413030514,0.0001099619902158,0.2925926364811195,,,0.9449264660709326,0.0,0.0,,20222.0,0.0277104215343831,0.4210526315789473,19,,,202204.0,
Y4,wf2022,2022,raw,turn,retained,month,19,116.73684210526316,98.26315789473684,0.8807428787325268,0.0060019661993743,0.0015591007296887,0.2578878514598703,,,0.936417503683504,18.473684210526315,0.0,,20222.0,0.392893383881567,0.6842105263157895,19,,,202205.0,
Y4,wf2022,2022,raw,turn,retained,month,21,108.66666666666669,61.23809523809524,0.7347601657158402,0.004223375494586,0.0012164729516469,0.2385525881440057,,,0.9321745539846616,47.42857142857143,0.0,,20222.0,0.3065511838150323,0.5238095238095238,21,,,202206.0,
Y4,wf2022,2022,raw,turn,retained,month,21,95.66666666666669,75.04761904761905,0.8953490654546037,0.0020881029378413,0.0007360617027103,0.2096893555067403,,,0.9364632982578333,20.571428571428573,0.0,,20223.0,0.1854875490830065,0.5714285714285714,21,,,202207.0,
Y4,wf2022,2022,raw,turn,retained,month,23,104.69565217391305,71.26086956521739,0.8171112220787707,0.0001622612673791,0.0018729798589986,0.2290789480484345,,,0.9368813511631174,33.43478260869565,0.0,,20223.0,0.4719909244676604,0.6086956521739131,23,,,202208.0,
Y4,wf2022,2022,raw,turn,retained,month,21,107.9047619047619,91.66666666666669,0.8906645769361493,-0.0009006616054871,0.0040587794977663,0.2346679930127149,,,0.9458049390857346,16.19047619047619,0.0,,20223.0,1.0228124334371185,0.7142857142857143,21,,,202209.0,
Y4,wf2022,2022,raw,turn,retained,month,16,103.4375,103.3125,0.9980540293040292,0.0086222380807209,0.0043804149310418,0.2256495933352913,,,0.9483952761204734,0.0625,0.0,,20224.0,1.103864562622538,0.75,16,,,202210.0,
Y4,wf2022,2022,raw,turn,retained,month,22,98.22727272727272,76.18181818181819,0.8822001196889633,0.0046229593428302,0.0019018403165442,0.2145764056355946,,,0.9380444061750918,22.045454545454547,0.0,,20224.0,0.4792637597691615,0.6363636363636364,22,,,202211.0,
Y4,wf2022,2022,raw,turn,retained,month,22,100.13636363636364,86.22727272727273,0.9245387602088632,0.004509474907072,0.0057374146096391,0.2178898033363278,,,0.9459351864140578,13.909090909090908,0.0,,20224.0,1.4458284816290756,0.7727272727272727,22,,,202212.0,
Y4,wf2022,2022,raw,return,entered,quarter,57,320.05263157894734,320.05263157894734,1.0,0.0007576200269837,0.0025775794287562,0.7762472415304046,0.0002937582115957,0.0020834727837668,0.9293831928975972,0.0,0.0,202202.08771929823,,0.6495500160465866,0.7719298245614035,58,0.07275074054071,0.5159828114832259,,20221.0
Y4,wf2022,2022,raw,return,entered,quarter,59,305.93220338983053,305.93220338983053,1.0,0.0027763617217682,0.0026645899462823,0.738352072467313,0.0027170548197573,0.0019207454740166,0.9234572843426402,0.0,0.0,202205.0338983051,,0.6714766664631405,0.847457627118644,59,0.6846978145788527,0.4840278594521834,,20222.0
Y4,wf2022,2022,raw,return,entered,quarter,65,338.2307692307692,338.2307692307692,1.0,0.0001261910022134,0.0018969898458721,0.803338991007638,-1.102603543273264e-05,0.0013943216960898,0.9310169262124268,0.0,0.0,202208.0,,0.4780414411597881,0.7538461538461538,65,-0.0027785609290486,0.3513690674146318,,20223.0
Y4,wf2022,2022,raw,return,entered,quarter,60,331.68333333333334,331.68333333333334,1.0,0.0050505236390851,0.0033718717138071,0.7863885589065855,0.0034466307925909,0.0025792751958319,0.934148513336975,0.0,0.0,202211.1,,0.8497116718794052,0.8166666666666667,60,0.8685509597329282,0.6499773493496426,,20224.0
Y4,wf2022,2022,raw,return,initial,quarter,1,405.0,405.0,1.0,-0.0148078986670022,-0.0004091427479129,1.0,-0.0148078986670022,-0.0004091427479129,0.8942647019779635,0.0,1.0,202201.0,,-0.1031039724740541,0.0,58,-0.0643377666221476,-0.0017776546978285,,20221.0
Y4,wf2022,2022,raw,return,retained,quarter,57,92.21052631578948,92.21052631578948,1.0,-0.0001706513031962,0.0016493080985762,0.2237527584695954,0.0002699122360201,0.0003001570656216,0.9383221227011196,0.0,0.0,202202.08771929823,,0.4156256408412229,0.6666666666666666,58,0.0668451613481716,0.0743354498377469,,20221.0
Y4,wf2022,2022,raw,return,retained,quarter,59,108.1864406779661,108.1864406779661,1.0,0.0010127557762945,0.0009009840008085,0.261647927532687,-0.0004424303078542,0.0002421072624005,0.9304439437177326,0.0,0.0,202205.0338983051,,0.227047968203767,0.5423728813559322,59,-0.111492437579277,0.0610110301249367,,20222.0
Y4,wf2022,2022,raw,return,retained,quarter,65,82.86153846153846,82.86153846153846,1.0,4.101942026106728e-05,0.0018118182639198,0.1966610089923621,9.47469916957324e-05,0.0004601981038319,0.9365910581920376,0.0,0.0,202208.0,,0.4565782025077998,0.6,65,0.0238762419073245,0.1159699221656549,,20223.0
Y4,wf2022,2022,raw,return,retained,quarter,60,90.06666666666666,90.06666666666666,1.0,0.0059127083365376,0.0042340564112596,0.2136114410934144,0.0018055733631312,0.0009942770346123,0.9395975102014836,0.0,0.0,202211.1,,1.066982215637435,0.7166666666666667,60,0.4550044875090775,0.250557812722309,,20224.0
Y4,wf2022,2022,raw,turn,entered,quarter,57,355.1578947368421,308.05263157894734,0.8709816119095767,0.0006965064846498,0.0025164658864224,0.7766806965274039,,,0.934029280986307,47.05263157894737,0.0,202202.08771929823,,0.6341494033784535,0.7368421052631579,58,,,,20221.0
Y4,wf2022,2022,raw,turn,entered,quarter,59,335.89830508474574,275.2542372881356,0.8195384414882936,0.0025763755434435,0.0024646037679576,0.7378180742050352,,,0.9310754195924434,60.49152542372882,0.0,202205.0338983051,,0.6210801495253243,0.7796610169491526,59,,,,20222.0
Y4,wf2022,2022,raw,turn,entered,quarter,65,355.0153846153846,308.24615384615385,0.8728135842690058,0.0002515017257943,0.0020223005694531,0.775379690399653,,,0.9375501110802148,46.67692307692308,0.0,202208.0,,0.5096197435021895,0.7384615384615385,65,,,,20223.0
Y4,wf2022,2022,raw,turn,entered,quarter,60,358.3333333333333,318.3833333333333,0.8909518650799622,0.0052311584033173,0.0035525064780393,0.7812558318208841,,,0.9382987673526484,39.88333333333333,0.0,202211.1,,0.8952316324659105,0.7666666666666667,60,,,,20224.0
Y4,wf2022,2022,raw,turn,initial,quarter,1,453.0,249.0,0.5496688741721855,-0.0174244271442291,-0.0030256712251398,1.0,,,0.915298250611218,204.0,1.0,202201.0,,-0.7624691487352435,0.0,58,,,,20221.0
Y4,wf2022,2022,raw,turn,retained,quarter,57,101.96491228070175,88.75438596491227,0.9374734950619996,-0.0003314016504617,0.0014885577513108,0.2233193034725961,,,0.9440627115330084,13.210526315789474,0.0,202202.08771929823,,0.3751165533303405,0.6140350877192983,58,,,,20221.0
Y4,wf2022,2022,raw,turn,retained,quarter,59,119.2542372881356,96.33898305084746,0.8665276255134174,0.0010822484477363,0.0009704766722503,0.2621819257949649,,,0.9376474755764777,22.83050847457627,0.0,202205.0338983051,,0.2445601214070972,0.5423728813559322,59,,,,20222.0
Y4,wf2022,2022,raw,turn,retained,quarter,65,102.81538461538462,79.07692307692308,0.866151455354116,0.0004410504173716,0.0022118492610304,0.2246203096003469,,,0.9396292932456404,23.70769230769231,0.0,202208.0,,0.557386013779674,0.6307692307692307,65,,,,20223.0
Y4,wf2022,2022,raw,turn,retained,quarter,60,100.31666666666666,87.1,0.9286186637769442,0.0056478227131564,0.0039691707878784,0.2187441681791159,,,0.9436979242481476,13.2,0.0,202211.1,,1.0002310385453637,0.7166666666666667,60,,,,20224.0
Y4,wf2022,2022,band,return,entered,year,241,147.58921161825725,147.58921161825725,1.0,0.0025152185511142,0.0029779818725603,0.3537504190135261,0.0008731967646961,0.001047862985167,0.9687436415207948,0.0,0.0,202206.64730290457,20222.53112033195,0.7504514318852076,0.7344398340248963,242,0.2191363054277835,0.2629703091535708,,
Y4,wf2022,2022,band,return,initial,year,1,405.0,405.0,1.0,-0.0148078986670022,-0.0004091427479129,1.0,-0.0148078986670022,-0.0004091427479129,0.8942647019779635,0.0,1.0,202201.0,20221.0,-0.1031039724740541,0.0,242,-0.0154197953061345,-0.0004260494730332,,
Y4,wf2022,2022,band,return,retained,year,241,269.8713692946058,269.8713692946058,1.0,-0.0002340496996311,0.0002287136218149,0.6462495809864739,-0.0001428814879925,0.0001452156129826,0.4871862411421226,0.0,0.0,202206.64730290457,20222.53112033195,0.0576358326973731,0.4979253112033195,242,-0.0358573492924084,0.0364431182134729,,
Y4,wf2022,2022,band,turn,entered,year,241,2.5518672199170123,2.5477178423236517,0.9989189189189188,0.0048212067555523,0.005115180065363,0.0055808340951989,,,0.989245461535784,0.0,0.0,202206.64730290457,20222.53112033195,1.2890253764714992,0.572972972972973,242,,,,
Y4,wf2022,2022,band,turn,initial,year,1,453.0,249.0,0.5496688741721855,-0.0174244271442291,-0.0030256712251398,1.0,,,0.915298250611218,204.0,1.0,202201.0,20221.0,-0.7624691487352435,0.0,242,,,,
Y4,wf2022,2022,band,turn,retained,year,241,454.6597510373444,269.8713692946058,0.593483554207518,-0.0002340496996311,0.0002287136218149,0.9944191659048012,,,0.6011179995816204,184.71784232365144,0.0,202206.64730290457,20222.53112033195,0.0576358326973731,0.4979253112033195,242,,,,
Y4,wf2022,2022,band,return,entered,month,18,157.88888888888889,157.88888888888889,1.0,-0.0003054991119341,0.0041069643580354,0.3840592868712005,-6.273370592461154e-05,0.0015882269761997,0.9694524090553658,0.0,0.0,,20221.0,1.034955018224932,0.7222222222222222,19,-0.014976846846002,0.3791682928443308,202201.0,
Y4,wf2022,2022,band,return,entered,month,16,158.0,158.0,1.0,0.0043090009490862,0.001870663152187,0.3835434984692131,0.0016547385641791,0.0007153638798788,0.9642928146328914,0.0,0.0,,20221.0,0.4714071143511407,0.6875,16,0.4169941181731442,0.1802716977294744,202202.0,
Y4,wf2022,2022,band,return,entered,month,23,157.82608695652175,157.82608695652175,1.0,-0.0004187101847849,0.0023346266931268,0.3817993840425461,-0.0001763566381251,0.0008904672399168,0.965624562159058,0.0,0.0,,20221.0,0.5883259266679672,0.6956521739130435,23,-0.0444418728075301,0.2243977444590369,202203.0,
Y4,wf2022,2022,band,return,entered,month,19,153.26315789473685,153.26315789473685,1.0,-0.0044399657694966,0.0029792375237706,0.3702964854838849,-0.0016062388529056,0.0011045145909171,0.968543828947338,0.0,0.0,,20222.0,0.7507678559902099,0.6842105263157895,19,-0.4047721909322168,0.2783376769111282,202204.0,
Y4,wf2022,2022,band,return,entered,month,19,151.26315789473685,151.26315789473685,1.0,0.0079821607970731,0.0035392953273875,0.3671451433622998,0.0029438418776599,0.0013118944675891,0.9612950610329009,0.0,0.0,,20222.0,0.8919024225016563,0.8421052631578947,19,0.741848153170316,0.3305974058324569,202205.0,
Y4,wf2022,2022,band,return,entered,month,21,148.04761904761904,148.04761904761904,1.0,0.0042330088773303,0.0012261063343912,0.3557125291106066,0.0014975944725983,0.000434096204102,0.96399221816272,0.0,0.0,,20222.0,0.3089787962665961,0.6666666666666666,21,0.3773938070947721,0.1093922434337161,202206.0,
Y4,wf2022,2022,band,return,entered,month,21,142.1904761904762,142.1904761904762,1.0,0.0035904938364963,0.0022384526013653,0.3390808350777655,0.0012025968367207,0.0007589417392043,0.9672160876208364,0.0,0.0,,20223.0,0.5640900555440641,0.7619047619047619,21,0.3030544028536349,0.1912533182795051,202207.0,
Y4,wf2022,2022,band,return,entered,month,23,142.34782608695653,142.34782608695653,1.0,-0.000707894747373,0.0010028238442465,0.3382197561174552,-0.0002345794626919,0.0003387970430847,0.9710995125794152,0.0,0.0,,20223.0,0.2527116087501189,0.6521739130434783,23,-0.0591140245983699,0.0853768548573682,202208.0,
Y4,wf2022,2022,band,return,entered,month,21,140.47619047619048,140.47619047619048,1.0,-0.0013165093357559,0.0036429317674975,0.3320213607873313,-0.0004378289691968,0.0012052189738533,0.9748890493452392,0.0,0.0,,20223.0,0.9180188054093764,0.7142857142857143,21,-0.1103329002376169,0.3037151814110342,202209.0,
Y4,wf2022,2022,band,return,entered,month,16,141.375,141.375,1.0,0.0092270684692894,0.0049852453196103,0.3355127478054368,0.0030685775106179,0.001667460131549,0.9725548546710584,0.0,0.0,,20224.0,1.2562818205418071,0.875,16,0.7732815326757166,0.4201999531503715,202210.0,
Y4,wf2022,2022,band,return,entered,month,22,141.45454545454547,141.45454545454547,1.0,0.0050044808793549,0.002283361853069,0.3359264853261385,0.0016861630932668,0.0007686450006276,0.9706115399613088,0.0,0.0,,20224.0,0.5754071869733949,0.7272727272727273,22,0.424913099503243,0.193698540158172,202211.0,
Y4,wf2022,2022,band,return,entered,month,22,140.45454545454547,140.45454545454547,1.0,0.0048615596258964,0.0060894993284636,0.332298218398247,0.0016103838843488,0.0020165124443632,0.9742918440540368,0.0,0.0,,20224.0,1.534553830772828,0.8181818181818182,22,0.4058167388558981,0.5081611359795338,202212.0,
Y4,wf2022,2022,band,return,initial,month,1,405.0,405.0,1.0,-0.0148078986670022,-0.0004091427479129,1.0,-0.0148078986670022,-0.0004091427479129,0.8942647019779635,0.0,1.0,,20221.0,-0.1031039724740541,0.0,19,-0.1963994981097138,-0.0054265248670554,202201.0,
Y4,wf2022,2022,band,return,retained,month,18,253.22222222222223,253.22222222222223,1.0,-0.0040717226664914,0.0003407408034781,0.6159407131287995,-0.0025421727377896,0.0002193300500555,0.5065712065105463,0.0,0.0,,20221.0,0.0858666824764924,0.5555555555555556,19,-0.6069102915059897,0.0523621635290395,202201.0,
Y4,wf2022,2022,band,return,retained,month,16,253.9375,253.9375,1.0,0.0023690192788294,-6.931851806974158e-05,0.6164565015307868,0.0014561281319594,-4.283498063945945e-05,0.4713578447095337,0.0,0.0,,20221.0,-0.0174682665535748,0.4375,16,0.3669442892537926,-0.0107944151211437,202202.0,
Y4,wf2022,2022,band,return,retained,month,23,255.56521739130437,255.56521739130437,1.0,-0.0026349336866188,0.000118403191293,0.6182006159574539,-0.0016140860080482,7.242699182170369e-05,0.4948822331906806,0.0,0.0,,20221.0,0.0298376042058484,0.5217391304347826,23,-0.4067496740281506,0.0182516019390693,202203.0,
Y4,wf2022,2022,band,return,retained,month,19,260.63157894736844,260.63157894736844,1.0,-0.0067028370587964,0.0007163662344707,0.6297035145161151,-0.0042469416065918,0.0004615082428526,0.5331180924679954,0.0,0.0,,20222.0,0.1805242910866407,0.5263157894736842,19,-1.070229284861134,0.1163000771988787,202204.0,
Y4,wf2022,2022,band,return,retained,month,19,260.7894736842105,260.7894736842105,1.0,0.0055966225800939,0.0011537571104083,0.6328548566377002,0.0035360752009289,0.0007251571413141,0.4932004825102177,0.0,0.0,,20222.0,0.2907467918229056,0.5789473684210527,19,0.8910909506340986,0.1827395996111768,202205.0,
Y4,wf2022,2022,band,return,retained,month,21,268.1428571428572,268.1428571428572,1.0,0.00343227749493,0.0004253749519909,0.6442874708893934,0.0022173676359758,0.000273963361533,0.4856635451212302,0.0,0.0,,20222.0,0.1071944879017116,0.6666666666666666,21,0.5587766442659224,0.0690387671063187,202206.0,
Y4,wf2022,2022,band,return,retained,month,21,277.1428571428572,277.1428571428572,1.0,0.0012401152118478,-0.000111926023283,0.6609191649222345,0.000829548386897,-7.88377507175427e-05,0.4827745114546831,0.0,0.0,,20223.0,-0.0282053578673397,0.3333333333333333,21,0.2090461934980592,-0.0198671131808207,202207.0,
Y4,wf2022,2022,band,return,retained,month,23,278.5217391304348,278.5217391304348,1.0,-0.0014771479915629,0.0002335706000565,0.6617802438825447,-0.0009811415000614,0.0001562005857813,0.4718040137626099,0.0,0.0,,20223.0,0.0588597912142523,0.4347826086956521,23,-0.2472476580154804,0.0393625476168983,202208.0,
Y4,wf2022,2022,band,return,retained,month,21,282.6190476190476,282.6190476190476,1.0,-0.0050452561973961,-8.581509414267287e-05,0.6679786392126686,-0.0033746664488433,-5.8273288640139055e-05,0.4775995397438669,0.0,0.0,,20223.0,-0.0216254037239535,0.4761904761904761,21,-0.8504159451085314,-0.014684868737315,202209.0,
Y4,wf2022,2022,band,return,retained,month,16,280.0,280.0,1.0,0.0048245416106044,0.0005827184609252,0.6644872521945631,0.0032288015663892,0.0003880957957788,0.4808953094668378,0.0,0.0,,20224.0,0.1468450521531741,0.5625,16,0.8136579947300823,0.0978001405362812,202210.0,
Y4,wf2022,2022,band,return,retained,month,22,279.6363636363636,279.6363636363636,1.0,0.0022800050744893,-0.0004411139517966,0.6640735146738614,0.0015088030659266,-0.0002947978677201,0.4727014171939329,0.0,0.0,,20224.0,-0.1111607158527547,0.4090909090909091,22,0.3802183726135167,-0.0742890626654729,202211.0,
Y4,wf2022,2022,band,return,retained,month,22,282.22727272727275,282.22727272727275,1.0,-0.0011339076585205,9.403204404664216e-05,0.667701781601753,-0.0007612917550208,6.0519387531883104e-05,0.4798861193520976,0.0,0.0,,20224.0,0.0236960750997538,0.5,22,-0.191845522265258,0.0152508856580345,202212.0,
Y4,wf2022,2022,band,turn,entered,month,18,3.0,3.0,1.0,0.0028118820468098,0.0043096936132839,0.0065376540513278,,,0.990906824258975,0.0,0.0,,20221.0,1.0860427905475656,0.5833333333333334,19,,,202201.0,
Y4,wf2022,2022,band,turn,entered,month,16,3.1875,3.1875,1.0,0.0140988850053236,0.009454280626306,0.0069555311116717,,,0.9892334229390682,0.0,0.0,,20221.0,2.3824787178291342,0.6666666666666666,16,,,202202.0,
Y4,wf2022,2022,band,turn,entered,month,23,2.8260869565217392,2.8260869565217392,1.0,-0.004046320867081,0.0019790570175967,0.0061835823546224,,,0.9882163480684986,0.0,0.0,,20221.0,0.4987223684343919,0.6666666666666666,23,,,202203.0,
Y4,wf2022,2022,band,turn,entered,month,19,2.5789473684210527,2.526315789473684,0.9866666666666668,0.0009052047352767,0.0029292691780314,0.0056293387015033,,,0.9917204642430448,0.0,0.0,,20222.0,0.7381758328639331,0.6,19,,,202204.0,
Y4,wf2022,2022,band,turn,entered,month,19,4.842105263157895,4.842105263157895,1.0,0.0090448587963639,0.0054187955572131,0.0106763040698916,,,0.9830124303414628,0.0,0.0,,20222.0,1.3655364804177177,0.5333333333333333,19,,,202205.0,
Y4,wf2022,2022,band,turn,entered,month,21,3.2857142857142856,3.2857142857142856,1.0,0.0064274046888545,0.0028556882469705,0.007203850048087,,,0.986802921281699,0.0,0.0,,20222.0,0.719633438236569,0.3157894736842105,21,,,202206.0,
Y4,wf2022,2022,band,turn,entered,month,21,2.571428571428572,2.571428571428572,1.0,0.0082915928992966,0.0077466413686601,0.0056236400182507,,,0.9877871365989646,0.0,0.0,,20223.0,1.9521536249023597,0.4444444444444444,21,,,202207.0,
Y4,wf2022,2022,band,turn,entered,month,23,2.4782608695652173,2.4782608695652173,1.0,0.004285889586432,0.0045420470828883,0.005409889466385,,,0.9897166467542812,0.0,0.0,,20223.0,1.14459586488786,0.5555555555555556,23,,,202208.0,
Y4,wf2022,2022,band,turn,entered,month,21,1.0952380952380951,1.0952380952380951,1.0,0.0087181919649165,0.0172490707140375,0.0023798481987711,,,0.993194099807003,0.0,0.0,,20223.0,4.346765819937455,0.9230769230769232,21,,,202209.0,
Y4,wf2022,2022,band,turn,entered,month,16,2.25,2.25,1.0,-0.0044512849898968,-0.0081113254650057,0.0049071136080891,,,0.990292252550317,0.0,0.0,,20224.0,-2.044054017181453,0.3846153846153846,16,,,202210.0,
Y4,wf2022,2022,band,turn,entered,month,22,1.681818181818182,1.681818181818182,1.0,0.0087266045736453,0.0065371359345968,0.0036706088169849,,,0.9899985663082436,0.0,0.0,,20224.0,1.647358255518405,0.6666666666666666,22,,,202211.0,
Y4,wf2022,2022,band,turn,entered,month,22,1.2727272727272727,1.2727272727272727,1.0,0.0045701549807733,0.0075290839879412,0.0027698348373742,,,0.9917773561037316,0.0,0.0,,20224.0,1.897329164961195,0.6470588235294118,22,,,202212.0,
Y4,wf2022,2022,band,turn,initial,month,1,453.0,249.0,0.5496688741721855,-0.0174244271442291,-0.0030256712251398,1.0,,,0.915298250611218,204.0,1.0,,20221.0,-0.7624691487352435,0.0,19,,,202201.0,
Y4,wf2022,2022,band,turn,retained,month,18,454.94444444444446,253.22222222222223,0.5565733935450761,-0.0040717226664914,0.0003407408034781,0.993462345948672,,,0.5921331389776413,201.72222222222223,0.0,,20221.0,0.0858666824764924,0.5555555555555556,19,,,202201.0,
Y4,wf2022,2022,band,turn,retained,month,16,453.625,253.9375,0.5597865590596143,0.0023690192788294,-6.931851806974158e-05,0.9930444688883284,,,0.6185167408804169,199.6875,0.0,,20221.0,-0.0174682665535748,0.4375,16,,,202202.0,
Y4,wf2022,2022,band,turn,retained,month,23,453.8695652173913,255.56521739130437,0.5630557737981231,-0.0026349336866188,0.000118403191293,0.9938164176453776,,,0.6025467875476123,198.2608695652174,0.0,,20221.0,0.0298376042058484,0.5217391304347826,23,,,202203.0,
Y4,wf2022,2022,band,turn,retained,month,19,453.5263157894737,260.63157894736844,0.574645006241438,-0.0067028370587964,0.0007163662344707,0.9943706612984966,,,0.5818688541980249,192.73684210526315,0.0,,20222.0,0.1805242910866407,0.5263157894736842,19,,,202204.0,
Y4,wf2022,2022,band,turn,retained,month,19,448.7894736842105,260.7894736842105,0.5810170481816392,0.0055966225800939,0.0011537571104083,0.9893236959301084,,,0.616975919782122,187.8947368421053,0.0,,20222.0,0.2907467918229056,0.5789473684210527,19,,,202205.0,
Y4,wf2022,2022,band,turn,retained,month,21,452.3809523809524,268.1428571428572,0.5927421415104076,0.00343227749493,0.0004253749519909,0.9927961499519128,,,0.6263324429596036,183.95238095238096,0.0,,20222.0,0.1071944879017116,0.6666666666666666,21,,,202206.0,
Y4,wf2022,2022,band,turn,retained,month,21,453.7619047619048,277.1428571428572,0.6107623598830144,0.0012401152118478,-0.000111926023283,0.9943763599817492,,,0.6098659485200204,176.61904761904762,0.0,,20223.0,-0.0282053578673397,0.3333333333333333,21,,,202207.0,
Y4,wf2022,2022,band,turn,retained,month,23,454.9130434782609,278.5217391304348,0.612247303486255,-0.0014771479915629,0.0002335706000565,0.9945901105336148,,,0.5936645066921895,176.34782608695653,0.0,,20223.0,0.0588597912142523,0.4347826086956521,23,,,202208.0,
Y4,wf2022,2022,band,turn,retained,month,21,458.7142857142857,282.6190476190476,0.6161065217559181,-0.0050452561973961,-8.581509414267287e-05,0.9976201518012288,,,0.5923245192748513,176.0952380952381,0.0,,20223.0,-0.0216254037239535,0.4761904761904761,21,,,202209.0,
Y4,wf2022,2022,band,turn,retained,month,16,456.0,280.0,0.6140234753217301,0.0048245416106044,0.0005827184609252,0.9950928863919108,,,0.5823053449561225,176.0,0.0,,20224.0,0.1468450521531741,0.5625,16,,,202210.0,
Y4,wf2022,2022,band,turn,retained,month,22,456.2272727272728,279.6363636363636,0.6129240774741791,0.0022800050744893,-0.0004411139517966,0.9963293911830152,,,0.5958196761948679,176.5,0.0,,20224.0,-0.1111607158527547,0.4090909090909091,22,,,202211.0,
Y4,wf2022,2022,band,turn,retained,month,22,458.4090909090909,282.22727272727275,0.6156610876341693,-0.0011339076585205,9.403204404664216e-05,0.9972301651626256,,,0.5999983431326837,176.0909090909091,0.0,,20224.0,0.0236960750997538,0.5,22,,,202212.0,
Y4,wf2022,2022,band,return,entered,quarter,57,157.89473684210526,157.89473684210526,1.0,0.0009441174898335,0.0027640768916061,0.3830026135467996,0.0003735159235674,0.0010616605994341,0.9664595320487924,0.0,0.0,202202.08771929823,,0.6965473766847416,0.7017543859649122,58,0.0925031504503978,0.2629257387977884,,20221.0
Y4,wf2022,2022,band,return,entered,quarter,59,150.76271186440678,150.76271186440678,1.0,0.0026473710499642,0.0025355992744783,0.3640907467694957,0.0009637956168626,0.0009326744474197,0.964589415102401,0.0,0.0,202205.0338983051,,0.6389710171685421,0.7288135593220338,59,0.2428764954493915,0.2350339607497653,,20222.0
Y4,wf2022,2022,band,return,entered,quarter,65,141.69230769230768,141.69230769230768,1.0,0.0004841860819379,0.0022549849255967,0.3364953923672077,0.0001640738088628,0.0007544570302332,0.9710691794709868,0.0,0.0,202208.0,,0.5682562012503846,0.7076923076923077,65,0.0413465998334441,0.1901231716187814,,20223.0
Y4,wf2022,2022,band,return,entered,quarter,60,141.06666666666666,141.06666666666666,1.0,0.0060780997770693,0.0043994478517913,0.3344857907803912,0.0020270212279571,0.0014658804315764,0.9724792020512422,0.0,0.0,202211.1,,1.1086608586514304,0.8,60,0.5108093494452094,0.3694018687572579,,20224.0
Y4,wf2022,2022,band,return,initial,quarter,1,405.0,405.0,1.0,-0.0148078986670022,-0.0004091427479129,1.0,-0.0148078986670022,-0.0004091427479129,0.8942647019779635,0.0,1.0,202201.0,,-0.1031039724740541,0.0,58,-0.0643377666221476,-0.0017776546978285,,20221.0
Y4,wf2022,2022,band,return,retained,quarter,57,254.3684210526316,254.3684210526316,1.0,-0.0016840381461018,0.0001359212556707,0.6169973864532005,-0.0010453515325257,8.646319338012009e-05,0.4919701508057548,0.0,0.0,202202.08771929823,,0.0342521564290206,0.5087719298245614,58,-0.2588867140206998,0.0214130570640007,,20221.0
Y4,wf2022,2022,band,return,retained,quarter,59,263.35593220338984,263.35593220338984,1.0,0.0008654195304776,0.0007536477549917,0.6359092532305043,0.0005603094686084,0.0004796588625654,0.5033726673242692,0.0,0.0,202205.0338983051,,0.1899192342579208,0.5932203389830508,59,0.1411979860893339,0.1208740333665042,,20222.0
Y4,wf2022,2022,band,return,retained,quarter,65,279.4,279.4,1.0,-0.0017520363769609,1.876246669784158e-05,0.6635046076327923,-0.0011694420584967,1.0973563791685632e-05,0.4772207291032243,0.0,0.0,202208.0,,0.004728141607856,0.4153846153846154,65,-0.2946993987411687,0.0027653380755047,,20223.0
Y4,wf2022,2022,band,return,retained,quarter,60,280.68333333333334,280.68333333333334,1.0,0.001706780148683,2.812822340507717e-05,0.6655142092196088,0.0011351012317025,1.759010280534757e-05,0.4775208459247013,0.0,0.0,202211.1,,0.0070883122980794,0.4833333333333333,60,0.2860455103890501,0.0044327059069475,,20224.0
Y4,wf2022,2022,band,turn,entered,quarter,57,2.982456140350877,2.982456140350877,1.0,0.0030975102147177,0.00478073136171,0.0065120818397713,,,0.9892756483716544,0.0,0.0,202202.08771929823,,1.2047443031509393,0.6428571428571429,58,,,,20221.0
Y4,wf2022,2022,band,turn,entered,quarter,59,3.559322033898305,3.542372881355932,0.9959183673469388,0.0055381967767927,0.003662837708594,0.007815051926548,,,0.9871479372065284,0.0,0.0,202205.0338983051,,0.9230351025657052,0.4693877551020408,59,,,,20222.0
Y4,wf2022,2022,band,turn,entered,quarter,65,2.0615384615384613,2.0615384615384613,1.0,0.0069332893936129,0.0090904961512318,0.004500010927451,,,0.9899304366908054,0.0,0.0,202208.0,,2.2908050301104264,0.6122448979591837,65,,,,20223.0
Y4,wf2022,2022,band,turn,entered,quarter,60,1.6833333333333331,1.6833333333333331,1.0,0.0033494444090926,0.0026800941281973,0.0036700596354221,,,0.9907553962564716,0.0,0.0,202211.1,,0.6753837203057222,0.5777777777777777,60,,,,20224.0
Y4,wf2022,2022,band,turn,initial,quarter,1,453.0,249.0,0.5496688741721855,-0.0174244271442291,-0.0030256712251398,1.0,,,0.915298250611218,204.0,1.0,202201.0,,-0.7624691487352435,0.0,58,,,,20221.0
Y4,wf2022,2022,band,turn,retained,quarter,57,454.140350877193,254.3684210526316,0.5600910320372285,-0.0016840381461018,0.0001359212556707,0.9934879181602286,,,0.603741060864549,199.75438596491227,0.0,202202.08771929823,,0.0342521564290206,0.5087719298245614,58,,,,20221.0
Y4,wf2022,2022,band,turn,retained,quarter,59,451.59322033898303,263.35593220338984,0.5831383729789327,0.0008654195304776,0.0007536477549917,0.992184948073452,,,0.6090005425046522,188.05084745762716,0.0,202205.0338983051,,0.1899192342579208,0.5932203389830508,59,,,,20222.0
Y4,wf2022,2022,band,turn,retained,quarter,65,455.7692307692308,279.4,0.6130143768400222,-0.0017520363769609,1.876246669784158e-05,0.995499989072549,,,0.5984658996555795,176.35384615384615,0.0,202208.0,,0.004728141607856,0.4153846153846154,65,,,,20223.0
Y4,wf2022,2022,band,turn,retained,quarter,60,456.9666666666666,280.68333333333334,0.6142208206255223,0.001706780148683,2.812822340507717e-05,0.996329940364578,,,0.5937480324084016,176.21666666666667,0.0,202211.1,,0.0070883122980794,0.4833333333333333,60,,,,20224.0
Market,wf2022,2022,raw,return,entered,year,241,352.8091286307054,352.8091286307054,1.0,0.0012696094278695,0.0017323727493156,0.8452220588901123,0.0011569130003287,0.0014671000900681,0.9144905456482912,0.0,0.0,202206.64730290457,20222.53112033195,0.4365579328275377,0.6639004149377593,242,0.2903373567601783,0.3681814986364409,,
Market,wf2022,2022,raw,return,initial,year,1,405.0,405.0,1.0,-0.0074301210212157,0.0069686348978735,1.0,-0.0074301210212157,0.0069686348978735,0.9325081640780564,0.0,1.0,202201.0,20221.0,1.756095994264132,1.0,242,-0.0077371508154808,0.0072565950176203,,
Market,wf2022,2022,raw,return,retained,year,241,64.65145228215768,64.65145228215768,1.0,0.0015187819373188,0.0018438039877217,0.1547779411098878,7.876170316472306e-05,0.0002313379348713,0.9199476735759128,0.0,0.0,202206.64730290457,20222.53112033195,0.4646386049058916,0.5659574468085107,242,0.0197659328785122,0.0580562622339184,,
Market,wf2022,2022,raw,turn,entered,year,241,362.2240663900415,277.0995850622407,0.7793473545341456,0.0019235387601608,0.0023231090359583,0.7921132955087837,,,0.9341507305179292,85.02489626556017,0.0,202206.64730290457,20222.53112033195,0.5854234770615121,0.6497890295358649,242,,,,
Market,wf2022,2022,raw,turn,initial,year,1,453.0,452.0,0.9977924944812362,-0.0075214358101431,0.0068773201089461,1.0,,,0.927379714685846,0.0,1.0,202201.0,20221.0,1.7330846674544311,1.0,242,,,,
Market,wf2022,2022,raw,turn,retained,year,241,94.98755186721992,54.70539419087137,0.8583835173965642,0.0017087785240795,0.0019036705507155,0.2078867044912163,,,0.9364497146601486,40.25311203319502,0.0,202206.64730290457,20222.53112033195,0.4797249787803151,0.5506607929515418,242,,,,
Market,wf2022,2022,raw,return,entered,month,18,368.1666666666667,368.1666666666667,1.0,-0.0018974400061447,0.0025150234638248,0.8957567363286886,-0.0016047932311068,0.0024371045126806,0.9181812293271312,0.0,0.0,,20221.0,0.6337859128838548,0.6666666666666666,19,-0.3831232682263458,0.5818266352378706,202201.0,
Market,wf2022,2022,raw,return,entered,month,16,371.4375,371.4375,1.0,0.0035186508614504,0.0010803130645511,0.901469108819832,0.0032188261310154,0.0012505259663054,0.8920913501841303,0.0,0.0,,20221.0,0.2722388922669018,0.625,16,0.8111441850158957,0.3151325435089656,202202.0,
Market,wf2022,2022,raw,return,entered,month,23,342.4347826086956,342.4347826086956,1.0,-0.0017641872090473,0.0009891496688645,0.828379403548188,-0.0010655176443589,0.0009554920212151,0.9092145621357756,0.0,0.0,,20221.0,0.2492657165538602,0.5652173913043478,23,-0.2685104463784441,0.2407839893462161,202203.0,
Market,wf2022,2022,raw,return,entered,month,19,311.3684210526316,311.3684210526316,1.0,-0.0036165532105857,0.0038026500826815,0.7520502517608483,-0.0026101993152273,0.0025787297477071,0.9266692611279193,0.0,0.0,,20222.0,0.9582678208357572,0.6842105263157895,19,-0.6577702274372941,0.6498398964222064,202204.0,
Market,wf2022,2022,raw,return,entered,month,19,373.6315789473685,373.6315789473685,1.0,0.0065876128183865,0.0021447473487009,0.9064847048914624,0.0062572375063106,0.0019209699222241,0.8809012587502619,0.0,0.0,,20222.0,0.5404763318726361,0.7368421052631579,19,1.5768238515902866,0.4840844204004758,202205.0,
Market,wf2022,2022,raw,return,entered,month,21,337.6666666666667,337.6666666666667,1.0,0.003738875125982,0.0007319725830429,0.8111487923866422,0.002683977913478,0.0004439604057527,0.927229319800394,0.0,0.0,,20222.0,0.1844570909268292,0.6190476190476191,21,0.6763624341964699,0.1118780222496963,202206.0,
Market,wf2022,2022,raw,return,entered,month,21,358.3333333333333,358.3333333333333,1.0,0.0026514189542023,0.0012993777190713,0.8546055325358521,0.00222501358559,0.0011082038541917,0.9256816593503416,0.0,0.0,,20223.0,0.3274431852059839,0.6190476190476191,21,0.5607034235686817,0.27926737125632,202207.0,
Market,wf2022,2022,raw,return,entered,month,23,376.5652173913044,376.5652173913044,1.0,-0.0010831985204738,0.0006275200711456,0.8947253263432848,-0.0007285626948678,0.000645440783535,0.908359972026316,0.0,0.0,,20223.0,0.1581350579286955,0.5217391304347826,23,-0.1835977991067076,0.1626510774508424,202208.0,
Market,wf2022,2022,raw,return,entered,month,21,336.8095238095238,336.8095238095238,1.0,-0.0039748542487747,0.0009845868544786,0.7962847157220418,-0.003375600005226,0.0007949108539955,0.9275202758792565,0.0,0.0,,20223.0,0.2481158873286207,0.6666666666666666,21,-0.8506512013169566,0.200317535206888,202209.0,
Market,wf2022,2022,raw,return,entered,month,16,360.3125,360.3125,1.0,0.0069905668880126,0.0027487437383334,0.8549101870563506,0.0062122300859976,0.00250041648351,0.911863966224311,0.0,0.0,,20224.0,0.6926834220600355,0.8125,16,1.5654819816714085,0.6301049538445377,202210.0,
Market,wf2022,2022,raw,return,entered,month,22,366.95454545454544,366.95454545454544,1.0,0.005036844932606,0.0023157259063201,0.8714287377745967,0.0039724542065291,0.0018454608382153,0.914512277916808,0.0,0.0,,20224.0,0.5835629283926683,0.7727272727272727,22,1.0010584600453358,0.4650561312302775,202211.0,
Market,wf2022,2022,raw,return,entered,month,22,335.3636363636364,335.3636363636364,1.0,0.0008857828404359,0.002113722543003,0.793409143459434,0.0004172872738291,0.0017038044186224,0.9247860762546176,0.0,0.0,,20224.0,0.5326580808367782,0.7272727272727273,22,0.1051563930049542,0.4293587134928496,202212.0,
Market,wf2022,2022,raw,return,initial,month,1,405.0,405.0,1.0,-0.0074301210212157,0.0069686348978735,1.0,-0.0074301210212157,0.0069686348978735,0.9325081640780564,0.0,1.0,,20221.0,1.756095994264132,1.0,19,-0.0985468682813881,0.0924261049612701,202201.0,
Market,wf2022,2022,raw,return,retained,month,18,42.94444444444444,42.94444444444444,1.0,-0.0039604621058726,-0.0006689543577444,0.1042432636713113,-0.0006453834418848,-0.0002748177157027,0.9205053152757544,0.0,0.0,,20221.0,-0.1685764981515962,0.4,19,-0.15407680486261,-0.0656091136014645,202201.0,
Market,wf2022,2022,raw,return,retained,month,16,40.5,40.5,1.0,0.0117201249883231,0.0073593408794343,0.0985308911801679,0.0004716539319578,1.6162997686737166e-06,0.9143287474570734,0.0,0.0,,20221.0,1.8545539016174628,0.5,16,0.1188567908533821,0.0004073075417057,202202.0,
Market,wf2022,2022,raw,return,retained,month,23,70.95652173913044,70.95652173913044,1.0,-0.004705546806676,-0.0019522099287641,0.1716205964518121,-0.0008518033969301,-0.0001194761845923,0.914110632441629,0.0,0.0,,20221.0,-0.4919569020485732,0.4782608695652174,23,-0.2146544560263996,-0.0301079985172727,202203.0,
Market,wf2022,2022,raw,return,retained,month,19,102.52631578947368,102.52631578947368,1.0,-0.0061916897092444,0.0012275135840228,0.2479497482391517,-0.0017801395457604,0.0004501346845722,0.9318601456376802,0.0,0.0,,20222.0,0.3093334231737626,0.4736842105263157,19,-0.448595165531641,0.113433940512216,202204.0,
Market,wf2022,2022,raw,return,retained,month,19,38.42105263157895,38.42105263157895,1.0,0.0072395027709233,0.0034911181300193,0.0935152951085377,0.0004350479857641,0.000328450100165,0.8860197509195818,0.0,0.0,,20222.0,0.8797617687648747,0.7222222222222222,19,0.1096320924125716,0.0827694252416017,202205.0,
Market,wf2022,2022,raw,return,retained,month,21,78.52380952380952,78.52380952380952,1.0,0.0054617517051514,0.0024548491622123,0.1888512076133578,0.0013031811858058,0.000536296150592,0.928180219075165,0.0,0.0,,20222.0,0.6186219888775011,0.6190476190476191,21,0.3284016588230838,0.1351466299491978,202206.0,
Market,wf2022,2022,raw,return,retained,month,21,61.0,61.0,1.0,0.0031185104308224,0.0017664691956914,0.1453944674641479,0.0003796863502144,0.0001444548464817,0.9264737889443913,0.0,0.0,,20223.0,0.4451502373142522,0.5714285714285714,21,0.0956809602540478,0.0364026213133998,202207.0,
Market,wf2022,2022,raw,return,retained,month,23,44.30434782608695,44.30434782608695,1.0,0.0005447156536428,0.0022554342452624,0.1052746736567153,-0.0002903914828998,4.632363031666159e-05,0.9100070850066424,0.0,0.0,,20223.0,0.5683694298061271,0.5652173913043478,23,-0.0731786536907685,0.0116735548397987,202208.0,
Market,wf2022,2022,raw,return,retained,month,21,86.28571428571429,86.28571428571429,1.0,-0.0028517241444881,0.0021077169587652,0.2037152842779581,-0.0002714770748232,0.0005174531692085,0.9343704655202206,0.0,0.0,,20223.0,0.5311446736088504,0.6190476190476191,21,-0.0684122228554675,0.1303981986405553,202209.0,
Market,wf2022,2022,raw,return,retained,month,16,61.0625,61.0625,1.0,0.0035919887962331,-0.000649834353446,0.1450898129436493,0.000685447033676,0.0001554374864845,0.916345291667112,0.0,0.0,,20224.0,-0.1637582570683999,0.5,16,0.1727326524863767,0.0391702465941016,202210.0,
Market,wf2022,2022,raw,return,retained,month,22,54.13636363636363,54.13636363636363,1.0,0.005262998113412,0.0025418790871261,0.1285712622254034,0.0008358355248836,0.0002417098669114,0.9217433241138308,0.0,0.0,,20224.0,0.6405535299557868,0.6363636363636364,22,0.2106305522706763,0.0609108864616738,202211.0,
Market,wf2022,2022,raw,return,retained,month,22,87.31818181818181,87.31818181818181,1.0,0.0018960014129226,0.0031239411154897,0.2065908565405659,0.0007220226186328,0.0006634451764068,0.9300783441050978,0.0,0.0,,20224.0,0.7872331611034283,0.6363636363636364,22,0.1819496998954895,0.1671881844545225,202212.0,
Market,wf2022,2022,raw,turn,entered,month,18,398.6111111111111,310.1111111111111,0.7506543169088418,0.0054490896510684,0.0102806865978393,0.8708365677409603,,,0.9368707474705038,88.44444444444444,0.0,,20221.0,2.5907330226555274,0.6875,19,,,202201.0,
Market,wf2022,2022,raw,turn,entered,month,16,280.125,196.3125,0.58691946741682,0.0028584650156899,9.878705016102968e-05,0.6125449065048432,,,0.9373125791820393,83.8125,0.0,,20221.0,0.0248943366405794,0.4666666666666667,16,,,202202.0,
Market,wf2022,2022,raw,turn,entered,month,23,368.3043478260869,256.9130434782609,0.7204028354200126,-0.0013664231737627,0.0013869137041491,0.8067241060500158,,,0.9307940221116414,111.30434782608695,0.0,,20221.0,0.3495022534455848,0.6086956521739131,23,,,202203.0,
Market,wf2022,2022,raw,turn,entered,month,19,351.1578947368421,285.8421052631579,0.8537901064857252,-0.0032345271970136,0.0041846760962536,0.7696452690908854,,,0.9349496157773388,64.94736842105263,0.0,,20222.0,1.0545383762559244,0.7368421052631579,19,,,202204.0,
Market,wf2022,2022,raw,turn,entered,month,19,277.05263157894734,187.57894736842104,0.7646877968635317,0.0073392684526778,0.0019647299535196,0.61100607913302,,,0.9148366326814382,89.26315789473684,0.0,,20222.0,0.495111948286963,0.6666666666666666,19,,,202205.0,
Market,wf2022,2022,raw,turn,entered,month,21,380.04761904761904,328.3809523809524,0.8747536532296385,0.003857261246461,0.0008503587035219,0.8339160106440385,,,0.9315398573748352,51.57142857142857,0.0,,20222.0,0.2142903932875238,0.6190476190476191,21,,,202206.0,
Market,wf2022,2022,raw,turn,entered,month,21,402.3809523809524,341.3333333333333,0.8591894850937988,0.0026924813924903,0.0013404401573593,0.8818797239968539,,,0.9339619270942918,60.95238095238095,0.0,,20223.0,0.337790919654562,0.5714285714285714,21,,,202207.0,
Market,wf2022,2022,raw,turn,entered,month,23,369.1304347826087,264.30434782608694,0.7591845733124928,-0.0011712751456117,0.0005394434460077,0.8068322480782691,,,0.938134366261884,104.78260869565216,0.0,,20223.0,0.1359397483939655,0.6086956521739131,23,,,202208.0,
Market,wf2022,2022,raw,turn,entered,month,21,364.8571428571428,295.1428571428572,0.8331169490473429,-0.0040907806700822,0.0008686604331711,0.7937362935240648,,,0.9395358313514895,69.66666666666667,0.0,,20223.0,0.2189024291591296,0.6190476190476191,21,,,202209.0,
Market,wf2022,2022,raw,turn,entered,month,16,384.375,269.1875,0.7402348572598678,0.0069400474752596,0.0026982243255805,0.838726665676173,,,0.9357670079832194,115.1875,0.0,,20224.0,0.6799525300462936,0.75,16,,,202210.0,
Market,wf2022,2022,raw,turn,entered,month,22,378.5,278.8181818181818,0.7585115220960366,0.0057019889566934,0.0029808699304075,0.8265100267120155,,,0.93565167686709,99.6818181818182,0.0,,20224.0,0.751179222462699,0.7727272727272727,22,,,202211.0,
Market,wf2022,2022,raw,turn,entered,month,22,371.45454545454544,289.6363636363636,0.8045163480981923,0.0011549911113033,0.0023829308138705,0.8080152683204603,,,0.939816396776862,81.63636363636364,0.0,,20224.0,0.6004985650953667,0.6818181818181818,22,,,202212.0,
Market,wf2022,2022,raw,turn,initial,month,1,453.0,452.0,0.9977924944812362,-0.0075214358101431,0.0068773201089461,1.0,,,0.927379714685846,0.0,1.0,,20221.0,1.7330846674544311,1.0,19,,,202201.0,
Market,wf2022,2022,raw,turn,retained,month,18,59.333333333333336,34.27777777777778,0.8627450980392157,-0.003433318853705,-0.00081320052358,0.1291634322590396,,,0.9447896073222846,25.0,0.0,,20221.0,-0.2049265319421683,0.3846153846153846,19,,,202201.0,
Market,wf2022,2022,raw,turn,retained,month,16,176.6875,27.375,0.4498486615166774,0.0076194646080575,0.0032333959818327,0.3874550934951568,,,0.9317110620409076,149.3125,0.0,,20221.0,0.8148157874218482,0.5384615384615384,16,,,202202.0,
Market,wf2022,2022,raw,turn,retained,month,23,88.3913043478261,55.47826086956522,0.870223978919631,-0.0037140515685815,-0.0020191774032775,0.1932758939499842,,,0.9449699646006574,32.869565217391305,0.0,,20221.0,-0.5088327056259312,0.4,23,,,202203.0,
Market,wf2022,2022,raw,turn,retained,month,19,104.94736842105264,104.78947368421052,0.9986921226125518,-0.0067271185239574,0.0006920847693098,0.2303547309091146,,,0.9376198362416224,0.0,0.0,,20222.0,0.1744053618660769,0.3684210526315789,19,,,202204.0,
Market,wf2022,2022,raw,turn,retained,month,19,176.57894736842104,23.05263157894737,0.5264139956131693,0.0152271863234286,0.0115457889545588,0.38899392086698,,,0.9211159995418182,153.47368421052633,0.0,,20222.0,2.909538816548829,0.6875,19,,,202205.0,
Market,wf2022,2022,raw,turn,retained,month,21,75.61904761904762,75.61904761904762,1.0,0.0049686315133393,0.0019617289704002,0.1660839893559614,,,0.9336830881094152,0.0,0.0,,20222.0,0.4943557005408658,0.6190476190476191,21,,,202206.0,
Market,wf2022,2022,raw,turn,retained,month,21,53.95238095238095,53.90476190476191,0.9993098688750864,0.0026667655347741,0.0013147242996431,0.118120276003146,,,0.9318953772505058,0.0,0.0,,20223.0,0.3313105235100694,0.5714285714285714,21,,,202207.0,
Market,wf2022,2022,raw,turn,retained,month,23,88.26086956521739,30.130434782608692,0.8293367337064129,0.0005090110356329,0.0022197296272524,0.1931677519217308,,,0.9310303728032726,58.130434782608695,0.0,,20223.0,0.5593718660676169,0.5652173913043478,23,,,202208.0,
Market,wf2022,2022,raw,turn,retained,month,21,94.95238095238096,78.61904761904762,0.9535984848484848,-0.0033298668863032,0.0016295742169502,0.206263706475935,,,0.9463879777305564,16.333333333333332,0.0,,20223.0,0.4106527026714556,0.6190476190476191,21,,,202209.0,
Market,wf2022,2022,raw,turn,retained,month,16,73.875,50.9375,0.9388333333333334,0.003409224223524,-0.000832598926155,0.161273334323827,,,0.9293365453177946,22.9375,0.0,,20224.0,-0.2098149293910838,0.4375,16,,,202210.0,
Market,wf2022,2022,raw,turn,retained,month,22,79.4090909090909,40.27272727272727,0.8699714866492386,0.0042968333856161,0.0015757143593302,0.1734899732879847,,,0.9429745181915848,39.13636363636363,0.0,,20224.0,0.3970800185512137,0.6363636363636364,22,,,202211.0,
Market,wf2022,2022,raw,turn,retained,month,22,88.22727272727273,75.4090909090909,0.9058940201159532,0.0018514919560877,0.0030794316586549,0.1919847316795395,,,0.9397374166450791,12.818181818181818,0.0,,20224.0,0.7760167779810387,0.6818181818181818,22,,,202212.0,
Market,wf2022,2022,raw,return,entered,quarter,57,358.70175438596493,358.70175438596493,1.0,-0.0003233651251839,0.0014965942765885,0.8701728645024916,-3.3192383928603004e-05,0.0015061861960892,0.9072396256132856,0.0,0.0,202202.08771929823,,0.3771417577003263,0.6140350877192983,58,-0.0082202655646629,0.373014802079758,,20221.0
Market,wf2022,2022,raw,return,entered,quarter,59,340.77966101694915,340.77966101694915,1.0,0.0022875679693871,0.0021757961939011,0.822818454517176,0.0021297840985359,0.0016070756313474,0.9121297558219272,0.0,0.0,202205.0338983051,,0.5483006408630999,0.6779661016949152,59,0.5367055928310632,0.4049830590995693,,20222.0
Market,wf2022,2022,raw,return,entered,quarter,65,357.83076923076925,357.83076923076925,1.0,-0.0008108570331833,0.0009599418104753,0.8499596572201741,-0.0006295270276048,0.0008432391829729,0.9201464614834896,0.0,0.0,202208.0,,0.2419053362397953,0.6,65,-0.1586408109564315,0.2124962741091806,,20223.0
Market,wf2022,2022,raw,return,entered,quarter,60,353.6,353.6,1.0,0.0040357813535854,0.0023571294283074,0.8384166063341711,0.0032661665657307,0.0019681749897765,0.9175731208560056,0.0,0.0,202211.1,,0.5939966159334732,0.7666666666666667,60,0.8230739745641487,0.4959800974236899,,20224.0
Market,wf2022,2022,raw,return,initial,quarter,1,405.0,405.0,1.0,-0.0074301210212157,0.0069686348978735,1.0,-0.0074301210212157,0.0069686348978735,0.9325081640780564,0.0,1.0,202201.0,,1.756095994264132,1.0,58,-0.032282594781834,0.030277517142485,,20221.0
Market,wf2022,2022,raw,return,retained,quarter,57,53.56140350877193,53.56140350877193,1.0,-6.832227509837037e-05,0.0009249159343142,0.1298271354975082,-0.0004151213538946,-0.0001345405321399,0.9160139757633234,0.0,0.0,202202.08771929823,,0.2330788154471797,0.4615384615384615,58,-0.1028069504714253,-0.0333196586837552,,20221.0
Market,wf2022,2022,raw,return,retained,quarter,59,73.33898305084746,73.33898305084746,1.0,0.0021959608829164,0.002374391669711,0.177181545482824,3.067907223718338e-05,0.0004416157639397,0.9163014290387392,0.0,0.0,202205.0338983051,,0.5983467007671853,0.603448275862069,59,0.0077311262037702,0.1112871725128083,,20222.0
Market,wf2022,2022,raw,return,retained,quarter,65,63.261538461538464,63.261538461538464,1.0,0.0002789380314893,0.0020497368751481,0.1500403427798258,-6.77939895920323e-05,0.0002302386434889,0.923198343060148,0.0,0.0,202208.0,,0.5165336925373242,0.5846153846153846,65,-0.0170840853771921,0.0580201381592065,,20223.0
Market,wf2022,2022,raw,return,retained,quarter,60,68.15,68.15,1.0,0.0035828301719848,0.0019041782467069,0.1615833936658286,0.0007540005282696,0.0003733401789458,0.923360022791504,0.0,0.0,202211.1,,0.4798529181701391,0.6,60,0.1900081331239612,0.0940817250943657,,20224.0
Market,wf2022,2022,raw,turn,entered,quarter,57,353.12280701754383,256.70175438596493,0.6924869192576941,0.0018265680862204,0.0036642927132088,0.7724637046064059,,,0.9345427584201658,96.36842105263158,0.0,202202.08771929823,,0.923401763728622,0.5925925925925926,58,,,,20221.0
Market,wf2022,2022,raw,turn,entered,quarter,59,337.5762711864407,269.33898305084745,0.8325577437535303,0.0026147120962176,0.0022884744442436,0.7414340989793052,,,0.9272589106031917,68.01694915254237,0.0,202205.0338983051,,0.5766955599494122,0.6724137931034483,59,,,,20222.0
Market,wf2022,2022,raw,turn,entered,quarter,65,378.4923076923077,299.15384615384613,0.8153796969715585,-0.0008662094335153,0.0009045894101433,0.8268473549806076,,,0.937239128482842,79.27692307692308,0.0,202208.0,,0.2279565313561344,0.6,65,,,,20223.0
Market,wf2022,2022,raw,turn,entered,quarter,60,377.48333333333335,280.21666666666664,0.7705061810071819,0.004364905351668,0.00268625342639,0.8229863856922205,,,0.9372094957983076,97.2,0.0,202211.1,,0.6769358634503024,0.7333333333333333,60,,,,20224.0
Market,wf2022,2022,raw,turn,initial,quarter,1,453.0,452.0,0.9977924944812362,-0.0075214358101431,0.0068773201089461,1.0,,,0.927379714685846,0.0,1.0,202201.0,,1.7330846674544311,1.0,58,,,,20221.0
Market,wf2022,2022,raw,turn,retained,quarter,57,104.0,40.89473684210526,0.7412015583223954,-0.0004317638383706,-0.0001939349371361,0.227536295393594,,,0.940916232522703,63.07017543859649,0.0,202202.08771929823,,-0.0488716041583214,0.4347826086956521,58,,,,20221.0
Market,wf2022,2022,raw,turn,retained,quarter,59,117.57627118644068,68.08474576271186,0.8470680719709949,0.0039314462678534,0.0042692596833613,0.2585659010206947,,,0.9309038259353064,49.42372881355932,0.0,202205.0338983051,,1.075853440207052,0.5535714285714286,59,,,,20222.0
Market,wf2022,2022,raw,turn,retained,quarter,65,79.33846153846154,53.47692307692308,0.9243972354375768,-3.412114711620831e-05,0.0017366776965425,0.1731526450193924,,,0.9362715235242705,25.846153846153847,0.0,202208.0,,0.4376427795287264,0.5846153846153846,65,,,,20223.0
Market,wf2022,2022,raw,turn,retained,quarter,60,81.16666666666667,56.0,0.9015062413694592,0.0031635124182311,0.0014848604929531,0.1770136143077794,,,0.938150788191522,25.166666666666668,0.0,202211.1,,0.3741848442242035,0.6,60,,,,20224.0
Market,wf2022,2022,band,return,entered,year,241,42.31120331950208,42.31120331950208,1.0,0.0030730284225703,0.0028841906978042,0.1007509370568015,0.0002925700881892,0.0002256959234676,0.9688992827917092,0.0,0.0,202206.64730290457,20222.53112033195,0.7268160558466763,0.588495575221239,242,0.0734230024624345,0.0566403505125534,,
Market,wf2022,2022,band,return,initial,year,1,405.0,405.0,1.0,-0.0074301210212157,0.0069686348978735,1.0,-0.0074301210212157,0.0069686348978735,0.9325081640780564,0.0,1.0,202201.0,20221.0,1.756095994264132,1.0,242,-0.0077371508154808,0.0072565950176203,,
Market,wf2022,2022,band,return,retained,year,241,375.149377593361,375.149377593361,1.0,9.508630367989616e-06,0.000472271951814,0.8992490629431985,-7.485151464698232e-05,0.0004547859715206,0.5226333477695073,0.0,0.0,202206.64730290457,20222.53112033195,0.1190125318571477,0.5601659751037344,242,-0.0187846371385972,0.1141324860429526,,
Market,wf2022,2022,band,turn,entered,year,241,3.195020746887967,2.6182572614107884,0.8819568452380953,0.0056507768710121,0.0060724185353886,0.0069935940928431,,,0.9813912885980258,0.5767634854771784,0.0,202206.64730290457,20222.53112033195,1.5302494709179322,0.5523255813953488,242,,,,
Market,wf2022,2022,band,turn,initial,year,1,453.0,452.0,0.9977924944812362,-0.0075214358101431,0.0068773201089461,1.0,,,0.927379714685846,0.0,1.0,202201.0,20221.0,1.7330846674544311,1.0,242,,,,
Market,wf2022,2022,band,turn,retained,year,241,454.0165975103735,383.8215767634855,0.8456539222422472,-0.0001002592646518,0.0003625040567942,0.9930064059071568,,,0.512037137084415,70.0954356846473,0.0,202206.64730290457,20222.53112033195,0.0913510223121574,0.5352697095435685,242,,,,
Market,wf2022,2022,band,return,entered,month,18,2.4444444444444446,2.4444444444444446,1.0,0.0006623736147179,0.0067547331827962,0.0059310366774362,-7.163327059723318e-06,-1.214759423443958e-05,0.9884841269841268,0.0,0.0,,20221.0,1.7021927620646546,0.3846153846153846,19,-0.0017101500812055,-0.0029000782867062,202201.0,
Market,wf2022,2022,band,return,entered,month,16,4.875,4.875,1.0,0.0076483667173138,0.0038788266965779,0.0118059883877697,0.0001297650635195,6.932920041526503e-05,0.98657767143251,0.0,0.0,,20221.0,0.9774643275376343,0.6923076923076923,16,0.0327007960069165,0.0174709585046467,202202.0,
Market,wf2022,2022,band,return,entered,month,23,3.608695652173913,3.608695652173913,1.0,0.0079704291087841,0.0098669069993485,0.0087389618765044,-4.41871483725541e-06,1.78459197180234e-05,0.9858675182580108,0.0,0.0,,20221.0,2.486460563835832,0.4736842105263157,23,-0.0011135161389883,0.0044971717689418,202203.0,
Market,wf2022,2022,band,return,entered,month,19,4.2631578947368425,4.2631578947368425,1.0,-0.0038122983808612,-0.001659546778972,0.0102914063534934,1.168600189594812e-05,8.509758146839526e-06,0.9877739023924984,0.0,0.0,,20222.0,-0.418205788300955,0.5294117647058824,19,0.0029448724777789,0.0021444590530035,202204.0,
Market,wf2022,2022,band,return,entered,month,19,40.26315789473684,40.26315789473684,1.0,0.0072289332973266,0.0018543947981685,0.0974042371074846,0.0006433655134514,0.0001896450954426,0.9238873626806928,0.0,0.0,,20222.0,0.4673074891384658,0.7222222222222222,19,0.1621281093897554,0.0477905640515538,202205.0,
Market,wf2022,2022,band,return,entered,month,21,62.23809523809524,62.23809523809524,1.0,0.0046803486671296,0.0016734461241905,0.1495273331157566,0.0006985280928902,0.0002442763274363,0.9714533452031032,0.0,0.0,,20222.0,0.4217084232960169,0.6190476190476191,21,0.1760290794083545,0.0615576345139492,202206.0,
Market,wf2022,2022,band,return,entered,month,21,54.523809523809526,54.523809523809526,1.0,0.0027632801465882,0.0014112389114572,0.1300094664758268,0.0003483047416088,0.000194208139292,0.9668011814081964,0.0,0.0,,20223.0,0.3556322056872285,0.5238095238095238,21,0.0877727948854322,0.0489404511015925,202207.0,
Market,wf2022,2022,band,return,entered,month,23,55.34782608695652,55.34782608695652,1.0,-0.0013219775525507,0.0003887410390687,0.1314874007408445,-0.0001790231658788,4.883275992300739e-05,0.9619787782852324,0.0,0.0,,20223.0,0.0979627418453333,0.4782608695652174,23,-0.0451138378014712,0.0123058555005978,202208.0,
Market,wf2022,2022,band,return,entered,month,21,60.04761904761905,60.04761904761905,1.0,-0.0020191261033201,0.0029403149999332,0.1419229292213353,-0.0003080621830524,0.0004033113275331,0.977087003161223,0.0,0.0,,20223.0,0.7409593799831888,0.6666666666666666,21,-0.0776316701292229,0.1016344545383607,202209.0,
Market,wf2022,2022,band,return,entered,month,16,66.1875,66.1875,1.0,0.0063572154098047,0.0021153922601256,0.1570727184967966,0.0009182888274203,0.000337797575646,0.9515796926387136,0.0,0.0,,20224.0,0.5330788495516515,0.5625,16,0.2314087845099267,0.0851249890628144,202210.0,
Market,wf2022,2022,band,return,entered,month,22,70.0,70.0,1.0,0.0062130309274364,0.0034919119011505,0.166226489644223,0.0010180456326558,0.0005678448451294,0.96554839498264,0.0,0.0,,20224.0,0.8799617990899321,0.6818181818181818,22,0.2565474994292706,0.1430969009726107,202211.0,
Market,wf2022,2022,band,return,entered,month,22,70.95454545454545,70.95454545454545,1.0,0.0021728963213721,0.0034008360239392,0.1678680553245655,0.0003514302614412,0.0005740225323936,0.9693999553664576,0.0,0.0,,20224.0,0.8570106780327006,0.6818181818181818,22,0.0885604258831911,0.1446536781632085,202212.0,
Market,wf2022,2022,band,return,initial,month,1,405.0,405.0,1.0,-0.0074301210212157,0.0069686348978735,1.0,-0.0074301210212157,0.0069686348978735,0.9325081640780564,0.0,1.0,,20221.0,1.756095994264132,1.0,19,-0.0985468682813881,0.0924261049612701,202201.0,
Market,wf2022,2022,band,return,retained,month,18,408.6666666666667,408.6666666666667,1.0,-0.0030118827314329,0.0014005807385365,0.9940689633225636,-0.0030153256937191,0.0014021220434251,0.5743365077494944,0.0,0.0,,20221.0,0.3529463461112229,0.6111111111111112,19,-0.7198693340373677,0.3347381888934948,202201.0,
Market,wf2022,2022,band,return,retained,month,16,407.0625,407.0625,1.0,0.0027455325598181,0.0003071947629189,0.9881940116122304,0.0026853360994993,0.0003074341657043,0.5527060204798719,0.0,0.0,,20221.0,0.0774130802555629,0.5,16,0.6767046970738283,0.0774734097574918,202202.0,
Market,wf2022,2022,band,return,retained,month,23,409.7826086956522,409.7826086956522,1.0,-0.0016375800714835,0.0011157568064282,0.9912610381234956,-0.0016211752168968,0.0011098970264596,0.5309364704805867,0.0,0.0,,20221.0,0.2811707152199228,0.7391304347826086,23,-0.4085361546580143,0.2796940506678428,202203.0,
Market,wf2022,2022,band,return,retained,month,19,409.6315789473685,409.6315789473685,1.0,-0.0056798634704756,0.0017393398227916,0.9897085936465064,-0.0056973453528064,0.0017250341842099,0.548526150468619,0.0,0.0,,20222.0,0.4383136353434916,0.7894736842105263,19,-1.435731028907222,0.4347086144209113,202204.0,
Market,wf2022,2022,band,return,retained,month,19,371.7894736842105,371.7894736842105,1.0,0.004963684972508,0.0005208195028223,0.9025957628925152,0.0044545785077195,0.0004654334560426,0.5085818238999736,0.0,0.0,,20222.0,0.1312465147112394,0.5789473684210527,19,1.122553783945322,0.117289230922743,202205.0,
Market,wf2022,2022,band,return,retained,month,21,353.95238095238096,353.95238095238096,1.0,0.0035419983781675,0.0005350958352284,0.8504726668842434,0.0030081816028743,0.0004555308253891,0.5404534574562415,0.0,0.0,,20222.0,0.134844150477559,0.6190476190476191,21,0.758061763924327,0.1147937679980724,202206.0,
Market,wf2022,2022,band,return,retained,month,21,364.8095238095238,364.8095238095238,1.0,0.0005906697318147,-0.0007613715033161,0.8699905335241732,0.0005299992299655,-0.0006679454028486,0.5285343364633944,0.0,0.0,,20223.0,-0.1918656188356802,0.3809523809523809,21,0.1335598059513198,-0.1683222415178501,202207.0,
Market,wf2022,2022,band,return,retained,month,23,365.5217391304348,365.5217391304348,1.0,-0.001579072000187,0.0001316465914324,0.8685125992591555,-0.001371762387143,0.0001111002786746,0.4945532567495182,0.0,0.0,,20223.0,0.0331749410409809,0.4347826086956521,23,-0.3456841215600368,0.0279972702260109,202208.0,
Market,wf2022,2022,band,return,retained,month,21,363.04761904761904,363.04761904761904,1.0,-0.0043082711345877,0.0006511699686656,0.8580770707786647,-0.0036939381745705,0.0005541294180972,0.5101077281111701,0.0,0.0,,20223.0,0.1640948321037464,0.5714285714285714,21,-0.9308724199917704,0.1396406133605135,202209.0,
Market,wf2022,2022,band,return,retained,month,16,355.1875,355.1875,1.0,0.0046171693144915,0.0003753461648124,0.8429272815032033,0.0039725741423374,0.0003112422444325,0.4895587906697095,0.0,0.0,,20224.0,0.0945872335327304,0.5,16,1.001088683869028,0.0784330455969946,202210.0,
Market,wf2022,2022,band,return,retained,month,22,351.09090909090907,351.09090909090907,1.0,0.0026603515134545,-6.076751283142541e-05,0.8337735103557766,0.0022202518222442,-5.066641651526931e-05,0.4950296149659898,0.0,0.0,,20224.0,-0.0153134132335192,0.4545454545454545,22,0.559503459205553,-0.0127679369618478,202211.0,
Market,wf2022,2022,band,return,retained,month,22,351.72727272727275,351.72727272727275,1.0,-0.0012976109806341,-6.967127806700898e-05,0.8321319446754344,-0.0010642916989012,-5.894426728652681e-05,0.5098804528805778,0.0,0.0,,20224.0,-0.0175571620728862,0.5454545454545454,22,-0.2682015081231157,-0.0148539553562047,202212.0,
Market,wf2022,2022,band,turn,entered,month,18,3.2777777777777777,2.4444444444444446,0.8222222222222222,0.0006623736147179,0.0067547331827962,0.0071425760148454,,,0.98014144051886,0.8333333333333334,0.0,,20221.0,1.7021927620646546,0.3846153846153846,19,,,202201.0,
Market,wf2022,2022,band,turn,entered,month,16,5.1875,4.875,0.9285714285714286,0.0076483667173138,0.0038788266965779,0.0113374024495918,,,0.9825748116450882,0.3125,0.0,,20221.0,0.9774643275376343,0.6923076923076923,16,,,202202.0,
Market,wf2022,2022,band,turn,entered,month,23,3.739130434782609,3.608695652173913,0.9605263157894736,0.0079704291087841,0.0098669069993485,0.0081968565218224,,,0.9838938340474844,0.1304347826086956,0.0,,20221.0,2.486460563835832,0.4736842105263157,23,,,202203.0,
Market,wf2022,2022,band,turn,entered,month,19,4.2631578947368425,4.2631578947368425,1.0,-0.0038122983808612,-0.001659546778972,0.0093394287437752,,,0.9877739023924984,0.0,0.0,,20222.0,-0.418205788300955,0.5294117647058824,19,,,202204.0,
Market,wf2022,2022,band,turn,entered,month,19,6.2105263157894735,1.4210526315789471,0.3888888888888889,0.0167377309921039,0.0118387815964721,0.0137094362363168,,,0.9519108920748702,4.789473684210527,0.0,,20222.0,2.98337296231098,0.7142857142857143,19,,,202205.0,
Market,wf2022,2022,band,turn,entered,month,21,3.952380952380953,3.7142857142857135,0.962406015037594,0.0126489660503721,0.0094553743882534,0.0086663092350599,,,0.9819143018837416,0.238095238095238,0.0,,20222.0,2.3827543458398805,0.631578947368421,21,,,202206.0,
Market,wf2022,2022,band,turn,entered,month,21,2.857142857142857,2.8095238095238093,0.9411764705882352,0.0232440755444541,0.0227378279884324,0.0062488363438827,,,0.9829893527303396,0.0476190476190476,0.0,,20223.0,5.729932653084979,0.625,21,,,202207.0,
Market,wf2022,2022,band,turn,entered,month,23,2.1739130434782608,1.8695652173913044,0.925,-0.0002808216331591,-0.0006490087134785,0.0047437145483316,,,0.9845306899641576,0.3043478260869565,0.0,,20223.0,-0.1635501957965999,0.6,23,,,202208.0,
Market,wf2022,2022,band,turn,entered,month,21,1.5238095238095235,1.4761904761904765,0.9230769230769232,0.0040451573962223,0.0136003705334375,0.0033119890420451,,,0.9880397022332508,0.0476190476190476,0.0,,20223.0,3.42729337442626,0.5833333333333334,21,,,202209.0,
Market,wf2022,2022,band,turn,entered,month,16,2.375,2.0,0.8333333333333334,0.0065413942961076,0.0065042217196902,0.0051791446767647,,,0.9818279569892474,0.375,0.0,,20224.0,1.6390638733619525,0.6,16,,,202210.0,
Market,wf2022,2022,band,turn,entered,month,22,2.363636363636364,2.1818181818181817,0.9375,0.0161027617813021,0.0124602858909103,0.0051541130111226,,,0.9857457117255504,0.1818181818181818,0.0,,20224.0,3.1399920445093987,0.6,22,,,202211.0,
Market,wf2022,2022,band,turn,entered,month,22,1.2727272727272727,1.2272727272727273,0.9791666666666666,-0.0189637311028459,-0.0177989926072993,0.0027683259802518,,,0.9893974014336918,0.0454545454545454,0.0,,20224.0,-4.485346137039429,0.3125,22,,,202212.0,
Market,wf2022,2022,band,turn,initial,month,1,453.0,452.0,0.9977924944812362,-0.0075214358101431,0.0068773201089461,1.0,,,0.927379714685846,0.0,1.0,,20221.0,1.7330846674544311,1.0,19,,,202201.0,
Market,wf2022,2022,band,turn,retained,month,18,454.6666666666667,444.3888888888889,0.9774302003592304,-0.0034711114882678,0.0009413519817017,0.9928574239851544,,,0.5322082171585578,10.22222222222222,0.0,,20221.0,0.2372206993888314,0.6111111111111112,19,,,202201.0,
Market,wf2022,2022,band,turn,retained,month,16,451.625,433.25,0.9593251182794824,0.0027304141337549,0.0002920763368556,0.9886625975504082,,,0.5315525132404256,18.25,0.0,,20221.0,0.0736032368876359,0.4375,16,,,202202.0,
Market,wf2022,2022,band,turn,retained,month,23,452.9565217391304,433.9565217391304,0.9580646473289802,-0.0019418256032807,0.0008115112746311,0.9918031434781776,,,0.5079154925519488,19.0,0.0,,20221.0,0.2045008412070457,0.6521739130434783,23,,,202203.0,
Market,wf2022,2022,band,turn,retained,month,19,451.8421052631579,434.2105263157895,0.9609516039514504,-0.0062472335708462,0.001171969722421,0.9906605712562248,,,0.5175598664225822,17.263157894736842,0.0,,20222.0,0.2953363700501049,0.631578947368421,19,,,202204.0,
Market,wf2022,2022,band,turn,retained,month,19,447.42105263157896,372.05263157894734,0.8321614252020049,0.0049548233345418,0.0005119578648561,0.9862905637636832,,,0.5238058466843206,75.15789473684211,0.0,,20222.0,0.129013381943753,0.5789473684210527,19,,,202205.0,
Market,wf2022,2022,band,turn,retained,month,21,451.7142857142857,353.95238095238096,0.783586999651955,0.0035419983781675,0.0005350958352284,0.99133369076494,,,0.504041102697455,97.57142857142856,0.0,,20222.0,0.134844150477559,0.6190476190476191,21,,,202206.0,
Market,wf2022,2022,band,turn,retained,month,21,453.4761904761905,364.8095238095238,0.8044727605691286,0.0005906697318147,-0.0007613715033161,0.9937511636561172,,,0.5137515242118382,88.61904761904762,0.0,,20223.0,-0.1918656188356802,0.3809523809523809,21,,,202207.0,
Market,wf2022,2022,band,turn,retained,month,23,455.2173913043478,365.5217391304348,0.8029720022220826,-0.001579072000187,0.0001316465914324,0.9952562854516684,,,0.5226995424655605,89.65217391304348,0.0,,20223.0,0.0331749410409809,0.4347826086956521,23,,,202208.0,
Market,wf2022,2022,band,turn,retained,month,21,458.2857142857143,363.04761904761904,0.7921831070759942,-0.0043082711345877,0.0006511699686656,0.9966880109579548,,,0.4800599235669746,95.1904761904762,0.0,,20223.0,0.1640948321037464,0.5714285714285714,21,,,202209.0,
Market,wf2022,2022,band,turn,retained,month,16,455.875,355.1875,0.7791193737197191,0.0046171693144915,0.0003753461648124,0.9948208553232352,,,0.4973650413523289,100.6875,0.0,,20224.0,0.0945872335327304,0.5,16,,,202210.0,
Market,wf2022,2022,band,turn,retained,month,22,455.54545454545456,351.09090909090907,0.7707065415323716,0.0026603515134545,-6.076751283142541e-05,0.9948458869888772,,,0.5085296945212786,104.4090909090909,0.0,,20224.0,-0.0153134132335192,0.4545454545454545,22,,,202211.0,
Market,wf2022,2022,band,turn,retained,month,22,458.4090909090909,351.72727272727275,0.7672775073357863,-0.0012976109806341,-6.967127806700898e-05,0.997231674019748,,,0.5102668209591942,106.5909090909091,0.0,,20224.0,-0.0175571620728862,0.5454545454545454,22,,,202212.0,
Market,wf2022,2022,band,return,entered,quarter,57,3.5964912280701755,3.5964912280701755,1.0,0.0057661728307403,0.0072379446982108,0.0087131683782065,3.238018750842573e-05,2.28257309462959e-05,0.9868285828070774,0.0,0.0,202202.08771929823,,1.8239620639491236,0.5111111111111111,58,0.0080191209201901,0.0056529103329757,,20221.0
Market,wf2022,2022,band,return,entered,quarter,59,36.49152542372882,36.49152542372882,1.0,0.0029214115872671,0.0007198067809376,0.0879032410371097,0.0004595774363101,0.0001507583914298,0.9611187342533946,0.0,0.0,202205.0338983051,,0.1813913087962947,0.625,59,0.1158135139501457,0.0379911146403309,,20222.0
Market,wf2022,2022,band,return,entered,quarter,65,56.6,56.6,1.0,-0.0002273576738467,0.001543441169812,0.1343813927181512,-5.034521670045443e-05,0.0002103240351009,0.9684179042541252,0.0,0.0,202208.0,,0.3889471747926374,0.5538461538461539,65,-0.0126869946085145,0.0530016568454272,,20223.0
Market,wf2022,2022,band,return,entered,quarter,60,69.33333333333333,69.33333333333333,1.0,0.0047700974338444,0.0030914455085664,0.1643873914210349,0.0007470181818143,0.0005087640585974,0.963235646498326,0.0,0.0,202211.1,,0.779044268158739,0.65,60,0.1882485818172164,0.1282085427665509,,20224.0
Market,wf2022,2022,band,return,initial,quarter,1,405.0,405.0,1.0,-0.0074301210212157,0.0069686348978735,1.0,-0.0074301210212157,0.0069686348978735,0.9325081640780564,0.0,1.0,202201.0,,1.756095994264132,1.0,58,-0.032282594781834,0.030277517142485,,20221.0
Market,wf2022,2022,band,return,retained,quarter,57,408.6666666666667,408.6666666666667,1.0,-0.0008412229798741,0.0009787364218984,0.9912868316217934,-0.0008525879804137,0.0009769258779209,0.5507524962846027,0.0,0.0,202202.08771929823,,0.2466415783184077,0.631578947368421,58,-0.2111478232872942,0.2419407467320112,,20221.0
Market,wf2022,2022,band,return,retained,quarter,59,377.6271186440678,377.6271186440678,1.0,0.0010300775335615,0.0009183057580756,0.9120967589628904,0.0006704956543001,0.0008675429236944,0.5327893918573614,0.0,0.0,202205.0338983051,,0.2314130510350615,0.6610169491525424,59,0.16896490488364,0.2186208167709992,,20222.0
Market,wf2022,2022,band,return,retained,quarter,65,364.4923076923077,364.4923076923077,1.0,-0.0017598197763466,1.0979067312084884e-05,0.8656186072818488,-0.0015075885037075,2.54108814982793e-06,0.5105570501739195,0.0,0.0,202208.0,,0.0027667249626453,0.4615384615384615,65,-0.3799123029343125,0.0006403542137566,,20223.0
Market,wf2022,2022,band,return,retained,quarter,60,352.4166666666667,352.4166666666667,1.0,0.0017309166792318,5.2264753953886695e-05,0.8356126085789649,0.001483205149849,4.280734778801299e-05,0.4990160357223306,0.0,0.0,202211.1,,0.0131707179963794,0.5,60,0.3737676977619679,0.0107874516425792,,20224.0
Market,wf2022,2022,band,turn,entered,quarter,57,4.0,3.5964912280701755,0.907986111111111,0.0057661728307403,0.0072379446982108,0.0087454825870632,,,0.9823364962024236,0.4035087719298245,0.0,202202.08771929823,,1.8239620639491236,0.5111111111111111,58,,,,20221.0
Market,wf2022,2022,band,turn,entered,quarter,59,4.779661016949152,3.152542372881356,0.783068783068783,0.0068066371959803,0.0054490997513859,0.0105071343823391,,,0.9737578543298376,1.6271186440677967,0.0,202205.0338983051,,1.373173137349264,0.6046511627906976,59,,,,20222.0
Market,wf2022,2022,band,turn,entered,quarter,65,2.1846153846153844,2.046153846153846,0.9304347826086956,0.0096798784411289,0.0120296410119532,0.0047674271956325,,,0.9849527427146644,0.1384615384615384,0.0,202208.0,,3.0314695350122265,0.6046511627906976,65,,,,20223.0
Market,wf2022,2022,band,turn,entered,quarter,60,1.9666666666666663,1.7833333333333334,0.9242424242424242,8.623590329449006e-05,-0.0008009116135666,0.0042859995439745,,,0.986005120327701,0.1833333333333333,0.0,202211.1,,-0.2018297266187886,0.4878048780487805,60,,,,20224.0
Market,wf2022,2022,band,turn,initial,quarter,1,453.0,452.0,0.9977924944812362,-0.0075214358101431,0.0068773201089461,1.0,,,0.927379714685846,0.0,1.0,202201.0,,1.7330846674544311,1.0,58,,,,20221.0
Market,wf2022,2022,band,turn,retained,quarter,57,453.12280701754383,437.05263157894734,0.9645339015351652,-0.0011132520969157,0.0007067073048568,0.9912545174129368,,,0.5222218324455381,16.017543859649123,0.0,202202.08771929823,,0.1780902408239157,0.5789473684210527,58,,,,20221.0
Market,wf2022,2022,band,turn,retained,quarter,59,450.3728813559322,385.6271186440678,0.8563470262136729,0.0008445113805378,0.0007327396050519,0.9894928656176608,,,0.5147595204352153,64.49152542372882,0.0,202205.0338983051,,0.1846503804730854,0.6101694915254238,59,,,,20222.0
Market,wf2022,2022,band,turn,retained,quarter,65,455.6461538461538,364.4923076923077,0.7999712195639304,-0.0017598197763466,1.0979067312084884e-05,0.9952325728043674,,,0.5060327673855841,91.1076923076923,0.0,202208.0,,0.0027667249626453,0.4615384615384615,65,,,,20223.0
Market,wf2022,2022,band,turn,retained,quarter,60,456.6833333333333,352.4166666666667,0.7716926509102495,0.0017309166792318,5.2264753953886695e-05,0.9957140004560254,,,0.5061894000367944,104.21666666666668,0.0,202211.1,,0.0131707179963794,0.5,60,,,,20224.0
T033,wf2022,2022,raw,return,entered,year,241,318.9377593360996,318.9377593360996,1.0,0.0014682928557973,0.0019310561772434,0.7638723087107083,0.001203209335073,0.0014748276964175,0.9393620455859014,0.0,0.0,202206.64730290457,20222.53112033195,0.4866261566653466,0.6721991701244814,242,0.3019558237093245,0.3701208085075697,,
T033,wf2022,2022,raw,return,initial,year,1,405.0,405.0,1.0,-0.0085799799363753,0.0058187759827139,1.0,-0.0085799799363753,0.0058187759827139,0.9327051639453072,0.0,1.0,202201.0,20221.0,1.4663315476439256,1.0,242,-0.0089345245618453,0.0060592212712558,,
T033,wf2022,2022,raw,return,retained,year,241,98.52282157676348,98.52282157676348,1.0,0.001531260618456,0.0019940239399021,0.2361276912892917,0.0002434577322539,0.0004346026923555,0.9456048153602896,0.0,0.0,202206.64730290457,20222.53112033195,0.5024940328553514,0.6182572614107884,242,0.0610978305588764,0.1090673169923002,,
T033,wf2022,2022,raw,turn,entered,year,241,351.71784232365144,351.51452282157675,0.9993922974536376,0.0014588747042115,0.0019216380256576,0.7692550878225929,,,0.9348837778506632,0.0663900414937759,0.0,202206.64730290457,20222.53112033195,0.4842527824657316,0.6680497925311203,242,,,,
T033,wf2022,2022,raw,turn,initial,year,1,453.0,453.0,1.0,-0.0081547927414569,0.0062439631776324,1.0,,,0.927496498848774,0.0,1.0,202201.0,20221.0,1.5734787207633651,1.0,242,,,,
T033,wf2022,2022,raw,turn,retained,year,241,105.49377593360995,105.48132780082987,0.9998990479165936,0.0014424585977886,0.0019052219192347,0.2307449121774072,,,0.941941571132816,0.0,0.0,202206.64730290457,20222.53112033195,0.4801159236471521,0.6224066390041494,242,,,,
T033,wf2022,2022,raw,return,entered,month,18,318.8888888888889,318.8888888888889,1.0,-0.0014720466024315,0.002940416867538,0.7756221127889675,-0.0009066263657215,0.0023361114014352,0.941313871287608,0.0,0.0,,20221.0,0.7409850506195763,0.8333333333333334,19,-0.216445115521728,0.5577158587847587,202201.0,
T033,wf2022,2022,raw,return,entered,month,16,307.3125,307.3125,1.0,0.0043234529642492,0.0018851151673499,0.7460047478906017,0.0034508934537496,0.0014308413003409,0.937855720906066,0.0,0.0,,20221.0,0.4750490221721958,0.875,16,0.8696251503449133,0.3605720076859219,202202.0,
T033,wf2022,2022,raw,return,entered,month,23,309.4347826086956,309.4347826086956,1.0,-0.0021626842701498,0.0005906526077619,0.7486223140084973,-0.00123207817249,0.0003858152407757,0.9390008936122748,0.0,0.0,,20221.0,0.1488444571560176,0.5217391304347826,23,-0.3104836994674913,0.097225440675484,202203.0,
T033,wf2022,2022,raw,return,entered,month,19,301.8421052631579,301.8421052631579,1.0,-0.0052397497020399,0.0021794535912273,0.7295286753216987,-0.0023391147905332,0.0019658546109748,0.9404614517311812,0.0,0.0,,20222.0,0.5492223049892918,0.631578947368421,19,-0.5894569272143665,0.4953953619656533,202204.0,
T033,wf2022,2022,raw,return,entered,month,19,293.94736842105266,293.94736842105266,1.0,0.0068981274778665,0.0024552620081809,0.7130771940536175,0.0046781144866031,0.0016770958286962,0.9323606566106568,0.0,0.0,,20222.0,0.6187260260615974,0.6842105263157895,19,1.1788848506239855,0.422628148831462,202205.0,
T033,wf2022,2022,raw,return,entered,month,21,323.4761904761905,323.4761904761905,1.0,0.0047978058662325,0.0017909033232934,0.7771707388762447,0.0036462679172788,0.0013540455312145,0.9363493789092444,0.0,0.0,,20222.0,0.4513076374699385,0.7142857142857143,21,0.9188595151542646,0.3412194738660649,202206.0,
T033,wf2022,2022,raw,return,entered,month,21,320.57142857142856,320.57142857142856,1.0,0.0035370405464005,0.0021849993112695,0.764554059742451,0.0028348306302391,0.0016902750721554,0.936834988209503,0.0,0.0,,20223.0,0.5506198264399279,0.7142857142857143,21,0.7143773188202656,0.4259493181831855,202207.0,
T033,wf2022,2022,raw,return,entered,month,23,326.0,326.0,1.0,-0.0013356707098423,0.0003750478817771,0.7746271069601807,-0.0013676355341307,0.0002208678150715,0.939356355369552,0.0,0.0,,20223.0,0.0945120662078455,0.5217391304347826,23,-0.3446441546009477,0.0556586893980265,202208.0,
T033,wf2022,2022,raw,return,entered,month,21,319.4761904761905,319.4761904761905,1.0,-0.0037169689925712,0.0012424721106821,0.7551993625435582,-0.0030648060416523,0.0008656621503776,0.9433540926970682,0.0,0.0,,20223.0,0.3131029718919101,0.5714285714285714,21,-0.7723311224963932,0.2181468618951676,202209.0,
T033,wf2022,2022,raw,return,entered,month,16,331.875,331.875,1.0,0.0080508075538134,0.0038089844041343,0.7875319254062586,0.0057546979747767,0.0029368328196763,0.941601423897245,0.0,0.0,,20224.0,0.9598640698418446,0.875,16,1.4501838896437511,0.7400818705584443,202210.0,
T033,wf2022,2022,raw,return,entered,month,22,338.95454545454544,338.95454545454544,1.0,0.0043611621426898,0.0016400431164038,0.8051024766169887,0.0034622812351796,0.001235076014978,0.9403234239840014,0.0,0.0,,20224.0,0.413290865333777,0.5909090909090909,22,0.8724948712652659,0.3112391557744665,202211.0,
T033,wf2022,2022,raw,return,entered,month,22,330.5,330.5,1.0,0.0017454201200257,0.0029733598225929,0.7819787057244472,0.0012019705776813,0.0023204365860939,0.9432286007870548,0.0,0.0,,20224.0,0.7492866752934264,0.6818181818181818,22,0.3028965855756972,0.5847500196956633,202212.0,
T033,wf2022,2022,raw,return,initial,month,1,405.0,405.0,1.0,-0.0085799799363753,0.0058187759827139,1.0,-0.0085799799363753,0.0058187759827139,0.9327051639453072,0.0,1.0,,20221.0,1.4663315476439256,1.0,19,-0.1137976286298201,0.0771753446128381,202201.0,
T033,wf2022,2022,raw,return,retained,month,18,92.22222222222224,92.22222222222224,1.0,-0.0035305596697553,0.0008819038002142,0.2243778872110325,-0.0009995084020231,0.0001702173007896,0.9476638394107962,0.0,0.0,,20221.0,0.2222397576539792,0.5,19,-0.2386194795566822,0.0406371408621929,202201.0,
T033,wf2022,2022,raw,return,retained,month,16,104.625,104.625,1.0,0.0048441863813507,0.0024058485844515,0.2539952521093983,0.0010153751916437,0.0005970895481531,0.9472302207444152,0.0,0.0,,20221.0,0.6062738432817933,0.5625,16,0.2558745482942143,0.1504665661345993,202202.0,
T033,wf2022,2022,raw,return,retained,month,23,103.95652173913044,103.95652173913044,1.0,-0.0012264413852457,0.0015268954926661,0.2513776859915025,-0.0007160371440683,0.0004194063205777,0.9446775262980658,0.0,0.0,,20221.0,0.3847776641518585,0.6086956521739131,23,-0.1804413603052172,0.1056903927855946,202203.0,
T033,wf2022,2022,raw,return,retained,month,19,112.05263157894736,112.05263157894736,1.0,-0.007243437300312,0.0001757659929552,0.2704713246783012,-0.003563714022951,-0.0004494801311917,0.9456617056297136,0.0,0.0,,20222.0,0.0442930302247303,0.4210526315789473,19,-0.8980559337836683,-0.1132689930603304,202204.0,
T033,wf2022,2022,raw,return,retained,month,19,118.10526315789474,118.10526315789474,1.0,0.0062766070281444,0.0018337415584588,0.2869228059463827,0.0019148539171915,0.0004730071054127,0.9407638085850016,0.0,0.0,,20222.0,0.4621028727316233,0.7368421052631579,19,0.4825431871322642,0.1191977905640075,202205.0,
T033,wf2022,2022,raw,return,retained,month,21,92.71428571428572,92.71428571428572,1.0,0.0040904523581221,0.001083549815183,0.2228292611237553,0.0008951265270022,0.0001804463701273,0.9422910243775342,0.0,0.0,,20222.0,0.2730545534261291,0.5238095238095238,21,0.2255718848045643,0.0454724852721039,202206.0,
T033,wf2022,2022,raw,return,retained,month,21,98.76190476190476,98.76190476190476,1.0,0.003838745128191,0.00248670389306,0.235445940257549,0.0007274166061371,0.0005199309290897,0.943810797749595,0.0,0.0,,20223.0,0.6266493810511309,0.6666666666666666,21,0.183308984746557,0.1310225941306272,202207.0,
T033,wf2022,2022,raw,return,retained,month,23,94.8695652173913,94.8695652173913,1.0,-0.0006474569949513,0.0010632615966681,0.2253728930398194,7.94742540443266e-05,0.0002016894964615,0.9452270675874462,0.0,0.0,,20223.0,0.2679419223603833,0.5217391304347826,23,0.0200275120191703,0.050825753108313,202208.0,
T033,wf2022,2022,raw,return,retained,month,21,103.61904761904762,103.61904761904762,1.0,-0.0023102089314272,0.0026492321718261,0.2448006374564418,-0.0002783030616725,0.0007506698495508,0.9504681315278312,0.0,0.0,,20223.0,0.6676065073001931,0.6666666666666666,21,-0.070132371541492,0.1891688020868146,202209.0,
T033,wf2022,2022,raw,return,retained,month,16,89.5,89.5,1.0,0.0065559638620954,0.0023141407124162,0.2124680745937413,0.0020900731908224,0.0006661151962437,0.9458332903533168,0.0,0.0,,20224.0,0.5831634595289011,0.75,16,0.5266984440872582,0.1678610294534191,202210.0,
T033,wf2022,2022,raw,return,retained,month,22,82.13636363636364,82.13636363636364,1.0,0.0050742581732535,0.0023531391469676,0.1948975233830112,0.0010133343881273,0.0005194205820429,0.9446880774441136,0.0,0.0,,20224.0,0.5929910650358382,0.6818181818181818,22,0.2553602658080891,0.130893986674828,202211.0,
T033,wf2022,2022,raw,return,retained,month,22,92.1818181818182,92.1818181818182,1.0,0.0037281126209049,0.0049560523234721,0.2180212942755528,0.0010192809559338,0.0011287546500884,0.949218093404578,0.0,0.0,,20224.0,1.248925185514988,0.7727272727272727,22,0.2568588008953227,0.2844461718222849,202212.0,
T033,wf2022,2022,raw,turn,entered,month,18,357.3888888888889,357.3333333333333,0.9998263888888888,-0.0014707916889453,0.0029416717810241,0.780373253736435,,,0.9361351194562768,0.0,0.0,,20221.0,0.7413012888180928,0.8333333333333334,19,,,202201.0,
T033,wf2022,2022,raw,turn,entered,month,16,344.5625,344.4375,0.9996339481717774,0.0042972920852585,0.0018589542883592,0.7543095447643444,,,0.9327893887223928,0.0,0.0,,20221.0,0.4684564806665431,0.875,16,,,202202.0,
T033,wf2022,2022,raw,turn,entered,month,23,344.7391304347826,344.0,0.9976317371268284,-0.0021096267700253,0.0006437101078865,0.7549241586144291,,,0.9339540801685776,0.6956521739130435,0.0,,20221.0,0.1622149471874084,0.4782608695652174,23,,,202203.0,
T033,wf2022,2022,raw,turn,entered,month,19,335.10526315789474,334.7894736842105,0.999085875619556,-0.0051328471408775,0.0022863561523897,0.7349263647130343,,,0.9356603831492218,0.0,0.0,,20222.0,0.576161750402215,0.6842105263157895,19,,,202204.0,
T033,wf2022,2022,raw,turn,entered,month,19,328.1578947368421,327.8421052631579,0.999037621814194,0.0068509323664063,0.0024080668967206,0.7231579053244033,,,0.9275100558321024,0.0,0.0,,20222.0,0.6068328579736112,0.7368421052631579,19,,,202205.0,
T033,wf2022,2022,raw,turn,entered,month,21,356.57142857142856,356.42857142857144,0.999601215299672,0.0047339397242343,0.0017270371812952,0.782507681480741,,,0.9319226928034016,0.0,0.0,,20222.0,0.4352133696864085,0.7142857142857143,21,,,202206.0,
T033,wf2022,2022,raw,turn,entered,month,21,351.7619047619048,351.6190476190476,0.9996005162781176,0.0034967398887421,0.0021446986536111,0.770906889448926,,,0.9326160589441423,0.0,0.0,,20223.0,0.5404640607100017,0.7142857142857143,21,,,202207.0,
T033,wf2022,2022,raw,turn,entered,month,23,357.0434782608696,356.95652173913044,0.9997627340290546,-0.0013228586295697,0.0003878599620498,0.780644631930901,,,0.9351629133367348,0.0,0.0,,20223.0,0.097740710436551,0.4782608695652174,23,,,202208.0,
T033,wf2022,2022,raw,turn,entered,month,21,348.95238095238096,348.7619047619048,0.9994701909450802,-0.0037129889612989,0.0012464521419545,0.7590050416276242,,,0.939324002102821,0.0,0.0,,20223.0,0.3141059397725422,0.5714285714285714,21,,,202209.0,
T033,wf2022,2022,raw,turn,entered,month,16,361.9375,361.8125,0.999635768581081,0.00810592484623,0.0038641016965508,0.7897811039744768,,,0.9375782533356756,0.0,0.0,,20224.0,0.9737536275308144,0.875,16,,,202210.0,
T033,wf2022,2022,raw,turn,entered,month,22,369.6818181818182,369.6363636363636,0.9998855049232884,0.0043904295091499,0.0016693104828639,0.8074597625718796,,,0.9363050167460484,0.0,0.0,,20224.0,0.4206662416817265,0.5454545454545454,22,,,202211.0,
T033,wf2022,2022,raw,turn,entered,month,22,361.27272727272725,361.1818181818182,0.9997428385982604,0.00156609887415,0.0027940385767172,0.7859862393013427,,,0.9391326658331688,0.0,0.0,,20224.0,0.704097721332736,0.6818181818181818,22,,,202212.0,
T033,wf2022,2022,raw,turn,initial,month,1,453.0,453.0,1.0,-0.0081547927414569,0.0062439631776324,1.0,,,0.927496498848774,0.0,1.0,,20221.0,1.5734787207633651,1.0,19,,,202201.0,
T033,wf2022,2022,raw,turn,retained,month,18,100.55555555555556,100.55555555555556,1.0,-0.0039155354944757,0.0004969279754937,0.2196267462635651,,,0.9431607711430516,0.0,0.0,,20221.0,0.1252258498244297,0.4444444444444444,19,,,202201.0,
T033,wf2022,2022,raw,turn,retained,month,16,112.25,112.25,1.0,0.0046115240967184,0.0021731862998192,0.2456904552356556,,,0.9432709082536308,0.0,0.0,,20221.0,0.5476429475544465,0.5625,16,,,202202.0,
T033,wf2022,2022,raw,turn,retained,month,23,111.95652173913044,111.95652173913044,1.0,-0.0014301112942761,0.0013232255836356,0.2450758413855708,,,0.9407960135598245,0.0,0.0,,20221.0,0.3334528470761924,0.5652173913043478,23,,,202203.0,
T033,wf2022,2022,raw,turn,retained,month,19,121.0,121.0,1.0,-0.0072854193828937,0.0001337839103735,0.2650736352869657,,,0.941394128846888,0.0,0.0,,20222.0,0.0337135454141229,0.4736842105263157,19,,,202204.0,
T033,wf2022,2022,raw,turn,retained,month,19,125.47368421052632,125.42105263157896,0.9996213555471412,0.0062806628120105,0.0018377973423248,0.2768420946755967,,,0.9375109002135924,0.0,0.0,,20222.0,0.4631249302658667,0.6842105263157895,19,,,202205.0,
T033,wf2022,2022,raw,turn,retained,month,21,99.0952380952381,99.0952380952381,1.0,0.004043440150684,0.0010365376077449,0.217492318519259,,,0.9386953017160052,0.0,0.0,,20222.0,0.2612074771517262,0.5714285714285714,21,,,202206.0,
T033,wf2022,2022,raw,turn,retained,month,21,104.57142857142856,104.57142857142856,1.0,0.0038367556618187,0.0024847144266877,0.2290931105510741,,,0.9407406873176956,0.0,0.0,,20223.0,0.6261480355253071,0.7142857142857143,21,,,202207.0,
T033,wf2022,2022,raw,turn,retained,month,23,100.34782608695652,100.30434782608695,0.9995169082125605,-0.000565556038864,0.0011451625527555,0.219355368069099,,,0.942193186520938,0.0,0.0,,20223.0,0.2885809632943864,0.5652173913043478,23,,,202208.0,
T033,wf2022,2022,raw,turn,retained,month,21,110.85714285714286,110.85714285714286,1.0,-0.00225159358355,0.0027078475197034,0.2409949583723759,,,0.9467662896539109,0.0,0.0,,20223.0,0.682377574965267,0.7142857142857143,21,,,202209.0,
T033,wf2022,2022,raw,turn,retained,month,16,96.3125,96.3125,1.0,0.0064297052912615,0.0021878821415823,0.2102188960255233,,,0.9419218999772556,0.0,0.0,,20224.0,0.5513462996787567,0.75,16,,,202210.0,
T033,wf2022,2022,raw,turn,retained,month,22,88.22727272727273,88.22727272727273,1.0,0.0050006027961194,0.0022794837698335,0.1925402374281204,,,0.940965370246992,0.0,0.0,,20224.0,0.5744299099980458,0.6363636363636364,22,,,202211.0,
T033,wf2022,2022,raw,turn,retained,month,22,98.4090909090909,98.36363636363636,0.9997261774370207,0.0035558775430143,0.0047838172455815,0.2140137606986575,,,0.9458412126754192,0.0,0.0,,20224.0,1.205521945886557,0.7727272727272727,22,,,202212.0,
T033,wf2022,2022,raw,return,entered,quarter,57,311.8245614035088,311.8245614035088,1.0,-0.0001239180636706,0.0016960413381019,0.756413810853447,0.0001852144335041,0.0012950388871777,0.939409855627304,0.0,0.0,202202.08771929823,,0.4274024172016826,0.7192982456140351,58,0.045869312462991,0.3207230788865741,,20221.0
T033,wf2022,2022,raw,return,entered,quarter,59,307.0,307.0,1.0,0.0022417474734167,0.0021299756979308,0.7411880853310534,0.0020510613642065,0.0016551019408348,0.9363891019591364,0.0,0.0,202205.0338983051,,0.5367538758785695,0.6779661016949152,59,0.5168674637800394,0.4170856890903823,,20222.0
T033,wf2022,2022,raw,return,entered,quarter,65,322.1384615384615,322.1384615384615,1.0,-0.0005307526722455,0.0012400461714132,0.7650960819706207,-0.0005582323219182,0.0009039175603052,0.93983333650058,0.0,0.0,202208.0,,0.3124916351961391,0.6,65,-0.140674545123392,0.2277872251969235,,20223.0
T033,wf2022,2022,raw,return,entered,quarter,60,333.96666666666664,333.96666666666664,1.0,0.0043859621773459,0.0027073102520679,0.7919382803001955,0.0032448117913228,0.0020868433723067,0.9417294554553194,0.0,0.0,202211.1,,0.6822421835211331,0.7,60,0.8176925714133534,0.5258845298212995,,20224.0
T033,wf2022,2022,raw,return,initial,quarter,1,405.0,405.0,1.0,-0.0085799799363753,0.0058187759827139,1.0,-0.0085799799363753,0.0058187759827139,0.9327051639453072,0.0,1.0,202201.0,,1.4663315476439256,1.0,58,-0.0372785335166652,0.0252815784076538,,20221.0
T033,wf2022,2022,raw,return,retained,quarter,57,100.43859649122808,100.43859649122808,1.0,-0.0002500218213094,0.0015699375804631,0.2435861891465529,-0.0003195439032226,0.0003905910448763,0.946337118353693,0.0,0.0,202202.08771929823,,0.3956242702767203,0.5614035087719298,58,-0.0791367004463712,0.0967318925621367,,20221.0
T033,wf2022,2022,raw,return,retained,quarter,59,107.1186440677966,107.1186440677966,1.0,0.001144571599142,0.0010327998236561,0.2588119146689467,-0.0002123844905488,7.180315733683401e-05,0.9428846827458948,0.0,0.0,202205.0338983051,,0.2602655555613463,0.559322033898305,59,-0.0535208916183191,0.0180943956488821,,20222.0
T033,wf2022,2022,raw,return,retained,quarter,65,98.95384615384616,98.95384615384616,1.0,0.0002647346038178,0.0020355334474765,0.2349039180293792,0.0001732198811811,0.0004818688426164,0.9464627702974956,0.0,0.0,202208.0,,0.5129544287641019,0.6153846153846154,65,0.0436514100576504,0.1214309483393458,,20223.0
T033,wf2022,2022,raw,return,retained,quarter,60,87.78333333333333,87.78333333333333,1.0,0.0049757929877502,0.0032971410624722,0.2080617196998045,0.0013026451437084,0.0007819616374465,0.9466544734054048,0.0,0.0,202211.1,,0.83087954774301,0.7333333333333333,60,0.3282665762145197,0.1970543326365199,,20224.0
T033,wf2022,2022,raw,turn,entered,quarter,57,348.6842105263158,348.3333333333333,0.9988868092046578,-0.0001094560131133,0.0017105033886592,0.7627881917827581,,,0.9343158984850624,0.2807017543859649,0.0,202202.08771929823,,0.4310468539421185,0.7017543859649122,58,,,,20221.0
T033,wf2022,2022,raw,turn,entered,quarter,59,340.5084745762712,340.2542372881356,0.999253762246345,0.0022382432795587,0.0021264715040728,0.7480722447763878,,,0.9317053371104506,0.0,0.0,202205.0338983051,,0.5358708190263606,0.711864406779661,59,,,,20222.0
T033,wf2022,2022,raw,turn,entered,quarter,65,352.7230769230769,352.5846153846154,0.9996158112977755,-0.0005379535231353,0.0012328453205234,0.770507339800281,,,0.935684435211248,0.0,0.0,202208.0,,0.3106770207719092,0.5846153846153846,65,,,,20223.0
T033,wf2022,2022,raw,turn,entered,quarter,60,364.53333333333336,364.45,0.9997665975795228,0.0043456403662046,0.0026669884409266,0.7948718284133753,,,0.93768135116856,0.0,0.0,202211.1,,0.6720810871135202,0.6833333333333333,60,,,,20224.0
T033,wf2022,2022,raw,turn,initial,quarter,1,453.0,453.0,1.0,-0.0081547927414569,0.0062439631776324,1.0,,,0.927496498848774,0.0,1.0,202201.0,,1.5734787207633651,1.0,58,,,,20221.0
T033,wf2022,2022,raw,turn,retained,quarter,57,108.43859649122808,108.43859649122808,1.0,-0.0005190844407266,0.0013008749610458,0.237211808217242,,,0.9422374863948944,0.0,0.0,202202.08771929823,,0.3278204901835666,0.5263157894736842,58,,,,20221.0
T033,wf2022,2022,raw,turn,retained,quarter,59,114.64406779661016,114.6271186440678,0.9998780636507744,0.0011156248867386,0.0010038531112527,0.2519277552236124,,,0.9391829981048346,0.0,0.0,202205.0338983051,,0.2529709840356958,0.576271186440678,59,,,,20222.0
T033,wf2022,2022,raw,turn,retained,quarter,65,105.1076923076923,105.0923076923077,0.9998290598290596,0.0003120094576887,0.0020828083013475,0.2294926601997189,,,0.9432013816366972,0.0,0.0,202208.0,,0.5248676919395838,0.6615384615384615,65,,,,20223.0
T033,wf2022,2022,raw,turn,retained,quarter,60,94.11666666666666,94.1,0.9998995983935742,0.0048519642020188,0.0031733122767408,0.2051281715866247,,,0.9430082537321524,0.0,0.0,202211.1,,0.7996746937386895,0.7166666666666667,60,,,,20224.0
T033,wf2022,2022,band,return,entered,year,241,3.651452282157676,3.651452282157676,1.0,0.0012935468828511,0.0014148504611071,0.0087705163990644,1.732131577901555e-05,1.5922718766300314e-05,0.987999929051826,0.0,0.0,202206.64730290457,20222.53112033195,0.3565423161989904,0.5440414507772021,242,0.0043469345036825,0.0039959444467559,,
T033,wf2022,2022,band,return,initial,year,1,405.0,405.0,1.0,-0.0085799799363753,0.0058187759827139,1.0,-0.0085799799363753,0.0058187759827139,0.9327051639453072,0.0,1.0,202201.0,20221.0,1.4663315476439256,1.0,242,-0.0089345245618453,0.0060592212712558,,
T033,wf2022,2022,band,return,retained,year,241,413.8091286307054,413.8091286307054,1.0,0.0002406936922996,0.0007034570137457,0.9912294836009355,0.0002334565886069,0.0006976185070657,0.5734113267652883,0.0,0.0,202206.64730290457,20222.53112033195,0.1772711674639273,0.6514522821576764,242,0.0585879567738691,0.1750734180624645,,
T033,wf2022,2022,band,turn,entered,year,241,3.655601659751037,3.651452282157676,0.9996761658031088,0.0012935468828511,0.0014148504611071,0.0080011038830805,,,0.9880013683149236,0.0,0.0,202206.64730290457,20222.53112033195,0.3565423161989904,0.5440414507772021,242,,,,
T033,wf2022,2022,band,turn,initial,year,1,453.0,453.0,1.0,-0.0081547927414569,0.0062439631776324,1.0,,,0.927496498848774,0.0,1.0,202201.0,20221.0,1.5734787207633651,1.0,242,,,,
T033,wf2022,2022,band,turn,retained,year,241,453.5560165975104,452.5684647302904,0.9978178886282756,-7.122293048344937e-05,0.0003915403909626,0.9919988961169196,,,0.5298371861546722,0.8713692946058091,0.0,202206.64730290457,20222.53112033195,0.0986681785225851,0.5892116182572614,242,,,,
T033,wf2022,2022,band,return,entered,month,18,4.055555555555555,4.055555555555555,1.0,0.0019744363783611,0.0040346614748027,0.00986324279352,0.0001187156116723,9.762100639749376e-05,0.989200491307634,0.0,0.0,,20221.0,1.0167346916502935,0.6428571428571429,19,0.0283417902392535,0.0233057307904753,202201.0,
T033,wf2022,2022,band,return,entered,month,16,4.125,4.125,1.0,0.0015592941812421,-0.001770866928545,0.0100063323936417,7.480095528744682e-06,-3.774689153096793e-05,0.987757296466974,0.0,0.0,,20221.0,-0.4462584659933536,0.3571428571428571,16,0.0018849840732436,-0.0095122166658039,202202.0,
T033,wf2022,2022,band,return,entered,month,23,4.304347826086956,4.304347826086956,1.0,-0.0075342222267157,-0.0028145005972717,0.0104174723584935,-0.0001150072138965,-5.608941723020614e-05,0.9868964108941066,0.0,0.0,,20221.0,-0.7092541505124776,0.4285714285714285,23,-0.0289818179019286,-0.0141345331420119,202203.0,
T033,wf2022,2022,band,return,entered,month,19,4.894736842105263,4.894736842105263,1.0,-0.0067870599407864,-0.0046343083388971,0.0118248579656121,-7.280444094034896e-05,-4.7473797431360464e-05,0.991653130655977,0.0,0.0,,20222.0,-1.1678457014020882,0.2941176470588235,19,-0.0183467191169679,-0.0119633969527028,202204.0,
T033,wf2022,2022,band,return,entered,month,19,5.2631578947368425,5.2631578947368425,1.0,-0.0020642822046638,-0.0062728828009591,0.0128016587186802,2.4924025010602324e-05,-2.5232400432732588e-05,0.9824887163148812,0.0,0.0,,20222.0,-1.5807664658417042,0.3888888888888889,19,0.0062808543026717,-0.0063585649090486,202205.0,
T033,wf2022,2022,band,return,entered,month,21,4.714285714285714,4.714285714285714,1.0,0.0064924739657463,0.0041420647573444,0.011323107154332,7.443297115955564e-05,5.2841583611425365e-05,0.984076107982022,0.0,0.0,,20222.0,1.043800318850796,0.6666666666666666,21,0.018757108732208,0.0133160790700791,202206.0,
T033,wf2022,2022,band,return,entered,month,21,3.952380952380953,3.952380952380953,1.0,0.0053796626646592,0.0048230209899879,0.0094143466436322,5.21291006963793e-05,6.518025175137002e-05,0.9862394713261649,0.0,0.0,,20223.0,1.2154012894769564,0.625,21,0.0131365333754875,0.0164254234413452,202207.0,
T033,wf2022,2022,band,return,entered,month,23,3.0,3.0,1.0,-0.003430869768836,-0.0030825200205029,0.0071176907211898,-4.670269444690209e-06,-3.0917803801071977e-06,0.9891195144724556,0.0,0.0,,20223.0,-0.7767950451667365,0.4705882352941176,23,-0.0011769079000619,-0.000779128655787,202208.0,
T033,wf2022,2022,band,return,entered,month,21,1.4761904761904765,1.4761904761904765,1.0,-0.0043222812357921,0.0020065807166691,0.0034863767529587,-3.8296158148371605e-06,1.4598659455108605e-05,0.9924372759856632,0.0,0.0,,20223.0,0.5056583406006235,0.6153846153846154,21,-0.0009650631853389,0.0036788621826873,202209.0,
T033,wf2022,2022,band,return,entered,month,16,3.0625,3.0625,1.0,0.0212757313279687,0.0185809562725465,0.0072721572191611,0.0001273799485613,0.000124968141717,0.9895894893636829,0.0,0.0,,20224.0,4.682400980681742,1.0,16,0.0320997470374553,0.0314919717126897,202210.0,
T033,wf2022,2022,band,return,entered,month,22,3.272727272727273,3.272727272727273,1.0,0.0078882598382519,0.0041861670942702,0.00777071421881,4.118894886215933e-05,1.6890861531634254e-05,0.9880115634067246,0.0,0.0,,20224.0,1.0549141077560926,0.5555555555555556,22,0.0103796151132641,0.0042564971059718,202211.0,
T033,wf2022,2022,band,return,entered,month,22,2.090909090909091,2.090909090909091,1.0,0.0029057295259696,0.0054389326832659,0.0049468875394926,2.662134312821296e-06,1.23005938240748e-05,0.991202636968766,0.0,0.0,,20224.0,1.3706110361830093,0.6875,22,0.0006708578468309,0.0030997496436668,202212.0,
T033,wf2022,2022,band,return,initial,month,1,405.0,405.0,1.0,-0.0085799799363753,0.0058187759827139,1.0,-0.0085799799363753,0.0058187759827139,0.9327051639453072,0.0,1.0,,20221.0,1.4663315476439256,1.0,19,-0.1137976286298201,0.0771753446128381,202201.0,
T033,wf2022,2022,band,return,retained,month,18,407.05555555555554,407.05555555555554,1.0,-0.0033980895464429,0.0010143739235265,0.99013675720648,-0.0034169063978291,0.0010166516774152,0.5858503167852329,0.0,0.0,,20221.0,0.2556222287286998,0.6111111111111112,19,-0.8157414431870097,0.2427122109871303,202201.0,
T033,wf2022,2022,band,return,retained,month,16,407.8125,407.8125,1.0,0.0026365348780163,0.000198197081117,0.9899936676063582,0.002586544174889,0.0001934333650495,0.5889680116413839,0.0,0.0,,20221.0,0.0499456644415057,0.4375,16,0.6518091320720472,0.0487452079924883,202202.0,
T033,wf2022,2022,band,return,retained,month,23,409.0869565217391,409.0869565217391,1.0,-0.0016676689739708,0.001085667903941,0.9895825276415068,-0.0016183735776686,0.0010760455035769,0.5806487445299894,0.0,0.0,,20221.0,0.2735883117931338,0.6956521739130435,23,-0.4078301415724885,0.2711634669013819,202203.0,
T033,wf2022,2022,band,return,retained,month,19,409.0,409.0,1.0,-0.0055741716958884,0.0018450315973788,0.988175142034388,-0.0055672520995157,0.0018266205502425,0.5769655591920977,0.0,0.0,,20222.0,0.4649479625394737,0.7894736842105263,19,-1.4029475290779805,0.4603083786611128,202204.0,
T033,wf2022,2022,band,return,retained,month,19,406.7894736842105,406.7894736842105,1.0,0.0052690611191422,0.0008261956494565,0.9871983412813196,0.0052083348604741,0.0008156258162318,0.5997232993721934,0.0,0.0,,20222.0,0.2082013036630591,0.6842105263157895,19,1.3125003848394938,0.2055377056904334,202205.0,
T033,wf2022,2022,band,return,retained,month,21,411.4761904761905,411.4761904761905,1.0,0.0036700257916094,0.0006631232486703,0.9886768928456678,0.0036389622907746,0.0006536511353836,0.5956771024699453,0.0,0.0,,20222.0,0.1671070586649224,0.5714285714285714,21,0.9170184972752164,0.1647200861166853,202206.0,
T033,wf2022,2022,band,return,retained,month,21,415.3809523809524,415.3809523809524,1.0,0.0011463468874972,-0.0002056943476337,0.9905856533563676,0.0011579967188257,-0.0002070956673602,0.5683074348297396,0.0,0.0,,20223.0,-0.0518349756037122,0.5238095238095238,21,0.291815173144084,-0.0521881081747834,202207.0,
T033,wf2022,2022,band,return,retained,month,23,417.8695652173913,417.8695652173913,1.0,-0.0007684055556259,0.0009423130359935,0.9928823092788102,-0.000772424609306,0.0009367154932488,0.5616731804513919,0.0,0.0,,20223.0,0.2374628850703725,0.6521739130434783,23,-0.1946510015451285,0.2360523042987134,202208.0,
T033,wf2022,2022,band,return,retained,month,21,421.6190476190476,421.6190476190476,1.0,-0.0045932928511164,0.0003661482521369,0.9965136232470412,-0.0045769782360094,0.000364034591974,0.5470707171431687,0.0,0.0,,20223.0,0.0922693595385223,0.7142857142857143,21,-1.1533985154743889,0.0917367171774524,202209.0,
T033,wf2022,2022,band,return,retained,month,16,418.3125,418.3125,1.0,0.0048852199469867,0.0006433967973076,0.992727842780839,0.0048783164606299,0.0006389051177951,0.5669293771236984,0.0,0.0,,20224.0,0.1621359929215234,0.625,16,1.229335748078753,0.1610040896843729,202210.0,
T033,wf2022,2022,band,return,retained,month,22,417.8181818181818,417.8181818181818,1.0,0.0031210864280606,0.0003999674017746,0.99222928578119,0.0030932778521876,0.0003964569132322,0.5715128599702672,0.0,0.0,,20224.0,0.1007917852472164,0.6363636363636364,22,0.779506018751288,0.0999071421345195,202211.0,
T033,wf2022,2022,band,return,retained,month,22,420.59090909090907,420.59090909090907,1.0,-0.0005771385539128,0.0006508011486543,0.9950531124605076,-0.0005697427411108,0.0006485585019451,0.5462059080963584,0.0,0.0,,20224.0,0.1640018894608873,0.8181818181818182,22,-0.1435751707599236,0.1634367424901688,202212.0,
T033,wf2022,2022,band,turn,entered,month,18,4.055555555555555,4.055555555555555,1.0,0.0019744363783611,0.0040346614748027,0.0088487589408708,,,0.989200491307634,0.0,0.0,,20221.0,1.0167346916502935,0.6428571428571429,19,,,202201.0,
T033,wf2022,2022,band,turn,entered,month,16,4.125,4.125,1.0,0.0015592941812421,-0.001770866928545,0.0090208328968757,,,0.987757296466974,0.0,0.0,,20221.0,-0.4462584659933536,0.3571428571428571,16,,,202202.0,
T033,wf2022,2022,band,turn,entered,month,23,4.304347826086956,4.304347826086956,1.0,-0.0075342222267157,-0.0028145005972717,0.0094288377352762,,,0.9868964108941066,0.0,0.0,,20221.0,-0.7092541505124776,0.4285714285714285,23,,,202203.0,
T033,wf2022,2022,band,turn,entered,month,19,4.894736842105263,4.894736842105263,1.0,-0.0067870599407864,-0.0046343083388971,0.0107313024221874,,,0.991653130655977,0.0,0.0,,20222.0,-1.1678457014020882,0.2941176470588235,19,,,202204.0,
T033,wf2022,2022,band,turn,entered,month,19,5.315789473684211,5.2631578947368425,0.9965277777777778,-0.0020642822046638,-0.0062728828009591,0.0117247380192119,,,0.9825041484136464,0.0,0.0,,20222.0,-1.5807664658417042,0.3888888888888889,19,,,202205.0,
T033,wf2022,2022,band,turn,entered,month,21,4.714285714285714,4.714285714285714,1.0,0.0064924739657463,0.0041420647573444,0.0103443196803937,,,0.984076107982022,0.0,0.0,,20222.0,1.043800318850796,0.6666666666666666,21,,,202206.0,
T033,wf2022,2022,band,turn,entered,month,21,3.952380952380953,3.952380952380953,1.0,0.0053796626646592,0.0048230209899879,0.0086465980723755,,,0.9862394713261649,0.0,0.0,,20223.0,1.2154012894769564,0.625,21,,,202207.0,
T033,wf2022,2022,band,turn,entered,month,23,3.0,3.0,1.0,-0.003430869768836,-0.0030825200205029,0.0065488709305632,,,0.9891195144724556,0.0,0.0,,20223.0,-0.7767950451667365,0.4705882352941176,23,,,202208.0,
T033,wf2022,2022,band,turn,entered,month,21,1.4761904761904765,1.4761904761904765,1.0,-0.0043222812357921,0.0020065807166691,0.0032089096441688,,,0.9924372759856632,0.0,0.0,,20223.0,0.5056583406006235,0.6153846153846154,21,,,202209.0,
T033,wf2022,2022,band,turn,entered,month,16,3.0625,3.0625,1.0,0.0212757313279687,0.0185809562725465,0.0066868841906044,,,0.9895894893636829,0.0,0.0,,20224.0,4.682400980681742,1.0,16,,,202210.0,
T033,wf2022,2022,band,turn,entered,month,22,3.272727272727273,3.272727272727273,1.0,0.0078882598382519,0.0041861670942702,0.0071457704232235,,,0.9880115634067246,0.0,0.0,,20224.0,1.0549141077560926,0.5555555555555556,22,,,202211.0,
T033,wf2022,2022,band,turn,entered,month,22,2.090909090909091,2.090909090909091,1.0,0.0029057295259696,0.0054389326832659,0.004550432233615,,,0.991202636968766,0.0,0.0,,20224.0,1.3706110361830093,0.6875,22,,,202212.0,
T033,wf2022,2022,band,turn,initial,month,1,453.0,453.0,1.0,-0.0081547927414569,0.0062439631776324,1.0,,,0.927496498848774,0.0,1.0,,20221.0,1.5734787207633651,1.0,19,,,202201.0,
T033,wf2022,2022,band,turn,retained,month,18,453.8888888888889,453.55555555555554,0.9992716659431208,-0.0037391881068193,0.0006732753631502,0.9911512410591292,,,0.5340636020901282,0.2777777777777778,0.0,,20221.0,0.1696653915138628,0.5555555555555556,19,,,202201.0,
T033,wf2022,2022,band,turn,retained,month,16,452.6875,452.25,0.9990357251323329,0.0024817357439124,4.339794701323533e-05,0.9909791671031244,,,0.5391343426593012,0.3125,0.0,,20221.0,0.0109362826473353,0.5,16,,,202202.0,
T033,wf2022,2022,band,turn,retained,month,23,452.39130434782606,451.7391304347826,0.9985621815044128,-0.0020822057044612,0.0006711311734505,0.990571162264724,,,0.5331870697457698,0.5652173913043478,0.0,,20221.0,0.169125055709546,0.6521739130434783,23,,,202203.0,
T033,wf2022,2022,band,turn,retained,month,19,451.2105263157895,450.0,0.99730782795245,-0.0060296676846928,0.0013895356085743,0.9892686975778126,,,0.5304400770909774,0.8947368421052632,0.0,,20222.0,0.3501629733607474,0.6842105263157895,19,,,202204.0,
T033,wf2022,2022,band,turn,retained,month,19,448.3157894736842,445.3157894736842,0.9933061992444688,0.0048230597924114,0.0003801943227257,0.988275261980788,,,0.5538868681526852,2.8947368421052637,0.0,,20222.0,0.0958089693268932,0.631578947368421,19,,,202205.0,
T033,wf2022,2022,band,turn,retained,month,21,450.95238095238096,448.0952380952381,0.9936737887704592,0.003342980422023,0.0003360778790839,0.9896556803196064,,,0.5518259390415461,2.6666666666666665,0.0,,20222.0,0.0846916255291445,0.5714285714285714,21,,,202206.0,
T033,wf2022,2022,band,turn,retained,month,21,452.3809523809524,452.2857142857143,0.9997909130009882,0.000931167804379,-0.0004208734307519,0.9913534019276244,,,0.527345687632596,0.0476190476190476,0.0,,20223.0,-0.1060601045494947,0.4761904761904761,21,,,202207.0,
T033,wf2022,2022,band,turn,retained,month,23,454.39130434782606,454.39130434782606,1.0,-0.0010500320985712,0.0006606864930483,0.9934511290694368,,,0.5211860008790008,0.0,0.0,,20223.0,0.1664929962481736,0.5652173913043478,23,,,202208.0,
T033,wf2022,2022,band,turn,retained,month,21,458.3333333333333,457.6190476190476,0.9984422076504202,-0.0047196534653415,0.0002397876379118,0.996791090355831,,,0.5084643730438577,0.5714285714285714,0.0,,20223.0,0.0604264847537875,0.6666666666666666,21,,,202209.0,
T033,wf2022,2022,band,turn,retained,month,16,455.1875,454.0,0.9973990625469604,0.0045794734457921,0.0003376502961129,0.9933131158093956,,,0.5264775371842502,1.0625,0.0,,20224.0,0.0850878746204735,0.625,16,,,202210.0,
T033,wf2022,2022,band,turn,retained,month,22,454.6363636363636,454.09090909090907,0.9987998503868404,0.0027382268960787,1.7107869792816003e-05,0.9928542295767766,,,0.5301289392539328,0.4090909090909091,0.0,,20224.0,0.0043111831877896,0.4545454545454545,22,,,202211.0,
T033,wf2022,2022,band,turn,retained,month,22,457.59090909090907,456.59090909090907,0.9978193669025862,-0.0008525931650884,0.0003753465374787,0.9954495677663848,,,0.507810986658775,0.9090909090909092,0.0,,20224.0,0.094587327444648,0.6818181818181818,22,,,202212.0,
T033,wf2022,2022,band,return,entered,quarter,57,4.175438596491228,4.175438596491228,1.0,-0.0022193150801343,-0.0005594160998999,0.0101270447864382,-6.817603176458064e-06,-2.4005043093919365e-06,0.9878006868902196,0.0,0.0,202202.08771929823,,-0.1409728571747932,0.4693877551020408,58,-0.0016884146901145,-0.0005944973086225,,20221.0
T033,wf2022,2022,band,return,entered,quarter,59,4.9491525423728815,4.9491525423728815,1.0,-0.0006730673074317,-0.0022101503121946,0.0119608316481784,1.107397443534716e-05,-4.605839043692122e-06,0.9859673595942616,0.0,0.0,202205.0338983051,,-0.5569578786730539,0.4528301886792453,59,0.0027906415577074,-0.0011606714390104,,20222.0
T033,wf2022,2022,band,return,entered,quarter,65,2.815384615384616,2.815384615384616,1.0,-0.0006182573804556,0.0011054574958251,0.0066864935063965,1.3951892081300158e-05,2.468071056297824e-05,0.989055388588348,0.0,0.0,202208.0,,0.2785752889479323,0.5652173913043478,65,0.0035158768044876,0.0062195390618705,,20223.0
T033,wf2022,2022,band,return,entered,quarter,60,2.783333333333333,2.783333333333333,1.0,0.0093891865358156,0.0081503211028251,0.0066023625698206,5.004671678051437e-05,4.402837142163277e-05,0.9895318825738182,0.0,0.0,202211.1,,2.0538809179119326,0.7111111111111111,60,0.0126117726286896,0.0110951495982514,,20224.0
T033,wf2022,2022,band,return,initial,quarter,1,405.0,405.0,1.0,-0.0085799799363753,0.0058187759827139,1.0,-0.0085799799363753,0.0058187759827139,0.9327051639453072,0.0,1.0,202201.0,,1.4663315476439256,1.0,58,-0.0372785335166652,0.0252815784076538,,20221.0
T033,wf2022,2022,band,return,retained,quarter,57,408.0877192982456,408.0877192982456,1.0,-0.0010059200033165,0.000814039398456,0.9898729552135616,-0.0010060035201592,0.0008095387827462,0.5846265791681771,0.0,0.0,202202.08771929823,,0.2051379284109258,0.5964912280701754,58,-0.2491419752339253,0.2004864668166737,,20221.0
T033,wf2022,2022,band,return,retained,quarter,59,409.1694915254237,409.1694915254237,1.0,0.0012080244180613,0.0010962526425754,0.9880391683518216,0.0011796403485504,0.0010835483865435,0.5909543638066165,0.0,0.0,202205.0338983051,,0.2762556659290083,0.6779661016949152,59,0.2972693678347169,0.2730541934089791,,20222.0
T033,wf2022,2022,band,return,retained,quarter,65,418.2769230769231,418.2769230769231,1.0,-0.0013855260463907,0.0003852727972679,0.9933135064936034,-0.0013779135057676,0.0003821565194094,0.5590988360278937,0.0,0.0,202208.0,,0.097088744911532,0.6307692307692307,65,-0.3472342034534517,0.0963034428911763,,20223.0
T033,wf2022,2022,band,return,retained,quarter,60,418.9666666666666,418.9666666666666,1.0,0.0022355062063839,0.0005568542811059,0.9933976374301792,0.0022261805968961,0.000553547016977,0.561011382190749,0.0,0.0,202211.1,,0.1403272788387109,0.7,60,0.5609975104178344,0.1394938482782184,,20224.0
T033,wf2022,2022,band,turn,entered,quarter,57,4.175438596491228,4.175438596491228,1.0,-0.0022193150801343,-0.0005594160998999,0.0091311272841585,,,0.9878006868902196,0.0,0.0,202202.08771929823,,-0.1409728571747932,0.4693877551020408,58,,,,20221.0
T033,wf2022,2022,band,turn,entered,quarter,59,4.966101694915254,4.9491525423728815,0.9988207547169812,-0.0006730673074317,-0.0022101503121946,0.0109134827402518,,,0.9859726006844082,0.0,0.0,202205.0338983051,,-0.5569578786730539,0.4528301886792453,59,,,,20222.0
T033,wf2022,2022,band,turn,entered,quarter,65,2.815384615384616,2.815384615384616,1.0,-0.0006182573804556,0.0011054574958251,0.0061475337453905,,,0.989055388588348,0.0,0.0,202208.0,,0.2785752889479323,0.5652173913043478,65,,,,20223.0
T033,wf2022,2022,band,turn,entered,quarter,60,2.783333333333333,2.783333333333333,1.0,0.0093891865358156,0.0081503211028251,0.0060717767583353,,,0.9895318825738182,0.0,0.0,202211.1,,2.0538809179119326,0.7111111111111111,60,,,,20224.0
T033,wf2022,2022,band,turn,initial,quarter,1,453.0,453.0,1.0,-0.0081547927414569,0.0062439631776324,1.0,,,0.927496498848774,0.0,1.0,202201.0,,1.5734787207633651,1.0,58,,,,20221.0
T033,wf2022,2022,band,turn,retained,quarter,57,452.9473684210527,452.4561403508772,0.998919153749035,-0.0013243569337325,0.0004956024680399,0.9908688727158416,,,0.5351332793741024,0.4035087719298245,0.0,202202.08771929823,,0.1248918219460781,0.5789473684210527,58,,,,20221.0
T033,wf2022,2022,band,turn,retained,quarter,59,450.1864406779661,447.8135593220339,0.9947256962867984,0.0008013057442226,0.0006895339687366,0.989086517259748,,,0.5456026555847808,2.169491525423729,0.0,202205.0338983051,,0.1737625601216476,0.6271186440677966,59,,,,20222.0
T033,wf2022,2022,band,turn,retained,quarter,65,455.0153846153846,454.75384615384615,0.9994291620566088,-0.0015955221099592,0.0001752767336995,0.9938524662546095,,,0.5190659891449623,0.2,0.0,202208.0,,0.0441697368922791,0.5692307692307692,65,,,,20223.0
T033,wf2022,2022,band,turn,retained,quarter,60,455.8666666666667,454.98333333333335,0.9980667963519791,0.0019125919535743,0.0002339400282963,0.9939282232416649,,,0.5209719827504595,0.7666666666666667,0.0,202211.1,,0.0589528871306867,0.5833333333333334,60,,,,20224.0
T030,wf2023,2023,raw,return,entered,year,241,343.7551867219917,343.7551867219917,1.0,0.0010891768135757,0.0010310267331397,0.7910831550998393,0.0008843054435844,0.0008154007391701,0.943509135520655,0.0,0.0,202306.6182572614,20232.522821576764,0.2598187367512048,0.6390041493775933,242,0.2219241247924356,0.2046318912862984,,
T030,wf2023,2023,raw,return,initial,year,1,417.0,417.0,1.0,0.0011586173656523,-0.0034796871836502,1.0,0.0011586173656523,-0.0034796871836502,0.9326979706557336,0.0,1.0,202301.0,20231.0,-0.8768811702798713,0.0,242,0.0012064941162991,-0.0036234759102474,,
T030,wf2023,2023,raw,return,retained,year,241,90.7883817427386,90.7883817427386,1.0,0.000690357454189,0.0006322073737529,0.2089168449001606,0.0001145959256613,0.0001253505496395,0.9499156624522976,0.0,0.0,202306.6182572614,20232.522821576764,0.1593162581857449,0.5601659751037344,242,0.0287588419721802,0.031457808184747,,
T030,wf2023,2023,raw,turn,entered,year,241,365.6680497925311,365.0705394190872,0.998417979183457,0.0010561417568929,0.0009979916764568,0.7941651569791661,,,0.9406682606800792,0.4688796680497925,0.0,202306.6182572614,20232.522821576764,0.2514939024671337,0.6473029045643154,242,,,,
T030,wf2023,2023,raw,turn,initial,year,1,454.0,454.0,1.0,0.0012702644019719,-0.0033680401473306,1.0,,,0.9287011510586898,0.0,1.0,202301.0,20231.0,-0.848746117127322,0.0,242,,,,
T030,wf2023,2023,raw,turn,retained,year,241,94.7883817427386,94.7344398340249,0.99947741703929,0.0006975733259311,0.000639423245495,0.2058348430208338,,,0.9476198674552896,0.0,0.0,202306.6182572614,20232.522821576764,0.1611346578647529,0.5726141078838174,242,,,,
T030,wf2023,2023,raw,return,entered,month,15,342.93333333333334,342.93333333333334,1.0,0.0041882376673997,7.189491161988873e-05,0.8104174955817954,0.0033829364539197,5.169261432986884e-05,0.9449065390460488,0.0,0.0,,20231.0,0.0181175177282119,0.5333333333333333,16,0.7992187372385513,0.0122123801354315,202301.0,
T030,wf2023,2023,raw,return,entered,month,20,356.65,356.65,1.0,0.003949934332354,0.0027871900078957,0.8409780732546182,0.0034248679386022,0.0023614524164912,0.9474254880945996,0.0,0.0,,20231.0,0.7023718819897371,0.95,20,0.8630667205277597,0.5950860089557872,202302.0,
T030,wf2023,2023,raw,return,entered,month,23,341.7391304347826,341.7391304347826,1.0,0.0009279378955992,0.0016656180693812,0.8047756158649974,0.0007403811488069,0.0012747120335263,0.9473417188751676,0.0,0.0,,20231.0,0.4197357534840752,0.6086956521739131,23,0.1865760494993546,0.3212274324486488,202303.0,
T030,wf2023,2023,raw,return,entered,month,19,329.2631578947368,329.2631578947368,1.0,0.0004566707119248,0.0022083069177977,0.7786086695572855,0.0002914732301959,0.0016735708285066,0.9452936591123036,0.0,0.0,,20232.0,0.5564933432850271,0.5789473684210527,19,0.0734512540093682,0.4217398487836858,202304.0,
T030,wf2023,2023,raw,return,entered,month,20,310.45,310.45,1.0,0.00061134763674,0.0011198532939064,0.7388314452055075,0.0004824240163097,0.0008397792111601,0.9430645211810388,0.0,0.0,,20232.0,0.2822030300644313,0.7,20,0.1215708521100544,0.2116243612123504,202305.0,
T030,wf2023,2023,raw,return,entered,month,20,333.15,333.15,1.0,0.0017822080527817,0.0004808217010049,0.7804922565138155,0.0013695002325882,0.000405481513106,0.9412530832073364,0.0,0.0,,20232.0,0.1211670686532525,0.6,20,0.3451140586122269,0.1021813413027205,202306.0,
T030,wf2023,2023,raw,return,entered,month,21,352.3333333333333,352.3333333333333,1.0,0.0012475161117739,0.0009131382821943,0.7974915860510873,0.0009025781926577,0.0007338158939171,0.9431556439871704,0.0,0.0,,20233.0,0.2301108471129802,0.6666666666666666,21,0.2274497045497549,0.1849216052671226,202307.0,
T030,wf2023,2023,raw,return,entered,month,23,345.6521739130435,345.6521739130435,1.0,-0.0016920883468447,-2.1952456207713773e-05,0.7782686771864824,-0.0012108108029712,4.652827569012852e-05,0.9427638955921032,0.0,0.0,,20233.0,-0.0055320189643438,0.4782608695652174,23,-0.3051243223487456,0.0117251254739123,202308.0,
T030,wf2023,2023,raw,return,entered,month,20,354.9,354.9,1.0,-0.0009635332956616,-0.0005474795142105,0.7969897698199843,-0.0008750276411974,-0.000483266279566,0.9430806000078764,0.0,0.0,,20233.0,-0.1379648375810604,0.4,20,-0.2205069655817627,-0.1217831024506411,202309.0,
T030,wf2023,2023,raw,return,entered,month,17,340.7058823529412,340.7058823529412,1.0,4.51469266649532e-05,0.0003471604035806,0.7663115082614975,0.0002264126744117,0.000249184503819,0.9403037000282888,0.0,0.0,,20234.0,0.0874844217023167,0.5882352941176471,17,0.0570559939517551,0.0627944949623903,202310.0,
T030,wf2023,2023,raw,return,entered,month,22,368.6363636363636,368.6363636363636,1.0,0.003117515532915,0.0015649416370256,0.8268690353613917,0.0024330041650625,0.0012711483346728,0.9419657836444248,0.0,0.0,,20234.0,0.3943652925304556,0.7727272727272727,22,0.6131170495957661,0.3203293803375617,202311.0,
T030,wf2023,2023,raw,return,entered,month,21,344.3333333333333,344.3333333333333,1.0,0.0002579500744699,0.0014915629475129,0.7704583743911654,0.0001567102713744,0.0011175878641737,0.9413305907000126,0.0,0.0,,20234.0,0.3758738627732689,0.7619047619047619,21,0.039490988386357,0.2816321417717838,202312.0,
T030,wf2023,2023,raw,return,initial,month,1,417.0,417.0,1.0,0.0011586173656523,-0.0034796871836502,1.0,0.0011586173656523,-0.0034796871836502,0.9326979706557336,0.0,1.0,,20231.0,-0.8768811702798713,0.0,16,0.0182482235090242,-0.0548050731424919,202301.0,
T030,wf2023,2023,raw,return,retained,month,15,80.26666666666667,80.26666666666667,1.0,0.0035497450654177,-0.0005665976903621,0.1895825044182046,0.0006434937420821,-0.0001416051741077,0.9487135491032452,0.0,0.0,,20231.0,-0.1427826179712619,0.4,16,0.1520253965669065,-0.0334542223829649,202301.0,
T030,wf2023,2023,raw,return,retained,month,20,67.45,67.45,1.0,0.0029131352528427,0.0017503909283844,0.1590219267453818,0.0003356626929528,0.0002363338906055,0.949929164098162,0.0,0.0,,20231.0,0.4410985139528813,0.55,20,0.0845869986241155,0.0595561404325946,202302.0,
T030,wf2023,2023,raw,return,retained,month,23,82.91304347826087,82.91304347826087,1.0,0.001396873291978,0.00213455346576,0.1952243841350026,0.0002617851440819,0.0004651344331445,0.9536655440602956,0.0,0.0,,20231.0,0.5379074733715299,0.6956521739130435,23,0.0659698563086594,0.1172138771524348,202303.0,
T030,wf2023,2023,raw,return,retained,month,19,93.52631578947368,93.52631578947368,1.0,-0.0022794711508208,-0.0005278349449478,0.2213913304427144,-0.0004909104252057,-0.0001213718176435,0.9520997671455768,0.0,0.0,,20232.0,-0.1330144061268666,0.5263157894736842,19,-0.1237094271518375,-0.0305856980461792,202304.0,
T030,wf2023,2023,raw,return,retained,month,20,109.75,109.75,1.0,-0.0005949607474026,-8.645509023618571e-05,0.2611685547944924,-0.0001135306554646,3.761980685135559e-05,0.9529207757808924,0.0,0.0,,20232.0,-0.0217866827395188,0.45,20,-0.0286097251771015,0.0094801913265416,202305.0,
T030,wf2023,2023,raw,return,retained,month,20,93.65,93.65,1.0,0.0013461194949847,4.47331432079221e-05,0.2195077434861844,0.0004298579033241,9.249027102956108e-05,0.9465280625587088,0.0,0.0,,20232.0,0.0112727520883963,0.55,20,0.108324191637696,0.0233075482994493,202306.0,
T030,wf2023,2023,raw,return,retained,month,21,89.52380952380952,89.52380952380952,1.0,0.0023595267858097,0.0020251489562301,0.2025084139489128,0.0004823934017265,0.0003167778708875,0.9496839207208864,0.0,0.0,,20233.0,0.5103375369700044,0.7619047619047619,21,0.1215631372350848,0.0798280234636637,202307.0,
T030,wf2023,2023,raw,return,retained,month,23,98.52173913043478,98.52173913043478,1.0,-0.0011581337173553,0.0005120021732816,0.2217313228135175,-0.0003585681006776,5.422871129804338e-05,0.950942110264019,0.0,0.0,,20233.0,0.1290245476669767,0.4782608695652174,23,-0.0903591613707636,0.0136656352471069,202308.0,
T030,wf2023,2023,raw,return,retained,month,20,90.4,90.4,1.0,-0.0003670598523264,4.899392912467212e-05,0.2030102301800156,5.278115341118927e-05,7.707357323085982e-05,0.9509936193857048,0.0,0.0,,20233.0,0.0123464701394173,0.4,20,0.0133008506596196,0.0194225404541766,202309.0,
T030,wf2023,2023,raw,return,retained,month,17,104.0,104.0,1.0,-0.0006827781944185,-0.0003807647175029,0.2336884917385025,-0.00033856238595,-5.932073844165848e-05,0.9477504091057848,0.0,0.0,,20234.0,-0.0959527088107314,0.4705882352941176,17,-0.0853177212594112,-0.0149488260872979,202310.0,
T030,wf2023,2023,raw,return,retained,month,22,77.18181818181819,77.18181818181819,1.0,0.0026991548646306,0.0011465809687412,0.1731309646386082,0.0006672917826162,0.0002765737171165,0.945996829114489,0.0,0.0,,20234.0,0.2889384041227949,0.6818181818181818,22,0.1681575292193059,0.0696965767133749,202311.0,
T030,wf2023,2023,raw,return,retained,month,21,102.61904761904762,102.61904761904762,1.0,-0.0005866671930079,0.000646945680035,0.2295416256088346,-0.0001729535211125,9.978175913110212e-05,0.9489818010621318,0.0,0.0,,20234.0,0.163030311368838,0.6666666666666666,21,-0.0435842873203662,0.0251450033010377,202312.0,
T030,wf2023,2023,raw,turn,entered,month,15,374.26666666666665,374.1333333333333,0.9996523350965234,0.0042291514757641,0.0001128087199842,0.8130898330761382,,,0.9408338151703414,0.0,0.0,,20231.0,0.0284277974360373,0.5333333333333333,16,,,202301.0,
T030,wf2023,2023,raw,turn,entered,month,20,388.95,388.95,1.0,0.0038519197761186,0.0026891754516602,0.8432650432522797,,,0.9433222176825437,0.0,0.0,,20231.0,0.6776722138183955,0.95,20,,,202302.0,
T030,wf2023,2023,raw,turn,entered,month,23,372.2173913043478,372.0869565217391,0.9996584851003072,0.0006917855156582,0.0014294656894402,0.8062279887658177,,,0.9433871123362626,0.0,0.0,,20231.0,0.3602253537389533,0.6086956521739131,23,,,202303.0,
T030,wf2023,2023,raw,turn,entered,month,19,361.6842105263158,361.0,0.997918826915781,0.0004498234150403,0.0022014596209132,0.7847708391934595,,,0.941091446126865,0.0,0.0,,20232.0,0.5547678244701507,0.631578947368421,19,,,202304.0,
T030,wf2023,2023,raw,turn,entered,month,20,344.4,344.3,0.9997012138188608,0.0006425714756145,0.0011510771327809,0.7486253260626486,,,0.9384237120173397,0.0,0.0,,20232.0,0.2900714374607968,0.7,20,,,202305.0,
T030,wf2023,2023,raw,turn,entered,month,20,360.05,359.95,0.9996976810357092,0.0017972181921414,0.0004958318403646,0.7846588750952973,,,0.9376809069749272,0.0,0.0,,20232.0,0.1249496237718943,0.65,20,,,202306.0,
T030,wf2023,2023,raw,turn,entered,month,21,368.04761904761904,368.04761904761904,1.0,0.0013060855274814,0.0009717076979018,0.7991146835755207,,,0.9410979004155988,0.0,0.0,,20233.0,0.2448703398712604,0.6666666666666666,21,,,202307.0,
T030,wf2023,2023,raw,turn,entered,month,23,360.2173913043478,355.30434782608694,0.987337516808606,-0.0017201559699473,-5.002007931030592e-05,0.781606422786729,,,0.9411453626936824,4.913043478260869,0.0,,20233.0,-0.012605059986197,0.5217391304347826,23,,,202308.0,
T030,wf2023,2023,raw,turn,entered,month,20,368.45,368.25,0.9994308790527956,-0.0009524216894094,-0.0005363679079583,0.7995064598326439,,,0.9413412720948566,0.0,0.0,,20233.0,-0.1351647128055084,0.4,20,,,202309.0,
T030,wf2023,2023,raw,turn,entered,month,17,353.0,352.94117647058823,0.9998356884653302,3.0643600644733506e-05,0.0003326570775604,0.7684252319304093,,,0.938635110380003,0.0,0.0,,20234.0,0.0838295835452213,0.5294117647058824,17,,,202310.0,
T030,wf2023,2023,raw,turn,entered,month,22,380.3181818181818,380.2272727272728,0.9997496101219506,0.0030699548764043,0.0015173809805149,0.8268572249843373,,,0.9404859299739198,0.0,0.0,,20234.0,0.3823800070897724,0.7727272727272727,22,,,202311.0,
T030,wf2023,2023,raw,turn,entered,month,21,355.23809523809524,355.1428571428572,0.9997280284152192,0.0001869174847311,0.0014205303577741,0.7719051234779508,,,0.9398882749636948,0.0,0.0,,20234.0,0.3579736501590775,0.7619047619047619,21,,,202312.0,
T030,wf2023,2023,raw,turn,initial,month,1,454.0,454.0,1.0,0.0012702644019719,-0.0033680401473306,1.0,,,0.9287011510586898,0.0,1.0,,20231.0,-0.848746117127322,0.0,16,,,202301.0,
T030,wf2023,2023,raw,turn,retained,month,15,86.06666666666666,86.06666666666666,1.0,0.0034570176221687,-0.0006593251336111,0.1869101669238618,,,0.9450959350221227,0.0,0.0,,20231.0,-0.166149933670003,0.3333333333333333,16,,,202301.0,
T030,wf2023,2023,raw,turn,retained,month,20,72.3,72.3,1.0,0.0031672365679468,0.0020044922434884,0.1567349567477203,,,0.946238826233916,0.0,0.0,,20231.0,0.5051320453591018,0.6,20,,,202302.0,
T030,wf2023,2023,raw,turn,retained,month,23,89.47826086956522,89.47826086956522,1.0,0.0013943886019286,0.0021320687757107,0.1937720112341822,,,0.9495647729812016,0.0,0.0,,20231.0,0.5372813314790982,0.6956521739130435,23,,,202303.0,
T030,wf2023,2023,raw,turn,retained,month,19,99.15789473684212,99.0,0.9986557302346776,-0.0025111651119705,-0.0007595289060976,0.2152291608065405,,,0.9491748877048746,0.0,0.0,,20232.0,-0.1914012843366113,0.5263157894736842,19,,,202304.0,
T030,wf2023,2023,raw,turn,retained,month,20,115.65,115.55,0.9990404475043032,-0.0005839644690313,-7.545881186488343e-05,0.2513746739373513,,,0.950020706194698,0.0,0.0,,20232.0,-0.0190156205899506,0.5,20,,,202305.0,
T030,wf2023,2023,raw,turn,retained,month,20,98.85,98.75,0.9990947185325744,0.0014527828437829,0.0001513964920061,0.2153411249047026,,,0.943775551504871,0.0,0.0,,20232.0,0.0381519159855422,0.55,20,,,202306.0,
T030,wf2023,2023,raw,turn,retained,month,21,92.57142857142856,92.47619047619048,0.9987085478530692,0.0023643156336323,0.0020299378040528,0.2008853164244791,,,0.9479710609845232,0.0,0.0,,20233.0,0.5115443266213059,0.7619047619047619,21,,,202307.0,
T030,wf2023,2023,raw,turn,retained,month,23,100.69565217391305,100.65217391304348,0.9997101449275362,-0.0011651537654698,0.0005049821251671,0.2183935772132709,,,0.950121349822406,0.0,0.0,,20233.0,0.1272554955421221,0.5217391304347826,23,,,202308.0,
T030,wf2023,2023,raw,turn,retained,month,20,92.4,92.4,1.0,-0.0004154486642661,6.051171849075741e-07,0.2004935401673561,,,0.9497202531992828,0.0,0.0,,20233.0,0.0001524895305967,0.4,20,,,202309.0,
T030,wf2023,2023,raw,turn,retained,month,17,106.47058823529412,106.3529411764706,0.9986811191028726,-0.0005318622806807,-0.000229848803765,0.2315747680695906,,,0.9465462221373044,0.0,0.0,,20234.0,-0.0579218985487953,0.5294117647058824,17,,,202310.0,
T030,wf2023,2023,raw,turn,retained,month,22,79.63636363636364,79.63636363636364,1.0,0.0026588708667869,0.0011062969708975,0.1731427750156627,,,0.9443888625829177,0.0,0.0,,20234.0,0.2787868366661809,0.6818181818181818,22,,,202311.0,
T030,wf2023,2023,raw,turn,retained,month,21,105.0,104.95238095238096,0.999671592775041,-0.0006103148127097,0.0006232980603332,0.2280948765220491,,,0.9477383601918395,0.0,0.0,,20234.0,0.1570711112039697,0.6666666666666666,21,,,202312.0,
T030,wf2023,2023,raw,return,entered,quarter,58,347.1896551724138,347.1896551724138,1.0,0.0028131866078769,0.0016401972315169,0.818718328684728,0.0023494857241965,0.0013331519709634,0.9467408169260616,0.0,0.0,202302.1379310345,,0.41332970234227,0.7068965517241379,59,0.5820353109297826,0.3302601560610435,,20231.0
T030,wf2023,2023,raw,return,entered,quarter,59,324.20338983050846,324.20338983050846,1.0,0.0009584382596102,0.0012537513785828,0.765763368745337,0.0007216351924013,0.0009610688174059,0.9431683323881572,0.0,0.0,202305.01694915252,,0.3159453474028676,0.6271186440677966,59,0.1818520684851461,0.2421893419862957,,20232.0
T030,wf2023,2023,raw,return,entered,quarter,64,350.734375,350.734375,1.0,-0.0004998571803657,0.0001206469867045,0.7904265356056502,-0.0004124228007261,0.0001064837269033,0.9429914081641636,0.0,0.0,202307.984375,,0.0304030406495542,0.515625,64,-0.1039305457829929,0.0268338991796365,,20233.0
T030,wf2023,2023,raw,return,entered,quarter,60,352.21666666666664,352.21666666666664,1.0,0.0012461631840217,0.0011942210795534,0.7899673380101757,0.0010111003799206,0.0009278457512562,0.941272542422642,0.0,0.0,202311.06666666668,,0.3009437120474676,0.7166666666666667,60,0.2547972957400032,0.2338171293165743,,20234.0
T030,wf2023,2023,raw,return,initial,quarter,1,417.0,417.0,1.0,0.0011586173656523,-0.0034796871836502,1.0,0.0011586173656523,-0.0034796871836502,0.9326979706557336,0.0,1.0,202301.0,,-0.8768811702798713,0.0,59,0.0049486707821082,-0.0148623927166079,,20231.0
T030,wf2023,2023,raw,return,retained,quarter,58,76.89655172413794,76.89655172413794,1.0,0.0024764994267864,0.0013035100504265,0.1812816713152718,0.0003859779017961,0.0002293222786692,0.95109644882584,0.0,0.0,202302.1379310345,,0.3284845327074808,0.5689655172413793,59,0.0956178476720674,0.0568097360174653,,20231.0
T030,wf2023,2023,raw,return,retained,quarter,59,99.0677966101695,99.0677966101695,1.0,-0.0004794368968466,-0.0001841237778741,0.2342366312546629,-5.086022240200594e-05,5.019271565941262e-06,0.9504893617382708,0.0,0.0,202305.01694915252,,-0.0463991920242866,0.5084745762711864,59,-0.0128167760453054,0.0012648564346171,,20232.0
T030,wf2023,2023,raw,return,retained,quarter,64,93.03125,93.03125,1.0,0.0002433092180672,0.0008638133851375,0.2095734643943498,4.5919034201488814e-05,0.0001475166736423,0.9505453634207054,0.0,0.0,202307.984375,,0.2176809730546703,0.546875,64,0.0115715966187751,0.0371742017578739,,20233.0
T030,wf2023,2023,raw,return,retained,quarter,60,93.68333333333334,93.68333333333334,1.0,0.0005909027777265,0.0005389606732582,0.2100326619898242,8.82139118840641e-05,0.0001195264360801,0.9475384169603644,0.0,0.0,202311.06666666668,,0.1358180896610775,0.6166666666666667,60,0.0222299057947841,0.0301206618921996,,20234.0
T030,wf2023,2023,raw,turn,entered,quarter,58,378.5172413793104,378.4310344827586,0.999774658340602,0.0026963230089478,0.0015233336325878,0.8207740017724393,,,0.9427043993955178,0.0,0.0,202302.1379310345,,0.3838800754121448,0.7068965517241379,59,,,,20231.0
T030,wf2023,2023,raw,turn,entered,quarter,59,355.271186440678,354.9830508474576,0.9991260272625634,0.0009719057328963,0.0012672188518688,0.77248016894635,,,0.9390310145128098,0.0,0.0,202305.01694915252,,0.3193391506709607,0.6610169491525424,59,,,,20232.0
T030,wf2023,2023,raw,turn,entered,quarter,64,365.359375,363.53125,0.9952715698070916,-0.0004872535159354,0.0001332506511349,0.7929450824348998,,,0.9411910108215532,1.765625,0.0,202307.984375,,0.0335791640859963,0.53125,64,,,,20233.0
T030,wf2023,2023,raw,turn,entered,quarter,60,363.8,363.7166666666666,0.9997664453885522,0.0011997535945201,0.0011478114900518,0.7910682580918226,,,0.939752351835398,0.0,0.0,202311.06666666668,,0.289248495493073,0.7,60,,,,20234.0
T030,wf2023,2023,raw,turn,initial,quarter,1,454.0,454.0,1.0,0.0012702644019719,-0.0033680401473306,1.0,,,0.9287011510586898,0.0,1.0,202301.0,,-0.848746117127322,0.0,59,,,,20231.0
T030,wf2023,2023,raw,turn,retained,quarter,58,82.67241379310344,82.67241379310344,1.0,0.0025391540264797,0.0013661646501198,0.1792259982275607,,,0.9472621608375482,0.0,0.0,202302.1379310345,,0.3442734918301939,0.5689655172413793,59,,,,20231.0
T030,wf2023,2023,raw,turn,retained,quarter,59,104.64406779661016,104.52542372881356,0.9989349524609564,-0.0005141655869899,-0.0002188524680174,0.22751983105365,,,0.94763132237939,0.0,0.0,202305.01694915252,,-0.0551508219404031,0.5254237288135594,59,,,,20232.0
T030,wf2023,2023,raw,turn,retained,quarter,64,95.4375,95.390625,0.9994720755976216,0.0002272362252367,0.000847740392307,0.2070549175651002,,,0.9492904436027498,0.0,0.0,202307.984375,,0.2136305788613776,0.5625,64,,,,20233.0
T030,wf2023,2023,raw,turn,retained,quarter,60,96.11666666666666,96.06666666666666,0.9995113745504116,0.0006106148205139,0.0005586727160456,0.2089317419081775,,,0.9461724386197836,0.0,0.0,202311.06666666668,,0.1407855244434971,0.6333333333333333,60,,,,20234.0
T030,wf2023,2023,band,return,entered,year,241,2.896265560165975,2.896265560165975,1.0,0.0061722373149844,0.0054881801887206,0.0066919511685852,3.1569754000856504e-05,2.761996366767255e-05,0.9925624092268948,0.0,0.0,202306.6182572614,20232.522821576764,1.383021407557605,0.5141509433962265,242,0.0079227037189256,0.006931469559773,,
T030,wf2023,2023,band,return,initial,year,1,417.0,417.0,1.0,0.0011586173656523,-0.0034796871836502,1.0,0.0011586173656523,-0.0034796871836502,0.9326979706557336,0.0,1.0,202301.0,20231.0,-0.8768811702798713,0.0,242,0.0012064941162991,-0.0036234759102474,,
T030,wf2023,2023,band,return,retained,year,241,431.6473029045643,431.6473029045643,1.0,0.0005903689033815,0.0005322188229454,0.9933080488314148,0.0005820844169792,0.0005278841268763,0.5140661147611038,0.0,0.0,202306.6182572614,20232.522821576764,0.134119143382266,0.5975103734439834,242,0.1460791355867204,0.1324771024523025,,
T030,wf2023,2023,band,turn,entered,year,241,2.896265560165975,2.896265560165975,1.0,0.0061722373149844,0.0054881801887206,0.006290830567549,,,0.9925624092268948,0.0,0.0,202306.6182572614,20232.522821576764,1.383021407557605,0.5141509433962265,242,,,,
T030,wf2023,2023,band,turn,initial,year,1,454.0,454.0,1.0,0.0012702644019719,-0.0033680401473306,1.0,,,0.9287011510586898,0.0,1.0,202301.0,20231.0,-0.848746117127322,0.0,242,,,,
T030,wf2023,2023,band,turn,retained,year,241,457.56016597510376,453.9958506224066,0.9922013391488956,0.0003966696325746,0.0003385195521385,0.993709169432451,,,0.491140776405904,3.4356846473029043,0.0,202306.6182572614,20232.522821576764,0.0853069271389238,0.5518672199170125,242,,,,
T030,wf2023,2023,band,return,entered,month,15,3.4,3.4,1.0,-0.0013318953256768,-0.0055668115287409,0.0080383049496804,-8.672626844044363e-06,-3.946996043321595e-05,0.9915565205403916,0.0,0.0,,20231.0,-1.4028365052427298,0.4615384615384615,16,-0.0020489080919054,-0.0093247781523472,202301.0,
T030,wf2023,2023,band,return,entered,month,20,2.95,2.95,1.0,0.0133832557357234,0.0118734250799898,0.0069587452090292,8.403150901632328e-05,8.415342165460636e-05,0.9938169198384252,0.0,0.0,,20231.0,2.992103120157452,0.7222222222222222,20,0.0211759402721134,0.0212066622569608,202302.0,
T030,wf2023,2023,band,return,entered,month,23,2.5217391304347827,2.5217391304347827,1.0,0.0079365121817873,0.0083090945212249,0.005935925676467,1.3294140770308725e-05,1.4726613950606804e-05,0.9946327956989248,0.0,0.0,,20231.0,2.0938918193486984,0.55,23,0.0033501234741177,0.0037111067155529,202303.0,
T030,wf2023,2023,band,return,entered,month,19,3.3157894736842106,3.3157894736842106,1.0,-0.0004459506652705,0.0002805803471866,0.007838238723921,9.802518494625653e-06,1.4117071575379748e-05,0.9935015929908402,0.0,0.0,,20232.0,0.0707062474910282,0.4444444444444444,19,0.0024702346606456,0.0035575020369956,202304.0,
T030,wf2023,2023,band,return,entered,month,20,3.05,3.05,1.0,-0.0029793427698225,-0.0034132751224373,0.0072509760723578,-4.167355429843703e-06,-1.844932527536913e-05,0.9914250630558874,0.0,0.0,,20232.0,-0.8601453308542117,0.3333333333333333,20,-0.0010501735683206,-0.004649229969393,202305.0,
T030,wf2023,2023,band,return,entered,month,20,5.3,5.3,1.0,0.0057884247567461,0.0045625849250157,0.0123833592910015,5.7694730784751255e-05,4.969167332136943e-05,0.9892038980865148,0.0,0.0,,20232.0,1.1497714011039764,0.5,20,0.0145390721577573,0.012522301676985,202306.0,
T030,wf2023,2023,band,return,entered,month,21,2.857142857142857,2.857142857142857,1.0,0.0017588922042329,0.001645126481291,0.0064695916898087,-5.693908794273593e-06,-1.0137910781141211e-05,0.993161038797711,0.0,0.0,,20233.0,0.4145718732853534,0.3157894736842105,21,-0.0014348650161569,-0.0025547535168475,202307.0,
T030,wf2023,2023,band,return,entered,month,23,2.565217391304348,2.565217391304348,1.0,0.0067266721411358,0.006989193207874,0.0057788788117506,5.344707098004333e-05,5.659588662744731e-05,0.9941831370541048,0.0,0.0,,20233.0,1.7612766883842648,0.5714285714285714,23,0.0134686618869709,0.0142621634301167,202308.0,
T030,wf2023,2023,band,return,entered,month,20,2.1,2.1,1.0,0.0085300480354462,0.0085855581081457,0.004711314014406,5.017010242563261e-05,5.323618430004864e-05,0.993542612504978,0.0,0.0,,20233.0,2.1635606432527315,0.7222222222222222,20,0.0126428658112594,0.0134155184436122,202309.0,
T030,wf2023,2023,band,return,entered,month,17,3.294117647058824,3.294117647058824,1.0,-0.0060259853798316,-0.0063376919202891,0.0074064541570318,-2.9938841978013e-05,-3.785467513318894e-05,0.9904881272401436,0.0,0.0,,20234.0,-1.5970983639128782,0.25,17,-0.0075445881784592,-0.0095393781335636,202310.0,
T030,wf2023,2023,band,return,entered,month,22,2.227272727272727,2.227272727272727,1.0,0.0192439378693043,0.018246193086952,0.0049955190160505,7.5589807641316e-05,7.700317260006036e-05,0.991454002389486,0.0,0.0,,20234.0,4.598040657911923,0.7222222222222222,22,0.0190486315256116,0.0194047994952152,202311.0,
T030,wf2023,2023,band,return,entered,month,21,1.619047619047619,1.619047619047619,1.0,0.0203645794859663,0.0180414849350202,0.0036218172455139,5.8480061403373504e-05,5.378740493493371e-05,0.9927753882915176,0.0,0.0,,20234.0,4.546454203625096,0.5333333333333333,21,0.0147369754736501,0.0135544260436032,202312.0,
T030,wf2023,2023,band,return,initial,month,1,417.0,417.0,1.0,0.0011586173656523,-0.0034796871836502,1.0,0.0011586173656523,-0.0034796871836502,0.9326979706557336,0.0,1.0,,20231.0,-0.8768811702798713,0.0,16,0.0182482235090242,-0.0548050731424919,202301.0,
T030,wf2023,2023,band,return,retained,month,15,419.8,419.8,1.0,0.0060296694958091,0.0019133267400292,0.9919616950503196,0.0059819486691454,0.0018964032469547,0.533407727745732,0.0,0.0,,20231.0,0.4821583384873772,0.8,16,1.413235373085603,0.4480252670930537,202301.0,
T030,wf2023,2023,band,return,retained,month,20,421.15,421.15,1.0,0.0017474604275725,0.0005847161031142,0.9930412547909708,0.0017461781438975,0.0005833119068009,0.5353371092247807,0.0,0.0,,20231.0,0.1473484579847861,0.65,20,0.4400368922621876,0.1469946005138468,202302.0,
T030,wf2023,2023,band,return,retained,month,23,422.1304347826087,422.1304347826087,1.0,-0.0007997166010719,-6.203642728992317e-05,0.9940640743235328,-0.0007953149985344,-5.906729793276798e-05,0.5169817050697997,0.0,0.0,,20231.0,-0.0156331796770606,0.4782608695652174,23,-0.2004193796306921,-0.0148849590790575,202303.0,
T030,wf2023,2023,band,return,retained,month,19,419.4736842105263,419.4736842105263,1.0,-0.0019608151058348,-0.0002091788999619,0.992161761276079,-0.0019559490530231,-0.000208627400231,0.519037096621716,0.0,0.0,,20232.0,-0.0527130827904145,0.4736842105263157,19,-0.4928991613618391,-0.052574104858213,202304.0,
T030,wf2023,2023,band,return,retained,month,20,417.15,417.15,1.0,0.00114875010477,0.0016572557619365,0.9927490239276424,0.0011213971787355,0.0016441848057474,0.5218742822447121,0.0,0.0,,20232.0,0.4176284520080026,0.8,20,0.2825920890413488,0.4143345710483606,202305.0,
T030,wf2023,2023,band,return,retained,month,20,421.5,421.5,1.0,0.0023019440437387,0.0010005576919619,0.9876166407089984,0.0022794701208408,0.0009860868265273,0.522517052549992,0.0,0.0,,20232.0,0.2521405383744139,0.75,20,0.574426470451882,0.2484938802849008,202306.0,
T030,wf2023,2023,band,return,retained,month,21,439.0,439.0,1.0,-0.0004664787426116,-0.0008008565721912,0.9935304083101912,-0.0004685188095243,-0.000798452637117,0.5007409501761432,0.0,0.0,,20233.0,-0.201815856192199,0.3809523809523809,21,-0.118066740000142,-0.2012100645535047,202307.0,
T030,wf2023,2023,band,return,retained,month,23,441.60869565217394,441.60869565217394,1.0,-0.0008844494779037,0.0007856864127332,0.9942211211882492,-0.00088802736028,0.0007789597147095,0.5086002923886229,0.0,0.0,,20233.0,0.1979929760087846,0.6086956521739131,23,-0.2237828947905785,0.196297848106804,202308.0,
T030,wf2023,2023,band,return,retained,month,20,443.2,443.2,1.0,0.0004979052511014,0.0009139590325525,0.995288685985594,0.0004958191625708,0.0009088068621475,0.5018562461094802,0.0,0.0,,20233.0,0.2303176762032525,0.65,20,0.1249464289678628,0.2290193292611884,202309.0,
T030,wf2023,2023,band,return,retained,month,17,441.4117647058824,441.4117647058824,1.0,-0.0002745375733837,2.7475903531891436e-05,0.992593545842968,-0.0002826358949578,2.729341511303366e-05,0.5299402851216737,0.0,0.0,,20234.0,0.0069239276900366,0.5294117647058824,17,-0.0712242455293682,0.0068779406084844,202310.0,
T030,wf2023,2023,band,return,retained,month,22,443.59090909090907,443.59090909090907,1.0,0.0025241727948445,0.0009715988989551,0.9950044809839496,0.0025217938005916,0.0009678065397434,0.4936365507997615,0.0,0.0,,20234.0,0.2448429225366957,0.6363636363636364,22,0.6354920377490926,0.2438872480153535,202311.0,
T030,wf2023,2023,band,return,retained,month,21,445.3333333333333,445.3333333333333,1.0,-0.0012935540753686,-5.994120232562084e-05,0.996378182754486,-0.0012980966573625,-5.979112785111936e-05,0.4963087734734381,0.0,0.0,,20234.0,-0.0151051829860564,0.4761904761904761,21,-0.3271203576553598,-0.015067364218482,202312.0,
T030,wf2023,2023,band,turn,entered,month,15,3.4,3.4,1.0,-0.0013318953256768,-0.0055668115287409,0.0073913841046427,,,0.9915565205403916,0.0,0.0,,20231.0,-1.4028365052427298,0.4615384615384615,16,,,202301.0,
T030,wf2023,2023,band,turn,entered,month,20,2.95,2.95,1.0,0.0133832557357234,0.0118734250799898,0.0063973084601778,,,0.9938169198384252,0.0,0.0,,20231.0,2.992103120157452,0.7222222222222222,20,,,202302.0,
T030,wf2023,2023,band,turn,entered,month,23,2.5217391304347827,2.5217391304347827,1.0,0.0079365121817873,0.0083090945212249,0.005459141376438,,,0.9946327956989248,0.0,0.0,,20231.0,2.0938918193486984,0.55,23,,,202303.0,
T030,wf2023,2023,band,turn,entered,month,19,3.3157894736842106,3.3157894736842106,1.0,-0.0004459506652705,0.0002805803471866,0.00719120775447,,,0.9935015929908402,0.0,0.0,,20232.0,0.0707062474910282,0.4444444444444444,19,,,202304.0,
T030,wf2023,2023,band,turn,entered,month,20,3.05,3.05,1.0,-0.0029793427698225,-0.0034132751224373,0.0066262299051805,,,0.9914250630558874,0.0,0.0,,20232.0,-0.8601453308542117,0.3333333333333333,20,,,202305.0,
T030,wf2023,2023,band,turn,entered,month,20,5.3,5.3,1.0,0.0057884247567461,0.0045625849250157,0.0115435907381531,,,0.9892038980865148,0.0,0.0,,20232.0,1.1497714011039764,0.5,20,,,202306.0,
T030,wf2023,2023,band,turn,entered,month,21,2.857142857142857,2.857142857142857,1.0,0.0017588922042329,0.001645126481291,0.0062049453688758,,,0.993161038797711,0.0,0.0,,20233.0,0.4145718732853534,0.3157894736842105,21,,,202307.0,
T030,wf2023,2023,band,turn,entered,month,23,2.565217391304348,2.565217391304348,1.0,0.0067266721411358,0.006989193207874,0.0055679832721804,,,0.9941831370541048,0.0,0.0,,20233.0,1.7612766883842648,0.5714285714285714,23,,,202308.0,
T030,wf2023,2023,band,turn,entered,month,20,2.1,2.1,1.0,0.0085300480354462,0.0085855581081457,0.0045539182323305,,,0.993542612504978,0.0,0.0,,20233.0,2.1635606432527315,0.7222222222222222,20,,,202309.0,
T030,wf2023,2023,band,turn,entered,month,17,3.294117647058824,3.294117647058824,1.0,-0.0060259853798316,-0.0063376919202891,0.0071681571053755,,,0.9904881272401436,0.0,0.0,,20234.0,-1.5970983639128782,0.25,17,,,202310.0,
T030,wf2023,2023,band,turn,entered,month,22,2.227272727272727,2.227272727272727,1.0,0.0192439378693043,0.018246193086952,0.0048423511702243,,,0.991454002389486,0.0,0.0,,20234.0,4.598040657911923,0.7222222222222222,22,,,202311.0,
T030,wf2023,2023,band,turn,entered,month,21,1.619047619047619,1.619047619047619,1.0,0.0203645794859663,0.0180414849350202,0.0035165426169987,,,0.9927753882915176,0.0,0.0,,20234.0,4.546454203625096,0.5333333333333333,21,,,202312.0,
T030,wf2023,2023,band,turn,initial,month,1,454.0,454.0,1.0,0.0012702644019719,-0.0033680401473306,1.0,,,0.9287011510586898,0.0,1.0,,20231.0,-0.848746117127322,0.0,16,,,202301.0,
T030,wf2023,2023,band,turn,retained,month,15,456.9333333333333,456.06666666666666,0.9981060538086092,0.0059164606312745,0.0018001178754947,0.9926086158953572,,,0.4947052744909551,0.7333333333333333,0.0,,20231.0,0.4536297046246725,0.8,16,,,202301.0,
T030,wf2023,2023,band,turn,retained,month,20,458.3,457.5,0.9982496331009646,0.0014466444506366,0.0002839001261783,0.9936026915398222,,,0.4958611204922963,0.75,0.0,,20231.0,0.0715428317969489,0.65,20,,,202302.0,
T030,wf2023,2023,band,turn,retained,month,23,459.1739130434783,459.1739130434783,1.0,-0.0008316355577,-9.395538391799416e-05,0.994540858623562,,,0.4788098849234536,0.0,0.0,,20231.0,-0.0236767567473345,0.4347826086956521,23,,,202303.0,
T030,wf2023,2023,band,turn,retained,month,19,457.5263157894737,456.2631578947368,0.997225797091054,-0.0021008087359817,-0.0003491725301088,0.99280879224553,,,0.4799262569210468,0.631578947368421,0.0,,20232.0,-0.0879914775874286,0.5263157894736842,19,,,202304.0,
T030,wf2023,2023,band,turn,retained,month,20,457.0,449.65,0.9839161518358572,0.0009173907631597,0.0014258964203261,0.9933737700948194,,,0.489130601206356,7.25,0.0,,20232.0,0.359325897922194,0.6,20,,,202305.0,
T030,wf2023,2023,band,turn,retained,month,20,453.6,446.55,0.9844665472187843,0.0021907144894402,0.0008893281376634,0.9884564092618472,,,0.4967101548069265,6.85,0.0,,20232.0,0.2241106906911801,0.7,20,,,202306.0,
T030,wf2023,2023,band,turn,retained,month,21,457.7619047619048,454.1904761904762,0.9922028568138492,-0.0005573944016964,-0.000891772231276,0.9937950546311244,,,0.4858358292306413,3.4285714285714284,0.0,,20233.0,-0.2247266022815574,0.3333333333333333,21,,,202307.0,
T030,wf2023,2023,band,turn,retained,month,23,458.3478260869565,454.3478260869565,0.991272812128682,-0.0011917095228528,0.0004784263677841,0.9944320167278196,,,0.4964795738138071,4.0,0.0,,20233.0,0.1205634446816098,0.5652173913043478,23,,,202308.0,
T030,wf2023,2023,band,turn,retained,month,20,458.75,454.65,0.9910629267590132,0.0001295402857209,0.000545594067172,0.9954460817676696,,,0.4910728765335864,4.05,0.0,,20233.0,0.1374897049273521,0.65,20,,,202309.0,
T030,wf2023,2023,band,turn,retained,month,17,456.1764705882353,451.4117647058824,0.989557331566771,-0.0005317066080984,-0.0002296931311828,0.9928318428946246,,,0.5191186781216647,4.647058823529412,0.0,,20234.0,-0.0578826690580677,0.4117647058823529,17,,,202310.0,
T030,wf2023,2023,band,turn,retained,month,22,457.7272727272728,453.7272727272728,0.9912610229915878,0.0022451723526623,0.0006925984567728,0.9951576488297758,,,0.4834561552853446,4.0,0.0,,20234.0,0.1745348111067649,0.5909090909090909,22,,,202311.0,
T030,wf2023,2023,band,turn,retained,month,21,458.6190476190476,453.8571428571428,0.989618323344368,-0.0013825010450798,-0.0001488881720368,0.9964834573830011,,,0.4892852926204288,4.571428571428571,0.0,,20234.0,-0.0375198193532906,0.4285714285714285,21,,,202312.0,
T030,wf2023,2023,band,return,entered,quarter,58,2.896551724137931,2.896551724137931,1.0,0.0074963570126464,0.0060300978821702,0.0068323408445609,3.20052761272914e-05,2.465053702513525e-05,0.993560690943044,0.0,0.0,202302.1379310345,,1.5195846663069132,0.5882352941176471,59,0.0079286290826523,0.0061066482908368,,20231.0
T030,wf2023,2023,band,return,entered,quarter,59,3.8983050847457625,3.8983050847457625,1.0,0.000787710440551,0.0004766300499216,0.0091798854749438,2.130161624569557e-05,1.5136802048342726e-05,0.9913768513777476,0.0,0.0,202305.01694915252,,0.1201107725802644,0.4259259259259259,59,0.0053680072939152,0.0038144741161823,,20232.0
T030,wf2023,2023,band,return,entered,quarter,64,2.515625,2.515625,1.0,0.0056589643359019,0.0057339742492501,0.0056719049756932,3.301738431834223e-05,3.3648952375442114e-05,0.9936495282824538,0.0,0.0,202307.984375,,1.444961510811042,0.5344827586206896,64,0.0083203808482222,0.0084795359986114,,20233.0
T030,wf2023,2023,band,return,entered,quarter,60,2.316666666666667,2.316666666666667,1.0,0.0113355879155033,0.0101561363033839,0.0051978216863074,3.970161239922626e-05,3.633459705951206e-05,0.9915431204739958,0.0,0.0,202311.06666666668,,2.5593463484527548,0.5102040816326531,60,0.010004806324605,0.009156318458997,,20234.0
T030,wf2023,2023,band,return,initial,quarter,1,417.0,417.0,1.0,0.0011586173656523,-0.0034796871836502,1.0,0.0011586173656523,-0.0034796871836502,0.9326979706557336,0.0,1.0,202301.0,,-0.8768811702798713,0.0,59,0.0049486707821082,-0.0148623927166079,,20231.0
T030,wf2023,2023,band,return,retained,quarter,58,421.1896551724138,421.1896551724138,1.0,0.001844840847654,0.000671851471294,0.993167659155439,0.001833802550842,0.0006681679135842,0.527559264091155,0.0,0.0,202302.1379310345,,0.1693065707661032,0.6206896551724138,59,0.4542857302221608,0.1655244444906351,,20231.0
T030,wf2023,2023,band,return,retained,quarter,59,419.3728813559322,419.3728813559322,1.0,0.0005382778976154,0.000833591016588,0.990820114525056,0.0005229544743065,0.0008244324074764,0.5211785005374016,0.0,0.0,202305.01694915252,,0.2100649361801771,0.6779661016949152,59,0.1317845275252486,0.2077569666840538,,20232.0
T030,wf2023,2023,band,return,retained,quarter,64,441.25,441.25,1.0,-0.0003153169775719,0.0003051871894984,0.9943280950243067,-0.0003179240786724,0.0003019485203408,0.5039139312629208,0.0,0.0,202307.984375,,0.0769071717536081,0.546875,64,-0.0801168678254536,0.0760910271258853,,20233.0
T030,wf2023,2023,band,return,retained,quarter,60,443.5833333333333,443.5833333333333,1.0,0.0003950004526052,0.0003430583481369,0.9948021783136926,0.0003902437265686,0.00034166863744,0.5048578867934236,0.0,0.0,202311.06666666668,,0.0864507037305123,0.55,60,0.0983414190953037,0.0861004966348981,,20234.0
T030,wf2023,2023,band,turn,entered,quarter,58,2.896551724137931,2.896551724137931,1.0,0.0074963570126464,0.0060300978821702,0.0062823652143322,,,0.993560690943044,0.0,0.0,202302.1379310345,,1.5195846663069132,0.5882352941176471,59,,,,20231.0
T030,wf2023,2023,band,turn,entered,quarter,59,3.8983050847457625,3.8983050847457625,1.0,0.000787710440551,0.0004766300499216,0.0084750739017221,,,0.9913768513777476,0.0,0.0,202305.01694915252,,0.1201107725802644,0.4259259259259259,59,,,,20232.0
T030,wf2023,2023,band,turn,entered,quarter,64,2.515625,2.515625,1.0,0.0056589643359019,0.0057339742492501,0.0054600911352055,,,0.9936495282824538,0.0,0.0,202307.984375,,1.444961510811042,0.5344827586206896,64,,,,20233.0
T030,wf2023,2023,band,turn,entered,quarter,60,2.316666666666667,2.316666666666667,1.0,0.0113355879155033,0.0101561363033839,0.0050372965248882,,,0.9915431204739958,0.0,0.0,202311.06666666668,,2.5593463484527548,0.5102040816326531,60,,,,20234.0
T030,wf2023,2023,band,turn,initial,quarter,1,454.0,454.0,1.0,0.0012702644019719,-0.0033680401473306,1.0,,,0.9287011510586898,0.0,1.0,202301.0,,-0.848746117127322,0.0,59,,,,20231.0
T030,wf2023,2023,band,turn,retained,quarter,58,458.2931034482759,457.7931034482759,0.998906611537042,0.0016991755285302,0.0005261861521702,0.9937176347856675,,,0.4888004979387877,0.4482758620689655,0.0,202302.1379310345,,0.132598910346903,0.603448275862069,59,,,,20231.0
T030,wf2023,2023,band,turn,retained,quarter,59,456.0169491525424,450.728813559322,0.988388883488523,0.0003770633740397,0.0006723764930122,0.991524926098278,,,0.4887358305383991,4.983050847457627,0.0,202305.01694915252,,0.1694388762390904,0.6101694915254238,59,,,,20232.0
T030,wf2023,2023,band,turn,retained,quarter,64,458.28125,454.390625,0.9915123938629808,-0.000570684308544,4.981985852625038e-05,0.9945399088647946,,,0.4912975022223868,3.828125,0.0,202307.984375,,0.012554604348615,0.515625,64,,,,20233.0
T030,wf2023,2023,band,turn,retained,quarter,60,457.6,453.1166666666667,0.990203365544696,0.0001887042912369,0.0001367621867686,0.9949627034751116,,,0.4956007348229148,4.383333333333334,0.0,202311.06666666668,,0.0344640710657095,0.4833333333333333,60,,,,20234.0
Y1,wf2023,2023,raw,return,entered,year,241,311.6721991701245,311.6721991701245,1.0,0.0014505912570946,0.0013924411766585,0.7170522825459034,0.0011816745627215,0.0010146954268324,0.9460949126851592,0.0,0.0,202306.6182572614,20232.522821576764,0.3508951765179498,0.6846473029045643,242,0.2965514857157119,0.254646622571862,,
Y1,wf2023,2023,raw,return,initial,year,1,417.0,417.0,1.0,0.0060114168317882,0.0013731122824856,1.0,0.0060114168317882,0.0013731122824856,0.9348077666898738,0.0,1.0,202301.0,20231.0,0.3460242951863839,1.0,242,0.0062598224859943,0.0014298524594478,,
Y1,wf2023,2023,raw,return,retained,year,241,122.8713692946058,122.8713692946058,1.0,0.001094379582871,0.0010362295024349,0.2829477174540966,0.0001767244921691,0.0002855535476221,0.9513035963617392,0.0,0.0,202306.6182572614,20232.522821576764,0.2611298346136024,0.5933609958506224,242,0.0443505448695025,0.0716621407197819,,
Y1,wf2023,2023,raw,turn,entered,year,241,331.8547717842324,331.7883817427386,0.9997974275899444,0.0014270972560517,0.0013689471756156,0.7206667124543845,,,0.9431385558598868,0.0,0.0,202306.6182572614,20232.522821576764,0.3449746882551541,0.6970954356846473,242,,,,
Y1,wf2023,2023,raw,turn,initial,year,1,454.0,454.0,1.0,0.0059404450213911,0.0013021404720885,1.0,,,0.9307616882194116,0.0,1.0,202301.0,20231.0,0.3281393989663211,1.0,242,,,,
Y1,wf2023,2023,raw,turn,retained,year,241,128.60165975103735,128.5767634854772,0.9997819666161668,0.0011141418065558,0.0010559917261197,0.2793332875456153,,,0.9489216435932064,0.0,0.0,202306.6182572614,20232.522821576764,0.2661099149821823,0.6016597510373444,242,,,,
Y1,wf2023,2023,raw,return,entered,month,15,299.3333333333333,299.3333333333333,1.0,0.0045841970769431,0.0004678543211633,0.7073528498089103,0.0032593316625191,0.0003609334952111,0.947276262568012,0.0,0.0,,20231.0,0.1178992889331581,0.5333333333333333,16,0.7700171052701529,0.0852705382436368,202301.0,
Y1,wf2023,2023,raw,return,entered,month,20,291.4,291.4,1.0,0.003696570963105,0.0025338266386467,0.687051323739135,0.0029037187272415,0.0018308466495174,0.9486602141946786,0.0,0.0,,20231.0,0.6385243129389769,0.8,20,0.731737119264883,0.4613733556783946,202302.0,
Y1,wf2023,2023,raw,return,entered,month,23,314.30434782608694,314.30434782608694,1.0,0.0010113702920852,0.0017490504658672,0.7401219692133632,0.0010514902548024,0.0013218180104445,0.949033402859273,0.0,0.0,,20231.0,0.4407607173985434,0.6521739130434783,23,0.2649755442102104,0.3330981386320154,202303.0,
Y1,wf2023,2023,raw,return,entered,month,19,315.7894736842105,315.7894736842105,1.0,0.0010866175042017,0.0028382537100746,0.7468075144751515,0.0008785891638788,0.0020512359008129,0.9474441948733358,0.0,0.0,,20232.0,0.7152399349388053,0.6842105263157895,19,0.2214044692974766,0.516911447004861,202304.0,
Y1,wf2023,2023,raw,return,entered,month,20,293.35,293.35,1.0,0.0001344728926412,0.0006429785498076,0.698129549030886,0.0003645789877127,0.0005466599215154,0.9468515749935212,0.0,0.0,,20232.0,0.1620305945515296,0.7,20,0.0918739049036208,0.1377583002218954,202305.0,
Y1,wf2023,2023,raw,return,entered,month,20,292.95,292.95,1.0,0.0017881332434351,0.0004867468916583,0.685989958735678,0.001138821977507,0.0003651424085839,0.944656727191114,0.0,0.0,,20232.0,0.1226602166979048,0.55,20,0.286983138331778,0.0920158869631561,202306.0,
Y1,wf2023,2023,raw,return,entered,month,21,315.57142857142856,315.57142857142856,1.0,0.00246840454451,0.0021340267149305,0.7142368380460837,0.0018968288457891,0.0015001234320148,0.9465593244001071,0.0,0.0,,20233.0,0.5377747321624904,0.8571428571428571,21,0.4780008691388657,0.378031104867754,202307.0,
Y1,wf2023,2023,raw,return,entered,month,23,327.7826086956522,327.7826086956522,1.0,1.2364728870756463e-05,0.0016825006195077,0.7379603996157218,6.364391645302592e-05,0.0012557184260513,0.9458602786617192,0.0,0.0,,20233.0,0.4239901561159592,0.7391304347826086,23,0.0160382669461625,0.3164410433649287,202308.0,
Y1,wf2023,2023,raw,return,entered,month,20,320.8,320.8,1.0,-0.0003759017394184,4.0152042032636206e-05,0.720365366337836,-3.229387252866268e-05,-1.557359533798904e-07,0.9457292551515586,0.0,0.0,,20233.0,0.0101183145922243,0.5,20,-0.0081380558772229,-3.924546025173238e-05,202309.0,
Y1,wf2023,2023,raw,return,entered,month,17,323.4117647058824,323.4117647058824,1.0,0.0003011805419393,0.000603194018855,0.7272932213844882,0.0004693720668414,0.0004160000012951,0.9435097968984236,0.0,0.0,,20234.0,0.1520048927514612,0.7058823529411765,17,0.1182817608440414,0.1048320003263743,202310.0,
Y1,wf2023,2023,raw,return,entered,month,22,309.5,309.5,1.0,0.0024186841202048,0.0008661102243153,0.6940658556857762,0.0018326745499499,0.0005935719399488,0.9440746501969848,0.0,0.0,,20234.0,0.2182597765274783,0.6363636363636364,22,0.4618339865873836,0.1495801288671052,202311.0,
Y1,wf2023,2023,raw,return,entered,month,21,331.0,331.0,1.0,0.0010287988693518,0.0022624117423948,0.7405209020890657,0.0008535346300042,0.0016375112208161,0.9433678831619288,0.0,0.0,,20234.0,0.5701277590834897,0.8095238095238095,21,0.2150907267610805,0.4126528276456634,202312.0,
Y1,wf2023,2023,raw,return,initial,month,1,417.0,417.0,1.0,0.0060114168317882,0.0013731122824856,1.0,0.0060114168317882,0.0013731122824856,0.9348077666898738,0.0,1.0,,20231.0,0.3460242951863839,1.0,16,0.0946798151006651,0.0216265184491489,202301.0,
Y1,wf2023,2023,raw,return,retained,month,15,123.86666666666666,123.86666666666666,1.0,0.0052361978073885,0.0011198550516087,0.2926471501910896,0.0014830375021336,0.0002650929136617,0.949497026102721,0.0,0.0,,20231.0,0.282203473005397,0.6,16,0.350367609879072,0.0626282008525968,202301.0,
Y1,wf2023,2023,raw,return,retained,month,20,132.7,132.7,1.0,0.0033418776817976,0.0021791333573393,0.3129486762608649,0.0006273379190377,0.0005374656723035,0.952378683758202,0.0,0.0,,20231.0,0.5491416060495133,0.8,20,0.1580891555975042,0.135441349420499,202302.0,
Y1,wf2023,2023,raw,return,retained,month,23,110.34782608695652,110.34782608695652,1.0,5.980455433505532e-05,0.000797484728117,0.2598780307866369,-0.0002291911507463,0.0002381612673935,0.9538163743633016,0.0,0.0,,20231.0,0.2009661514855036,0.5652173913043478,23,-0.0577561699880793,0.0600166393831855,202303.0,
Y1,wf2023,2023,raw,return,retained,month,19,107.0,107.0,1.0,-0.0006592998705072,0.0010923363353656,0.2531924855248485,-0.0002514229798227,0.0003275664891161,0.951578239286495,0.0,0.0,,20232.0,0.2752687565121416,0.5263157894736842,19,-0.0633585909153267,0.082546755257265,202304.0,
Y1,wf2023,2023,raw,return,retained,month,20,126.85,126.85,1.0,-0.0009237047735427,-0.0004151991163762,0.301870450969114,-0.0005627800417713,-0.0002363553184076,0.9508578493100104,0.0,0.0,,20232.0,-0.1046301773268243,0.4,20,-0.1418205705263836,-0.0595615402387189,202305.0,
Y1,wf2023,2023,raw,return,retained,month,20,133.85,133.85,1.0,0.0007011797679858,-0.0006002065837909,0.3140100412643221,0.000314993788764,-0.0002127129940896,0.9484236253545866,0.0,0.0,,20232.0,-0.1512520591153116,0.35,20,0.0793784347685336,-0.0536036745105977,202306.0,
Y1,wf2023,2023,raw,return,retained,month,21,126.28571428571428,126.28571428571428,1.0,0.003400390097869,0.0030660122682895,0.2857631619539161,0.0008652242526485,0.0009275518368432,0.951335651446202,0.0,0.0,,20233.0,0.7726350916089567,0.8095238095238095,21,0.2180365116674283,0.2337430628844864,202307.0,
Y1,wf2023,2023,raw,return,retained,month,23,116.3913043478261,116.3913043478261,1.0,0.000262861471588,0.001932997362225,0.2620396003842781,8.211045788791087e-05,0.0005601718389266,0.9530626722683704,0.0,0.0,,20233.0,0.487115335280711,0.6521739130434783,23,0.0206918353877535,0.1411633034095159,202308.0,
Y1,wf2023,2023,raw,return,retained,month,20,124.5,124.5,1.0,-0.0001390062339292,0.0002770475475218,0.2796346336621639,-0.0002507666697062,0.0001331489751695,0.951472475301242,0.0,0.0,,20233.0,0.0698159819755069,0.45,20,-0.0631932007659792,0.0335535417427279,202309.0,
Y1,wf2023,2023,raw,return,retained,month,17,121.29411764705884,121.29411764705884,1.0,-0.0002755403309689,2.647314594671611e-05,0.2727067786155118,-0.0003313116768418,2.4073865620098005e-05,0.9486061617232596,0.0,0.0,,20234.0,0.0066712327785724,0.6470588235294118,17,-0.0834905425641507,0.0060666141362646,202310.0,
Y1,wf2023,2023,raw,return,retained,month,22,136.3181818181818,136.3181818181818,1.0,0.0021365108208934,0.000583936925004,0.3059341443142238,0.0004923642307319,0.0001788929448436,0.9498734648095856,0.0,0.0,,20234.0,0.1471521051010219,0.6363636363636364,22,0.1240757861444529,0.0450810221005958,202311.0,
Y1,wf2023,2023,raw,return,retained,month,21,115.95238095238096,115.95238095238096,1.0,0.0008082722842774,0.0020418851573204,0.2594790979109344,0.0001218956586311,0.0005715319408623,0.9532992563194804,0.0,0.0,,20234.0,0.5145550596447431,0.6666666666666666,21,0.0307177059750602,0.1440260490973081,202312.0,
Y1,wf2023,2023,raw,turn,entered,month,15,327.3333333333333,327.26666666666665,0.999789695057834,0.004594629314327,0.0004782865585472,0.7111341425454337,,,0.943089609815771,0.0,0.0,,20231.0,0.1205282127538978,0.6,16,,,202301.0,
Y1,wf2023,2023,raw,turn,entered,month,20,319.55,319.55,1.0,0.0036317644837076,0.0024690201592493,0.6927328726321706,,,0.9443802062054,0.0,0.0,,20231.0,0.6221930801308435,0.8,20,,,202302.0,
Y1,wf2023,2023,raw,turn,entered,month,23,344.5217391304348,344.5217391304348,1.0,0.000875547834119,0.0016132280079011,0.7461901172723355,,,0.9447750026743827,0.0,0.0,,20231.0,0.4065334579910826,0.6521739130434783,23,,,202303.0,
Y1,wf2023,2023,raw,turn,entered,month,19,346.3157894736842,345.8421052631579,0.9985749926739158,0.0009593055501718,0.0027109417560448,0.7513679524858389,,,0.943180701707636,0.0,0.0,,20232.0,0.6831573225232935,0.7368421052631579,19,,,202304.0,
Y1,wf2023,2023,raw,turn,entered,month,20,323.5,323.45,0.9998275862068964,0.000238069860663,0.0007465755178294,0.703153248193255,,,0.94230288634422,0.0,0.0,,20232.0,0.188137030493026,0.7,20,,,202305.0,
Y1,wf2023,2023,raw,turn,entered,month,20,317.4,317.3,0.999677735888034,0.0018384265219588,0.000537040170182,0.6916921420802533,,,0.9408762476994708,0.0,0.0,,20232.0,0.1353341228858672,0.55,20,,,202306.0,
Y1,wf2023,2023,raw,turn,entered,month,21,330.0952380952381,330.0952380952381,1.0,0.0024013182150515,0.0020669403854719,0.716627638114492,,,0.9444198530631958,0.0,0.0,,20233.0,0.5208689771389285,0.8571428571428571,21,,,202307.0,
Y1,wf2023,2023,raw,turn,entered,month,23,341.0869565217391,341.0434782608696,0.9998754204559612,2.2740476355706764e-05,0.0016928763669927,0.7400840011636367,,,0.9439842248058848,0.0,0.0,,20233.0,0.4266048444821667,0.7391304347826086,23,,,202308.0,
Y1,wf2023,2023,raw,turn,entered,month,20,333.65,333.65,1.0,-0.0003700429219408,4.601085951025418e-05,0.7239636717536009,,,0.9438719936930976,0.0,0.0,,20233.0,0.011594736596584,0.5,20,,,202309.0,
Y1,wf2023,2023,raw,turn,entered,month,17,334.47058823529414,334.4117647058824,0.999829989799388,0.0002119198311185,0.0005139333080342,0.7279478836601116,,,0.941917953161917,0.0,0.0,,20234.0,0.1295111936246316,0.7058823529411765,17,,,202310.0,
Y1,wf2023,2023,raw,turn,entered,month,22,320.1363636363636,320.1363636363636,1.0,0.0024388473959834,0.000886273500094,0.6958965457869167,,,0.9424661512198304,0.0,0.0,,20234.0,0.223340922023696,0.6818181818181818,22,,,202311.0,
Y1,wf2023,2023,raw,turn,entered,month,21,341.6666666666667,341.6190476190476,0.999859943977591,0.0010321067216608,0.0022657195947037,0.7423101247115665,,,0.9418975298450064,0.0,0.0,,20234.0,0.5709613378653533,0.8095238095238095,21,,,202312.0,
Y1,wf2023,2023,raw,turn,initial,month,1,454.0,454.0,1.0,0.0059404450213911,0.0013021404720885,1.0,,,0.9307616882194116,0.0,1.0,,20231.0,0.3281393989663211,1.0,16,,,202301.0,
Y1,wf2023,2023,raw,turn,retained,month,15,133.0,133.0,1.0,0.005249475367116,0.0011331326113361,0.2888658574545662,,,0.9459384286444624,0.0,0.0,,20231.0,0.2855494180567171,0.6,16,,,202301.0,
Y1,wf2023,2023,raw,turn,retained,month,20,141.7,141.7,1.0,0.0033769129630571,0.0022141686385988,0.3072671273678292,,,0.9489920892513174,0.0,0.0,,20231.0,0.5579704969269036,0.75,20,,,202302.0,
Y1,wf2023,2023,raw,turn,retained,month,23,117.17391304347828,117.17391304347828,1.0,0.0001889730935248,0.0009266532673068,0.2538098827276646,,,0.9508099065626914,0.0,0.0,,20231.0,0.2335166233613248,0.5652173913043478,23,,,202303.0,
Y1,wf2023,2023,raw,turn,retained,month,19,114.52631578947368,114.21052631578948,0.9972344186576952,-0.0006830881521309,0.0010685480537419,0.2486320475141611,,,0.9481693190782132,0.0,0.0,,20232.0,0.2692741095429658,0.5263157894736842,19,,,202304.0,
Y1,wf2023,2023,raw,turn,retained,month,20,136.55,136.55,1.0,-0.000743700055608,-0.0002351943984415,0.2968467518067451,,,0.9469714695821674,0.0,0.0,,20232.0,-0.0592689884072825,0.45,20,,,202305.0,
Y1,wf2023,2023,raw,turn,retained,month,20,141.5,141.5,1.0,0.0006618269436189,-0.0006395594081578,0.3083078579197467,,,0.9455161242837812,0.0,0.0,,20232.0,-0.1611689708557676,0.35,20,,,202306.0,
Y1,wf2023,2023,raw,turn,retained,month,21,130.52380952380952,130.52380952380952,1.0,0.0034795851599017,0.0031452073303222,0.2833723618855079,,,0.9495584481419,0.0,0.0,,20233.0,0.7925922472411995,0.8571428571428571,21,,,202307.0,
Y1,wf2023,2023,raw,turn,retained,month,23,119.82608695652172,119.82608695652172,1.0,0.0002562150641443,0.0019263509547813,0.2599159988363632,,,0.951405205545682,0.0,0.0,,20233.0,0.4854404406049111,0.6521739130434783,23,,,202308.0,
Y1,wf2023,2023,raw,turn,retained,month,20,127.2,127.2,1.0,-0.0001218670809838,0.0002941867004673,0.2760363282463991,,,0.950359847515944,0.0,0.0,,20233.0,0.0741350485177603,0.45,20,,,202309.0,
Y1,wf2023,2023,raw,turn,retained,month,17,125.0,125.0,1.0,-0.0003966384940426,-9.462501712693466e-05,0.2720521163398883,,,0.9469789639877628,0.0,0.0,,20234.0,-0.0238455043159875,0.6470588235294118,17,,,202310.0,
Y1,wf2023,2023,raw,turn,retained,month,22,139.8181818181818,139.8181818181818,1.0,0.0021073108992177,0.0005547370033283,0.3041034542130832,,,0.9484810724387014,0.0,0.0,,20234.0,0.139793724838743,0.6363636363636364,22,,,202311.0,
Y1,wf2023,2023,raw,turn,retained,month,21,118.57142857142856,118.57142857142856,1.0,0.0007786982377917,0.0020123111108347,0.2576898752884334,,,0.952006239534745,0.0,0.0,,20234.0,0.5071023999303509,0.7142857142857143,21,,,202312.0,
Y1,wf2023,2023,raw,return,entered,quarter,58,302.5344827586207,302.5344827586207,1.0,0.0028613084850725,0.0016883191087126,0.7133469743762708,0.0022611831955702,0.0012488405113575,0.9484502842789142,0.0,0.0,202302.1379310345,,0.4254564153955759,0.6724137931034483,59,0.5601602302788974,0.3093737782034311,,20231.0
Y1,wf2023,2023,raw,return,entered,quarter,59,300.4406779661017,300.4406779661017,1.0,0.0010016585644298,0.0012969716834023,0.7096903886501551,0.0007925629392897,0.000969653029109,0.9462984024794252,0.0,0.0,202305.01694915252,,0.3268368642173896,0.6440677966101694,59,0.1997258607010175,0.2443525633354812,,20232.0
Y1,wf2023,2023,raw,return,entered,quarter,64,321.59375,321.59375,1.0,0.000696919522037,0.0013174236891073,0.7246776580763451,0.0006351771623346,0.0009434531430066,0.9460487081977024,0.0,0.0,202307.984375,,0.3319907696550601,0.703125,64,0.1600646449083352,0.2377501920376744,,20233.0
Y1,wf2023,2023,raw,return,entered,quarter,60,320.96666666666664,320.96666666666664,1.0,0.001332264935231,0.0012803228307627,0.7197395422082292,0.0011037065410882,0.0009086386389671,0.9436672399667896,0.0,0.0,202311.06666666668,,0.3226413533522108,0.7166666666666667,60,0.2781340483542306,0.2289769370197268,,20234.0
Y1,wf2023,2023,raw,return,initial,quarter,1,417.0,417.0,1.0,0.0060114168317882,0.0013731122824856,1.0,0.0060114168317882,0.0013731122824856,0.9348077666898738,0.0,1.0,202301.0,,0.3460242951863839,1.0,59,0.0256758820611973,0.005864818562481,,20231.0
Y1,wf2023,2023,raw,return,retained,quarter,58,121.55172413793105,121.55172413793105,1.0,0.0025302763016635,0.0013572869253036,0.2866530256237292,0.0005089814559584,0.0003483347638112,0.9522035461562208,0.0,0.0,202302.1379310345,,0.342036305176514,0.6551724137931034,59,0.1260893722082951,0.0862925577604203,,20231.0
Y1,wf2023,2023,raw,return,retained,quarter,59,122.83050847457628,122.83050847457628,1.0,-0.0002877491127249,7.564006247509465e-06,0.2903096113498448,-0.0001649620623182,-4.673903316507258e-05,0.950264678639582,0.0,0.0,202305.01694915252,,0.0019061295743723,0.423728813559322,59,-0.0415704397042069,-0.0117782363575982,,20232.0
Y1,wf2023,2023,raw,return,retained,quarter,64,122.171875,122.171875,1.0,0.0011667793941123,0.0017872835611826,0.2753223419236549,0.0002350455694205,0.0005472737558189,0.9519990570088688,0.0,0.0,202307.984375,,0.4503954574180404,0.640625,64,0.0592314834939803,0.1379129864663693,,20233.0
Y1,wf2023,2023,raw,return,retained,quarter,60,124.93333333333334,124.93333333333334,1.0,0.0009882128400501,0.0009362707355818,0.2802604577917708,0.0001293253900174,0.0002724511876701,0.9507134226302564,0.0,0.0,202311.06666666668,,0.2359402253666304,0.65,60,0.0325899982843944,0.0686576992928846,,20234.0
Y1,wf2023,2023,raw,turn,entered,quarter,58,331.4655172413793,331.4482758620689,0.999945610790819,0.0027877987857551,0.0016148094093951,0.7186903842773901,,,0.9442029884975064,0.0,0.0,202302.1379310345,,0.4069319711675904,0.6896551724137931,59,,,,20231.0
Y1,wf2023,2023,raw,turn,entered,quarter,59,328.77966101694915,328.5762711864407,0.9993734119102206,0.0010128259848424,0.0013081391038149,0.714794896655951,,,0.942101966327439,0.0,0.0,202305.01694915252,,0.3296510541613635,0.6610169491525424,59,,,,20232.0
Y1,wf2023,2023,raw,turn,entered,quarter,64,335.15625,335.140625,0.999955229226361,0.0006804664848975,0.0013009706519679,0.7273497790974999,,,0.944092093105069,0.0,0.0,202307.984375,,0.327844604295922,0.703125,64,,,,20233.0
Y1,wf2023,2023,raw,turn,entered,quarter,60,331.7333333333333,331.7,0.9999028108353168,0.0013155253499254,0.0012635832454571,0.7212225108079494,,,0.9421118109555664,0.0,0.0,202311.06666666668,,0.3184229778552079,0.7333333333333333,60,,,,20234.0
Y1,wf2023,2023,raw,turn,initial,quarter,1,454.0,454.0,1.0,0.0059404450213911,0.0013021404720885,1.0,,,0.9307616882194116,0.0,1.0,202301.0,,0.3281393989663211,1.0,59,,,,20231.0
Y1,wf2023,2023,raw,turn,retained,quarter,58,129.72413793103448,129.72413793103448,1.0,0.0025970132917061,0.0014240239153461,0.2813096157226097,,,0.9489232080281929,0.0,0.0,202302.1379310345,,0.3588540266672294,0.6379310344827587,59,,,,20231.0
Y1,wf2023,2023,raw,turn,retained,quarter,59,131.135593220339,131.03389830508473,0.9991093890592578,-0.0002477311378011,4.758198117133091e-05,0.2852051033440491,,,0.9468638803356784,0.0,0.0,202305.01694915252,,0.0119906592551753,0.4406779661016949,59,,,,20232.0
Y1,wf2023,2023,raw,turn,retained,quarter,64,125.640625,125.640625,1.0,0.0011957327064622,0.0018162368735325,0.2726502209025001,,,0.9504725638882728,0.0,0.0,202307.984375,,0.4576916921302086,0.65625,64,,,,20233.0
Y1,wf2023,2023,raw,turn,retained,quarter,60,128.18333333333334,128.18333333333334,1.0,0.0009328441396282,0.0008809020351599,0.2787774891920506,,,0.949289283527884,0.0,0.0,202311.06666666668,,0.2219873128602988,0.6666666666666666,60,,,,20234.0
Y1,wf2023,2023,band,return,entered,year,241,1.954356846473029,1.954356846473029,1.0,0.0011290438005565,0.0007646478859538,0.0045220389743743,7.506845287616937e-06,5.006579381447645e-06,0.9960556028629308,0.0,0.0,202306.6182572614,20232.522821576764,0.192691267260368,0.5217391304347826,242,0.0018839079669733,0.0012564445412978,,
Y1,wf2023,2023,band,return,initial,year,1,417.0,417.0,1.0,0.0060114168317882,0.0013731122824856,1.0,0.0060114168317882,0.0013731122824856,0.9348077666898738,0.0,1.0,202301.0,20231.0,0.3460242951863839,1.0,242,0.0062598224859943,0.0014298524594478,,
Y1,wf2023,2023,band,return,retained,year,241,432.58921161825725,432.58921161825725,1.0,0.000717930360904,0.0006597802804679,0.9954779610256256,0.0007119471362193,0.0006562973216894,0.5892029662051238,0.0,0.0,202306.6182572614,20232.522821576764,0.1662646306779241,0.6804979253112033,242,0.1786693118879015,0.1647035080200065,,
Y1,wf2023,2023,band,turn,entered,year,241,1.954356846473029,1.954356846473029,1.0,0.0011290438005565,0.0007646478859538,0.0042443205229261,,,0.9960556028629308,0.0,0.0,202306.6182572614,20232.522821576764,0.192691267260368,0.5217391304347826,242,,,,
Y1,wf2023,2023,band,turn,initial,year,1,454.0,454.0,1.0,0.0059404450213911,0.0013021404720885,1.0,,,0.9307616882194116,0.0,1.0,202301.0,20231.0,0.3281393989663211,1.0,242,,,,
Y1,wf2023,2023,band,turn,retained,year,241,458.5020746887967,458.17427385892114,0.9992828045424184,0.0005241984895525,0.0004660484091164,0.9957556794770738,,,0.5617827307986507,0.2489626556016597,0.0,202306.6182572614,20232.522821576764,0.1174441990973465,0.6390041493775933,242,,,,
Y1,wf2023,2023,band,return,entered,month,15,3.2,3.2,1.0,0.0051378514680171,0.0008804040138851,0.0075616998901545,4.5699244319397074e-05,7.848482656234661e-07,0.99532808499744,0.0,0.0,,20231.0,0.2218618114990619,0.6666666666666666,16,0.0107964464704575,0.0001854204027535,202301.0,
Y1,wf2023,2023,band,return,entered,month,20,2.0,2.0,1.0,0.0076097618626601,0.0070536988379078,0.0047137053439353,2.931142848610831e-05,3.2233598616512264e-05,0.9968502304147469,0.0,0.0,,20231.0,1.7775321071527874,0.6428571428571429,20,0.0073864799784992,0.008122866851361,202302.0,
Y1,wf2023,2023,band,return,entered,month,23,1.6956521739130437,1.6956521739130437,1.0,0.0006673636405377,0.0001646561227899,0.0039917057072282,5.946907454812128e-06,2.953805308230906e-06,0.9975359477124184,0.0,0.0,,20231.0,0.0414933429430728,0.4705882352941176,23,0.0014986206786126,0.0007443589376741,202303.0,
Y1,wf2023,2023,band,return,entered,month,19,1.6842105263157894,1.6842105263157894,1.0,-0.0033308106782778,-0.0007335752861976,0.0039731263719226,-1.109527920634056e-05,-7.23808575306163e-06,0.9964587813620072,0.0,0.0,,20232.0,-0.1848609721217997,0.5384615384615384,19,-0.0027960103599978,-0.0018239976097715,202304.0,
Y1,wf2023,2023,band,return,entered,month,20,2.95,2.95,1.0,-0.0026695139481239,-0.001980148264513,0.0070223900803791,-3.0832371293301822e-06,-3.520645157396897e-06,0.995050933786078,0.0,0.0,,20232.0,-0.4989973626572945,0.4736842105263157,20,-0.0007769757565912,-0.000887202579664,202305.0,
Y1,wf2023,2023,band,return,entered,month,20,2.65,2.65,1.0,0.0050738557319638,0.0045118893913192,0.0062233543524661,5.495649494936136e-05,5.0278616790452685e-05,0.9940542413381124,0.0,0.0,,20232.0,1.1369961266124389,0.6,20,0.013849036727239,0.012670211431194,202306.0,
Y1,wf2023,2023,band,return,entered,month,21,1.8571428571428568,1.8571428571428568,1.0,-0.004169357480866,-0.0045493964193147,0.004203936887626,-1.72970302066911e-05,-2.18845613753883e-05,0.9968593717056716,0.0,0.0,,20233.0,-1.146447897667308,0.5882352941176471,21,-0.0043588516120861,-0.0055149094665978,202307.0,
Y1,wf2023,2023,band,return,entered,month,23,1.6956521739130437,1.6956521739130437,1.0,0.0047078748721317,0.0039423902942747,0.003818619203683,5.747071981700491e-06,2.582216893715269e-06,0.9973429541595928,0.0,0.0,,20233.0,0.993482354157225,0.4210526315789473,23,0.0014482621393885,0.0006507186572162,202308.0,
Y1,wf2023,2023,band,return,entered,month,20,0.95,0.95,1.0,0.0009417315996398,0.0013455713774894,0.0021318196667324,2.388414423562401e-07,2.5019272018479008e-06,0.9968734491315135,0.0,0.0,,20233.0,0.3390839871273423,0.4615384615384615,20,6.0188043473772495e-05,0.0006304856548656,202309.0,
Y1,wf2023,2023,band,return,entered,month,17,2.294117647058824,2.294117647058824,1.0,0.0041359386824572,0.0040313698488982,0.0051604474051893,1.6777813056671477e-05,1.906801527069159e-05,0.9947132616487456,0.0,0.0,,20234.0,1.0159052019223491,0.5384615384615384,17,0.0042280088902812,0.0048051398482142,202310.0,
Y1,wf2023,2023,band,return,entered,month,22,2.0,2.0,1.0,0.0006514308302124,-0.0003573479326801,0.0044845575469413,-9.576101253706348e-06,-3.0505916428738403e-06,0.9954659498207884,0.0,0.0,,20234.0,-0.0900516790354087,0.5,22,-0.0024131775159339,-0.0007687490940042,202311.0,
Y1,wf2023,2023,band,return,entered,month,21,0.9523809523809524,0.9523809523809524,1.0,-0.0042906178412469,-0.0043548811537525,0.0021315754772886,-1.3060556552660502e-05,-1.0587113237893224e-05,0.9957885304659498,0.0,0.0,,20234.0,-1.0974300507456456,0.4166666666666667,21,-0.0032912602512704,-0.002667952535949,202312.0,
Y1,wf2023,2023,band,return,initial,month,1,417.0,417.0,1.0,0.0060114168317882,0.0013731122824856,1.0,0.0060114168317882,0.0013731122824856,0.9348077666898738,0.0,1.0,,20231.0,0.3460242951863839,1.0,16,0.0946798151006651,0.0216265184491489,202301.0,
Y1,wf2023,2023,band,return,retained,month,15,420.0,420.0,1.0,0.0057664203600008,0.0016500776042209,0.9924383001098452,0.0057062146750046,0.0016347863152785,0.6523009208430836,0.0,0.0,,20231.0,0.4158195562636911,0.9333333333333332,16,1.348093216969842,0.3862182669845548,202301.0,
Y1,wf2023,2023,band,return,retained,month,20,422.1,422.1,1.0,0.0017550465593685,0.0005923022349102,0.9952862946560648,0.0017571581436405,0.0005914916490518,0.6294261584023745,0.0,0.0,,20231.0,0.1492601631973876,0.65,20,0.4428038521974242,0.149055895561069,202302.0,
Y1,wf2023,2023,band,return,retained,month,23,422.9565217391304,422.9565217391304,1.0,-0.0001098798542913,0.0006278003194907,0.9960082942927716,-0.0001159437961292,0.0006247294797993,0.6144386100200454,0.0,0.0,,20231.0,0.1582056805116604,0.6521739130434783,23,-0.0292178366245722,0.1574318289094361,202303.0,
Y1,wf2023,2023,band,return,retained,month,19,421.10526315789474,421.10526315789474,1.0,-0.0013300910783066,0.0004215451275662,0.9960268736280772,-0.0013269946195873,0.0004207843928322,0.5948535001500517,0.0,0.0,,20232.0,0.1062293721466916,0.5263157894736842,19,-0.3344026441360131,0.1060376669937366,202304.0,
Y1,wf2023,2023,band,return,retained,month,20,417.25,417.25,1.0,0.0008820476161299,0.0013905532732963,0.9929776099196208,0.0008690730455987,0.0013780161107931,0.6085109969859128,0.0,0.0,,20232.0,0.35041942487069,0.8,20,0.2190064074908737,0.3472600599198857,202305.0,
Y1,wf2023,2023,band,return,retained,month,20,424.15,424.15,1.0,0.0018375960826106,0.0005362097308338,0.993776645647534,0.0018320286756809,0.000535320202063,0.595135714137762,0.0,0.0,,20232.0,0.1351248521701344,0.7,20,0.4616712262715944,0.1349006909198861,202306.0,
Y1,wf2023,2023,band,return,retained,month,21,440.0,440.0,1.0,0.0010624762701393,0.0007280984405597,0.9957960631123742,0.0010545340713391,0.0007247437729282,0.5817418062838693,0.0,0.0,,20233.0,0.183480807021065,0.8095238095238095,21,0.2657425859774604,0.1826354307779186,202307.0,
Y1,wf2023,2023,band,return,retained,month,23,442.4782608695652,442.4782608695652,1.0,-0.0011720188141332,0.0004981170765037,0.996181380796317,-0.0011761518280076,0.0004971489177173,0.566231858549334,0.0,0.0,,20233.0,0.1255255032789399,0.5217391304347826,23,-0.2963902606579345,0.1252815272647663,202308.0,
Y1,wf2023,2023,band,return,retained,month,20,444.35,444.35,1.0,0.0004313325412529,0.000847386322704,0.9978681803332676,0.0004317584024016,0.0008455490980932,0.5587841139805916,0.0,0.0,,20233.0,0.2135413533214159,0.85,20,0.1088031174052178,0.2130783727195044,202309.0,
Y1,wf2023,2023,band,return,retained,month,17,442.4117647058824,442.4117647058824,1.0,6.029373322330399e-05,0.0003623072101389,0.9948395525948106,5.752159890998943e-05,0.0003572448736116,0.5520285683846079,0.0,0.0,,20234.0,0.0913014169550209,0.7058823529411765,17,0.0144954429253173,0.0900257081501327,202310.0,
Y1,wf2023,2023,band,return,retained,month,22,443.8181818181818,443.8181818181818,1.0,0.0014762689732531,-7.630492263625703e-05,0.9955154424530588,0.0014830728152423,-7.602659025793046e-05,0.5716077592341315,0.0,0.0,,20234.0,-0.0192288405043367,0.5,22,0.3737343494410666,-0.0191587007449984,202311.0,
Y1,wf2023,2023,band,return,retained,month,21,446.0,446.0,1.0,-0.0006026217665277,0.0006309911065152,0.9978684245227114,-0.0006016149109648,0.0006295245187633,0.5591518950027886,0.0,0.0,,20234.0,0.1590097588418353,0.6190476190476191,21,-0.1516069575631488,0.1586401787283605,202312.0,
Y1,wf2023,2023,band,turn,entered,month,15,3.2,3.2,1.0,0.0051378514680171,0.0008804040138851,0.0069537403405918,,,0.99532808499744,0.0,0.0,,20231.0,0.2218618114990619,0.6666666666666666,16,,,202301.0,
Y1,wf2023,2023,band,turn,entered,month,20,2.0,2.0,1.0,0.0076097618626601,0.0070536988379078,0.0043332606535551,,,0.9968502304147469,0.0,0.0,,20231.0,1.7775321071527874,0.6428571428571429,20,,,202302.0,
Y1,wf2023,2023,band,turn,entered,month,23,1.6956521739130437,1.6956521739130437,1.0,0.0006673636405377,0.0001646561227899,0.0036708631644032,,,0.9975359477124184,0.0,0.0,,20231.0,0.0414933429430728,0.4705882352941176,23,,,202303.0,
Y1,wf2023,2023,band,turn,entered,month,19,1.6842105263157894,1.6842105263157894,1.0,-0.0033308106782778,-0.0007335752861976,0.0036484630911833,,,0.9964587813620072,0.0,0.0,,20232.0,-0.1848609721217997,0.5384615384615384,19,,,202304.0,
Y1,wf2023,2023,band,turn,entered,month,20,2.95,2.95,1.0,-0.0026695139481239,-0.001980148264513,0.0064129123310848,,,0.995050933786078,0.0,0.0,,20232.0,-0.4989973626572945,0.4736842105263157,20,,,202305.0,
Y1,wf2023,2023,band,turn,entered,month,20,2.65,2.65,1.0,0.0050738557319638,0.0045118893913192,0.0057694194723256,,,0.9940542413381124,0.0,0.0,,20232.0,1.1369961266124389,0.6,20,,,202306.0,
Y1,wf2023,2023,band,turn,entered,month,21,1.8571428571428568,1.8571428571428568,1.0,-0.004169357480866,-0.0045493964193147,0.0040328092183851,,,0.9968593717056716,0.0,0.0,,20233.0,-1.146447897667308,0.5882352941176471,21,,,202307.0,
Y1,wf2023,2023,band,turn,entered,month,23,1.6956521739130437,1.6956521739130437,1.0,0.0047078748721317,0.0039423902942747,0.0036790422621255,,,0.9973429541595928,0.0,0.0,,20233.0,0.993482354157225,0.4210526315789473,23,,,202308.0,
Y1,wf2023,2023,band,turn,entered,month,20,0.95,0.95,1.0,0.0009417315996398,0.0013455713774894,0.0020602751621303,,,0.9968734491315135,0.0,0.0,,20233.0,0.3390839871273423,0.4615384615384615,20,,,202309.0,
Y1,wf2023,2023,band,turn,entered,month,17,2.294117647058824,2.294117647058824,1.0,0.0041359386824572,0.0040313698488982,0.0049947988915506,,,0.9947132616487456,0.0,0.0,,20234.0,1.0159052019223491,0.5384615384615384,17,,,202310.0,
Y1,wf2023,2023,band,turn,entered,month,22,2.0,2.0,1.0,0.0006514308302124,-0.0003573479326801,0.0043471998559298,,,0.9954659498207884,0.0,0.0,,20234.0,-0.0900516790354087,0.5,22,,,202311.0,
Y1,wf2023,2023,band,turn,entered,month,21,0.9523809523809524,0.9523809523809524,1.0,-0.0042906178412469,-0.0043548811537525,0.0020690568294696,,,0.9957885304659498,0.0,0.0,,20234.0,-1.0974300507456456,0.4166666666666667,21,,,202312.0,
Y1,wf2023,2023,band,turn,initial,month,1,454.0,454.0,1.0,0.0059404450213911,0.0013021404720885,1.0,,,0.9307616882194116,0.0,1.0,,20231.0,0.3281393989663211,1.0,16,,,202301.0,
Y1,wf2023,2023,band,turn,retained,month,15,457.1333333333333,456.06666666666666,0.9976741798383938,0.0055857969684786,0.0014694542126987,0.9930462596594084,,,0.6114036734489418,0.8666666666666667,0.0,,20231.0,0.3703024616000899,0.9333333333333332,16,,,202301.0,
Y1,wf2023,2023,band,turn,retained,month,20,459.25,459.25,1.0,0.0014786848671653,0.000315940542707,0.9956667393464448,,,0.5895320592966368,0.0,0.0,,20231.0,0.0796170167621765,0.6,20,,,202302.0,
Y1,wf2023,2023,band,turn,retained,month,23,460.0,460.0,1.0,-0.0003040267100638,0.0004336534637181,0.9963291368355968,,,0.5756372481473963,0.0,0.0,,20231.0,0.1092806728569793,0.6521739130434783,23,,,202303.0,
Y1,wf2023,2023,band,turn,retained,month,19,459.1578947368421,458.10526315789474,0.9977036390403736,-0.0015712663925486,0.0001803698133242,0.9963515369088166,,,0.5566286075679973,0.631578947368421,0.0,,20232.0,0.0454531929577073,0.5789473684210527,19,,,202304.0,
Y1,wf2023,2023,band,turn,retained,month,20,457.1,456.55,0.9987918530731444,0.0007293042301111,0.0012378098872775,0.9935870876689152,,,0.5678698545860321,0.55,0.0,,20232.0,0.3119280915939489,0.75,20,,,202305.0,
Y1,wf2023,2023,band,turn,retained,month,20,456.25,455.1,0.9974758610255496,0.0017053656626177,0.0004039793108409,0.9942305805276744,,,0.5622567244577323,0.9,0.0,,20232.0,0.101802786331926,0.7,20,,,202306.0,
Y1,wf2023,2023,band,turn,retained,month,21,458.7619047619048,458.7619047619048,1.0,0.000778864693962,0.0004444868643824,0.9959671907816148,,,0.560995001659515,0.0,0.0,,20233.0,0.1120106898243894,0.7142857142857143,21,,,202307.0,
Y1,wf2023,2023,band,turn,retained,month,23,459.2173913043478,459.0434782608696,0.9996217222448736,-0.0013611288196388,0.0003090070709981,0.9963209577378744,,,0.5480270789935262,0.1304347826086956,0.0,,20233.0,0.0778697818915257,0.4347826086956521,23,,,202308.0,
Y1,wf2023,2023,band,turn,retained,month,20,459.9,459.9,1.0,0.000159194632407,0.0005752484138581,0.9979397248378696,,,0.5419587287917265,0.0,0.0,,20233.0,0.1449626002922447,0.7,20,,,202309.0,
Y1,wf2023,2023,band,turn,retained,month,17,457.1764705882353,457.0,0.9996107186544044,-0.0001988035585212,0.0001032099183944,0.9950052011084493,,,0.5360947393575204,0.1176470588235294,0.0,,20234.0,0.0260088994353903,0.5882352941176471,17,,,202310.0,
Y1,wf2023,2023,band,turn,retained,month,22,457.95454545454544,457.8636363636364,0.9998017247567724,0.0013354055581715,-0.0002171683377179,0.9956528001440702,,,0.5559659651194296,0.0454545454545454,0.0,,20234.0,-0.0547264211049113,0.5,22,,,202311.0,
Y1,wf2023,2023,band,turn,retained,month,21,459.2857142857143,459.2857142857143,1.0,-0.0006242327670272,0.0006093801060157,0.9979309431705304,,,0.5447740844528498,0.0,0.0,,20234.0,0.1535637867159726,0.6190476190476191,21,,,202312.0,
Y1,wf2023,2023,band,return,entered,quarter,58,2.189655172413793,2.189655172413793,1.0,0.0041752573391299,0.0026073438601107,0.0051639454568495,2.428441562023795e-05,1.2489348593170833e-05,0.9966965431834148,0.0,0.0,202302.1379310345,,0.6570506527479073,0.5813953488372093,59,0.006015949469583,0.0030939715091149,,20231.0
Y1,wf2023,2023,band,return,entered,quarter,59,2.440677966101695,2.440677966101695,1.0,-0.0003811376138832,0.0004365754281589,0.0057695642326006,1.4011099177629708e-05,1.35192509042872e-05,0.995122245100282,0.0,0.0,202305.01694915252,,0.1100170078960551,0.5319148936170213,59,0.0035307969927626,0.0034068512278803,,20232.0
Y1,wf2023,2023,band,return,entered,quarter,64,1.515625,1.515625,1.0,0.0006288378814509,0.0003073082524537,0.0034179267134297,-3.535596092410576e-06,-5.471035254542891e-06,0.9970506180967011,0.0,0.0,202307.984375,,0.0774416796183365,0.4897959183673469,64,-0.0008909702152874,-0.0013787008841448,,20233.0
Y1,wf2023,2023,band,return,entered,quarter,60,1.7166666666666666,1.7166666666666666,1.0,0.0003401867862495,-0.0001555049880657,0.0038525159490665,-3.328718220399918e-06,5.78564424379581e-07,0.9953345280764636,0.0,0.0,202311.06666666668,,-0.0391872569925638,0.4888888888888889,60,-0.0008388369915407,0.0001457982349436,,20234.0
Y1,wf2023,2023,band,return,initial,quarter,1,417.0,417.0,1.0,0.0060114168317882,0.0013731122824856,1.0,0.0060114168317882,0.0013731122824856,0.9348077666898738,0.0,1.0,202301.0,,0.3460242951863839,1.0,59,0.0256758820611973,0.005864818562481,,20231.0
Y1,wf2023,2023,band,return,retained,quarter,58,421.8965517241379,421.8965517241379,1.0,0.0020529310334255,0.0008799416570656,0.9948360545431504,0.0020356840635673,0.0008744897542344,0.6293987070888756,0.0,0.0,202302.1379310345,,0.2217452975805398,0.7241379310344828,59,0.5042975978491661,0.2166363092862929,,20231.0
Y1,wf2023,2023,band,return,retained,quarter,59,420.8305084745763,420.8305084745763,1.0,0.0004935787031692,0.0007888918221417,0.9942304357673992,0.0004882904517531,0.0007840954189989,0.5995788258529573,0.0,0.0,202305.01694915252,,0.1988007391797225,0.6779661016949152,59,0.1230491938417815,0.1975920455877361,,20232.0
Y1,wf2023,2023,band,return,retained,quarter,64,442.25,442.25,1.0,6.222218395186602e-05,0.0006827263510222,0.9965820732865702,5.826392971841079e-05,0.0006807035359508,0.5689936399719965,0.0,0.0,202307.984375,,0.1720470404575985,0.71875,64,0.0146825102890395,0.1715372910596251,,20233.0
Y1,wf2023,2023,band,return,retained,quarter,60,444.1833333333333,444.1833333333333,1.0,0.0003474642296547,0.0002955221251864,0.9961474840509336,0.0003495259331089,0.0002936765459958,0.5617007693457965,0.0,0.0,202311.06666666668,,0.0744715755469748,0.6,60,0.0880805351434621,0.0740064895909643,,20234.0
Y1,wf2023,2023,band,turn,entered,quarter,58,2.189655172413793,2.189655172413793,1.0,0.0041752573391299,0.0026073438601107,0.0047482960510561,,,0.9966965431834148,0.0,0.0,202302.1379310345,,0.6570506527479073,0.5813953488372093,59,,,,20231.0
Y1,wf2023,2023,band,turn,entered,quarter,59,2.440677966101695,2.440677966101695,1.0,-0.0003811376138832,0.0004365754281589,0.005304532793232,,,0.995122245100282,0.0,0.0,202305.01694915252,,0.1100170078960551,0.5319148936170213,59,,,,20232.0
Y1,wf2023,2023,band,turn,entered,quarter,64,1.515625,1.515625,1.0,0.0006288378814509,0.0003073082524537,0.0032892573258997,,,0.9970506180967011,0.0,0.0,202307.984375,,0.0774416796183365,0.4897959183673469,64,,,,20233.0
Y1,wf2023,2023,band,turn,entered,quarter,60,1.7166666666666666,1.7166666666666666,1.0,0.0003401867862495,-0.0001555049880657,0.0037333361900946,,,0.9953345280764636,0.0,0.0,202311.06666666668,,-0.0391872569925638,0.4888888888888889,60,,,,20234.0
Y1,wf2023,2023,band,turn,initial,quarter,1,454.0,454.0,1.0,0.0059404450213911,0.0013021404720885,1.0,,,0.9307616882194116,0.0,1.0,202301.0,,0.3281393989663211,1.0,59,,,,20231.0
Y1,wf2023,2023,band,turn,retained,quarter,58,459.0,458.7241379310345,0.9993984947857916,0.0018339316817072,0.0006609423053472,0.995251703948944,,,0.5896784999147755,0.2241379310344827,0.0,202302.1379310345,,0.1665574609475069,0.7068965517241379,59,,,,20231.0
Y1,wf2023,2023,band,turn,retained,quarter,59,457.4745762711864,456.5593220338983,0.9979953122667964,0.0003193107863754,0.0006146239053479,0.994695467206768,,,0.5623470360113092,0.6949152542372882,0.0,202305.01694915252,,0.1548852241476938,0.6779661016949152,59,,,,20232.0
Y1,wf2023,2023,band,turn,retained,quarter,64,459.28125,459.21875,0.9998640564317516,-0.0001838423692242,0.0004366617978461,0.9967107426741002,,,0.5503858191802413,0.046875,0.0,202307.984375,,0.1100387730572213,0.609375,64,,,,20233.0
Y1,wf2023,2023,band,turn,retained,quarter,60,458.2,458.1166666666667,0.9998170026962312,0.000214839561289,0.0001628974568207,0.9962666638099053,,,0.5464186262535856,0.05,0.0,202311.06666666668,,0.0410501591188168,0.5666666666666667,60,,,,20234.0
Y4,wf2023,2023,raw,return,entered,year,241,332.9419087136929,332.9419087136929,1.0,0.001455953909938,0.0013978038295019,0.7661522021715919,0.0012209081929545,0.0010724484006631,0.9403346420667882,0.0,0.0,202306.6182572614,20232.522821576764,0.3522465650344991,0.7095435684647303,242,0.3063975056798274,0.2691402325168444,,
Y4,wf2023,2023,raw,return,initial,year,1,417.0,417.0,1.0,0.0053436897347016,0.000705385185399,1.0,0.0053436897347016,0.000705385185399,0.8730063690982698,0.0,1.0,202301.0,20231.0,0.1777570667205533,1.0,242,0.0055645033601025,0.000734533333556,,
Y4,wf2023,2023,raw,return,retained,year,241,101.60165975103736,101.60165975103736,1.0,0.0012219824338816,0.0011638323534456,0.2338477978284081,0.0001750703122707,0.000265380024126,0.9439064548061163,0.0,0.0,202306.6182572614,20232.522821576764,0.2932857530682941,0.6099585062240664,242,0.0439354140695244,0.0665994199389368,,
Y4,wf2023,2023,raw,turn,entered,year,241,350.0995850622407,322.12033195020746,0.922546648085826,0.0014633672829563,0.0014052172025202,0.7602804428635457,,,0.9415024919299002,27.89211618257261,0.0,202306.6182572614,20232.522821576764,0.3541147350351031,0.7012448132780082,242,,,,
Y4,wf2023,2023,raw,turn,initial,year,1,454.0,103.0,0.2268722466960352,0.0073037991592124,0.0026654946099098,1.0,,,0.9275228553834496,351.0,1.0,202301.0,20231.0,0.6717046416972796,1.0,242,,,,
Y4,wf2023,2023,raw,turn,retained,year,241,110.35684647302904,99.84647302904564,0.93963816269419,0.001178205885567,0.0011200558051309,0.2397195571364545,,,0.9457572946646322,10.481327800829876,0.0,202306.6182572614,20232.522821576764,0.2822540628929933,0.6182572614107884,242,,,,
Y4,wf2023,2023,raw,return,entered,month,15,333.53333333333336,333.53333333333336,1.0,0.0041411478224199,2.4805066640099828e-05,0.788260048938536,0.0032861166437609,7.280934029951896e-07,0.9418626447201386,0.0,0.0,,20231.0,0.0062508767933051,0.5333333333333333,16,0.7763450570885295,0.0001720120664576,202301.0,
Y4,wf2023,2023,raw,return,entered,month,20,341.9,341.9,1.0,0.0041181525934293,0.002955408268971,0.8061908030799035,0.0034735279941594,0.0024152348757141,0.9397164418246547,0.0,0.0,,20231.0,0.7447628837807139,0.85,20,0.8753290545281935,0.6086391886799565,202302.0,
Y4,wf2023,2023,raw,return,entered,month,23,332.9130434782609,332.9130434782609,1.0,0.0009136996891281,0.0016513798629101,0.7839484042018543,0.0009117142846992,0.0012832546190416,0.9382484549727336,0.0,0.0,,20231.0,0.416147725453358,0.6956521739130435,23,0.229751999744206,0.3233801639984888,202303.0,
Y4,wf2023,2023,raw,return,entered,month,19,326.63157894736844,326.63157894736844,1.0,0.0014206103464683,0.0031722465523412,0.7723145477213721,0.0010266202215227,0.002355946583891,0.942567908125688,0.0,0.0,,20232.0,0.7994061311899939,0.6842105263157895,19,0.2587082958237426,0.5936985391405534,202304.0,
Y4,wf2023,2023,raw,return,entered,month,20,306.7,306.7,1.0,-0.000143285611652,0.0003652200455143,0.7298578844737686,0.0001283684293099,0.0003221277406705,0.9413849723608168,0.0,0.0,,20232.0,0.0920354514696119,0.65,20,0.0323488441861079,0.0811761906489777,202305.0,
Y4,wf2023,2023,raw,return,entered,month,20,309.55,309.55,1.0,0.0017870865719793,0.0004857002202025,0.7247307092400181,0.0012383166546114,0.0003277215145504,0.940295744467726,0.0,0.0,,20232.0,0.122396455491044,0.7,20,0.3120557969620767,0.0825858216667201,202306.0,
Y4,wf2023,2023,raw,return,entered,month,21,343.04761904761904,343.04761904761904,1.0,0.0024222635103601,0.0020878856807805,0.7764729633960928,0.0019180178043479,0.0016413228834641,0.9440720034792304,0.0,0.0,,20233.0,0.526147191556695,0.8095238095238095,21,0.4833404866956891,0.4136133666329635,202307.0,
Y4,wf2023,2023,raw,return,entered,month,23,334.2173913043478,334.2173913043478,1.0,2.678220031015095e-05,0.0016969180909471,0.752485101095786,9.925477238385017e-05,0.0012990346503397,0.941025663354084,0.0,0.0,,20233.0,0.4276233589186868,0.7391304347826086,23,0.0250122026407302,0.327356731885607,202308.0,
Y4,wf2023,2023,raw,return,entered,month,20,335.7,335.7,1.0,-0.0002795160529352,0.0001365377285159,0.7538089553690943,-0.0001881423557868,6.850484026875703e-05,0.9401735810885942,0.0,0.0,,20233.0,0.0344075075860076,0.55,20,-0.0474118736582775,0.0172632197477267,202309.0,
Y4,wf2023,2023,raw,return,entered,month,17,339.94117647058823,339.94117647058823,1.0,0.0002929466661478,0.0005949601430634,0.7645408532921896,0.0004737962389057,0.0004053795347314,0.9361555565646408,0.0,0.0,,20234.0,0.1499299560519948,0.7647058823529411,17,0.1193966522042508,0.1021556427523328,202310.0,
Y4,wf2023,2023,raw,return,entered,month,22,346.95454545454544,346.95454545454544,1.0,0.0024916625751363,0.0009390886792469,0.7781272747678281,0.0019504701421882,0.0007267552050191,0.942310012132419,0.0,0.0,,20234.0,0.2366503471702206,0.6818181818181818,22,0.4915184758314483,0.1831423116648247,202311.0,
Y4,wf2023,2023,raw,return,entered,month,21,342.5238095238095,342.5238095238095,1.0,0.0009443829146329,0.0021779957876759,0.7663399588233681,0.0008525897522413,0.0016320894424475,0.9361058330941526,0.0,0.0,,20234.0,0.5488549384943281,0.8095238095238095,21,0.2148526175648325,0.4112865394967925,202312.0,
Y4,wf2023,2023,raw,return,initial,month,1,417.0,417.0,1.0,0.0053436897347016,0.000705385185399,1.0,0.0053436897347016,0.000705385185399,0.8730063690982698,0.0,1.0,,20231.0,0.1777570667205533,1.0,16,0.0841631133215507,0.0111098166700345,202301.0,
Y4,wf2023,2023,raw,return,retained,month,15,89.66666666666667,89.66666666666667,1.0,0.0049215715677402,0.0008052288119603,0.211739951061464,0.0010229299417714,0.0001919757363495,0.9417346626717352,0.0,0.0,,20231.0,0.2029176606140134,0.7333333333333333,16,0.2416671987434963,0.0453542677125769,202301.0,
Y4,wf2023,2023,raw,return,retained,month,20,82.2,82.2,1.0,0.0036235693116519,0.0024608249871936,0.1938091969200965,0.0005552240019469,0.000450772795934,0.9408333869749604,0.0,0.0,,20231.0,0.6201278967728016,0.8,20,0.1399164484906333,0.1135947445753772,202302.0,
Y4,wf2023,2023,raw,return,retained,month,23,91.7391304347826,91.7391304347826,1.0,0.0008651956116548,0.0016028757854368,0.2160515957981454,-4.726990990203846e-05,0.0003188699295375,0.9426734708844972,0.0,0.0,,20231.0,0.4039246979300845,0.6086956521739131,23,-0.0119120172953136,0.0803552222434732,202303.0,
Y4,wf2023,2023,raw,return,retained,month,19,96.15789473684212,96.15789473684212,1.0,-0.0004245019485709,0.0013271342573019,0.2276854522786279,-0.0001345129955165,0.000287796847988,0.9465435795457752,0.0,0.0,,20232.0,0.3344378328400959,0.6842105263157895,19,-0.0338972748701815,0.0725248056929837,202304.0,
Y4,wf2023,2023,raw,return,retained,month,20,113.5,113.5,1.0,-0.0006966487587851,-0.0001881431016187,0.2701421155262312,-0.0005174937430858,-0.0002027473972799,0.9464992930796085,0.0,0.0,,20232.0,-0.0474120616079183,0.5,20,-0.1304084232576276,-0.0510923441145583,202305.0,
Y4,wf2023,2023,raw,return,retained,month,20,117.25,117.25,1.0,0.0006435458276535,-0.0006578405241232,0.2752692907599817,0.0002915817076697,-9.920950404612452e-05,0.9406771508374552,0.0,0.0,,20232.0,-0.1657758120790551,0.5,20,0.0734785903327733,-0.0250007950196233,202306.0,
Y4,wf2023,2023,raw,return,retained,month,21,98.8095238095238,98.8095238095238,1.0,0.0029327811835198,0.0025984033539403,0.2235270366039072,0.0006338696510103,0.0005761867423145,0.9464311515041844,0.0,0.0,,20233.0,0.6547976451929574,0.8095238095238095,21,0.1597351520545971,0.1451990590632692,202307.0,
Y4,wf2023,2023,raw,return,retained,month,23,109.95652173913044,109.95652173913044,1.0,0.0008923135831023,0.0025624494737393,0.247514898904214,0.0002270359031259,0.0006973919158071,0.9465952214307068,0.0,0.0,,20233.0,0.6457372673823274,0.6521739130434783,23,0.0572130475877385,0.1757427627833904,202308.0,
Y4,wf2023,2023,raw,return,retained,month,20,109.6,109.6,1.0,-0.0006061270804037,-0.0001900732989526,0.2461910446309057,-0.0001457717785174,1.36348068780505e-05,0.945431069299838,0.0,0.0,,20233.0,-0.0478984713360722,0.3,20,-0.0367344881864055,0.0034359713332687,202309.0,
Y4,wf2023,2023,raw,return,retained,month,17,104.76470588235294,104.76470588235294,1.0,-0.0003695720054759,-6.755852856027584e-05,0.2354591467078104,-0.000286717024203,8.371315688687998e-05,0.9412766805330296,0.0,0.0,,20234.0,-0.0170247491971895,0.5294117647058824,17,-0.0722526900991726,0.0210957155354937,202310.0,
Y4,wf2023,2023,raw,return,retained,month,22,98.86363636363636,98.86363636363636,1.0,0.0022464149240844,0.0006938410281949,0.2218727252321718,0.0004829558259303,0.00015409686721,0.94287594431019,0.0,0.0,,20234.0,0.1748479391051393,0.5,22,0.1217048681344475,0.0388324105369358,202311.0,
Y4,wf2023,2023,raw,return,retained,month,21,104.42857142857144,104.42857142857144,1.0,0.0011573058809429,0.0023909187539858,0.233660041176632,0.0001207723814683,0.0005748855643051,0.9442419621079928,0.0,0.0,,20234.0,0.6025115260044439,0.7142857142857143,21,0.0304346401300344,0.1448711622049054,202312.0,
Y4,wf2023,2023,raw,turn,entered,month,15,356.7333333333333,332.2,0.9323949198605496,0.0041464751115495,3.013235576967693e-05,0.774959051366774,,,0.9413681909569296,24.466666666666665,0.0,,20231.0,0.0075933536539585,0.5333333333333333,16,,,202301.0,
Y4,wf2023,2023,raw,turn,entered,month,20,378.95,321.1,0.8515175125083821,0.0041502293383706,0.0029874850139123,0.8216370728203047,,,0.9418281757474418,57.85,0.0,,20231.0,0.7528462235059165,0.85,20,,,202302.0,
Y4,wf2023,2023,raw,turn,entered,month,23,349.30434782608694,312.69565217391306,0.8950560210219117,0.0009795657405874,0.0017172459143694,0.7565893391081895,,,0.943934148128995,36.60869565217392,0.0,,20231.0,0.4327459704211052,0.7391304347826086,23,,,202303.0,
Y4,wf2023,2023,raw,turn,entered,month,19,355.7368421052632,332.5263157894737,0.9304806273628808,0.001456808481376,0.0032084446872489,0.7717631412081414,,,0.9409726899974794,22.526315789473685,0.0,,20232.0,0.8085280611867468,0.6842105263157895,19,,,202304.0,
Y4,wf2023,2023,raw,turn,entered,month,20,343.4,310.65,0.9119058641087684,-0.0002838232728226,0.0002246823843437,0.7464103366986096,,,0.9381309128966262,32.7,0.0,,20232.0,0.0566199608546226,0.6,20,,,202305.0,
Y4,wf2023,2023,raw,turn,entered,month,20,334.45,309.4,0.9301380569904074,0.0017394095440957,0.0004380231923189,0.7288462013020162,,,0.939101364713108,24.95,0.0,,20232.0,0.1103818444643802,0.7,20,,,202306.0,
Y4,wf2023,2023,raw,turn,entered,month,21,354.7142857142857,343.6666666666667,0.9692184847269204,0.002437813361562,0.0021034355319824,0.770101051783628,,,0.9438039495519136,11.047619047619047,0.0,,20233.0,0.5300657540595756,0.8095238095238095,21,,,202307.0,
Y4,wf2023,2023,raw,turn,entered,month,23,352.30434782608694,326.69565217391306,0.9310582345375696,-1.1970595850957923e-05,0.001658165294786,0.7644552719630966,,,0.9428503076757097,25.608695652173918,0.0,,20233.0,0.4178576542860872,0.7391304347826086,23,,,202308.0,
Y4,wf2023,2023,raw,turn,entered,month,20,343.55,309.8,0.9050965919859928,-0.0002165066412061,0.0001995471402449,0.7454021517371096,,,0.9417152667861788,33.75,0.0,,20233.0,0.0502858793417213,0.55,20,,,202309.0,
Y4,wf2023,2023,raw,turn,entered,month,17,333.88235294117646,305.6470588235294,0.9157106349828474,0.0002656058559738,0.0005676193328895,0.7266117607096847,,,0.9401217875583654,28.11764705882353,0.0,,20234.0,0.1430400718881559,0.6470588235294118,17,,,202310.0,
Y4,wf2023,2023,raw,turn,entered,month,22,355.8636363636364,344.95454545454544,0.9692885114615052,0.0025475373692229,0.0009949634733334,0.7735878962441259,,,0.9423875404710548,10.909090909090908,0.0,,20234.0,0.2507307952800356,0.6818181818181818,22,,,202311.0,
Y4,wf2023,2023,raw,turn,entered,month,21,341.23809523809524,314.42857142857144,0.9261848502388158,0.0009999503527683,0.0022335632258113,0.7412525825698191,,,0.9408124035704292,26.714285714285715,0.0,,20234.0,0.5628579329044541,0.8095238095238095,21,,,202312.0,
Y4,wf2023,2023,raw,turn,initial,month,1,454.0,103.0,0.2268722466960352,0.0073037991592124,0.0026654946099098,1.0,,,0.9275228553834496,351.0,1.0,,20231.0,0.6717046416972796,1.0,16,,,202301.0,
Y4,wf2023,2023,raw,turn,retained,month,15,103.6,91.06666666666666,0.9142857488314056,0.0050522685885074,0.0009359258327275,0.225040948633226,,,0.9403682558193448,12.533333333333331,0.0,,20231.0,0.2358533098473516,0.7333333333333333,16,,,202301.0,
Y4,wf2023,2023,raw,turn,retained,month,20,82.3,79.1,0.9580198818129488,0.003712590852451,0.0025498465279927,0.1783629271796952,,,0.946218595448306,3.2,0.0,,20231.0,0.6425613250541652,0.8,20,,,202302.0,
Y4,wf2023,2023,raw,turn,retained,month,23,112.3913043478261,88.34782608695652,0.8867147887236276,0.0008607508184633,0.0015984309922454,0.2434106608918105,,,0.9473544309773508,24.043478260869566,0.0,,20231.0,0.4028046100458433,0.6086956521739131,23,,,202303.0,
Y4,wf2023,2023,raw,turn,retained,month,19,105.10526315789474,96.78947368421052,0.9489220017086544,-0.000461668844209,0.0012899673616639,0.2282368587918586,,,0.945880844499069,7.947368421052632,0.0,,20232.0,0.3250717751393052,0.7368421052631579,19,,,202304.0,
Y4,wf2023,2023,raw,turn,retained,month,20,116.65,115.75,0.9920369470102092,-0.0007919292902145,-0.0002834236330481,0.2535896633013905,,,0.9486718492527626,0.9,0.0,,20232.0,-0.07142275552813,0.5,20,,,202305.0,
Y4,wf2023,2023,raw,turn,retained,month,20,124.45,117.95,0.9536871103473494,0.0006021951035714,-0.0006991912482053,0.2711537986979839,,,0.9392633848111824,6.5,0.0,,20232.0,-0.176196194547741,0.5,20,,,202306.0,
Y4,wf2023,2023,raw,turn,retained,month,21,105.9047619047619,99.42857142857144,0.9691609977324264,0.0027292137694096,0.00239483593983,0.2298989482163721,,,0.9454379632591076,6.476190476190476,0.0,,20233.0,0.6034986568371842,0.8571428571428571,21,,,202307.0,
Y4,wf2023,2023,raw,turn,retained,month,23,108.6086956521739,108.30434782608695,0.9975053456878118,0.0009632746275684,0.0026334105182054,0.2355447280369033,,,0.947952568192558,0.3043478260869565,0.0,,20233.0,0.6636194505877802,0.6521739130434783,23,,,202308.0,
Y4,wf2023,2023,raw,turn,retained,month,20,117.3,104.3,0.9273268947454576,-0.0005453674813641,-0.000129313699913,0.2545978482628903,,,0.9492980436625608,13.0,0.0,,20233.0,-0.0325870523780956,0.35,20,,,202309.0,
Y4,wf2023,2023,raw,turn,retained,month,17,125.58823529411764,96.76470588235294,0.8344968236070469,-0.0007813046381768,-0.0004792911612611,0.2733882392903153,,,0.9451900097540008,28.823529411764707,0.0,,20234.0,-0.1207813726378138,0.4705882352941176,17,,,202310.0,
Y4,wf2023,2023,raw,turn,retained,month,22,104.0909090909091,97.63636363636364,0.9683600713012478,0.0022297026287662,0.0006771287328768,0.2264121037558739,,,0.9426092625037108,6.454545454545454,0.0,,20234.0,0.1706364406849649,0.5,22,,,202311.0,
Y4,wf2023,2023,raw,turn,retained,month,21,119.0,100.57142857142856,0.9003697453454103,0.0010641981211878,0.0022978109942308,0.2587474174301809,,,0.9490151675075632,18.428571428571427,0.0,,20234.0,0.579048370546178,0.7142857142857143,21,,,202312.0,
Y4,wf2023,2023,raw,return,entered,quarter,58,336.17241379310343,336.17241379310343,1.0,0.0028533683112902,0.0016803789349302,0.7927332774537718,0.0024091678980635,0.0013419047440221,0.9396893615804838,0.0,0.0,202302.1379310345,,0.4234554916024325,0.7068965517241379,59,0.5968203050524931,0.332428470146232,,20231.0
Y4,wf2023,2023,raw,return,entered,quarter,59,314.08474576271186,314.08474576271186,1.0,0.0010147053523634,0.0013100184713359,0.7417923437454543,0.0007938895913111,0.0009789825457347,0.9413966879823548,0.0,0.0,202305.01694915252,,0.3301246547766611,0.6779661016949152,59,0.2000601770104203,0.2467036015251606,,20232.0
Y4,wf2023,2023,raw,return,entered,quarter,64,337.578125,337.578125,1.0,0.0007170813010311,0.0013375854681014,0.760769822873483,0.0006062247896937,0.0010268074111864,0.941758967999682,0.0,0.0,202307.984375,,0.3370715379615709,0.703125,64,0.1527686470028237,0.2587554676189958,,20233.0
Y4,wf2023,2023,raw,return,entered,quarter,60,343.4166666666667,343.4166666666667,1.0,0.0013271451864133,0.001275203081945,0.770152228102503,0.0011478210664434,0.0009525657482042,0.9383947870581552,0.0,0.0,202311.06666666668,,0.321351176650161,0.75,60,0.2892509087437602,0.2400465685474741,,20234.0
Y4,wf2023,2023,raw,return,initial,quarter,1,417.0,417.0,1.0,0.0053436897347016,0.000705385185399,1.0,0.0053436897347016,0.000705385185399,0.8730063690982698,0.0,1.0,202301.0,,0.1777570667205533,1.0,59,0.0228238951380476,0.0030128316393314,,20231.0
Y4,wf2023,2023,raw,return,retained,quarter,58,87.91379310344827,87.91379310344827,1.0,0.0028654217037448,0.0016924323273849,0.2072667225462282,0.0004372624351338,0.0003315362128153,0.9417961639641148,0.0,0.0,202302.1379310345,,0.4264929465010031,0.7068965517241379,59,0.1083225042697694,0.0821310726526891,,20231.0
Y4,wf2023,2023,raw,return,retained,quarter,59,109.1864406779661,109.1864406779661,1.0,-0.0001547050109403,0.0001406081080321,0.2582076562545456,-0.0001198980953074,-9.6779307584707e-06,0.9445399472832372,0.0,0.0,202305.01694915252,,0.0354332432241076,0.559322033898305,59,-0.0302143200174667,-0.0024388385511346,,20232.0
Y4,wf2023,2023,raw,return,retained,quarter,64,106.1875,106.1875,1.0,0.0010935793071436,0.001714083474214,0.239230177126517,0.0002440258261369,0.0004439473717145,0.94617758844517,0.0,0.0,202307.984375,,0.4319490355019404,0.59375,64,0.0614945081865065,0.1118747376720626,,20233.0
Y4,wf2023,2023,raw,return,retained,quarter,60,102.48333333333332,102.48333333333332,1.0,0.0011240304622761,0.0010720883578078,0.2298477718974972,0.0001381176461641,0.0002814308599351,0.942900925802559,0.0,0.0,202311.06666666668,,0.2701662661675695,0.5833333333333334,60,0.0348056468333772,0.0709205767036499,,20234.0
Y4,wf2023,2023,raw,turn,entered,quarter,58,361.44827586206895,320.63793103448273,0.889699353992756,0.0028919263012787,0.0017189369249187,0.7837703797654494,,,0.9425443411425802,40.793103448275865,0.0,202302.1379310345,,0.4331721050795366,0.7241379310344828,59,,,,20231.0
Y4,wf2023,2023,raw,turn,entered,quarter,59,344.33898305084745,317.271186440678,0.9240679718962416,0.0009625607893492,0.0012578739083217,0.7486208549655458,,,0.9393750281719796,26.79661016949153,0.0,202305.01694915252,,0.3169842248970889,0.6610169491525424,59,,,,20232.0
Y4,wf2023,2023,raw,turn,entered,quarter,64,350.359375,326.984375,0.9354665533335824,0.0007279472510016,0.001348451418072,0.7603536933960876,,,0.9428085211383606,23.375,0.0,202307.984375,,0.3398097573541487,0.703125,64,,,,20233.0
Y4,wf2023,2023,raw,turn,entered,quarter,60,344.51666666666665,323.1333333333333,0.9390218316979444,0.0013593346513765,0.0013073925469082,0.7489606313900268,,,0.941194279230574,21.316666666666663,0.0,202311.06666666668,,0.3294629218208829,0.7166666666666667,60,,,,20234.0
Y4,wf2023,2023,raw,turn,initial,quarter,1,454.0,103.0,0.2268722466960352,0.0073037991592124,0.0026654946099098,1.0,,,0.9275228553834496,351.0,1.0,202301.0,,0.6717046416972796,1.0,59,,,,20231.0
Y4,wf2023,2023,raw,turn,retained,quarter,58,99.74137931034484,85.86206896551724,0.9184331725754052,0.0029281571500222,0.0017551677736622,0.2162296202345506,,,0.9451559941161268,13.879310344827584,0.0,202302.1379310345,,0.4423022789628961,0.7068965517241379,59,,,,20231.0
Y4,wf2023,2023,raw,turn,retained,quarter,59,115.57627118644068,110.38983050847456,0.9651525284680612,-0.0002129896910649,8.23234279075451e-05,0.2513791450344543,,,0.9445837411315458,5.067796610169491,0.0,202305.01694915252,,0.0207455038327013,0.576271186440678,59,,,,20232.0
Y4,wf2023,2023,raw,turn,retained,quarter,64,110.4375,104.140625,0.9662740905954652,0.0010712727494436,0.001691776916514,0.2396463066039124,,,0.9475479245331456,6.296875,0.0,202307.984375,,0.4263277829615296,0.625,64,,,,20233.0
Y4,wf2023,2023,raw,turn,retained,quarter,60,115.4,98.41666666666669,0.9066355370366812,0.0009686573254799,0.0009167152210116,0.2510393686099731,,,0.9455825409759746,16.983333333333334,0.0,202311.06666666668,,0.2310122356949355,0.5666666666666667,60,,,,20234.0
Y4,wf2023,2023,band,return,entered,year,241,194.29460580912863,194.29460580912863,1.0,0.001439258307707,0.0013811082272709,0.4536114521082932,0.0007619808760381,0.0006570301144258,0.969540649615346,0.0,0.0,202306.6182572614,20232.522821576764,0.3480392732722728,0.6348547717842323,242,0.1912257130725243,0.1648874087161528,,
Y4,wf2023,2023,band,return,initial,year,1,417.0,417.0,1.0,0.0053436897347016,0.000705385185399,1.0,0.0053436897347016,0.000705385185399,0.8730063690982698,0.0,1.0,202301.0,20231.0,0.1777570667205533,1.0,242,0.0055645033601025,0.000734533333556,,
Y4,wf2023,2023,band,return,retained,year,241,240.24896265560167,240.24896265560167,1.0,0.0002121805111939,0.0001540304307578,0.5463885478917067,-5.4734955755885054e-05,-7.934274579604995e-06,0.455974040352772,0.0,0.0,202306.6182572614,20232.522821576764,0.0388156685509874,0.4896265560165975,242,-0.0137362121196959,-0.0019911750568949,,
Y4,wf2023,2023,band,turn,entered,year,241,1.6514522821576765,1.6514522821576765,1.0,0.0020204588774042,0.0012130304788536,0.0035854868669064,,,0.993851505666174,0.0,0.0,202306.6182572614,20232.522821576764,0.3056836806711193,0.490566037735849,242,,,,
Y4,wf2023,2023,band,turn,initial,year,1,454.0,103.0,0.2268722466960352,0.0073037991592124,0.0026654946099098,1.0,,,0.9275228553834496,351.0,1.0,202301.0,20231.0,0.6717046416972796,1.0,242,,,,
Y4,wf2023,2023,band,turn,retained,year,241,458.804979253112,240.24896265560167,0.5239768857989109,0.0002121805111939,0.0001540304307578,0.9964145131330936,,,0.6200304388323816,218.5435684647303,0.0,202306.6182572614,20232.522821576764,0.0388156685509874,0.4896265560165975,242,,,,
Y4,wf2023,2023,band,return,entered,month,15,311.26666666666665,311.26666666666665,1.0,0.0041265980578078,1.025530202795859e-05,0.7355184456834356,0.0030233026284033,-1.122199157568259e-06,0.9570295467609308,0.0,0.0,,20231.0,0.0025843361110455,0.4666666666666667,16,0.714255245960296,-0.0002651195509755,202301.0,
Y4,wf2023,2023,band,return,entered,month,20,309.65,309.65,1.0,0.0043163358293958,0.0031535915049375,0.7301402246845037,0.0031453437121623,0.002302284974482,0.9552971859611986,0.0,0.0,,20231.0,0.7947050592442525,0.85,20,0.7926266154649135,0.5801758135694763,202302.0,
Y4,wf2023,2023,band,return,entered,month,23,309.8695652173913,309.8695652173913,1.0,0.0010910319553271,0.0018287121291091,0.7297021138784686,0.0008023109411852,0.0013353285629552,0.9547842828071056,0.0,0.0,,20231.0,0.4608354565355155,0.6086956521739131,23,0.2021823571786743,0.3365027978647137,202303.0,
Y4,wf2023,2023,band,return,entered,month,19,309.2105263157895,309.2105263157895,1.0,0.0012862703417555,0.0030379065476284,0.7313716515174244,0.0009545483117482,0.0022250387490578,0.957436046998123,0.0,0.0,,20232.0,0.7655524500023635,0.7368421052631579,19,0.2405461745605552,0.5607097647625753,202304.0,
Y4,wf2023,2023,band,return,entered,month,20,308.35,308.35,1.0,-0.0004699071917567,3.8598465409639706e-05,0.733827616948541,-0.000339572391584,2.8799845754780225e-05,0.9568501776077016,0.0,0.0,,20232.0,0.0097268132832292,0.6,20,-0.0855722426791718,0.0072575611302046,202305.0,
Y4,wf2023,2023,band,return,entered,month,20,242.65,242.65,1.0,0.0014206738027098,0.000119287450933,0.5732262576437842,0.0009415299500538,0.0001124413585105,0.9623789316307674,0.0,0.0,,20232.0,0.0300604376351375,0.55,20,0.2372655474135581,0.0283352223446485,202306.0,
Y4,wf2023,2023,band,return,entered,month,21,128.0952380952381,128.0952380952381,1.0,0.0018400417373474,0.0015056639077679,0.2899184317045674,0.0005425512070917,0.0004634672987922,0.978579427547311,0.0,0.0,,20233.0,0.3794273047575155,0.6666666666666666,21,0.1367229041871113,0.1167937592956548,202307.0,
Y4,wf2023,2023,band,return,entered,month,23,109.3913043478261,109.3913043478261,1.0,0.0005606586909952,0.0022307945816322,0.2462806947294542,0.0001080113246808,0.0005413890081964,0.9801098848996098,0.0,0.0,,20233.0,0.5621602345713326,0.6521739130434783,23,0.0272188538195759,0.136430030065512,202308.0,
Y4,wf2023,2023,band,return,entered,month,20,95.3,95.3,1.0,-0.000419772053016,-3.718271564930476e-06,0.2140129426392892,-9.609813901472088e-05,-3.871042325224653e-06,0.9814805762129116,0.0,0.0,,20233.0,-0.0009370044343624,0.5,20,-0.0242167310317096,-0.0009755026659566,202309.0,
Y4,wf2023,2023,band,return,entered,month,17,88.3529411764706,88.3529411764706,1.0,-0.0002559030660379,4.611041087769262e-05,0.1986797720208989,-6.057123783361808e-05,1.0532515891164084e-05,0.9806964242490452,0.0,0.0,,20234.0,0.0116198235411785,0.5294117647058824,17,-0.0152639519340717,0.0026541940045733,202310.0,
Y4,wf2023,2023,band,return,entered,month,22,81.31818181818181,81.31818181818181,1.0,0.0032446762886197,0.0016921023927302,0.1824012185593408,0.0005896616553085,0.0003039458759819,0.9824712160584788,0.0,0.0,,20234.0,0.4264098029680324,0.7727272727272727,22,0.1485947371377669,0.0765943607474523,202311.0,
Y4,wf2023,2023,band,return,entered,month,21,73.23809523809524,73.23809523809524,1.0,0.0009482975939789,0.0021819104670219,0.1638622123454657,0.000135882776482,0.000358527245265,0.9834995825428696,0.0,0.0,,20234.0,0.549841437689521,0.6190476190476191,21,0.0342424596734784,0.0903488658067884,202312.0,
Y4,wf2023,2023,band,return,initial,month,1,417.0,417.0,1.0,0.0053436897347016,0.000705385185399,1.0,0.0053436897347016,0.000705385185399,0.8730063690982698,0.0,1.0,,20231.0,0.1777570667205533,1.0,16,0.0841631133215507,0.0111098166700345,202301.0,
Y4,wf2023,2023,band,return,retained,month,15,111.93333333333334,111.93333333333334,1.0,0.0054297102543825,0.0013133674986027,0.2644815543165644,0.0014351296584743,0.0003432117302554,0.4896539326095851,0.0,0.0,,20231.0,0.3309686096478891,0.6666666666666666,16,0.339049381814574,0.0810837712728541,202301.0,
Y4,wf2023,2023,band,return,retained,month,20,114.45,114.45,1.0,0.0011447922464783,-1.795207797994191e-05,0.2698597753154962,0.0003148545548876,-4.83103189031931e-06,0.4859809106137263,0.0,0.0,,20231.0,-0.0045239236509453,0.5,20,0.0793433478316958,-0.0012174200363604,202302.0,
Y4,wf2023,2023,band,return,retained,month,23,114.78260869565216,114.78260869565216,1.0,-0.0005831927167896,0.0001544874569923,0.2702978861215314,-0.0001617833523865,4.287919962543125e-05,0.4721258612762038,0.0,0.0,,20231.0,0.0389308391620719,0.4782608695652174,23,-0.0407694048014216,0.0108055583056086,202303.0,
Y4,wf2023,2023,band,return,retained,month,19,113.57894736842104,113.57894736842104,1.0,-0.0012705498558248,0.000481086350048,0.2686283484825756,-0.000352617486379,0.0001285282821842,0.4568054961297289,0.0,0.0,,20232.0,0.121233760212108,0.5263157894736842,19,-0.0888596065675246,0.0323891271104311,202304.0,
Y4,wf2023,2023,band,return,retained,month,20,111.85,111.85,1.0,0.0005925184613632,0.0011010241185296,0.266172383051459,0.0001541492475985,0.0002942826674261,0.4543513412749683,0.0,0.0,,20232.0,0.2774580778694767,0.65,20,0.0388456103948368,0.0741592321913996,202305.0,
Y4,wf2023,2023,band,return,retained,month,20,184.15,184.15,1.0,0.0010103198488684,-0.0002910665029083,0.4267737423562158,0.0001613764513013,-0.0003109213089321,0.4214914712796084,0.0,0.0,,20232.0,-0.0733487587329087,0.45,20,0.0406668657279472,-0.0783521698508964,202306.0,
Y4,wf2023,2023,band,return,retained,month,21,313.7619047619048,313.7619047619048,1.0,-8.326035631975528e-05,-0.0004176381858993,0.7100815682954325,-6.32134956528188e-05,-0.0003185074169329,0.4333203820509195,0.0,0.0,,20233.0,-0.1052448228466317,0.3333333333333333,21,-0.0159298009045103,-0.0802638690671072,202307.0,
Y4,wf2023,2023,band,return,retained,month,23,334.7826086956522,334.7826086956522,1.0,-0.0003213419302036,0.0013487939604333,0.7537193052705458,-0.0002207157496027,0.0010160424575186,0.4123295416550613,0.0,0.0,,20233.0,0.3398960780292165,0.6521739130434783,23,-0.0556203688998813,0.2560426992947113,202308.0,
Y4,wf2023,2023,band,return,retained,month,20,350.0,350.0,1.0,-0.0010804939615556,-0.0006644401801045,0.7859870573607107,-0.0008440088264551,-0.0005201821416935,0.430954319568043,0.0,0.0,,20233.0,-0.1674389253863394,0.45,20,-0.2126902242667089,-0.1310858997067833,202309.0,
Y4,wf2023,2023,band,return,retained,month,17,356.3529411764706,356.3529411764706,1.0,-0.0008430924075588,-0.0005410789306431,0.8013202279791011,-0.0006658405651489,-0.0004349308419581,0.4746216471140905,0.0,0.0,,20234.0,-0.1363518905220771,0.3529411764705882,17,-0.1677918224175467,-0.1096025721734433,202310.0,
Y4,wf2023,2023,band,return,retained,month,22,364.5,364.5,1.0,0.0013023717127228,-0.0002502021831665,0.817598781440659,0.0010601602265394,-0.0002066978900233,0.4737790548552455,0.0,0.0,,20234.0,-0.0630509501579703,0.4545454545454545,22,0.2671603770879387,-0.0520878682858818,202311.0,
Y4,wf2023,2023,band,return,retained,month,21,373.7142857142857,373.7142857142857,1.0,-0.0014894894118214,-0.0002558765387784,0.8361377876545343,-0.0012202399115048,-0.0002092715072448,0.4798171407828169,0.0,0.0,,20234.0,-0.0644808877721802,0.3809523809523809,21,-0.3075004576992249,-0.052736419825704,202312.0,
Y4,wf2023,2023,band,turn,entered,month,15,1.6,1.6,1.0,0.0076699347576928,0.0028310026232805,0.0034786081580904,,,0.9934008285621188,0.0,0.0,,20231.0,0.7134126610666901,0.6363636363636364,16,,,202301.0,
Y4,wf2023,2023,band,turn,entered,month,20,0.8,0.8,1.0,0.0086659610831389,0.007442062184569,0.0017320814155795,,,0.9955913978494624,0.0,0.0,,20231.0,1.8753996705114,0.375,20,,,202302.0,
Y4,wf2023,2023,band,turn,entered,month,23,0.9130434782608696,0.9130434782608696,1.0,0.0014162562587856,-0.0009206400423206,0.0019750667962623,,,0.9961538461538464,0.0,0.0,,20231.0,-0.232001290664795,0.6153846153846154,23,,,202303.0,
Y4,wf2023,2023,band,turn,entered,month,19,1.0,1.0,1.0,-0.00049836165247,0.0010800295860953,0.0021652552869876,,,0.9954569892473116,0.0,0.0,,20232.0,0.272167455696024,0.5,19,,,202304.0,
Y4,wf2023,2023,band,turn,entered,month,20,1.2,1.2,1.0,-0.007682206557037,-0.0109469635027707,0.0026056625080992,,,0.9933582238152132,0.0,0.0,,20232.0,-2.7586348026982304,0.2222222222222222,20,,,202305.0,
Y4,wf2023,2023,band,turn,entered,month,20,2.1,2.1,1.0,0.0082587504268921,0.0067858964833007,0.0045711562005536,,,0.9915775388291516,0.0,0.0,,20232.0,1.7100459137917896,0.6666666666666666,20,,,202306.0,
Y4,wf2023,2023,band,turn,entered,month,21,2.333333333333333,2.333333333333333,1.0,0.0008548023970429,0.0006757835004501,0.0050614829893407,,,0.9946876061120542,0.0,0.0,,20233.0,0.1702974421134434,0.5263157894736842,21,,,202307.0,
Y4,wf2023,2023,band,turn,entered,month,23,3.0434782608695654,3.0434782608695654,1.0,-0.0020521302540799,-0.0004081536637829,0.006601094771998,,,0.994557774364226,0.0,0.0,,20233.0,-0.1028547232732961,0.4761904761904761,23,,,202308.0,
Y4,wf2023,2023,band,turn,entered,month,20,1.6,1.6,1.0,0.0025892099784137,0.0044700988173538,0.0034707311723666,,,0.9946829335539014,0.0,0.0,,20233.0,1.126464901973167,0.4615384615384615,20,,,202309.0,
Y4,wf2023,2023,band,turn,entered,month,17,2.235294117647059,2.235294117647059,1.0,0.0108009018594139,0.009331428598325,0.0048663669035629,,,0.9921739980449658,0.0,0.0,,20234.0,2.3515200067779034,0.5454545454545454,17,,,202310.0,
Y4,wf2023,2023,band,turn,entered,month,22,2.0454545454545454,2.0454545454545454,1.0,0.0020913015082763,0.0008177324132371,0.0044458072217091,,,0.9924221844934916,0.0,0.0,,20234.0,0.2060685681357636,0.3684210526315789,22,,,202311.0,
Y4,wf2023,2023,band,turn,entered,month,21,0.8571428571428571,0.8571428571428571,1.0,-0.0065964010760343,-0.008046600585806,0.0018624705278111,,,0.9926200716845875,0.0,0.0,,20234.0,-2.027743347623132,0.4,21,,,202312.0,
Y4,wf2023,2023,band,turn,initial,month,1,454.0,103.0,0.2268722466960352,0.0073037991592124,0.0026654946099098,1.0,,,0.9275228553834496,351.0,1.0,,20231.0,0.6717046416972796,1.0,16,,,202301.0,
Y4,wf2023,2023,band,turn,retained,month,15,458.73333333333335,111.93333333333334,0.2439741369269494,0.0054297102543825,0.0013133674986027,0.9965213918419096,,,0.7275031623790491,346.8,0.0,,20231.0,0.3309686096478891,0.6666666666666666,16,,,202301.0,
Y4,wf2023,2023,band,turn,retained,month,20,460.45,114.45,0.248553556632227,0.0011447922464783,-1.795207797994191e-05,0.9982679185844204,,,0.7161235981990413,346.0,0.0,,20231.0,-0.0045239236509453,0.5,20,,,202302.0,
Y4,wf2023,2023,band,turn,retained,month,23,460.7826086956522,114.78260869565216,0.249101464522497,-0.0005831927167896,0.0001544874569923,0.9980249332037378,,,0.7185861906734097,346.0,0.0,,20231.0,0.0389308391620719,0.4782608695652174,23,,,202303.0,
Y4,wf2023,2023,band,turn,retained,month,19,459.8421052631579,113.57894736842104,0.2469842119876163,-0.0012705498558248,0.000481086350048,0.9978347447130124,,,0.7253340213815569,346.1578947368421,0.0,,20232.0,0.121233760212108,0.5263157894736842,19,,,202304.0,
Y4,wf2023,2023,band,turn,retained,month,20,458.85,111.85,0.2437411714371817,0.0005925184613632,0.0011010241185296,0.9973943374919008,,,0.7091043837805493,347.0,0.0,,20232.0,0.2774580778694767,0.65,20,,,202305.0,
Y4,wf2023,2023,band,turn,retained,month,20,456.8,184.15,0.4034564257488767,0.0010103198488684,-0.0002910665029083,0.9954288437994462,,,0.6439683956823746,272.65,0.0,,20232.0,-0.0733487587329087,0.45,20,,,202306.0,
Y4,wf2023,2023,band,turn,retained,month,21,458.2857142857143,313.7619047619048,0.6846246399858329,-8.326035631975528e-05,-0.0004176381858993,0.9949385170106596,,,0.5453239576644675,144.52380952380952,0.0,,20233.0,-0.1052448228466317,0.3333333333333333,21,,,202307.0,
Y4,wf2023,2023,band,turn,retained,month,23,457.8695652173913,334.7826086956522,0.731190506665615,-0.0003213419302036,0.0013487939604333,0.993398905228002,,,0.5222864898672561,123.08695652173913,0.0,,20233.0,0.3398960780292165,0.6521739130434783,23,,,202308.0,
Y4,wf2023,2023,band,turn,retained,month,20,459.25,350.0,0.7620984336548313,-0.0010804939615556,-0.0006644401801045,0.9965292688276334,,,0.5260690489912146,109.25,0.0,,20233.0,-0.1674389253863394,0.45,20,,,202309.0,
Y4,wf2023,2023,band,turn,retained,month,17,457.2352941176471,356.3529411764706,0.7793687862898908,-0.0008430924075588,-0.0005410789306431,0.9951336330964372,,,0.5594785293218688,100.88235294117646,0.0,,20234.0,-0.1363518905220771,0.3529411764705882,17,,,202310.0,
Y4,wf2023,2023,band,turn,retained,month,22,457.9090909090909,364.5,0.7960048247999708,0.0013023717127228,-0.0002502021831665,0.9955541927782908,,,0.5370656542457385,93.4090909090909,0.0,,20234.0,-0.0630509501579703,0.4545454545454545,22,,,202311.0,
Y4,wf2023,2023,band,turn,retained,month,21,459.3809523809524,373.7142857142857,0.8135198741356982,-0.0014894894118214,-0.0002558765387784,0.9981375294721888,,,0.548079963254186,85.61904761904762,0.0,,20234.0,-0.0644808877721802,0.3809523809523809,21,,,202312.0,
Y4,wf2023,2023,band,return,entered,quarter,58,310.1551724137931,310.1551724137931,1.0,0.0029882659039234,0.0018152765275634,0.7313574103128687,0.0021846476778716,0.0013231279905215,0.9555418176758856,0.0,0.0,202302.1379310345,,0.457449684945993,0.6551724137931034,59,0.5412001772842798,0.3277769272790226,,20231.0
Y4,wf2023,2023,band,return,entered,quarter,59,286.35593220338984,286.35593220338984,1.0,0.0007365164188545,0.001031829537827,0.6785955740792807,0.0005114503236035,0.0007644162765661,0.9589130013175208,0.0,0.0,202305.01694915252,,0.2600210435324109,0.6271186440677966,59,0.1288854815481064,0.1926329016946779,,20232.0
Y4,wf2023,2023,band,return,entered,quarter,64,111.125,111.125,1.0,0.000674071645576,0.0012945758126464,0.2505156546462367,0.000186810516192,0.0003454271815101,0.9800360446162936,0.0,0.0,202307.984375,,0.3262331047868942,0.609375,64,0.0470762500803967,0.0870476497405686,,20233.0
Y4,wf2023,2023,band,return,entered,quarter,60,80.48333333333333,80.48333333333333,1.0,0.0014491129283424,0.0013971708238741,0.1805248231985927,0.0002466063946623,0.0002399155698719,0.982328286648676,0.0,0.0,202311.06666666668,,0.3520870476162782,0.65,60,0.0621448114549116,0.0604587236077375,,20234.0
Y4,wf2023,2023,band,return,initial,quarter,1,417.0,417.0,1.0,0.0053436897347016,0.000705385185399,1.0,0.0053436897347016,0.000705385185399,0.8730063690982698,0.0,1.0,202301.0,,0.1777570667205533,1.0,59,0.0228238951380476,0.0030128316393314,,20231.0
Y4,wf2023,2023,band,return,retained,quarter,58,113.93103448275862,113.93103448275862,1.0,0.00156772528033,0.0003947359039701,0.2686425896871312,0.0004155692908616,0.0001040996018519,0.4814365863926033,0.0,0.0,202302.1379310345,,0.0994734478004669,0.5344827586206896,59,0.1029484873768543,0.0257884708587704,,20231.0
Y4,wf2023,2023,band,return,retained,quarter,59,136.91525423728814,136.91525423728814,1.0,0.0001341748973552,0.0004294880163277,0.3214044259207191,-6.596919715313865e-06,3.575024629460965e-05,0.4440027233484133,0.0,0.0,202305.01694915252,,0.1082309801146002,0.5423728813559322,59,-0.001662423768259,0.0090090620662416,,20232.0
Y4,wf2023,2023,band,return,retained,quarter,64,332.640625,332.640625,1.0,-0.0004804564235704,0.0001400477434998,0.7494843453537633,-0.0003638144090418,9.807309271040674e-05,0.4250374042577589,0.0,0.0,202307.984375,,0.0352920313619675,0.484375,64,-0.0916812310785338,0.0247144193630225,,20233.0
Y4,wf2023,2023,band,return,retained,quarter,60,365.4166666666667,365.4166666666667,1.0,-0.0002826611816141,-0.0003346032860824,0.8194751768014075,-0.0002270133794211,-0.000272264659099,0.476131119403235,0.0,0.0,202311.06666666668,,-0.084320028092774,0.4,60,-0.0572073716141226,-0.068610694092962,,20234.0
Y4,wf2023,2023,band,turn,entered,quarter,58,1.0517241379310345,1.0517241379310345,1.0,0.0053783844488733,0.0024596626807021,0.0022801256378789,,,0.995066884280594,0.0,0.0,202302.1379310345,,0.6198349955369515,0.5625,59,,,,20231.0
Y4,wf2023,2023,band,turn,entered,quarter,59,1.4406779661016949,1.4406779661016949,1.0,0.0014634641430984,0.0004137079878096,0.0031301055021326,,,0.9931899114484504,0.0,0.0,202305.01694915252,,0.1042544129280298,0.5,59,,,,20232.0
Y4,wf2023,2023,band,turn,entered,quarter,64,2.359375,2.359375,1.0,0.0001284196212738,0.0011769800791455,0.0051176710309287,,,0.9946350172448772,0.0,0.0,202307.984375,,0.2965989799446674,0.490566037735849,64,,,,20233.0
Y4,wf2023,2023,band,turn,entered,quarter,60,1.6833333333333331,1.6833333333333331,1.0,0.0023145159587614,0.0009429156143755,0.0036607979553701,,,0.9924034050179212,0.0,0.0,202311.06666666668,,0.2376147348226281,0.425,60,,,,20234.0
Y4,wf2023,2023,band,turn,initial,quarter,1,454.0,103.0,0.2268722466960352,0.0073037991592124,0.0026654946099098,1.0,,,0.9275228553834496,351.0,1.0,202301.0,,0.6717046416972796,1.0,59,,,,20231.0
Y4,wf2023,2023,band,turn,retained,quarter,58,460.13793103448273,113.93103448275862,0.2475864977683829,0.00156772528033,0.0003947359039701,0.997719874362121,,,0.7200431342268101,346.2068965517241,0.0,202302.1379310345,,0.0994734478004669,0.5344827586206896,59,,,,20231.0
Y4,wf2023,2023,band,turn,retained,quarter,59,458.4745762711864,136.91525423728814,0.2989263046014556,0.0001341748973552,0.0004294880163277,0.9968698944978674,,,0.6922508812797975,321.5254237288136,0.0,202305.01694915252,,0.1082309801146002,0.5423728813559322,59,,,,20232.0
Y4,wf2023,2023,band,turn,retained,quarter,64,458.4375,332.640625,0.7255698088454415,-0.0004804564235704,0.0001400477434998,0.9948823289690713,,,0.5310277087144532,125.796875,0.0,202307.984375,,0.0352920313619675,0.484375,64,,,,20233.0
Y4,wf2023,2023,band,turn,retained,quarter,60,458.23333333333335,365.4166666666667,0.7974215478229528,-0.0002826611816141,-0.0003346032860824,0.99633920204463,,,0.5472709770035987,92.8,0.0,202311.06666666668,,-0.084320028092774,0.4,60,,,,20234.0
Market,wf2023,2023,raw,return,entered,year,241,362.1286307053942,362.1286307053942,1.0,0.0008567296689589,0.0007985795885228,0.8340077006107273,0.0007801546566007,0.0006956056894147,0.9236473611636188,0.0,0.0,202306.6182572614,20232.522821576764,0.201242056307752,0.5560165975103735,242,0.1957865810110641,0.1745682840063405,,
Market,wf2023,2023,raw,return,initial,year,1,417.0,417.0,1.0,0.0018188855908408,-0.0028194189584617,1.0,0.0018188855908408,-0.0028194189584617,0.9318124854954748,0.0,1.0,202301.0,20231.0,-0.7104935775323634,0.0,242,0.0018940461524458,-0.0029359238741006,,
Market,wf2023,2023,raw,return,retained,year,241,72.4149377593361,72.4149377593361,1.0,0.0007242237683738,0.0006823503175619,0.1659922993892726,7.382694736107307e-05,0.000100225834111,0.9303373566014952,0.0,0.0,202306.6182572614,20232.522821576764,0.1719522800256205,0.5125,242,0.0185275130873251,0.0251525427984781,,
Market,wf2023,2023,raw,turn,entered,year,241,351.6929460580913,295.35684647302907,0.8620299039398518,0.0009076635101697,0.0008495134297336,0.763878220446914,,,0.9382479275608268,56.23651452282158,0.0,202306.6182572614,20232.522821576764,0.2140773842928783,0.5352697095435685,242,,,,
Market,wf2023,2023,raw,turn,initial,year,1,454.0,454.0,1.0,0.0018435903080422,-0.0027947142412603,1.0,,,0.9278177253564492,0.0,1.0,202301.0,20231.0,-0.704267988797611,0.0,242,,,,
Market,wf2023,2023,raw,turn,retained,year,241,108.76348547717842,63.518672199170126,0.822054241107406,0.0006698505321981,0.0005955013927883,0.2361217795530859,,,0.944540724774846,45.20746887966805,0.0,202306.6182572614,20232.522821576764,0.1500663509826664,0.5146443514644351,242,,,,
Market,wf2023,2023,raw,return,entered,month,15,359.7333333333333,359.7333333333333,1.0,0.004084753543965,-3.158921181479965e-05,0.8501703051303955,0.0035903836520898,-2.5411847503388392e-05,0.9214096994340916,0.0,0.0,,20231.0,-0.0079604813773295,0.5333333333333333,16,0.848228137806216,-0.0060035489726755,202301.0,
Market,wf2023,2023,raw,return,entered,month,20,365.3,365.3,1.0,0.0036526945303868,0.0024899502059285,0.8614507492786044,0.0031744243857053,0.002134850051838,0.9322338971330152,0.0,0.0,,20231.0,0.6274674518939976,0.7,20,0.7999549451977492,0.5379822130631826,202302.0,
Market,wf2023,2023,raw,return,entered,month,23,372.1304347826087,372.1304347826087,1.0,0.0010195315340206,0.0017572117078026,0.8763712473743214,0.0008556203559971,0.0015021476385546,0.9195026722891112,0.0,0.0,,20231.0,0.4428173503662636,0.5217391304347826,23,0.2156163297112888,0.3785412049157748,202303.0,
Market,wf2023,2023,raw,return,entered,month,19,358.89473684210526,358.89473684210526,1.0,0.0006270540557964,0.0023786902616693,0.8487508682882314,0.0007201162178312,0.0023440748523538,0.913828107983323,0.0,0.0,,20232.0,0.5994299459406692,0.7368421052631579,19,0.1814692868934703,0.590706862793167,202304.0,
Market,wf2023,2023,raw,return,entered,month,20,364.35,364.35,1.0,-0.0004974461730815,1.1059484084864428e-05,0.8672276545140851,-0.0003349560467809,0.000157213443957,0.8981016219870334,0.0,0.0,,20232.0,0.0027869899893858,0.55,20,-0.0844089237888094,0.0396177878771726,202305.0,
Market,wf2023,2023,raw,return,entered,month,20,358.35,358.35,1.0,0.0021547185170335,0.0008533321652567,0.8400063326196119,0.0018013201160396,0.0006561641079581,0.9209117987588616,0.0,0.0,,20232.0,0.2150397056446901,0.6,20,0.4539326692419863,0.1653533552054572,202306.0,
Market,wf2023,2023,raw,return,entered,month,21,363.7142857142857,363.7142857142857,1.0,0.000405556432844,7.117860326442679e-05,0.8231924934645777,0.0001877685871664,1.9985730561340965e-05,0.9339804433878864,0.0,0.0,,20233.0,0.0179370080226355,0.5238095238095238,21,0.0473176839659418,0.0050364041014579,202307.0,
Market,wf2023,2023,raw,return,entered,month,23,341.8695652173913,341.8695652173913,1.0,-0.0021356175903745,-0.0004654816997375,0.7697354925582585,-0.0014780528390902,-0.0003392555650813,0.9305923001047688,0.0,0.0,,20233.0,-0.1173013883338535,0.4782608695652174,23,-0.3724693154507498,-0.0854924024004996,202308.0,
Market,wf2023,2023,raw,return,entered,month,20,377.75,377.75,1.0,-0.0017311042150568,-0.0013150504336057,0.8482433023693099,-0.0015368376205291,-0.0010879891370265,0.9267348671918731,0.0,0.0,,20233.0,-0.3313927092686476,0.3,20,-0.3872830803733421,-0.2741732625306782,202309.0,
Market,wf2023,2023,raw,return,entered,month,17,337.5882352941176,337.5882352941176,1.0,0.0012982430959996,0.0016002565729153,0.7594144786500415,0.0015734621586266,0.0011484793180022,0.9299530513507622,0.0,0.0,,20234.0,0.4032646563746654,0.5882352941176471,17,0.3965124639739053,0.2894167881365745,202310.0,
Market,wf2023,2023,raw,return,entered,month,22,388.3181818181818,388.3181818181818,1.0,0.0023332041217822,0.0007806302258928,0.8710081046736974,0.0018554112666648,0.0006294800986789,0.9291275908369552,0.0,0.0,,20234.0,0.1967188169249992,0.5454545454545454,22,0.4675636391995304,0.1586289848671075,202311.0,
Market,wf2023,2023,raw,return,entered,month,21,352.42857142857144,352.42857142857144,1.0,0.00026009227186,0.001493705144903,0.7885120083830102,5.739023091972964e-05,0.0012257632725518,0.9257003927733892,0.0,0.0,,20234.0,0.376413696515566,0.6190476190476191,21,0.0144623381917718,0.3088923446830612,202312.0,
Market,wf2023,2023,raw,return,initial,month,1,417.0,417.0,1.0,0.0018188855908408,-0.0028194189584617,1.0,0.0018188855908408,-0.0028194189584617,0.9318124854954748,0.0,1.0,,20231.0,-0.7104935775323634,0.0,16,0.0286474480557434,-0.0444058485957727,202301.0,
Market,wf2023,2023,raw,return,retained,month,15,63.46666666666667,63.46666666666667,1.0,0.0033353459747802,-0.0007918397499659,0.1498296948696046,0.0003191270653745,-0.000181420190812,0.9244562685720676,0.0,0.0,,20231.0,-0.1995436169914132,0.3571428571428571,16,0.0753937691947432,-0.0428605200793566,202301.0,
Market,wf2023,2023,raw,return,retained,month,20,58.8,58.8,1.0,0.0039208871362267,0.0027581428117684,0.1385492507213956,0.000430605289443,0.0003074352988521,0.9373768216303984,0.0,0.0,,20231.0,0.6950519885656415,0.65,20,0.1085125329396584,0.0774736953107314,202302.0,
Market,wf2023,2023,raw,return,retained,month,23,52.52173913043478,52.52173913043478,1.0,0.001229734506849,0.001967414680631,0.1236287526256786,0.0001439081620693,0.0002350610532938,0.9244438420905566,0.0,0.0,,20231.0,0.4957884995190245,0.5652173913043478,23,0.0362648568414757,0.0592353854300594,202303.0,
Market,wf2023,2023,raw,return,retained,month,19,63.89473684210526,63.89473684210526,1.0,-0.0021722045093809,-0.0004205683035079,0.1512491317117685,-0.0004090582238284,-0.0002813806524781,0.9215939011877172,0.0,0.0,,20232.0,-0.1059832124840141,0.5263157894736842,19,-0.1030826724047778,-0.0709079244244984,202304.0,
Market,wf2023,2023,raw,return,retained,month,20,55.85,55.85,1.0,-0.0016680499436235,-0.0011595442864571,0.1327723454859149,-4.773638410414175e-05,-3.1400217675740704e-05,0.9114863271540928,0.0,0.0,,20232.0,-0.2922051601871919,0.4,20,-0.0120295687942437,-0.0079128548542866,202305.0,
Market,wf2023,2023,raw,return,retained,month,20,68.45,68.45,1.0,0.0030065995470326,0.0017052131952558,0.1599936673803884,0.0003986981451366,0.0002424678014412,0.9298862543619174,0.0,0.0,,20232.0,0.4297137252044625,0.6,20,0.1004719325744278,0.0611018859632034,202306.0,
Market,wf2023,2023,raw,return,retained,month,21,78.14285714285714,78.14285714285714,1.0,0.0029582717946944,0.0026238939651148,0.1768075065354222,0.0005668890283097,0.0004002940553352,0.9370799838737476,0.0,0.0,,20233.0,0.6612212792089363,0.5714285714285714,21,0.1428560351340524,0.1008741019444829,202307.0,
Market,wf2023,2023,raw,return,retained,month,23,102.30434782608695,102.30434782608695,1.0,-0.0006586415873078,0.0010114943033291,0.2302645074417414,-0.0002292770726297,0.0003020615439983,0.9367973729268728,0.0,0.0,,20233.0,0.2548965644389474,0.5217391304347826,23,-0.0577778223026851,0.0761195090875932,202308.0,
Market,wf2023,2023,raw,return,retained,month,20,67.55,67.55,1.0,-0.0019410522205875,-0.0015249984391364,0.1517566976306898,-0.0001221962626238,-0.0001549909646753,0.9348354186641366,0.0,0.0,,20233.0,-0.3842996066623844,0.35,20,-0.0307934581812093,-0.0390577230981946,202309.0,
Market,wf2023,2023,raw,return,retained,month,17,107.11764705882354,107.11764705882354,1.0,0.0001322259834856,0.0004342394604013,0.2405855213499584,-0.0006164212956325,0.0001105750219074,0.9369610755349356,0.0,0.0,,20234.0,0.1094283440211282,0.5882352941176471,17,-0.1553381664994069,0.0278649055206721,202310.0,
Market,wf2023,2023,raw,return,retained,month,22,57.5,57.5,1.0,0.0018498761735247,0.0002973022776353,0.1289918953263024,0.000407795246081,8.115251817741273e-05,0.932396657087024,0.0,0.0,,20234.0,0.0749201739641132,0.5454545454545454,22,0.1027644020124203,0.020450434580708,202311.0,
Market,wf2023,2023,raw,return,retained,month,21,94.52380952380952,94.52380952380952,1.0,-0.0007705193483219,0.000463093524721,0.2114879916169897,-4.01637719304046e-05,2.5076059480473757e-05,0.9346811866102076,0.0,0.0,,20234.0,0.1166995682297022,0.4285714285714285,21,-0.0101212705264619,0.0063191669890793,202312.0,
Market,wf2023,2023,raw,turn,entered,month,15,386.73333333333335,295.6,0.7909976003862503,0.0034541020719987,-0.0006622406837811,0.8404063006409874,,,0.9384636650957952,91.06666666666666,0.0,,20231.0,-0.1668846523128499,0.4666666666666667,16,,,202301.0,
Market,wf2023,2023,raw,turn,entered,month,20,406.05,330.65,0.8311522974515906,0.0044267335310473,0.003263989206589,0.8804067750956127,,,0.942345880075676,75.4,0.0,,20231.0,0.8225252800604513,0.7,20,,,202302.0,
Market,wf2023,2023,raw,turn,entered,month,23,388.7391304347826,274.8695652173913,0.7347783152431265,0.0014042430045885,0.0021419231783705,0.8420846922635548,,,0.9432809470391996,113.78260869565216,0.0,,20231.0,0.5397646409493742,0.5652173913043478,23,,,202303.0,
Market,wf2023,2023,raw,turn,entered,month,19,335.8421052631579,255.0,0.8058195232498467,0.0010651728788756,0.0028168090847486,0.7286156774614913,,,0.9366121186277456,80.15789473684211,0.0,,20232.0,0.7098358893566488,0.631578947368421,19,,,202304.0,
Market,wf2023,2023,raw,turn,entered,month,20,269.85,187.0,0.7648368403698828,-0.0005098058800443,-1.3002228778955003e-06,0.5866721524381513,,,0.9303942204580562,82.85,0.0,,20232.0,-0.0003276561652296,0.55,20,,,202305.0,
Market,wf2023,2023,raw,turn,entered,month,20,349.65,299.05,0.8804164772026664,0.0017382825459963,0.0004368961942195,0.7623694387146119,,,0.9370952481235656,50.55,0.0,,20232.0,0.1100978409433365,0.55,20,,,202306.0,
Market,wf2023,2023,raw,turn,entered,month,21,377.0,341.2857142857143,0.912005951171096,0.0003966402444508,6.226241487126331e-05,0.8185483894469344,,,0.9412151177305164,35.666666666666664,0.0,,20233.0,0.0156901285475583,0.5238095238095238,21,,,202307.0,
Market,wf2023,2023,raw,turn,entered,month,23,316.60869565217394,294.17391304347825,0.9428782353406476,-0.002021579970009,-0.0003514440793719,0.6870286976989918,,,0.9377962776966672,22.39130434782609,0.0,,20233.0,-0.0885639080017397,0.4782608695652174,23,,,202308.0,
Market,wf2023,2023,raw,turn,entered,month,20,355.35,316.05,0.90092469811938,-0.0017337822499113,-0.0013177284684602,0.7711063142686962,,,0.940096200493032,39.2,0.0,,20233.0,-0.3320675740519805,0.2,20,,,202309.0,
Market,wf2023,2023,raw,turn,entered,month,17,337.29411764705884,302.4117647058824,0.9036155249204092,0.0012198141097613,0.0015218275866769,0.7344678221895711,,,0.9357604866999252,34.8235294117647,0.0,,20234.0,0.3835005518426024,0.5882352941176471,17,,,202310.0,
Market,wf2023,2023,raw,turn,entered,month,22,368.77272727272725,343.3181818181818,0.9387836721730104,0.0023603684696346,0.0008077945737452,0.8017936294289079,,,0.9376502120532952,25.363636363636363,0.0,,20234.0,0.2035642325838032,0.5454545454545454,22,,,202311.0,
Market,wf2023,2023,raw,turn,entered,month,21,331.95238095238096,299.9047619047619,0.917815966172382,7.01376239914744e-05,0.0013037504970344,0.7213918173237532,,,0.9371432261167408,32.04761904761905,0.0,,20234.0,0.3285451252526823,0.6190476190476191,21,,,202312.0,
Market,wf2023,2023,raw,turn,initial,month,1,454.0,454.0,1.0,0.0018435903080422,-0.0027947142412603,1.0,,,0.9278177253564492,0.0,1.0,,20231.0,-0.704267988797611,0.0,16,,,202301.0,
Market,wf2023,2023,raw,turn,retained,month,15,73.6,48.93333333333333,0.9300831443688586,0.0019960797833769,-0.0021311059413692,0.1595936993590125,,,0.938316164288878,24.666666666666668,0.0,,20231.0,-0.5370386972250568,0.2857142857142857,16,,,202301.0,
Market,wf2023,2023,raw,turn,retained,month,20,55.2,55.2,1.0,0.0033382827594135,0.0021755384349552,0.1195932249043874,,,0.9473778624783143,0.0,0.0,,20231.0,0.5482356856087112,0.6,20,,,202302.0,
Market,wf2023,2023,raw,turn,retained,month,23,72.95652173913044,41.95652173913044,0.8453493189289317,0.002941756378335,0.003679436552117,0.1579153077364452,,,0.9395255433603416,31.0,0.0,,20231.0,0.927218011133492,0.6086956521739131,23,,,202303.0,
Market,wf2023,2023,raw,turn,retained,month,19,125.0,46.31578947368421,0.7894712121496716,-0.0044260353821617,-0.0026743991762888,0.2713843225385086,,,0.9437863101694464,78.42105263157895,0.0,,20232.0,-0.6739485924247834,0.5263157894736842,19,,,202304.0,
Market,wf2023,2023,raw,turn,retained,month,20,190.2,46.4,0.522128467345943,-0.0013181294463137,-0.0011891664453011,0.4133278475618486,,,0.9459393721082432,143.8,0.0,,20232.0,-0.2996699442158932,0.4210526315789473,20,,,202305.0,
Market,wf2023,2023,raw,turn,retained,month,20,109.25,60.75,0.8617534262921664,0.0031046378738846,0.0018032515221078,0.2376305612853881,,,0.9403769246153988,48.4,0.0,,20232.0,0.4544193835711782,0.55,20,,,202306.0,
Market,wf2023,2023,raw,turn,retained,month,21,83.61904761904762,74.80952380952381,0.9606717687074828,0.0026241982302105,0.0022898204006309,0.1814516105530655,,,0.9409437324410208,8.80952380952381,0.0,,20233.0,0.5770347409590114,0.5714285714285714,21,,,202307.0,
Market,wf2023,2023,raw,turn,retained,month,23,144.30434782608697,93.17391304347828,0.777423877905895,-0.0005477081877256,0.0011224277029113,0.3129713023010083,,,0.950652677212518,51.130434782608695,0.0,,20233.0,0.2828517811336629,0.5652173913043478,23,,,202308.0,
Market,wf2023,2023,raw,turn,retained,month,20,105.5,59.7,0.773542017387001,-0.0018531499917557,-0.0014370962103046,0.2288936857313038,,,0.9460005681493188,45.8,0.0,,20233.0,-0.362148244996781,0.3,20,,,202309.0,
Market,wf2023,2023,raw,turn,retained,month,17,122.17647058823528,95.76470588235294,0.8821558348078039,0.0006343867821325,0.0009364002590481,0.2655321778104288,,,0.9471362566820016,26.352941176470587,0.0,,20234.0,0.2359728652801388,0.6470588235294118,17,,,202310.0,
Market,wf2023,2023,raw,turn,retained,month,22,91.1818181818182,53.36363636363637,0.7786500743737587,0.001620579434759,6.800553886962897e-05,0.198206370571092,,,0.9457580084817288,37.81818181818182,0.0,,20234.0,0.0171373957951465,0.4545454545454545,22,,,202311.0,
Market,wf2023,2023,raw,turn,retained,month,21,128.28571428571428,84.38095238095238,0.7856467188216159,-0.0003388435686251,0.0008947693044178,0.2786081826762469,,,0.946933485764024,43.85714285714285,0.0,,20234.0,0.2254818647133033,0.5714285714285714,21,,,202312.0,
Market,wf2023,2023,raw,return,entered,quarter,58,366.5689655172414,366.5689655172414,1.0,0.0027202486043049,0.0015472592279449,0.8644501422782312,0.0023624743221274,0.0013252623967408,0.924385946496918,0.0,0.0,202302.1379310345,,0.3899093254421392,0.5862068965517241,59,0.5852529608849844,0.3283056811993841,,20231.0
Market,wf2023,2023,raw,return,entered,quarter,59,360.5593220338983,360.5593220338983,1.0,0.000763719897274,0.0010590330162465,0.8520499362737343,0.0007289743987112,0.0010305927666614,0.910898346891543,0.0,0.0,202305.01694915252,,0.2668763200941396,0.6271186440677966,59,0.1837015484752452,0.2597093771986911,,20232.0
Market,wf2023,2023,raw,return,entered,quarter,64,360.25,360.25,1.0,-0.0011753844342191,-0.0005548802671488,0.8118097615465982,-0.0009498254277994,-0.0004553587561814,0.930498586834262,0.0,0.0,202307.984375,,-0.1398298273215037,0.4375,64,-0.2393560078054579,-0.1147504065577256,,20233.0
Market,wf2023,2023,raw,return,entered,quarter,60,361.3833333333333,361.3833333333333,1.0,0.0013143760170044,0.0012624339125361,0.8105162769319212,0.0011462183235432,0.0009852289883427,0.9281619519936192,0.0,0.0,202311.06666666668,,0.3181333459591031,0.5833333333333334,60,0.2888470175328878,0.2482777050623736,,20234.0
Market,wf2023,2023,raw,return,initial,quarter,1,417.0,417.0,1.0,0.0018188855908408,-0.0028194189584617,1.0,0.0018188855908408,-0.0028194189584617,0.9318124854954748,0.0,1.0,202301.0,,-0.7104935775323634,0.0,59,0.0077687994727439,-0.0120422640259722,,20231.0
Market,wf2023,2023,raw,return,retained,quarter,58,57.51724137931034,57.51724137931034,1.0,0.0026911663162979,0.0015671515331642,0.1355498577217688,0.0002880844740875,0.0001523070231141,0.9289847817666615,0.0,0.0,202302.1379310345,,0.3949221863573791,0.543859649122807,59,0.0713668249705593,0.0377308381328184,,20231.0
Market,wf2023,2023,raw,return,retained,quarter,59,62.71186440677966,62.71186440677966,1.0,-0.0002457778577975,4.95352611749493e-05,0.1479500637262655,-1.2760525967655197e-05,-1.906577494532789e-05,0.9209785720828276,0.0,0.0,202305.01694915252,,0.0124828858160872,0.5084745762711864,59,-0.0032156525438491,-0.0048045752862226,,20232.0
Market,wf2023,2023,raw,return,retained,quarter,64,83.515625,83.515625,1.0,0.0001274047932617,0.000747908960332,0.1881902384534018,6.54276823678793e-05,0.0001914651778202,0.936276993936711,0.0,0.0,202307.984375,,0.1884730580036838,0.484375,64,0.0164877759567055,0.0482492248107014,,20233.0
Market,wf2023,2023,raw,return,retained,quarter,60,84.51666666666667,84.51666666666667,1.0,0.000446070187034,0.0003941280825657,0.1894837230680788,-3.918509704182355e-05,6.986213369032213e-05,0.9344894943137132,0.0,0.0,202311.06666666668,,0.099320276806557,0.5166666666666667,60,-0.0098746444545395,0.0176052576899611,,20234.0
Market,wf2023,2023,raw,turn,entered,quarter,58,394.1896551724138,299.4655172413793,0.782550193196853,0.00297661708287,0.0018036277065101,0.8548651367860142,,,0.9417126613767594,94.67241379310344,0.0,202302.1379310345,,0.4545141820405497,0.5862068965517241,59,,,,20231.0
Market,wf2023,2023,raw,turn,entered,quarter,59,318.1525423728813,246.88135593220335,0.8172141914101368,0.0007594545426725,0.001054767661645,0.6919411812681966,,,0.9346681292467728,71.03389830508475,0.0,202305.01694915252,,0.2658014507345502,0.576271186440678,59,,,,20232.0
Market,wf2023,2023,raw,turn,entered,quarter,64,348.53125,316.46875,0.9196377867158674,-0.0011381646746088,-0.0005176605075384,0.756457851731818,,,0.939636810456638,32.0,0.0,202307.984375,,-0.1304504478997015,0.40625,64,,,,20233.0
Market,wf2023,2023,raw,turn,entered,quarter,60,346.96666666666664,316.53333333333336,0.9214806666845534,0.0012356306050287,0.0011836885005604,0.7545773498076251,,,0.9369373447920464,30.383333333333333,0.0,202311.06666666668,,0.2982895021412373,0.5833333333333334,60,,,,20234.0
Market,wf2023,2023,raw,turn,initial,quarter,1,454.0,454.0,1.0,0.0018435903080422,-0.0027947142412603,1.0,,,0.9278177253564492,0.0,1.0,202301.0,,-0.704267988797611,0.0,59,,,,20231.0
Market,wf2023,2023,raw,turn,retained,quarter,58,67.0,48.32758620689656,0.920424532570692,0.0028486169974956,0.0017246022143618,0.1451348632139858,,,0.9419837025771656,18.67241379310345,0.0,202302.1379310345,,0.4345997580191885,0.5263157894736842,59,,,,20231.0
Market,wf2023,2023,raw,turn,retained,quarter,59,141.76271186440678,51.23728813559322,0.7233489983662025,-0.0008111443838507,-0.0006438399373802,0.3080588187318033,,,0.9433604377574968,90.40677966101696,0.0,202305.01694915252,,-0.1622476642198153,0.5,59,,,,20232.0
Market,wf2023,2023,raw,turn,retained,quarter,64,112.265625,76.6875,0.8363390106630116,8.51230419002517e-05,0.0007056272089706,0.2435421482681819,,,0.9460131456271208,35.578125,0.0,202307.984375,,0.1778180566605916,0.484375,64,,,,20233.0
Market,wf2023,2023,raw,turn,retained,quarter,60,112.95,76.23333333333333,0.8104255320534881,0.000655360131997,0.0006034180275287,0.2454226501923749,,,0.946559929187276,36.68333333333333,0.0,202311.06666666668,,0.1520613429372492,0.55,60,,,,20234.0
Market,wf2023,2023,band,return,entered,year,241,9.821576763485478,9.821576763485478,1.0,0.0037940807079494,0.0037105645228996,0.0221969959830658,2.3307502968631756e-05,2.4399043763910804e-05,0.9860246018107666,0.0,0.0,202306.6182572614,20232.522821576764,0.9350622597707108,0.481981981981982,242,0.0058492201251691,0.0061231517597926,,
Market,wf2023,2023,band,return,initial,year,1,417.0,417.0,1.0,0.0018188855908408,-0.0028194189584617,1.0,0.0018188855908408,-0.0028194189584617,0.9318124854954748,0.0,1.0,202301.0,20231.0,-0.7104935775323634,0.0,242,0.0018940461524458,-0.0029359238741006,,
Market,wf2023,2023,band,return,retained,year,241,424.7219917012448,424.7219917012448,1.0,8.312866568437991e-05,2.4978585248299168e-05,0.9778030040169342,8.355589620706827e-05,2.4314274975708606e-05,0.4848489388112794,0.0,0.0,202306.6182572614,20232.522821576764,0.0062946034825713,0.5020746887966805,242,0.0209690772249903,0.0061018782967964,,
Market,wf2023,2023,band,turn,entered,year,241,2.4730290456431536,2.1618257261410787,0.877022653721683,0.0044224523773666,0.0045288404224525,0.005371750996546,,,0.9885788654745749,0.3070539419087137,0.0,202306.6182572614,20232.522821576764,1.1412677864580472,0.4946236559139785,242,,,,
Market,wf2023,2023,band,turn,initial,year,1,454.0,454.0,1.0,0.0018435903080422,-0.0027947142412603,1.0,,,0.9278177253564492,0.0,1.0,202301.0,20231.0,-0.704267988797611,0.0,242,,,,
Market,wf2023,2023,band,turn,retained,year,241,457.98340248962654,431.98340248962654,0.9432308694651172,3.0297307979008983e-05,-2.7852772457071845e-05,0.994628249003454,,,0.4834584689294477,25.937759336099585,0.0,202306.6182572614,20232.522821576764,-0.0070188986591821,0.4730290456431535,242,,,,
Market,wf2023,2023,band,return,entered,month,15,3.2666666666666666,3.2666666666666666,1.0,0.0088315551259797,0.0050727830955298,0.0077276135046794,7.707739566753723e-05,4.6951585046315394e-05,0.990652841781874,0.0,0.0,,20231.0,1.278341340073532,0.5714285714285714,16,0.0182095347264556,0.011092311967192,202301.0,
Market,wf2023,2023,band,return,entered,month,20,2.5,2.5,1.0,0.0068865446993778,0.0052618120074728,0.0058918474493869,5.085802336835415e-05,3.868961943404758e-05,0.9932743926722422,0.0,0.0,,20231.0,1.3259766258831505,0.6666666666666666,20,0.0128162218888252,0.0097497840973799,202302.0,
Market,wf2023,2023,band,return,entered,month,23,2.0434782608695654,2.0434782608695654,1.0,-0.0002770894631226,3.640278567334005e-06,0.0048089170387215,1.950310481092349e-07,1.265303364642317e-06,0.994405615292712,0.0,0.0,,20231.0,0.0009173501989681,0.4444444444444444,23,4.91478241235272e-05,0.0003188564478898,202303.0,
Market,wf2023,2023,band,return,entered,month,19,3.0526315789473686,3.0526315789473686,1.0,0.0079676124853813,0.0103314672697263,0.0072291100731985,3.728424395406722e-05,3.614515613788806e-05,0.9923875448028676,0.0,0.0,,20232.0,2.6035297519710365,0.5625,19,0.0093956294764249,0.0091085793467477,202304.0,
Market,wf2023,2023,band,return,entered,month,20,2.35,2.35,1.0,0.0213576182483903,0.0208477878390254,0.0055937540407037,4.169576303878576e-05,3.292471003625868e-05,0.991526403823178,0.0,0.0,,20232.0,5.253642535434426,0.4666666666666667,20,0.010507332285774,0.0082970269291371,202305.0,
Market,wf2023,2023,band,return,entered,month,20,3.0,3.0,1.0,0.0032990805358137,0.0027993339249702,0.0070030687039131,3.042897518386311e-05,2.7501892719992493e-05,0.9883375500737932,0.0,0.0,,20232.0,0.7054321490924906,0.4117647058823529,20,0.0076681017463335,0.0069304769654381,202306.0,
Market,wf2023,2023,band,return,entered,month,21,4.619047619047619,4.619047619047619,1.0,0.0037213844220621,0.0033870065924825,0.0104523966775039,2.088987245754988e-05,1.5290056306221913e-05,0.9864885849202286,0.0,0.0,,20233.0,0.853525661305612,0.3333333333333333,21,0.0052642478593025,0.0038530941891679,202307.0,
Market,wf2023,2023,band,return,entered,month,23,11.869565217391305,11.869565217391305,1.0,-0.0023383553736605,-0.0006682194830235,0.0267228209009888,-8.192988911183957e-05,-2.926932399243165e-05,0.9842202029412144,0.0,0.0,,20233.0,-0.1683913097219303,0.3478260869565217,23,-0.0206463320561835,-0.0073758696460927,202308.0,
Market,wf2023,2023,band,return,entered,month,20,16.0,16.0,1.0,-0.0001606236217749,0.0002554301596761,0.0359239679566991,-2.5904385280816065e-05,-1.7877987018663156e-05,0.97793077790793,0.0,0.0,,20233.0,0.064368400238385,0.35,20,-0.0065279050907656,-0.0045052527287031,202309.0,
Market,wf2023,2023,band,return,entered,month,17,22.88235294117647,22.88235294117647,1.0,0.0023685851614955,0.0026705986384111,0.0514582277111867,0.000120821101921,0.0001266792792558,0.9837720036216352,0.0,0.0,,20234.0,0.6729908568796185,0.5294117647058824,17,0.0304469176840978,0.0319231783724812,202310.0,
Market,wf2023,2023,band,return,entered,month,22,21.0,21.0,1.0,0.0034939024762665,0.0019413285803771,0.0471008419960901,0.0001572032158307,9.11249488274662e-05,0.9792317194418526,0.0,0.0,,20234.0,0.4892148022550436,0.6818181818181818,22,0.0396152103893517,0.0229634871045214,202311.0,
Market,wf2023,2023,band,return,entered,month,21,24.52380952380953,24.52380952380953,1.0,-0.0020258438337725,-0.0007922309607295,0.0548674893856556,-0.0001076302832371,-4.623439181859523e-05,0.9770516261812796,0.0,0.0,,20234.0,-0.1996422021038424,0.4761904761904761,21,-0.0271228313757684,-0.0116510667382859,202312.0,
Market,wf2023,2023,band,return,initial,month,1,417.0,417.0,1.0,0.0018188855908408,-0.0028194189584617,1.0,0.0018188855908408,-0.0028194189584617,0.9318124854954748,0.0,1.0,,20231.0,-0.7104935775323634,0.0,16,0.0286474480557434,-0.0444058485957727,202301.0,
Market,wf2023,2023,band,return,retained,month,15,419.9333333333333,419.9333333333333,1.0,0.0055482994741339,0.001431956718354,0.9922723864953203,0.0055049435531711,0.0014187266080125,0.4389143861734092,0.0,0.0,,20231.0,0.3608530930252239,0.8,16,1.3005429144366918,0.3351741611429641,202301.0,
Market,wf2023,2023,band,return,retained,month,20,421.6,421.6,1.0,0.0011065001960366,-5.624412842161861e-05,0.9941081525506128,0.0010965583730759,-5.401754744800724e-05,0.485218708286411,0.0,0.0,,20231.0,-0.0141735203622478,0.5,20,0.2763327100151503,-0.0136124219568978,202302.0,
Market,wf2023,2023,band,return,retained,month,23,422.60869565217394,422.60869565217394,1.0,-0.0008705713606404,-0.0001328911868584,0.9951910829612785,-0.0008682232053739,-0.0001316133039084,0.4811577178012571,0.0,0.0,,20231.0,-0.0334885790883286,0.5652173913043478,23,-0.2187922477542361,-0.0331665525849327,202303.0,
Market,wf2023,2023,band,return,retained,month,19,419.7368421052632,419.7368421052632,1.0,-0.0019148823016303,-0.0001632460957574,0.9927708899268016,-0.0019148485860742,-0.0001620732923851,0.5092328919559895,0.0,0.0,,20232.0,-0.0411380161308649,0.4210526315789473,19,-0.4825418436907107,-0.0408424696810576,202304.0,
Market,wf2023,2023,band,return,retained,month,20,417.85,417.85,1.0,0.000509295182665,0.0010178008398314,0.9944062459592964,0.0004974300134515,0.0010147067236204,0.4891555693182807,0.0,0.0,,20232.0,0.2564858116375341,0.75,20,0.1253523633897889,0.2557060943523649,202305.0,
Market,wf2023,2023,band,return,retained,month,20,423.8,423.8,1.0,0.00102853515396,-0.0002728511978167,0.9929969312960868,0.0010212057328569,-0.000277253536456,0.476426750488084,0.0,0.0,,20232.0,-0.068758501849815,0.5,20,0.2573438446799396,-0.0698678911869182,202306.0,
Market,wf2023,2023,band,return,retained,month,21,437.2380952380952,437.2380952380952,1.0,-0.0011731018702662,-0.0015074796998458,0.989547603322496,-0.0011614668617852,-0.0014902448752134,0.4774863346052609,0.0,0.0,,20233.0,-0.3798848843611518,0.1904761904761904,21,-0.2926896491698755,-0.3755417085537941,202307.0,
Market,wf2023,2023,band,return,retained,month,23,432.3043478260869,432.3043478260869,1.0,-0.0014644805428721,0.0002056553477648,0.9732771790990112,-0.001415530933116,0.0002019443924015,0.4797193590744907,0.0,0.0,,20233.0,0.0518251476367381,0.6086956521739131,23,-0.3567137951452562,0.0508899868851816,202308.0,
Market,wf2023,2023,band,return,retained,month,20,429.3,429.3,1.0,-2.5921333493222205e-05,0.0003901324479578,0.9640760320433008,-3.7021089222196814e-05,0.0003710062939667,0.4909034628751538,0.0,0.0,,20233.0,0.0983133768853864,0.5,20,-0.0093293144839935,0.0934935860796223,202309.0,
Market,wf2023,2023,band,return,retained,month,17,421.8235294117647,421.8235294117647,1.0,-0.0004579371672185,-0.0001559236903029,0.9485417722888134,-0.0004474316593627,-0.0001512763597818,0.5245493229923731,0.0,0.0,,20234.0,-0.0392927699563371,0.3529411764705882,17,-0.1127527781594016,-0.0381216426650363,202310.0,
Market,wf2023,2023,band,return,retained,month,22,424.8181818181818,424.8181818181818,1.0,0.0018809423392085,0.0003283684433191,0.95289915800391,0.0017997341251447,0.0003132384962585,0.4867490932658548,0.0,0.0,,20234.0,0.0827488477164185,0.5454545454545454,22,0.453532999536471,0.0789361010571658,202311.0,
Market,wf2023,2023,band,return,retained,month,21,422.4285714285714,422.4285714285714,1.0,-0.0016395414522837,-0.0004059285792407,0.9451325106143442,-0.0015566277638455,-0.0003844107822211,0.4762933027058559,0.0,0.0,,20234.0,-0.1022940019686704,0.3333333333333333,21,-0.3922701964890673,-0.0968715171197187,202312.0,
Market,wf2023,2023,band,turn,entered,month,15,4.0,3.2666666666666666,0.8733333333333333,0.0088315551259797,0.0050727830955298,0.0086976457662159,,,0.985695340501792,0.7333333333333333,0.0,,20231.0,1.278341340073532,0.5714285714285714,16,,,202301.0,
Market,wf2023,2023,band,turn,entered,month,20,2.9,2.5,0.9157894736842104,0.0068865446993778,0.0052618120074728,0.0062872011761574,,,0.9899260516883606,0.4,0.0,,20231.0,1.3259766258831505,0.6666666666666666,20,,,202302.0,
Market,wf2023,2023,band,turn,entered,month,23,2.0869565217391304,2.0434782608695654,0.9473684210526316,-0.0002770894631226,3.640278567334005e-06,0.0045174366366181,,,0.992181663837012,0.0434782608695652,0.0,,20231.0,0.0009173501989681,0.4444444444444444,23,,,202303.0,
Market,wf2023,2023,band,turn,entered,month,19,3.263157894736842,3.0526315789473686,0.9166666666666669,0.0079676124853813,0.0103314672697263,0.0070842917630475,,,0.9894745941387308,0.1578947368421052,0.0,,20232.0,2.6035297519710365,0.5625,19,,,202304.0,
Market,wf2023,2023,band,turn,entered,month,20,2.9,2.35,0.8431372549019607,0.0213576182483903,0.0208477878390254,0.0063018360158175,,,0.9850259329538268,0.55,0.0,,20232.0,5.253642535434426,0.4666666666666667,20,,,202305.0,
Market,wf2023,2023,band,turn,entered,month,20,3.0,2.6,0.8472222222222222,0.006001591401261,0.0062144017042268,0.0065348029399583,,,0.9830565511748308,0.4,0.0,,20232.0,1.566029229465172,0.5,20,,,202306.0,
Market,wf2023,2023,band,turn,entered,month,21,2.095238095238096,1.8571428571428568,0.875,-0.0059498490377853,-0.005899472615314,0.0045495044322024,,,0.9899708781362008,0.238095238095238,0.0,,20233.0,-1.486667099059145,0.4285714285714285,21,,,202307.0,
Market,wf2023,2023,band,turn,entered,month,23,2.1739130434782608,1.9565217391304348,0.9,-0.0049442735802573,-0.0019466699837573,0.0047193665438948,,,0.9913625704045058,0.217391304347826,0.0,,20233.0,-0.4905608359068575,0.3684210526315789,23,,,202308.0,
Market,wf2023,2023,band,turn,entered,month,20,1.6,1.1,0.6923076923076923,0.0125581733124878,0.0152741797026146,0.0034676680235234,,,0.988246090826736,0.5,0.0,,20233.0,3.849093285058893,0.6666666666666666,20,,,202309.0,
Market,wf2023,2023,band,turn,entered,month,17,3.235294117647059,3.117647058823529,0.9375,0.0029944170366058,0.0033518406201634,0.0070430756604131,,,0.9885698924731184,0.1176470588235294,0.0,,20234.0,0.8446638362811818,0.4666666666666667,17,,,202310.0,
Market,wf2023,2023,band,turn,entered,month,22,1.9090909090909087,1.6363636363636365,0.868421052631579,0.0015309162564238,-0.000216371781938,0.0041519376447767,,,0.9887323146576116,0.2727272727272727,0.0,,20234.0,-0.0545256890483797,0.4117647058823529,22,,,202311.0,
Market,wf2023,2023,band,turn,entered,month,21,1.2857142857142858,1.0952380952380951,0.8529411764705882,0.0019577555396633,0.0023085955262768,0.0027921245917692,,,0.9896015180265656,0.1904761904761904,0.0,,20234.0,0.5817660726217626,0.4666666666666667,21,,,202312.0,
Market,wf2023,2023,band,turn,initial,month,1,454.0,454.0,1.0,0.0018435903080422,-0.0027947142412603,1.0,,,0.9278177253564492,0.0,1.0,,20231.0,-0.704267988797611,0.0,16,,,202301.0,
Market,wf2023,2023,band,turn,retained,month,15,456.3333333333333,447.4666666666666,0.9805993189242918,0.0054825790911467,0.0013662363353668,0.991302354233784,,,0.4142841750882144,8.666666666666666,0.0,,20231.0,0.3442915565124448,0.6666666666666666,16,,,202301.0,
Market,wf2023,2023,band,turn,retained,month,20,458.35,440.05,0.9600844060426532,0.0008720493517477,-0.0002906949727105,0.9937127988238424,,,0.4680770144085935,18.3,0.0,,20231.0,-0.0732551331230573,0.45,20,,,202302.0,
Market,wf2023,2023,band,turn,retained,month,23,459.60869565217394,440.2173913043478,0.9578094820256002,-0.0009154681069526,-0.0001777879331705,0.9954825633633818,,,0.469396508472,19.347826086956523,0.0,,20231.0,-0.0448025591589903,0.5217391304347826,23,,,202303.0,
Market,wf2023,2023,band,turn,retained,month,19,457.578947368421,436.05263157894734,0.9529384215014824,-0.0020021094702671,-0.0002504732643942,0.9929157082369526,,,0.4943786752335322,21.210526315789476,0.0,,20232.0,-0.0631192626273444,0.3684210526315789,19,,,202304.0,
Market,wf2023,2023,band,turn,retained,month,20,457.15,429.1,0.9386619433836,0.0003144078510847,0.0008229135082512,0.9936981639841824,,,0.4931232053582192,28.05,0.0,,20232.0,0.2073742040793079,0.7,20,,,202305.0,
Market,wf2023,2023,band,turn,retained,month,20,455.9,425.2,0.9326594800319592,0.0010050428251839,-0.0002963435265928,0.9934651970600415,,,0.4756821472072065,30.6,0.0,,20232.0,-0.074678568701408,0.45,20,,,202306.0,
Market,wf2023,2023,band,turn,retained,month,21,458.5238095238095,437.2380952380952,0.953580652783362,-0.0011731018702662,-0.0015074796998458,0.9954504955677976,,,0.4758732626190703,21.285714285714285,0.0,,20233.0,-0.3798848843611518,0.1904761904761904,21,,,202307.0,
Market,wf2023,2023,band,turn,retained,month,23,458.7391304347826,432.3043478260869,0.9423649746393918,-0.0014644805428721,0.0002056553477648,0.9952806334561052,,,0.4843851354389385,26.39130434782609,0.0,,20233.0,0.0518251476367381,0.6086956521739131,23,,,202308.0,
Market,wf2023,2023,band,turn,retained,month,20,459.25,429.3,0.934791225439163,-2.5921333493222205e-05,0.0003901324479578,0.9965323319764764,,,0.5006405924349452,29.9,0.0,,20233.0,0.0983133768853864,0.5,20,,,202309.0,
Market,wf2023,2023,band,turn,retained,month,17,456.2352941176471,421.8235294117647,0.9245686152300376,-0.0004579371672185,-0.0001559236903029,0.9929569243395868,,,0.52411617639007,34.35294117647059,0.0,,20234.0,-0.0392927699563371,0.3529411764705882,17,,,202310.0,
Market,wf2023,2023,band,turn,retained,month,22,458.04545454545456,424.8181818181818,0.9274643074713812,0.0018809423392085,0.0003283684433191,0.9958480623552234,,,0.4963455755149937,33.22727272727273,0.0,,20234.0,0.0827488477164185,0.5454545454545454,22,,,202311.0,
Market,wf2023,2023,band,turn,retained,month,21,458.95238095238096,422.4285714285714,0.920418629320322,-0.0016395414522837,-0.0004059285792407,0.9972078754082306,,,0.4950323991973419,36.523809523809526,0.0,,20234.0,-0.1022940019686704,0.3333333333333333,21,,,202312.0,
Market,wf2023,2023,band,return,entered,quarter,58,2.5172413793103448,2.5172413793103448,1.0,0.0048522393203262,0.0033159420897228,0.0059371766111815,3.754839856011472e-05,2.598565761659407e-05,0.9929475985663082,0.0,0.0,202302.1379310345,,0.8356174066101517,0.56,59,0.0093018202263497,0.0064373961309176,,20231.0
Market,wf2023,2023,band,return,entered,quarter,59,2.796610169491525,2.796610169491525,1.0,0.0104985508875164,0.0109501868880311,0.0065981279031035,3.64558542301738e-05,3.2123559690591464e-05,0.9906840651135006,0.0,0.0,202305.01694915252,,2.7594470957838606,0.4791666666666667,59,0.0091868752660037,0.008095137042029,,20232.0
Market,wf2023,2023,band,return,entered,quarter,64,10.78125,10.78125,1.0,0.0003305379192752,0.0009510420863455,0.0242594464075673,-3.0684184899688814e-05,-1.1088484527633296e-05,0.9829990704551772,0.0,0.0,202307.984375,,0.2396626057590805,0.34375,64,-0.0077324145947215,-0.0027942981009635,,20233.0
Market,wf2023,2023,band,return,entered,quarter,60,22.766666666666666,22.766666666666666,1.0,0.001243151361901,0.0011912092574327,0.0510537612017154,5.420322554922381e-05,5.312290655606136e-05,0.9797551006515904,0.0,0.0,202311.06666666668,,0.300184732873063,0.5666666666666667,60,0.0136592128384044,0.0133869724521274,,20234.0
Market,wf2023,2023,band,return,initial,quarter,1,417.0,417.0,1.0,0.0018188855908408,-0.0028194189584617,1.0,0.0018188855908408,-0.0028194189584617,0.9318124854954748,0.0,1.0,202301.0,,-0.7104935775323634,0.0,59,0.0077687994727439,-0.0120422640259722,,20231.0
Market,wf2023,2023,band,return,retained,quarter,58,421.5689655172414,421.5689655172414,1.0,0.0014712302541036,0.0002982408777436,0.9940628233888186,0.001457520466129,0.0002960938307126,0.4716330597889356,0.0,0.0,202302.1379310345,,0.0751567011914111,0.603448275862069,59,0.3610698158125872,0.0733509733846782,,20231.0
Market,wf2023,2023,band,return,retained,quarter,59,420.4745762711864,420.4745762711864,1.0,-9.53585931944655e-05,0.000199954525778,0.9934018720968965,-0.0001018543764278,0.0001977910370842,0.4913062939540865,0.0,0.0,202305.01694915252,,0.0503885404960669,0.559322033898305,59,-0.0256673028598124,0.0498433413452345,,20232.0
Market,wf2023,2023,band,return,retained,quarter,64,432.984375,432.984375,1.0,-0.0009193221629924,-0.000298817995922,0.9757405535924328,-0.0009013818334938,-0.0003004733667955,0.4824816803582319,0.0,0.0,202307.984375,,-0.0753021349723669,0.4375,64,-0.2271482220404398,-0.0757192884324696,,20233.0
Market,wf2023,2023,band,return,retained,quarter,60,423.1333333333333,423.1333333333333,1.0,-1.3909514634775188e-05,-6.585161910308236e-05,0.9489462387982848,-1.1689508278960027e-05,-6.255129375410464e-05,0.4937996316590353,0.0,0.0,202311.06666666668,,-0.0165946080139767,0.4166666666666667,60,-0.0029457560862979,-0.0157629260260343,,20234.0
Market,wf2023,2023,band,turn,entered,quarter,58,2.862068965517241,2.5172413793103448,0.9150943396226416,0.0048522393203262,0.0033159420897228,0.0062087888389415,,,0.989537296273754,0.3448275862068966,0.0,202302.1379310345,,0.8356174066101517,0.56,59,,,,20231.0
Market,wf2023,2023,band,turn,entered,quarter,59,3.0508474576271185,2.6610169491525424,0.8685897435897437,0.0115717348066411,0.0122861855567794,0.006632785129041,,,0.985798593879239,0.3728813559322034,0.0,202305.01694915252,,3.09611876030842,0.5106382978723404,59,,,,20232.0
Market,wf2023,2023,band,turn,entered,quarter,64,1.96875,1.65625,0.8367346938775511,-0.0015289410652736,0.0004259112147082,0.0042724747508797,,,0.9900813191636102,0.3125,0.0,202307.984375,,0.1073296261064695,0.4523809523809524,64,,,,20233.0
Market,wf2023,2023,band,turn,entered,quarter,60,2.066666666666667,1.8666666666666667,0.8846153846153846,0.0021342162766647,0.0017282600405033,0.004495158847321,,,0.9889665012406949,0.2,0.0,202311.06666666668,,0.4355215302068449,0.4468085106382978,60,,,,20234.0
Market,wf2023,2023,band,turn,initial,quarter,1,454.0,454.0,1.0,0.0018435903080422,-0.0027947142412603,1.0,,,0.9278177253564492,0.0,1.0,202301.0,,-0.704267988797611,0.0,59,,,,20231.0
Market,wf2023,2023,band,turn,retained,quarter,58,458.32758620689657,442.0344827586207,0.9644878619190732,0.0013555846024525,0.0001825952260925,0.9937912111610584,,,0.4546883208508808,16.224137931034484,0.0,202302.1379310345,,0.0460139969753232,0.5344827586206896,59,,,,20231.0
Market,wf2023,2023,band,turn,retained,quarter,59,456.864406779661,430.0169491525424,0.9412247199464298,-0.0001974757018593,9.783741711315951e-05,0.993367214870959,,,0.4876152861143327,26.71186440677966,0.0,202305.01694915252,,0.0246550291125161,0.5084745762711864,59,,,,20232.0
Market,wf2023,2023,band,turn,retained,quarter,64,458.828125,432.984375,0.9436783224053104,-0.0009193221629924,-0.000298817995922,0.9957275252491202,,,0.4866720074811714,25.8125,0.0,202307.984375,,-0.0753021349723669,0.4375,64,,,,20233.0
Market,wf2023,2023,band,turn,retained,quarter,60,457.85,423.1333333333333,0.9241778739834632,-1.3909514634775188e-05,-6.585161910308236e-05,0.9955048411526788,,,0.5037543007184204,34.7,0.0,202311.06666666668,,-0.0165946080139767,0.4166666666666667,60,,,,20234.0
T033,wf2023,2023,raw,return,entered,year,241,344.4066390041494,344.4066390041494,1.0,0.001089223573414,0.0010310734929779,0.7925844268877507,0.000883182839508,0.0008239087427177,0.9434979261004568,0.0,0.0,202306.6182572614,20232.522821576764,0.2598305202304459,0.6514522821576764,242,0.2216423975578713,0.2067670486063513,,
T033,wf2023,2023,raw,return,initial,year,1,417.0,417.0,1.0,0.0013486591255573,-0.0032896454237452,1.0,0.0013486591255573,-0.0032896454237452,0.9323163404760062,0.0,1.0,202301.0,20231.0,-0.8289906467838023,0.0,242,0.0014043888414894,-0.003425581185057,,
T033,wf2023,2023,raw,return,retained,year,241,90.13692946058092,90.13692946058092,1.0,0.0008321273498389,0.0007739772694028,0.2074155731122492,0.0001459529499006,0.0001470769662548,0.9495406653832928,0.0,0.0,202306.6182572614,20232.522821576764,0.1950422718895203,0.6058091286307054,242,0.036628159311425,0.0369102409693745,,
T033,wf2023,2023,raw,turn,entered,year,241,366.1452282157677,365.0580912863071,0.997054904807116,0.0010648225731196,0.0010066724926835,0.7952044034409156,,,0.9406984629155044,0.9626556016597512,0.0,202306.6182572614,20232.522821576764,0.2536814681562664,0.6431535269709544,242,,,,
T033,wf2023,2023,raw,turn,initial,year,1,454.0,454.0,1.0,0.0015339560199772,-0.0031043485293253,1.0,,,0.9283330964899816,0.0,1.0,202301.0,20231.0,-0.7822958293900004,0.0,242,,,,
T033,wf2023,2023,raw,turn,retained,year,241,94.31120331950208,94.2572614107884,0.999410032808734,0.0008278400341028,0.0007696899536668,0.2047955965590844,,,0.9471742678974864,0.0,0.0,202306.6182572614,20232.522821576764,0.193961868324036,0.6058091286307054,242,,,,
T033,wf2023,2023,raw,return,entered,month,15,341.4,341.4,1.0,0.0040048901205685,-0.0001114526352113,0.806785321749667,0.0032520126703969,-7.89998184902531e-05,0.9449137150917164,0.0,0.0,,20231.0,-0.0280860640732555,0.4666666666666667,16,0.7682879933812784,-0.0186637071183222,202301.0,
T033,wf2023,2023,raw,return,entered,month,20,351.65,351.65,1.0,0.0039848783195585,0.0028221339951002,0.8291997783755113,0.0033954271509697,0.0023675528775013,0.947567666967526,0.0,0.0,,20231.0,0.711177766765264,0.85,20,0.8556476420443667,0.5966233251303353,202302.0,
T033,wf2023,2023,raw,return,entered,month,23,343.4347826086956,343.4347826086956,1.0,0.0009555141795317,0.0016931943533137,0.8087736050302202,0.0007601163939205,0.0013262638696994,0.9475434727293236,0.0,0.0,,20231.0,0.4266849770350709,0.6086956521739131,23,0.191549331267971,0.3342184951642547,202303.0,
T033,wf2023,2023,raw,return,entered,month,19,333.3157894736842,333.3157894736842,1.0,9.198789204466814e-05,0.0018436240979175,0.7882909554940007,7.159684423535499e-05,0.0014295762568893,0.9454050006811028,0.0,0.0,,20232.0,0.4645932726752323,0.6842105263157895,19,0.0180424047473094,0.3602532167361173,202304.0,
T033,wf2023,2023,raw,return,entered,month,20,314.1,314.1,1.0,0.0005549731610339,0.0010634788182003,0.747518394431954,0.0004466276762377,0.0008095094405499,0.9434948392604576,0.0,0.0,,20232.0,0.2679966621864993,0.65,20,0.1125501744119086,0.2039963790185786,202305.0,
T033,wf2023,2023,raw,return,entered,month,20,333.2,333.2,1.0,0.0016992141613433,0.0003978278095665,0.780554285727686,0.001270283902071,0.0003306979092423,0.9412102356745792,0.0,0.0,,20232.0,0.1002526080107785,0.7,20,0.3201115433219015,0.0833358731290706,202306.0,
T033,wf2023,2023,raw,return,entered,month,21,350.8095238095238,350.8095238095238,1.0,0.0013727386328834,0.0010383608033038,0.794043998944454,0.001050842066482,0.0008336301648408,0.9430379285121891,0.0,0.0,,20233.0,0.261666922432579,0.7142857142857143,21,0.2648122007534755,0.2100748015399058,202307.0,
T033,wf2023,2023,raw,return,entered,month,23,345.5652173913044,345.5652173913044,1.0,-0.00132569908677,0.0003444368038669,0.7780690691620341,-0.0010264824504014,0.0003389893269397,0.9426834373217464,0.0,0.0,,20233.0,0.0867980745744705,0.6086956521739131,23,-0.2586735775011606,0.0854253103888111,202308.0,
T033,wf2023,2023,raw,return,entered,month,20,354.15,354.15,1.0,-0.0007871579001987,-0.0003711041187476,0.7952947702944845,-0.0007735701425211,-0.000352297757283,0.9431078873597628,0.0,0.0,,20233.0,-0.0935182379244132,0.45,20,-0.1949396759153308,-0.0887790348353292,202309.0,
T033,wf2023,2023,raw,return,entered,month,17,345.3529411764706,345.3529411764706,1.0,0.0002503003579754,0.0005523138348911,0.7767985395708382,0.0004325648554074,0.0004264042355928,0.940204735288487,0.0,0.0,,20234.0,0.1391830863925689,0.5882352941176471,17,0.1090063435626713,0.1074538673693929,202310.0,
T033,wf2023,2023,raw,return,entered,month,22,368.54545454545456,368.54545454545456,1.0,0.0030478948625288,0.0014953209666394,0.8266461478392927,0.0023518695780194,0.0012131588807894,0.9419216674275142,0.0,0.0,,20234.0,0.3768208835931308,0.7727272727272727,22,0.5926711336608914,0.3057160379589521,202311.0,
T033,wf2023,2023,raw,return,entered,month,21,347.2857142857143,347.2857142857143,1.0,1.026338827419634e-06,0.0012346392118703,0.7770523053952445,4.2626911164767526e-05,0.0009395419821155,0.9406768691622208,0.0,0.0,,20234.0,0.3111290813913406,0.6666666666666666,21,0.0107419816135214,0.2367645794931272,202312.0,
T033,wf2023,2023,raw,return,initial,month,1,417.0,417.0,1.0,0.0013486591255573,-0.0032896454237452,1.0,0.0013486591255573,-0.0032896454237452,0.9323163404760062,0.0,1.0,,20231.0,-0.8289906467838023,0.0,16,0.0212413812275285,-0.0518119154239876,202301.0,
T033,wf2023,2023,raw,return,retained,month,15,81.8,81.8,1.0,0.0041057753995026,-1.056735627723004e-05,0.1932146782503329,0.0007309527840316,-5.437748286099723e-05,0.9481866613845392,0.0,0.0,,20231.0,-0.0026629737818619,0.5333333333333333,16,0.1726875952274801,-0.0128466803259105,202301.0,
T033,wf2023,2023,raw,return,retained,month,20,72.45,72.45,1.0,0.0032214667691226,0.0020587224446643,0.1708002216244887,0.0004761161760447,0.0003412461250548,0.9482054384865268,0.0,0.0,,20231.0,0.5187980560554101,0.65,20,0.1199812763632819,0.08599402351382,202302.0,
T033,wf2023,2023,raw,return,retained,month,23,81.21739130434783,81.21739130434783,1.0,0.0010360327632724,0.0017737129370544,0.1912263949697797,0.0001839271254089,0.000355459823412,0.9528788107401532,0.0,0.0,,20231.0,0.4469756601377326,0.5652173913043478,23,0.0463496356030466,0.0895758754998327,202303.0,
T033,wf2023,2023,raw,return,retained,month,19,89.47368421052632,89.47368421052632,1.0,-0.0028453968526154,-0.0010937606467425,0.2117090445059991,-0.0006418821015376,-0.0002482253083187,0.9524737289228042,0.0,0.0,,20232.0,-0.2756276829791174,0.5789473684210527,19,-0.1617542895875002,-0.062552777696332,202304.0,
T033,wf2023,2023,raw,return,retained,month,20,106.1,106.1,1.0,-0.0001366768471568,0.0003718288100095,0.2524816055680459,5.083268524180655e-06,0.0001507071613784,0.9517206011436664,0.0,0.0,,20232.0,0.0937008601224134,0.6,20,0.0012809836680935,0.0379782046673626,202305.0,
T033,wf2023,2023,raw,return,retained,month,20,93.6,93.6,1.0,0.0014577687854788,0.000156382433702,0.219445714272314,0.0004552613935257,9.346103457764484e-05,0.946187077229986,0.0,0.0,,20232.0,0.0394083732929099,0.55,20,0.114725871168489,0.0235521807135664,202306.0,
T033,wf2023,2023,raw,return,retained,month,21,91.04761904761904,91.04761904761904,1.0,0.0018666667302985,0.0015322889007189,0.2059560010555461,0.0003481619194477,0.0002309959915092,0.9496313865883752,0.0,0.0,,20233.0,0.3861368029811772,0.7142857142857143,21,0.0877368037008245,0.0582109898603406,202307.0,
T033,wf2023,2023,raw,return,retained,month,23,98.6086956521739,98.6086956521739,1.0,-0.0001028137850696,0.0015673221055673,0.221930930837966,-4.492360975960948e-05,0.0002597405035362,0.9510087608194964,0.0,0.0,,20233.0,0.394965170602981,0.7391304347826086,23,-0.0113207496594215,0.0654546068911353,202308.0,
T033,wf2023,2023,raw,return,retained,month,20,91.15,91.15,1.0,-0.0002888963350761,0.0001271574463749,0.2047052297055155,6.526436469011684e-05,6.004576090312055e-05,0.9500994849839868,0.0,0.0,,20233.0,0.0320436764864866,0.4,20,0.0164466199019094,0.0151315317475863,202309.0,
T033,wf2023,2023,raw,return,retained,month,17,99.3529411764706,99.3529411764706,1.0,-0.0006467993155249,-0.0003447858386092,0.2232014604291616,-0.0003959590567358,-8.778496000555678e-05,0.9475816500787124,0.0,0.0,,20234.0,-0.08688603132953,0.5294117647058824,17,-0.0997816822974271,-0.0221218099214003,202310.0,
T033,wf2023,2023,raw,return,retained,month,22,77.27272727272727,77.27272727272727,1.0,0.0032473439853793,0.0016947700894899,0.1733538521607074,0.0008064065870939,0.0003925433884344,0.9457146505875672,0.0,0.0,,20234.0,0.427082062551456,0.7727272727272727,22,0.2032144599476848,0.0989209338854888,202311.0,
T033,wf2023,2023,raw,return,retained,month,21,99.66666666666669,99.66666666666669,1.0,-0.0006268887656374,0.0006067241074055,0.2229476946047554,-0.0002450712895618,9.162651253031607e-05,0.9499506629379272,0.0,0.0,,20234.0,0.1528944750661905,0.5714285714285714,21,-0.0617579649695853,0.0230898811576396,202312.0,
T033,wf2023,2023,raw,turn,entered,month,15,373.2,373.1333333333333,0.9998062015503876,0.0040202017137687,-9.614104201108688e-05,0.8107658301033588,,,0.9407460458292636,0.0,0.0,,20231.0,-0.0242275425867938,0.4666666666666667,16,,,202301.0,
T033,wf2023,2023,raw,turn,entered,month,20,383.2,383.15,0.9998641304347826,0.0038912187264695,0.0027284744020112,0.8308102413363143,,,0.943493913387012,0.0,0.0,,20231.0,0.6875755493068455,0.85,20,,,202302.0,
T033,wf2023,2023,raw,turn,entered,month,23,373.7826086956522,373.69565217391306,0.9997770784159452,0.0009841972807028,0.0017218774544848,0.8096144973885202,,,0.94360504797614,0.0,0.0,,20231.0,0.4339131185301774,0.6086956521739131,23,,,202303.0,
T033,wf2023,2023,raw,turn,entered,month,19,365.3157894736842,364.42105263157896,0.9974065300720844,3.10208980555442e-05,0.0017826571039284,0.7926913999834083,,,0.9412940351638234,0.0,0.0,,20232.0,0.4492295901899731,0.631578947368421,19,,,202304.0,
T033,wf2023,2023,raw,turn,entered,month,20,346.75,346.7,0.9998630136986302,0.0005392284607868,0.0010477341179532,0.7537362494583056,,,0.9390387068305076,0.0,0.0,,20232.0,0.2640289977242132,0.65,20,,,202305.0,
T033,wf2023,2023,raw,turn,entered,month,20,359.25,359.15,0.9997047402306242,0.0016675570059609,0.0003661706541841,0.7829040924431379,,,0.937743386292175,0.0,0.0,,20232.0,0.0922750048544045,0.65,20,,,202306.0,
T033,wf2023,2023,raw,turn,entered,month,21,366.2857142857143,366.2857142857143,1.0,0.0015033948502559,0.0011690170206763,0.7952855247833275,,,0.9410040741950804,0.0,0.0,,20233.0,0.2945922892104516,0.7142857142857143,21,,,202307.0,
T033,wf2023,2023,raw,turn,entered,month,23,360.4782608695652,354.9130434782609,0.9855119518162996,-0.0014652362713623,0.0002048996192747,0.7821603816450571,,,0.9409759393866608,5.565217391304348,0.0,,20233.0,0.0516347040572251,0.5652173913043478,23,,,202308.0,
T033,wf2023,2023,raw,turn,entered,month,20,367.1,367.05,0.9998607242339832,-0.0008829490628102,-0.0004668952813591,0.7965683710944903,,,0.9414226424925192,0.0,0.0,,20233.0,-0.1176576109025011,0.45,20,,,202309.0,
T033,wf2023,2023,raw,turn,entered,month,17,357.7647058823529,357.7058823529412,0.9998480012159904,0.0002285388819109,0.0005305523588266,0.7788302452974949,,,0.9385455473336514,0.0,0.0,,20234.0,0.1336991944243099,0.5882352941176471,17,,,202310.0,
T033,wf2023,2023,raw,turn,entered,month,22,380.8181818181818,380.7272727272728,0.9997456750551272,0.0030154921097007,0.0014629182138113,0.8279321181636266,,,0.9403654115041656,0.0,0.0,,20234.0,0.3686553898804559,0.7727272727272727,22,,,202311.0,
T033,wf2023,2023,raw,turn,entered,month,21,358.85714285714283,353.8095238095238,0.9858616297477556,3.311106038112372e-05,0.0012667239334241,0.7797532896905334,,,0.939467504849325,4.9523809523809526,0.0,,20234.0,0.3192144312228739,0.7142857142857143,21,,,202312.0,
T033,wf2023,2023,raw,turn,initial,month,1,454.0,454.0,1.0,0.0015339560199772,-0.0031043485293253,1.0,,,0.9283330964899816,0.0,1.0,,20231.0,-0.7822958293900004,0.0,16,,,202301.0,
T033,wf2023,2023,raw,turn,retained,month,15,87.13333333333334,87.06666666666666,0.999074074074074,0.0038741412801969,-0.0002422014755828,0.1892341698966411,,,0.9449695513799964,0.0,0.0,,20231.0,-0.0610347718468825,0.4666666666666667,16,,,202301.0,
T033,wf2023,2023,raw,turn,retained,month,20,78.05,78.05,1.0,0.0030378457066537,0.0018751013821954,0.1691897586636856,,,0.944611797663865,0.0,0.0,,20231.0,0.4725255483132484,0.65,20,,,202302.0,
T033,wf2023,2023,raw,turn,retained,month,23,87.91304347826087,87.91304347826087,1.0,0.0011881254198983,0.0019258055936803,0.1903855026114797,,,0.9487330179176938,0.0,0.0,,20231.0,0.4853030096074435,0.6086956521739131,23,,,202303.0,
T033,wf2023,2023,raw,turn,retained,month,19,95.52631578947368,95.36842105263158,0.9984168308471714,-0.0027207478071323,-0.0009691116012594,0.2073086000165917,,,0.9489058697681078,0.0,0.0,,20232.0,-0.244216123517384,0.5789473684210527,19,,,202304.0,
T033,wf2023,2023,raw,turn,retained,month,20,113.3,113.2,0.9990404475043032,-0.0002148462284726,0.0002936594286938,0.2462637505416943,,,0.948285795744478,0.0,0.0,,20232.0,0.0740021760308412,0.55,20,,,202305.0,
T033,wf2023,2023,raw,turn,retained,month,20,99.65,99.55,0.9986729526802864,0.0013865213121779,8.513496040111488e-05,0.2170959075568621,,,0.9429299449419476,0.0,0.0,,20232.0,0.0214540100210809,0.55,20,,,202306.0,
T033,wf2023,2023,raw,turn,retained,month,21,94.33333333333331,94.23809523809524,0.9985991368210708,0.0019519572673154,0.0016175794377358,0.2047144752166724,,,0.9478316716653036,0.0,0.0,,20233.0,0.4076300183094283,0.6666666666666666,21,,,202307.0,
T033,wf2023,2023,raw,turn,retained,month,23,100.43478260869566,100.3913043478261,0.9997081995914796,-0.0001932152892578,0.0014769206013791,0.2178396183549428,,,0.9503125219131008,0.0,0.0,,20233.0,0.3721839915475481,0.782608695652174,23,,,202308.0,
T033,wf2023,2023,raw,turn,retained,month,20,93.75,93.75,1.0,-0.0003442791046542,7.177467679688818e-05,0.2034316289055097,,,0.9485241746750532,0.0,0.0,,20233.0,0.0180872185528158,0.45,20,,,202309.0,
T033,wf2023,2023,raw,turn,retained,month,17,101.70588235294116,101.6470588235294,0.9994553376906318,-0.0005859274856455,-0.0002839140087298,0.2211697547025051,,,0.946282780902879,0.0,0.0,,20234.0,-0.0715463301999293,0.5294117647058824,17,,,202310.0,
T033,wf2023,2023,raw,turn,retained,month,22,79.13636363636364,79.13636363636364,1.0,0.0032829803067482,0.0017304064108587,0.1720678818363734,,,0.9444704333598598,0.0,0.0,,20234.0,0.4360624155364113,0.7727272727272727,22,,,202311.0,
T033,wf2023,2023,raw,turn,retained,month,21,101.38095238095238,101.33333333333331,0.999662276258021,-0.000492958641599,0.0007406542314439,0.2202467103094665,,,0.9490733417213284,0.0,0.0,,20234.0,0.1866448663238776,0.5714285714285714,21,,,202312.0,
T033,wf2023,2023,raw,return,entered,quarter,58,345.7413793103448,345.7413793103448,1.0,0.0027887542125677,0.0016157648362077,0.8153029018870741,0.0023133001747503,0.0013218987806165,0.9468717058362194,0.0,0.0,202302.1379310345,,0.4071727387243635,0.6551724137931034,59,0.5730711076974768,0.3274724165676509,,20231.0
T033,wf2023,2023,raw,return,entered,quarter,59,326.76271186440675,326.76271186440675,1.0,0.0007937545151931,0.0010890676341656,0.7718471484335393,0.0006050605357058,0.0008468829809617,0.9433355340956217,0.0,0.0,202305.01694915252,,0.2744450438097453,0.6779661016949152,59,0.1524752549978827,0.2134145112023595,,20232.0
T033,wf2023,2023,raw,return,entered,quarter,64,349.96875,349.96875,1.0,-0.0002719800892052,0.0003485240778651,0.7886938746007812,-0.0002658252470864,0.0002852661380564,0.9429323953804908,0.0,0.0,202307.984375,,0.0878280676220112,0.59375,64,-0.0669879622657863,0.0718870667902202,,20233.0
T033,wf2023,2023,raw,return,entered,quarter,60,354.53333333333336,354.53333333333336,1.0,0.0011888391029432,0.0011368969984749,0.7951648139744805,0.0009998316398802,0.0008944791501145,0.940999523928604,0.0,0.0,202311.06666666668,,0.2864980436156784,0.6833333333333333,60,0.2519575732498162,0.2254087458288716,,20234.0
T033,wf2023,2023,raw,return,initial,quarter,1,417.0,417.0,1.0,0.0013486591255573,-0.0032896454237452,1.0,0.0013486591255573,-0.0032896454237452,0.9323163404760062,0.0,1.0,202301.0,,-0.8289906467838023,0.0,59,0.0057603745701772,-0.014050688928539,,20231.0
T033,wf2023,2023,raw,return,retained,quarter,58,78.34482758620689,78.34482758620689,1.0,0.0025835296539699,0.00141054027761,0.1846970981129259,0.0004261541235478,0.0002445661413217,0.950053816164175,0.0,0.0,202302.1379310345,,0.3554561499577262,0.5862068965517241,59,0.1055706554199219,0.0605860800264065,,20231.0
T033,wf2023,2023,raw,return,retained,quarter,59,96.50847457627118,96.50847457627118,1.0,-0.0004684864649704,-0.0001731733459978,0.2281528515664607,-5.065875742741816e-05,2.831916289230148e-06,0.9500873630001072,0.0,0.0,202305.01694915252,,-0.0436396831914705,0.576271186440678,59,-0.0127660068717093,0.0007136429048859,,20232.0
T033,wf2023,2023,raw,return,retained,quarter,64,93.796875,93.796875,1.0,0.0004852712121585,0.0011057753792288,0.2113061253992187,0.000118491321527,0.0001879041034545,0.9502726612013132,0.0,0.0,202307.984375,,0.2786553955656721,0.625,64,0.0298598130248251,0.0473518340705467,,20233.0
T033,wf2023,2023,raw,return,retained,quarter,60,91.36666666666666,91.36666666666666,1.0,0.0007880219206005,0.0007360798161322,0.2048351860255196,9.771906451266632e-05,0.00015112944981,0.9477262380993512,0.0,0.0,202311.06666666668,,0.1854921136653337,0.6333333333333333,60,0.0246252042571919,0.038084621352123,,20234.0
T033,wf2023,2023,raw,turn,entered,quarter,58,376.8793103448276,376.8103448275862,0.99981462819859,0.0027717920291739,0.0015988026528139,0.8172211330726317,,,0.942827328597076,0.0,0.0,202302.1379310345,,0.4028982685091221,0.6551724137931034,59,,,,20231.0
T033,wf2023,2023,raw,turn,entered,quarter,59,356.96610169491527,356.6271186440678,0.999018290677198,0.0007580526508137,0.0010533657697862,0.7761685328426039,,,0.939325907297734,0.0,0.0,202305.01694915252,,0.2654481739861329,0.6440677966101694,59,,,,20232.0
T033,wf2023,2023,raw,turn,entered,quarter,64,364.453125,362.4375,0.9947498340071024,-0.0003091894319087,0.0003113147351615,0.79096956594025,,,0.9411247658412544,2.0,0.0,202307.984375,,0.0784513132607131,0.578125,64,,,,20233.0
T033,wf2023,2023,raw,turn,entered,quarter,60,366.6,364.78333333333336,0.9949152516097918,0.0011820219945651,0.0011300798900968,0.7971573308859734,,,0.9395355159933256,1.7333333333333334,0.0,202311.06666666668,,0.2847801323043941,0.7,60,,,,20234.0
T033,wf2023,2023,raw,turn,initial,quarter,1,454.0,454.0,1.0,0.0015339560199772,-0.0031043485293253,1.0,,,0.9283330964899816,0.0,1.0,202301.0,,-0.7822958293900004,0.0,59,,,,20231.0
T033,wf2023,2023,raw,turn,retained,quarter,58,84.3103448275862,84.29310344827586,0.9997605363984676,0.0025206192757532,0.0013476298993933,0.1827788669273683,,,0.9463385971738656,0.0,0.0,202302.1379310345,,0.3396027346471195,0.5862068965517241,59,,,,20231.0
T033,wf2023,2023,raw,turn,retained,quarter,59,102.94915254237289,102.83050847457628,0.9987150472845432,-0.0004789950281594,-0.0001836819091869,0.2238314671573961,,,0.9466699379546196,0.0,0.0,202305.01694915252,,-0.046287841115116,0.559322033898305,59,,,,20232.0
T033,wf2023,2023,raw,turn,retained,quarter,64,96.34375,96.296875,0.9994354759976016,0.0004634620135563,0.0010839661806267,0.20903043405975,,,0.9489396344136524,0.0,0.0,202307.984375,,0.2731594775179363,0.640625,64,,,,20233.0
T033,wf2023,2023,raw,turn,retained,quarter,60,93.31666666666666,93.28333333333332,0.999727475702653,0.0008652111336484,0.0008132690291801,0.2028426691140266,,,0.9465949497568958,0.0,0.0,202311.06666666668,,0.2049437953533946,0.6333333333333333,60,,,,20234.0
T033,wf2023,2023,band,return,entered,year,241,2.564315352697096,2.564315352697096,1.0,0.0038093647082072,0.0035566341365094,0.0059313316028995,2.397189433035278e-05,2.0787215758136715e-05,0.9924194854593144,0.0,0.0,202306.6182572614,20232.522821576764,0.8962718024003857,0.5357142857142857,242,0.0060159549027726,0.0052167321794345,,
T033,wf2023,2023,band,return,initial,year,1,417.0,417.0,1.0,0.0013486591255573,-0.0032896454237452,1.0,0.0013486591255573,-0.0032896454237452,0.9323163404760062,0.0,1.0,202301.0,20231.0,-0.8289906467838023,0.0,242,0.0014043888414894,-0.003425581185057,,
T033,wf2023,2023,band,return,retained,year,241,431.9792531120332,431.9792531120332,1.0,0.0006247906368786,0.0005666405564425,0.9940686683971004,0.0006175175651165,0.0005625521632526,0.521823870710663,0.0,0.0,202306.6182572614,20232.522821576764,0.1427934202235311,0.5560165975103735,242,0.1549713915894986,0.1411773470192663,,
T033,wf2023,2023,band,turn,entered,year,241,2.5726141078838176,2.564315352697096,0.997278911564626,0.0038093647082072,0.0035566341365094,0.0055872563253395,,,0.9924196134675068,0.0,0.0,202306.6182572614,20232.522821576764,0.8962718024003857,0.5357142857142857,242,,,,
T033,wf2023,2023,band,turn,initial,year,1,454.0,454.0,1.0,0.0015339560199772,-0.0031043485293253,1.0,,,0.9283330964899816,0.0,1.0,202301.0,20231.0,-0.7822958293900004,0.0,242,,,,
T033,wf2023,2023,band,turn,retained,year,241,457.8838174273859,453.6182572614108,0.9906786005717548,0.0004263998537759,0.0003682497733398,0.9944127436746606,,,0.4998107400271351,4.132780082987552,0.0,202306.6182572614,20232.522821576764,0.0927989428816505,0.5643153526970954,242,,,,
T033,wf2023,2023,band,return,entered,month,15,3.1333333333333333,3.1333333333333333,1.0,0.0006556666710257,-0.0031031053594241,0.007407117203299,1.177330842539686e-05,-1.9303804924892105e-05,0.9912476958525344,0.0,0.0,,20231.0,-0.7819825505748788,0.2857142857142857,16,0.0027814441155,-0.0045605239135057,202301.0,
T033,wf2023,2023,band,return,entered,month,20,2.75,2.75,1.0,0.0101305994237995,0.0094330059071723,0.0064870471051481,8.472282547180382e-05,7.530490992969714e-05,0.993448825169255,0.0,0.0,,20231.0,2.3771174886074258,0.7222222222222222,20,0.0213501520188945,0.0189768373022836,202302.0,
T033,wf2023,2023,band,return,entered,month,23,2.217391304347826,2.217391304347826,1.0,-0.0038357288245119,-0.0040510129925611,0.0052193294561235,-2.9966126947815735e-05,-2.9500094078506126e-05,0.9947368753953194,0.0,0.0,,20231.0,-1.020855274125398,0.4705882352941176,23,-0.0075514639908495,-0.0074340237077835,202303.0,
T033,wf2023,2023,band,return,entered,month,19,2.8947368421052637,2.8947368421052637,1.0,-0.0027488775529798,-0.000266956686792,0.0068369965184331,1.1313994298203411e-05,1.6956329521258318e-05,0.9933428912783752,0.0,0.0,,20232.0,-0.0672730850716013,0.5333333333333333,19,0.0028511265631472,0.004272995039357,202304.0,
T033,wf2023,2023,band,return,entered,month,20,3.35,3.35,1.0,0.007214178594363,0.0069366256991823,0.0079766049079659,3.3035530650516344e-05,2.5160778404865097e-05,0.9913701243938436,0.0,0.0,,20232.0,1.7480296761939456,0.5882352941176471,20,0.0083249537239301,0.006340516158026,202305.0,
T033,wf2023,2023,band,return,entered,month,20,4.1,4.1,1.0,0.0103215262347576,0.0093400212272757,0.009604338293929,7.92880800056663e-05,8.24647217420969e-05,0.989384166808898,0.0,0.0,,20232.0,2.35368534927349,0.7222222222222222,20,0.0199805961614279,0.0207811098790084,202306.0,
T033,wf2023,2023,band,return,entered,month,21,2.571428571428572,2.571428571428572,1.0,-0.0007202632655828,-0.0018367738549457,0.0058241288367743,3.985090723308516e-06,-6.392007606269548e-07,0.992937343358396,0.0,0.0,,20233.0,-0.4628670114463368,0.4736842105263157,21,0.0010042428622737,-0.0001610785916779,202307.0,
T033,wf2023,2023,band,return,entered,month,23,2.217391304347826,2.217391304347826,1.0,0.0097679768205007,0.0105614309347226,0.0049939423724237,4.986213013387832e-05,4.7648843903832166e-05,0.993563236047107,0.0,0.0,,20233.0,2.6614805955500995,0.5714285714285714,23,0.0125652567937373,0.0120075086637657,202308.0,
T033,wf2023,2023,band,return,entered,month,20,1.6,1.6,1.0,0.0028784641942457,0.0033975894123999,0.0035884629423067,2.327131315840038e-05,2.3777938763203484e-05,0.9935965181771632,0.0,0.0,,20233.0,0.8561925319247791,0.5714285714285714,20,0.0058643709159168,0.0059920405683272,202309.0,
T033,wf2023,2023,band,return,entered,month,17,3.0,3.0,1.0,-0.0098064640942932,-0.0083771979718702,0.0067395611057464,-5.268711519940947e-05,-5.1385901843568354e-05,0.9913179723502304,0.0,0.0,,20234.0,-2.111053888911303,0.2142857142857142,17,-0.0132771530302511,-0.0129492472645792,202310.0,
T033,wf2023,2023,band,return,entered,month,22,2.0454545454545454,2.0454545454545454,1.0,0.0050148277849336,0.0056043208741203,0.004586704656131,3.0719079390888485e-05,3.510864052690571e-05,0.9911463208939488,0.0,0.0,,20234.0,1.4122888602783366,0.4705882352941176,22,0.0077412080065038,0.0088473774127802,202311.0,
T033,wf2023,2023,band,return,entered,month,21,1.3333333333333333,1.3333333333333333,1.0,0.0144512349866508,0.0120939941870317,0.002981912407174,3.132725062676012e-05,2.571957350583682e-05,0.9927389486260454,0.0,0.0,,20234.0,3.047686535132004,0.75,21,0.0078944671579435,0.0064813325234708,202312.0,
T033,wf2023,2023,band,return,initial,month,1,417.0,417.0,1.0,0.0013486591255573,-0.0032896454237452,1.0,0.0013486591255573,-0.0032896454237452,0.9323163404760062,0.0,1.0,,20231.0,-0.8289906467838023,0.0,16,0.0212413812275285,-0.0518119154239876,202301.0,
T033,wf2023,2023,band,return,retained,month,15,420.06666666666666,420.06666666666666,1.0,0.0060122010726187,0.0018958583168388,0.992592882796701,0.0059645857596198,0.0018793201171902,0.5407068343033109,0.0,0.0,,20231.0,0.4777562958434004,0.8,16,1.4091333857101829,0.4439893776861972,202301.0,
T033,wf2023,2023,band,return,retained,month,20,421.35,421.35,1.0,0.0018812645528599,0.0007185202284016,0.9935129528948516,0.0018663218184934,0.0007129954095772,0.5503143705596684,0.0,0.0,,20231.0,0.1810670975572231,0.65,20,0.4703130982603464,0.1796748432134638,202302.0,
T033,wf2023,2023,band,return,retained,month,23,422.4347826086956,422.4347826086956,1.0,-0.0007090141594133,2.8666014368681097e-05,0.9947806705438764,-0.0007084681147442,2.874602616846748e-05,0.5241008823514705,0.0,0.0,,20231.0,0.0072238356209076,0.3478260869565217,23,-0.17853396491555,0.0072439985944538,202303.0,
T033,wf2023,2023,band,return,retained,month,19,419.89473684210526,419.89473684210526,1.0,-0.0015620300274479,0.0001896061784249,0.993163003481567,-0.0015567241150173,0.0001892697556325,0.5259147278290497,0.0,0.0,,20232.0,0.0477807569630987,0.4736842105263157,19,-0.3922944769843662,0.0476959784193998,202304.0,
T033,wf2023,2023,band,return,retained,month,20,416.85,416.85,1.0,0.0012669080913011,0.0017754137484675,0.992023395092034,0.0012455677303631,0.0017619481397752,0.5318508978795069,0.0,0.0,,20232.0,0.4474042646138261,0.7,20,0.3138830680515092,0.4440109312233523,202305.0,
T033,wf2023,2023,band,return,retained,month,20,422.7,422.7,1.0,0.0019757296183536,0.0006743432665768,0.990395661706071,0.0019720502132635,0.0006674872197503,0.5363974167169638,0.0,0.0,,20232.0,0.1699345031773785,0.7,20,0.4969566537424191,0.1682067793770853,202306.0,
T033,wf2023,2023,band,return,retained,month,21,439.2857142857143,439.2857142857143,1.0,0.0001914630709677,-0.0001429147586117,0.994175871163226,0.0001846984196699,-0.0001450551184256,0.5147369479447225,0.0,0.0,,20233.0,-0.0360145191701691,0.4285714285714285,21,0.0465440017568372,-0.0365538898432644,202307.0,
T033,wf2023,2023,band,return,retained,month,23,441.9565217391304,441.9565217391304,1.0,-0.0012237845482791,0.0004463513423579,0.9950060576275762,-0.001230008203887,0.00044234097298,0.5087397350379202,0.0,0.0,,20233.0,0.1124805382741951,0.4782608695652174,23,-0.3099620673795262,0.1114699251909738,202308.0,
T033,wf2023,2023,band,return,retained,month,20,443.7,443.7,1.0,0.0005602679011623,0.0009763216826134,0.9964115370576933,0.0005569077037574,0.0009724548596038,0.5142856363489866,0.0,0.0,,20233.0,0.2460330640185903,0.65,20,0.1403407413468896,0.2450586246201577,202309.0,
T033,wf2023,2023,band,return,retained,month,17,441.7058823529412,441.7058823529412,1.0,-0.0002231079477635,7.890552915207194e-05,0.9932604388942534,-0.0002217740534506,7.893821010920085e-05,0.5309445475083611,0.0,0.0,,20234.0,0.0198841933463221,0.5294117647058824,17,-0.055887061469558,0.0198924289475186,202310.0,
T033,wf2023,2023,band,return,retained,month,22,443.77272727272725,443.77272727272725,1.0,0.0021631136626659,0.0006105397667764,0.995413295343869,0.0021674061196388,0.0006104426626133,0.5040417032594358,0.0,0.0,,20234.0,0.1538560212276751,0.6363636363636364,22,0.5461863421489852,0.1538315509785735,202311.0,
T033,wf2023,2023,band,return,retained,month,21,445.6190476190476,445.6190476190476,1.0,-0.0012845392873153,-5.092641427236957e-05,0.9970180875928258,-0.0012901300733988,-5.090952323492166e-05,0.4914199610343225,0.0,0.0,,20234.0,-0.0128334563966371,0.3809523809523809,21,-0.3251127784965038,-0.0128291998552002,202312.0,
T033,wf2023,2023,band,turn,entered,month,15,3.1333333333333333,3.1333333333333333,1.0,0.0006556666710257,-0.0031031053594241,0.0068110327793433,,,0.9912476958525344,0.0,0.0,,20231.0,-0.7819825505748788,0.2857142857142857,16,,,202301.0,
T033,wf2023,2023,band,turn,entered,month,20,2.75,2.75,1.0,0.0101305994237995,0.0094330059071723,0.0059634699948742,,,0.993448825169255,0.0,0.0,,20231.0,2.3771174886074258,0.7222222222222222,20,,,202302.0,
T033,wf2023,2023,band,turn,entered,month,23,2.217391304347826,2.217391304347826,1.0,-0.0038357288245119,-0.0040510129925611,0.0047993538372499,,,0.9947368753953194,0.0,0.0,,20231.0,-1.020855274125398,0.4705882352941176,23,,,202303.0,
T033,wf2023,2023,band,turn,entered,month,19,2.9473684210526314,2.8947368421052637,0.9777777777777776,-0.0027488775529798,-0.000266956686792,0.0063909988977032,,,0.9933524492234173,0.0,0.0,,20232.0,-0.0672730850716013,0.5333333333333333,19,,,202304.0,
T033,wf2023,2023,band,turn,entered,month,20,3.35,3.35,1.0,0.007214178594363,0.0069366256991823,0.0072832326098592,,,0.9913701243938436,0.0,0.0,,20232.0,1.7480296761939456,0.5882352941176471,20,,,202305.0,
T033,wf2023,2023,band,turn,entered,month,20,4.15,4.1,0.9888888888888888,0.0103215262347576,0.0093400212272757,0.009037652888688,,,0.9893775957216816,0.0,0.0,,20232.0,2.35368534927349,0.7222222222222222,20,,,202306.0,
T033,wf2023,2023,band,turn,entered,month,21,2.571428571428572,2.571428571428572,1.0,-0.0007202632655828,-0.0018367738549457,0.0055862837966999,,,0.992937343358396,0.0,0.0,,20233.0,-0.4628670114463368,0.4736842105263157,21,,,202307.0,
T033,wf2023,2023,band,turn,entered,month,23,2.217391304347826,2.217391304347826,1.0,0.0097679768205007,0.0105614309347226,0.0048136839703002,,,0.993563236047107,0.0,0.0,,20233.0,2.6614805955500995,0.5714285714285714,23,,,202308.0,
T033,wf2023,2023,band,turn,entered,month,20,1.6,1.6,1.0,0.0028784641942457,0.0033975894123999,0.0034681375467695,,,0.9935965181771632,0.0,0.0,,20233.0,0.8561925319247791,0.5714285714285714,20,,,202309.0,
T033,wf2023,2023,band,turn,entered,month,17,3.0,3.0,1.0,-0.0098064640942932,-0.0083771979718702,0.0065226428297785,,,0.9913179723502304,0.0,0.0,,20234.0,-2.111053888911303,0.2142857142857142,17,,,202310.0,
T033,wf2023,2023,band,turn,entered,month,22,2.0454545454545454,2.0454545454545454,1.0,0.0050148277849336,0.0056043208741203,0.0044455853961059,,,0.9911463208939488,0.0,0.0,,20234.0,1.4122888602783366,0.4705882352941176,22,,,202311.0,
T033,wf2023,2023,band,turn,entered,month,21,1.3333333333333333,1.3333333333333333,1.0,0.0144512349866508,0.0120939941870317,0.0028945146062652,,,0.9927389486260454,0.0,0.0,,20234.0,3.047686535132004,0.75,21,,,202312.0,
T033,wf2023,2023,band,turn,initial,month,1,454.0,454.0,1.0,0.0015339560199772,-0.0031043485293253,1.0,,,0.9283330964899816,0.0,1.0,,20231.0,-0.7822958293900004,0.0,16,,,202301.0,
T033,wf2023,2023,band,turn,retained,month,15,457.2,456.6666666666667,0.9988335624359592,0.005909087817867,0.0017927450620872,0.9931889672206566,,,0.5016956629482187,0.4,0.0,,20231.0,0.4517717556459812,0.8,16,,,202301.0,
T033,wf2023,2023,band,turn,retained,month,20,458.5,457.45,0.9977016283294166,0.0014963691016936,0.0003336247772352,0.9940365300051256,,,0.5104383265746362,1.0,0.0,,20231.0,0.0840734438632941,0.6,20,,,202302.0,
T033,wf2023,2023,band,turn,retained,month,23,459.4782608695652,459.39130434782606,0.9998109631898072,-0.0007761700146079,-3.848984082595225e-05,0.9952006461627504,,,0.4859334922050466,0.0434782608695652,0.0,,20231.0,-0.0096994398881399,0.5217391304347826,23,,,202303.0,
T033,wf2023,2023,band,turn,retained,month,19,457.89473684210526,456.7894736842105,0.9975758861656552,-0.0018116863124934,-6.00501066205788e-05,0.9936090011022968,,,0.4869749836298145,0.5789473684210527,0.0,,20232.0,-0.0151326268683858,0.5263157894736842,19,,,202304.0,
T033,wf2023,2023,band,turn,retained,month,20,456.7,452.25,0.9902530442873224,0.0009108935444768,0.0014193992016433,0.9927167673901408,,,0.4950096764128622,4.35,0.0,,20232.0,0.3576885988141136,0.65,20,,,202305.0,
T033,wf2023,2023,band,turn,retained,month,20,454.75,448.3,0.9858142592831932,0.0018852081638586,0.0005838218120818,0.9909623471113118,,,0.5092418160812946,6.1,0.0,,20232.0,0.1471230966446186,0.7,20,,,202306.0,
T033,wf2023,2023,band,turn,retained,month,21,458.04761904761904,452.5238095238095,0.98794782358695,3.9543315609669886e-05,-0.0002948345139699,0.9944137162033,,,0.5019959348228561,5.333333333333333,0.0,,20233.0,-0.0742982975204167,0.4285714285714285,21,,,202307.0,
T033,wf2023,2023,band,turn,retained,month,23,458.69565217391306,452.69565217391306,0.9869192057870128,-0.0014752395786007,0.0001948963120362,0.9951863160296996,,,0.4996472605492804,6.0,0.0,,20233.0,0.0491138706331354,0.4782608695652174,23,,,202308.0,
T033,wf2023,2023,band,turn,retained,month,20,459.25,453.1,0.986609035002792,0.0001962053194643,0.0006122591009154,0.9965318624532304,,,0.5062915739009977,6.1,0.0,,20233.0,0.1542892934306894,0.6,20,,,202309.0,
T033,wf2023,2023,band,turn,retained,month,17,456.4705882352941,450.0,0.98582540831998,-0.0003911596487147,-8.914617179904251e-05,0.9934773571702216,,,0.5225529393820568,6.470588235294118,0.0,,20234.0,-0.0224648352933587,0.4705882352941176,17,,,202310.0,
T033,wf2023,2023,band,turn,retained,month,22,457.9090909090909,451.9090909090909,0.9868967869355524,0.0020238439415424,0.0004712700456529,0.9955544146038942,,,0.4962752007146438,6.0,0.0,,20234.0,0.1187600515045519,0.6363636363636364,22,,,202311.0,
T033,wf2023,2023,band,turn,retained,month,21,458.9047619047619,452.2857142857143,0.9855751757255689,-0.001340394134775,-0.000106781261732,0.9971054853937348,,,0.4878606916241609,6.428571428571429,0.0,,20234.0,-0.0269088779564816,0.4285714285714285,21,,,202312.0,
T033,wf2023,2023,band,return,entered,quarter,58,2.6379310344827585,2.6379310344827585,1.0,0.0025780149593071,0.0011731308249719,0.0062222806490222,2.0376469241677025e-05,9.276533808877932e-06,0.99326680564699,0.0,0.0,202302.1379310345,,0.2956289678929305,0.5102040816326531,59,0.0050478385497686,0.0022980647144162,,20231.0
T033,wf2023,2023,band,return,entered,quarter,59,3.457627118644068,3.457627118644068,1.0,0.0053439069007022,0.0056407733735036,0.0081613864048835,4.171928991168672e-05,4.194373328547708e-05,0.9912470097286226,0.0,0.0,202305.01694915252,,1.4214748901229175,0.62,59,0.010513261057745,0.0105698207879402,,20232.0
T033,wf2023,2023,band,return,entered,quarter,64,2.140625,2.140625,1.0,0.0042915001834052,0.0043418073733111,0.0048271349841272,2.649909627244824e-05,2.434467139186005e-05,0.9933516432459084,0.0,0.0,202307.984375,,1.0941354580744185,0.5370370370370371,64,0.0066777722606569,0.0061348571907487,,20233.0
T033,wf2023,2023,band,return,entered,quarter,60,2.066666666666667,2.066666666666667,1.0,0.0028227068572924,0.0028632700813545,0.0046350033630538,7.300184189525801e-06,7.31568006456395e-06,0.9916466616654164,0.0,0.0,202311.06666666668,,0.7215440605013379,0.4651162790697674,60,0.0018396464157605,0.0018435513762701,,20234.0
T033,wf2023,2023,band,return,initial,quarter,1,417.0,417.0,1.0,0.0013486591255573,-0.0032896454237452,1.0,0.0013486591255573,-0.0032896454237452,0.9323163404760062,0.0,1.0,202301.0,,-0.8289906467838023,0.0,59,0.0057603745701772,-0.014050688928539,,20231.0
T033,wf2023,2023,band,return,retained,quarter,58,421.44827586206895,421.44827586206895,1.0,0.0019224307151719,0.000749441338812,0.9937777193509778,0.001905180278018,0.0007432908370909,0.5374346589625317,0.0,0.0,202302.1379310345,,0.1888592173806266,0.5689655172413793,59,0.4719680498900374,0.1841345572020486,,20231.0
T033,wf2023,2023,band,return,retained,quarter,59,419.8135593220339,419.8135593220339,1.0,0.0005961726046031,0.0008914857235756,0.9918386135951166,0.0005894000116475,0.0008844886872462,0.5314804427234129,0.0,0.0,202305.01694915252,,0.2246544023410672,0.6271186440677966,59,0.1485288029351797,0.2228911491860568,,20232.0
T033,wf2023,2023,band,return,retained,quarter,64,441.625,441.625,1.0,-0.0002018900327632,0.000418614134307,0.9951728650158728,-0.0002073963718934,0.0004152622200574,0.5124406646826729,0.0,0.0,202307.984375,,0.1054907618453866,0.515625,64,-0.052263885717152,0.1046460794544843,,20233.0
T033,wf2023,2023,band,return,retained,quarter,60,443.8333333333333,443.8333333333333,1.0,0.0002803390072174,0.0002283969027491,0.995364996636946,0.0002803340697003,0.0002283764693569,0.5072465660178416,0.0,0.0,202311.06666666668,,0.0575560194927824,0.5166666666666667,60,0.0706441855644768,0.0575508702779538,,20234.0
T033,wf2023,2023,band,turn,entered,quarter,58,2.6379310344827585,2.6379310344827585,1.0,0.0025780149593071,0.0011731308249719,0.0057210349973169,,,0.99326680564699,0.0,0.0,202302.1379310345,,0.2956289678929305,0.5102040816326531,59,,,,20231.0
T033,wf2023,2023,band,turn,entered,quarter,59,3.4915254237288136,3.457627118644068,0.9893333333333334,0.0053439069007022,0.0056407733735036,0.0075906218479204,,,0.9912475115207372,0.0,0.0,202305.01694915252,,1.4214748901229175,0.62,59,,,,20232.0
T033,wf2023,2023,band,turn,entered,quarter,64,2.140625,2.140625,1.0,0.0042915001834052,0.0043418073733111,0.0046467100309843,,,0.9933516432459084,0.0,0.0,202307.984375,,1.0941354580744185,0.5370370370370371,64,,,,20233.0
T033,wf2023,2023,band,turn,entered,quarter,60,2.066666666666667,2.066666666666667,1.0,0.0028227068572924,0.0028632700813545,0.0044912102258689,,,0.9916466616654164,0.0,0.0,202311.06666666668,,0.7215440605013379,0.4651162790697674,60,,,,20234.0
T033,wf2023,2023,band,turn,initial,quarter,1,454.0,454.0,1.0,0.0015339560199772,-0.0031043485293253,1.0,,,0.9283330964899816,0.0,1.0,202301.0,,-0.7822958293900004,0.0,59,,,,20231.0
T033,wf2023,2023,band,turn,retained,quarter,58,458.5517241379311,458.0172413793104,0.9988308302843668,0.0017364101545843,0.0005634207782244,0.9942789650026828,,,0.4984598585591737,0.4655172413793103,0.0,202302.1379310345,,0.1419820361125583,0.6206896551724138,59,,,,20231.0
T033,wf2023,2023,band,turn,retained,quarter,59,456.4237288135593,452.3728813559322,0.9911065747213178,0.0003644066818531,0.0006597198008256,0.9924093781520796,,,0.4972466870991459,3.7288135593220337,0.0,202305.01694915252,,0.1662493898080561,0.6271186440677966,59,,,,20232.0
T033,wf2023,2023,band,turn,retained,quarter,64,458.65625,452.765625,0.9871597926325484,-0.0004558749107926,0.0001646292562777,0.9953532899690156,,,0.5024942672177091,5.8125,0.0,202307.984375,,0.0414865725819867,0.5,64,,,,20233.0
T033,wf2023,2023,band,turn,retained,quarter,60,457.85,451.5,0.986130665737646,0.0001621095975917,0.0001101674931234,0.995508789774131,,,0.5007754818220752,6.283333333333333,0.0,202311.06666666668,,0.0277622082671154,0.5166666666666667,60,,,,20234.0
T030,confirm2024,2024,raw,return,entered,year,241,336.83402489626553,336.83402489626553,1.0,0.0017423283146113,0.0017844025994151,0.7603650375406269,0.0013918776121008,0.0013024445668474,0.934667787853881,0.0,0.0,202406.60165975103,20242.535269709544,0.4496694550526084,0.6680497925311203,242,0.3493037650335154,0.3268597662552937,,
T030,confirm2024,2024,raw,return,initial,year,1,446.0,446.0,1.0,-0.0052128938440921,-0.0018654729021558,1.0,-0.0052128938440921,-0.0018654729021558,0.940253628429529,0.0,1.0,202401.0,20241.0,-0.4700991713432781,0.0,242,-0.0054283026806248,-0.0019425585592697,,
T030,confirm2024,2024,raw,return,retained,year,241,106.28630705394193,106.28630705394193,1.0,0.0020734247566387,0.0021154990414425,0.2396349624593731,0.0003758154331087,0.0005073227631659,0.9420967566262906,0.0,0.0,202406.60165975103,20242.535269709544,0.5331057584435219,0.6058091286307054,242,0.0943141441469561,0.1273170498041198,,
T030,confirm2024,2024,raw,turn,entered,year,241,346.9253112033195,345.9170124481328,0.9969428677275292,0.00175138689986,0.0017934611846638,0.7607874530920428,,,0.9334246460494908,0.9004149377593361,0.0,202406.60165975103,20242.535269709544,0.4519522185352834,0.6763485477178424,242,,,,
T030,confirm2024,2024,raw,turn,initial,year,1,458.0,458.0,1.0,-0.0050560998629042,-0.0017086789209679,1.0,,,0.9389538432643096,0.0,1.0,202401.0,20241.0,-0.43058708808393,0.0,242,,,,
T030,confirm2024,2024,raw,turn,retained,year,241,109.11203319502074,108.49377593360995,0.9961231158242644,0.0020562524277054,0.0020983267125092,0.2392125469079573,,,0.9408361180935768,0.5643153526970954,0.0,202406.60165975103,20242.535269709544,0.5287783315523377,0.5892116182572614,242,,,,
T030,confirm2024,2024,raw,return,entered,month,21,344.23809523809524,344.23809523809524,1.0,-0.0094808758475386,0.0005534790683522,0.7688593215946474,-0.00652468021836,0.0004926680948697,0.9406223769761112,0.0,0.0,,20241.0,0.1394767252247711,0.5714285714285714,22,-1.5694821688891458,0.1185090708204976,202401.0,
T030,confirm2024,2024,raw,return,entered,month,15,335.3333333333333,335.3333333333333,1.0,0.0120925707220265,0.0065208390646564,0.7633235800626692,0.0083233704773022,0.0043372162171159,0.9317557391476636,0.0,0.0,,20241.0,1.6432514442934236,0.8,15,2.0974893602801736,1.0929784867132275,202402.0,
T030,confirm2024,2024,raw,return,entered,month,21,318.2857142857143,318.2857142857143,1.0,0.0057039432659646,0.0029327128366004,0.7146373478933079,0.0040098174530784,0.0019952550475463,0.9352598547855638,0.0,0.0,,20241.0,0.73904363482331,0.8095238095238095,21,1.010473998175771,0.5028042719816703,202403.0,
T030,confirm2024,2024,raw,return,entered,month,20,330.85,330.85,1.0,-0.0002321545394878,0.0005290515654115,0.7437965730772895,-0.0003771191676659,0.0002201630114118,0.9365676292825932,0.0,0.0,,20242.0,0.1333209944837116,0.65,20,-0.0950340302518199,0.055481078875797,202404.0,
T030,confirm2024,2024,raw,return,entered,month,20,339.45,339.45,1.0,-0.0015874601699178,0.0012652556511572,0.7615202931071812,-0.0012922578822575,0.0009724722550569,0.9394730890614535,0.0,0.0,,20242.0,0.3188444240916152,0.6,20,-0.325648986328898,0.2450630082743509,202405.0,
T030,confirm2024,2024,raw,return,entered,month,19,317.94736842105266,317.94736842105266,1.0,-0.0011262940604776,0.0020645501402827,0.7128410333780831,-0.0011439337397297,0.001396784192468,0.9390953090481676,0.0,0.0,,20242.0,0.5202666353512448,0.6842105263157895,19,-0.2882713024118905,0.351989616501956,202406.0,
T030,confirm2024,2024,raw,return,entered,month,23,343.6521739130435,343.6521739130435,1.0,0.0005830923886694,0.0006605243935414,0.7728509671309843,0.0002870096792709,0.0004746164678672,0.9379930739814532,0.0,0.0,,20243.0,0.1664521471724388,0.6086956521739131,23,0.0723264391762867,0.1196033499025358,202407.0,
T030,confirm2024,2024,raw,return,entered,month,22,345.6363636363636,345.6363636363636,1.0,-0.0012733765760387,0.0010341004296125,0.7764815227034273,-0.0011164041466294,0.0008105121672404,0.9397225637276936,0.0,0.0,,20243.0,0.2605933082623731,0.6818181818181818,22,-0.2813338449506152,0.204249066144594,202408.0,
T030,confirm2024,2024,raw,return,entered,month,19,357.2105263157895,357.2105263157895,1.0,0.0165699437018159,0.0011127736502944,0.8116558242905457,0.0136824885568796,0.0009382863005467,0.930132457338994,0.0,0.0,,20243.0,0.2804189598742137,0.5789473684210527,19,3.447987116333679,0.2364481477377909,202409.0,
T030,confirm2024,2024,raw,return,entered,month,18,311.55555555555554,311.55555555555554,1.0,-0.0005833171930867,0.0022379545210739,0.7166324850263589,-0.0010529337072704,0.0019811417859923,0.9243195701779464,0.0,0.0,,20244.0,0.5639645393106433,0.6111111111111112,18,-0.2653392942321447,0.4992477300700841,202410.0,
T030,confirm2024,2024,raw,return,entered,month,21,362.4285714285714,362.4285714285714,1.0,0.0062819815395759,0.0021252268944084,0.8263004650607254,0.0057524338903304,0.0017354717693616,0.9281997787537049,0.0,0.0,,20244.0,0.535557177390936,0.7142857142857143,21,1.4496133403632652,0.4373388858791249,202411.0,
T030,confirm2024,2024,raw,return,entered,month,22,330.59090909090907,330.59090909090907,1.0,-0.002092165677973,0.0018139953394548,0.7483205648851303,-0.0011513441574156,0.0012505709509732,0.9305112395329392,0.0,0.0,,20244.0,0.4571268255426258,0.7272727272727273,22,-0.2901387276687513,0.3151438796452708,202412.0,
T030,confirm2024,2024,raw,return,initial,month,1,446.0,446.0,1.0,-0.0052128938440921,-0.0018654729021558,1.0,-0.0052128938440921,-0.0018654729021558,0.940253628429529,0.0,1.0,,20241.0,-0.4700991713432781,0.0,22,-0.0597113294868735,-0.0213681441519671,202401.0,
T030,confirm2024,2024,raw,return,retained,month,21,103.57142857142856,103.57142857142856,1.0,-0.0110599856461608,-0.0010256307302699,0.2311406784053526,-0.0033493374679676,-0.0003323308653065,0.951334234702844,0.0,0.0,,20241.0,-0.2584589440280195,0.4285714285714285,22,-0.8056679036584026,-0.0799406790546546,202401.0,
T030,confirm2024,2024,raw,return,retained,month,15,103.93333333333334,103.93333333333334,1.0,0.0129541829954652,0.007382451338095,0.2366764199373307,0.0036179530272651,0.0020323756300813,0.9318298052338166,0.0,0.0,,20241.0,1.860377737199964,0.7333333333333333,15,0.911724162870826,0.5121586587804917,202402.0,
T030,confirm2024,2024,raw,return,retained,month,21,127.0,127.0,1.0,0.006954361518691,0.0041831310893268,0.2853626521066921,0.0021370187563055,0.0013803507324734,0.944015867739002,0.0,0.0,,20241.0,1.0541490345103564,0.7142857142857143,21,0.5385287265890002,0.3478483845833166,202403.0,
T030,confirm2024,2024,raw,return,retained,month,20,114.35,114.35,1.0,0.0003204995128388,0.0010817056177381,0.2562034269227104,0.0002775484115627,0.0004414723373843,0.9447544146456688,0.0,0.0,,20242.0,0.2725898156700236,0.65,20,0.0699421997138235,0.1112510290208516,202404.0,
T030,confirm2024,2024,raw,return,retained,month,20,106.35,106.35,1.0,-0.0020300232254954,0.0008226925955796,0.2384797068928187,-0.0004530253500915,0.000134960333669,0.9474407811480476,0.0,0.0,,20242.0,0.2073185340860607,0.5,20,-0.1141623882230659,0.0340100040846106,202405.0,
T030,confirm2024,2024,raw,return,retained,month,19,128.10526315789474,128.10526315789474,1.0,-0.0009507445668283,0.0022400996339321,0.2871589666219169,-0.000166555851628,0.0004835704169345,0.9503280237570494,0.0,0.0,,20242.0,0.5645051077508899,0.5789473684210527,19,-0.0419720746102695,0.1218597450675059,202406.0,
T030,confirm2024,2024,raw,return,retained,month,23,101.04347826086956,101.04347826086956,1.0,0.001596035211649,0.001673467216521,0.2271490328690155,0.0004845763761172,0.000374401592393,0.9472892209048854,0.0,0.0,,20243.0,0.4217137385633046,0.6086956521739131,23,0.1221132467815396,0.0943492012830373,202407.0,
T030,confirm2024,2024,raw,return,retained,month,22,99.54545454545456,99.54545454545456,1.0,-0.0009201287474418,0.0013873482582094,0.2235184772965727,-7.372201271129582e-06,0.0003731884905103,0.9477837000824128,0.0,0.0,,20243.0,0.3496117610687858,0.6818181818181818,22,-0.0018577947203246,0.0940434996086031,202408.0,
T030,confirm2024,2024,raw,return,retained,month,19,82.89473684210526,82.89473684210526,1.0,0.0175439860642509,0.0020868160127295,0.1883441757094543,0.0030231851621633,0.0003102173669748,0.935242255032572,0.0,0.0,,20243.0,0.5258776352078375,0.5789473684210527,19,0.761842660865165,0.0781747764776512,202409.0,
T030,confirm2024,2024,raw,return,retained,month,18,123.83333333333331,123.83333333333331,1.0,-0.0003010945650936,0.002520177149067,0.2833675149736411,0.0003603268742505,0.0001475230951484,0.929909051077219,0.0,0.0,,20244.0,0.6350846415649033,0.5,18,0.0908023723111389,0.0371758199774074,202410.0,
T030,confirm2024,2024,raw,return,retained,month,21,76.19047619047619,76.19047619047619,1.0,0.0071392109811087,0.0029824563359412,0.1736995349392746,0.0006521448399779,0.0005123523157793,0.9327245185906268,0.0,0.0,,20244.0,0.7515789966571996,0.7619047619047619,21,0.1643404996744488,0.1291127835763951,202411.0,
T030,confirm2024,2024,raw,return,retained,month,22,111.27272727272728,111.27272727272728,1.0,-0.0022931859981306,0.0016129750192972,0.2516794351148695,-0.000916795218783,0.0005874506902558,0.9377867550842875,0.0,0.0,,20244.0,0.4064697048629078,0.5454545454545454,22,-0.2310323951333406,0.1480375739444713,202412.0,
T030,confirm2024,2024,raw,turn,entered,month,21,355.04761904761904,353.7619047619048,0.9958697001307224,-0.0095452559580075,0.0004890989578833,0.7716309428647492,,,0.9392121029169544,1.238095238095238,0.0,,20241.0,0.1232529373865928,0.5714285714285714,22,,,202401.0,
T030,confirm2024,2024,raw,turn,entered,month,15,344.8,344.6666666666667,0.9995603360857598,0.0120692933289611,0.0064975616715909,0.7642885552279368,,,0.9303895716354104,0.0,0.0,,20241.0,1.6373855412409188,0.8,15,,,202402.0,
T030,confirm2024,2024,raw,turn,entered,month,21,327.7619047619048,327.7619047619048,1.0,0.0057061598916794,0.0029349294623152,0.7166927061128723,,,0.9338935128077204,0.0,0.0,,20241.0,0.7396022245034477,0.8095238095238095,21,,,202403.0,
T030,confirm2024,2024,raw,turn,entered,month,20,340.3,339.85,0.9987574730509096,-0.0002237225120348,0.0005374835928645,0.7448166684533649,,,0.9353305645338964,0.0,0.0,,20242.0,0.135445865401864,0.7,20,,,202404.0,
T030,confirm2024,2024,raw,turn,entered,month,20,350.1,349.9,0.9994407025341484,-0.0016074182639343,0.0012452975571407,0.7630823894511701,,,0.9380516921268144,0.0,0.0,,20242.0,0.3138149843994805,0.6,20,,,202405.0,
T030,confirm2024,2024,raw,turn,entered,month,19,328.10526315789474,327.7894736842105,0.99907139197261,-0.001114816789661,0.0020760274110993,0.7140153468453577,,,0.9377016244916528,0.0,0.0,,20242.0,0.5231589075970435,0.6842105263157895,19,,,202406.0,
T030,confirm2024,2024,raw,turn,entered,month,23,355.0,355.0,1.0,0.0005103929347809,0.0005878249396529,0.774301569656801,,,0.9364662728473676,0.0,0.0,,20243.0,0.1481318847925369,0.6086956521739131,23,,,202407.0,
T030,confirm2024,2024,raw,turn,entered,month,22,356.6818181818182,356.6818181818182,1.0,-0.0012896614528931,0.0010178155527581,0.77731447167949,,,0.9382419663249268,0.0,0.0,,20243.0,0.2564895192950533,0.7272727272727273,22,,,202408.0,
T030,confirm2024,2024,raw,turn,entered,month,19,370.2631578947368,363.10526315789474,0.9779987822204184,0.0164838663768704,0.0010266963253489,0.8162353859064067,,,0.9294474503023652,7.105263157894737,0.0,,20243.0,0.2587274739879415,0.5789473684210527,19,,,202409.0,
T030,confirm2024,2024,raw,turn,entered,month,18,314.72222222222223,314.44444444444446,0.9988566819302164,-6.044718926155756e-05,0.0027608245248991,0.7004562899550558,,,0.924355862608056,0.2222222222222222,0.0,,20244.0,0.6957277802745848,0.6111111111111112,18,,,202410.0,
T030,confirm2024,2024,raw,turn,entered,month,21,372.9047619047619,372.8571428571428,0.9998530276308054,0.0062356530424834,0.0020788983973159,0.8258063122393822,,,0.9268395000011522,0.0,0.0,,20244.0,0.523882396123625,0.7142857142857143,21,,,202411.0,
T030,confirm2024,2024,raw,turn,entered,month,22,341.5,339.09090909090907,0.9932696228156138,-0.0021341098333913,0.0017720511840365,0.7517229955720779,,,0.9290326398759255,2.363636363636364,0.0,,20244.0,0.4465568983772218,0.7272727272727273,22,,,202412.0,
T030,confirm2024,2024,raw,turn,initial,month,1,458.0,458.0,1.0,-0.0050560998629042,-0.0017086789209679,1.0,,,0.9389538432643096,0.0,1.0,,20241.0,-0.43058708808393,0.0,22,,,202401.0,
T030,confirm2024,2024,raw,turn,retained,month,21,105.14285714285714,105.14285714285714,1.0,-0.0111956425322805,-0.0011612876163896,0.2283690571352506,,,0.9503714639616933,0.0,0.0,,20241.0,-0.2926444793301922,0.4761904761904761,22,,,202401.0,
T030,confirm2024,2024,raw,turn,retained,month,15,106.26666666666668,106.26666666666668,1.0,0.0128287552125209,0.0072570235551508,0.2357114447720631,,,0.9306910047065406,0.0,0.0,,20241.0,1.828769935898004,0.7333333333333333,15,,,202402.0,
T030,confirm2024,2024,raw,turn,retained,month,21,129.47619047619048,129.47619047619048,1.0,0.007009662971238,0.0042384325418738,0.2833072938871276,,,0.9428539027462643,0.0,0.0,,20241.0,1.0680850005521978,0.7142857142857143,21,,,202403.0,
T030,confirm2024,2024,raw,turn,retained,month,20,116.85,116.4,0.9955159070073842,0.0003253745778915,0.0010865806827909,0.2551833315466351,,,0.943757680404697,0.0,0.0,,20242.0,0.2738183320633077,0.6,20,,,202404.0,
T030,confirm2024,2024,raw,turn,retained,month,20,108.75,108.75,1.0,-0.0020245794273937,0.0008281363936813,0.2369176105488298,,,0.9461894925752828,0.0,0.0,,20242.0,0.2086903712077028,0.5,20,,,202405.0,
T030,confirm2024,2024,raw,turn,retained,month,19,131.3684210526316,131.31578947368422,0.999498746867168,-0.0010484639090348,0.0021423802917255,0.2859846531546423,,,0.9488197199322528,0.0,0.0,,20242.0,0.5398798335148453,0.5789473684210527,19,,,202406.0,
T030,confirm2024,2024,raw,turn,retained,month,23,103.52173913043478,103.3913043478261,0.9983553285380632,0.0014744771602863,0.0015519091651583,0.2256984303431991,,,0.9459079638273636,0.0,0.0,,20243.0,0.3910811096199117,0.6086956521739131,23,,,202407.0,
T030,confirm2024,2024,raw,turn,retained,month,22,102.22727272727272,102.22727272727272,1.0,-0.000989289053869,0.0013181879517822,0.22268552832051,,,0.9462372965983278,0.0,0.0,,20243.0,0.3321833638491289,0.6363636363636364,22,,,202408.0,
T030,confirm2024,2024,raw,turn,retained,month,19,83.63157894736842,83.57894736842105,0.9991079393398752,0.0177735806582339,0.0023164106067124,0.1837646140935932,,,0.9349616454293525,0.0526315789473684,0.0,,20243.0,0.5837354728915427,0.5263157894736842,19,,,202409.0,
T030,confirm2024,2024,raw,turn,retained,month,18,134.0,126.5,0.9566473988439306,-0.000349847700452,0.0024714240137086,0.2995437100449443,,,0.9272376841721504,7.5,0.0,,20244.0,0.6227988514545826,0.5,18,,,202410.0,
T030,confirm2024,2024,raw,turn,retained,month,21,78.66666666666667,78.66666666666667,1.0,0.0072286753886856,0.0030719207435182,0.1741936877606177,,,0.9311512639210058,0.0,0.0,,20244.0,0.7741240273665965,0.7142857142857143,21,,,202411.0,
T030,confirm2024,2024,raw,turn,retained,month,22,112.9090909090909,112.9090909090909,1.0,-0.0022916174376985,0.0016145435797293,0.2482770044279221,,,0.9370481244083784,0.0,0.0,,20244.0,0.4068649820918083,0.5,22,,,202412.0,
T030,confirm2024,2024,raw,return,entered,quarter,57,332.3333333333333,332.3333333333333,1.0,0.0017907539757429,0.0030003967714711,0.7474260308804755,0.0012638322647126,0.0020579759517101,0.9363133851615812,0.0,0.0,202402.0,,0.7560999864107204,0.7192982456140351,58,0.3129945974195274,0.5096683891442144,,20241.0
T030,confirm2024,2024,raw,return,entered,quarter,59,329.6101694915254,329.6101694915254,1.0,-0.0009795234124947,0.0012730948643516,0.7398358806419152,-0.0009342759670056,0.0008540949997672,0.9383665294711208,0.0,0.0,202404.98305084743,,0.3208199058166135,0.6440677966101694,59,-0.2354375436854284,0.215231939941358,,20242.0
T030,confirm2024,2024,raw,return,entered,quarter,64,348.359375,348.359375,1.0,0.0046910276656413,0.0009232026540394,0.7856191625782565,0.0037813689684077,0.0007277325961035,0.9362539655159932,0.0,0.0,202407.9375,,0.2326470688179431,0.625,64,0.9529049800387652,0.1833886142180847,,20243.0
T030,confirm2024,2024,raw,return,entered,quarter,61,335.9344262295082,335.9344262295082,1.0,0.0012359714416414,0.0020462433381953,0.7658155233479109,0.001254405467261,0.0016330822987847,0.9278884407664836,0.0,0.0,202411.0655737705,,0.5156533212252296,0.6885245901639344,61,0.316110177749794,0.4115367392937557,,20244.0
T030,confirm2024,2024,raw,return,initial,quarter,1,446.0,446.0,1.0,-0.0052128938440921,-0.0018654729021558,1.0,-0.0052128938440921,-0.0018654729021558,0.940253628429529,0.0,1.0,202401.0,,-0.4700991713432781,0.0,58,-0.0226491249777796,-0.0081051581266082,,20241.0
T030,confirm2024,2024,raw,return,retained,quarter,57,112.29824561403508,112.29824561403508,1.0,0.0018963971623704,0.0031060399580986,0.2525739691195246,0.0005054491660363,0.000920948274767,0.9435052496453686,0.0,0.0,202402.0,,0.7827220694408517,0.6140350877192983,58,0.1251771003611471,0.2280776037716314,,20241.0
T030,confirm2024,2024,raw,return,retained,quarter,59,116.0677966101695,116.0677966101695,1.0,-0.0008856715427605,0.0013669467340858,0.2601641193580848,-0.0001131203381611,0.0003511269719122,0.947459938428106,0.0,0.0,202404.98305084743,,0.3444705769896372,0.576271186440678,59,-0.0285063252166097,0.0884839969218958,,20242.0
T030,confirm2024,2024,raw,return,retained,quarter,64,95.140625,95.140625,1.0,0.0054656517600777,0.0016978267484758,0.2143808374217435,0.0010691185359974,0.0003549298966998,0.9438827551288176,0.0,0.0,202407.9375,,0.4278523406159094,0.625,64,0.26941787107135,0.0894423339683515,,20243.0
T030,confirm2024,2024,raw,return,retained,quarter,61,102.90163934426228,102.90163934426228,1.0,0.0015418628929954,0.0023521347895494,0.2341844766520891,1.8738627572429306e-07,0.000431782451306,0.9337194495352036,0.0,0.0,202411.0655737705,,0.5927379669664494,0.6065573770491803,61,4.7221341482521846e-05,0.1088091777291147,,20244.0
T030,confirm2024,2024,raw,turn,entered,quarter,57,342.29824561403507,341.7894736842105,0.9983626095444134,0.0017617260095004,0.0029713688052286,0.7494583325780547,,,0.9349309035920934,0.4561403508771929,0.0,202402.0,,0.7487849389176251,0.7192982456140351,58,,,,20241.0
T030,confirm2024,2024,raw,turn,entered,quarter,59,339.6949152542373,339.3728813559322,0.9990901687996736,-0.0009797344834397,0.0012728837934066,0.7410893686127542,,,0.9370165423484,0.0,0.0,202404.98305084743,,0.3207667159384867,0.6610169491525424,59,,,,20242.0
T030,confirm2024,2024,raw,turn,entered,quarter,64,360.109375,357.984375,0.9934683884716866,0.0046337491671382,0.0008659241555363,0.787786356426202,,,0.9349929545372312,2.109375,0.0,202407.9375,,0.2182128871951627,0.640625,64,,,,20243.0
T030,confirm2024,2024,raw,turn,entered,quarter,61,344.40983606557376,343.44262295081967,0.9971846812612182,0.0013591843959153,0.0021694562924692,0.7620992078492419,,,0.92689759187278,0.918032786885246,0.0,202411.0655737705,,0.5467029857022546,0.6885245901639344,61,,,,20244.0
T030,confirm2024,2024,raw,turn,initial,quarter,1,458.0,458.0,1.0,-0.0050560998629042,-0.0017086789209679,1.0,,,0.9389538432643096,0.0,1.0,202401.0,,-0.43058708808393,0.0,58,,,,20241.0
T030,confirm2024,2024,raw,turn,retained,quarter,57,114.40350877192982,114.40350877192982,1.0,0.0018337852176477,0.0030434280133759,0.2505416674219455,,,0.9424227679204424,0.0,0.0,202402.0,,0.7669438593707399,0.631578947368421,58,,,,20241.0
T030,confirm2024,2024,raw,turn,retained,quarter,59,118.77966101694916,118.61016949152544,0.998318547976676,-0.0009136425637577,0.0013389757130886,0.2589106313872458,,,0.9462121718358034,0.0,0.0,202404.98305084743,,0.3374218796983436,0.559322033898305,59,,,,20242.0
T030,confirm2024,2024,raw,turn,retained,quarter,64,97.171875,97.109375,0.999144115684892,0.0054663538751236,0.0016985288635217,0.212213643573798,,,0.942771483692973,0.015625,0.0,202407.9375,,0.4280292736074706,0.59375,64,,,,20243.0
T030,confirm2024,2024,raw,turn,retained,quarter,61,107.34426229508196,105.1311475409836,0.9872074291670616,0.0015588416545064,0.0023691135510604,0.2379007921507583,,,0.932123173679084,2.2131147540983607,0.0,202411.0655737705,,0.5970166148672262,0.5737704918032787,61,,,,20244.0
T030,confirm2024,2024,band,return,entered,year,241,5.149377593360996,5.149377593360996,1.0,0.0013983251104771,0.0013265504624512,0.0117211295826639,5.002720997961384e-05,7.040330924439684e-05,0.9884542718900224,0.0,0.0,202406.60165975103,20242.535269709544,0.3342907165377202,0.5142857142857142,242,0.0125547624648012,0.0176683213926888,,
T030,confirm2024,2024,band,return,initial,year,1,446.0,446.0,1.0,-0.0052128938440921,-0.0018654729021558,1.0,-0.0052128938440921,-0.0018654729021558,0.940253628429529,0.0,1.0,202401.0,20241.0,-0.4700991713432781,0.0,242,-0.0054283026806248,-0.0019425585592697,,
T030,confirm2024,2024,band,return,retained,year,241,437.9709543568465,437.9709543568465,1.0,0.0007026446562792,0.000744718941083,0.9882788704173362,0.000717214183017,0.000738912368556,0.5307919804370258,0.0,0.0,202406.60165975103,20242.535269709544,0.1876691731529163,0.5767634854771784,242,0.179991122987559,0.1854364709386133,,
T030,confirm2024,2024,band,turn,entered,year,241,5.157676348547718,5.149377593360996,0.9978571428571428,0.0013983251104771,0.0013265504624512,0.0114046120652984,,,0.988458351084424,0.0,0.0,202406.60165975103,20242.535269709544,0.3342907165377202,0.5142857142857142,242,,,,
T030,confirm2024,2024,band,turn,initial,year,1,458.0,458.0,1.0,-0.0050560998629042,-0.0017086789209679,1.0,,,0.9389538432643096,0.0,1.0,202401.0,20241.0,-0.43058708808393,0.0,242,,,,
T030,confirm2024,2024,band,turn,retained,year,241,450.8796680497925,448.0663900414938,0.9937501251008116,0.0005091725800959,0.0005512468648997,0.9885953879347016,,,0.5192787781728211,2.680497925311203,0.0,202406.60165975103,20242.535269709544,0.1389142099547329,0.5228215767634855,242,,,,
T030,confirm2024,2024,band,return,entered,month,21,3.333333333333333,3.333333333333333,1.0,-0.0092550354040975,0.0009366679659883,0.0074470761007973,-9.452822186580184e-05,-7.671530079544022e-06,0.9936981950844852,0.0,0.0,,20241.0,0.2360403274290767,0.6,22,-0.0227383340960828,-0.001845351690043,202401.0,
T030,confirm2024,2024,band,return,entered,month,15,10.4,10.4,1.0,0.0066538481290269,0.0014082187298885,0.0240495558144243,0.0009539753974694,0.0004471531929408,0.9850888859391164,0.0,0.0,,20241.0,0.3548711199319142,0.7142857142857143,15,0.2404018001623055,0.1126826046210991,202402.0,
T030,confirm2024,2024,band,return,entered,month,21,5.523809523809524,5.523809523809524,1.0,0.0039665781057186,0.0019644119267587,0.0124096074973727,6.162106655383636e-05,2.8305446974532796e-05,0.9878292419710076,0.0,0.0,,20241.0,0.4950318055432073,0.5789473684210527,21,0.0155285087715667,0.0071329726375822,202403.0,
T030,confirm2024,2024,band,return,entered,month,20,6.4,6.4,1.0,-0.0092208146687489,-0.0084596085638495,0.0143977529718022,-0.0002161198923228,-0.0001453155588373,0.990460733608244,0.0,0.0,,20242.0,-2.1318213580900958,0.3,20,-0.0544622128653666,-0.0366195208270118,202404.0,
T030,confirm2024,2024,band,return,entered,month,20,4.25,4.25,1.0,-0.0030583087260601,-0.000205592904985,0.0095368654767682,-2.614146866610911e-05,2.2077605791536847e-05,0.9913334357398872,0.0,0.0,,20242.0,-0.0518094120562372,0.5,20,-0.0065876501038594,0.0055635566594672,202405.0,
T030,confirm2024,2024,band,return,entered,month,19,2.6842105263157894,2.6842105263157894,1.0,-0.0003785824815642,0.0034567912331229,0.0060108549756731,-3.979643757112658e-05,-9.520579462815247e-06,0.9933364695340504,0.0,0.0,,20242.0,0.8711113907469918,0.4375,19,-0.0100287022679238,-0.0023991860246294,202406.0,
T030,confirm2024,2024,band,return,entered,month,23,4.217391304347826,4.217391304347826,1.0,0.0014559246187934,0.0017581591165776,0.0094792201772636,2.3848389867831963e-05,7.969682813733927e-06,0.9899556820121336,0.0,0.0,,20243.0,0.4430560973775769,0.4545454545454545,23,0.0060097942466936,0.0020083600690609,202407.0,
T030,confirm2024,2024,band,return,entered,month,22,2.727272727272727,2.727272727272727,1.0,-0.0008074455542252,-0.0021178647258768,0.0061237198392523,-4.084904744765693e-05,-2.3723384127430615e-05,0.9916399044205496,0.0,0.0,,20243.0,-0.5337019109209549,0.4666666666666667,22,-0.0102939599568095,-0.0059782928001125,202408.0,
T030,confirm2024,2024,band,return,entered,month,19,3.842105263157895,3.842105263157895,1.0,0.0173636441067019,0.0049835340038183,0.0086673755696538,0.0002199829285465,1.8296136177066052e-05,0.9892364453547248,0.0,0.0,,20243.0,1.2558505689622328,0.3888888888888889,19,0.0554356979937383,0.0046106263166206,202409.0,
T030,confirm2024,2024,band,return,entered,month,18,11.666666666666666,11.666666666666666,1.0,0.0055168208552732,0.0073118100307507,0.027488832518103,-0.0001312318313879,0.0006059183580526,0.9774888413853146,0.0,0.0,,20244.0,1.8425761277491872,0.6153846153846154,18,-0.0330704215097554,0.1526914262292655,202410.0,
T030,confirm2024,2024,band,return,entered,month,21,4.809523809523809,4.809523809523809,1.0,0.0139208142883013,0.006126144376195,0.0109387728999087,0.0001526062841637,7.188509413976545e-05,0.9824467855919468,0.0,0.0,,20244.0,1.543788382801159,0.625,21,0.0384567836092725,0.0181150437232208,202411.0,
T030,confirm2024,2024,band,return,entered,month,22,4.2727272727272725,4.2727272727272725,1.0,-0.0038262376990439,0.0018301021441587,0.0096464850248586,-2.8760551351186334e-05,2.141144842831023e-06,0.9838696000394292,0.0,0.0,,20244.0,0.4611857403280116,0.5882352941176471,22,-0.0072476589404989,0.0005395685003934,202412.0,
T030,confirm2024,2024,band,return,initial,month,1,446.0,446.0,1.0,-0.0052128938440921,-0.0018654729021558,1.0,-0.0052128938440921,-0.0018654729021558,0.940253628429529,0.0,1.0,,20241.0,-0.4700991713432781,0.0,22,-0.0597113294868735,-0.0213681441519671,202401.0,
T030,confirm2024,2024,band,return,retained,month,21,444.4761904761905,444.4761904761905,1.0,-0.0116384456183702,-0.0016040907024793,0.9925529238992024,-0.0115353058883285,-0.0015878076642239,0.549720332274558,0.0,0.0,,20241.0,-0.4042308570248003,0.3809523809523809,22,-2.774765398228857,-0.381939916321505,202401.0,
T030,confirm2024,2024,band,return,retained,month,15,428.8666666666667,428.8666666666667,1.0,0.008268713040001,0.0026969813826308,0.9759504441855756,0.0076359762062533,0.0025710667534117,0.5632703245089189,0.0,0.0,,20241.0,0.6796393084229782,0.7333333333333333,15,1.9242660039758348,0.6479088218597611,202402.0,
T030,confirm2024,2024,band,return,retained,month,21,439.7619047619048,439.7619047619048,1.0,0.0039326004335116,0.0011613700041473,0.9875903925026274,0.0038828411944717,0.0011449263846868,0.5547182423761169,0.0,0.0,,20241.0,0.2926652410451406,0.6666666666666666,21,0.9784759810068812,0.288521448941081,202403.0,
T030,confirm2024,2024,band,return,retained,month,20,438.8,438.8,1.0,-0.0002056705456186,0.0005555355592807,0.9856022470281978,-0.00012065067259,0.0005697510988237,0.5444803717806411,0.0,0.0,,20242.0,0.1399949609387571,0.55,20,-0.0304039694926941,0.1435772769035963,202404.0,
T030,confirm2024,2024,band,return,retained,month,20,441.55,441.55,1.0,-0.0020057745528323,0.0008469412682427,0.9904631345232318,-0.0019640969963114,0.0008403997503059,0.5135010663824275,0.0,0.0,,20242.0,0.2134291995971771,0.6,20,-0.4949524430704868,0.2117807370771118,202405.0,
T030,confirm2024,2024,band,return,retained,month,19,443.3684210526316,443.3684210526316,1.0,-0.0029553044726692,0.0002355397280911,0.9939891450243268,-0.0029225775048882,0.0002379908377638,0.5170756291547509,0.0,0.0,,20242.0,0.0593560114789591,0.5789473684210527,19,-0.7364895312318481,0.059973691116479,202406.0,
T030,confirm2024,2024,band,return,retained,month,23,440.4782608695652,440.4782608695652,1.0,0.000915751622885,0.0009931836277571,0.9905207798227365,0.0008908441482916,0.0009841548602177,0.5238774351388568,0.0,0.0,,20243.0,0.2502822741947895,0.6956521739130435,23,0.2244927253694853,0.248007024774865,202407.0,
T030,confirm2024,2024,band,return,retained,month,22,442.45454545454544,442.45454545454544,1.0,-0.0021462741653921,0.0001612028402592,0.9938762801607476,-0.0021312937527662,0.0001590575895648,0.5174445879272137,0.0,0.0,,20243.0,0.0406231157453256,0.4545454545454545,22,-0.5370860256970883,0.0400825125703519,202408.0,
T030,confirm2024,2024,band,return,retained,month,19,436.2631578947368,436.2631578947368,1.0,0.019347072888921,0.0038899028373996,0.9913326244303464,0.0191045041905463,0.0038490209313944,0.5099684124687571,0.0,0.0,,20243.0,0.9802555150247144,0.5263157894736842,19,4.814335056017682,0.9699532747113984,202409.0,
T030,confirm2024,2024,band,return,retained,month,18,423.72222222222223,423.72222222222223,1.0,-0.0035683370166053,-0.0007470653024446,0.972511167481897,-0.0027394353189805,-0.0006553137942604,0.518974325320225,0.0,0.0,,20244.0,-0.1882604562160421,0.4444444444444444,18,-0.6903377003831054,-0.165139076153629,202410.0,
T030,confirm2024,2024,band,return,retained,month,21,433.8095238095238,433.8095238095238,1.0,0.0042793505286324,0.000122595883465,0.9890612271000914,0.0041951935281054,0.000119160072962,0.5359193730953443,0.0,0.0,,20244.0,0.0308941626331873,0.6666666666666666,21,1.0571887690825672,0.0300283383864244,202411.0,
T030,confirm2024,2024,band,return,retained,month,22,437.59090909090907,437.59090909090907,1.0,-0.0027075378629353,0.0011986231544926,0.9903535149751412,-0.0026882318756178,0.001187027445616,0.5261968255708437,0.0,0.0,,20244.0,0.3020530349321375,0.6363636363636364,22,-0.6774344326556985,0.2991309162952435,202412.0,
T030,confirm2024,2024,band,turn,entered,month,21,3.333333333333333,3.333333333333333,1.0,-0.0092550354040975,0.0009366679659883,0.0072467817497911,,,0.9936981950844852,0.0,0.0,,20241.0,0.2360403274290767,0.6,22,,,202401.0,
T030,confirm2024,2024,band,turn,entered,month,15,10.4,10.4,1.0,0.0066538481290269,0.0014082187298885,0.0234068203964949,,,0.9850888859391164,0.0,0.0,,20241.0,0.3548711199319142,0.7142857142857143,15,,,202402.0,
T030,confirm2024,2024,band,turn,entered,month,21,5.523809523809524,5.523809523809524,1.0,0.0039665781057186,0.0019644119267587,0.0120847476889162,,,0.9878292419710076,0.0,0.0,,20241.0,0.4950318055432073,0.5789473684210527,21,,,202403.0,
T030,confirm2024,2024,band,turn,entered,month,20,6.4,6.4,1.0,-0.0092208146687489,-0.0084596085638495,0.0140043743576981,,,0.990460733608244,0.0,0.0,,20242.0,-2.1318213580900958,0.3,20,,,202404.0,
T030,confirm2024,2024,band,turn,entered,month,20,4.25,4.25,1.0,-0.0030583087260601,-0.000205592904985,0.0092670482278323,,,0.9913334357398872,0.0,0.0,,20242.0,-0.0518094120562372,0.5,20,,,202405.0,
T030,confirm2024,2024,band,turn,entered,month,19,2.6842105263157894,2.6842105263157894,1.0,-0.0003785824815642,0.0034567912331229,0.0058363131841925,,,0.9933364695340504,0.0,0.0,,20242.0,0.8711113907469918,0.4375,19,,,202406.0,
T030,confirm2024,2024,band,turn,entered,month,23,4.304347826086956,4.217391304347826,0.9795454545454546,0.0014559246187934,0.0017581591165776,0.0093831793467828,,,0.9899946197768776,0.0,0.0,,20243.0,0.4430560973775769,0.4545454545454545,23,,,202407.0,
T030,confirm2024,2024,band,turn,entered,month,22,2.727272727272727,2.727272727272727,1.0,-0.0008074455542252,-0.0021178647258768,0.0059392342621682,,,0.9916399044205496,0.0,0.0,,20243.0,-0.5337019109209549,0.4666666666666667,22,,,202408.0,
T030,confirm2024,2024,band,turn,entered,month,19,3.842105263157895,3.842105263157895,1.0,0.0173636441067019,0.0049835340038183,0.0084089112419644,,,0.9892364453547248,0.0,0.0,,20243.0,1.2558505689622328,0.3888888888888889,19,,,202409.0,
T030,confirm2024,2024,band,turn,entered,month,18,11.666666666666666,11.666666666666666,1.0,0.0055168208552732,0.0073118100307507,0.0266284064603624,,,0.9774888413853146,0.0,0.0,,20244.0,1.8425761277491872,0.6153846153846154,18,,,202410.0,
T030,confirm2024,2024,band,turn,entered,month,21,4.809523809523809,4.809523809523809,1.0,0.0139208142883013,0.006126144376195,0.0106257856888351,,,0.9824467855919468,0.0,0.0,,20244.0,1.543788382801159,0.625,21,,,202411.0,
T030,confirm2024,2024,band,turn,entered,month,22,4.2727272727272725,4.2727272727272725,1.0,-0.0038262376990439,0.0018301021441587,0.0093831942396951,,,0.9838696000394292,0.0,0.0,,20244.0,0.4611857403280116,0.5882352941176471,22,,,202412.0,
T030,confirm2024,2024,band,turn,initial,month,1,458.0,458.0,1.0,-0.0050560998629042,-0.0017086789209679,1.0,,,0.9389538432643096,0.0,1.0,,20241.0,-0.43058708808393,0.0,22,,,202401.0,
T030,confirm2024,2024,band,turn,retained,month,21,456.8571428571428,456.8571428571428,1.0,-0.0117967957133795,-0.0017624407974886,0.9927532182502088,,,0.5353773631851151,0.0,0.0,,20241.0,-0.4441350809671522,0.3333333333333333,22,,,202401.0,
T030,confirm2024,2024,band,turn,retained,month,15,440.6666666666667,440.6666666666667,1.0,0.0079689800849212,0.002397248427551,0.976593179603505,,,0.5488625344657866,0.0,0.0,,20241.0,0.6041066037428705,0.7333333333333333,15,,,202402.0,
T030,confirm2024,2024,band,turn,retained,month,21,451.7142857142857,451.7142857142857,1.0,0.0036048261144231,0.0008335956850588,0.9879152523110838,,,0.540700570059054,0.0,0.0,,20241.0,0.2100661126348417,0.5714285714285714,21,,,202403.0,
T030,confirm2024,2024,band,turn,retained,month,20,450.75,449.7,0.997649238509457,-0.000454660052113,0.0003065460527863,0.985995625642302,,,0.5317051084305328,0.5,0.0,,20242.0,0.0772496053021486,0.5,20,,,202404.0,
T030,confirm2024,2024,band,turn,retained,month,20,454.6,450.4,0.9907644960871596,-0.002292736963404,0.000559978857671,0.9907329517721676,,,0.504213522024774,4.0,0.0,,20242.0,0.1411146721330979,0.5,20,,,202405.0,
T030,confirm2024,2024,band,turn,retained,month,19,456.7894736842105,451.8421052631579,0.9891768016224096,-0.0030384988636831,0.0001523453370772,0.9941636868158076,,,0.5074107902804793,4.473684210526316,0.0,,20242.0,0.0383910249434644,0.4210526315789473,19,,,202406.0,
T030,confirm2024,2024,band,turn,retained,month,23,454.2173913043478,451.69565217391306,0.9944447021256564,0.0007359368113853,0.0008133688162573,0.9906168206532172,,,0.5114465722704755,2.391304347826087,0.0,,20243.0,0.204968941696843,0.6521739130434783,23,,,202407.0,
T030,confirm2024,2024,band,turn,retained,month,22,456.1818181818182,452.09090909090907,0.991029017977732,-0.0023376431075773,-3.0166101926013e-05,0.994060765737832,,,0.5072037814971219,4.090909090909091,0.0,,20243.0,-0.0076018576853552,0.4090909090909091,22,,,202408.0,
T030,confirm2024,2024,band,turn,retained,month,19,450.05263157894734,446.0,0.9909617878124916,0.019213474254633,0.0037563042031116,0.9915910887580356,,,0.4996742609296312,4.0,0.0,,20243.0,0.9465886591841358,0.5263157894736842,19,,,202409.0,
T030,confirm2024,2024,band,turn,retained,month,18,437.05555555555554,433.0,0.990640747442258,-0.0037359149096453,-0.0009146431954846,0.9733715935396376,,,0.5070971069283993,4.055555555555555,0.0,,20244.0,-0.2304900852621319,0.3888888888888889,18,,,202410.0,
T030,confirm2024,2024,band,turn,retained,month,21,446.7619047619048,442.7619047619048,0.9910454112009356,0.0041051665971674,-5.1588047999983e-05,0.9893742143111648,,,0.5246201696460953,4.0,0.0,,20244.0,-0.0130001880959957,0.6190476190476191,21,,,202411.0,
T030,confirm2024,2024,band,turn,retained,month,22,450.1363636363636,445.7272727272728,0.9902053920236225,-0.0028013531123807,0.0011048079050471,0.990616805760305,,,0.5180043863636584,4.227272727272728,0.0,,20244.0,0.2784115920718852,0.6363636363636364,22,,,202412.0,
T030,confirm2024,2024,band,return,entered,quarter,57,6.0,6.0,1.0,-0.0003128650993758,0.0014296650593702,0.0136444507504901,0.0002389224684296,0.0001252738622615,0.9893200736280467,0.0,0.0,202402.0,,0.3602755949613069,0.6226415094339622,58,0.0591703851124769,0.0310247199573235,,20241.0
T030,confirm2024,2024,band,return,entered,quarter,59,4.47457627118644,4.47457627118644,1.0,-0.0044935676357359,-0.0021070601722629,0.0100491290425288,-9.493829718019074e-05,-4.484152662219872e-05,0.9915940517769184,0.0,0.0,202404.98305084743,,-0.5309791634102636,0.4107142857142857,59,-0.023924450889408,-0.011300064708794,,20242.0
T030,confirm2024,2024,band,return,entered,quarter,64,3.59375,3.59375,1.0,0.0060448045858311,0.0017566389408234,0.0080847505681881,5.983608696088615e-05,1.4085689494783782e-07,0.9901796288538224,0.0,0.0,202407.9375,,0.4426730130875012,0.4363636363636363,64,0.0150786939141433,3.549593752685513e-05,,20243.0
T030,confirm2024,2024,band,return,entered,quarter,61,6.639344262295082,6.639344262295082,1.0,0.0049870795401658,0.0048735560189039,0.0153563260126365,3.4397847988647717e-06,0.0002043151247282,0.9815714501771856,0.0,0.0,202411.0655737705,,1.2281361167637863,0.6086956521739131,61,0.0008668257693139,0.0514874114315257,,20244.0
T030,confirm2024,2024,band,return,initial,quarter,1,446.0,446.0,1.0,-0.0052128938440921,-0.0018654729021558,1.0,-0.0052128938440921,-0.0018654729021558,0.940253628429529,0.0,1.0,202401.0,,-0.4700991713432781,0.0,58,-0.0226491249777796,-0.0081051581266082,,20241.0
T030,confirm2024,2024,band,return,retained,quarter,57,438.6315789473685,438.6315789473685,1.0,-0.0006630184786318,0.0005466243170963,0.98635554924951,-0.0008098616750384,0.0005134297268578,0.5551274550052273,0.0,0.0,202402.0,,0.1377493279082775,0.5789473684210527,58,-0.2005664327629798,0.1271535275273449,,20241.0
T030,confirm2024,2024,band,return,retained,quarter,59,441.20338983050846,441.20338983050846,1.0,-0.0017013506262667,0.0005512676505796,0.9899508709574714,-0.0016478631520492,0.0005546583542391,0.5251536562237565,0.0,0.0,202404.98305084743,,0.1389194479460832,0.576271186440678,59,-0.4152615143164192,0.1397739052682587,,20242.0
T030,confirm2024,2024,band,return,retained,quarter,64,439.90625,439.90625,1.0,0.0053349787590192,0.0015671537474173,0.9919152494318118,0.0052591645698473,0.0015510347883113,0.5175369028046687,0.0,0.0,202407.9375,,0.3949227443491703,0.5625,64,1.3253094716015343,0.390860766654472,,20243.0
T030,confirm2024,2024,band,return,retained,quarter,61,432.1967213114754,432.1967213114754,1.0,-0.0005562219374129,0.0002540499591409,0.9846436739873636,-0.0003336372609021,0.0002757592957224,0.527412702513522,0.0,0.0,202411.0655737705,,0.0640205897035278,0.5901639344262295,61,-0.0840765897473335,0.0694913425220484,,20244.0
T030,confirm2024,2024,band,turn,entered,quarter,57,6.0,6.0,1.0,-0.0003128650993758,0.0014296650593702,0.0132818320028119,,,0.9893200736280467,0.0,0.0,202402.0,,0.3602755949613069,0.6226415094339622,58,,,,20241.0
T030,confirm2024,2024,band,turn,entered,quarter,59,4.47457627118644,4.47457627118644,1.0,-0.0044935676357359,-0.0021070601722629,0.0097681085120384,,,0.9915940517769184,0.0,0.0,202404.98305084743,,-0.5309791634102636,0.4107142857142857,59,,,,20242.0
T030,confirm2024,2024,band,turn,entered,quarter,64,3.625,3.59375,0.9918181818181818,0.0060448045858311,0.0017566389408234,0.0079100873803286,,,0.99019520395972,0.0,0.0,202407.9375,,0.4426730130875012,0.4363636363636363,64,,,,20243.0
T030,confirm2024,2024,band,turn,entered,quarter,61,6.639344262295082,6.639344262295082,1.0,0.0049870795401658,0.0048735560189039,0.0148997227709074,,,0.9815714501771856,0.0,0.0,202411.0655737705,,1.2281361167637863,0.6086956521739131,61,,,,20244.0
T030,confirm2024,2024,band,turn,initial,quarter,1,458.0,458.0,1.0,-0.0050560998629042,-0.0017086789209679,1.0,,,0.9389538432643096,0.0,1.0,202401.0,,-0.43058708808393,0.0,58,,,,20241.0
T030,confirm2024,2024,band,turn,retained,quarter,57,450.7017543859649,450.7017543859649,1.0,-0.0009209940404257,0.0002886487553024,0.986718167997188,,,0.5408872739493745,0.0,0.0,202402.0,,0.0727394863362199,0.5263157894736842,58,,,,20241.0
T030,confirm2024,2024,band,turn,retained,quarter,59,454.0,450.6271186440678,0.992587015639968,-0.0019098206562766,0.0003427976205697,0.9902318914879616,,,0.5145623326175466,2.9661016949152543,0.0,202404.98305084743,,0.0863850003835721,0.4745762711864407,59,,,,20242.0
T030,confirm2024,2024,band,turn,retained,quarter,64,453.65625,450.140625,0.9922365705130864,0.005164912642706,0.0013970876311041,0.9920899126196716,,,0.506493208012822,3.453125,0.0,202407.9375,,0.3520660830382524,0.53125,64,,,,20243.0
T030,confirm2024,2024,band,turn,retained,quarter,61,445.1147540983607,440.9508196721312,0.990623044486885,-0.0006994711197619,0.000110800776792,0.9851002772290924,,,0.5170634096275357,4.098360655737705,0.0,202411.0655737705,,0.0279217957515932,0.5573770491803278,61,,,,20244.0
Y4,confirm2024,2024,raw,return,entered,year,241,343.56846473029043,343.56846473029043,1.0,0.0015962977736974,0.0016383720585012,0.7754407387626587,0.0013811317111168,0.0012343457118074,0.928715933166511,0.0,0.0,202406.60165975103,20242.535269709544,0.4128697587423108,0.6265560165975104,242,0.3466069879320244,0.3097697676425216,,
Y4,confirm2024,2024,raw,return,initial,year,1,446.0,446.0,1.0,-0.0057976071036192,-0.002450186161683,1.0,-0.0057976071036192,-0.002450186161683,0.9413689184627996,0.0,1.0,202401.0,20241.0,-0.6174469127441209,0.0,242,-0.0060371776450911,-0.002551433523736,,
Y4,confirm2024,2024,raw,return,retained,year,241,99.551867219917,99.551867219917,1.0,0.0015186816998875,0.0015607559846913,0.2245592612373412,0.0002445821894616,0.0004334424735748,0.933702128906862,0.0,0.0,202406.60165975103,20242.535269709544,0.3933105081422221,0.5518672199170125,242,0.0613800228528234,0.1087761500212683,,
Y4,confirm2024,2024,raw,turn,entered,year,241,336.9004149377593,310.73029045643153,0.9285389869985912,0.0015760230334091,0.0016180973182129,0.7382581313856723,,,0.9343184544283488,26.136929460580912,0.0,202406.60165975103,20242.535269709544,0.4077605241896684,0.6265560165975104,242,,,,
Y4,confirm2024,2024,raw,turn,initial,year,1,458.0,458.0,1.0,-0.0057209535362467,-0.0023735325943104,1.0,,,0.9400737193031882,0.0,1.0,202401.0,20241.0,-0.5981302137662424,0.0,242,,,,
Y4,confirm2024,2024,raw,turn,retained,year,241,119.13692946058092,91.26970954356848,0.852451673707007,0.0015744608428867,0.0016165351276905,0.2617418686143276,,,0.938762274174851,27.846473029045644,0.0,202406.60165975103,20242.535269709544,0.407366852178006,0.5518672199170125,242,,,,
Y4,confirm2024,2024,raw,return,entered,month,21,344.95238095238096,344.95238095238096,1.0,-0.0080055565464321,0.0020287983694587,0.7704594746380958,-0.0059859552207556,0.0016029907877742,0.9396319850713772,0.0,0.0,,20241.0,0.5112571891035963,0.8095238095238095,22,-1.4398943194654,0.3855921476773326,202401.0,
Y4,confirm2024,2024,raw,return,entered,month,15,297.2,297.2,1.0,0.0078705890914726,0.0022988574341024,0.6771351055258295,0.0069552067313567,0.0018348587357154,0.9224257419421064,0.0,0.0,,20241.0,0.5793120733938183,0.7333333333333333,15,1.7527120963019016,0.4623844014003038,202402.0,
Y4,confirm2024,2024,raw,return,entered,month,21,355.04761904761904,355.04761904761904,1.0,0.005193638431202,0.0024224080018378,0.7972276260065941,0.0043067584472209,0.0020916744647168,0.9302567518830488,0.0,0.0,,20241.0,0.610446816463131,0.6190476190476191,21,1.0853031286996726,0.5271019651086376,202403.0,
Y4,confirm2024,2024,raw,return,entered,month,20,334.1,334.1,1.0,0.0005690737919221,0.0013302798968215,0.7509464862729752,-0.0009153427872229,0.0007024768854203,0.9319855731874878,0.0,0.0,,20242.0,0.3352305339990268,0.55,20,-0.2306663823801865,0.1770241751259367,202404.0,
Y4,confirm2024,2024,raw,return,entered,month,20,326.2,326.2,1.0,-0.0006070808216275,0.0022456349994475,0.73158715213904,-0.0005627108121462,0.0016118174483727,0.9381124047738876,0.0,0.0,,20242.0,0.5659000198607856,0.7,20,-0.1418031246608541,0.4061779969899292,202405.0,
Y4,confirm2024,2024,raw,return,entered,month,19,336.42105263157896,336.42105263157896,1.0,-0.0016325947715966,0.0015582494291637,0.7542970419547037,-0.0007769171763281,0.0012426146862441,0.9374537939076396,0.0,0.0,,20242.0,0.3926788561492659,0.5789473684210527,19,-0.1957831284347028,0.3131389009335271,202406.0,
Y4,confirm2024,2024,raw,return,entered,month,23,368.82608695652175,368.82608695652175,1.0,0.0005846281674606,0.0006620601723326,0.829366051292235,0.000543004406721,0.0005932281474949,0.9331610609560756,0.0,0.0,,20243.0,0.1668391634278223,0.5217391304347826,23,0.1368371104936968,0.1494934931687225,202407.0,
Y4,confirm2024,2024,raw,return,entered,month,22,339.54545454545456,339.54545454545456,1.0,-0.0011991763701162,0.0011083006355351,0.7628594979658665,-0.0007996701260094,0.000915648104777,0.9374671672408532,0.0,0.0,,20243.0,0.2792917601548506,0.6818181818181818,22,-0.2015168717543741,0.2307433224038066,202408.0,
Y4,confirm2024,2024,raw,return,entered,month,19,348.3157894736842,348.3157894736842,1.0,0.0151033134933674,-0.000353856558154,0.7918413428012147,0.0120498774214565,-0.0003110552512972,0.9229043360769648,0.0,0.0,,20243.0,-0.0891718526548137,0.631578947368421,19,3.036569110207052,-0.0783859233269168,202409.0,
Y4,confirm2024,2024,raw,return,entered,month,18,355.27777777777777,355.27777777777777,1.0,-0.0008177309711705,0.0020035407429901,0.81546810454949,-0.0002834210460214,0.0013388683874807,0.9081470856796888,0.0,0.0,,20244.0,0.504892267233509,0.5,18,-0.0714221035974019,0.3373948336451396,202410.0,
Y4,confirm2024,2024,raw,return,entered,month,21,365.1904761904762,365.1904761904762,1.0,0.0054132081443739,0.0012564534992065,0.8324351302980475,0.004850862647889,0.0009137571977105,0.9144491783326324,0.0,0.0,,20244.0,0.3166262818000532,0.5238095238095238,21,1.2224173872680444,0.2302668138230526,202411.0,
Y4,confirm2024,2024,raw,return,entered,month,22,336.77272727272725,336.77272727272725,1.0,-0.0007048676759332,0.0032012933414946,0.7617076597114455,-0.0005681951989396,0.0023319959747112,0.9241210859323388,0.0,0.0,,20244.0,0.806725922056664,0.6818181818181818,22,-0.1431851901327837,0.5876629856272299,202412.0,
Y4,confirm2024,2024,raw,return,initial,month,1,446.0,446.0,1.0,-0.0057976071036192,-0.002450186161683,1.0,-0.0057976071036192,-0.002450186161683,0.9413689184627996,0.0,1.0,,20241.0,-0.6174469127441209,0.0,22,-0.0664089540960027,-0.0280657687610964,202401.0,
Y4,confirm2024,2024,raw,return,retained,month,21,102.85714285714286,102.85714285714286,1.0,-0.0107635057320734,-0.0007291508161825,0.2295405253619042,-0.0026364490553226,-0.0001910401479616,0.9470134805107728,0.0,0.0,,20241.0,-0.183746005678006,0.4285714285714285,22,-0.634185836398523,-0.045953839227864,202401.0,
Y4,confirm2024,2024,raw,return,retained,month,15,142.06666666666666,142.06666666666666,1.0,0.009652179651984,0.0040804479946139,0.3228648944741704,0.0012509422451017,0.0007995585833729,0.9288537040978924,0.0,0.0,,20241.0,1.028272894642705,0.8,15,0.3152374457656534,0.2014887630099723,202402.0,
Y4,confirm2024,2024,raw,return,retained,month,21,90.23809523809524,90.23809523809524,1.0,0.0049349147731813,0.0021636843438171,0.2027723739934057,0.0008689408468214,0.0003127943999613,0.9334003433706264,0.0,0.0,,20241.0,0.5452484546419216,0.5238095238095238,21,0.2189730933990161,0.0788241887902661,202403.0,
Y4,confirm2024,2024,raw,return,retained,month,20,111.1,111.1,1.0,0.0030460426360027,0.0038072487409021,0.2490535137270247,0.0023191569523446,0.0014625433846006,0.9388600114584672,0.0,0.0,,20242.0,0.9594266827073408,0.6,20,0.5844275519908454,0.368560932919367,202404.0,
Y4,confirm2024,2024,raw,return,retained,month,20,119.6,119.6,1.0,-0.0013017679439438,0.0015509478771312,0.2684128478609601,-0.0002124137185512,0.0004657738420048,0.9427950912573884,0.0,0.0,,20242.0,0.3908388650370869,0.55,20,-0.0535282570749123,0.1173750081852299,202405.0,
Y4,confirm2024,2024,raw,return,retained,month,19,109.63157894736842,109.63157894736842,1.0,-0.0012669932146944,0.0019238509860659,0.2457029580452962,-0.000815891005956,0.000355421332232,0.9459210462461662,0.0,0.0,,20242.0,0.4848104484886155,0.5263157894736842,19,-0.2056045335009192,0.0895661757224727,202406.0,
Y4,confirm2024,2024,raw,return,retained,month,23,75.8695652173913,75.8695652173913,1.0,-0.0003283882564172,-0.0002509562515452,0.1706339487077652,-5.204468616402959e-05,-2.4836422065929428e-05,0.9377107138286006,0.0,0.0,,20243.0,-0.0632409753894027,0.391304347826087,23,-0.0131152609133354,-0.0062587783606142,202407.0,
Y4,confirm2024,2024,raw,return,retained,month,22,105.63636363636364,105.63636363636364,1.0,-0.0007529231771371,0.0015545538285142,0.2371405020341334,-0.0003027427014626,0.0002894160734022,0.9427154082857688,0.0,0.0,,20243.0,0.3917475647855811,0.6818181818181818,22,-0.0762911607685888,0.0729328504973673,202408.0,
Y4,confirm2024,2024,raw,return,retained,month,19,91.78947368421052,91.78947368421052,1.0,0.0151328030681846,-0.0003243669833367,0.2081586571987853,0.0031151604348272,1.8923056059622888e-05,0.9255885611189074,0.0,0.0,,20243.0,-0.0817404798008637,0.4736842105263157,19,0.7850204295764588,0.0047686101270249,202409.0,
Y4,confirm2024,2024,raw,return,retained,month,18,80.11111111111111,80.11111111111111,1.0,-0.0003134563931751,0.0025078153209855,0.1845318954505098,-0.0004018974454935,0.000797084835165,0.9096723990577574,0.0,0.0,,20244.0,0.6319694608883594,0.6666666666666666,18,-0.1012781562643675,0.2008653784615886,202410.0,
Y4,confirm2024,2024,raw,return,retained,month,21,73.42857142857143,73.42857142857143,1.0,0.0047331943308788,0.0005764396857113,0.1675648697019525,0.000517504854717,0.0002978556597281,0.9193752200378345,0.0,0.0,,20244.0,0.1452628007992708,0.5714285714285714,21,0.1304112233886932,0.0750596262514906,202411.0,
Y4,confirm2024,2024,raw,return,retained,month,22,105.0909090909091,105.0909090909091,1.0,-0.0011069773683775,0.0027991836490503,0.2382923402885544,-0.0001954190081088,0.0008105508356682,0.9282211093247098,0.0,0.0,,20244.0,0.7053942795606915,0.5,22,-0.0492455900434338,0.2042588105883869,202412.0,
Y4,confirm2024,2024,raw,turn,entered,month,21,354.3333333333333,334.04761904761904,0.9463830673974856,-0.0080108716637147,0.0020234832521761,0.7701351062891254,,,0.9410306169853262,20.285714285714285,0.0,,20241.0,0.5099177795483797,0.8095238095238095,22,,,202401.0,
Y4,confirm2024,2024,raw,turn,entered,month,15,308.53333333333336,300.7333333333333,0.9786301369863014,0.0078519041953444,0.0022801725379742,0.6845331579538253,,,0.9226925499497172,7.8,0.0,,20241.0,0.5746034795695101,0.7333333333333333,15,,,202402.0,
Y4,confirm2024,2024,raw,turn,entered,month,21,336.04761904761904,308.3809523809524,0.9262415572967636,0.0050661939106462,0.002294963481282,0.7347597523362762,,,0.9384208742231211,27.666666666666668,0.0,,20241.0,0.5783307972830707,0.5714285714285714,21,,,202403.0,
Y4,confirm2024,2024,raw,turn,entered,month,20,321.05,308.2,0.959350014488891,0.0003918075331045,0.0011530136380039,0.7025741999008959,,,0.937043338522949,12.7,0.0,,20242.0,0.2905594367769912,0.5,20,,,202404.0,
Y4,confirm2024,2024,raw,turn,entered,month,20,342.6,316.85,0.9254029047219792,-0.0006526644177252,0.0022000514033498,0.746546846890838,,,0.940004231549358,25.65,0.0,,20242.0,0.5544129536441706,0.7,20,,,202405.0,
Y4,confirm2024,2024,raw,turn,entered,month,19,347.89473684210526,316.7894736842105,0.9156006663488876,-0.0016148321825787,0.0015760120181816,0.7571524595642563,,,0.939997052382652,31.05263157894737,0.0,,20242.0,0.3971550285817832,0.5789473684210527,19,,,202406.0,
Y4,confirm2024,2024,raw,turn,entered,month,23,357.7391304347826,322.5217391304348,0.9080406563946706,0.0005809643708889,0.0006583963757609,0.7800631761685876,,,0.9398328954369845,35.17391304347826,0.0,,20243.0,0.1659158866917508,0.5217391304347826,23,,,202407.0,
Y4,confirm2024,2024,raw,turn,entered,month,22,337.90909090909093,319.04545454545456,0.948301468472284,-0.0013321789506947,0.0009752980549565,0.7362918430515916,,,0.9402505588065394,18.863636363636363,0.0,,20243.0,0.2457751098490615,0.6818181818181818,22,,,202408.0,
Y4,confirm2024,2024,raw,turn,entered,month,19,342.3157894736842,300.5263157894737,0.8841418464124559,0.0150422864946051,-0.0004148835569163,0.7530156396034922,,,0.9313978982051796,41.78947368421053,0.0,,20243.0,-0.1045506563429146,0.6842105263157895,19,,,202409.0,
Y4,confirm2024,2024,raw,turn,entered,month,18,326.3888888888889,292.5,0.909624675228075,-0.0006323302432436,0.002188941470917,0.7247601316333576,,,0.9186663966207234,33.888888888888886,0.0,,20244.0,0.5516132506710907,0.5,18,,,202410.0,
Y4,confirm2024,2024,raw,turn,entered,month,21,335.42857142857144,306.23809523809524,0.9231493841808622,0.0054341139368496,0.0012773592916822,0.742118089850803,,,0.9253608482939792,29.142857142857142,0.0,,20244.0,0.3218945415039218,0.5238095238095238,21,,,202411.0,
Y4,confirm2024,2024,raw,turn,entered,month,22,322.6818181818182,296.40909090909093,0.926191451874212,-0.0005823620550372,0.0033237989623906,0.7092622540092953,,,0.9315536658114936,26.272727272727277,0.0,,20244.0,0.8375973385224372,0.7272727272727273,22,,,202412.0,
Y4,confirm2024,2024,raw,turn,initial,month,1,458.0,458.0,1.0,-0.0057209535362467,-0.0023735325943104,1.0,,,0.9400737193031882,0.0,1.0,,20241.0,-0.5981302137662424,0.0,22,,,202401.0,
Y4,confirm2024,2024,raw,turn,retained,month,21,105.85714285714286,99.95238095238096,0.9737566137566136,-0.01074356078226,-0.0007092058663691,0.2298648937108746,,,0.948973799390655,5.904761904761905,0.0,,20241.0,-0.1787198783250163,0.4761904761904761,22,,,202401.0,
Y4,confirm2024,2024,raw,turn,retained,month,15,142.53333333333333,142.53333333333333,1.0,0.0094338752664105,0.0038621436090404,0.3154668420461747,,,0.9289815573499473,0.0,0.0,,20241.0,0.9732601894781874,0.8,15,,,202402.0,
Y4,confirm2024,2024,raw,turn,retained,month,21,121.1904761904762,77.38095238095238,0.7826896486980456,0.0048693876996626,0.0020981572702984,0.2652402476637239,,,0.9382545599102446,43.80952380952381,0.0,,20241.0,0.5287356321152088,0.5238095238095238,21,,,202403.0,
Y4,confirm2024,2024,raw,turn,retained,month,20,136.1,104.45,0.8269721421839911,0.0031452549081224,0.0039064610130218,0.297425800099104,,,0.9404100076700304,31.55,0.0,,20242.0,0.9844281752815076,0.6,20,,,202404.0,
Y4,confirm2024,2024,raw,turn,retained,month,20,116.25,114.3,0.986408163265306,-0.0010135213664608,0.0018391944546142,0.253453153109162,,,0.9447875656729532,1.95,0.0,,20242.0,0.463477002562799,0.55,20,,,202405.0,
Y4,confirm2024,2024,raw,turn,retained,month,19,111.57894736842104,105.05263157894736,0.9717772094813836,-0.0011738004582576,0.0020170437425027,0.2428475404357436,,,0.9485364601757168,6.473684210526316,0.0,,20242.0,0.5082950231106932,0.5263157894736842,19,,,202406.0,
Y4,confirm2024,2024,raw,turn,retained,month,23,100.78260869565216,65.47826086956522,0.8133844504583246,-0.0002741811027939,-0.0001967490979218,0.2199368238314124,,,0.9420203158202513,35.30434782608695,0.0,,20243.0,-0.0495807726763178,0.391304347826087,23,,,202407.0,
Y4,confirm2024,2024,raw,turn,retained,month,22,121.0,102.36363636363636,0.907855614398684,-0.0007562655855537,0.0015512114200975,0.2637081569484085,,,0.9455204767575484,18.59090909090909,0.0,,20243.0,0.3909052778645858,0.6363636363636364,22,,,202408.0,
Y4,confirm2024,2024,raw,turn,retained,month,19,111.57894736842104,79.47368421052632,0.8096257012763232,0.0147560529297564,-0.000701117121765,0.2469843603965078,,,0.9294594620908644,32.10526315789474,0.0,,20243.0,-0.1766815146847839,0.4736842105263157,19,,,202409.0,
Y4,confirm2024,2024,raw,turn,retained,month,18,122.33333333333331,64.83333333333333,0.703268322363607,9.950889242928988e-06,0.0028312226034036,0.2752398683666424,,,0.9272438666414312,57.44444444444444,0.0,,20244.0,0.7134680960577158,0.6666666666666666,18,,,202410.0,
Y4,confirm2024,2024,raw,turn,retained,month,21,116.14285714285714,62.42857142857143,0.6829749155072266,0.0050420764422323,0.0008853217970649,0.2578819101491968,,,0.9310695043931496,53.71428571428572,0.0,,20244.0,0.2231010928603692,0.5714285714285714,21,,,202411.0,
Y4,confirm2024,2024,raw,turn,retained,month,22,131.72727272727272,91.6818181818182,0.8072387060431482,-0.0010237096347471,0.0028824513826807,0.2907377459907047,,,0.9353885561960252,40.04545454545455,0.0,,20244.0,0.7263777484355446,0.5,22,,,202412.0,
Y4,confirm2024,2024,raw,return,entered,quarter,57,336.10526315789474,336.10526315789474,1.0,0.0010352378237237,0.002244880619452,0.7557623806390514,0.0012116661180021,0.0018440500234744,0.9316499930732376,0.0,0.0,202402.0,,0.5657099161019044,0.7192982456140351,58,0.3000753813617731,0.4566885265032288,,20241.0
Y4,confirm2024,2024,raw,return,entered,quarter,59,332.1694915254237,332.1694915254237,1.0,-0.0005386345975329,0.0017139836793134,0.7454629926335538,-0.0007512287853833,0.0011846706053305,0.9358234176859772,0.0,0.0,202404.98305084743,,0.4319238871869881,0.6101694915254238,59,-0.1893096539166129,0.2985369925432938,,20242.0
Y4,confirm2024,2024,raw,return,entered,quarter,64,352.671875,352.671875,1.0,0.0042816800637971,0.0005138550521952,0.7953642757530242,0.0034975629623445,0.0004356008737942,0.9315963197929816,0.0,0.0,202407.9375,,0.1294914731532057,0.609375,64,0.8813858665108245,0.1097714201961397,,20243.0
Y4,confirm2024,2024,raw,return,entered,quarter,61,352.0163934426229,352.0163934426229,1.0,0.0013680512242664,0.0021783231208203,0.8019201988819938,0.0013814138098461,0.0015506957962331,0.9160777734054284,0.0,0.0,202411.0655737705,,0.5489374264467358,0.5737704918032787,61,0.3481162800812204,0.3907753406507488,,20244.0
Y4,confirm2024,2024,raw,return,initial,quarter,1,446.0,446.0,1.0,-0.0057976071036192,-0.002450186161683,1.0,-0.0057976071036192,-0.002450186161683,0.9413689184627996,0.0,1.0,202401.0,,-0.6174469127441209,0.0,58,-0.0251896032777941,-0.0106456364266227,,20241.0
Y4,confirm2024,2024,raw,return,retained,quarter,57,108.52631578947368,108.52631578947368,1.0,0.0003926716604039,0.0016023144561321,0.2442376193609485,-0.0003219919070525,0.0002552669832032,0.9372192256662766,0.0,0.0,202402.0,,0.4037832429453123,0.5614035087719298,58,-0.0797429612569545,0.0632181887367614,,20241.0
Y4,confirm2024,2024,raw,return,retained,quarter,59,113.50847457627118,113.50847457627118,1.0,0.000183264792576,0.0024358830694224,0.2545370073664462,0.0004514056875034,0.0007681245736359,0.9424678293727844,0.0,0.0,202404.98305084743,,0.6138425334944448,0.559322033898305,59,0.1137542332508677,0.1935673925562528,,20242.0
Y4,confirm2024,2024,raw,return,retained,quarter,64,90.828125,90.828125,1.0,0.0041157190390764,0.0003478940274745,0.2046357242469759,0.0008020418913713,9.617896831978106e-05,0.935832313462562,0.0,0.0,202407.9375,,0.0876692949235954,0.515625,64,0.2021145566255788,0.0242371000165848,,20243.0
Y4,confirm2024,2024,raw,return,retained,quarter,61,86.81967213114754,86.81967213114754,1.0,0.0011377272748687,0.0019479991714227,0.1980798011180062,-1.0914266364272687e-05,0.0006300756438026,0.9197024132619308,0.0,0.0,202411.0655737705,,0.4908957911985305,0.5737704918032787,61,-0.0027503951237967,0.158779062238269,,20244.0
Y4,confirm2024,2024,raw,turn,entered,quarter,57,335.5438596491228,315.8245614035088,0.9474485819890132,0.0009814093002759,0.0021910520960041,0.7345752526393126,,,0.9352433256951432,19.719298245614038,0.0,202402.0,,0.5521451281930368,0.7017543859649122,58,,,,20241.0
Y4,confirm2024,2024,raw,turn,entered,quarter,59,337.0,313.89830508474574,0.933753746522818,-0.0006084567654476,0.0016441615113987,0.7350562316534838,,,0.9389982270629916,23.0,0.0,202404.98305084743,,0.4143287008724935,0.5932203389830508,59,,,,20242.0
Y4,confirm2024,2024,raw,turn,entered,quarter,64,346.34375,314.796875,0.9147853513328802,0.0042165263595727,0.0004487013479708,0.7569870429918575,,,0.9374723274170768,31.53125,0.0,202407.9375,,0.1130727396886601,0.625,64,,,,20243.0
Y4,confirm2024,2024,raw,turn,entered,quarter,61,328.1639344262295,298.6393442622951,0.9202556256251824,0.0014741390669612,0.0022844109635151,0.7251464236798655,,,0.9256189114950728,29.508196721311474,0.0,202411.0655737705,,0.5756715628058297,0.5901639344262295,61,,,,20244.0
Y4,confirm2024,2024,raw,turn,initial,quarter,1,458.0,458.0,1.0,-0.0057209535362467,-0.0023735325943104,1.0,,,0.9400737193031882,0.0,1.0,202401.0,,-0.5981302137662424,0.0,58,,,,20241.0
Y4,confirm2024,2024,raw,turn,retained,quarter,57,121.15789473684212,102.84210526315788,0.9102696756411902,0.0003184297238879,0.0015280725196161,0.2654247473606875,,,0.93976348957137,18.31578947368421,0.0,202402.0,,0.385074274943278,0.5789473684210527,58,,,,20241.0
Y4,confirm2024,2024,raw,turn,retained,quarter,59,121.47457627118644,107.98305084745763,0.9276503913412244,0.0003446180021413,0.0025972362789877,0.2649437683465161,,,0.9445109188169202,13.440677966101696,0.0,202404.98305084743,,0.6545035423049034,0.559322033898305,59,,,,20242.0
Y4,confirm2024,2024,raw,turn,retained,quarter,64,110.9375,82.3125,0.8447430343994164,0.0040222030846707,0.0002543780730688,0.2430129570081425,,,0.9394944926915354,28.609375,0.0,202407.9375,,0.0641032744133544,0.5,64,,,,20243.0
Y4,confirm2024,2024,raw,turn,retained,quarter,61,123.59016393442624,73.68852459016394,0.7337795829696057,0.0013695263824395,0.0021797982789935,0.2748535763201345,,,0.9314983184936796,49.885245901639344,0.0,202411.0655737705,,0.5493091663063708,0.5737704918032787,61,,,,20244.0
Y4,confirm2024,2024,band,return,entered,year,241,11.605809128630703,11.605809128630703,1.0,0.0044715303208818,0.0036809270712077,0.026398731395536,9.849181976491742e-05,9.236385509793312e-05,0.9825678444234754,0.0,0.0,202406.60165975103,20242.535269709544,0.927593621944356,0.5913461538461539,242,0.0247173768510866,0.023179510941354,,
Y4,confirm2024,2024,band,return,initial,year,1,446.0,446.0,1.0,-0.0057976071036192,-0.002450186161683,1.0,-0.0057976071036192,-0.002450186161683,0.9413689184627996,0.0,1.0,202401.0,20241.0,-0.6174469127441209,0.0,242,-0.0060371776450911,-0.002551433523736,,
Y4,confirm2024,2024,band,return,retained,year,241,431.5145228215768,431.5145228215768,1.0,0.0006307027911845,0.0006727770759883,0.973601268604464,0.000611899794837,0.0006601020443077,0.5416688772600802,0.0,0.0,202406.60165975103,20242.535269709544,0.1695398231490586,0.5684647302904564,242,0.153561563388599,0.1656583361772736,,
Y4,confirm2024,2024,band,turn,entered,year,241,3.912863070539419,3.7053941908713695,0.992455492835432,0.0054031836260004,0.0040936786863404,0.0086692306750375,,,0.9861630235996944,0.2074688796680498,0.0,202406.60165975103,20242.535269709544,1.0316070289577977,0.5638297872340425,242,,,,
Y4,confirm2024,2024,band,turn,initial,year,1,458.0,458.0,1.0,-0.0057209535362467,-0.0023735325943104,1.0,,,0.9400737193031882,0.0,1.0,202401.0,20241.0,-0.5981302137662424,0.0,242,,,,
Y4,confirm2024,2024,band,turn,retained,year,241,452.1244813278008,440.5186721991701,0.9740959451773522,0.0004850569067598,0.0005271311915636,0.9913307693249624,,,0.538595847497558,11.481327800829876,0.0,202406.60165975103,20242.535269709544,0.1328370602740456,0.5477178423236515,242,,,,
Y4,confirm2024,2024,band,return,entered,month,21,1.809523809523809,1.809523809523809,1.0,-0.0052983135887091,0.0068804834241253,0.0040382079034623,-4.097444634987345e-05,1.2450798930831052e-05,0.9940749274620244,0.0,0.0,,20241.0,1.7338818228795807,0.7333333333333333,22,-0.0098562168219786,0.0029949830882708,202401.0,
Y4,confirm2024,2024,band,return,entered,month,15,8.933333333333334,8.933333333333334,1.0,0.0220190447583891,0.0056125805910206,0.0205919592539773,0.0005716427837763,0.0002404311831084,0.9703176878875804,0.0,0.0,,20241.0,1.414370308937198,0.6666666666666666,15,0.1440539815116486,0.0605886581433201,202402.0,
Y4,confirm2024,2024,band,return,entered,month,21,4.571428571428571,4.571428571428571,1.0,0.0103475268724337,0.0075080854398089,0.0102677168415577,8.4085621961834e-05,6.154721976254387e-05,0.9878779887973436,0.0,0.0,,20241.0,1.892037530831845,0.6,21,0.0211895767343821,0.015509899380161,202403.0,
Y4,confirm2024,2024,band,return,entered,month,20,4.65,4.65,1.0,-0.0027733698470009,-0.001342148157613,0.0104246332436567,-8.205750746974729e-05,-2.59572861379128e-05,0.9894561922528348,0.0,0.0,,20242.0,-0.3382213357184914,0.4444444444444444,20,-0.0206784918823763,-0.006541236106754,202404.0,
Y4,confirm2024,2024,band,return,entered,month,20,2.95,2.95,1.0,0.0026739734257962,0.006156699647789,0.0066141848577141,-3.257074307416656e-06,2.8497443547548267e-05,0.9917535315201348,0.0,0.0,,20242.0,1.5514883112428288,0.5294117647058824,20,-0.0008207827254689,0.0071813557739821,202405.0,
Y4,confirm2024,2024,band,return,entered,month,19,2.263157894736842,2.263157894736842,1.0,-0.0019128907556878,0.0012168411369533,0.005063851078323,-3.115746854837696e-05,-6.157450482019089e-06,0.9931241679467484,0.0,0.0,,20242.0,0.3066439665122555,0.4285714285714285,19,-0.0078516820741909,-0.0015516775214688,202406.0,
Y4,confirm2024,2024,band,return,entered,month,23,2.9130434782608696,2.9130434782608696,1.0,0.0049832360654563,0.0054832298208905,0.0065412311929781,3.674569041306062e-05,3.589014538947344e-05,0.989621710189452,0.0,0.0,,20243.0,1.3817739148644237,0.45,23,0.0092599139840912,0.0090443166381473,202407.0,
Y4,confirm2024,2024,band,return,entered,month,22,1.7727272727272727,1.7727272727272727,1.0,0.0041267954085309,0.0047820646252307,0.0039837156321725,1.0102222704166453e-05,2.4993530070512267e-05,0.9920038082437276,0.0,0.0,,20243.0,1.205080285558151,0.5625,22,0.0025457601214499,0.006298369577769,202408.0,
Y4,confirm2024,2024,band,return,entered,month,19,2.6842105263157894,2.6842105263157894,1.0,0.0178542948422855,-0.0016227973850025,0.0061695145250627,0.0001549154442483,-3.818760349711195e-05,0.979704062126643,0.0,0.0,,20243.0,-0.4089449410206494,0.6666666666666666,19,0.0390386919505802,-0.0096232760812722,202409.0,
Y4,confirm2024,2024,band,return,entered,month,18,38.888888888888886,38.888888888888886,1.0,0.0003117038373904,0.0031329755515511,0.0892475264516082,9.302303386263108e-05,0.0003770595423846,0.9603499685771048,0.0,0.0,,20244.0,0.7895098389908913,0.6111111111111112,18,0.023441804533383,0.0950190046809382,202410.0,
Y4,confirm2024,2024,band,return,entered,month,21,34.857142857142854,34.857142857142854,1.0,0.0059560844027363,0.0017993297575689,0.0794597083598221,0.0004851485120521,0.0001374592413798,0.9680174403802771,0.0,0.0,,20244.0,0.4534310989073641,0.6190476190476191,21,0.1222574250371435,0.0346397288277104,202411.0,
Y4,confirm2024,2024,band,return,entered,month,22,33.86363636363637,33.86363636363637,1.0,0.0002464183455198,0.0041525793629477,0.0766082152884481,3.0977685203524953e-05,0.0003109985899734,0.9778697318156768,0.0,0.0,,20244.0,1.0464499994628391,0.7727272727272727,22,0.0078063766712882,0.0783716446733151,202412.0,
Y4,confirm2024,2024,band,return,initial,month,1,446.0,446.0,1.0,-0.0057976071036192,-0.002450186161683,1.0,-0.0057976071036192,-0.002450186161683,0.9413689184627996,0.0,1.0,,20241.0,-0.6174469127441209,0.0,22,-0.0664089540960027,-0.0280657687610964,202401.0,
Y4,confirm2024,2024,band,return,retained,month,21,446.0,446.0,1.0,-0.0106569141876401,-0.0006225592717492,0.9959617920965376,-0.0105999703409643,-0.0006190406703541,0.5456680634386064,0.0,0.0,,20241.0,-0.1568849364808176,0.5238095238095238,22,-2.5497746838356155,-0.1489074194324731,202401.0,
Y4,confirm2024,2024,band,return,retained,month,15,430.3333333333333,430.3333333333333,1.0,0.0082446064989506,0.0026728748415805,0.9794080407460226,0.007881612662945,0.0026410926062428,0.5313898584098873,0.0,0.0,,20241.0,0.6735644600782892,0.6666666666666666,15,1.986166391062159,0.6655553367732091,202402.0,
Y4,confirm2024,2024,band,return,retained,month,21,440.7142857142857,440.7142857142857,1.0,0.0037970360036081,0.0010258055742439,0.9897322831584424,0.0037677397700862,0.0010190477429212,0.537540006616587,0.0,0.0,,20241.0,0.2585030047094735,0.6190476190476191,21,0.9494704220617224,0.2568000312161586,202403.0,
Y4,confirm2024,2024,band,return,retained,month,20,440.55,440.55,1.0,0.0004839942132839,0.0012452003181833,0.9895753667563432,0.0005336209641485,0.001238726847716,0.5348077135819862,0.0,0.0,,20242.0,0.3137904801822114,0.7,20,0.134472482965429,0.3121591656244519,202404.0,
Y4,confirm2024,2024,band,return,retained,month,20,442.85,442.85,1.0,-0.0014229204727409,0.0014297953483341,0.993385815142286,-0.0014005077307532,0.0014204535724668,0.5345670085830225,0.0,0.0,,20242.0,0.3603084277802137,0.6,20,-0.3529279481498212,0.3579543002616531,202405.0,
Y4,confirm2024,2024,band,return,retained,month,19,443.7894736842105,443.7894736842105,1.0,-0.0024744084069032,0.0007164357938571,0.9949361489216768,-0.0024526237602696,0.0007132204224244,0.5103366732306253,0.0,0.0,,20242.0,0.1805418200520054,0.5789473684210527,19,-0.6180611875879466,0.179731546450953,202406.0,
Y4,confirm2024,2024,band,return,retained,month,23,441.7826086956522,441.7826086956522,1.0,0.0002154526847363,0.0002928846896083,0.993458768807022,0.0002138103902374,0.000292097940133,0.5387110374366714,0.0,0.0,,20243.0,0.0738069417813041,0.6086956521739131,23,0.0538802183398402,0.073608680913531,202407.0,
Y4,confirm2024,2024,band,return,retained,month,22,443.4090909090909,443.4090909090909,1.0,-0.0019700377763924,0.0003374392292589,0.9960162843678276,-0.0019553093508644,0.0003372763474205,0.5415099045418196,0.0,0.0,,20243.0,0.0850346857732493,0.5909090909090909,22,-0.4927379564178419,0.084993639549976,202408.0,
Y4,confirm2024,2024,band,return,retained,month,19,437.42105263157896,437.42105263157896,1.0,0.0164979006510335,0.0010407305995121,0.9938304854749372,0.0162941650701037,0.0010300980663277,0.5321471903581614,0.0,0.0,,20243.0,0.2622641110770494,0.5789473684210527,19,4.106129597666144,0.2595847127145951,202409.0,
Y4,confirm2024,2024,band,return,retained,month,18,396.5,396.5,1.0,-0.0031917611778168,-0.0003704894636561,0.9107524735483916,-0.0029546469453173,-0.0004174117396787,0.552433615758145,0.0,0.0,,20244.0,-0.0933633448413577,0.3888888888888889,18,-0.7445710302199795,-0.105187758399037,202410.0,
Y4,confirm2024,2024,band,return,retained,month,21,403.7619047619048,403.7619047619048,1.0,0.0033420253197764,-0.000814729325391,0.9205402916401778,0.0030635353728413,-0.0007455300016537,0.5663345144951264,0.0,0.0,,20244.0,-0.20531178999854,0.4285714285714285,21,0.7720109139560146,-0.1878735604167463,202411.0,
Y4,confirm2024,2024,band,return,retained,month,22,408.0,408.0,1.0,-0.0022557055261979,0.0016504554912299,0.9233917847115516,-0.0020901126375076,0.0015360274751503,0.5676769350853222,0.0,0.0,,20244.0,0.415914783789944,0.5454545454545454,22,-0.5267083846519298,0.3870789237378776,202412.0,
Y4,confirm2024,2024,band,turn,entered,month,21,1.809523809523809,1.809523809523809,1.0,-0.0052983135887091,0.0068804834241253,0.0039297425599939,,,0.9940749274620244,0.0,0.0,,20241.0,1.7338818228795807,0.7333333333333333,22,,,202401.0,
Y4,confirm2024,2024,band,turn,entered,month,15,8.933333333333334,8.933333333333334,1.0,0.0220190447583891,0.0056125805910206,0.0200454411134461,,,0.9703176878875804,0.0,0.0,,20241.0,1.414370308937198,0.6666666666666666,15,,,202402.0,
Y4,confirm2024,2024,band,turn,entered,month,21,4.571428571428571,4.571428571428571,1.0,0.0103475268724337,0.0075080854398089,0.009998688545312,,,0.9878779887973436,0.0,0.0,,20241.0,1.892037530831845,0.6,21,,,202403.0,
Y4,confirm2024,2024,band,turn,entered,month,20,4.65,4.65,1.0,-0.0027733698470009,-0.001342148157613,0.0101494686296201,,,0.9894561922528348,0.0,0.0,,20242.0,-0.3382213357184914,0.4444444444444444,20,,,202404.0,
Y4,confirm2024,2024,band,turn,entered,month,20,2.95,2.95,1.0,0.0026739734257962,0.006156699647789,0.0064268781672294,,,0.9917535315201348,0.0,0.0,,20242.0,1.5514883112428288,0.5294117647058824,20,,,202405.0,
Y4,confirm2024,2024,band,turn,entered,month,19,2.263157894736842,2.263157894736842,1.0,-0.0019128907556878,0.0012168411369533,0.0049177233700453,,,0.9931241679467484,0.0,0.0,,20242.0,0.3066439665122555,0.4285714285714285,19,,,202406.0,
Y4,confirm2024,2024,band,turn,entered,month,23,2.9130434782608696,2.9130434782608696,1.0,0.0049832360654563,0.0054832298208905,0.0063453607219789,,,0.989621710189452,0.0,0.0,,20243.0,1.3817739148644237,0.45,23,,,202407.0,
Y4,confirm2024,2024,band,turn,entered,month,22,1.7727272727272727,1.7727272727272727,1.0,0.0041267954085309,0.0047820646252307,0.0038634934437471,,,0.9920038082437276,0.0,0.0,,20243.0,1.205080285558151,0.5625,22,,,202408.0,
Y4,confirm2024,2024,band,turn,entered,month,19,2.9473684210526314,2.6842105263157894,0.9666666666666668,0.0178542948422855,-0.0016227973850025,0.0066662194690838,,,0.9790194743130228,0.2631578947368421,0.0,,20243.0,-0.4089449410206494,0.6666666666666666,19,,,202409.0,
Y4,confirm2024,2024,band,turn,entered,month,18,8.88888888888889,6.388888888888889,0.9081632653061223,0.0106019682739691,0.0099071759499525,0.0203143731395455,,,0.9695972197839712,2.5,0.0,,20244.0,2.496608339388047,0.7,18,,,202410.0,
Y4,confirm2024,2024,band,turn,entered,month,21,4.047619047619048,4.047619047619048,1.0,0.0083247926518992,0.002783728431068,0.0089467966747793,,,0.9804089541730672,0.0,0.0,,20244.0,0.7014995646291495,0.5,21,,,202411.0,
Y4,confirm2024,2024,band,turn,entered,month,22,3.3181818181818183,3.3181818181818183,1.0,-0.0011591003395662,0.0030602385763931,0.0072728397200155,,,0.9853393287715868,0.0,0.0,,20244.0,0.7711801212510767,0.6,22,,,202412.0,
Y4,confirm2024,2024,band,turn,initial,month,1,458.0,458.0,1.0,-0.0057209535362467,-0.0023735325943104,1.0,,,0.9400737193031882,0.0,1.0,,20241.0,-0.5981302137662424,0.0,22,,,202401.0,
Y4,confirm2024,2024,band,turn,retained,month,21,458.3809523809524,458.3809523809524,1.0,-0.0108585221502702,-0.0008241672343793,0.996070257440006,,,0.5318706579431846,0.0,0.0,,20241.0,-0.2076901430635958,0.4761904761904761,22,,,202401.0,
Y4,confirm2024,2024,band,turn,retained,month,15,442.1333333333333,442.1333333333333,1.0,0.0080405162969662,0.0024687846395961,0.979954558886554,,,0.5181369065727951,0.0,0.0,,20241.0,0.6221337291782202,0.6666666666666666,15,,,202402.0,
Y4,confirm2024,2024,band,turn,retained,month,21,452.6666666666667,452.6666666666667,1.0,0.0035919974757471,0.0008207670463829,0.9900013114546878,,,0.5241225264529819,0.0,0.0,,20241.0,0.206833295688494,0.6190476190476191,21,,,202403.0,
Y4,confirm2024,2024,band,turn,retained,month,20,452.5,450.8,0.9962256838426116,0.0001764189112781,0.0009376250161775,0.98985053137038,,,0.5238194428806537,0.85,0.0,,20242.0,0.2362815040767504,0.7,20,,,202404.0,
Y4,confirm2024,2024,band,turn,retained,month,20,455.9,453.7,0.995175291525005,-0.0017638529575344,0.0010888628635406,0.9935731218327704,,,0.5236722007350771,2.1,0.0,,20242.0,0.2743934416122563,0.6,20,,,202405.0,
Y4,confirm2024,2024,band,turn,retained,month,19,457.2105263157895,454.89473684210526,0.9949375802100556,-0.0026422482740429,0.0005485959267174,0.9950822766299549,,,0.4998608642036757,2.1578947368421053,0.0,,20242.0,0.1382461735327894,0.5263157894736842,19,,,202406.0,
Y4,confirm2024,2024,band,turn,retained,month,23,455.60869565217394,454.9565217391304,0.9985685054712132,9.463299162667816e-05,0.0001720649964986,0.993654639278021,,,0.5245977015651553,0.5652173913043478,0.0,,20243.0,0.0433603791176697,0.6086956521739131,23,,,202407.0,
Y4,confirm2024,2024,band,turn,retained,month,22,457.1363636363636,456.77272727272725,0.9992051549974112,-0.0022198171846443,8.765982100700208e-05,0.996136506556253,,,0.5271148721710074,0.3181818181818182,0.0,,20243.0,0.0220902748937645,0.4545454545454545,22,,,202408.0,
Y4,confirm2024,2024,band,turn,retained,month,19,450.9473684210527,450.6842105263158,0.999422643455386,0.0165470261414778,0.0010898560899564,0.993333780530916,,,0.5178652013398417,0.2105263157894736,0.0,,20243.0,0.2746437346690258,0.5789473684210527,19,,,202409.0,
Y4,confirm2024,2024,band,turn,retained,month,18,439.8333333333333,396.5,0.9023416815047528,-0.0031917611778168,-0.0003704894636561,0.9796856268604544,,,0.5793551807249169,43.22222222222222,0.0,,20244.0,-0.0933633448413577,0.3888888888888889,18,,,202410.0,
Y4,confirm2024,2024,band,turn,retained,month,21,447.5238095238095,403.7619047619048,0.9022003147067956,0.0033420253197764,-0.000814729325391,0.9910532033252208,,,0.5914273959904143,43.71428571428572,0.0,,20244.0,-0.20531178999854,0.4285714285714285,21,,,202411.0,
Y4,confirm2024,2024,band,turn,retained,month,22,451.09090909090907,408.0,0.9044687781380418,-0.0022557055261979,0.0016504554912299,0.9927271602799844,,,0.5934735348068485,43.04545454545455,0.0,,20244.0,0.415914783789944,0.5454545454545454,22,,,202412.0,
Y4,confirm2024,2024,band,return,entered,quarter,57,4.701754385964913,4.701754385964913,1.0,0.0083341355472065,0.0068238282393682,0.0106895404992119,0.0001663153762192,9.053379191556266e-05,0.9853722540963448,0.0,0.0,202402.0,,1.7196047163207868,0.6595744680851063,58,0.0411888631726418,0.0224211618461231,,20241.0
Y4,confirm2024,2024,band,return,entered,quarter,59,3.305084745762712,3.305084745762712,1.0,-0.0006376240732063,0.001990632716178,0.0074066022460263,-3.895395827054985e-05,-1.1218374739941262e-06,0.9913012213805672,0.0,0.0,202404.98305084743,,0.5016394444768738,0.4693877551020408,59,-0.0098163974841785,-0.0002827030434465,,20242.0
Y4,confirm2024,2024,band,return,entered,quarter,64,2.453125,2.453125,1.0,0.0085001543231353,0.0031732484244404,0.0055517318331638,6.266864405797511e-05,1.0152602172875496e-05,0.987452079756634,0.0,0.0,202407.9375,,0.7996586029590028,0.5490196078431373,64,0.0157924983026097,0.0025584557475646,,20243.0
Y4,confirm2024,2024,band,return,entered,quarter,61,35.68852459016394,35.68852459016394,1.0,0.0022313056579004,0.0030415775544544,0.0813195096398536,0.0002056400399524,0.000270748931333,0.9693081931527638,0.0,0.0,202411.0655737705,,0.7664775437225108,0.6721311475409836,61,0.0518212900680205,0.0682287306959301,,20244.0
Y4,confirm2024,2024,band,return,initial,quarter,1,446.0,446.0,1.0,-0.0057976071036192,-0.002450186161683,1.0,-0.0057976071036192,-0.002450186161683,0.9413689184627996,0.0,1.0,202401.0,,-0.6174469127441209,0.0,58,-0.0251896032777941,-0.0106456364266227,,20241.0
Y4,confirm2024,2024,band,return,retained,quarter,57,439.9298245614035,439.9298245614035,1.0,-0.0003576902522879,0.0008519525434402,0.989310459500788,-0.0004430289832327,0.0008423953967991,0.53891609381241,0.0,0.0,202402.0,,0.2146920409469493,0.5964912280701754,58,-0.1097184192268099,0.2086235772348802,,20241.0
Y4,confirm2024,2024,band,return,retained,quarter,59,442.3728813559322,442.3728813559322,1.0,-0.0011151234732254,0.0011374948036209,0.9925933977539734,-0.0010836879114782,0.0011310982445715,0.5268456141471535,0.0,0.0,202404.98305084743,,0.2866486905124848,0.6271186440677966,59,-0.2730893536925224,0.2850367576320374,,20242.0
Y4,confirm2024,2024,band,return,retained,quarter,64,441.046875,441.046875,1.0,0.0042980420787178,0.0005302170671159,0.994448268166836,0.0042420307748189,0.0005267218051021,0.5377245059026334,0.0,0.0,202407.9375,,0.1336147009132096,0.59375,64,1.0689917552543835,0.1327338948857499,,20243.0
Y4,confirm2024,2024,band,return,retained,quarter,61,403.1475409836066,403.1475409836066,1.0,-0.0006048310010123,0.0002054408955415,0.9186804903601464,-0.000571014429692,0.0001741485754813,0.562716761638055,0.0,0.0,202411.0655737705,,0.0517711056764752,0.4590163934426229,61,-0.1438956362823898,0.0438854410212945,,20244.0
Y4,confirm2024,2024,band,turn,entered,quarter,57,4.701754385964913,4.701754385964913,1.0,0.0083341355472065,0.0068238282393682,0.010406643331809,,,0.9853722540963448,0.0,0.0,202402.0,,1.7196047163207868,0.6595744680851063,58,,,,20241.0
Y4,confirm2024,2024,band,turn,entered,quarter,59,3.305084745762712,3.305084745762712,1.0,-0.0006376240732063,0.001990632716178,0.0072027742367432,,,0.9913012213805672,0.0,0.0,202404.98305084743,,0.5016394444768738,0.4693877551020408,59,,,,20242.0
Y4,confirm2024,2024,band,turn,entered,quarter,64,2.53125,2.453125,0.9901960784313726,0.0085001543231353,0.0031732484244404,0.0055874737856335,,,0.9872507303996868,0.078125,0.0,202407.9375,,0.7996586029590028,0.5490196078431373,64,,,,20243.0
Y4,confirm2024,2024,band,turn,entered,quarter,61,5.213114754098361,4.475409836065574,0.9776007964161272,0.0054104843921118,0.0046223169034759,0.0116974413200414,,,0.9795757413703068,0.7377049180327869,0.0,202411.0655737705,,1.1648238596759273,0.5853658536585366,61,,,,20244.0
Y4,confirm2024,2024,band,turn,initial,quarter,1,458.0,458.0,1.0,-0.0057209535362467,-0.0023735325943104,1.0,,,0.9400737193031882,0.0,1.0,202401.0,,-0.5981302137662424,0.0,58,,,,20241.0
Y4,confirm2024,2024,band,turn,retained,quarter,57,452.0,452.0,1.0,-0.0005612153282542,0.0006484274674739,0.9895933566681908,,,0.5254019380861652,0.0,0.0,202402.0,,0.1634037218034414,0.5789473684210527,58,,,,20241.0
Y4,confirm2024,2024,band,turn,retained,quarter,59,455.1694915254237,453.1016949152543,0.9954548056159896,-0.0013890067479989,0.0008636115288473,0.9927972257632568,,,0.5160540557997366,1.694915254237288,0.0,202404.98305084743,,0.2176301052695446,0.6101694915254238,59,,,,20242.0
Y4,confirm2024,2024,band,turn,retained,quarter,64,454.75,454.3125,0.9990409259598952,0.0041833449598955,0.0004155199482936,0.9944125262143664,,,0.5234642679565269,0.375,0.0,202407.9375,,0.1047110269700111,0.546875,64,,,,20243.0
Y4,confirm2024,2024,band,turn,retained,quarter,61,446.5409836065574,403.1475409836066,0.903060163851888,-0.0006048310010123,0.0002054408955415,0.9883025586799584,,,0.5886030546655387,43.32786885245902,0.0,202411.0655737705,,0.0517711056764752,0.4590163934426229,61,,,,20244.0
Market,confirm2024,2024,raw,return,entered,year,241,360.16597510373447,360.16597510373447,1.0,0.0018742274690493,0.0019163017538531,0.8128846174679847,0.0016696497585076,0.0015602642579871,0.9269097763516816,0.0,0.0,202406.60165975103,20242.535269709544,0.4829080419709884,0.6763485477178424,242,0.4190130955937357,0.3915618550251173,,
Market,confirm2024,2024,raw,return,initial,year,1,446.0,446.0,1.0,-0.00657064932391,-0.0032232283819737,1.0,-0.00657064932391,-0.0032232283819737,0.9346251024639568,0.0,1.0,202401.0,20241.0,-0.8122535522573928,0.0,242,-0.0068421637587823,-0.0033564196374272,,
Market,confirm2024,2024,raw,return,retained,year,241,82.95435684647303,82.95435684647303,1.0,0.0014811841494878,0.0015232584342916,0.1871153825320153,0.0002814803313684,0.0004329401166926,0.9316309370622958,0.0,0.0,202406.60165975103,20242.535269709544,0.3838611254414975,0.5352697095435685,242,0.0706399317548352,0.1086500792023954,,
Market,confirm2024,2024,raw,turn,entered,year,241,357.37759336099583,334.43983402489624,0.9415537584868964,0.0018168411878317,0.0018589154726355,0.7835201267713576,,,0.932529439571146,22.858921161825727,0.0,202406.60165975103,20242.535269709544,0.4684466991041485,0.6763485477178424,242,,,,
Market,confirm2024,2024,raw,turn,initial,year,1,458.0,363.0,0.7925764192139738,-0.0069021213801879,-0.0035547004382517,1.0,,,0.9377029628586184,95.0,1.0,202401.0,20241.0,-0.8957845104394333,0.0,242,,,,
Market,confirm2024,2024,raw,turn,retained,year,241,98.6597510373444,78.79253112033194,0.8864421713152119,0.001436748102794,0.0015292268164432,0.2164798732286423,,,0.9389671746115889,19.858921161825727,0.0,202406.60165975103,20242.535269709544,0.3853651577436869,0.5416666666666666,242,,,,
Market,confirm2024,2024,raw,return,entered,month,21,340.95238095238096,340.95238095238096,1.0,-0.0097199078476986,0.0003144470681922,0.7616959378445565,-0.0061113201802837,0.0005086046607211,0.9351090687816684,0.0,0.0,,20241.0,0.0792406611844446,0.6190476190476191,22,-1.4700502906391717,0.1223425392971159,202401.0,
Market,confirm2024,2024,raw,return,entered,month,15,335.8,335.8,1.0,0.0170679327948783,0.0114962011375081,0.7653305421045565,0.0168397545678727,0.010228556641212,0.9229491603548295,0.0,0.0,,20241.0,2.897042686652064,0.8666666666666667,15,4.243618151103931,2.577596273585447,202402.0,
Market,confirm2024,2024,raw,return,entered,month,21,390.1428571428572,390.1428571428572,1.0,0.0052230070480093,0.0024517766186451,0.8762070269631685,0.0048574987409091,0.0021582247528363,0.9285191554317715,0.0,0.0,,20241.0,0.6178477078985659,0.7619047619047619,21,1.224089682709105,0.5438726377147519,202403.0,
Market,confirm2024,2024,raw,return,entered,month,20,370.95,370.95,1.0,0.001252892831406,0.0020140989363054,0.8333893530060325,-0.0011135769978954,0.0009632783907826,0.9348359488869472,0.0,0.0,,20242.0,0.5075529319489664,0.7,20,-0.280621403469656,0.24274615447724,202404.0,
Market,confirm2024,2024,raw,return,entered,month,20,376.75,376.75,1.0,-0.0022866814458916,0.0005660343751834,0.8450928093047704,-0.0020720115209189,0.0005175943768764,0.9347544508412352,0.0,0.0,,20242.0,0.1426406625462221,0.7,20,-0.5221469032715791,0.1304337829728587,202405.0,
Market,confirm2024,2024,raw,return,entered,month,19,338.0,338.0,1.0,-0.0029215122526591,0.0002693319481012,0.7578913560627424,-0.0033691298212091,-6.235385654121068e-05,0.9337695848554904,0.0,0.0,,20242.0,0.067871650921515,0.631578947368421,19,-0.849020714944707,-0.015713171848385,202406.0,
Market,confirm2024,2024,raw,return,entered,month,23,361.9130434782609,361.9130434782609,1.0,0.0005274930425405,0.0006049250474125,0.8138620747812917,0.0003620339918217,0.0004131014690241,0.9319902012897232,0.0,0.0,,20243.0,0.1524411119479718,0.4782608695652174,23,0.0912325659390797,0.1041015701940843,202407.0,
Market,confirm2024,2024,raw,return,entered,month,22,366.6818181818182,366.6818181818182,1.0,-0.0012902257376413,0.0010172512680099,0.8236586637727079,-0.0011835159553569,0.0008455763705686,0.9289292018511928,0.0,0.0,,20243.0,0.2563473195385059,0.6818181818181818,22,-0.298246020749943,0.2130852453833049,202408.0,
Market,confirm2024,2024,raw,return,entered,month,19,362.7894736842105,362.7894736842105,1.0,0.0150671333911965,-0.0003900366603249,0.8250204795209751,0.0111362655366685,-0.0006440689710434,0.9184357429335568,0.0,0.0,,20243.0,-0.0982892384018768,0.631578947368421,19,2.806338915240476,-0.1623053807029573,202409.0,
Market,confirm2024,2024,raw,return,entered,month,18,356.3333333333333,356.3333333333333,1.0,0.0011636145890922,0.0039848863032529,0.8176536582964133,0.0021543520441981,0.0035424348015002,0.908043835512986,0.0,0.0,,20244.0,1.0041913484197318,0.6111111111111112,18,0.5428967151379462,0.8926935699780653,202410.0,
Market,confirm2024,2024,raw,return,entered,month,21,366.7142857142857,366.7142857142857,1.0,0.006042197047711,0.0018854424025436,0.8360662648525056,0.0052716975599946,0.0015887545400299,0.9188972415586034,0.0,0.0,,20244.0,0.475131485440996,0.7142857142857143,21,1.328467785118662,0.4003661440875544,202411.0,
Market,confirm2024,2024,raw,return,entered,month,22,347.04545454545456,347.04545454545456,1.0,-0.0023438572176009,0.0015623037998269,0.7849922073063506,-0.0017962591389924,0.0011438550697841,0.923057662820034,0.0,0.0,,20244.0,0.3937005575563893,0.7727272727272727,22,-0.4526573030261053,0.2882514775856099,202412.0,
Market,confirm2024,2024,raw,return,initial,month,1,446.0,446.0,1.0,-0.00657064932391,-0.0032232283819737,1.0,-0.00657064932391,-0.0032232283819737,0.9346251024639568,0.0,1.0,,20241.0,-0.8122535522573928,0.0,22,-0.075263801346606,-0.0369206160116996,202401.0,
Market,confirm2024,2024,raw,return,retained,month,21,106.85714285714286,106.85714285714286,1.0,-0.012081486471681,-0.0020471315557901,0.2383040621554436,-0.0040901264899844,-0.0006756964150985,0.942949673050994,0.0,0.0,,20241.0,-0.5158771520591112,0.3333333333333333,22,-0.983861335681711,-0.1625357013046071,202401.0,
Market,confirm2024,2024,raw,return,retained,month,15,103.46666666666668,103.46666666666668,1.0,0.0124649505774096,0.0068932189200394,0.2346694578954436,0.0001959573799201,0.0012354236492106,0.9269504365551544,0.0,0.0,,20241.0,1.737091167849953,0.8,15,0.0493812597398735,0.3113267596010784,202402.0,
Market,confirm2024,2024,raw,return,retained,month,21,55.142857142857146,55.142857142857146,1.0,0.0060684587251646,0.0032972282958004,0.1237929730368313,0.0004541427013082,0.0003821862600168,0.933273228891977,0.0,0.0,,20241.0,0.8309015305417017,0.6666666666666666,21,0.1144439607296892,0.0963109375242576,202403.0,
Market,confirm2024,2024,raw,return,retained,month,20,74.25,74.25,1.0,0.0036310833149423,0.0043922894198417,0.1666106469939675,0.0030673269998339,0.0017516777160551,0.93978732790748,0.0,0.0,,20242.0,1.1068569338001115,0.5,20,0.7729664039581595,0.4414227844459085,202404.0,
Market,confirm2024,2024,raw,return,retained,month,20,69.05,69.05,1.0,-0.0031026778549261,-0.000249962033851,0.1549071906952296,-0.0003846989574915,-0.0001215890342117,0.9371234965556368,0.0,0.0,,20242.0,-0.0629904325304582,0.55,20,-0.0969441372878604,-0.0306404366213726,202405.0,
Market,confirm2024,2024,raw,return,retained,month,19,108.05263157894736,108.05263157894736,1.0,-0.0028966918169067,0.0002941523838536,0.2421086439372577,0.0009160704798233,0.0008001387159157,0.9438260727514056,0.0,0.0,,20242.0,0.0741264007311251,0.4736842105263157,19,0.2308497609154731,0.2016349564107732,202406.0,
Market,confirm2024,2024,raw,return,retained,month,23,82.78260869565217,82.78260869565217,1.0,0.0004266347114663,0.0005040667163383,0.1861379252187083,0.0003305288571792,0.0003568933848488,0.9371871390560262,0.0,0.0,,20243.0,0.1270248125172626,0.5217391304347826,23,0.0832932720091741,0.0899371329819165,202407.0,
Market,confirm2024,2024,raw,return,retained,month,22,78.5,78.5,1.0,-0.0023754573235117,-6.798031786044053e-05,0.1763413362272923,-0.0001786936839069,9.969099581875584e-05,0.934761250506846,0.0,0.0,,20243.0,-0.017131040100831,0.5,22,-0.0450308083445626,0.0251221309463264,202408.0,
Market,confirm2024,2024,raw,return,retained,month,19,77.3157894736842,77.3157894736842,1.0,0.0167618980577242,0.0013047280062028,0.1749795204790249,0.0041117314742548,0.0004348959304454,0.925832905515026,0.0,0.0,,20243.0,0.3287914575631156,0.4736842105263157,19,1.0361563315122255,0.1095937744722573,202409.0,
Market,confirm2024,2024,raw,return,retained,month,18,79.05555555555556,79.05555555555556,1.0,-0.0017091825932941,0.0011120891208665,0.1823463417035868,-0.0012695658603935,0.0001636230964651,0.9058846763057395,0.0,0.0,,20244.0,0.2802464584583689,0.3888888888888889,18,-0.3199305968191679,0.0412330203092106,202410.0,
Market,confirm2024,2024,raw,return,retained,month,21,71.9047619047619,71.9047619047619,1.0,0.006250564713507,0.0020938100683395,0.1639337351474943,0.0007251253540384,0.0002513137288357,0.9222905588103084,0.0,0.0,,20244.0,0.5276401372215722,0.7619047619047619,21,0.1827315892176961,0.06333105966661,202411.0,
Market,confirm2024,2024,raw,return,retained,month,22,94.8181818181818,94.8181818181818,1.0,-0.0016268833311091,0.0022792776863187,0.2150077926936493,-0.0001806404030922,0.000785406405559,0.9255592567545472,0.0,0.0,,20244.0,0.5743779769523245,0.5,22,-0.0455213815792408,0.1979224142008781,202412.0,
Market,confirm2024,2024,raw,turn,entered,month,21,353.7142857142857,330.1428571428572,0.944574907613692,-0.0097643582733441,0.0002699966425467,0.7688774761007637,,,0.9389197039771172,23.476190476190474,0.0,,20241.0,0.0680391539217902,0.6190476190476191,22,,,202401.0,
Market,confirm2024,2024,raw,turn,entered,month,15,346.0,338.06666666666666,0.981681757900705,0.0168885998638424,0.0113168682064722,0.7679740772557441,,,0.9233276852959704,7.8,0.0,,20241.0,2.8518507880310096,0.8666666666666667,15,,,202402.0,
Market,confirm2024,2024,raw,turn,entered,month,21,394.2380952380952,365.8095238095238,0.9294364661801292,0.0050207275454825,0.0022494971161183,0.8623250273063919,,,0.935002340334692,28.38095238095238,0.0,,20241.0,0.5668732732618268,0.7619047619047619,21,,,202403.0,
Market,confirm2024,2024,raw,turn,entered,month,20,377.15,364.9,0.9704337933393608,0.0013382292798882,0.0020994353847876,0.8250459603164766,,,0.9366925784606376,11.7,0.0,,20242.0,0.5290577169664947,0.7,20,,,202404.0,
Market,confirm2024,2024,raw,turn,entered,month,20,384.85,354.75,0.9204303568277724,-0.0022175135582161,0.0006352022628589,0.838752167421692,,,0.9387235678661178,30.1,0.0,,20242.0,0.1600709702404469,0.7,20,,,202405.0,
Market,confirm2024,2024,raw,turn,entered,month,19,344.57894736842104,323.7368421052632,0.94363986934314,-0.0029177717483456,0.0002730724524147,0.7499428227887958,,,0.9381632578305322,20.84210526315789,0.0,,20242.0,0.0688142580085115,0.631578947368421,19,,,202406.0,
Market,confirm2024,2024,raw,turn,entered,month,23,368.7391304347826,340.1304347826087,0.9254417022550318,0.00037816285934,0.000455594864212,0.8041133201856713,,,0.9367515457598852,28.565217391304348,0.0,,20243.0,0.1148099057814475,0.4782608695652174,23,,,202407.0,
Market,confirm2024,2024,raw,turn,entered,month,22,359.04545454545456,327.8636363636364,0.9241579866234032,-0.0013346897055229,0.0009727873001284,0.7825252659832067,,,0.937592166303542,31.181818181818183,0.0,,20243.0,0.2451423996323577,0.6818181818181818,22,,,202408.0,
Market,confirm2024,2024,raw,turn,entered,month,19,352.42105263157896,323.2631578947368,0.9255677481769136,0.0146170258607679,-0.0008401441907534,0.7779145030233079,,,0.9258441598447896,29.157894736842103,0.0,,20243.0,-0.2117163360698758,0.631578947368421,19,,,202409.0,
Market,confirm2024,2024,raw,turn,entered,month,18,330.8333333333333,308.3333333333333,0.940125818267997,0.001405927533791,0.0042271992479517,0.734791909330195,,,0.9178835597321132,22.5,0.0,,20244.0,1.0652542104838432,0.6111111111111112,18,,,202410.0,
Market,confirm2024,2024,raw,turn,entered,month,21,340.6666666666667,328.04761904761904,0.9663371820719912,0.0059244582542713,0.0017677036091038,0.7543257309175517,,,0.9250856084195356,12.571428571428571,0.0,,20244.0,0.4454613094941782,0.7142857142857143,21,,,202411.0,
Market,confirm2024,2024,raw,turn,entered,month,22,329.95454545454544,306.95454545454544,0.9395810195918696,-0.0022549572802645,0.0016512037371633,0.7259535519638338,,,0.931447172779494,22.954545454545453,0.0,,20244.0,0.4161033417651688,0.7727272727272727,22,,,202412.0,
Market,confirm2024,2024,raw,turn,initial,month,1,458.0,363.0,0.7925764192139738,-0.0069021213801879,-0.0035547004382517,1.0,,,0.9377029628586184,95.0,1.0,,20241.0,-0.8957845104394333,0.0,22,,,202401.0,
Market,confirm2024,2024,raw,turn,retained,month,21,106.47619047619048,106.47619047619048,1.0,-0.0121637777753762,-0.0021294228594853,0.2311225238992363,,,0.944511140417272,0.0,0.0,,20241.0,-0.5366145605903163,0.3333333333333333,22,,,202401.0,
Market,confirm2024,2024,raw,turn,retained,month,15,105.06666666666666,105.06666666666666,1.0,0.0119910343166711,0.0064193026593009,0.2320259227442559,,,0.9272532355188886,0.0,0.0,,20241.0,1.6176642701438453,0.6666666666666666,15,,,202402.0,
Market,confirm2024,2024,raw,turn,retained,month,21,63.0,51.66666666666666,0.938888888888889,0.0062164294097348,0.0034451989803705,0.1376749726936079,,,0.939032900024866,11.333333333333334,0.0,,20241.0,0.8681901430533898,0.6666666666666666,21,,,202403.0,
Market,confirm2024,2024,raw,turn,retained,month,20,80.0,74.3,0.9574253696425228,0.0037799630461993,0.0045411691510987,0.1749540396835235,,,0.9409938232556344,5.6,0.0,,20242.0,1.1443746260768792,0.5,20,,,202404.0,
Market,confirm2024,2024,raw,turn,retained,month,20,74.0,65.3,0.9414234234234236,-0.0032441160980956,-0.0003914002770205,0.1612478325783079,,,0.9422917218264752,8.7,0.0,,20242.0,-0.0986328698091725,0.55,20,,,202405.0,
Market,confirm2024,2024,raw,turn,retained,month,19,114.89473684210526,106.21052631578948,0.9228947368421052,-0.0030094938869973,0.000181350313763,0.2500571772112041,,,0.9466204271558544,8.68421052631579,0.0,,20242.0,0.0457002790683006,0.4736842105263157,19,,,202406.0,
Market,confirm2024,2024,raw,turn,retained,month,23,89.78260869565217,77.82608695652173,0.9246522790870894,0.0005174196412212,0.0005948516460932,0.1958866798143288,,,0.944649442152397,11.956521739130435,0.0,,20243.0,0.149902614815504,0.5652173913043478,23,,,202407.0,
Market,confirm2024,2024,raw,turn,retained,month,22,99.86363636363636,74.68181818181819,0.8628353590365861,-0.0024912389011149,-0.0001837618954636,0.2174747340167934,,,0.9413460451261576,25.181818181818183,0.0,,20243.0,-0.0463079976568353,0.5454545454545454,22,,,202408.0,
Market,confirm2024,2024,raw,turn,retained,month,19,101.47368421052632,72.52631578947368,0.8333065494430861,0.0168617784909731,0.0014046084394517,0.2220854969766921,,,0.9372297831003849,28.94736842105263,0.0,,20243.0,0.3539613267418292,0.5263157894736842,19,,,202409.0,
Market,confirm2024,2024,raw,turn,retained,month,18,117.88888888888889,67.22222222222223,0.7456930945749186,-0.0021001298462978,0.0015962160062304,0.2652080906698051,,,0.927526037951356,50.66666666666666,0.0,,20244.0,0.4022464335700845,0.3529411764705882,18,,,202410.0,
Market,confirm2024,2024,raw,turn,retained,month,21,110.9047619047619,63.523809523809526,0.7525438974373109,0.0061624009086504,0.002005646263483,0.2456742690824481,,,0.9377904915040024,47.38095238095238,0.0,,20244.0,0.5054228583977223,0.7619047619047619,21,,,202411.0,
Market,confirm2024,2024,raw,turn,retained,month,22,124.45454545454544,87.5909090909091,0.7706849716582514,-0.0015847094753091,0.0023214515421187,0.2740464480361662,,,0.9332700226893008,36.86363636363637,0.0,,20244.0,0.5850057886139189,0.5454545454545454,22,,,202412.0,
Market,confirm2024,2024,raw,return,entered,quarter,57,357.719298245614,357.719298245614,1.0,0.0028348083356087,0.0040444511313369,0.8048407086408872,0.00396958014546,0.0036742415316296,0.9294812300667488,0.0,0.0,202402.0,,1.0192016850969154,0.7368421052631579,58,0.9830870553342824,0.909944920005656,,20241.0
Market,confirm2024,2024,raw,return,entered,quarter,59,362.3050847457627,362.3050847457627,1.0,-0.0012912627981396,0.0009613554787067,0.8130437120577654,-0.0021648345250722,0.0004819107132016,0.9344649170647114,0.0,0.0,202404.98305084743,,0.2422615806341111,0.6779661016949152,59,-0.5455383003182054,0.1214414997268247,,20242.0
Market,confirm2024,2024,raw,return,entered,quarter,64,363.8125,363.8125,1.0,0.0042191079403602,0.0004512829287583,0.8205423036541845,0.0030293511873554,0.0002479172420349,0.9269140029082414,0.0,0.0,202407.9375,,0.1137232980471066,0.59375,64,0.7633964992135803,0.0624751449928197,,20243.0
Market,confirm2024,2024,raw,return,entered,quarter,61,356.55737704918033,356.55737704918033,1.0,0.0015781367511208,0.0023884086476747,0.812212884786521,0.0018027259753708,0.002004794808244,0.9171950769509044,0.0,0.0,202411.0655737705,,0.6018789792140434,0.7049180327868853,61,0.4542869457934526,0.5052082916774958,,20244.0
Market,confirm2024,2024,raw,return,initial,quarter,1,446.0,446.0,1.0,-0.00657064932391,-0.0032232283819737,1.0,-0.00657064932391,-0.0032232283819737,0.9346251024639568,0.0,1.0,202401.0,,-0.8122535522573928,0.0,58,-0.028548338441816,-0.0140043715906447,,20241.0
Market,confirm2024,2024,raw,return,retained,quarter,57,86.91228070175438,86.91228070175438,1.0,0.0010649241400754,0.0022745669358036,0.1951592913591128,-0.0012880052432174,0.0002169761663411,0.9351743419145562,0.0,0.0,202402.0,,0.573190867822521,0.5789473684210527,58,-0.3189811605788976,0.0537352698849004,,20241.0
Market,confirm2024,2024,raw,return,retained,quarter,59,83.37288135593221,83.37288135593221,1.0,-0.0007537124630661,0.0014989058137802,0.1869562879422345,0.0012043711858218,0.0008102442243943,0.940184946975238,0.0,0.0,202404.98305084743,,0.3777242650726177,0.5084745762711864,59,0.3035015388271181,0.2041815445473797,,20242.0
Market,confirm2024,2024,raw,return,retained,quarter,64,79.6875,79.6875,1.0,0.0043129468803629,0.000545121868761,0.1794576963458156,0.0012780281356251,0.0002916370693437,0.9329824517847612,0.0,0.0,202407.9375,,0.1373707109277805,0.5,64,0.3220630901775455,0.0734925414746273,,20243.0
Market,confirm2024,2024,raw,return,retained,quarter,61,82.27868852459017,82.27868852459017,1.0,0.0010607399839336,0.0018710118804875,0.1877871152134791,-0.0001901416708246,0.000418061392856,0.9186283533954068,0.0,0.0,202411.0655737705,,0.4714949938828655,0.5573770491803278,61,-0.0479157010478147,0.1053514709997364,,20244.0
Market,confirm2024,2024,raw,turn,entered,quarter,57,366.6140350877193,345.3684210526316,0.9487625476873828,0.0026967149591674,0.0039063577548956,0.8030677847436215,,,0.9333733019296062,21.157894736842103,0.0,202402.0,,0.9844021542337036,0.7368421052631579,58,,,,20241.0
Market,confirm2024,2024,raw,turn,entered,quarter,59,369.271186440678,348.20338983050846,0.9448549240824125,-0.0012376838777139,0.0010149343991324,0.8055063760635677,,,0.9378546580561902,20.88135593220339,0.0,202404.98305084743,,0.2557634685813653,0.6779661016949152,59,,,,20242.0
Market,confirm2024,2024,raw,turn,entered,quarter,64,360.5625,330.90625,0.9250378448897184,0.0040165322437173,0.0002487072321154,0.7889146527084974,,,0.9338023788782231,29.640625,0.0,202407.9375,,0.0626742224930863,0.59375,64,,,,20243.0
Market,confirm2024,2024,raw,turn,entered,quarter,61,333.9016393442623,314.62295081967216,0.9489529177599492,0.001641168176756,0.0024514400733099,0.7383290632855154,,,0.9252547484120844,19.24590163934426,0.0,202411.0655737705,,0.6177628984741087,0.7049180327868853,61,,,,20244.0
Market,confirm2024,2024,raw,turn,initial,quarter,1,458.0,363.0,0.7925764192139738,-0.0069021213801879,-0.0035547004382517,1.0,,,0.9377029628586184,95.0,1.0,202401.0,,-0.8957845104394333,0.0,58,,,,20241.0
Market,confirm2024,2024,raw,turn,retained,quarter,57,90.08771929824562,85.91228070175438,0.9774853801169592,0.000964407001256,0.0021740497969842,0.1969322152563784,,,0.9379512874047058,4.175438596491228,0.0,202402.0,,0.547860548840039,0.543859649122807,58,,,,20241.0
Market,confirm2024,2024,raw,turn,retained,quarter,59,89.20338983050847,81.52542372881356,0.9408809468020156,-0.0007875160150995,0.0014651022617468,0.1944936239364323,,,0.943245746061075,7.6440677966101696,0.0,202404.98305084743,,0.3692057699602006,0.5084745762711864,59,,,,20242.0
Market,confirm2024,2024,raw,turn,retained,quarter,64,96.71875,75.171875,0.8762844493316654,0.0043354248008132,0.0005675997892113,0.2110853472915026,,,0.9413111881435612,21.546875,0.0,202407.9375,,0.1430351468812651,0.546875,64,,,,20243.0
Market,confirm2024,2024,raw,turn,retained,quarter,61,117.85245901639344,73.29508196721312,0.7572545638406446,0.0009807433872965,0.0020054362927612,0.2616709367144846,,,0.9332247244320288,44.55737704918032,0.0,202411.0655737705,,0.5053699457758305,0.5666666666666667,61,,,,20244.0
Market,confirm2024,2024,band,return,entered,year,241,92.71784232365144,92.71784232365144,1.0,0.0022542174817527,0.0022962917665565,0.2093984863363155,0.0005022723592518,0.0005122658268631,0.9668849836682764,0.0,0.0,202406.60165975103,20242.535269709544,0.5786655251722557,0.6224066390041494,242,0.1260496071160509,0.1285575545332728,,
Market,confirm2024,2024,band,return,initial,year,1,446.0,446.0,1.0,-0.00657064932391,-0.0032232283819737,1.0,-0.00657064932391,-0.0032232283819737,0.9346251024639568,0.0,1.0,202401.0,20241.0,-0.8122535522573928,0.0,242,-0.0068421637587823,-0.0033564196374272,,
Market,confirm2024,2024,band,return,retained,year,241,350.402489626556,350.402489626556,1.0,0.0005344505151842,0.000576524799988,0.7906015136636845,0.0004162828762358,0.0004483636934283,0.5186989830995499,0.0,0.0,202406.60165975103,20242.535269709544,0.1452842495969863,0.5601659751037344,242,0.1044698001634452,0.1125207596251653,,
Market,confirm2024,2024,band,turn,entered,year,241,3.858921161825726,3.340248962655602,0.8594520332862302,0.0036203300887628,0.0038131559453834,0.0085059237946345,,,0.9844854505601448,0.5103734439834025,0.0,202406.60165975103,20242.535269709544,0.9609152982366398,0.5352941176470588,242,,,,
Market,confirm2024,2024,band,turn,initial,year,1,458.0,363.0,0.7925764192139738,-0.0069021213801879,-0.0035547004382517,1.0,,,0.9377029628586186,95.0,1.0,202401.0,20241.0,-0.8957845104394333,0.0,242,,,,
Market,confirm2024,2024,band,turn,retained,year,241,452.1784232365145,350.402489626556,0.7747581954215201,0.0005344505151842,0.000576524799988,0.9914940762053654,,,0.51003178832454,101.65145228215768,0.0,202406.60165975103,20242.535269709544,0.1452842495969863,0.5601659751037344,242,,,,
Market,confirm2024,2024,band,return,entered,month,21,81.76190476190476,81.76190476190476,1.0,-0.0102696574208754,-0.0002353025049845,0.182581683039707,-0.0018622277474009,-3.480357947958022e-05,0.9773993418540212,0.0,0.0,,20241.0,-0.059296231256109,0.5238095238095238,22,-0.4479504199657132,-0.0083718428457244,202401.0,
Market,confirm2024,2024,band,return,entered,month,15,86.6,86.6,1.0,0.0164513782189513,0.0108796465615811,0.1974242609198345,0.0037314301787997,0.0022890216197462,0.9616163082574972,0.0,0.0,,20241.0,2.74167093351845,0.8666666666666667,15,0.9403204050575448,0.5768334481760626,202402.0,
Market,confirm2024,2024,band,return,entered,month,21,86.80952380952381,86.80952380952381,1.0,0.0065047970340197,0.0037335666046554,0.1949424696170868,0.0012677955180053,0.0007356645111931,0.9674964645044912,0.0,0.0,,20241.0,0.94085878437318,0.7619047619047619,21,0.3194844705373459,0.1853874568206633,202403.0,
Market,confirm2024,2024,band,return,entered,month,20,90.55,90.55,1.0,0.0029511509185033,0.0037123570234027,0.2034395419848463,0.0005716532264966,0.0007154780309383,0.975351989285964,0.0,0.0,,20242.0,0.9355139698974876,0.7,20,0.1440566130771674,0.1803004637964572,202404.0,
Market,confirm2024,2024,band,return,entered,month,20,92.1,92.1,1.0,-0.0032138240860008,-0.0003611082649257,0.2065781415396471,-0.0006911373011715,-8.247665864647922e-05,0.9761379891966608,0.0,0.0,,20242.0,-0.0909992827612938,0.6,20,-0.1741665998952339,-0.0207841179789127,202405.0,
Market,confirm2024,2024,band,return,entered,month,19,95.52631578947368,95.52631578947368,1.0,-0.0008964587640594,0.002294385436701,0.2141592936103966,-0.0002493402919235,0.0004655963980322,0.9742670788011436,0.0,0.0,,20242.0,0.5781851300486521,0.5263157894736842,19,-0.0628337535647316,0.1173302923041372,202406.0,
Market,confirm2024,2024,band,return,entered,month,23,87.8695652173913,87.8695652173913,1.0,0.0002907705792403,0.0003682025841123,0.1975914002317604,6.033003903196994e-05,8.802249267564214e-05,0.9722624518485518,0.0,0.0,,20243.0,0.0927870511963177,0.5217391304347826,23,0.0152031698360564,0.0221816681542618,202407.0,
Market,confirm2024,2024,band,return,entered,month,22,85.18181818181819,85.18181818181819,1.0,-0.0007667662772174,0.0015407107284339,0.1913399835811469,-0.0001546864357063,0.000296806343935,0.971245553232954,0.0,0.0,,20243.0,0.3882591035653452,0.5454545454545454,22,-0.0389809817979977,0.0747951986716347,202408.0,
Market,confirm2024,2024,band,return,entered,month,19,83.10526315789474,83.10526315789474,1.0,0.0147698286710988,-0.0006873413804225,0.1890390057070443,0.0028993179416037,-0.0001748996012007,0.9604433009049852,0.0,0.0,,20243.0,-0.1732100278664861,0.5789473684210527,19,0.7306281212841351,-0.0440746995025982,202409.0,
Market,confirm2024,2024,band,return,entered,month,18,100.0,100.0,1.0,0.0019642665554592,0.0047855382696199,0.229999654970576,0.0004216023142116,0.0014016931968911,0.9452112451460668,0.0,0.0,,20244.0,1.2059556439442296,0.5555555555555556,18,0.106243783181327,0.3532266856165734,202410.0,
Market,confirm2024,2024,band,return,entered,month,21,112.47619047619048,112.47619047619048,1.0,0.0061599623053,0.0020032076601325,0.2563636797242021,0.0015407070547111,0.0005260963825439,0.9558689295480416,0.0,0.0,,20244.0,0.5048083303534106,0.7142857142857143,21,0.3882581777872015,0.1325762884010866,202411.0,
Market,confirm2024,2024,band,return,entered,month,22,109.1818181818182,109.1818181818182,1.0,-0.0016962558443177,0.0022099051731101,0.2471286282793759,-0.0003785822841979,0.0005175743341193,0.9612017829915792,0.0,0.0,,20244.0,0.5568961036237597,0.6363636363636364,22,-0.0954027356178736,0.1304287321980829,202412.0,
Market,confirm2024,2024,band,return,initial,month,1,446.0,446.0,1.0,-0.00657064932391,-0.0032232283819737,1.0,-0.00657064932391,-0.0032232283819737,0.9346251024639568,0.0,1.0,,20241.0,-0.8122535522573928,0.0,22,-0.075263801346606,-0.0369206160116996,202401.0,
Market,confirm2024,2024,band,return,retained,month,21,366.04761904761904,366.04761904761904,1.0,-0.0123659655010338,-0.0023316105851429,0.817418316960293,-0.0101126781821117,-0.0019057474341421,0.5484460152652717,0.0,0.0,,20241.0,-0.5875658674560343,0.2857142857142857,22,-2.4325587699879714,-0.4584188827945689,202401.0,
Market,confirm2024,2024,band,return,retained,month,15,352.6666666666667,352.6666666666667,1.0,0.0083157426060059,0.0027440109486358,0.8025757390801654,0.0062989516324606,0.0021696285341439,0.5573135595474941,0.0,0.0,,20241.0,0.6914907590562314,0.7333333333333333,15,1.58733581138008,0.5467463906042827,202402.0,
Market,confirm2024,2024,band,return,retained,month,21,358.4761904761905,358.4761904761905,1.0,0.0042750812315327,0.0015038508021685,0.8050575303829133,0.0034566219279741,0.0012175225054222,0.4961070800587758,0.0,0.0,,20241.0,0.378970402146475,0.6190476190476191,21,0.871068725849498,0.3068156713663958,202403.0,
Market,confirm2024,2024,band,return,retained,month,20,354.65,354.65,1.0,-0.0006269856976068,0.0001342204072924,0.7965604580151536,-0.0005033993312548,0.0001139819692028,0.5107167859611287,0.0,0.0,,20242.0,0.033823542637708,0.5,20,-0.1268566314762267,0.0287234562391285,202404.0,
Market,confirm2024,2024,band,return,retained,month,20,353.7,353.7,1.0,-0.0015041014362398,0.0013486143848352,0.7934218584603528,-0.0011785363651708,0.0010655188133792,0.4885731662657359,0.0,0.0,,20242.0,0.339850824978474,0.75,20,-0.2969911640230445,0.2685107409715597,202405.0,
Market,confirm2024,2024,band,return,retained,month,19,350.5263157894737,350.5263157894737,1.0,-0.002601211785231,0.0005896324155293,0.7858407063896033,-0.0020089116438567,0.0004669958669478,0.504055011506139,0.0,0.0,,20242.0,0.1485873687133954,0.631578947368421,19,-0.5062457342518931,0.1176829584708597,202406.0,
Market,confirm2024,2024,band,return,retained,month,23,356.8260869565217,356.8260869565217,1.0,-3.379032540017045e-05,4.364167947184095e-05,0.8024085997682396,-1.3953494101278084e-05,3.578605712706084e-05,0.521606752987006,0.0,0.0,,20243.0,0.0109977032269039,0.5217391304347826,23,-0.003516280513522,0.0090180863960193,202407.0,
Market,confirm2024,2024,band,return,retained,month,22,360.0,360.0,1.0,-0.0026083367227231,-0.0003008597170717,0.8086600164188531,-0.0020983833774202,-0.0002423991514103,0.5159226333455377,0.0,0.0,,20243.0,-0.0758166487020857,0.4545454545454545,22,-0.5287926111099149,-0.0610845861554104,202408.0,
Market,confirm2024,2024,band,return,retained,month,19,357.0,357.0,1.0,0.0181776546008788,0.0027204845493574,0.8109609942929557,0.0145507268898218,0.0021677743811049,0.5049275774216996,0.0,0.0,,20243.0,0.6855621064380661,0.5263157894736842,19,3.666783176235111,0.5462791440384427,202409.0,
Market,confirm2024,2024,band,return,retained,month,18,335.3888888888889,335.3888888888889,1.0,-0.0037919170318196,-0.0009706453176589,0.7700003450294239,-0.0025962081119287,-0.0007550272804476,0.5071145079974202,0.0,0.0,,20244.0,-0.2446026200500664,0.5,18,-0.6542444442060472,-0.1902668746727962,202410.0,
Market,confirm2024,2024,band,return,retained,month,21,326.1428571428572,326.1428571428572,1.0,0.0046324706179458,0.0004757159727784,0.743636320275798,0.0034888493574579,0.0003467053844576,0.5348703508291857,0.0,0.0,,20244.0,0.1198804251401711,0.6666666666666666,21,0.8791900380794156,0.0873697568833365,202411.0,
Market,confirm2024,2024,band,return,retained,month,22,332.6818181818182,332.6818181818182,1.0,-0.002282838959615,0.0016233220578128,0.7528713717206241,-0.0017767009793789,0.0012333034197316,0.5385034788244756,0.0,0.0,,20244.0,0.4090771585688298,0.5909090909090909,22,-0.4477286468034991,0.3107924617723786,202412.0,
Market,confirm2024,2024,band,turn,entered,month,21,2.142857142857143,2.0,0.875,0.0051491931163384,0.0133499861117343,0.0046537046204626,,,0.9916576420890936,0.1428571428571428,0.0,,20241.0,3.36419650015705,0.5714285714285714,22,,,202401.0,
Market,confirm2024,2024,band,turn,entered,month,15,8.533333333333333,8.4,0.9230769230769232,0.030659897024123,0.0195894392927565,0.0190476012994308,,,0.970394673207067,0.1333333333333333,0.0,,20241.0,4.936538701774655,0.9166666666666666,15,,,202402.0,
Market,confirm2024,2024,band,turn,entered,month,21,4.380952380952381,4.0,0.8611111111111112,0.0108131183997141,0.0073347142779442,0.0095777663372365,,,0.9842866357722988,0.3809523809523809,0.0,,20241.0,1.8483479980419408,0.5625,21,,,202403.0,
Market,confirm2024,2024,band,turn,entered,month,20,4.1,3.8,0.8941176470588235,0.0026939487198574,0.0055812133438242,0.0089439890506424,,,0.9899517301870244,0.2,0.0,,20242.0,1.4064657626437205,0.5625,20,,,202404.0,
Market,confirm2024,2024,band,turn,entered,month,20,2.55,2.15,0.8823529411764706,0.0097811179192543,0.0123298655345776,0.0055589852385803,,,0.9886978103069184,0.4,0.0,,20242.0,3.107126114713568,0.7333333333333333,20,,,202405.0,
Market,confirm2024,2024,band,turn,entered,month,19,2.5789473684210527,2.1052631578947367,0.8571428571428571,-0.0131836148869218,-0.0081128381408623,0.0056029909782821,,,0.9896746031746032,0.4736842105263157,0.0,,20242.0,-2.044435211497324,0.3333333333333333,19,,,202406.0,
Market,confirm2024,2024,band,turn,entered,month,23,2.8260869565217392,2.739130434782609,0.9761904761904762,-0.0042367839215548,-0.0044753093053324,0.0061633995117234,,,0.9887509813961428,0.0869565217391304,0.0,,20243.0,-1.1277779449437688,0.238095238095238,23,,,202407.0,
Market,confirm2024,2024,band,turn,entered,month,22,2.363636363636364,2.136363636363636,0.8823529411764706,0.0049093164369853,0.008191716260055,0.0051480736989357,,,0.9885222433059244,0.2272727272727272,0.0,,20243.0,2.064312497533876,0.6,22,,,202408.0,
Market,confirm2024,2024,band,turn,entered,month,19,2.736842105263158,2.631578947368421,0.9333333333333332,0.0136289851953924,0.0001402852695515,0.0059968212325536,,,0.9859296125618706,0.1052631578947368,0.0,,20243.0,0.0353518879269847,0.5714285714285714,19,,,202409.0,
Market,confirm2024,2024,band,turn,entered,month,18,8.38888888888889,5.666666666666667,0.5303030303030303,-0.0176516077637266,-0.0089543955875049,0.0189480087381639,,,0.9695824688624228,2.7222222222222223,0.0,,20244.0,-2.256507688051251,0.5,18,,,202410.0,
Market,confirm2024,2024,band,turn,entered,month,21,4.190476190476191,2.952380952380953,0.7083333333333334,0.0027588929707339,0.0004970813978265,0.0092495310280468,,,0.9775493703684948,1.238095238095238,0.0,,20244.0,0.1252645122522882,0.5454545454545454,21,,,202411.0,
Market,confirm2024,2024,band,turn,entered,month,22,3.409090909090909,3.1818181818181817,0.9019607843137254,-0.0058616158995824,-0.0020422691610872,0.0074807585496041,,,0.9821737748862986,0.2272727272727272,0.0,,20244.0,-0.5146518285939946,0.4375,22,,,202412.0,
Market,confirm2024,2024,band,turn,initial,month,1,458.0,363.0,0.7925764192139738,-0.0069021213801879,-0.0035547004382517,1.0,,,0.9377029628586186,95.0,1.0,,20241.0,-0.8957845104394333,0.0,22,,,202401.0,
Market,confirm2024,2024,band,turn,retained,month,21,458.04761904761904,366.04761904761904,0.7991421000975779,-0.0123659655010338,-0.0023316105851429,0.9953462953795376,,,0.514659874180671,92.0,0.0,,20241.0,-0.5875658674560343,0.2857142857142857,22,,,202401.0,
Market,confirm2024,2024,band,turn,retained,month,15,442.53333333333336,352.6666666666667,0.7966066400119155,0.0083157426060059,0.0027440109486358,0.9809523987005692,,,0.4842906281598794,89.86666666666666,0.0,,20241.0,0.6914907590562314,0.7333333333333333,15,,,202402.0,
Market,confirm2024,2024,band,turn,retained,month,21,452.8571428571428,358.4761904761905,0.7915970489872364,0.0042750812315327,0.0015038508021685,0.9904222336627636,,,0.4877822811933951,94.38095238095238,0.0,,20241.0,0.378970402146475,0.6190476190476191,21,,,202403.0,
Market,confirm2024,2024,band,turn,retained,month,20,453.05,354.65,0.7827369899649412,-0.0006269856976068,0.0001342204072924,0.9910560109493574,,,0.4598244143733284,97.6,0.0,,20242.0,0.033823542637708,0.5,20,,,202404.0,
Market,confirm2024,2024,band,turn,retained,month,20,456.3,353.7,0.7751688694842327,-0.0015041014362398,0.0013486143848352,0.9944410147614196,,,0.512583883208962,102.5,0.0,,20242.0,0.339850824978474,0.75,20,,,202405.0,
Market,confirm2024,2024,band,turn,retained,month,19,456.89473684210526,350.5263157894737,0.767202812760074,-0.002601211785231,0.0005896324155293,0.994397009021718,,,0.4978458011942913,105.94736842105264,0.0,,20242.0,0.1485873687133954,0.631578947368421,19,,,202406.0,
Market,confirm2024,2024,band,turn,retained,month,23,455.69565217391306,356.8260869565217,0.7830360978718818,-3.379032540017045e-05,4.364167947184095e-05,0.9938366004882764,,,0.4895647190894952,98.82608695652172,0.0,,20243.0,0.0109977032269039,0.5217391304347826,23,,,202407.0,
Market,confirm2024,2024,band,turn,retained,month,22,456.54545454545456,360.0,0.7885287618444817,-0.0026083367227231,-0.0003008597170717,0.9948519263010644,,,0.5191164272316542,96.54545454545456,0.0,,20243.0,-0.0758166487020857,0.4545454545454545,22,,,202408.0,
Market,confirm2024,2024,band,turn,retained,month,19,451.1578947368421,357.0,0.791041228100292,0.0181776546008788,0.0027204845493574,0.9940031787674464,,,0.5127844187845797,94.10526315789474,0.0,,20243.0,0.6855621064380661,0.5263157894736842,19,,,202409.0,
Market,confirm2024,2024,band,turn,retained,month,18,440.3333333333333,335.3888888888889,0.7612837774798257,-0.0037919170318196,-0.0009706453176589,0.9810519912618364,,,0.5246054101782199,104.94444444444444,0.0,,20244.0,-0.2446026200500664,0.5,18,,,202410.0,
Market,confirm2024,2024,band,turn,retained,month,21,447.3809523809524,326.1428571428572,0.7290457103727938,0.0046324706179458,0.0004757159727784,0.9907504689719532,,,0.5447838211681021,121.23809523809524,0.0,,20244.0,0.1198804251401711,0.6666666666666666,21,,,202411.0,
Market,confirm2024,2024,band,turn,retained,month,22,451.0,332.6818181818182,0.7375826580090294,-0.002282838959615,0.0016233220578128,0.992519241450396,,,0.5630894819919691,118.22727272727272,0.0,,20244.0,0.4090771585688298,0.5909090909090909,22,,,202412.0,
Market,confirm2024,2024,band,return,entered,quarter,57,84.89473684210526,84.89473684210526,1.0,0.0029422562308824,0.0041518990266106,0.1910415985893015,0.0007629539625384,0.0008605860326697,0.969597483463004,0.0,0.0,202402.0,,1.0462785547058813,0.7017543859649122,58,0.1889494951362369,0.2131285822977402,,20241.0
Market,confirm2024,2024,band,return,entered,quarter,59,92.67796610169492,92.67796610169492,1.0,-0.0003777318621538,0.0018748864146925,0.2079555974421594,-0.0001207991023736,0.0003645145594652,0.9752690519809192,0.0,0.0,202404.98305084743,,0.4724713765025127,0.6101694915254238,59,-0.0304413737981564,0.0918576689852457,,20242.0
Market,confirm2024,2024,band,return,entered,quarter,64,85.53125,85.53125,1.0,0.0042257126558534,0.0004578876442515,0.1929034836335869,0.0008292426594166,8.17369449265017e-05,0.9684040825130684,0.0,0.0,202407.9375,,0.115387686351401,0.546875,64,0.2089691501729986,0.0205977101214784,,20243.0
Market,confirm2024,2024,band,return,entered,quarter,61,107.6065573770492,107.6065573770492,1.0,0.0020884979972881,0.002898769893842,0.2452534571446701,0.0005182767139735,0.0007813956873457,0.9546473632615216,0.0,0.0,202411.0655737705,,0.7304900132482044,0.639344262295082,61,0.1306057319213426,0.1969117132111306,,20244.0
Market,confirm2024,2024,band,return,initial,quarter,1,446.0,446.0,1.0,-0.00657064932391,-0.0032232283819737,1.0,-0.00657064932391,-0.0032232283819737,0.9346251024639568,0.0,1.0,202401.0,,-0.8122535522573928,0.0,58,-0.028548338441816,-0.0140043715906447,,20241.0
Market,confirm2024,2024,band,return,retained,quarter,57,359.7368421052632,359.7368421052632,1.0,-0.0007924987819198,0.0004171440138083,0.8089584014106985,-0.0007946124008768,0.0003173983247199,0.5314968139476739,0.0,0.0,202402.0,,0.1051202914796969,0.5263157894736842,58,-0.1967898711412881,0.0786053368323799,,20241.0
Market,confirm2024,2024,band,return,retained,quarter,59,353.0,353.0,1.0,-0.0015600807897682,0.0006925374870781,0.7920444025578407,-0.0012170853417252,0.0005502192732822,0.501065157002609,0.0,0.0,202404.98305084743,,0.1745194467436975,0.6271186440677966,59,-0.3067055061147695,0.1386552568671203,,20242.0
Market,confirm2024,2024,band,return,retained,quarter,64,357.96875,357.96875,1.0,0.0044877320630091,0.0007199070514072,0.807096516366413,0.0035934132224849,0.0005730939253732,0.514701206614301,0.0,0.0,202407.9375,,0.1814165769546274,0.5,64,0.9055401320662184,0.1444196691940597,,20243.0
Market,confirm2024,2024,band,return,retained,quarter,61,331.2295081967213,331.2295081967213,1.0,-0.0003474603394659,0.0004628115570879,0.7547465428553297,-0.0002057923123678,0.0003413606108139,0.5279904105820479,0.0,0.0,202411.0655737705,,0.1166285123861746,0.5901639344262295,61,-0.0518596627166903,0.0860228739251158,,20244.0
Market,confirm2024,2024,band,turn,entered,quarter,57,4.649122807017544,4.421052631578948,0.8829787234042553,0.0145956514836581,0.0128411548934396,0.0102557001684762,,,0.9829534567876328,0.2280701754385964,0.0,202402.0,,3.2359710331468,0.6666666666666666,58,,,,20241.0
Market,confirm2024,2024,band,turn,entered,quarter,59,3.0847457627118646,2.694915254237288,0.8791666666666668,0.0007352690619412,0.0041137985774303,0.0067206154978273,,,0.989426804850864,0.3559322033898305,0.0,202404.98305084743,,1.0366772415124454,0.5581395348837209,59,,,,20242.0
Market,confirm2024,2024,band,turn,entered,quarter,64,2.640625,2.5,0.9339622641509434,0.0035094615387524,0.0006171648452513,0.0057649283369491,,,0.9878791119612786,0.140625,0.0,202407.9375,,0.1555255410033356,0.44,64,,,,20243.0
Market,confirm2024,2024,band,turn,entered,quarter,61,5.147540983606557,3.836065573770492,0.726094276094276,-0.0058471683950016,-0.0028241021686098,0.0114734589666758,,,0.9768177760511096,1.3114754098360657,0.0,202411.0655737705,,-0.7116737464896787,0.4857142857142857,61,,,,20244.0
Market,confirm2024,2024,band,turn,initial,quarter,1,458.0,363.0,0.7925764192139738,-0.0069021213801879,-0.0035547004382517,1.0,,,0.9377029628586186,95.0,1.0,202401.0,,-0.8957845104394333,0.0,58,,,,20241.0
Market,confirm2024,2024,band,turn,retained,quarter,57,452.05263157894734,359.7368421052632,0.7956951180870147,-0.0007924987819198,0.0004171440138083,0.9897442998315236,,,0.496765696232519,92.3157894736842,0.0,202402.0,,0.1051202914796969,0.5263157894736842,58,,,,20241.0
Market,confirm2024,2024,band,turn,retained,quarter,59,455.3898305084746,353.0,0.7751689937529641,-0.0015600807897682,0.0006925374870781,0.9932793845021726,,,0.4899531554972431,101.94915254237289,0.0,202404.98305084743,,0.1745194467436975,0.6271186440677966,59,,,,20242.0
Market,confirm2024,2024,band,turn,retained,quarter,64,454.640625,357.96875,0.7873007241490223,0.0044877320630091,0.0007199070514072,0.9942350716630508,,,0.5066164671103406,96.640625,0.0,202407.9375,,0.1814165769546274,0.5,64,,,,20243.0
Market,confirm2024,2024,band,turn,retained,quarter,61,446.6065573770492,331.2295081967213,0.7416374817813797,-0.0003474603394659,0.0004628115570879,0.988526541033324,,,0.5454315775665806,115.34426229508196,0.0,202411.0655737705,,0.1166285123861746,0.5901639344262295,61,,,,20244.0
T033,confirm2024,2024,raw,return,entered,year,241,338.4273858921162,338.4273858921162,1.0,0.0012185396858629,0.0012606139706667,0.7637825242946132,0.0011594250415498,0.0009569484184612,0.9341654144731156,0.0,0.0,202406.60165975103,20242.535269709544,0.3176747206080186,0.6639004149377593,242,0.2909677753033213,0.240154509710698,,
T033,confirm2024,2024,raw,return,initial,year,1,446.0,446.0,1.0,-0.0043572935256938,-0.0010098725837576,1.0,-0.0043572935256938,-0.0010098725837576,0.9398418438690388,0.0,1.0,202401.0,20241.0,-0.2544878911069155,0.0,242,-0.0045373469771688,-0.0010516028558137,,
T033,confirm2024,2024,raw,return,retained,year,241,104.69294605809128,104.69294605809128,1.0,0.0014488761903606,0.0014909504751644,0.2362174757053868,9.848988551906148e-05,0.0003430407934114,0.9405613722520832,0.0,0.0,202406.60165975103,20242.535269709544,0.3757195197414348,0.5767634854771784,242,0.0247168914353043,0.0860890639068697,,
T033,confirm2024,2024,raw,turn,entered,year,241,348.99585062240664,348.6348547717842,0.9989043446700306,0.0012041605897393,0.0012462348745431,0.7652825555028188,,,0.932735963431822,0.2531120331950207,0.0,202406.60165975103,20242.535269709544,0.3140511883848708,0.6556016597510373,242,,,,
T033,confirm2024,2024,raw,turn,initial,year,1,458.0,458.0,1.0,-0.0042794770805766,-0.0009320561386403,1.0,,,0.9385415786260976,0.0,1.0,202401.0,20241.0,-0.234878146937367,0.0,242,,,,
T033,confirm2024,2024,raw,turn,retained,year,241,107.04149377593362,106.98755186721992,0.9994488311671836,0.0014839843950186,0.0015260586798224,0.2347174444971812,,,0.9393484262527524,0.0,0.0,202406.60165975103,20242.535269709544,0.3845667873152658,0.5684647302904564,242,,,,
T033,confirm2024,2024,raw,return,entered,month,21,339.0,339.0,1.0,-0.0095290308313824,0.0005053240845084,0.7572101661541075,-0.0063383637710174,0.0005044650651217,0.9410360691543556,0.0,0.0,,20241.0,0.1273416692961189,0.5714285714285714,22,-1.5246645943738266,0.1213467783920129,202401.0,
T033,confirm2024,2024,raw,return,entered,month,15,327.46666666666664,327.46666666666664,1.0,0.0102030932584632,0.004631361601093,0.7456642220064758,0.0084479295861802,0.0034357013415024,0.9283268710552542,0.0,0.0,,20241.0,1.1671031234754532,0.8,15,2.128878255717416,0.8657967380586172,202402.0,
T033,confirm2024,2024,raw,return,entered,month,21,331.6190476190476,331.6190476190476,1.0,0.0052224644441447,0.0024512340147805,0.7446571125563602,0.0038918624651483,0.0017320857270984,0.9356949889858353,0.0,0.0,,20241.0,0.6177109717246929,0.7619047619047619,21,0.9807493412173952,0.4364856032288041,202403.0,
T033,confirm2024,2024,raw,return,entered,month,20,332.4,332.4,1.0,8.621076564260515e-05,0.0008474168705419,0.7471844610361696,-0.0003119362180833,0.0004027271838675,0.9357001405001398,0.0,0.0,,20242.0,0.2135490513765815,0.7,20,-0.0786079269569961,0.1014872503346167,202404.0,
T033,confirm2024,2024,raw,return,entered,month,20,341.4,341.4,1.0,-0.001892629672096,0.000960086148979,0.7658364298459714,-0.0015515511111263,0.0007028262207872,0.9393371885362988,0.0,0.0,,20242.0,0.2419417095427297,0.7,20,-0.3909908800038451,0.1771122076383841,202405.0,
T033,confirm2024,2024,raw,return,entered,month,19,324.2105263157895,324.2105263157895,1.0,-0.001907382101503,0.0012834620992573,0.7268540931965822,-0.001502120914639,0.0009730265847398,0.939317269346224,0.0,0.0,,20242.0,0.323432449012863,0.631578947368421,19,-0.3785344704890506,0.2452026993544395,202406.0,
T033,confirm2024,2024,raw,return,entered,month,23,348.4347826086956,348.4347826086956,1.0,0.0005830433179338,0.0006604753228058,0.7835886412761258,0.000439974981662,0.0004946072338983,0.9382230621063382,0.0,0.0,,20243.0,0.1664397813470798,0.6086956521739131,23,0.1108736953788414,0.1246410229423938,202407.0,
T033,confirm2024,2024,raw,return,entered,month,22,346.90909090909093,346.90909090909093,1.0,-0.0012259122581149,0.0010815647475364,0.7793658306664356,-0.001227922943909,0.0008250209352351,0.9394629515634658,0.0,0.0,,20243.0,0.2725543163791797,0.7727272727272727,22,-0.3094365818650703,0.2079052756792482,202408.0,
T033,confirm2024,2024,raw,return,entered,month,19,357.10526315789474,357.10526315789474,1.0,0.0143094522974874,-0.001147717754034,0.8106305718106415,0.0113268724082539,-0.000739145880242,0.9307186946779918,0.0,0.0,,20243.0,-0.2892248740165731,0.5789473684210527,19,2.854371846880007,-0.1862647618209933,202409.0,
T033,confirm2024,2024,raw,return,entered,month,18,313.44444444444446,313.44444444444446,1.0,-0.00169476156213,0.0011265101520306,0.7196123064799478,-0.0007803422599309,0.0010443955796223,0.9217991727340616,0.0,0.0,,20244.0,0.2838805583117256,0.5,18,-0.1966462495025969,0.2631876860648423,202410.0,
T033,confirm2024,2024,raw,return,entered,month,21,361.95238095238096,361.95238095238096,1.0,0.006261272632689,0.0021045179875215,0.8251820203544272,0.0057607725176043,0.0017637397127376,0.9273527726706804,0.0,0.0,,20244.0,0.530338532855437,0.6190476190476191,21,1.4517146744363012,0.4444624076098938,202411.0,
T033,confirm2024,2024,raw,return,entered,month,22,329.8181818181818,329.8181818181818,1.0,-0.0025396518113045,0.0013665092061233,0.7465615795959194,-0.0016071225069818,0.0009182999661781,0.9296395911781704,0.0,0.0,,20244.0,0.3443603199430854,0.7272727272727273,22,-0.4049948717594223,0.2314115914768884,202412.0,
T033,confirm2024,2024,raw,return,initial,month,1,446.0,446.0,1.0,-0.0043572935256938,-0.0010098725837576,1.0,-0.0043572935256938,-0.0010098725837576,0.9398418438690388,0.0,1.0,,20241.0,-0.2544878911069155,0.0,22,-0.049910816748857,-0.0115676314139507,202401.0,
T033,confirm2024,2024,raw,return,retained,month,21,108.8095238095238,108.8095238095238,1.0,-0.0109790156409617,-0.0009446607250708,0.2427898338458924,-0.0035586541008326,-0.0003671280210808,0.9488029164926188,0.0,0.0,,20241.0,-0.2380545027178522,0.4761904761904761,22,-0.8560180682548304,-0.088310976707278,202401.0,
T033,confirm2024,2024,raw,return,retained,month,15,111.8,111.8,1.0,0.0115526145760998,0.0059808829187296,0.2543357779935242,0.001661309657536,0.0011018062448436,0.930746953684136,0.0,0.0,,20241.0,1.5071824955198725,0.6666666666666666,15,0.4186500336990781,0.2776551737005975,202402.0,
T033,confirm2024,2024,raw,return,retained,month,21,113.66666666666669,113.66666666666669,1.0,0.0051965776128004,0.0024253471834361,0.2553428874436397,0.0015030119416843,0.00089155825037,0.942328285136479,0.0,0.0,,20241.0,0.611187490225921,0.5714285714285714,21,0.378759009304444,0.2246726790932502,202403.0,
T033,confirm2024,2024,raw,return,retained,month,20,112.8,112.8,1.0,0.001220102487376,0.0019813085922754,0.2528155389638303,0.0005488972940014,0.00059543999695,0.9447341883824988,0.0,0.0,,20242.0,0.4992897652534206,0.6,20,0.138322118088375,0.1500508792314072,202404.0,
T033,confirm2024,2024,raw,return,retained,month,20,104.4,104.4,1.0,-0.0028578059130257,-5.090091950620858e-06,0.2341635701540285,-0.000595342967018,2.9955221434893986e-06,0.9463299295467064,0.0,0.0,,20242.0,-0.0012827031715564,0.45,20,-0.1500264276885368,0.0007548715801593,202405.0,
T033,confirm2024,2024,raw,return,retained,month,19,121.84210526315788,121.84210526315788,1.0,-0.0015651495363612,0.0016256946643991,0.2731459068034179,-0.0004258786446174,0.0002898180567639,0.9485391980583486,0.0,0.0,,20242.0,0.4096750554285967,0.5789473684210527,19,-0.1073214184436054,0.0730341503045261,202406.0,
T033,confirm2024,2024,raw,return,retained,month,23,96.2608695652174,96.2608695652174,1.0,0.0013381229179029,0.0014155549227749,0.2164113587238742,0.0003017991907159,0.0003245989433516,0.9458158268050264,0.0,0.0,,20243.0,0.3567198405392913,0.6086956521739131,23,0.0760533960604173,0.081798933724612,202407.0,
T033,confirm2024,2024,raw,return,retained,month,22,98.27272727272728,98.27272727272728,1.0,-0.0011189971112957,0.0011884798943556,0.2206341693335644,0.0001366301386898,0.000391163265197,0.946834951563979,0.0,0.0,,20243.0,0.2994969333776169,0.6818181818181818,22,0.0344307949498501,0.0985731428296686,202408.0,
T033,confirm2024,2024,raw,return,retained,month,19,83.0,83.0,1.0,0.0148958615820378,-0.0005613084694835,0.1893694281893586,0.0031387976127956,-0.0002523541502297,0.9342737354113216,0.0,0.0,,20243.0,-0.1414497343098546,0.4736842105263157,19,0.7909769984245072,-0.0635932458578946,202409.0,
T033,confirm2024,2024,raw,return,retained,month,18,121.94444444444444,121.94444444444444,1.0,-0.0002335964898865,0.0025876752242741,0.2803876935200523,-0.0005548030693129,0.0004417308052944,0.9256103903214616,0.0,0.0,,20244.0,0.6520941565170904,0.5,18,-0.1398103734668604,0.1113161629341976,202410.0,
T033,confirm2024,2024,raw,return,retained,month,21,76.66666666666667,76.66666666666667,1.0,0.0062290990753984,0.002072344430231,0.1748179796455727,0.0005462693444665,0.0003865475041657,0.930239053558103,0.0,0.0,,20244.0,0.5222307964182167,0.7619047619047619,21,0.1376598748055588,0.0974099710497719,202411.0,
T033,confirm2024,2024,raw,return,retained,month,22,112.04545454545456,112.04545454545456,1.0,-0.0025442524071242,0.0013619086103036,0.2534384204040807,-0.0009120040668042,0.0004687344774636,0.9375210444246116,0.0,0.0,,20244.0,0.3432009697965185,0.5454545454545454,22,-0.2298250248346833,0.1181210883208401,202412.0,
T033,confirm2024,2024,raw,turn,entered,month,21,349.9047619047619,348.1428571428572,0.99426247771836,-0.0095091957212834,0.0005251591946074,0.7604999647714396,,,0.939605236037478,1.7142857142857142,0.0,,20241.0,0.1323401170410838,0.5238095238095238,22,,,202401.0,
T033,confirm2024,2024,raw,turn,entered,month,15,336.6,336.53333333333336,0.9997828447339848,0.0101932646591406,0.0046215330017704,0.746376381137464,,,0.9270000934194438,0.0,0.0,,20241.0,1.164626316446158,0.8,15,,,202402.0,
T033,confirm2024,2024,raw,turn,entered,month,21,341.0952380952381,341.04761904761904,0.999881544657664,0.0051523184971225,0.0023810880677583,0.7459236261462351,,,0.9343583267359806,0.0,0.0,,20241.0,0.6000341930750934,0.7619047619047619,21,,,202403.0,
T033,confirm2024,2024,raw,turn,entered,month,20,341.7,341.3,0.998867802230706,4.478164569651412e-05,0.0008059877505958,0.7478043995747178,,,0.9344890943861298,0.0,0.0,,20242.0,0.2031089131501667,0.7,20,,,202404.0,
T033,confirm2024,2024,raw,turn,entered,month,20,352.05,351.85,0.9994440970050724,-0.0018295001631859,0.0010232156578891,0.7672765772759493,,,0.937916117365708,0.0,0.0,,20242.0,0.257850345788065,0.7,20,,,202405.0,
T033,confirm2024,2024,raw,turn,entered,month,19,335.1578947368421,334.8421052631579,0.9990630031183002,-0.0018897096020077,0.0013011345987526,0.7293621246773613,,,0.937836966791162,0.0,0.0,,20242.0,0.3278859188856615,0.631578947368421,19,,,202406.0,
T033,confirm2024,2024,raw,turn,entered,month,23,359.7826086956522,359.7826086956522,1.0,0.0005406390031516,0.0006180710080236,0.7847106280414036,,,0.9367182448565244,0.0,0.0,,20243.0,0.1557538940219591,0.5652173913043478,23,,,202407.0,
T033,confirm2024,2024,raw,turn,entered,month,22,358.09090909090907,358.09090909090907,1.0,-0.0012600310001451,0.0010474460055062,0.7804091195096791,,,0.9379674191184988,0.0,0.0,,20243.0,0.2639563933875708,0.7727272727272727,22,,,202408.0,
T033,confirm2024,2024,raw,turn,entered,month,19,368.6842105263158,368.578947368421,0.999674319488561,0.014320725801964,-0.0011364442495573,0.8115313670670077,,,0.9292054378493754,0.0,0.0,,20243.0,-0.2863839508884557,0.5789473684210527,19,,,202409.0,
T033,confirm2024,2024,raw,turn,entered,month,18,323.6666666666667,323.6111111111111,0.9998336660013306,-0.0017500781786093,0.0010711935355513,0.721014459887829,,,0.9203088025221402,0.0,0.0,,20244.0,0.2699407709589347,0.5,18,,,202410.0,
T033,confirm2024,2024,raw,turn,entered,month,21,373.0952380952381,373.04761904761904,0.9998502545672358,0.0062084192082214,0.002051664563054,0.8261986749872327,,,0.925912652289834,0.0,0.0,,20244.0,0.5170194698896103,0.6190476190476191,21,,,202411.0,
T033,confirm2024,2024,raw,turn,entered,month,22,340.27272727272725,339.09090909090907,0.9966396125631488,-0.0025130088513139,0.0013931521661139,0.7490082428550825,,,0.92816791129708,1.1363636363636365,0.0,,20244.0,0.3510743458607264,0.7272727272727273,22,,,202412.0,
T033,confirm2024,2024,raw,turn,initial,month,1,458.0,458.0,1.0,-0.0042794770805766,-0.0009320561386403,1.0,,,0.9385415786260976,0.0,1.0,,20241.0,-0.234878146937367,0.0,22,,,202401.0,
T033,confirm2024,2024,raw,turn,retained,month,21,110.28571428571428,110.28571428571428,1.0,-0.010924513276976,-0.0008901583610851,0.2395000352285604,,,0.9480442476765674,0.0,0.0,,20241.0,-0.2243199069934615,0.4285714285714285,22,,,202401.0,
T033,confirm2024,2024,raw,turn,retained,month,15,114.46666666666668,114.46666666666668,1.0,0.0117421822551697,0.0061704505977996,0.253623618862536,,,0.9293614801866198,0.0,0.0,,20241.0,1.5549535506455066,0.6666666666666666,15,,,202402.0,
T033,confirm2024,2024,raw,turn,retained,month,21,116.14285714285714,116.14285714285714,1.0,0.0051538909103853,0.0023826604810211,0.2540763738537649,,,0.9410839734910093,0.0,0.0,,20241.0,0.6004304412173315,0.5714285714285714,21,,,202403.0,
T033,confirm2024,2024,raw,turn,retained,month,20,115.45,115.05,0.9960884161613616,0.0011991183245146,0.0019603244294139,0.2521956004252823,,,0.943596458179114,0.0,0.0,,20242.0,0.4940017562123248,0.6,20,,,202404.0,
T033,confirm2024,2024,raw,turn,retained,month,20,106.8,106.8,1.0,-0.0028808430985502,-2.8127277475173623e-05,0.2327234227240504,,,0.9450494428351804,0.0,0.0,,20242.0,-0.0070880739237437,0.45,20,,,202405.0,
T033,confirm2024,2024,raw,turn,retained,month,19,124.3157894736842,124.3157894736842,1.0,-0.0016364725765809,0.0015543716241794,0.2706378753226386,,,0.9473863002045534,0.0,0.0,,20242.0,0.3917016492932121,0.5789473684210527,19,,,202406.0,
T033,confirm2024,2024,raw,turn,retained,month,23,98.7391304347826,98.6086956521739,0.998324819639772,0.0013348731679065,0.0014123051727785,0.2152893719585964,,,0.9445784694817858,0.0,0.0,,20243.0,0.3559009035401974,0.6086956521739131,23,,,202407.0,
T033,confirm2024,2024,raw,turn,retained,month,22,100.8181818181818,100.8181818181818,1.0,-0.0010030348788373,0.001304442126814,0.2195908804903209,,,0.9454554556499556,0.0,0.0,,20243.0,0.328719415957134,0.6363636363636364,22,,,202408.0,
T033,confirm2024,2024,raw,turn,retained,month,19,85.21052631578948,85.21052631578948,1.0,0.0150393230987782,-0.0004178469527431,0.1884686329329924,,,0.9327096346745258,0.0,0.0,,20243.0,-0.1052974320912857,0.4736842105263157,19,,,202409.0,
T033,confirm2024,2024,raw,turn,retained,month,18,125.05555555555556,125.0,0.9994903160040772,-0.0002151380537897,0.0026061336603709,0.2789855401121709,,,0.9243247581185888,0.0,0.0,,20244.0,0.6567456824134721,0.5,18,,,202410.0,
T033,confirm2024,2024,raw,turn,retained,month,21,78.47619047619048,78.47619047619048,1.0,0.0061997828782243,0.0020430282330569,0.1738013250127675,,,0.9290298891381092,0.0,0.0,,20244.0,0.5148431147303522,0.7619047619047619,21,,,202411.0,
T033,confirm2024,2024,raw,turn,retained,month,22,114.13636363636364,114.0909090909091,0.9996865203761754,-0.002422152744209,0.0014840082732189,0.2509917571449176,,,0.9365144070996162,0.0,0.0,,20244.0,0.373970084851163,0.5454545454545454,22,,,202412.0,
T033,confirm2024,2024,raw,return,entered,quarter,57,333.2456140350877,333.2456140350877,1.0,0.0010983948200869,0.0023080376158151,0.7495469505792449,0.0013217967784114,0.001728124329108,0.9357237769609268,0.0,0.0,202402.0,,0.5816254791854184,0.7017543859649122,58,0.3273498090534888,0.4279789286777315,,20241.0
T033,confirm2024,2024,raw,return,entered,quarter,59,332.8135593220339,332.8135593220339,1.0,-0.0012265870857224,0.0010260311911239,0.7469600947182693,-0.0011154244739379,0.0006881114102229,0.938097876242492,0.0,0.0,202404.98305084743,,0.2585598601632309,0.6779661016949152,59,-0.2810869674323522,0.1734040753761758,,20242.0
T033,confirm2024,2024,raw,return,entered,quarter,64,350.484375,350.484375,1.0,0.004036242504472,0.0002684174928701,0.790165123256479,0.0030986827432664,0.0002419164879724,0.9364214150269354,0.0,0.0,202407.9375,,0.0676412082032796,0.65625,64,0.7808680513031552,0.0609629549690569,,20243.0
T033,confirm2024,2024,raw,return,entered,quarter,61,336.04918032786884,336.04918032786884,1.0,0.0007394865134332,0.0015497584099871,0.7656753884457749,0.0011733338858579,0.0012465615353543,0.9265387596920842,0.0,0.0,202411.0655737705,,0.3905391193167724,0.6229508196721312,61,0.2956801392362014,0.3141335069092865,,20244.0
T033,confirm2024,2024,raw,return,initial,quarter,1,446.0,446.0,1.0,-0.0043572935256938,-0.0010098725837576,1.0,-0.0043572935256938,-0.0010098725837576,0.9398418438690388,0.0,1.0,202401.0,,-0.2544878911069155,0.0,58,-0.0189316891116354,-0.004387722260464,,20241.0
T033,confirm2024,2024,raw,return,retained,quarter,57,111.3859649122807,111.3859649122807,1.0,0.0009097898254405,0.0021194326211687,0.250453049420755,-0.0003201550961241,0.0004831601489074,0.9416659568328613,0.0,0.0,202402.0,,0.5340970205345179,0.5614035087719298,58,-0.0792880655297719,0.1196571099811569,,20241.0
T033,confirm2024,2024,raw,return,retained,quarter,59,112.864406779661,112.864406779661,1.0,-0.0010591849102348,0.0011934333666115,0.2530399052817307,-0.0001528916560688,0.0002961907366167,0.9465004596897072,0.0,0.0,202404.98305084743,,0.3007452083861123,0.5423728813559322,59,-0.0385286973293515,0.0746400656274123,,20242.0
T033,confirm2024,2024,raw,return,retained,quarter,64,93.015625,93.015625,1.0,0.0045184415737809,0.000750616562179,0.2098348767435208,0.0010872562356369,0.000176197479329,0.9427395925584104,0.0,0.0,202407.9375,,0.1891553736691256,0.59375,64,0.273988571380499,0.0444017647909185,,20243.0
T033,confirm2024,2024,raw,return,retained,quarter,61,102.78688524590164,102.78688524590164,1.0,0.0011579146034209,0.0019681864999748,0.2343246115542252,-0.0003045719423529,0.0004324723047046,0.931499510292589,0.0,0.0,202411.0655737705,,0.4959829979936653,0.6065573770491803,61,-0.0767521294729472,0.1089830207855615,,20244.0
T033,confirm2024,2024,raw,turn,entered,quarter,57,343.1578947368421,342.4736842105263,0.9977853884369524,0.0010772727750829,0.0022869155708112,0.7514130022163706,,,0.9343550213953384,0.631578947368421,0.0,202402.0,,0.5763027238444226,0.6842105263157895,58,,,,20241.0
T033,confirm2024,2024,raw,turn,entered,quarter,59,343.10169491525426,342.79661016949154,0.9991260176942928,-0.0012135398777616,0.0010390783990847,0.7484661000997153,,,0.9367289254926922,0.0,0.0,202404.98305084743,,0.2618477565693594,0.6779661016949152,59,,,,20242.0
T033,confirm2024,2024,raw,turn,entered,quarter,64,361.84375,361.8125,0.9999033135981664,0.0040126219579158,0.0002447969463139,0.7911943913818494,,,0.9349172839288308,0.0,0.0,202407.9375,,0.0616888304711087,0.640625,64,,,,20243.0
T033,confirm2024,2024,raw,turn,entered,quarter,61,346.672131147541,346.21311475409834,0.9986874231200848,0.0007145770726028,0.0015248489691568,0.7673215376315511,,,0.92507242937739,0.4098360655737705,0.0,202411.0655737705,,0.3842619402275183,0.6229508196721312,61,,,,20244.0
T033,confirm2024,2024,raw,turn,initial,quarter,1,458.0,458.0,1.0,-0.0042794770805766,-0.0009320561386403,1.0,,,0.9385415786260976,0.0,1.0,202401.0,,-0.234878146937367,0.0,58,,,,20241.0
T033,confirm2024,2024,raw,turn,retained,quarter,57,113.5438596491228,113.5438596491228,1.0,0.0009640291952481,0.0021736719909763,0.2485869977836294,,,0.9405634183740073,0.0,0.0,202402.0,,0.5477653417260329,0.543859649122807,58,,,,20241.0
T033,confirm2024,2024,raw,turn,retained,quarter,59,115.3728813559322,115.23728813559322,0.9986740393767326,-0.0010970758378941,0.0011555424389522,0.2515338999002846,,,0.9453094529520744,0.0,0.0,202404.98305084743,,0.2911966946159771,0.5423728813559322,59,,,,20242.0
T033,confirm2024,2024,raw,turn,retained,quarter,64,95.4375,95.390625,0.9993979820580432,0.0045997258500658,0.0008319008384639,0.2088056086181505,,,0.9413563731436888,0.0,0.0,202407.9375,,0.2096390112929227,0.578125,64,,,,20243.0
T033,confirm2024,2024,raw,turn,retained,quarter,61,105.08196721311477,105.04918032786884,0.9997365432188402,0.001197304837736,0.0020075767342899,0.2326784623684488,,,0.9303408241676464,0.0,0.0,202411.0655737705,,0.5059093370410734,0.6065573770491803,61,,,,20244.0
T033,confirm2024,2024,band,return,entered,year,241,4.987551867219917,4.987551867219917,1.0,0.0041759252828565,0.0038207992699273,0.0113499297570066,4.4077272113033134e-05,5.871990107511679e-05,0.9865511159565796,0.0,0.0,202406.60165975103,20242.535269709544,0.9628414160216976,0.4832535885167464,242,0.0110615739254906,0.0147362687276611,,
T033,confirm2024,2024,band,return,initial,year,1,446.0,446.0,1.0,-0.0043572935256938,-0.0010098725837576,1.0,-0.0043572935256938,-0.0010098725837576,0.9398418438690388,0.0,1.0,202401.0,20241.0,-0.2544878911069155,0.0,242,-0.0045373469771688,-0.0010516028558137,,
T033,confirm2024,2024,band,return,retained,year,241,438.1327800829876,438.1327800829876,1.0,0.0005961741202295,0.0006382484050333,0.9886500702429936,0.0006050248550242,0.0006324565108659,0.5344714120172889,0.0,0.0,202406.60165975103,20242.535269709544,0.1608385980683978,0.5601659751037344,242,0.1518362375840149,0.1587204496607864,,
T033,confirm2024,2024,band,turn,entered,year,241,4.991701244813278,4.987551867219917,0.998803827751196,0.0041759252828565,0.0038207992699273,0.0110365952021705,,,0.9865482005546832,0.0,0.0,202406.60165975103,20242.535269709544,0.9628414160216976,0.4832535885167464,242,,,,
T033,confirm2024,2024,band,turn,initial,year,1,458.0,458.0,1.0,-0.0042794770805766,-0.0009320561386403,1.0,,,0.9385415786260976,0.0,1.0,202401.0,20241.0,-0.234878146937367,0.0,242,,,,
T033,confirm2024,2024,band,turn,retained,year,241,451.04564315352695,448.4771784232365,0.9942902696778444,0.0003964740075803,0.0004385482923841,0.9889634047978294,,,0.5225404881472048,2.4107883817427385,0.0,202406.60165975103,20242.535269709544,0.1105141696807981,0.5435684647302904,242,,,,
T033,confirm2024,2024,band,return,entered,month,21,3.380952380952381,3.380952380952381,1.0,-0.0050351570604862,0.0049991978554046,0.007549293801031,-0.0001007473760555,-3.171620932558059e-06,0.9930653695169824,0.0,0.0,,20241.0,1.2597978595619763,0.4285714285714285,22,-0.0242343233675495,-0.000762918998868,202401.0,
T033,confirm2024,2024,band,return,entered,month,15,10.466666666666669,10.466666666666669,1.0,0.0109657135343853,0.0057200841352469,0.0242290521941705,0.0007693282823433,0.000319361366367,0.9798443584491972,0.0,0.0,,20241.0,1.4414612020822335,0.7142857142857143,15,0.1938707271505341,0.0804790643245077,202402.0,
T033,confirm2024,2024,band,return,entered,month,21,5.571428571428571,5.571428571428571,1.0,0.0062886058635881,0.0042864396846281,0.0125180659260094,6.513429132962007e-05,2.440147961142546e-05,0.9868124612606786,0.0,0.0,,20241.0,1.0801828005263032,0.7368421052631579,21,0.0164138414150642,0.0061491728620792,202403.0,
T033,confirm2024,2024,band,return,entered,month,20,6.15,6.15,1.0,-0.0085068442953665,-0.0078683454939134,0.0138052358369638,-0.0002006629368265,-0.0001128419536637,0.9903158592963348,0.0,0.0,,20242.0,-1.9828230644662013,0.2631578947368421,20,-0.0505670600802976,-0.0284361723232692,202404.0,
T033,confirm2024,2024,band,return,entered,month,20,4.45,4.45,1.0,-0.0048969548554222,-0.0020442390343471,0.0099832725855949,-7.072229984364184e-05,-3.9691941157157765e-05,0.9902190988223246,0.0,0.0,,20242.0,-0.5151482366554891,0.45,20,-0.0178220195605977,-0.0100023691716037,202405.0,
T033,confirm2024,2024,band,return,entered,month,19,3.1052631578947367,3.1052631578947367,1.0,0.0142923851925469,0.0163914429295767,0.0069581228730782,7.193564835185648e-05,9.455092759666533e-05,0.9919637360320472,0.0,0.0,,20242.0,4.130643618253331,0.5882352941176471,19,0.0181277833846678,0.0238268337543596,202406.0,
T033,confirm2024,2024,band,return,entered,month,23,4.043478260869565,4.043478260869565,1.0,0.0078721356476544,0.006567720735946,0.0090857548265375,8.250475775404256e-05,5.08400814075868e-05,0.9894723416965352,0.0,0.0,,20243.0,1.6550656254584024,0.55,23,0.0207911989540187,0.0128117005147118,202407.0,
T033,confirm2024,2024,band,return,entered,month,22,2.5454545454545454,2.5454545454545454,1.0,0.0127775987894951,0.0144872107584097,0.0057179056023075,-8.399252734583174e-06,9.76721209417786e-06,0.9913035276362948,0.0,0.0,,20243.0,3.6507771111192544,0.5263157894736842,22,-0.0021166116891149,0.0024613374477328,202408.0,
T033,confirm2024,2024,band,return,entered,month,19,3.263157894736842,3.263157894736842,1.0,0.0094528134420916,-0.0075684939573684,0.0074045142832133,0.0001562801525248,-5.825889158380096e-05,0.9800393241167434,0.0,0.0,,20243.0,-1.9072604772568589,0.1333333333333333,19,0.0393825984362652,-0.0146812406791178,202409.0,
T033,confirm2024,2024,band,return,entered,month,18,10.555555555555555,10.555555555555555,1.0,-0.0004414422326819,0.0013535469427956,0.0248791277832993,-0.0001598460651598,0.0004985223448802,0.9727742687420108,0.0,0.0,,20244.0,0.3410938295844972,0.3076923076923077,18,-0.0402812084202855,0.1256276309098134,202410.0,
T033,confirm2024,2024,band,return,entered,month,21,4.9523809523809526,4.9523809523809526,1.0,0.0176349840852346,0.0108095571834554,0.0112686138111283,0.0001538253755098,8.058597935292367e-05,0.9796158823255596,0.0,0.0,,20244.0,2.7240084102307733,0.7058823529411765,21,0.0387639946284844,0.0203076667969367,202411.0,
T033,confirm2024,2024,band,return,entered,month,22,3.6818181818181817,3.6818181818181817,1.0,-0.0075975666709487,-0.0033782277549892,0.0082995902474214,-5.19887245877159e-05,-3.516047587213782e-05,0.9839631108835412,0.0,0.0,,20244.0,-0.8513133942572936,0.3333333333333333,22,-0.0131011585961044,-0.0088604399197787,202412.0,
T033,confirm2024,2024,band,return,initial,month,1,446.0,446.0,1.0,-0.0043572935256938,-0.0010098725837576,1.0,-0.0043572935256938,-0.0010098725837576,0.9398418438690388,0.0,1.0,,20241.0,-0.2544878911069155,0.0,22,-0.049910816748857,-0.0115676314139507,202401.0,
T033,confirm2024,2024,band,return,retained,month,21,444.4285714285714,444.4285714285714,1.0,-0.0115206740664062,-0.0014863191505153,0.9924507061989688,-0.0114092007414415,-0.0014724215806737,0.5518095224744046,0.0,0.0,,20241.0,-0.3745524259298783,0.3333333333333333,22,-2.744431378350406,-0.3541843184056961,202401.0,
T033,confirm2024,2024,band,return,retained,month,15,428.8,428.8,1.0,0.0073792872929267,0.0018075556355565,0.9757709478058296,0.0068420573551471,0.0017202926137532,0.5668946294121208,0.0,0.0,,20241.0,0.4555040201602605,0.7333333333333333,15,1.7241984534970776,0.4335137386658252,202402.0,
T033,confirm2024,2024,band,return,retained,month,21,439.7142857142857,439.7142857142857,1.0,0.0037906769716156,0.0010194465422514,0.9874819340739908,0.0037337221178008,0.0010032245001547,0.554572262411917,0.0,0.0,,20241.0,0.2569005286473578,0.6190476190476191,21,0.9408979736858092,0.2528125740390093,202403.0,
T033,confirm2024,2024,band,return,retained,month,20,439.05,439.05,1.0,1.693948962862117e-05,0.000778145594528,0.9861947641630362,0.0001097990007961,0.0007831841225327,0.5407779225555229,0.0,0.0,,20242.0,0.1960926898210578,0.55,20,0.0276693482006394,0.1973623988782561,202404.0,
T033,confirm2024,2024,band,return,retained,month,20,441.35,441.35,1.0,-0.0019388460464557,0.0009138697746193,0.9900167274144052,-0.0019166795701718,0.0009050058922167,0.5289164292898851,0.0,0.0,,20242.0,0.2302951832040823,0.75,20,-0.4830032516833183,0.2280614848386132,202405.0,
T033,confirm2024,2024,band,return,retained,month,19,442.9473684210527,442.9473684210527,1.0,-0.0028796541160214,0.0003111900847389,0.9930418771269216,-0.0028585838221457,0.0003096450993698,0.5183055704875117,0.0,0.0,,20242.0,0.0784199013542173,0.631578947368421,19,-0.7203631231807343,0.0780305650411957,202406.0,
T033,confirm2024,2024,band,return,retained,month,23,440.6521739130435,440.6521739130435,1.0,0.0010194046326539,0.0010968366375259,0.9909142451734626,0.0009753341474448,0.0010844308286632,0.5238367444214718,0.0,0.0,,20243.0,0.276402832656544,0.6521739130434783,23,0.2457842051560925,0.2732765688231462,202407.0,
T033,confirm2024,2024,band,return,retained,month,22,442.6363636363636,442.6363636363636,1.0,-0.0020418858615027,0.0002655911441485,0.9942820943976924,-0.0020246379087815,0.000264672632041,0.5222042580725664,0.0,0.0,,20243.0,0.0669289683254389,0.5,22,-0.5102087530129554,0.0666975032743339,202408.0,
T033,confirm2024,2024,band,return,retained,month,19,436.8421052631579,436.8421052631579,1.0,0.0182082359380014,0.00275106588648,0.9925954857167866,0.0179606769184752,0.0027180459110625,0.5077658319416515,0.0,0.0,,20243.0,0.693268603392963,0.5263157894736842,19,4.526090583455772,0.6849475695877529,202409.0,
T033,confirm2024,2024,band,return,retained,month,18,424.8333333333333,424.8333333333333,1.0,-0.0034854856602141,-0.0006642139460534,0.9751208722167006,-0.0027683873181231,-0.0006054840140025,0.5267959624875457,0.0,0.0,,20244.0,-0.1673819144054728,0.3333333333333333,18,-0.6976336041670367,-0.1525819715286381,202410.0,
T033,confirm2024,2024,band,return,retained,month,21,433.6666666666667,433.6666666666667,1.0,0.0040154169653797,-0.0001413376797876,0.988731386188872,0.0039453959833363,-0.0001381192656742,0.5386142740141098,0.0,0.0,,20244.0,-0.0356170953064898,0.5714285714285714,21,0.9942397878007482,-0.0348060549498984,202411.0,
T033,confirm2024,2024,band,return,retained,month,22,438.1818181818182,438.1818181818182,1.0,-0.0026180074043708,0.001288153613057,0.9917004097525784,-0.0026068169061154,0.0012825158625969,0.5386801732248803,0.0,0.0,,20244.0,0.3246147104903766,0.5454545454545454,22,-0.6569178603410863,0.323193997374422,202412.0,
T033,confirm2024,2024,band,turn,entered,month,21,3.380952380952381,3.380952380952381,1.0,-0.0050351570604862,0.0049991978554046,0.0073471131328846,,,0.9930653695169824,0.0,0.0,,20241.0,1.2597978595619763,0.4285714285714285,22,,,202401.0,
T033,confirm2024,2024,band,turn,entered,month,15,10.466666666666669,10.466666666666669,1.0,0.0109657135343853,0.0057200841352469,0.0235807964579276,,,0.9798443584491972,0.0,0.0,,20241.0,1.4414612020822335,0.7142857142857143,15,,,202402.0,
T033,confirm2024,2024,band,turn,entered,month,21,5.571428571428571,5.571428571428571,1.0,0.0062886058635881,0.0042864396846281,0.0121900934641451,,,0.9868124612606786,0.0,0.0,,20241.0,1.0801828005263032,0.7368421052631579,21,,,202403.0,
T033,confirm2024,2024,band,turn,entered,month,20,6.2,6.15,0.986842105263158,-0.0085068442953665,-0.0078683454939134,0.0135451774910976,,,0.9902837898754706,0.0,0.0,,20242.0,-1.9828230644662013,0.2631578947368421,20,,,202404.0,
T033,confirm2024,2024,band,turn,entered,month,20,4.45,4.45,1.0,-0.0048969548554222,-0.0020442390343471,0.0097003923306867,,,0.9902190988223246,0.0,0.0,,20242.0,-0.5151482366554891,0.45,20,,,202405.0,
T033,confirm2024,2024,band,turn,entered,month,19,3.1052631578947367,3.1052631578947367,1.0,0.0142923851925469,0.0163914429295767,0.0067586782285813,,,0.9919637360320472,0.0,0.0,,20242.0,4.130643618253331,0.5882352941176471,19,,,202406.0,
T033,confirm2024,2024,band,turn,entered,month,23,4.043478260869565,4.043478260869565,1.0,0.0078721356476544,0.006567720735946,0.0088133729873424,,,0.9894723416965352,0.0,0.0,,20243.0,1.6550656254584024,0.55,23,,,202407.0,
T033,confirm2024,2024,band,turn,entered,month,22,2.5454545454545454,2.5454545454545454,1.0,0.0127775987894951,0.0144872107584097,0.0055459337613499,,,0.9913035276362948,0.0,0.0,,20243.0,3.6507771111192544,0.5263157894736842,22,,,202408.0,
T033,confirm2024,2024,band,turn,entered,month,19,3.263157894736842,3.263157894736842,1.0,0.0094528134420916,-0.0075684939573684,0.0071818760080574,,,0.9800393241167434,0.0,0.0,,20243.0,-1.9072604772568589,0.1333333333333333,19,,,202409.0,
T033,confirm2024,2024,band,turn,entered,month,18,10.555555555555555,10.555555555555555,1.0,-0.0004414422326819,0.0013535469427956,0.0240993696552084,,,0.9727742687420108,0.0,0.0,,20244.0,0.3410938295844972,0.3076923076923077,18,,,202410.0,
T033,confirm2024,2024,band,turn,entered,month,21,4.9523809523809526,4.9523809523809526,1.0,0.0176349840852346,0.0108095571834554,0.0109476337020698,,,0.9796158823255596,0.0,0.0,,20244.0,2.7240084102307733,0.7058823529411765,21,,,202411.0,
T033,confirm2024,2024,band,turn,entered,month,22,3.6818181818181817,3.6818181818181817,1.0,-0.0075975666709487,-0.0033782277549892,0.0080744158358614,,,0.9839631108835412,0.0,0.0,,20244.0,-0.8513133942572936,0.3333333333333333,22,,,202412.0,
T033,confirm2024,2024,band,turn,initial,month,1,458.0,458.0,1.0,-0.0042794770805766,-0.0009320561386403,1.0,,,0.9385415786260976,0.0,1.0,,20241.0,-0.234878146937367,0.0,22,,,202401.0,
T033,confirm2024,2024,band,turn,retained,month,21,456.8095238095238,456.8095238095238,1.0,-0.0117353052535523,-0.0017009503376615,0.9926528868671152,,,0.5374701675989048,0.0,0.0,,20241.0,-0.4286394850906985,0.2857142857142857,22,,,202401.0,
T033,confirm2024,2024,band,turn,retained,month,15,440.6,440.6,1.0,0.0070631661315414,0.0014914344741713,0.9764192035420723,,,0.5523379590137646,0.0,0.0,,20241.0,0.3758414874911719,0.7333333333333333,15,,,202402.0,
T033,confirm2024,2024,band,turn,retained,month,21,451.6666666666667,451.6666666666667,1.0,0.0035325467240643,0.0007613162947,0.9878099065358548,,,0.5406465115374358,0.0,0.0,,20241.0,0.1918517062644236,0.5714285714285714,21,,,202403.0,
T033,confirm2024,2024,band,turn,retained,month,20,450.95,449.75,0.9973179965840178,-0.0002154893197399,0.0005457167851594,0.9864548225089024,,,0.5283314240227336,0.7,0.0,,20242.0,0.1375206298601886,0.45,20,,,202404.0,
T033,confirm2024,2024,band,turn,retained,month,20,454.4,452.65,0.9961485773706972,-0.0022504678746932,0.0006022479463818,0.9902996076693134,,,0.5161824981690121,1.55,0.0,,20242.0,0.1517664824882275,0.7,20,,,202405.0,
T033,confirm2024,2024,band,turn,retained,month,19,456.3684210526316,453.8421052631579,0.994480129829237,-0.0029186282437811,0.0002722159569792,0.9932413217714188,,,0.5060337338868307,1.7894736842105263,0.0,,20242.0,0.0685984211587732,0.631578947368421,19,,,202406.0,
T033,confirm2024,2024,band,turn,retained,month,23,454.4782608695652,451.1739130434783,0.9927294361303912,0.0008161171320634,0.0008935491369354,0.9911866270126576,,,0.5122899904797122,3.0869565217391304,0.0,,20243.0,0.2251743825077302,0.6521739130434783,23,,,202407.0,
T033,confirm2024,2024,band,turn,retained,month,22,456.3636363636364,452.27272727272725,0.991034194815262,-0.0022341383947712,7.333861088012948e-05,0.99445406623865,,,0.5118795067191619,4.090909090909091,0.0,,20243.0,0.0184813299417926,0.5,22,,,202408.0,
T033,confirm2024,2024,band,turn,retained,month,19,450.6315789473685,446.6315789473685,0.991109192350374,0.0181358237965039,0.0026786537449825,0.9928181239919426,,,0.4974397017317892,4.0,0.0,,20243.0,0.6750207437356049,0.5263157894736842,19,,,202409.0,
T033,confirm2024,2024,band,turn,retained,month,18,438.1666666666667,433.27777777777777,0.9888214007912236,-0.0037595562947467,-0.000938284580586,0.9759006303447916,,,0.5153462571443486,4.722222222222222,0.0,,20244.0,-0.236447714307683,0.3333333333333333,18,,,202410.0,
T033,confirm2024,2024,band,turn,retained,month,21,446.6190476190476,442.3333333333333,0.9903940516826288,0.0038831400026555,-0.0002736146425119,0.9890523662979304,,,0.527269801659662,4.285714285714286,0.0,,20244.0,-0.0689508899130037,0.6190476190476191,21,,,202411.0,
T033,confirm2024,2024,band,turn,retained,month,22,450.7272727272728,446.54545454545456,0.9907198534246184,-0.00279274885195,0.0011134121654778,0.9919255841641388,,,0.5298884947050881,4.090909090909091,0.0,,20244.0,0.280579865700417,0.5454545454545454,22,,,202412.0,
T033,confirm2024,2024,band,return,entered,quarter,57,6.052631578947368,6.052631578947368,1.0,0.0030975037522103,0.0049353090160164,0.0137693041610597,0.0001893342009808,9.18639917151338e-05,0.98743760263145,0.0,0.0,202402.0,,1.2436978720361576,0.6111111111111112,58,0.0468895941877288,0.0227505927068307,,20241.0
T033,confirm2024,2024,band,return,entered,quarter,59,4.593220338983051,4.593220338983051,1.0,-0.0002964034008412,0.0015762711559197,0.0103046525938926,-6.882927821557841e-05,-2.1257801221726305e-05,0.9907815502789582,0.0,0.0,202404.98305084743,,0.3972203312917683,0.4285714285714285,59,-0.0173449781103257,-0.005356965907875,,20242.0
T033,confirm2024,2024,band,return,entered,quarter,64,3.296875,3.296875,1.0,0.0100372091034235,0.0054274816623736,0.0074289383694091,7.315857447116457e-05,4.33252497428424e-06,0.9874963651994716,0.0,0.0,202407.9375,,1.367725378918167,0.4259259259259259,64,0.0184359607667334,0.0010917962935196,,20243.0
T033,confirm2024,2024,band,return,entered,quarter,61,6.147540983606557,6.147540983606557,1.0,0.0040020551191087,0.003348559245561,0.0142140356651861,-1.2961446362299266e-05,0.0001621668410666,0.979088492365195,0.0,0.0,202411.0655737705,,0.8438369298813825,0.4666666666666667,61,-0.0032662844832994,0.0408660439488062,,20244.0
T033,confirm2024,2024,band,return,initial,quarter,1,446.0,446.0,1.0,-0.0043572935256938,-0.0010098725837576,1.0,-0.0043572935256938,-0.0010098725837576,0.9398418438690388,0.0,1.0,202401.0,,-0.2544878911069155,0.0,58,-0.0189316891116354,-0.004387722260464,,20241.0
T033,confirm2024,2024,band,return,retained,quarter,57,438.578947368421,438.578947368421,1.0,-0.0009059759578368,0.0003036668378913,0.9862306958389402,-0.0010272665047236,0.0002798465002702,0.5567971390139398,0.0,0.0,202402.0,,0.0765240431486136,0.543859649122807,58,-0.2544078633422547,0.0693054332738148,,20241.0
T033,confirm2024,2024,band,return,retained,quarter,59,441.0847457627119,441.0847457627119,1.0,-0.0015788399888296,0.0006737782880167,0.9896953474061072,-0.0015330627798014,0.0006719840200511,0.5295202182401846,0.0,0.0,202404.98305084743,,0.1697921285802193,0.6440677966101694,59,-0.3863318205099581,0.1693399730528831,,20242.0
T033,confirm2024,2024,band,return,retained,quarter,64,440.203125,440.203125,1.0,0.0050700203190626,0.0013021953074607,0.992571061630591,0.0049866173882666,0.0012876184261616,0.518504525096589,0.0,0.0,202407.9375,,0.328153217480101,0.5625,64,1.2566275818431998,0.3244798433927346,,20243.0
T033,confirm2024,2024,band,return,retained,quarter,61,432.6885245901639,432.6885245901639,1.0,-0.0005903466968366,0.0002199251997172,0.9857859643348138,-0.0003988135739458,0.0002363300351791,0.5351506703281883,0.0,0.0,202411.0655737705,,0.0554211503287457,0.4918032786885246,61,-0.1005010206343418,0.0595551688651464,,20244.0
T033,confirm2024,2024,band,turn,entered,quarter,57,6.052631578947368,6.052631578947368,1.0,0.0030975037522103,0.0049353090160164,0.0134033909720445,,,0.98743760263145,0.0,0.0,202402.0,,1.2436978720361576,0.6111111111111112,58,,,,20241.0
T033,confirm2024,2024,band,turn,entered,quarter,59,4.610169491525424,4.593220338983051,0.9955357142857144,-0.0002964034008412,0.0015762711559197,0.0100563776742158,,,0.9907706695825936,0.0,0.0,202404.98305084743,,0.3972203312917683,0.4285714285714285,59,,,,20242.0
T033,confirm2024,2024,band,turn,entered,quarter,64,3.296875,3.296875,1.0,0.0100372091034235,0.0054274816623736,0.0072058400876823,,,0.9874963651994716,0.0,0.0,202407.9375,,1.367725378918167,0.4259259259259259,64,,,,20243.0
T033,confirm2024,2024,band,turn,entered,quarter,61,6.147540983606557,6.147540983606557,1.0,0.0040020551191087,0.003348559245561,0.013792231310265,,,0.979088492365195,0.0,0.0,202411.0655737705,,0.8438369298813825,0.4666666666666667,61,,,,20244.0
T033,confirm2024,2024,band,turn,initial,quarter,1,458.0,458.0,1.0,-0.0042794770805766,-0.0009320561386403,1.0,,,0.9385415786260976,0.0,1.0,202401.0,,-0.234878146937367,0.0,58,,,,20241.0
T033,confirm2024,2024,band,turn,retained,quarter,57,450.64912280701753,450.64912280701753,1.0,-0.0011633410025636,4.630179316456474e-05,0.9865966090279552,,,0.5425529762643794,0.0,0.0,202402.0,,0.0116680518774703,0.5087719298245614,58,,,,20241.0
T033,confirm2024,2024,band,turn,retained,quarter,59,453.864406779661,452.0508474576271,0.996007693997454,-0.0017758149240763,0.00047680335277,0.989943622325784,,,0.5170325319946559,1.3389830508474576,0.0,202404.98305084743,,0.1201544448980511,0.5932203389830508,59,,,,20242.0
T033,confirm2024,2024,band,turn,retained,quarter,64,453.984375,450.203125,0.9916656870561228,0.0049093797107198,0.0011415546991179,0.9927941599123176,,,0.5077402072149833,3.703125,0.0,202407.9375,,0.2876717841777145,0.5625,64,,,,20243.0
T033,confirm2024,2024,band,turn,retained,quarter,61,445.6065573770492,441.1803278688525,0.9900474930314562,-0.0007797794752881,3.0492421265794863e-05,0.9862077686897348,,,0.524695825360051,4.344262295081967,0.0,202411.0655737705,,0.0076840901589803,0.5081967213114754,61,,,,20244.0
