model,fold,year,layer,top_fraction,period_type,days,n_mean,mean_ret_mean,excess_mean,precision_true10_mean,recall_true10_mean,precision_true20_mean,recall_true20_mean,month_mean,quarter_mean,annual_excess,positive_excess_days,month,quarter
T030,wf2021,2021,raw,0.05,year,243,196.14814814814812,0.00285811178357,0.0022322917914982,0.128888599988028,0.0642193143429693,0.2482195991753678,0.0618853704893413,202106.6131687243,20212.526748971195,0.562537531457558,0.7037037037037037,,
T030,wf2021,2021,raw,0.1,year,243,392.798353909465,0.0026982413719634,0.0020724213798916,0.1181466647723541,0.1178837833981588,0.2345760666453616,0.1171191233363599,202106.6131687243,20212.526748971195,0.5222501877326923,0.7242798353909465,,
T030,wf2021,2021,raw,0.2,year,243,786.0370370370371,0.0024558127609944,0.0018299927689227,0.1073484142625067,0.2143387615153318,0.2196708894021666,0.2194787011576779,202106.6131687243,20212.526748971195,0.461158177768524,0.7736625514403292,,
T030,wf2021,2021,raw,0.3,year,243,1179.1728395061727,0.0022167741380024,0.0015909541459307,0.101515255732583,0.3040684988018922,0.2105252379547278,0.3155438950942461,202106.6131687243,20212.526748971195,0.4009204447745382,0.7860082304526749,,
T030,wf2021,2021,raw,0.05,month,20,188.55,-0.0007993992438296,0.003377273464068,0.1255165229389181,0.0625102718744687,0.2497506352616495,0.0622369873305597,,20211.0,0.8510729129451542,0.6,202101.0,
T030,wf2021,2021,raw,0.05,month,15,189.8,0.0049586701305691,0.0019137014957263,0.1204203507129894,0.0599837161693935,0.245732970799134,0.0612641347325404,,20211.0,0.4822527769230437,0.6666666666666666,202102.0,
T030,wf2021,2021,raw,0.05,month,23,191.0,0.0028560933080397,0.0029939331355889,0.1505647433857157,0.07504787966739,0.2717453456988652,0.0677631403457915,,20211.0,0.7544711501684185,0.7391304347826086,202103.0,
T030,wf2021,2021,raw,0.05,month,21,192.33333333333331,0.0023758463869109,0.0023769907334527,0.1244932221167856,0.0620094053473024,0.240821103975528,0.0600289186817394,,20212.0,0.5990016648300877,0.8095238095238095,202104.0,
T030,wf2021,2021,raw,0.05,month,18,193.61111111111111,0.0061370915077628,0.0030727870192915,0.1397046148243239,0.0696388939953067,0.2619421864346711,0.0653258254740242,,20212.0,0.7743423288614755,0.8333333333333334,202105.0,
T030,wf2021,2021,raw,0.05,month,21,195.14285714285717,0.0024906267157758,0.0025365461999468,0.1405592268553518,0.0700654980869124,0.2682006305194332,0.0668820401634854,,20212.0,0.6392096423866138,0.7619047619047619,202106.0,
T030,wf2021,2021,raw,0.05,month,22,196.95454545454547,0.0043057003331963,0.0035747561960447,0.1438858781339114,0.0716868134879085,0.2742506499690717,0.0683709243243276,,20213.0,0.9008385614032768,0.8181818181818182,202107.0,
T030,wf2021,2021,raw,0.05,month,22,198.1818181818182,0.0024677492137749,0.000891136178136,0.117981649000763,0.0587883250305766,0.2253105881299796,0.0561706993316722,,20213.0,0.2245663168902937,0.7272727272727273,202108.0,
T030,wf2021,2021,raw,0.05,month,20,199.5,0.0018979211915628,0.0019113565556818,0.125266527656717,0.0624165017662188,0.242137310998374,0.0603474180352834,,20213.0,0.4816618520318166,0.6,202109.0,
T030,wf2021,2021,raw,0.05,month,16,201.875,0.0003519269955052,0.0020878659360879,0.1191670155568788,0.0593811916741836,0.2340038884159168,0.0584257486667439,,20214.0,0.5261422158941693,0.625,202110.0,
T030,wf2021,2021,raw,0.05,month,22,202.22727272727272,0.006079713977701,0.0020588942544959,0.1211620553460389,0.060362879787207,0.2479064423242559,0.0618021007113384,,20214.0,0.518841352132987,0.6818181818181818,202111.0,
T030,wf2021,2021,raw,0.05,month,23,203.0,0.0013659354192334,0.0001592485925085,0.1139507333857971,0.0567518436561181,0.215247791181187,0.0536336418965335,,20214.0,0.0401306453121567,0.5652173913043478,202112.0,
T030,wf2021,2021,raw,0.1,month,20,377.65,-0.001757950444665,0.0024187222632327,0.116582166603532,0.1162984616769578,0.2378186923134499,0.1187053560843263,,20211.0,0.6095180103346458,0.7,202101.0,
T030,wf2021,2021,raw,0.1,month,15,380.06666666666666,0.0050845567404262,0.0020395881055834,0.109739317946601,0.1094651688615861,0.2273861921211906,0.1135239601973992,,20211.0,0.5139762026070185,0.6,202102.0,
T030,wf2021,2021,raw,0.1,month,23,382.5652173913044,0.0025687438631734,0.0027065836907226,0.1302611537803503,0.1300254906802724,0.249965545363494,0.1248230545036386,,20211.0,0.6820590900621046,0.6521739130434783,202103.0,
T030,wf2021,2021,raw,0.1,month,21,385.1904761904762,0.0022079461134943,0.0022090904600361,0.114923865512358,0.1146535150452968,0.2321807852375959,0.115912396753602,,20212.0,0.5566907959291104,0.8095238095238095,202104.0,
T030,wf2021,2021,raw,0.1,month,18,387.55555555555554,0.0057038798291123,0.0026395753406411,0.1298543853064668,0.1295574894631516,0.2465250300432374,0.1230676979742259,,20212.0,0.6651729858415646,0.9444444444444444,202105.0,
T030,wf2021,2021,raw,0.1,month,21,390.6666666666667,0.002740996696393,0.0027869161805641,0.1311383938511267,0.1308828071721276,0.2518130973272521,0.1257263121360174,,20212.0,0.7023028775021628,0.8095238095238095,202106.0,
T030,wf2021,2021,raw,0.1,month,22,394.45454545454544,0.0039313044923706,0.0032003603552189,0.1340733224550781,0.1337721355531347,0.2565845041748958,0.1281147029602809,,20213.0,0.8064908095151855,0.8181818181818182,202107.0,
T030,wf2021,2021,raw,0.1,month,22,396.8181818181818,0.0028150448292064,0.0012384317935676,0.1088537823961694,0.1086025633696206,0.220507347289411,0.1100752857005885,,20213.0,0.3120848119790502,0.6818181818181818,202108.0,
T030,wf2021,2021,raw,0.1,month,20,399.5,0.0016418787862325,0.0016553141503515,0.1149493283181451,0.1146952143155054,0.2274461279635807,0.1135147382199079,,20213.0,0.4171391658885909,0.7,202109.0,
T030,wf2021,2021,raw,0.1,month,16,404.1875,-8.738726790808067e-05,0.0016485516726745,0.1088419209749938,0.1085913811743181,0.2233931868050138,0.1116884151510562,,20214.0,0.4154350215139987,0.625,202110.0,
T030,wf2021,2021,raw,0.1,month,22,405.0,0.0057050782638023,0.0016842585405972,0.1071849992073703,0.1069418296075002,0.2275833316371447,0.113625590397422,,20214.0,0.4244331522305104,0.7727272727272727,202111.0,
T030,wf2021,2021,raw,0.1,month,23,406.6521739130435,0.0018919034814302,0.0006852166547054,0.1081865186114063,0.1079390749554749,0.2112269683631218,0.1054420259212486,,20214.0,0.1726745969857614,0.5652173913043478,202112.0,
T030,wf2021,2021,raw,0.2,month,20,755.8,-0.0020726121920757,0.002104060515822,0.1124420519040083,0.2244725577980816,0.2293277988306147,0.2290764346718875,,20211.0,0.5302232499871454,0.65,202101.0,
T030,wf2021,2021,raw,0.2,month,15,760.4,0.0050661974250927,0.0020212287902498,0.1040394062584647,0.2076263186576676,0.219916327830143,0.2196633196593627,,20211.0,0.5093496551429721,0.7333333333333333,202102.0,
T030,wf2021,2021,raw,0.2,month,23,765.4782608695652,0.0021093459694468,0.002247185796996,0.1171188706467474,0.2339082047842515,0.230507276252484,0.2303073305919998,,20211.0,0.5662908208429926,0.8260869565217391,202103.0,
T030,wf2021,2021,raw,0.2,month,21,770.6666666666666,0.0018203827888431,0.0018215271353849,0.106256919215784,0.2120853149464879,0.2154039875669452,0.2151452570252071,,20212.0,0.4590248381170057,0.8571428571428571,202104.0,
T030,wf2021,2021,raw,0.2,month,18,775.5,0.0048726482518101,0.0018083437633388,0.1120993499875939,0.2238069028746602,0.2204891885355867,0.2202555078776458,,20212.0,0.4557026283613917,0.8888888888888888,202105.0,
T030,wf2021,2021,raw,0.2,month,21,781.7619047619048,0.0020632307633799,0.002109150247551,0.1138897574731447,0.2274656499433019,0.2278484129550591,0.2276551924196366,,20212.0,0.5315058623828579,0.9047619047619048,202106.0,
T030,wf2021,2021,raw,0.2,month,22,789.5909090909091,0.0032277446938176,0.002496800556666,0.1189665420868197,0.2376041526215595,0.2361272671317049,0.236020089074281,,20213.0,0.629193740279837,0.8636363636363636,202107.0,
T030,wf2021,2021,raw,0.2,month,22,794.1818181818181,0.0032447624781179,0.0016681494424791,0.0987308272670456,0.1971516814290049,0.210710093924795,0.2105189283243027,,20213.0,0.4203736595047486,0.7272727272727273,202108.0,
T030,wf2021,2021,raw,0.2,month,20,799.55,0.0015836945071202,0.0015971298712392,0.1010600555257987,0.2018134478415953,0.2104057094707667,0.2101691918405632,,20213.0,0.4024767275523013,0.7,202109.0,
T030,wf2021,2021,raw,0.2,month,16,808.6875,-0.0002420686391466,0.001493870301436,0.1026096551005532,0.2048209407676388,0.215036254287574,0.2151023493397169,,20214.0,0.3764553159618855,0.75,202110.0,
T030,wf2021,2021,raw,0.2,month,22,810.4090909090909,0.0055013046622739,0.0014804849390689,0.0973803239262276,0.1944280157166122,0.2095543586419013,0.2093563727643587,,20214.0,0.3730822046453682,0.7272727272727273,202111.0,
T030,wf2021,2021,raw,0.2,month,23,813.7826086956521,0.0023138530735463,0.0011071662468215,0.1020419632359019,0.2037409210408571,0.209853912211779,0.2096368999739452,,20214.0,0.2790058941990285,0.6521739130434783,202112.0,
T030,wf2021,2021,raw,0.3,month,20,1134.0,-0.0021912333418465,0.0019854393660511,0.1100813203542856,0.3297476654376096,0.2222948955163131,0.3331775545482235,,20211.0,0.5003307202448893,0.7,202101.0,
T030,wf2021,2021,raw,0.3,month,15,1140.6666666666667,0.0049316869529671,0.0018867183181242,0.1001426221426481,0.2998008642556019,0.2121434871778681,0.3178687386347534,,20211.0,0.4754530161673184,0.7333333333333333,202102.0,
T030,wf2021,2021,raw,0.3,month,23,1148.304347826087,0.0018135971609813,0.0019514369885304,0.1085979493627543,0.3253549700633611,0.2186080566060393,0.3276512895558705,,20211.0,0.491762121109685,0.9130434782608696,202103.0,
T030,wf2021,2021,raw,0.3,month,21,1156.190476190476,0.0014459982597445,0.0014471426062863,0.0998142655718417,0.2988945703141937,0.2057608440361226,0.3083240605427854,,20212.0,0.3646799367841692,0.7619047619047619,202104.0,
T030,wf2021,2021,raw,0.3,month,18,1163.3333333333333,0.0043392111390732,0.0012749066506019,0.103094566094709,0.3087648368624947,0.2087224366110976,0.312774908394574,,20212.0,0.3212764759516903,0.7777777777777778,202105.0,
T030,wf2021,2021,raw,0.3,month,21,1172.6666666666667,0.0018019323050134,0.0018478517891845,0.1088022580349122,0.3259528639105265,0.2197384977524227,0.3293302754382316,,20212.0,0.465658650874494,0.8571428571428571,202106.0,
T030,wf2021,2021,raw,0.3,month,22,1184.3636363636365,0.0026734308958563,0.0019424867587046,0.1110556355168348,0.3326966087679505,0.2244683684508947,0.3365563874346119,,20213.0,0.4895066631935792,0.9090909090909092,202107.0,
T030,wf2021,2021,raw,0.3,month,22,1191.3636363636365,0.0031266278428837,0.0015500148072448,0.0925666243191875,0.2772797396521892,0.201179804490309,0.301513242888185,,20213.0,0.3906037314257086,0.7272727272727273,202108.0,
T030,wf2021,2021,raw,0.3,month,20,1199.35,0.0015013088104933,0.0015147441746123,0.0959614147475575,0.2874573078852787,0.2027694780924142,0.3038247922275673,,20213.0,0.381715532002309,0.7,202109.0,
T030,wf2021,2021,raw,0.3,month,16,1213.1875,-0.0005609207571538,0.0011750181834288,0.0976562866681449,0.2924379887407584,0.2062426094795548,0.309481822051082,,20214.0,0.2961045822240776,0.6875,202110.0,
T030,wf2021,2021,raw,0.3,month,22,1215.7272727272727,0.0053658357438781,0.001345016020673,0.0931418369480942,0.278973397941951,0.2005600463606799,0.3005830831536502,,20214.0,0.3389440372096151,0.8636363636363636,202111.0,
T030,wf2021,2021,raw,0.3,month,23,1220.9565217391305,0.0023390990564441,0.0011324122297192,0.0965000161787071,0.2890827410890669,0.2033589186236467,0.3047978511772533,,20214.0,0.2853678818892537,0.7391304347826086,202112.0,
T030,wf2021,2021,raw,0.05,quarter,58,189.8448275862069,0.0021393485028768,0.0028467492040655,0.1341314623680115,0.066828662282418,0.2574336244533431,0.0641767930267673,202102.05172413797,,0.7173807994245235,0.6724137931034483,,20211.0
T030,wf2021,2021,raw,0.05,quarter,60,193.7,0.0035443930382692,0.0026415740324773,0.1346797415875453,0.0671178844005672,0.2567402630036377,0.0640165832380359,202105.0,,0.6656766561842882,0.8,,20212.0
T030,wf2021,2021,raw,0.05,quarter,64,198.171875,0.0029214736541347,0.0021324494272752,0.1291627523452684,0.0643559856676727,0.2473920852835407,0.061669751267776,202107.96875,,0.5373772556733576,0.71875,,20213.0
T030,wf2021,2021,raw,0.05,quarter,61,202.4262295081967,0.0028000172799979,0.0013502335443281,0.1179197431868238,0.0587438496097739,0.2319459531632065,0.0578365894743872,202111.11475409835,,0.340258853170689,0.6229508196721312,,20214.0
T030,wf2021,2021,raw,0.1,quarter,58,380.2241379310345,0.0017274215701048,0.0024348222712935,0.1202368903140985,0.1199747077949864,0.2399374874387451,0.1197913237626069,202102.05172413797,,0.6135752123659759,0.6551724137931034,,20211.0
T030,wf2021,2021,raw,0.1,quarter,60,387.81666666666666,0.0034432939321943,0.0025404749264024,0.1250781063691597,0.124804959615044,0.243355367910668,0.1214938575036346,202105.0,,0.6401996814534151,0.85,,20212.0
T030,wf2021,2021,raw,0.1,quarter,64,396.84375,0.0028321446999898,0.0020431204731302,0.1194278573920367,0.1191585572282926,0.2350772389294744,0.1173511642958951,202107.96875,,0.5148663592288282,0.734375,,20213.0
T030,wf2021,2021,raw,0.1,quarter,61,405.40983606557376,0.0027479886162297,0.0012982048805599,0.1079972237085966,0.1077505094119675,0.2203171238893312,0.1100318725794902,202111.11475409835,,0.3271476299011102,0.6557377049180327,,20214.0
T030,wf2021,2021,raw,0.2,quarter,58,760.8275862068965,0.0014319943936578,0.0021393950948464,0.1121235544281436,0.2238574938942144,0.2273615215150271,0.2271301222748998,202102.05172413797,,0.539127563901316,0.7413793103448276,,20211.0
T030,wf2021,2021,raw,0.2,quarter,60,776.0,0.0028210592188211,0.0019182402130292,0.1106811418374032,0.2209849085738245,0.2212850967433776,0.2210568096689891,202105.0,,0.4833965336833697,0.8833333333333333,,20212.0
T030,wf2021,2021,raw,0.2,quarter,64,794.28125,0.0027198288738279,0.0019308046469684,0.1064147380672033,0.2125140204053801,0.2193521270727864,0.2191756596809391,202107.96875,,0.4865627710360454,0.765625,,20213.0
T030,wf2021,2021,raw,0.2,quarter,61,811.2295081967213,0.002793020082545,0.0013432363468752,0.1005096190559279,0.2006654521637279,0.2111051793376054,0.2109692867156082,202111.11475409835,,0.3384955594125561,0.7049180327868853,,20214.0
T030,wf2021,2021,raw,0.3,quarter,58,1141.396551724138,0.0012390236579335,0.0019464243591222,0.1069227340442894,0.3202608721386814,0.2182075089643653,0.327026928108117,202102.05172413797,,0.4904989384987986,0.7931034482758621,,20211.0
T030,wf2021,2021,raw,0.3,quarter,60,1164.1,0.0024385390393872,0.0015357200335953,0.1039441530907765,0.3113260530374005,0.2115415006093201,0.3170114901117282,202105.0,,0.3870014484660392,0.8,,20212.0
T030,wf2021,2021,raw,0.3,quarter,64,1191.453125,0.002462929194721,0.0016739049678615,0.0999830939272444,0.2995097784835726,0.2096820213524182,0.3142816829945762,202107.96875,,0.4218240519011017,0.78125,,20213.0
T030,wf2021,2021,raw,0.3,quarter,61,1217.032786885246,0.0026700480745749,0.0012202643389051,0.0955921536337485,0.2863168134364524,0.2031058672123231,0.3045063534307286,202111.11475409835,,0.307506613404092,0.7704918032786885,,20214.0
T030,wf2021,2021,band,0.05,year,243,196.14814814814812,0.0022602943499635,0.0016344743578917,0.1162753492126344,0.0579362245323478,0.2312131057926386,0.0576472849792725,202106.6131687243,20212.526748971195,0.4118875381887309,0.6584362139917695,,
T030,wf2021,2021,band,0.1,year,243,392.798353909465,0.0015374401333905,0.0009116201413187,0.1122389054300573,0.1119907079778857,0.2226771296141909,0.111179508957141,202106.6131687243,20212.526748971195,0.2297282756123348,0.6296296296296297,,
T030,wf2021,2021,band,0.2,year,243,786.0370370370371,0.0017662833341299,0.0011404633420581,0.1150871741578149,0.2297914418524631,0.2269989412876631,0.2267998024802589,202106.6131687243,20212.526748971195,0.2873967621986574,0.6790123456790124,,
T030,wf2021,2021,band,0.3,year,243,1179.1728395061727,0.0018848182076901,0.0012589982156183,0.1078749963733538,0.3231188106689932,0.2180961244122569,0.3268920450109833,202106.6131687243,20212.526748971195,0.3172675503358276,0.757201646090535,,
T030,wf2021,2021,band,0.05,month,20,188.55,-0.0015138353901194,0.0026628373177783,0.1198814714538608,0.0597104771176329,0.239810449947927,0.0597592924543532,,20211.0,0.6710350040801412,0.75,202101.0,
T030,wf2021,2021,band,0.05,month,15,189.8,0.0040374284560682,0.0009924598212253,0.1081876481044139,0.0539025265867436,0.2156416077428645,0.0537671905737379,,20211.0,0.2500998749487996,0.6,202102.0,
T030,wf2021,2021,band,0.05,month,23,191.0,0.0019849448804959,0.0021227847080451,0.1278997806212806,0.063739297167283,0.2441793124232547,0.0608793543817985,,20211.0,0.5349417464273785,0.6521739130434783,202103.0,
T030,wf2021,2021,band,0.05,month,21,192.33333333333331,0.0013754580680404,0.0013766024145822,0.1148952054898959,0.0572377486938507,0.2330292803075863,0.0580877419040503,,20212.0,0.3469038084747219,0.7142857142857143,202104.0,
T030,wf2021,2021,band,0.05,month,18,193.61111111111111,0.0051790398211501,0.0021147353326788,0.1219808357465385,0.0608029696615167,0.2404347891965599,0.0599620638295657,,20212.0,0.5329133038350661,0.8333333333333334,202105.0,
T030,wf2021,2021,band,0.05,month,21,195.14285714285717,0.0027517104313631,0.0027976299155341,0.1336877984087174,0.0666483011412837,0.2474007329538594,0.0617030019316971,,20212.0,0.7050027387146057,0.7142857142857143,202106.0,
T030,wf2021,2021,band,0.05,month,22,196.95454545454547,0.0025467989763589,0.0018158548392073,0.128368581738346,0.063952026247592,0.2469759916898702,0.0615814404347504,,20213.0,0.4575954194802439,0.7272727272727273,202107.0,
T030,wf2021,2021,band,0.05,month,22,198.1818181818182,0.001609178355301,3.25653196622637e-05,0.1034604395343672,0.0515544041812953,0.2110300162502622,0.0526112244876728,,20213.0,0.0082064605548904,0.3636363636363636,202108.0,
T030,wf2021,2021,band,0.05,month,20,199.5,0.001405561385119,0.001418996749238,0.1075165069157317,0.0535752517558896,0.2142464983566117,0.0534013046531217,,20213.0,0.3575871808080009,0.6,202109.0,
T030,wf2021,2021,band,0.05,month,16,201.875,-0.0001757804947217,0.0015601584458609,0.1028018062609694,0.0512233462691173,0.2235375108466107,0.0558155161415077,,20214.0,0.3931599283569621,0.6875,202110.0,
T030,wf2021,2021,band,0.05,month,22,202.22727272727272,0.0065166613219517,0.0024958415987466,0.1189142028679744,0.0592455794514962,0.2418778346476659,0.060298298831309,,20214.0,0.6289520828841656,0.8181818181818182,202111.0,
T030,wf2021,2021,band,0.05,month,23,203.0,0.0014488274050709,0.0002421405783461,0.102841854732323,0.0512203474835632,0.2113911410929053,0.0526770899172689,,20214.0,0.0610194257432184,0.4782608695652174,202112.0,
T030,wf2021,2021,band,0.1,month,20,377.65,-0.0027028624828771,0.0014738102250206,0.1190677246794722,0.1187799383128166,0.233869126868477,0.1167279241744272,,20211.0,0.3714001767051922,0.7,202101.0,
T030,wf2021,2021,band,0.1,month,15,380.06666666666666,0.0035284364578656,0.0004834678230228,0.1087865215384766,0.1085232692188751,0.2135482255853107,0.1066148652177169,,20211.0,0.1218338914017475,0.5333333333333333,202102.0,
T030,wf2021,2021,band,0.1,month,23,382.5652173913044,0.0009262432054432,0.0010640830329924,0.1139936225487899,0.113783944813559,0.2259173593142791,0.1128117029046213,,20211.0,0.2681489243140859,0.6086956521739131,202103.0,
T030,wf2021,2021,band,0.1,month,21,385.1904761904762,0.0006834825824765,0.0006846269290183,0.1161228620315953,0.1158518791838989,0.2232096602404084,0.1114330307557194,,20212.0,0.1725259861126195,0.5714285714285714,202104.0,
T030,wf2021,2021,band,0.1,month,18,387.55555555555554,0.0044473996314244,0.0013830951429532,0.1159937516895941,0.1157347010344206,0.2306461508864667,0.1151478038559387,,20212.0,0.3485399760242066,0.7777777777777778,202105.0,
T030,wf2021,2021,band,0.1,month,21,390.6666666666667,0.001298151699097,0.0013440711832681,0.1179695256460824,0.1177357449937749,0.2306047952536475,0.1151373864511671,,20212.0,0.3387059381835704,0.6666666666666666,202106.0,
T030,wf2021,2021,band,0.1,month,22,394.45454545454544,0.002184647245258,0.0014537031081063,0.1227362465617888,0.1224716958238711,0.2339510360999207,0.1168302924966526,,20213.0,0.3663331832428079,0.5909090909090909,202107.0,
T030,wf2021,2021,band,0.1,month,22,396.8181818181818,0.0015807482021655,4.1351665266978575e-06,0.1072704232690741,0.1070220112815608,0.2081937762779793,0.1039259112327258,,20213.0,0.0010420619647278,0.4545454545454545,202108.0,
T030,wf2021,2021,band,0.1,month,20,399.5,0.0006764652636261,0.0006899006277451,0.1069077281070674,0.1066718769952,0.215175883488444,0.1073983854861318,,20213.0,0.1738549581917711,0.65,202109.0,
T030,wf2021,2021,band,0.1,month,16,404.1875,-0.0006894696055685,0.0010464693350141,0.1037715554080106,0.1035322976243537,0.2188345290988818,0.1093977104833846,,20214.0,0.2637102724235658,0.6875,202110.0,
T030,wf2021,2021,band,0.1,month,22,405.0,0.0055333425099544,0.0015125227867494,0.1142678655007431,0.1140139048612146,0.2322193355056449,0.1159417121023655,,20214.0,0.381155742260849,0.8636363636363636,202111.0,
T030,wf2021,2021,band,0.1,month,23,406.6521739130435,0.0010733705023409,-0.0001333163243839,0.0983774559394084,0.09815552225497,0.204835723510879,0.1022541561529575,,20214.0,-0.0335957137447534,0.4782608695652174,202112.0,
T030,wf2021,2021,band,0.2,month,20,755.8,-0.0027393309667535,0.0014373417411442,0.118063785491117,0.2357063057440403,0.2330163547395038,0.2327637333407513,,20211.0,0.3622101187683442,0.7,202101.0,
T030,wf2021,2021,band,0.2,month,15,760.4,0.0041494144303523,0.0011044457955095,0.1118641846504723,0.2232532634611207,0.2229569322160476,0.222703714860941,,20211.0,0.2783203404684019,0.6666666666666666,202102.0,
T030,wf2021,2021,band,0.2,month,23,765.4782608695652,0.0010857057489259,0.001223545576475,0.1201533299331972,0.2399691891862936,0.2343345870837227,0.2341336863686363,,20211.0,0.3083334852717234,0.6521739130434783,202103.0,
T030,wf2021,2021,band,0.2,month,21,770.6666666666666,0.0012674657942644,0.0012686101408062,0.1174019099423297,0.2343373313595303,0.2266300090826083,0.2263639349097483,,20212.0,0.319689755483182,0.7619047619047619,202104.0,
T030,wf2021,2021,band,0.2,month,18,775.5,0.004641045626599,0.0015767411381277,0.1212823239736906,0.2421321973922002,0.2343895198693538,0.2341409597503513,,20212.0,0.397338766808193,0.8333333333333334,202105.0,
T030,wf2021,2021,band,0.2,month,21,781.7619047619048,0.0014960001269195,0.0015419196110906,0.1211410246348738,0.2419409083796529,0.2365098200512721,0.236306272519486,,20212.0,0.3885637419948338,0.7142857142857143,202106.0,
T030,wf2021,2021,band,0.2,month,22,789.5909090909091,0.0027338123300092,0.0020028681928576,0.1267309820893317,0.2531222014183369,0.2414184554616118,0.2413046156695893,,20213.0,0.5047227846001318,0.7272727272727273,202107.0,
T030,wf2021,2021,band,0.2,month,22,794.1818181818181,0.0020085258780163,0.0004319128423774,0.1103839112317887,0.2204126488154892,0.217285018090672,0.217084118097252,,20213.0,0.108842036279126,0.5454545454545454,202108.0,
T030,wf2021,2021,band,0.2,month,20,799.55,0.0007773556110104,0.0007907909751294,0.1102981549021802,0.2202619972174193,0.2189254689124906,0.2186831270496787,,20213.0,0.1992793257326222,0.6,202109.0,
T030,wf2021,2021,band,0.2,month,16,808.6875,-0.0008018068620831,0.0009341320784995,0.1064986010538702,0.2125847866435774,0.2198776387757148,0.2199285758183984,,20214.0,0.2354012837818795,0.625,202110.0,
T030,wf2021,2021,band,0.2,month,22,810.4090909090909,0.0053770390145049,0.0013562192912998,0.1114508536824949,0.2225170916765147,0.2290560246216673,0.2288393018448458,,20214.0,0.3417672614075593,0.8636363636363636,202111.0,
T030,wf2021,2021,band,0.2,month,23,813.7826086956521,0.0012984745174724,9.17876907475649e-05,0.1040238106814477,0.2077018309482862,0.2084416445216388,0.2082303764099927,,20214.0,0.0231304980683863,0.4782608695652174,202112.0,
T030,wf2021,2021,band,0.3,month,20,1134.0,-0.0026909367316373,0.0014857359762604,0.1141822915633975,0.3420359003681106,0.2283207387218299,0.3422095157336131,,20211.0,0.374405466017622,0.65,202101.0,
T030,wf2021,2021,band,0.3,month,15,1140.6666666666667,0.0043966786910664,0.0013517100562236,0.1060728424257643,0.3175541284930018,0.2180070154507776,0.3266542559384972,,20211.0,0.3406309341683556,0.7333333333333333,202102.0,
T030,wf2021,2021,band,0.3,month,23,1148.304347826087,0.0012551463032107,0.0013929861307598,0.1134438671884706,0.3398691234351775,0.2246589077587848,0.3367203316164636,,20211.0,0.3510325049514863,0.7391304347826086,202103.0,
T030,wf2021,2021,band,0.3,month,21,1156.190476190476,0.0013302779254817,0.0013314222720235,0.1100480181426217,0.3295445987687889,0.2160882082409624,0.3238039445997149,,20212.0,0.335518412549923,0.8571428571428571,202104.0,
T030,wf2021,2021,band,0.3,month,18,1163.3333333333333,0.0043001750194596,0.0012358705309883,0.110163817929872,0.3299296047587549,0.2180444642470093,0.3267415682911705,,20212.0,0.3114393738090715,0.8333333333333334,202105.0,
T030,wf2021,2021,band,0.3,month,21,1172.6666666666667,0.0014195440126502,0.0014654634968213,0.1116513327697568,0.3344926064458433,0.2242119688422983,0.3360344308154412,,20212.0,0.369296801198969,0.8571428571428571,202106.0,
T030,wf2021,2021,band,0.3,month,22,1184.3636363636365,0.0025723736818564,0.0018414295447048,0.1179187982680605,0.3532697193694626,0.230642452492084,0.3458090411194852,,20213.0,0.4640402452656212,0.9545454545454546,202107.0,
T030,wf2021,2021,band,0.3,month,22,1191.3636363636365,0.0025890150197227,0.0010124019840839,0.1023472681976721,0.3065764237036843,0.2103892932281849,0.315315446145977,,20213.0,0.2551252999891563,0.6818181818181818,202108.0,
T030,wf2021,2021,band,0.3,month,20,1199.35,0.001063233615025,0.001076668979144,0.1025261593845665,0.3071200625472143,0.2106568992187885,0.3156437936259652,,20213.0,0.27132058274431,0.6,202109.0,
T030,wf2021,2021,band,0.3,month,16,1213.1875,-0.0006559706749813,0.0010799682656013,0.1024603145450672,0.3068271360981122,0.2133697537588593,0.3201905298684287,,20214.0,0.2721520029315433,0.8125,202110.0,
T030,wf2021,2021,band,0.3,month,22,1215.7272727272727,0.0052665336025204,0.0012457138793153,0.1018544628015977,0.3050679717367741,0.2141322540043927,0.3209225253299065,,20214.0,0.31391989758748,0.7272727272727273,202111.0,
T030,wf2021,2021,band,0.3,month,23,1220.9565217391305,0.0018120943704159,0.000605407543691,0.1006305108497571,0.3014604812739923,0.2079094449510171,0.3116209746203889,,20214.0,0.1525627010101555,0.6521739130434783,202112.0,
T030,wf2021,2021,band,0.05,quarter,58,189.8448275862069,0.0013092836429317,0.0020166843441204,0.1200368811195324,0.0598060564827814,0.2352923672557994,0.0586537734219741,202102.05172413797,,0.5082044547183538,0.6724137931034483,,20211.0
T030,wf2021,2021,band,0.05,quarter,60,193.7,0.0029982209211362,0.0020954019153443,0.1235983020884762,0.061601008340752,0.240280941400474,0.0599153794913813,202105.0,,0.5280412826667845,0.75,,20212.0
T030,wf2021,2021,band,0.05,quarter,64,198.171875,0.0018678551406078,0.0010788309137483,0.1132901344736613,0.0564476016336455,0.2243915959658617,0.0559416362711835,202107.96875,,0.2718653902645777,0.5625,,20213.0
T030,wf2021,2021,band,0.05,quarter,61,202.4262295081967,0.0028504441226889,0.001400660387019,0.1086279347887603,0.0541154800059139,0.2255722750972335,0.0562489164041001,202111.11475409835,,0.3529664175288043,0.6557377049180327,,20214.0
T030,wf2021,2021,band,0.1,quarter,58,380.2241379310345,0.0003478084644075,0.0010552091655961,0.114396648884289,0.114146181642264,0.2254604342306486,0.1125594935958722,202102.05172413797,,0.265912709730242,0.6206896551724138,,20211.0
T030,wf2021,2021,band,0.1,quarter,60,387.81666666666666,0.0020277918879781,0.0011249728821862,0.1167304611940654,0.116476078772512,0.2280289046888595,0.1138439871791919,202105.0,,0.2834931663109284,0.6666666666666666,,20212.0
T030,wf2021,2021,band,0.1,quarter,64,396.84375,0.001505750079935,0.0007167258530754,0.1124734577878177,0.1122234233784922,0.2192297428450419,0.10944694049639,202107.96875,,0.1806149149750189,0.5625,,20213.0
T030,wf2021,2021,band,0.1,quarter,61,405.40983606557376,0.0022195007062908,0.000769716970621,0.1055232690844412,0.1052852406688637,0.2183835981550248,0.1090643709099052,202111.11475409835,,0.1939686765964984,0.6721311475409836,,20214.0
T030,wf2021,2021,band,0.2,quarter,58,760.8275862068965,0.0005590660231984,0.0012664667243871,0.1172890528972924,0.2341761451393512,0.2309375272578691,0.2307052616587548,202102.05172413797,,0.3191496145455613,0.6724137931034483,,20211.0
T030,wf2021,2021,band,0.2,quarter,60,776.0,0.0023595267603941,0.0014567077546022,0.1198747242941284,0.2393370431263742,0.2324157961576643,0.2321768605253374,202105.0,,0.3670903541597635,0.7666666666666667,,20212.0
T030,wf2021,2021,band,0.2,quarter,64,794.28125,0.0018731023874495,0.00108407816059,0.1159764179860664,0.2316094788983212,0.2260935280687509,0.2259096044353763,202107.96875,,0.2731876964686893,0.625,,20213.0
T030,wf2021,2021,band,0.2,quarter,61,811.2295081967213,0.002218538728322,0.0007687549926521,0.1073515416975427,0.2143258149998549,0.2188759440341936,0.2187314837887019,202111.11475409835,,0.1937262581483485,0.6557377049180327,,20214.0
T030,wf2021,2021,band,0.3,quarter,58,1141.396551724138,0.0007068932880533,0.001414293989242,0.1117921967756765,0.3348451685132125,0.2242012911146605,0.3360098582918686,202102.05172413797,,0.3564020852889992,0.7068965517241379,,20211.0
T030,wf2021,2021,band,0.3,quarter,60,1164.1,0.002252490184184,0.0013496711783921,0.1106439181982941,0.3313919032527477,0.2195184012532441,0.3289659018826558,202105.0,,0.3401171369548337,0.85,,20212.0
T030,wf2021,2021,band,0.3,quarter,64,1191.453125,0.0021064878708632,0.0013174636440036,0.1077558851552726,0.3227971312273987,0.2174349435972138,0.3259002280056168,202107.96875,,0.3320008382889267,0.75,,20213.0
T030,wf2021,2021,band,0.3,quarter,61,1217.032786885246,0.0024105963766445,0.0009608126409746,0.1015518846541088,0.3041691905750926,0.2115859488870784,0.3172233844495369,202111.11475409835,,0.2421247855256202,0.7213114754098361,,20214.0
Y1,wf2021,2021,raw,0.05,year,243,196.14814814814812,0.0036317259200454,0.0030059059279736,0.0862440831229574,0.0429729181246921,0.1998550133682644,0.049828257381145,202106.6131687243,20212.526748971195,0.7574882938493678,0.7942386831275721,,
Y1,wf2021,2021,raw,0.1,year,243,392.798353909465,0.0033209828614816,0.0026951628694098,0.0781468080039066,0.0779750187567595,0.1882051362388936,0.0939682105373874,202106.6131687243,20212.526748971195,0.6791810430912879,0.7818930041152263,,
Y1,wf2021,2021,raw,0.2,year,243,786.0370370370371,0.0028947550879404,0.0022689350958686,0.072609324050976,0.144978579970699,0.1776798952303687,0.177524133948801,202106.6131687243,20212.526748971195,0.571771644158898,0.7860082304526749,,
Y1,wf2021,2021,raw,0.3,year,243,1179.1728395061727,0.002571095216938,0.0019452752248662,0.0719352042544502,0.2154683292039611,0.1748435635714404,0.2620604689822262,202106.6131687243,20212.526748971195,0.4902093566662937,0.7818930041152263,,
Y1,wf2021,2021,raw,0.05,month,20,188.55,-0.001795058437912,0.0023816142699857,0.1010113216711962,0.0503091775330099,0.2186303607612957,0.0544825728108431,,20211.0,0.6001667960363987,0.6,202101.0,
Y1,wf2021,2021,raw,0.05,month,15,189.8,0.0068594305131807,0.0038144618783379,0.0958280494266415,0.0477395853266257,0.2295916222921493,0.0572430387258869,,20211.0,0.9612443933411652,0.7333333333333333,202102.0,
Y1,wf2021,2021,raw,0.05,month,23,191.0,0.0032944513729793,0.0034322912005285,0.099831096300882,0.0497636421277997,0.2090424260723566,0.0521233275010487,,20211.0,0.8649373825331844,0.782608695652174,202103.0,
Y1,wf2021,2021,raw,0.05,month,21,192.33333333333331,0.0039028239767532,0.003903968323295,0.0898473261466727,0.0447552403823843,0.2022015461378932,0.0504011699788416,,20212.0,0.9838000174703624,0.9523809523809524,202104.0,
Y1,wf2021,2021,raw,0.05,month,18,193.61111111111111,0.0055401282640838,0.0024758237756125,0.0828476877040295,0.0413014126458084,0.1838504776913608,0.045853205585112,,20212.0,0.6239075914543609,0.8888888888888888,202105.0,
Y1,wf2021,2021,raw,0.05,month,21,195.14285714285717,0.003802867570939,0.0038487870551101,0.086359592855143,0.0430499662980223,0.208850172169999,0.0520812988087239,,20212.0,0.9698943378877471,0.9047619047619048,202106.0,
Y1,wf2021,2021,raw,0.05,month,22,196.95454545454547,0.0044143560152757,0.0036834118781241,0.0947905253687494,0.0472246734717038,0.207312112228364,0.0516907066798792,,20213.0,0.928219793287274,0.7727272727272727,202107.0,
Y1,wf2021,2021,raw,0.05,month,22,198.1818181818182,0.0045837984351367,0.0030071853994979,0.0763905613207794,0.0380598848293513,0.1843905917337975,0.0459645876759935,,20213.0,0.7578107206734728,0.8181818181818182,202108.0,
Y1,wf2021,2021,raw,0.05,month,20,199.5,0.0040679327851653,0.0040813681492844,0.0905309397384206,0.0451137435807608,0.2170505671229925,0.0540968587846942,,20213.0,1.028504773619669,0.8,202109.0,
Y1,wf2021,2021,raw,0.05,month,16,201.875,-5.942239634632051e-05,0.0016765165442363,0.0820161155126431,0.0408722258080894,0.2009077145123526,0.0501679462178709,,20214.0,0.4224821691475623,0.625,202110.0,
Y1,wf2021,2021,raw,0.05,month,22,202.22727272727272,0.0056067274141192,0.0015859076909141,0.0631558007098408,0.0314679139467045,0.161329824255126,0.0402212502016989,,20214.0,0.3996487381103691,0.7727272727272727,202111.0,
Y1,wf2021,2021,raw,0.05,month,23,203.0,0.0033256347137624,0.0021189478870376,0.0753764332898837,0.0375416679518585,0.185941992211645,0.0463363101509415,,20214.0,0.5339748675334767,0.8260869565217391,202112.0,
Y1,wf2021,2021,raw,0.1,month,20,377.65,-0.0018361862286598,0.0023404864792378,0.0985998635910805,0.0983662869212376,0.2135934016083507,0.1066163872939846,,20211.0,0.5898025927679501,0.7,202101.0,
Y1,wf2021,2021,raw,0.1,month,15,380.06666666666666,0.0070239803862417,0.0039790117513989,0.0983603908837855,0.0981187795131491,0.2309441342471774,0.115298996252247,,20211.0,1.0027109613525391,0.8666666666666667,202102.0,
Y1,wf2021,2021,raw,0.1,month,23,382.5652173913044,0.0031278485545402,0.0032656883820893,0.0888122821472415,0.0886661404571073,0.1955988966761446,0.0976815066861251,,20211.0,0.8229534722865283,0.782608695652174,202103.0,
Y1,wf2021,2021,raw,0.1,month,21,385.1904761904762,0.003135171471038,0.0031363158175798,0.0764950315088005,0.0763139379030253,0.186349374044755,0.09302341260811,,20212.0,0.7903515860301182,0.9047619047619048,202104.0,
Y1,wf2021,2021,raw,0.1,month,18,387.55555555555554,0.0048924073755062,0.0018281028870349,0.0716392024807706,0.0714787992984549,0.1679761076765742,0.0838534344396438,,20212.0,0.4606819275328029,0.7777777777777778,202105.0,
Y1,wf2021,2021,raw,0.1,month,21,390.6666666666667,0.0034839748089981,0.0035298942931692,0.0809122431629544,0.08076171238196,0.196078459309271,0.0978994257827095,,20212.0,0.889533361878643,0.8571428571428571,202106.0,
Y1,wf2021,2021,raw,0.1,month,22,394.45454545454544,0.0034184392671681,0.0026874951300164,0.0800115621683153,0.0798245860436162,0.187103198819949,0.0934322133798755,,20213.0,0.6772487727641536,0.7272727272727273,202107.0,
Y1,wf2021,2021,raw,0.1,month,22,396.8181818181818,0.0046952628553605,0.0031186498197217,0.0676700619321615,0.0675180193709751,0.1739501631891158,0.0868357255540262,,20213.0,0.7858997545698831,0.7727272727272727,202108.0,
Y1,wf2021,2021,raw,0.1,month,20,399.5,0.0035617278672861,0.0035751632314051,0.0799541511116414,0.0797735435766235,0.2024404014248698,0.1010350414599921,,20213.0,0.9009411343141092,0.8,202109.0,
Y1,wf2021,2021,raw,0.1,month,16,404.1875,-0.0004354069227708,0.0013005320178118,0.0735491989249359,0.0733785596240147,0.1851999597392987,0.0925916461948861,,20214.0,0.3277340684885799,0.625,202110.0,
Y1,wf2021,2021,raw,0.1,month,22,405.0,0.0054718039758558,0.0014509842526508,0.0581301722254907,0.058002907244393,0.1572048290508737,0.0784916101432557,,20214.0,0.3656480316680099,0.7272727272727273,202111.0,
Y1,wf2021,2021,raw,0.1,month,23,406.6521739130435,0.0033133805208461,0.0021066936941212,0.0696000253704589,0.0694419456037337,0.1752522352333663,0.0874856149132429,,20214.0,0.5308868109185568,0.8260869565217391,202112.0,
Y1,wf2021,2021,raw,0.2,month,20,755.8,-0.0018284415610609,0.0023482311468367,0.0926929612731587,0.1850610407611362,0.2051783105753216,0.2049567100642718,,20211.0,0.5917542490028693,0.65,202101.0,
Y1,wf2021,2021,raw,0.2,month,15,760.4,0.0063973099062507,0.0033523412714078,0.0920073975089428,0.1836330895068295,0.211224833507475,0.2109817027725565,,20211.0,0.8447900003947857,0.8,202102.0,
Y1,wf2021,2021,raw,0.2,month,23,765.4782608695652,0.0026303246485917,0.0027681644761408,0.0793163828026591,0.1584234767155352,0.1819508210910644,0.181795830547488,,20211.0,0.6975774479874995,0.8260869565217391,202103.0,
Y1,wf2021,2021,raw,0.2,month,21,770.6666666666666,0.0023781222670143,0.0023792666135561,0.0709018847985119,0.1415194210681083,0.173625180910308,0.173413474617352,,20212.0,0.5995751866161569,0.8571428571428571,202104.0,
Y1,wf2021,2021,raw,0.2,month,18,775.5,0.0044743673841674,0.0014100628956961,0.0658881364021734,0.1315548736812521,0.1616846669688151,0.1615148892223243,,20212.0,0.3553358497154297,0.7777777777777778,202105.0,
Y1,wf2021,2021,raw,0.2,month,21,781.7619047619048,0.0028485463934778,0.0028944658776488,0.0722802508641305,0.1443669011446356,0.1819109946847036,0.1817539348766541,,20212.0,0.7294054011675137,0.8571428571428571,202106.0,
Y1,wf2021,2021,raw,0.2,month,22,789.5909090909091,0.0026306608010402,0.0018997166638886,0.0732682257279737,0.1463324719847576,0.1737784638309637,0.1737227946540212,,20213.0,0.4787285992999281,0.7272727272727273,202107.0,
Y1,wf2021,2021,raw,0.2,month,22,794.1818181818181,0.0042110043999675,0.0026343913643287,0.0623065571529654,0.1244214047198214,0.1640502547872818,0.1639053004013829,,20213.0,0.6638666238108332,0.7727272727272727,202108.0,
Y1,wf2021,2021,raw,0.2,month,20,799.55,0.0032056706855236,0.0032191060496427,0.0758088530449949,0.1513832711317992,0.1893990317771712,0.1891835173272237,,20213.0,0.8112147245099608,0.8,202109.0,
Y1,wf2021,2021,raw,0.2,month,16,808.6875,-0.0005666122460891,0.0011693266944935,0.0693429138667002,0.1384187939452368,0.1742889904495172,0.1743230263096879,,20214.0,0.2946703270123789,0.75,202110.0,
Y1,wf2021,2021,raw,0.2,month,22,810.4090909090909,0.0051103294783071,0.0010895097551021,0.0565855236049084,0.1129713233812658,0.1519272162004532,0.1517859857997801,,20214.0,0.2745564582857323,0.7727272727272727,202111.0,
Y1,wf2021,2021,raw,0.2,month,23,813.7826086956521,0.0032716107206975,0.0020649238939726,0.0669485661834061,0.1336702952269068,0.1735473130471986,0.1733681979305712,,20214.0,0.5203608212811136,0.8260869565217391,202112.0,
Y1,wf2021,2021,raw,0.3,month,20,1134.0,-0.0020778515183178,0.0020988211895799,0.0890829425484619,0.2668555322767392,0.1987402666456856,0.2978731911365701,,20211.0,0.5289029397741405,0.65,202101.0,
Y1,wf2021,2021,raw,0.3,month,15,1140.6666666666667,0.0060879810455192,0.0030430124106764,0.0906691321605976,0.2714670015615385,0.2047952959608199,0.3068644664912531,,20211.0,0.766839127490462,0.8666666666666667,202102.0,
Y1,wf2021,2021,raw,0.3,month,23,1148.304347826087,0.0022894194659335,0.0024272592934826,0.0768069685324333,0.2301267680582797,0.1769350948390967,0.2651920636556145,,20211.0,0.6116693419576383,0.9130434782608696,202103.0,
Y1,wf2021,2021,raw,0.3,month,21,1156.190476190476,0.0019448171668902,0.001945961513432,0.0685530991497968,0.2052819903529229,0.1684632962238103,0.2524315500099779,,20212.0,0.4903823013848764,0.9047619047619048,202104.0,
Y1,wf2021,2021,raw,0.3,month,18,1163.3333333333333,0.0041947115827901,0.0011304070943188,0.0658961671952682,0.1973631841099929,0.1632318592880043,0.2446061009181955,,20212.0,0.2848625877683484,0.7222222222222222,202105.0,
Y1,wf2021,2021,raw,0.3,month,21,1172.6666666666667,0.0021649223909456,0.0022108418751166,0.0701984073715506,0.2103053675086691,0.1751642305713172,0.262521761560418,,20212.0,0.5571321525294006,0.8095238095238095,202106.0,
Y1,wf2021,2021,raw,0.3,month,22,1184.3636363636365,0.0022080606353633,0.0014771164982116,0.0721716915922577,0.2162049712317389,0.1724859805114681,0.2586394450015635,,20213.0,0.3722333575493483,0.7272727272727273,202107.0,
Y1,wf2021,2021,raw,0.3,month,22,1191.3636363636365,0.0037792066285477,0.0022025935929089,0.0628268687453161,0.1881962226470228,0.1621302803840279,0.2429842651652426,,20213.0,0.5550535854130553,0.6818181818181818,202108.0,
Y1,wf2021,2021,raw,0.3,month,20,1199.35,0.0028738502405776,0.0028872856046966,0.0752544447148467,0.2254270112968603,0.1848095846794449,0.276912005794232,,20213.0,0.7275959723835677,0.85,202109.0,
Y1,wf2021,2021,raw,0.3,month,16,1213.1875,-0.0007883393307053,0.0009475996098773,0.0674792003317591,0.2020675311524422,0.1668335940585195,0.2503287128109241,,20214.0,0.2387951016890926,0.6875,202110.0,
Y1,wf2021,2021,raw,0.3,month,22,1215.7272727272727,0.0050078565482385,0.0009870368250334,0.0592614723454351,0.1774856480470967,0.1557535689143996,0.2334297897747435,,20214.0,0.248733279908439,0.7272727272727273,202111.0,
Y1,wf2021,2021,raw,0.3,month,23,1220.9565217391305,0.0032083115691607,0.0020016247424359,0.0701569156136017,0.2101638950628597,0.1766403047830482,0.2647495564966217,,20214.0,0.504409435093848,0.8260869565217391,202112.0,
Y1,wf2021,2021,raw,0.05,quarter,58,189.8448275862069,0.0024614253537585,0.0031688260549472,0.0992027998231696,0.0494282948189479,0.2176630577460751,0.0542609236142981,202102.05172413797,,0.7985441658467015,0.7068965517241379,,20211.0
Y1,wf2021,2021,raw,0.05,quarter,60,193.7,0.0043590305209174,0.0034562115151255,0.0865267279618444,0.0431222461318849,0.1990232447151705,0.0496248257511815,202105.0,,0.8709653018116464,0.9166666666666666,,20212.0
Y1,wf2021,2021,raw,0.05,quarter,64,198.171875,0.0043643445876934,0.0035753203608339,0.0871344172177819,0.0434146117849754,0.2024761067129282,0.0504742758050482,202107.96875,,0.9009807309301532,0.796875,,20213.0
Y1,wf2021,2021,raw,0.05,quarter,61,202.4262295081967,0.0032604400522232,0.0018106563165534,0.0727105480243625,0.0362247226663881,0.1809909079783319,0.0451358979900814,202111.11475409835,,0.4562853917714604,0.7540983606557377,,20214.0
Y1,wf2021,2021,raw,0.1,quarter,58,380.2241379310345,0.0024237327237044,0.003131133424893,0.0946566486976715,0.0944556665799217,0.2109449080935517,0.1053187473007633,202102.05172413797,,0.7890456230730558,0.7758620689655172,,20211.0
Y1,wf2021,2021,raw,0.1,quarter,60,387.81666666666666,0.0037844234106645,0.0028816044048726,0.0765843068793454,0.0764201173892813,0.1842425739768813,0.0919790237686799,202105.0,,0.7261643100279073,0.85,,20212.0
Y1,wf2021,2021,raw,0.1,quarter,64,396.84375,0.0039021250631461,0.0031131008362866,0.0757512305069268,0.0755782529789606,0.1873747186358878,0.0935405544647762,202107.96875,,0.7845014107442343,0.765625,,20213.0
Y1,wf2021,2021,raw,0.1,quarter,61,405.40983606557376,0.003108539814491,0.0016587560788212,0.0664992058242676,0.0663489452827337,0.1713525738576299,0.0855811623815474,202111.11475409835,,0.4180065318629558,0.7377049180327869,,20214.0
Y1,wf2021,2021,raw,0.2,quarter,58,760.8275862068965,0.0020670393843129,0.0027744400855016,0.0872111550441116,0.1741285710738357,0.197531165503673,0.1973304111287243,202102.05172413797,,0.6991589015464079,0.7586206896551724,,20211.0
Y1,wf2021,2021,raw,0.2,quarter,60,776.0,0.0031716442464224,0.0022688252406306,0.0698801884025769,0.139526674878836,0.1729430615488986,0.1727630600895994,202105.0,,0.5717439606389135,0.8333333333333334,,20212.0
Y1,wf2021,2021,raw,0.2,quarter,64,794.28125,0.0033535945020725,0.002564570275213,0.0702940981918837,0.1403789173458863,0.1753158194553879,0.1751795068400526,202107.96875,,0.646271709353687,0.765625,,20213.0
Y1,wf2021,2021,raw,0.2,quarter,61,811.2295081967213,0.0029280081829733,0.0014782244473035,0.0638391010392381,0.1274506001267294,0.1659444394047183,0.1658348960812017,202111.11475409835,,0.3725125607204883,0.7868852459016393,,20214.0
Y1,wf2021,2021,raw,0.3,quarter,58,1141.396551724138,0.0017658505695328,0.0024732512707214,0.0846251053383477,0.253483298867212,0.1916593440280213,0.2872387635203333,202102.05172413797,,0.6232593202218177,0.8103448275862069,,20211.0
Y1,wf2021,2021,raw,0.3,quarter,60,1164.1,0.0026968223200795,0.0017940033142877,0.0683318774410521,0.2046645304845551,0.169239192164696,0.2536154893250972,202105.0,,0.4520888352005014,0.8166666666666667,,20212.0
Y1,wf2021,2021,raw,0.3,quarter,64,1191.453125,0.0029562013221499,0.0021671770952904,0.0699227690894306,0.2094588514260932,0.1727773348951533,0.2589681521805371,202107.96875,,0.5461286280131911,0.75,,20213.0
Y1,wf2021,2021,raw,0.3,quarter,61,1217.032786885246,0.0028090259157485,0.0013592421800786,0.0655250599347632,0.1962546613429669,0.1665351316567739,0.2496713865482204,202111.11475409835,,0.3425290293798302,0.7540983606557377,,20214.0
Y1,wf2021,2021,band,0.05,year,243,196.14814814814812,0.002666966780163,0.0020411467880912,0.0777288630944555,0.0387287129171981,0.1833382789196479,0.0457090082021532,202106.6131687243,20212.526748971195,0.5143689905990052,0.6995884773662552,,
Y1,wf2021,2021,band,0.1,year,243,392.798353909465,0.0017704591629311,0.0011446391708594,0.0889066903232473,0.0887107593160252,0.1942305927774186,0.0969752188765338,202106.6131687243,20212.526748971195,0.2884490710565737,0.6831275720164609,,
Y1,wf2021,2021,band,0.2,year,243,786.0370370370371,0.0020953231985925,0.0014695032065207,0.0876399553346395,0.1749916584498232,0.1940067855428868,0.1938377259641097,202106.6131687243,20212.526748971195,0.3703148080432252,0.720164609053498,,
Y1,wf2021,2021,band,0.3,year,243,1179.1728395061727,0.0022138921620912,0.0015880721700194,0.0808767010437881,0.2422531909035843,0.1850274086517983,0.2773253927548423,202106.6131687243,20212.526748971195,0.4001941868449106,0.7654320987654321,,
Y1,wf2021,2021,band,0.05,month,20,188.55,-0.0017553668278501,0.0024213058800475,0.0891209072792442,0.0443809154453112,0.2010973916567203,0.0501079798795365,,20211.0,0.610169081771981,0.6,202101.0,
Y1,wf2021,2021,band,0.05,month,15,189.8,0.0058671571497878,0.002822188514945,0.0874310556177471,0.0435516530521984,0.1990643317248931,0.0496260424060786,,20211.0,0.7111915057661445,0.7333333333333333,202102.0,
Y1,wf2021,2021,band,0.05,month,23,191.0,0.0017668122454358,0.0019046520729849,0.0733031163034642,0.0365351326476574,0.1734484905302691,0.0432433135626632,,20211.0,0.4799723223922166,0.5652173913043478,202103.0,
Y1,wf2021,2021,band,0.05,month,21,192.33333333333331,0.0018948453171432,0.001895989663685,0.077735108323446,0.0387186505840886,0.1807172496932787,0.0450408201398763,,20212.0,0.4777893952486377,0.8095238095238095,202104.0,
Y1,wf2021,2021,band,0.05,month,18,193.61111111111111,0.0047415131999936,0.0016772087115223,0.0786130849988202,0.0391828267704661,0.168122062464612,0.0419260145454436,,20212.0,0.4226565953036295,0.7222222222222222,202105.0,
Y1,wf2021,2021,band,0.05,month,21,195.14285714285717,0.0025592874161133,0.0026052069002843,0.0809970767944412,0.0403817374283958,0.1939675062991247,0.0483782688842375,,20212.0,0.6565121388716578,0.8095238095238095,202106.0,
Y1,wf2021,2021,band,0.05,month,22,196.95454545454547,0.0030287252248956,0.0022977810877439,0.0849013079758573,0.0422929109411521,0.197764161061737,0.0493054940672326,,20213.0,0.5790408341114819,0.7272727272727273,202107.0,
Y1,wf2021,2021,band,0.05,month,22,198.1818181818182,0.0037663946982295,0.0021897816625907,0.0747673346806117,0.0372603694597255,0.180039032454146,0.0448851842356972,,20213.0,0.5518249789728668,0.6363636363636364,202108.0,
Y1,wf2021,2021,band,0.05,month,20,199.5,0.0029166517541517,0.0029300871182707,0.083912641382622,0.041818956758083,0.1893995946675176,0.0472135944024465,,20213.0,0.7383819538042405,0.75,202109.0,
Y1,wf2021,2021,band,0.05,month,16,201.875,-0.0003283655864831,0.0014075733540995,0.0739820174507892,0.0368665959924853,0.1807387021144582,0.0451184297917921,,20214.0,0.3547084852330827,0.6875,202110.0,
Y1,wf2021,2021,band,0.05,month,22,202.22727272727272,0.0051572315527256,0.0011364118295205,0.064952356146577,0.0323578725313242,0.1656483832891781,0.0412967123538615,,20214.0,0.2863757810391845,0.6363636363636364,202111.0,
Y1,wf2021,2021,band,0.05,month,23,203.0,0.0025922296555864,0.0013855428288616,0.0676617208319762,0.0337037833744953,0.1749413421379971,0.0435993068264645,,20214.0,0.349156792873134,0.7391304347826086,202112.0,
Y1,wf2021,2021,band,0.1,month,20,377.65,-0.0034067918979431,0.0007698808099545,0.0800936227874068,0.0798984189873091,0.1842092058857048,0.0919439936380683,,20211.0,0.1940099641085451,0.45,202101.0,
Y1,wf2021,2021,band,0.1,month,15,380.06666666666666,0.0049764453899419,0.0019314767550991,0.0836689988039981,0.0834640065319454,0.1951689219935723,0.097442231933857,,20211.0,0.4867321422849901,0.7333333333333333,202102.0,
Y1,wf2021,2021,band,0.1,month,23,382.5652173913044,0.0008843933811043,0.0010222332086535,0.0857132493267826,0.0855565979059027,0.183342514760505,0.0915507051308763,,20211.0,0.2576027685806881,0.6086956521739131,202103.0,
Y1,wf2021,2021,band,0.1,month,21,385.1904761904762,0.0008319672419726,0.0008331115885144,0.0901300504877213,0.0899196229639868,0.1955949226194059,0.0976451445056021,,20212.0,0.2099441203056344,0.7142857142857143,202104.0,
Y1,wf2021,2021,band,0.1,month,18,387.55555555555554,0.0042388136067424,0.0011745091182712,0.0920313936695738,0.0918250955430752,0.1903543939260951,0.095030307075829,,20212.0,0.2959762978043478,0.7222222222222222,202105.0,
Y1,wf2021,2021,band,0.1,month,21,390.6666666666667,0.0020336553221891,0.0020795748063602,0.1016443082380139,0.1014435081972183,0.2109843546120653,0.1053430590106841,,20212.0,0.524052851202782,0.9047619047619048,202106.0,
Y1,wf2021,2021,band,0.1,month,22,394.45454545454544,0.0023924361842039,0.0016614920470523,0.098054340021024,0.0978414695504037,0.2098668754987372,0.104799684474918,,20213.0,0.4186959958571799,0.7272727272727273,202107.0,
Y1,wf2021,2021,band,0.1,month,22,396.8181818181818,0.0020131484931508,0.0004365354575119,0.0867305394469991,0.0865352487434111,0.1909743428845036,0.09533332585251,,20213.0,0.1100069352930226,0.4545454545454545,202108.0,
Y1,wf2021,2021,band,0.1,month,20,399.5,0.0012292264192222,0.0012426617833412,0.0892555277360729,0.0890609615740437,0.192529844523227,0.0960938116289807,,20213.0,0.313150769401986,0.7,202109.0,
Y1,wf2021,2021,band,0.1,month,16,404.1875,-0.0010923493839773,0.0006435895566053,0.0850604795353747,0.084864332334565,0.1921823233228894,0.0960521284400435,,20214.0,0.1621845682645408,0.625,202110.0,
Y1,wf2021,2021,band,0.1,month,22,405.0,0.0052108845458827,0.0011900648226776,0.0886785777926542,0.088478730651308,0.1948543606266612,0.0972872831308936,,20214.0,0.2998963353147787,0.7727272727272727,202111.0,
Y1,wf2021,2021,band,0.1,month,23,406.6521739130435,0.0020966828702529,0.000889996043528,0.0839092465178199,0.0837234080193793,0.1901772844967045,0.0949366987960015,,20214.0,0.2242790029690807,0.782608695652174,202112.0,
Y1,wf2021,2021,band,0.2,month,20,755.8,-0.0031908383578732,0.0009858343500244,0.0898058880227698,0.1792947721846817,0.1959094984629215,0.1956943079698479,,20211.0,0.2484302562061718,0.55,202101.0,
Y1,wf2021,2021,band,0.2,month,15,760.4,0.0054742483552223,0.0024292797203795,0.093188144440105,0.1859819944147847,0.2116980566116074,0.2114562899488185,,20211.0,0.6121784895356511,0.8,202102.0,
Y1,wf2021,2021,band,0.2,month,23,765.4782608695652,0.0013141624816206,0.0014520023091698,0.0922883990650468,0.1843263124639056,0.1929219365471943,0.192759325026518,,20211.0,0.3659045819107908,0.5652173913043478,202103.0,
Y1,wf2021,2021,band,0.2,month,21,770.6666666666666,0.0014873679466909,0.0014885122932327,0.0877923282215884,0.1752394294790113,0.1948035293691907,0.1945715306131941,,20212.0,0.3751050978946488,0.7619047619047619,202104.0,
Y1,wf2021,2021,band,0.2,month,18,775.5,0.0041190240655798,0.0010547195771086,0.0859515991646107,0.1716098941699737,0.1839506884492166,0.1837566684919294,,20212.0,0.2657893334313743,0.6666666666666666,202105.0,
Y1,wf2021,2021,band,0.2,month,21,781.7619047619048,0.0022745201487175,0.0023204396328886,0.0958656144658755,0.1914717354195472,0.2068932464775791,0.2067157088526791,,20212.0,0.584750787487931,0.9523809523809524,202106.0,
Y1,wf2021,2021,band,0.2,month,22,789.5909090909091,0.0025059457982738,0.0017750016611221,0.0931093760813362,0.1859630530661301,0.2010809183635054,0.2010028992360344,,20213.0,0.4473004186027896,0.8181818181818182,202107.0,
Y1,wf2021,2021,band,0.2,month,22,794.1818181818181,0.0028973040468322,0.0013206910111934,0.0820073233740591,0.1637594217296099,0.1861607408927752,0.1859936854871843,,20213.0,0.3328141348207404,0.6818181818181818,202108.0,
Y1,wf2021,2021,band,0.2,month,20,799.55,0.0018163690993855,0.0018298044635045,0.0885559393420478,0.1768363450252415,0.1988624835251327,0.1986397282704722,,20213.0,0.4611107248031573,0.7,202109.0,
Y1,wf2021,2021,band,0.2,month,16,808.6875,-0.0010908766806522,0.0006450622599304,0.0832156113553994,0.1661106747287443,0.1917881699391704,0.1918288852258065,,20214.0,0.1625556895024629,0.625,202110.0,
Y1,wf2021,2021,band,0.2,month,22,810.4090909090909,0.005108169256187,0.0010873495329819,0.0791980854877245,0.1581212761392059,0.1812695790520213,0.1810983173393999,,20214.0,0.2740120823114499,0.7727272727272727,202111.0,
Y1,wf2021,2021,band,0.2,month,23,813.7826086956521,0.0024945297173953,0.0012878428906705,0.0816737661777663,0.1630812905243043,0.1875187482923213,0.1873293821304998,,20214.0,0.32453640844897,0.7391304347826086,202112.0,
Y1,wf2021,2021,band,0.3,month,20,1134.0,-0.0027533054246644,0.0014233672832333,0.089241248950795,0.2673257442377141,0.1965842711272833,0.29463958555572,,20211.0,0.3586885553747982,0.6,202101.0,
Y1,wf2021,2021,band,0.3,month,15,1140.6666666666667,0.0056072403375864,0.0025622717027435,0.0910271266326146,0.272535998200057,0.2060874278675827,0.3088010043100004,,20211.0,0.6456924690913869,0.8,202102.0,
Y1,wf2021,2021,band,0.3,month,23,1148.304347826087,0.0016510249930929,0.001788864820642,0.0851449507258789,0.2551011862757372,0.1849570077101468,0.277216337954397,,20211.0,0.4507939348018071,0.7391304347826086,202103.0,
Y1,wf2021,2021,band,0.3,month,21,1156.190476190476,0.001516542209615,0.0015176865561568,0.0798818750263223,0.2392138153112053,0.1823040690932398,0.2731768280526539,,20212.0,0.3824570121515152,0.8571428571428571,202104.0,
Y1,wf2021,2021,band,0.3,month,18,1163.3333333333333,0.004076633380775,0.0010123288923037,0.0767366744910324,0.2298307910022287,0.1745526229811984,0.2615706230168303,,20212.0,0.2551068808605489,0.7222222222222222,202105.0,
Y1,wf2021,2021,band,0.3,month,21,1172.6666666666667,0.0022168625563099,0.002262782040481,0.0853013019072284,0.2555594626405184,0.192903419992891,0.2891107537082523,,20212.0,0.5702210742012145,0.9523809523809524,202106.0,
Y1,wf2021,2021,band,0.3,month,22,1184.3636363636365,0.0022599709722557,0.0015290268351041,0.0843926105782775,0.2528228711651788,0.1866062414777399,0.2798019757328193,,20213.0,0.3853147624462449,0.7272727272727273,202107.0,
Y1,wf2021,2021,band,0.3,month,22,1191.3636363636365,0.0031272420137552,0.0015506289781164,0.0735144870610078,0.2202130402184511,0.1749953372300944,0.2622712148112134,,20213.0,0.3907585024853479,0.6818181818181818,202108.0,
Y1,wf2021,2021,band,0.3,month,20,1199.35,0.002101407226988,0.002114842591107,0.0821893020453319,0.2461963282558355,0.191646927933193,0.2871579567006496,,20213.0,0.5329403329589723,0.75,202109.0,
Y1,wf2021,2021,band,0.3,month,16,1213.1875,-0.0009629737135457,0.0007729652270369,0.0773912315729227,0.2317522132190389,0.1821104439824565,0.2732423690245718,,20214.0,0.1947872372133032,0.75,202110.0,
Y1,wf2021,2021,band,0.3,month,22,1215.7272727272727,0.0049820296211178,0.0009612098979128,0.0712276712885166,0.2133266432683696,0.1700445235418112,0.2548477497209579,,20214.0,0.2422248942740258,0.7727272727272727,202111.0,
Y1,wf2021,2021,band,0.3,month,23,1220.9565217391305,0.002801518285143,0.0015948314584181,0.0770154386744344,0.2307179127600979,0.1834968647021091,0.2750295537040536,,20214.0,0.4018975275213845,0.8260869565217391,202112.0,
Y1,wf2021,2021,band,0.05,quarter,58,189.8448275862069,0.0016127017643937,0.0023201024655824,0.0824113043936339,0.0410551923376779,0.1896073808828274,0.0472611456141924,202102.05172413797,,0.5846658213267719,0.6206896551724138,,20211.0
Y1,wf2021,2021,band,0.05,quarter,60,193.7,0.0029814004166378,0.002078581410846,0.0791401902909065,0.0394399838355093,0.1815762833367248,0.0452744855220729,202105.0,,0.5238025155331925,0.7833333333333333,,20212.0
Y1,wf2021,2021,band,0.05,quarter,64,198.171875,0.0032472761467467,0.0024582519198871,0.0811087963452306,0.0404148641247026,0.1890572211046841,0.0471322939173967,202107.96875,,0.6194794838115699,0.703125,,20213.0
Y1,wf2021,2021,band,0.05,quarter,61,202.4262295081967,0.002751254538602,0.0013014708029321,0.0683423556323406,0.034047963101349,0.1731104022191341,0.0431673214010215,202111.11475409835,,0.3279706423389092,0.6885245901639344,,20214.0
Y1,wf2021,2021,band,0.1,quarter,58,380.2241379310345,0.0004629636319942,0.0011703643331829,0.083246761591795,0.083064314302778,0.1866999273639533,0.093209992582403,202102.05172413797,,0.2949318119620962,0.5862068965517241,,20211.0
Y1,wf2021,2021,band,0.1,quarter,60,387.81666666666666,0.0022746119794793,0.0013717929736875,0.0947304436548794,0.0945246245693443,0.1994090652088435,0.0995549633534489,202105.0,,0.3456918293692501,0.7833333333333333,,20212.0
Y1,wf2021,2021,band,0.1,quarter,64,396.84375,0.0018985529888476,0.0011095287619881,0.0914121547346557,0.0912110474053875,0.1979547452327474,0.0988250384341098,202107.96875,,0.2796012480210027,0.625,,20213.0
Y1,wf2021,2021,band,0.1,quarter,61,405.40983606557376,0.0023833700964196,0.0009335863607498,0.0859312959658073,0.0857377012479924,0.1923900106619177,0.0960770222332523,202111.11475409835,,0.2352637629089613,0.7377049180327869,,20214.0
Y1,wf2021,2021,band,0.2,quarter,58,760.8275862068965,0.0008365981939335,0.0015439988951222,0.0916650535440181,0.183019492182504,0.198808023431345,0.1986068100730888,202102.05172413797,,0.3890877215707999,0.6206896551724138,,20211.0
Y1,wf2021,2021,band,0.2,quarter,60,776.0,0.0025523680530669,0.001649549047275,0.0900657596899956,0.1798318759654876,0.1957790780811344,0.1955775343606345,202105.0,,0.4156863599133151,0.8,,20212.0
Y1,wf2021,2021,band,0.2,quarter,64,794.28125,0.0024249824778132,0.0016359582509536,0.0878700964821821,0.1754784585314236,0.1952588464709504,0.195104991083129,202107.96875,,0.4122614792403251,0.734375,,20213.0
Y1,wf2021,2021,band,0.2,quarter,61,811.2295081967213,0.0024967193482913,0.0010469356126214,0.0811853161394255,0.1620870254554334,0.1863847978507309,0.1862623103947737,202111.11475409835,,0.2638277743806166,0.7213114754098361,,20214.0
Y1,wf2021,2021,band,0.3,quarter,58,1141.396551724138,0.0011554495070973,0.001862850208286,0.0880787197448333,0.2638255541740878,0.1944311727222893,0.291392802564061,202102.05172413797,,0.4694382524880746,0.7068965517241379,,20211.0
Y1,wf2021,2021,band,0.3,quarter,60,1164.1,0.0025296816823062,0.0016268626765143,0.0808351142740525,0.2421198845837719,0.1836884080745053,0.2752718405213663,202105.0,,0.4099693944816201,0.85,,20212.0
Y1,wf2021,2021,band,0.3,quarter,64,1191.453125,0.002508544222375,0.0017195199955155,0.0799647217026705,0.2395424471180713,0.1841902076599408,0.2760745207184643,202107.96875,,0.4333190388699138,0.71875,,20213.0
Y1,wf2021,2021,band,0.3,quarter,61,1217.032786885246,0.0026005244722319,0.0011507407365621,0.0750266157873135,0.2247169435555902,0.1782815493407814,0.2672821005483189,202111.11475409835,,0.2899866656136601,0.7868852459016393,,20214.0
Y4,wf2021,2021,raw,0.05,year,243,196.14814814814812,0.0036985006326812,0.0030726806406094,0.1044994402858299,0.0520687519239167,0.2260673923686033,0.0563628918313817,202106.6131687243,20212.526748971195,0.7743155214335825,0.7777777777777778,,
Y4,wf2021,2021,raw,0.1,year,243,392.798353909465,0.0033181903736335,0.0026923703815617,0.0915633426092954,0.0913626107815171,0.2062592950925144,0.1029811711486622,202106.6131687243,20212.526748971195,0.678477336153563,0.7736625514403292,,
Y4,wf2021,2021,raw,0.2,year,243,786.0370370370371,0.0029235414579554,0.0022977214658836,0.0807045768183774,0.1611421856600544,0.1885828296863245,0.1884159011347911,202106.6131687243,20212.526748971195,0.5790258094026873,0.7818930041152263,,
Y4,wf2021,2021,raw,0.3,year,243,1179.1728395061727,0.0025543410281348,0.0019285210360631,0.0758126309124075,0.2270831845858688,0.1806287263659333,0.2707300306156501,202106.6131687243,20212.526748971195,0.4859873010879037,0.7942386831275721,,
Y4,wf2021,2021,raw,0.05,month,20,188.55,-0.0015554815398927,0.002621191168005,0.106958670890143,0.053271506940164,0.2306792632467188,0.05748829958715,,20211.0,0.6605401743372695,0.65,202101.0,
Y4,wf2021,2021,raw,0.05,month,15,189.8,0.0062301197286817,0.0031851510938388,0.109550153857614,0.0545720150847815,0.2408539128859284,0.0600479986551848,,20211.0,0.8026580756474018,0.8,202102.0,
Y4,wf2021,2021,raw,0.05,month,23,191.0,0.0036208178897416,0.0037586577172908,0.1184675157815102,0.0590566939666707,0.2389952284372448,0.0595985487921074,,20211.0,0.9471817447572916,0.7391304347826086,202103.0,
Y4,wf2021,2021,raw,0.05,month,21,192.33333333333331,0.0037108863091199,0.0037120306556617,0.1032007479411645,0.0514115200224504,0.2204961426519356,0.0549637208770544,,20212.0,0.935431725226762,0.9047619047619048,202104.0,
Y4,wf2021,2021,raw,0.05,month,18,193.61111111111111,0.0057283394000385,0.0026640349115672,0.1029446632687944,0.0513133416081643,0.2113874904281483,0.0527160393579542,,20212.0,0.6713367977149588,0.8888888888888888,202105.0,
Y4,wf2021,2021,raw,0.05,month,21,195.14285714285717,0.0044366236651194,0.0044825431492904,0.1110368152078383,0.0553550679812399,0.2491440066724071,0.0621326135166064,,20212.0,1.1296008736211955,0.9523809523809524,202106.0,
Y4,wf2021,2021,raw,0.05,month,22,196.95454545454547,0.0049052927181958,0.0041743485810441,0.1114214764966794,0.0555135844199914,0.2385396734690669,0.0594726820137597,,20213.0,1.051935842423133,0.7727272727272727,202107.0,
Y4,wf2021,2021,raw,0.05,month,22,198.1818181818182,0.004891188451955,0.0033145754163161,0.1030267687095384,0.0513254607742233,0.2183780478000975,0.0544343001664444,,20213.0,0.8352730049116771,0.7272727272727273,202108.0,
Y4,wf2021,2021,raw,0.05,month,20,199.5,0.0037738401417759,0.0037872755058949,0.1073322695921388,0.0534846239137238,0.2435509231303541,0.0607025690459452,,20213.0,0.9543934274855322,0.8,202109.0,
Y4,wf2021,2021,raw,0.05,month,16,201.875,-0.0004059715692836,0.001329967371299,0.0918927182540693,0.0457923118341529,0.2086168759006993,0.052087244019395,,20214.0,0.3351517775673567,0.625,202110.0,
Y4,wf2021,2021,raw,0.05,month,22,202.22727272727272,0.0060916491240868,0.0020708294008817,0.0943707333383143,0.04701904980298,0.2076091814938423,0.0517592869731336,,20214.0,0.5218490090221987,0.7727272727272727,202111.0,
Y4,wf2021,2021,raw,0.05,month,23,203.0,0.002625510186312,0.0014188233595872,0.0923150532156482,0.0459741885486809,0.2050084274768868,0.051083181909731,,20214.0,0.3575434866159792,0.6956521739130435,202112.0,
Y4,wf2021,2021,raw,0.1,month,20,377.65,-0.0019390808012193,0.0022375919066783,0.1039638582766386,0.1037163061328784,0.2192472305003847,0.1094365272039652,,20211.0,0.5638731604829552,0.7,202101.0,
Y4,wf2021,2021,raw,0.1,month,15,380.06666666666666,0.0063754992140828,0.00333053057924,0.1067806269449814,0.1065155488697138,0.2339284248059574,0.116790411652505,,20211.0,0.839293705968495,0.8,202102.0,
Y4,wf2021,2021,raw,0.1,month,23,382.5652173913044,0.0031319509617719,0.003269790789321,0.1016456139013329,0.1014779096627239,0.2155876073479225,0.1076645705185254,,20211.0,0.8239872789089159,0.8260869565217391,202103.0,
Y4,wf2021,2021,raw,0.1,month,21,385.1904761904762,0.0031076700431899,0.0031088143897317,0.0899507149481505,0.0897402450590451,0.2038949098561296,0.1017848177846649,,20212.0,0.7834212262124111,0.9047619047619048,202104.0,
Y4,wf2021,2021,raw,0.1,month,18,387.55555555555554,0.0048976516305277,0.0018333471420565,0.0836856822405439,0.0834999080105628,0.1872967698358259,0.0934995601408137,,20212.0,0.4620034797982427,0.7777777777777778,202105.0,
Y4,wf2021,2021,raw,0.1,month,21,390.6666666666667,0.0037700983841788,0.0038160178683498,0.0939599456180577,0.0937879003470859,0.2187655455407611,0.1092323462858329,,20212.0,0.9616365028241672,0.9047619047619048,202106.0,
Y4,wf2021,2021,raw,0.1,month,22,394.45454545454544,0.0039026514012227,0.003171707264071,0.0952492723118726,0.0950295528149984,0.2114569257048487,0.1055857398557801,,20213.0,0.7992702305459135,0.7727272727272727,202107.0,
Y4,wf2021,2021,raw,0.1,month,22,396.8181818181818,0.0044970903318129,0.002920477296174,0.0865716903382596,0.0863763521428033,0.1966053337696435,0.0981449373320544,,20213.0,0.7359602786358708,0.7727272727272727,202108.0,
Y4,wf2021,2021,raw,0.1,month,20,399.5,0.0038785267000388,0.0038919620641579,0.0979951245090612,0.0977778416116075,0.2237154901721147,0.1116536721923606,,20213.0,0.9807744401677916,0.8,202109.0,
Y4,wf2021,2021,raw,0.1,month,16,404.1875,-0.0002632430891504,0.0014726958514322,0.0859340661397989,0.0857378155780163,0.1980399707593223,0.0989934348898512,,20214.0,0.3711193545609161,0.625,202110.0,
Y4,wf2021,2021,raw,0.1,month,22,405.0,0.0056012805367375,0.0015804608135324,0.0762897267917605,0.0761174566720848,0.182881366733102,0.0913091966953985,,20214.0,0.3982761250101894,0.7272727272727273,202111.0,
Y4,wf2021,2021,raw,0.1,month,23,406.6521739130435,0.0027592398109439,0.001552552984219,0.0804046824461224,0.0802216481263447,0.1903348792975487,0.0950154170783003,,20214.0,0.3912433520232072,0.6521739130434783,202112.0,
Y4,wf2021,2021,raw,0.2,month,20,755.8,-0.0017662899213461,0.0024103827865515,0.0973145407598435,0.1942857224037082,0.2101461193791311,0.2099205007134609,,20211.0,0.6074164622110018,0.7,202101.0,
Y4,wf2021,2021,raw,0.2,month,15,760.4,0.00662582377644,0.0035808551415972,0.1038509350414456,0.2072661873423867,0.2244528879083147,0.2241961315047146,,20211.0,0.902375495682498,0.8666666666666667,202102.0,
Y4,wf2021,2021,raw,0.2,month,23,765.4782608695652,0.0025454197945527,0.0026832596221019,0.0869168591672433,0.1736044117774563,0.1928952028254014,0.1927315988390944,,20211.0,0.6761814247696798,0.7391304347826086,202103.0,
Y4,wf2021,2021,raw,0.2,month,21,770.6666666666666,0.0025644163767139,0.0025655607232557,0.0778292965285179,0.1553477659808133,0.1842039554851421,0.1839792424758034,,20212.0,0.6465213022604446,0.8571428571428571,202104.0,
Y4,wf2021,2021,raw,0.2,month,18,775.5,0.0043569501394107,0.0012926456509394,0.0725538556060062,0.1448652684918247,0.1703374855233742,0.1701579418987189,,20212.0,0.3257467040367454,0.7777777777777778,202105.0,
Y4,wf2021,2021,raw,0.2,month,21,781.7619047619048,0.0028419921938013,0.0028879116779724,0.0807581251882931,0.1612987790817797,0.1924651934857472,0.1923006498163804,,20212.0,0.7277537428490527,0.9047619047619048,202106.0,
Y4,wf2021,2021,raw,0.2,month,22,789.5909090909091,0.0027314874508217,0.0020005433136701,0.0794985507728127,0.1587755813322176,0.1850847278534655,0.1850156684319427,,20213.0,0.5041369150448701,0.6818181818181818,202107.0,
Y4,wf2021,2021,raw,0.2,month,22,794.1818181818181,0.0041302575550512,0.0025536445194123,0.074219857290573,0.1482106869571553,0.1777836468887514,0.177626814251852,,20213.0,0.6435184188919244,0.7727272727272727,202108.0,
Y4,wf2021,2021,raw,0.2,month,20,799.55,0.0034383782734216,0.0034518136375406,0.0853253014440588,0.1703884443533724,0.2049702960991713,0.2047396923540685,,20213.0,0.8698570366602544,0.8,202109.0,
Y4,wf2021,2021,raw,0.2,month,16,808.6875,-0.000571591332087,0.0011643476084955,0.0749995784051694,0.1497123735166406,0.181722648821577,0.1817440231494204,,20214.0,0.2934155973408873,0.75,202110.0,
Y4,wf2021,2021,raw,0.2,month,22,810.4090909090909,0.005295947885281,0.001275128162076,0.0677387510853078,0.1352390554224709,0.167839172172129,0.1676803969976056,,20214.0,0.3213322968431525,0.7727272727272727,202111.0,
Y4,wf2021,2021,raw,0.2,month,23,813.7826086956521,0.0029897100233973,0.0017830231966725,0.0736177184175764,0.146985483571313,0.1808983060665909,0.1807114327321496,,20214.0,0.4493218455614742,0.782608695652174,202112.0,
Y4,wf2021,2021,raw,0.3,month,20,1134.0,-0.0020388645580659,0.0021378081498317,0.0925153028156927,0.2771383915931921,0.203897342329038,0.3056043578529831,,20211.0,0.5387276537575996,0.7,202101.0,
Y4,wf2021,2021,raw,0.3,month,15,1140.6666666666667,0.0061715977860334,0.0031266291511906,0.0968606665556398,0.2899977916342657,0.2126214846054806,0.3185907139641048,,20211.0,0.787910546100037,0.9333333333333332,202102.0,
Y4,wf2021,2021,raw,0.3,month,23,1148.304347826087,0.0020495690472343,0.0021874088747834,0.0799424664920498,0.2395250360874931,0.181620507599771,0.2722169729559361,,20211.0,0.5512270364454385,0.782608695652174,202103.0,
Y4,wf2021,2021,raw,0.3,month,21,1156.190476190476,0.0020592185127747,0.0020603628593165,0.073289898443511,0.2194733139039985,0.1756256322658079,0.2631649861781052,,20212.0,0.5192114405477583,0.9047619047619048,202104.0,
Y4,wf2021,2021,raw,0.3,month,18,1163.3333333333333,0.0041339501915154,0.0010696457030441,0.0679518733465642,0.2035223008608209,0.168335670026123,0.2522544776069319,,20212.0,0.2695507171671282,0.7777777777777778,202105.0,
Y4,wf2021,2021,raw,0.3,month,21,1172.6666666666667,0.0022011723312228,0.0022470918153938,0.0745078390679497,0.2232162854577737,0.1812174557825376,0.2715941855596668,,20212.0,0.566267137479256,0.9047619047619048,202106.0,
Y4,wf2021,2021,raw,0.3,month,22,1184.3636363636365,0.002132189078415,0.0014012449412633,0.0745602289005269,0.2233647758731546,0.1745767827011625,0.2617679251598452,,20213.0,0.3531137251983701,0.6818181818181818,202107.0,
Y4,wf2021,2021,raw,0.3,month,22,1191.3636363636365,0.0037699612908204,0.0021933482551816,0.0689714247567622,0.2066000781515128,0.1713680320990419,0.2568306629218075,,20213.0,0.5527237603057755,0.7727272727272727,202108.0,
Y4,wf2021,2021,raw,0.3,month,20,1199.35,0.0029962575699995,0.0030096929341185,0.0792972634201211,0.2375421463416081,0.1934300551559778,0.2898305256493415,,20213.0,0.7584426193978703,0.85,202109.0,
Y4,wf2021,2021,raw,0.3,month,16,1213.1875,-0.0007588632597882,0.0009770756807944,0.0700699500584893,0.2098227420327214,0.1720162238084367,0.2580876288976199,,20214.0,0.2462230715601988,0.6875,202110.0,
Y4,wf2021,2021,raw,0.3,month,22,1215.7272727272727,0.0050848922205819,0.0010640724973769,0.0638568711041619,0.1912489089317677,0.1621098330425957,0.2429557986518021,,20214.0,0.2681462693389816,0.7272727272727273,202111.0,
Y4,wf2021,2021,raw,0.3,month,23,1220.9565217391305,0.0029735008143746,0.0017668139876497,0.0732207958991492,0.2193395970211596,0.1794099943644561,0.2689011699214126,,20214.0,0.4452371248877388,0.8260869565217391,202112.0,
Y4,wf2021,2021,raw,0.05,quarter,58,189.8448275862069,0.0025107064930419,0.0032181071942305,0.1121927342869277,0.0559019711432487,0.236608348487585,0.0589871136860215,202102.05172413797,,0.8109630129461056,0.7241379310344828,,20211.0
Y4,wf2021,2021,raw,0.05,quarter,60,193.7,0.0045701303109953,0.0036673113052034,0.1058665460827893,0.0527623082837409,0.2277902993919644,0.0567985288451675,202105.0,,0.9241624489112727,0.9166666666666666,,20212.0
Y4,wf2021,2021,raw,0.05,quarter,64,198.171875,0.0045468654465443,0.0037578412196848,0.1072579185371808,0.05343986675855,0.2331751301645109,0.058125077951303,202107.96875,,0.94697598736057,0.765625,,20213.0
Y4,wf2021,2021,raw,0.05,quarter,61,202.4262295081967,0.0030804503263368,0.001630666590667,0.0929456696634087,0.0463033183874044,0.2068928826105593,0.051590383633493,202111.11475409835,,0.4109279808480918,0.7049180327868853,,20214.0
Y4,wf2021,2021,raw,0.1,quarter,58,380.2241379310345,0.0022221680053036,0.0029295687064923,0.103773029128244,0.103552608240447,0.2215928612258496,0.1106357213929821,202102.05172413797,,0.7382513140360621,0.7758620689655172,,20211.0
Y4,wf2021,2021,raw,0.1,quarter,60,387.81666666666666,0.0038765144387374,0.0029736954329455,0.0894744358703361,0.0892848232953147,0.2041201903396595,0.1019058754669183,202105.0,,0.749371249102275,0.8666666666666667,,20212.0
Y4,wf2021,2021,raw,0.1,quarter,64,396.84375,0.0040994508144931,0.0033104265876336,0.0931244323200646,0.0929138553328717,0.2101824923731426,0.1049241928434308,202107.96875,,0.8342275000836733,0.78125,,20213.0
Y4,wf2021,2021,raw,0.1,quarter,61,405.40983606557376,0.0029914557054676,0.0015416719697978,0.0803709302281365,0.0801883115236074,0.1896677348216561,0.0947221619399556,202111.11475409835,,0.3885013363890589,0.6721311475409836,,20214.0
Y4,wf2021,2021,raw,0.2,quarter,58,760.8275862068965,0.0021139002326619,0.0028213009338505,0.0948817689942268,0.1894415298119217,0.2070052650205444,0.2067961855196398,202102.05172413797,,0.7109678353303472,0.7586206896551724,,20211.0
Y4,wf2021,2021,raw,0.2,quarter,60,776.0,0.0031993280415035,0.0022965090357116,0.0772717542826857,0.1542858713194549,0.1829354477968235,0.18274534487188,202105.0,,0.5787202769993478,0.85,,20212.0
Y4,wf2021,2021,raw,0.2,quarter,64,794.28125,0.0034332180562131,0.0026441938293535,0.0795048594730572,0.1587729185849008,0.1887892213486281,0.1886395072832008,202107.96875,,0.6663368449971027,0.75,,20213.0
Y4,wf2021,2021,raw,0.2,quarter,61,811.2295081967213,0.0028873561098513,0.0014375723741814,0.0718598901961268,0.1434643166836198,0.1764046755485846,0.176282558314385,202111.11475409835,,0.3622682382937288,0.7704918032786885,,20214.0
Y4,wf2021,2021,raw,0.3,quarter,58,1141.396551724138,0.0017058062709581,0.0024132069721468,0.0886533238614758,0.2655484575239684,0.1973196688009949,0.2957230731811684,202102.05172413797,,0.6081281569809935,0.7931034482758621,,20211.0
Y4,wf2021,2021,raw,0.3,quarter,60,1164.1,0.0027313218528537,0.0018285028470618,0.0721147701329805,0.2159980500348665,0.1753957818247578,0.2628420533902998,202105.0,,0.4607827174595934,0.8666666666666667,,20212.0
Y4,wf2021,2021,raw,0.3,quarter,64,1191.453125,0.0029651946800495,0.00217617045319,0.074119400763481,0.2220323393027319,0.1793654223238133,0.2688403039184873,202107.96875,,0.5483949542038846,0.765625,,20213.0
Y4,wf2021,2021,raw,0.3,quarter,61,1217.032786885246,0.0027560054988001,0.0013062217631302,0.0690171913263578,0.2067123049263788,0.1712312422664686,0.2567074842769518,202111.11475409835,,0.3291678843088322,0.7540983606557377,,20214.0
Y4,wf2021,2021,band,0.05,year,243,196.14814814814812,0.002263277935325,0.0016374579432533,0.0949829633713334,0.0473267143659558,0.2073892709515924,0.0517064902296663,202106.6131687243,20212.526748971195,0.4126394016998384,0.6707818930041153,,
Y4,wf2021,2021,band,0.1,year,243,392.798353909465,0.0014718215185855,0.0008460015265137,0.1120496122896292,0.1118026669088647,0.2230486527078965,0.1113653160930273,202106.6131687243,20212.526748971195,0.2131923846814659,0.5967078189300411,,
Y4,wf2021,2021,band,0.2,year,243,786.0370370370371,0.002268762780092,0.0016429427880203,0.0966452463758802,0.1929715408881726,0.2066749125832921,0.2064941991525563,202106.6131687243,20212.526748971195,0.4140215825811204,0.7407407407407407,,
Y4,wf2021,2021,band,0.3,year,243,1179.1728395061727,0.0022716554325031,0.0016458354404313,0.0863378473675733,0.2586099313759634,0.19277434796945,0.2889363598838242,202106.6131687243,20212.526748971195,0.4147505309887036,0.7695473251028807,,
Y4,wf2021,2021,band,0.05,month,20,188.55,-0.0022234993571953,0.0019531733507023,0.1010814175148005,0.050336144742181,0.2136036964868552,0.0532235334005096,,20211.0,0.4921996843769988,0.55,202101.0,
Y4,wf2021,2021,band,0.05,month,15,189.8,0.0048638848893214,0.0018189162544786,0.0944897376435283,0.0470730431828407,0.209663660510718,0.0522727637020866,,20211.0,0.4583668961286162,0.6,202102.0,
Y4,wf2021,2021,band,0.05,month,23,191.0,0.0013177450579053,0.0014555848854544,0.0949109704171526,0.0473087713046879,0.198525907243326,0.0494973734160412,,20211.0,0.3668073911345283,0.5652173913043478,202103.0,
Y4,wf2021,2021,band,0.05,month,21,192.33333333333331,0.0020037982584863,0.0020049426050281,0.1057271728742692,0.0526623900857602,0.2166760117798417,0.0540083730775291,,20212.0,0.505245536467083,0.7619047619047619,202104.0,
Y4,wf2021,2021,band,0.05,month,18,193.61111111111111,0.0051645918970385,0.0021002874085672,0.1010215837051871,0.0503540302273055,0.2068567496544932,0.0515875581006097,,20212.0,0.5292724269589576,0.8333333333333334,202105.0,
Y4,wf2021,2021,band,0.05,month,21,195.14285714285717,0.002736468870529,0.0027823883547,0.1009918633097047,0.0503479953149679,0.2254534621548882,0.0562307234309202,,20212.0,0.7011618653844209,0.9047619047619048,202106.0,
Y4,wf2021,2021,band,0.05,month,22,196.95454545454547,0.0021577504014232,0.0014268062642715,0.0989861021492247,0.0493124671322562,0.2208555617685451,0.0550647010914938,,20213.0,0.3595551785964428,0.7272727272727273,202107.0,
Y4,wf2021,2021,band,0.05,month,22,198.1818181818182,0.0026903510710969,0.0011137380354581,0.0913397189994897,0.0455167305447756,0.1991323345564321,0.0496433755772335,,20213.0,0.2806619849354573,0.5909090909090909,202108.0,
Y4,wf2021,2021,band,0.05,month,20,199.5,0.0021318550095583,0.0021452903736773,0.0931095990189488,0.046403542971969,0.2028415140910477,0.0505647966190881,,20213.0,0.5406131741666906,0.7,202109.0,
Y4,wf2021,2021,band,0.05,month,16,201.875,-0.0004457465568743,0.0012901923837083,0.0940969992590576,0.0468916348178081,0.2089796265556818,0.0521730416860882,,20214.0,0.3251284806944922,0.5,202110.0,
Y4,wf2021,2021,band,0.05,month,22,202.22727272727272,0.0053393894865235,0.0013185697633184,0.0874093905971731,0.043546657068469,0.2032078628971639,0.0506583499816897,,20214.0,0.3322795803562516,0.6363636363636364,202111.0,
Y4,wf2021,2021,band,0.05,month,23,203.0,0.0016974737182654,0.0004907868915406,0.0791968030956659,0.0394467326043957,0.1866746383144962,0.0465196676322484,,20214.0,0.1236782966682398,0.6521739130434783,202112.0,
Y4,wf2021,2021,band,0.1,month,20,377.65,-0.0036544229159702,0.0005222497919275,0.1031431287184636,0.102890850990763,0.2105810996628159,0.1051073363662281,,20211.0,0.1316069475657339,0.5,202101.0,
Y4,wf2021,2021,band,0.1,month,15,380.06666666666666,0.0039302822261817,0.0008853135913389,0.1054220688537843,0.1051618054208838,0.2166142111794023,0.1081476414746553,,20211.0,0.223099025017413,0.6,202102.0,
Y4,wf2021,2021,band,0.1,month,23,382.5652173913044,0.000511373041928,0.0006492128694772,0.1113695336799514,0.111174120527834,0.2176060102890114,0.1086667689757745,,20211.0,0.1636016431082674,0.5652173913043478,202103.0,
Y4,wf2021,2021,band,0.1,month,21,385.1904761904762,0.0010806206767177,0.0010817650232595,0.1168434501859315,0.1165725046754347,0.2277551607451901,0.1137044406046901,,20212.0,0.272604785861416,0.7142857142857143,202104.0,
Y4,wf2021,2021,band,0.1,month,18,387.55555555555554,0.004653550915918,0.0015892464274467,0.1191309214247278,0.1188623087429429,0.2289016400114334,0.114271349628029,,20212.0,0.4004900997165809,0.7222222222222222,202105.0,
Y4,wf2021,2021,band,0.1,month,21,390.6666666666667,0.0017856648803813,0.0018315843645524,0.1243364725682197,0.1240904387470178,0.2433013532832581,0.121476618327743,,20212.0,0.4615592598672141,0.7619047619047619,202106.0,
Y4,wf2021,2021,band,0.1,month,22,394.45454545454544,0.0021250709129114,0.0013941267757597,0.1189081532761191,0.1186492501904415,0.2333593925423546,0.1165308867695984,,20213.0,0.351319947491467,0.6363636363636364,202107.0,
Y4,wf2021,2021,band,0.1,month,22,396.8181818181818,0.0011635381606171,-0.0004130748750216,0.1049820168713163,0.1047396299385055,0.2120751749891337,0.1058640847933566,,20213.0,-0.104094868505451,0.4090909090909091,202108.0,
Y4,wf2021,2021,band,0.1,month,20,399.5,0.0009581777621015,0.0009716131262205,0.1132525344464857,0.1130012178659842,0.2237213280835752,0.1116598551614243,,20213.0,0.2448465078075754,0.6,202109.0,
Y4,wf2021,2021,band,0.1,month,16,404.1875,-0.0006949747762997,0.0010409641642829,0.1122473732633145,0.1119899553772824,0.2296422340235534,0.1147937667065832,,20214.0,0.2623229693993019,0.625,202110.0,
Y4,wf2021,2021,band,0.1,month,22,405.0,0.0050387949788441,0.001017975255639,0.1137972920730112,0.1135422879311346,0.2282901776239556,0.1139785833810196,,20214.0,0.2565297644210419,0.5909090909090909,202111.0,
Y4,wf2021,2021,band,0.1,month,23,406.6521739130435,0.0010792396878074,-0.0001274471389173,0.1010041352647884,0.1007828902462156,0.2066080954849081,0.1031422897622417,,20214.0,-0.0321166790071783,0.4782608695652174,202112.0,
Y4,wf2021,2021,band,0.2,month,20,755.8,-0.0028438282367801,0.0013328444711175,0.0994255284572713,0.1984951633224865,0.2074471197189686,0.2072196319173737,,20211.0,0.335876806721632,0.65,202101.0,
Y4,wf2021,2021,band,0.2,month,15,760.4,0.0055036288785965,0.0024586602437537,0.1047506230586995,0.2090568501554508,0.2245052861340019,0.2242490656710858,,20211.0,0.619582381425945,0.8,202102.0,
Y4,wf2021,2021,band,0.2,month,23,765.4782608695652,0.0016200606000529,0.0017579004276021,0.0986922290467699,0.1971205944230191,0.2059694281693683,0.2057984223561496,,20211.0,0.4429909077557432,0.6956521739130435,202103.0,
Y4,wf2021,2021,band,0.2,month,21,770.6666666666666,0.001808401262689,0.0018095456092308,0.0969962316493324,0.1936107841084672,0.2058555690904177,0.2056104653444153,,20212.0,0.4560054935261786,0.8571428571428571,202104.0,
Y4,wf2021,2021,band,0.2,month,18,775.5,0.0045286558113854,0.0014643513229141,0.094630099456764,0.1889384286653292,0.1980547804509911,0.1978469555900165,,20212.0,0.3690165333743704,0.6666666666666666,202105.0,
Y4,wf2021,2021,band,0.2,month,21,781.7619047619048,0.0025277575636085,0.0025736770477795,0.1031854521756668,0.2060905303037604,0.2204422657355878,0.2202556593734608,,20212.0,0.6485666160404491,1.0,202106.0,
Y4,wf2021,2021,band,0.2,month,22,789.5909090909091,0.0025733364574145,0.0018423923202629,0.0998937360657207,0.1995160840951675,0.209650446555513,0.2095690325878106,,20213.0,0.4642828647062579,0.7727272727272727,202107.0,
Y4,wf2021,2021,band,0.2,month,22,794.1818181818181,0.0027897687529406,0.0012131557173018,0.0914552442918081,0.1826250712303885,0.1966171072227471,0.1964400712349595,,20213.0,0.3057152407600663,0.6363636363636364,202108.0,
Y4,wf2021,2021,band,0.2,month,20,799.55,0.0023185884023958,0.0023320237665148,0.1008681526555782,0.2014273212276956,0.217209044453864,0.2169659026039112,,20213.0,0.5876699891617339,0.75,202109.0,
Y4,wf2021,2021,band,0.2,month,16,808.6875,-0.0006371249884415,0.0010988139521411,0.09565093069736,0.1909359754301692,0.2081039988018745,0.2081330020920134,,20214.0,0.2769011159395634,0.5625,202110.0,
Y4,wf2021,2021,band,0.2,month,22,810.4090909090909,0.0052590794088888,0.0012382596856837,0.0907429645488739,0.1811664021452568,0.1985984578790037,0.1984090950307319,,20214.0,0.3120414407923039,0.7727272727272727,202111.0,
Y4,wf2021,2021,band,0.2,month,23,813.7826086956521,0.001996918413235,0.0007902315865101,0.0867019914556671,0.1731150926472952,0.194349892070612,0.1941529468018603,,20214.0,0.1991383598005657,0.6956521739130435,202112.0,
Y4,wf2021,2021,band,0.3,month,20,1134.0,-0.0024877254744938,0.0016889472334038,0.0946374264712806,0.2834914033659016,0.2047550468710595,0.3068887920839741,,20211.0,0.4256147028177733,0.65,202101.0,
Y4,wf2021,2021,band,0.3,month,15,1140.6666666666667,0.005724317390059,0.0026793487552162,0.0995563822354119,0.2980646960905445,0.2158518878850158,0.3234318580219674,,20211.0,0.6751958863144927,0.8,202102.0,
Y4,wf2021,2021,band,0.3,month,23,1148.304347826087,0.0016635050616142,0.0018013448891634,0.0882016147210951,0.2642692101877466,0.1926659963348195,0.2887745122653977,,20211.0,0.4539389120691769,0.6956521739130435,202103.0,
Y4,wf2021,2021,band,0.3,month,21,1156.190476190476,0.0017465844348418,0.0017477287813836,0.0853649284984688,0.2556338374820237,0.1900534121235697,0.284789565936886,,20212.0,0.4404276529086886,0.9523809523809524,202104.0,
Y4,wf2021,2021,band,0.3,month,18,1163.3333333333333,0.0042558975072953,0.001191593018824,0.0824239799838641,0.2468639670797324,0.1830879896657286,0.2743611173999785,,20212.0,0.3002814407436653,0.7222222222222222,202105.0,
Y4,wf2021,2021,band,0.3,month,21,1172.6666666666667,0.0021340382903846,0.0021799577745557,0.0890082220939461,0.2666606257215946,0.1987273637869902,0.2978392774317018,,20212.0,0.5493493591880482,0.9523809523809524,202106.0,
Y4,wf2021,2021,band,0.3,month,22,1184.3636363636365,0.002167059604881,0.0014361154677294,0.0873447849521779,0.2616692265950915,0.1905191859188503,0.285666660293392,,20213.0,0.3619010978678127,0.6818181818181818,202107.0,
Y4,wf2021,2021,band,0.3,month,22,1191.3636363636365,0.0030260263788835,0.0014494133432446,0.0799348865461034,0.2394382887739711,0.1835763008710879,0.2751294775814049,,20213.0,0.3652521624976643,0.7272727272727273,202108.0,
Y4,wf2021,2021,band,0.3,month,20,1199.35,0.0023972325417146,0.0024106679058336,0.0893697697227456,0.2677098294844315,0.2036548237913703,0.3051510060364003,,20213.0,0.6074883122700795,0.75,202109.0,
Y4,wf2021,2021,band,0.3,month,16,1213.1875,-0.0007513374613081,0.0009846014792745,0.0838898739226195,0.2512121279532365,0.1905794388955504,0.2859465987828994,,20214.0,0.2481195727771819,0.6875,202110.0,
Y4,wf2021,2021,band,0.3,month,22,1215.7272727272727,0.0050948630620319,0.0010740433388269,0.0790349261016039,0.2367089175602448,0.1805084218890174,0.2705279047468998,,20214.0,0.2706589213843835,0.7727272727272727,202111.0,
Y4,wf2021,2021,band,0.3,month,23,1220.9565217391305,0.0024906104129636,0.0012839235862388,0.0813627470527724,0.2437363341421044,0.1867972081730856,0.2799768475993247,,20214.0,0.323548743732182,0.8260869565217391,202112.0,
Y4,wf2021,2021,band,0.05,quarter,58,189.8448275862069,0.001013731422892,0.0017211321240806,0.0969297712852318,0.0482917290102423,0.2066055983447305,0.0515000295191455,202102.05172413797,,0.433725295268334,0.5689655172413793,,20211.0
Y4,wf2021,2021,band,0.05,quarter,60,193.7,0.0032084710642669,0.002305652058475,0.102658137775947,0.0511598439584465,0.2168023407735035,0.0540599512081402,202105.0,,0.5810243187357138,0.8333333333333334,,20212.0
Y4,wf2021,2021,band,0.05,quarter,64,198.171875,0.0023327395716658,0.0015437153448062,0.0945212507132921,0.04709864388022,0.2077588125151633,0.05179490029834,202107.96875,,0.3890162668911815,0.671875,,20213.0
Y4,wf2021,2021,band,0.05,quarter,61,202.4262295081967,0.0024487953985841,0.0009990116629143,0.0860669680734925,0.0428781551228254,0.1984879293419988,0.0494951593789557,202111.11475409835,,0.2517509390544087,0.6065573770491803,,20214.0
Y4,wf2021,2021,band,0.1,quarter,58,380.2241379310345,-4.090767176434584e-05,0.0006664930294243,0.1069947048588779,0.106762911608081,0.2149271275447347,0.1073051213084001,202102.05172413797,,0.1679562434149314,0.5517241379310345,,20211.0
Y4,wf2021,2021,band,0.1,quarter,60,387.81666666666666,0.0023992652197601,0.0014964462139682,0.1201522493913712,0.1198907228207412,0.2335402719133869,0.1165947755147603,202105.0,,0.3771044459199948,0.7333333333333333,,20212.0
Y4,wf2021,2021,band,0.1,quarter,64,396.84375,0.0014298899196821,0.0006408656928226,0.1123536630027077,0.1121028081274456,0.2230310476150663,0.1113419762127109,202107.96875,,0.1614981545913103,0.546875,,20213.0
Y4,wf2021,2021,band,0.1,quarter,61,405.40983606557376,0.0020419082939892,0.0005921245583194,0.108567106703433,0.1083241982981055,0.220469604069783,0.1101065863314643,202111.11475409835,,0.1492153886965024,0.5573770491803278,,20214.0
Y4,wf2021,2021,band,0.2,quarter,58,760.8275862068965,0.0010851596938717,0.0017925603950604,0.100511916950028,0.2006815463881196,0.2112727333497391,0.2110602127173311,202102.05172413797,,0.4517252195552397,0.7068965517241379,,20211.0
Y4,wf2021,2021,band,0.2,quarter,60,776.0,0.0028762523326197,0.0019734333268279,0.098452619175779,0.1965769886438785,0.2086206763243992,0.2084072303282616,202105.0,,0.4973051983606308,0.85,,20212.0
Y4,wf2021,2021,band,0.2,quarter,64,794.28125,0.0025681262918083,0.0017791020649487,0.0972975097027687,0.1943070600268148,0.2075322980031094,0.2073674740027995,202107.96875,,0.4483337203670908,0.71875,,20213.0
Y4,wf2021,2021,band,0.2,quarter,61,811.2295081967213,0.0024825388636867,0.0010327551280169,0.0905066543395628,0.1806931735240352,0.1994897962588877,0.1993548508293623,202111.11475409835,,0.260254292260274,0.6885245901639344,,20214.0
Y4,wf2021,2021,band,0.3,quarter,58,1141.396551724138,0.0012822563410023,0.001989657042191,0.0933574379576203,0.2796377645343857,0.2028309857137461,0.3039839223122955,202102.05172413797,,0.5013935746321367,0.7068965517241379,,20211.0
Y4,wf2021,2021,band,0.3,quarter,60,1164.1,0.0026349872060179,0.001732168200226,0.0857577967025045,0.2568622522451861,0.1909996684684145,0.2862284303989993,202105.0,,0.4365063864569575,0.8833333333333333,,20212.0
Y4,wf2021,2021,band,0.3,quarter,64,1191.453125,0.0025342584762048,0.0017452342493453,0.0854304401158922,0.2559150301220002,0.1922374560188445,0.2881333617808366,202107.96875,,0.4397990308350326,0.71875,,20213.0
Y4,wf2021,2021,band,0.3,quarter,61,1217.032786885246,0.0025795020898678,0.0011297183541979,0.0811860580198518,0.2431627199810749,0.1855211818339042,0.2781348685203714,202111.11475409835,,0.2846890252578939,0.7704918032786885,,20214.0
Market,wf2021,2021,raw,0.05,year,243,196.14814814814812,0.002496470299372,0.0018706503073003,0.1249468327013188,0.0622516580599124,0.2384654175716885,0.059452112996289,202106.6131687243,20212.526748971195,0.4714038774396827,0.6460905349794238,,
Market,wf2021,2021,raw,0.1,year,243,392.798353909465,0.0022616537729854,0.0016358337809137,0.1124281420742973,0.1121756632826727,0.222114136032767,0.1108958298623306,202106.6131687243,20212.526748971195,0.4122301127902592,0.6296296296296297,,
Market,wf2021,2021,raw,0.2,year,243,786.0370370370371,0.0020030673490233,0.0013772473569516,0.0988774890860118,0.1974222762902776,0.204227962190941,0.2040456878580185,202106.6131687243,20212.526748971195,0.3470663339518086,0.6255144032921811,,
Market,wf2021,2021,raw,0.3,year,243,1179.1728395061727,0.0019040327143333,0.0012782127222615,0.0922863792591084,0.2764231948782468,0.1954437901616266,0.2929340893553978,202106.6131687243,20212.526748971195,0.3221096060099059,0.6419753086419753,,
Market,wf2021,2021,raw,0.05,month,20,188.55,0.0001898702710695,0.0043665429789673,0.1323614905389608,0.0659282875653181,0.2593884836472202,0.0646468952144251,,20211.0,1.1003688306997683,0.7,202101.0,
Market,wf2021,2021,raw,0.05,month,15,189.8,0.0031930551241967,0.0001480864893539,0.1135336671774039,0.0565502519465013,0.2287757748560502,0.0570331657390631,,20211.0,0.0373177953172,0.4,202102.0,
Market,wf2021,2021,raw,0.05,month,23,191.0,0.00232682964731,0.0024646694748591,0.1194947041385702,0.0595442623254554,0.2300962586363475,0.0573624904787709,,20211.0,0.6210967076645131,0.6956521739130435,202103.0,
Market,wf2021,2021,raw,0.05,month,21,192.33333333333331,0.0029747206776,0.0029758650241418,0.1440624092705608,0.0717553684761597,0.2564039107666603,0.0639124909584988,,20212.0,0.7499179860837348,0.8571428571428571,202104.0,
Market,wf2021,2021,raw,0.05,month,18,193.61111111111111,0.0037999925209834,0.0007356880325122,0.1328365588906036,0.066206354102804,0.2427224831425772,0.0605259940043107,,20212.0,0.185393384193079,0.5,202105.0,
Market,wf2021,2021,raw,0.05,month,21,195.14285714285717,0.0015399332570971,0.0015858527412682,0.1298881561780975,0.064749659061516,0.2460379940816021,0.0613593617817904,,20212.0,0.3996348907995948,0.7619047619047619,202106.0,
Market,wf2021,2021,raw,0.05,month,22,196.95454545454547,0.0044912831913394,0.0037603390541878,0.150507093573197,0.0749953202124286,0.2836948378884442,0.0707363423891101,,20213.0,0.9476054416553418,0.7272727272727273,202107.0,
Market,wf2021,2021,raw,0.05,month,22,198.1818181818182,0.0044904053083093,0.0029137922726705,0.1130200526112126,0.0563190727801105,0.227872046446474,0.0568164639632502,,20213.0,0.7342756527129767,0.7272727272727273,202108.0,
Market,wf2021,2021,raw,0.05,month,20,199.5,0.0004334715336721,0.0004469068977911,0.10170776667954,0.0506654058904224,0.2046080341734849,0.0509787575570893,,20213.0,0.1126205382433618,0.6,202109.0,
Market,wf2021,2021,raw,0.05,month,16,201.875,-0.0001852195124372,0.0015507194281454,0.1119615639763189,0.0557917734121066,0.2361161125280052,0.0589624236407247,,20214.0,0.3907812958926441,0.5625,202110.0,
Market,wf2021,2021,raw,0.05,month,22,202.22727272727272,0.0052613255974569,0.0012405058742518,0.1206942205874142,0.0601218486784185,0.2287737346817544,0.0570202395639684,,20214.0,0.3126074803114622,0.5909090909090909,202111.0,
Market,wf2021,2021,raw,0.05,month,23,203.0,0.0008335713894708,-0.000373115437254,0.1235233466151465,0.0615183297071515,0.2155512793406388,0.0537101325015554,,20214.0,-0.0940250901880157,0.5217391304347826,202112.0,
Market,wf2021,2021,raw,0.1,month,20,377.65,-0.0010081881856287,0.003168484522269,0.119056525941976,0.1187628031407568,0.2406127473583996,0.1201022461501479,,20211.0,0.7984580996117889,0.75,202101.0,
Market,wf2021,2021,raw,0.1,month,15,380.06666666666666,0.0038973885292047,0.0008524198943618,0.1114652961625775,0.111182130464978,0.224297626211548,0.1119741563689481,,20211.0,0.2148098133791944,0.6,202102.0,
Market,wf2021,2021,raw,0.1,month,23,382.5652173913044,0.0021079314009759,0.002245771228525,0.1058114619972011,0.1056014006798085,0.2134299228661468,0.1065677122111016,,20211.0,0.5659343495883226,0.6521739130434783,202103.0,
Market,wf2021,2021,raw,0.1,month,21,385.1904761904762,0.0022346879142447,0.0022358322607865,0.1240759112434562,0.1237829799737147,0.2316841073208439,0.1156631420675358,,20212.0,0.5634297297182062,0.7619047619047619,202104.0,
Market,wf2021,2021,raw,0.1,month,18,387.55555555555554,0.0036914180067557,0.0006271135182845,0.1228320367129318,0.1225459955908499,0.2260164281872966,0.1128234504685301,,20212.0,0.1580326066077018,0.5,202105.0,
Market,wf2021,2021,raw,0.1,month,21,390.6666666666667,0.0012079862960737,0.0012539057802447,0.1194874896850665,0.1192659235543867,0.2305160545070476,0.1150964056200051,,20212.0,0.3159842566216796,0.5238095238095238,202106.0,
Market,wf2021,2021,raw,0.1,month,22,394.45454545454544,0.0037037400326073,0.0029727958954556,0.1368237162986611,0.1365210413105066,0.2581739249825602,0.1289185511242707,,20213.0,0.7491445656548305,0.7272727272727273,202107.0,
Market,wf2021,2021,raw,0.1,month,22,396.8181818181818,0.0039684873329158,0.002391874297277,0.0952545482711088,0.0950399702613439,0.2098480589368392,0.1047579895280056,,20213.0,0.6027523229138171,0.6818181818181818,202108.0,
Market,wf2021,2021,raw,0.1,month,20,399.5,0.0009862468275067,0.0009996821916257,0.094816135570127,0.0946025891691605,0.1968189956261682,0.0982224212407276,,20213.0,0.2519199122896784,0.6,202109.0,
Market,wf2021,2021,raw,0.1,month,16,404.1875,-0.0005205923962706,0.001215346544312,0.1005488199515383,0.10031438161444,0.2094181043612232,0.1046987824022971,,20214.0,0.3062673291666264,0.5,202110.0,
Market,wf2021,2021,raw,0.1,month,22,405.0,0.0053638874882674,0.0013430677650623,0.107022229882797,0.1067862375568233,0.2147181779088494,0.1072038747101638,,20214.0,0.3384530767957224,0.6363636363636364,202111.0,
Market,wf2021,2021,raw,0.1,month,23,406.6521739130435,0.0011248136024366,-8.187322428814766e-05,0.1105279194750032,0.1102734642388505,0.2089684887573187,0.1043131006981274,,20214.0,-0.0206320525206132,0.5652173913043478,202112.0,
Market,wf2021,2021,raw,0.2,month,20,755.8,-0.0017693179440604,0.0024073547638372,0.102611961745077,0.2048451923476364,0.2195895934323786,0.2193518849748559,,20211.0,0.6066534004869959,0.7,202101.0,
Market,wf2021,2021,raw,0.2,month,15,760.4,0.0037199617108816,0.0006749930760388,0.1016011379549357,0.2027552346961264,0.2086988579618848,0.2084465337933637,,20211.0,0.1700982551617835,0.6666666666666666,202102.0,
Market,wf2021,2021,raw,0.2,month,23,765.4782608695652,0.0014882384023337,0.0016260782298828,0.0905481647902211,0.1808122333918397,0.1916123914777782,0.1914318604623721,,20211.0,0.409771713930486,0.6521739130434783,202103.0,
Market,wf2021,2021,raw,0.2,month,21,770.6666666666666,0.0015312271668897,0.0015323715134315,0.1051853851697284,0.2099564787495606,0.2085650946247864,0.2083212605061591,,20212.0,0.3861576213847424,0.6190476190476191,202104.0,
Market,wf2021,2021,raw,0.2,month,18,775.5,0.0035372574613349,0.0004729529728636,0.1077418470468078,0.2151108649585751,0.2056670675926207,0.2054458758562912,,20212.0,0.1191841491616425,0.4444444444444444,202105.0,
Market,wf2021,2021,raw,0.2,month,21,781.7619047619048,0.0011060869028596,0.0011520063870306,0.1066845399807675,0.2130935668072673,0.2138876178177105,0.2137090949786708,,20212.0,0.2903056095317342,0.5714285714285714,202106.0,
Market,wf2021,2021,raw,0.2,month,22,789.5909090909091,0.0029117391583977,0.0021807950212461,0.114745253438891,0.2291728521987803,0.2286174174865541,0.228519750822922,,20213.0,0.5495603453540194,0.8181818181818182,202107.0,
Market,wf2021,2021,raw,0.2,month,22,794.1818181818181,0.0039358076742218,0.0023591946385829,0.0854583383418353,0.1706522099386427,0.1973693914817637,0.1971929115692436,,20213.0,0.5945170489229111,0.6818181818181818,202108.0,
Market,wf2021,2021,raw,0.2,month,20,799.55,0.0014571001601046,0.0014705355242236,0.0882238243257437,0.1761856854136869,0.1892676987938849,0.1890519018741914,,20213.0,0.3705749521043604,0.6,202109.0,
Market,wf2021,2021,raw,0.2,month,16,808.6875,-0.0008571754187257,0.0008787635218568,0.0925040638586248,0.1846345051645381,0.1928116657300996,0.192837450159141,,20214.0,0.2214484075079382,0.5625,202110.0,
Market,wf2021,2021,raw,0.2,month,22,810.4090909090909,0.0053430527708387,0.0013222330476336,0.0943032728599723,0.1882812797466937,0.2004012868867222,0.2002123680172234,,20214.0,0.3332027280036782,0.6363636363636364,202111.0,
Market,wf2021,2021,raw,0.2,month,23,813.7826086956521,0.0012794868795506,7.280005282582039e-05,0.0980891977456091,0.195845546296777,0.1945061806958321,0.1943035875145679,,20214.0,0.0183456133121067,0.5217391304347826,202112.0,
Market,wf2021,2021,raw,0.3,month,20,1134.0,-0.0024143596031138,0.0017623131047838,0.0947380189001812,0.283774030249332,0.2058193467216795,0.3084861977990472,,20211.0,0.4441029024055317,0.65,202101.0,
Market,wf2021,2021,raw,0.3,month,15,1140.6666666666667,0.0038900169676694,0.0008450483328265,0.0964367522014165,0.288710829282615,0.2029256881522093,0.3040506538334959,,20211.0,0.2129521798722985,0.6666666666666666,202102.0,
Market,wf2021,2021,raw,0.3,month,23,1148.304347826087,0.0013664447867911,0.0015042846143403,0.0857075648387846,0.2567494459545189,0.1842849983962097,0.2761939054845013,,20211.0,0.3790797228137674,0.5652173913043478,202103.0,
Market,wf2021,2021,raw,0.3,month,21,1156.190476190476,0.001404462193313,0.0014056065398548,0.0961706475120633,0.2879840201756718,0.1985558072394221,0.2975299097743853,,20212.0,0.3542128480434145,0.6666666666666666,202104.0,
Market,wf2021,2021,raw,0.3,month,18,1163.3333333333333,0.0035319457122896,0.0004676412238184,0.0972000194152244,0.2911133928436206,0.1939991630058896,0.2907088123681332,,20212.0,0.1178455884022419,0.5555555555555556,202105.0,
Market,wf2021,2021,raw,0.3,month,21,1172.6666666666667,0.0010947063500217,0.0011406258341928,0.1005995618208975,0.3014189667591255,0.2036585606577693,0.3052427561540534,,20212.0,0.2874377102165938,0.6666666666666666,202106.0,
Market,wf2021,2021,raw,0.3,month,22,1184.3636363636365,0.0024278125404973,0.0016968684033457,0.104962221986548,0.3144457987462407,0.2133005334170566,0.319814056043348,,20213.0,0.4276108376431298,0.8181818181818182,202107.0,
Market,wf2021,2021,raw,0.3,month,22,1191.3636363636365,0.0036409472068659,0.0020643341712271,0.0797016471861012,0.2387504383344094,0.1859759520590893,0.2787280816131017,,20213.0,0.5202122111492306,0.6363636363636364,202108.0,
Market,wf2021,2021,raw,0.3,month,20,1199.35,0.0015218787944523,0.0015353141585713,0.0832747598445092,0.2494544131624659,0.184084402818928,0.2758160690694664,,20213.0,0.3868991679599698,0.6,202109.0,
Market,wf2021,2021,raw,0.3,month,16,1213.1875,-0.0010599386625714,0.0006760002780111,0.0861269969554807,0.2578827975763147,0.1866763305480479,0.2800661141074111,,20214.0,0.1703520700588207,0.5625,202110.0,
Market,wf2021,2021,raw,0.3,month,22,1215.7272727272727,0.0051964251571144,0.0011756054339094,0.0879201055377574,0.2633269270385092,0.1922240426627339,0.2880901274433329,,20214.0,0.2962525693451721,0.6818181818181818,202111.0,
Market,wf2021,2021,raw,0.3,month,23,1220.9565217391305,0.0019051508528857,0.0006984640261609,0.0952545726249296,0.2853578096663652,0.194522007186783,0.2915550642307843,,20214.0,0.1760129345925479,0.6086956521739131,202112.0,
Market,wf2021,2021,raw,0.05,quarter,58,189.8448275862069,0.0018139709340081,0.0025213716351968,0.1223898795452998,0.0609713373101613,0.2398555214555371,0.0597891839894169,202102.05172413797,,0.6353856520696063,0.6206896551724138,,20211.0
Market,wf2021,2021,raw,0.05,quarter,60,193.7,0.002720126633439,0.0018173076276471,0.1357336655742115,0.0676386658690277,0.248671411639665,0.0620029466603944,202105.0,,0.4579615221670891,0.7166666666666667,,20212.0
Market,wf2021,2021,raw,0.05,quarter,64,198.171875,0.0032229152760268,0.0024338910491673,0.122371133588247,0.0609722619319423,0.2397911271693422,0.0597771389202142,202107.96875,,0.6133405443901601,0.6875,,20213.0
Market,wf2021,2021,raw,0.05,quarter,61,202.4262295081967,0.0021632425066046,0.0007134587709348,0.1194704073556161,0.0595126332587442,0.2257140883324815,0.0562815917408963,202111.11475409835,,0.1797916102755756,0.5573770491803278,,20214.0
Market,wf2021,2021,raw,0.1,quarter,58,380.2241379310345,0.0014961980422058,0.0022035987433945,0.1118409239174794,0.1115831075073345,0.2256139235562516,0.1126330111964227,202102.05172413797,,0.5553068833354331,0.6724137931034483,,20211.0
Market,wf2021,2021,raw,0.1,quarter,60,387.81666666666666,0.0023123613756381,0.0014095423698463,0.1220968013388625,0.1218309149120905,0.229574985095951,0.1146128768311983,202105.0,,0.3552046772012706,0.6,,20212.0
Market,wf2021,2021,raw,0.1,quarter,64,396.84375,0.0029455302904944,0.0021565060636349,0.1094069458115231,0.1091624068431863,0.2223884931054711,0.1110208174869474,202107.96875,,0.543439528035997,0.671875,,20213.0
Market,wf2021,2021,raw,0.1,quarter,61,405.40983606557376,0.0022220780206163,0.0007722942849465,0.1066461036814954,0.1064035575340117,0.2111600791015179,0.1054568373461851,202111.11475409835,,0.1946181598065215,0.5737704918032787,,20214.0
Market,wf2021,2021,raw,0.2,quarter,58,760.8275862068965,0.0009421129316498,0.0016495136328385,0.0975666223172528,0.1947743747483954,0.2056786162424955,0.2054598016729678,202102.05172413797,,0.4156774354753078,0.6724137931034483,,20211.0
Market,wf2021,2021,raw,0.2,quarter,60,776.0,0.0019842371628127,0.0010814181570208,0.1064770279167159,0.2126007754324623,0.2095585696326602,0.2093443871765778,202105.0,,0.2725173755692596,0.55,,20212.0
Market,wf2021,2021,raw,0.2,quarter,64,794.28125,0.0028091880237456,0.0020201637968861,0.0963899297764196,0.1924978918015163,0.2055791214559483,0.2054174470329917,202107.96875,,0.5090812768153076,0.703125,,20213.0
Market,wf2021,2021,raw,0.2,quarter,61,811.2295081967213,0.002184599221123,0.0007348154854531,0.0952588290623999,0.1901768492112417,0.1961878216261249,0.1960500624878726,202111.11475409835,,0.185173502334203,0.5737704918032787,,20214.0
Market,wf2021,2021,raw,0.3,quarter,58,1141.396551724138,0.0007153671129131,0.0014227678141017,0.0915963043502917,0.2743341431237897,0.1965315037901647,0.2945335101659812,202102.05172413797,,0.3585374891536512,0.6206896551724138,,20211.0
Market,wf2021,2021,raw,0.3,quarter,60,1164.1,0.001934292703854,0.0010314736980622,0.0980295790911036,0.2936250632802653,0.1989747776657839,0.2981830767853935,202105.0,,0.2599313719116755,0.6333333333333333,,20212.0
Market,wf2021,2021,raw,0.3,quarter,64,1191.453125,0.0025617232864224,0.0017726990595629,0.0895015674795073,0.2681157106097441,0.1947776677633401,0.2919413814036128,202107.96875,,0.4467201630098644,0.6875,,20213.0
Market,wf2021,2021,raw,0.3,quarter,61,1217.032786885246,0.0023144394175696,0.0008646556818997,0.090215236778553,0.2702056848917153,0.1916353506990971,0.2872919197832777,202111.11475409835,,0.2178932318387463,0.6229508196721312,,20214.0
Market,wf2021,2021,band,0.05,year,243,196.14814814814812,0.0018428180064715,0.0012169980143997,0.0964443768151076,0.0480538230928754,0.2051745919165172,0.0511532929416037,202106.6131687243,20212.526748971195,0.306683499628739,0.654320987654321,,
Market,wf2021,2021,band,0.1,year,243,392.798353909465,0.0012840454467371,0.0006582254546654,0.1051461586031602,0.1049127378292807,0.2120005343705336,0.1058497644300481,202106.6131687243,20212.526748971195,0.1658728145756822,0.5967078189300411,,
Market,wf2021,2021,band,0.2,year,243,786.0370370370371,0.0016698221406078,0.0010440021485361,0.1070112541847186,0.2136666829423409,0.2142941930332204,0.2141059552131173,202106.6131687243,20212.526748971195,0.2630885414310971,0.6831275720164609,,
Market,wf2021,2021,band,0.3,year,243,1179.1728395061727,0.0016982916176686,0.0010724716255969,0.0989616390458772,0.2964195729368958,0.2038194743255319,0.3054901860858062,202106.6131687243,20212.526748971195,0.2702628496504252,0.6707818930041153,,
Market,wf2021,2021,band,0.05,month,20,188.55,-0.0017875504672415,0.0023891222406562,0.1116375103512645,0.0556095774753263,0.2280093158350575,0.0568232871586547,,20211.0,0.6020588046453696,0.75,202101.0,
Market,wf2021,2021,band,0.05,month,15,189.8,0.0035338183800008,0.0004888497451579,0.0868311201679517,0.0432536970020341,0.1975584545345474,0.0492500113024193,,20211.0,0.1231901357798145,0.4,202102.0,
Market,wf2021,2021,band,0.05,month,23,191.0,0.0005618926954652,0.0006997325230143,0.0865097089168636,0.0431093657436997,0.188541000584187,0.047002232605682,,20211.0,0.1763325957996221,0.5217391304347826,202103.0,
Market,wf2021,2021,band,0.05,month,21,192.33333333333331,0.0016074325924528,0.0016085769389946,0.1071679729524307,0.0533835730577727,0.2081289202698968,0.0518811486755099,,20212.0,0.4053613886266494,0.8095238095238095,202104.0,
Market,wf2021,2021,band,0.05,month,18,193.61111111111111,0.0044174706718714,0.0013531661834001,0.1038654724892476,0.0517676155580431,0.2068866947802992,0.0515956593835251,,20212.0,0.3409978782168333,0.6111111111111112,202105.0,
Market,wf2021,2021,band,0.05,month,21,195.14285714285717,0.0019500987252806,0.0019960182094517,0.1127250855103208,0.0561924122330828,0.2186583195359912,0.0545313740776074,,20212.0,0.502996588781838,0.7619047619047619,202106.0,
Market,wf2021,2021,band,0.05,month,22,196.95454545454547,0.0033075621323524,0.0025766179952007,0.1178905479976727,0.058734871903275,0.2393076717187547,0.0596708130679771,,20213.0,0.6493077347905951,0.8636363636363636,202107.0,
Market,wf2021,2021,band,0.05,month,22,198.1818181818182,0.0024144498450905,0.0008378368094517,0.0898661658461842,0.0447853826206799,0.1992694343921551,0.049683312347411,,20213.0,0.2111348759818331,0.6363636363636364,202108.0,
Market,wf2021,2021,band,0.05,month,20,199.5,-0.0001969729858029,-0.0001835376216839,0.0721636017865481,0.0359590299779452,0.1769339126148843,0.0440979143444745,,20213.0,-0.0462514806643551,0.55,202109.0,
Market,wf2021,2021,band,0.05,month,16,201.875,-0.0008133147541565,0.0009226241864261,0.0835842843529996,0.0416539386288361,0.1953054869351724,0.0487527705758665,,20214.0,0.232501294979394,0.6875,202110.0,
Market,wf2021,2021,band,0.05,month,22,202.22727272727272,0.0057512297140451,0.0017304099908401,0.0957877646635334,0.0477210125007652,0.2120128268065392,0.0528494643409454,,20214.0,0.4360633176917095,0.6818181818181818,202111.0,
Market,wf2021,2021,band,0.05,month,23,203.0,0.0012149359141493,8.249087424464227e-06,0.0854396263640407,0.0425522752873797,0.1884514164410727,0.0469615862916535,,20214.0,0.0020787700309649,0.5217391304347826,202112.0,
Market,wf2021,2021,band,0.1,month,20,377.65,-0.0028984583035196,0.0012782144043781,0.1044753166531089,0.1042198426525653,0.2113219526113965,0.1054755143686418,,20211.0,0.3221100299032894,0.65,202101.0,
Market,wf2021,2021,band,0.1,month,15,380.06666666666666,0.003764599770865,0.0007196311360222,0.0931810009117458,0.092949118573147,0.2007636112675456,0.1002278638568086,,20211.0,0.1813470462776121,0.6666666666666666,202102.0,
Market,wf2021,2021,band,0.1,month,23,382.5652173913044,-1.5781361408387968e-05,0.0001220584661407,0.0941063623544839,0.0939249139322677,0.1938009626668607,0.0967708066585674,,20211.0,0.0307587334674757,0.4347826086956521,202103.0,
Market,wf2021,2021,band,0.1,month,21,385.1904761904762,0.0007844563900122,0.000785600736554,0.1069132443044718,0.1066629788133089,0.2083020725694478,0.1039911610240525,,20212.0,0.197971385611609,0.8095238095238095,202104.0,
Market,wf2021,2021,band,0.1,month,18,387.55555555555554,0.0039976503824871,0.0009333458940158,0.1053320217960514,0.1050900510575773,0.214840476488467,0.1072497525694736,,20212.0,0.2352031652919969,0.5555555555555556,202105.0,
Market,wf2021,2021,band,0.1,month,21,390.6666666666667,0.0012203262113158,0.0012662456954868,0.1152765794674457,0.1150516076602003,0.2203586014948605,0.1100237884662832,,20212.0,0.3190939152626983,0.7142857142857143,202106.0,
Market,wf2021,2021,band,0.1,month,22,394.45454545454544,0.0026347036741721,0.0019037595370204,0.1229244013275719,0.1226591877953633,0.235760562686426,0.1177389640925133,,20213.0,0.4797474033291596,0.8181818181818182,202107.0,
Market,wf2021,2021,band,0.1,month,22,396.8181818181818,0.001649416067901,7.280303226224442e-05,0.1110909981173318,0.110839358286935,0.2210505704032532,0.1103476075776385,,20213.0,0.0183463641300855,0.4545454545454545,202108.0,
Market,wf2021,2021,band,0.1,month,20,399.5,-0.0008144660310458,-0.0008010306669268,0.0908613564324501,0.0906634415602831,0.1956130042858055,0.0976353972711771,,20213.0,-0.201859728065572,0.4,202109.0,
Market,wf2021,2021,band,0.1,month,16,404.1875,-0.0004989384005111,0.0012370005400715,0.102671270265066,0.1024355400930965,0.2194168019364022,0.1096941953037673,,20214.0,0.3117241360980211,0.6875,202110.0,
Market,wf2021,2021,band,0.1,month,22,405.0,0.004952677035855,0.0009318573126499,0.1103392946164052,0.1100930294964397,0.2215587811896266,0.1106156394700321,,20214.0,0.2348280427877932,0.5454545454545454,202111.0,
Market,wf2021,2021,band,0.1,month,23,406.6521739130435,0.0009082977729982,-0.0002983890537265,0.1000484976477558,0.09982649000074,0.2002062924554176,0.0999462068354016,,20214.0,-0.0751940415390986,0.4782608695652174,202112.0,
Market,wf2021,2021,band,0.2,month,20,755.8,-0.0026021861514794,0.0015744865564182,0.1103572499616399,0.2203173357761254,0.2222330702290234,0.2219917812912245,,20211.0,0.3967706122174015,0.75,202101.0,
Market,wf2021,2021,band,0.2,month,15,760.4,0.0035346841054238,0.0004897154705809,0.1018354291377553,0.2032328069897566,0.2106001410424568,0.2103514610694814,,20211.0,0.1234082985864101,0.5333333333333333,202102.0,
Market,wf2021,2021,band,0.2,month,23,765.4782608695652,0.0007612055405929,0.000899045368142,0.1007071637317526,0.2011133231941215,0.203913100862232,0.2037281151379584,,20211.0,0.2265594327718006,0.7391304347826086,202103.0,
Market,wf2021,2021,band,0.2,month,21,770.6666666666666,0.0013985027750909,0.0013996471216327,0.1155185150470565,0.2305814883597738,0.2201042315696131,0.2198476139239932,,20212.0,0.352711074651455,0.9047619047619048,202104.0,
Market,wf2021,2021,band,0.2,month,18,775.5,0.0037006659057155,0.0006363614172443,0.1135929425884608,0.2267837504396559,0.2186681149186806,0.2184320060686292,,20212.0,0.1603630771455711,0.5,202105.0,
Market,wf2021,2021,band,0.2,month,21,781.7619047619048,0.001103275368135,0.0011491948523061,0.1159136872114961,0.2315166419802852,0.2240892924545023,0.223900677322865,,20212.0,0.2895971027811443,0.7142857142857143,202106.0,
Market,wf2021,2021,band,0.2,month,22,789.5909090909091,0.0029462457823137,0.0022153016451621,0.1278656211574965,0.2553901130605303,0.2426035073573236,0.2425101600232302,,20213.0,0.5582560145808554,0.8636363636363636,202107.0,
Market,wf2021,2021,band,0.2,month,22,794.1818181818181,0.0029735230839196,0.0013969100482808,0.1013292652972508,0.2023436782342448,0.2138205198408091,0.2136298554821409,,20213.0,0.3520213321667766,0.8181818181818182,202108.0,
Market,wf2021,2021,band,0.2,month,20,799.55,0.0004406770928425,0.0004541124569616,0.0923306106604658,0.1843872792135706,0.1955710969173095,0.1953525869081952,,20213.0,0.1144363391543241,0.55,202109.0,
Market,wf2021,2021,band,0.2,month,16,808.6875,-0.0006662724170515,0.001069666523531,0.0982536941993065,0.1961199784531167,0.2065388136720415,0.2065655579195948,,20214.0,0.2695559639298365,0.625,202110.0,
Market,wf2021,2021,band,0.2,month,22,810.4090909090909,0.0052097575451461,0.001188937821941,0.1030686062976322,0.2057795488362291,0.212255483315475,0.2120527942333316,,20214.0,0.2996123311291459,0.6363636363636364,202111.0,
Market,wf2021,2021,band,0.2,month,23,813.7826086956521,0.001092627071187,-0.0001140597555377,0.1008511386862917,0.201366597117251,0.199510513286217,0.1993069661825883,,20214.0,-0.0287430583955149,0.4782608695652174,202112.0,
Market,wf2021,2021,band,0.3,month,20,1134.0,-0.0026544791567735,0.0015221935511241,0.1014067149368962,0.3037556522258379,0.2133629861760268,0.3197895194262002,,20211.0,0.3835927748832851,0.7,202101.0,
Market,wf2021,2021,band,0.3,month,15,1140.6666666666667,0.0036370454368252,0.0005920768019824,0.0991160035044705,0.296730306764819,0.206181438081324,0.3089299897703568,,20211.0,0.1492033540995785,0.6,202102.0,
Market,wf2021,2021,band,0.3,month,23,1148.304347826087,0.0008756595026714,0.0010134993302205,0.0923161702098581,0.2765532783174359,0.1913463995173762,0.2867800686629754,,20211.0,0.2554018312155911,0.6956521739130435,202103.0,
Market,wf2021,2021,band,0.3,month,21,1156.190476190476,0.0011835039456691,0.0011846482922109,0.1045422977121973,0.3130579994177814,0.206285282095795,0.3091155699150045,,20212.0,0.2985313696371564,0.7142857142857143,202104.0,
Market,wf2021,2021,band,0.3,month,18,1163.3333333333333,0.0035978852707122,0.000533580782241,0.105297665987722,0.3153626339231242,0.2057191391972269,0.3082700535701732,,20212.0,0.1344623571247365,0.6666666666666666,202105.0,
Market,wf2021,2021,band,0.3,month,21,1172.6666666666667,0.0010553115995133,0.0011012310836843,0.1069676993933445,0.3204907266381872,0.2134397891314064,0.3199010679930947,,20212.0,0.2775102330884682,0.7142857142857143,202106.0,
Market,wf2021,2021,band,0.3,month,22,1184.3636363636365,0.0026445888813224,0.0019136447441707,0.1147500526892418,0.3437774145148227,0.226164725173897,0.3391079333723167,,20213.0,0.482238475531037,0.8181818181818182,202107.0,
Market,wf2021,2021,band,0.3,month,22,1191.3636363636365,0.0031632887772272,0.0015866757415884,0.0915694948596988,0.2743016253349562,0.2015443700118042,0.3020655382279964,,20213.0,0.3998422868802795,0.7272727272727273,202108.0,
Market,wf2021,2021,band,0.3,month,20,1199.35,0.0009628638976855,0.0009762992618045,0.0879169199639992,0.2633604103982548,0.1904759617461608,0.2853966882032567,,20213.0,0.2460274139747432,0.65,202109.0,
Market,wf2021,2021,band,0.3,month,16,1213.1875,-0.0009311864437633,0.0008047524968193,0.0924764001134143,0.2769013703692293,0.1945800829979033,0.2919377991354204,,20214.0,0.2027976291984805,0.5625,202110.0,
Market,wf2021,2021,band,0.3,month,22,1215.7272727272727,0.0051672069419862,0.0011463872187811,0.0954015922245847,0.2857326662631665,0.2008269280164369,0.3009813536873357,,20214.0,0.2888895791328519,0.5909090909090909,202111.0,
Market,wf2021,2021,band,0.3,month,23,1220.9565217391305,0.0014561469012261,0.0002494600745013,0.0955060095177785,0.2861141239228902,0.1956269436002682,0.2932121016360769,,20214.0,0.0628639387743353,0.5652173913043478,202112.0,
Market,wf2021,2021,band,0.05,quarter,58,189.8448275862069,0.0005203413508772,0.0012277420520659,0.0952575916315936,0.0474571106317609,0.2044828646233735,0.0509701252179322,202102.05172413797,,0.3093909971206194,0.5689655172413793,,20211.0
Market,wf2021,2021,band,0.05,quarter,60,193.7,0.0025703771627681,0.0016675581569762,0.1081222122087373,0.0538818795192124,0.2114415423661505,0.0527230807786486,202105.0,,0.4202246555580206,0.7333333333333333,,20212.0
Market,wf2021,2021,band,0.05,quarter,64,198.171875,0.0019053875591825,0.001116363332323,0.0939674959421221,0.0468222843607173,0.2060527279177766,0.051371078844188,202107.96875,,0.2813235597454112,0.6875,,20213.0
Market,wf2021,2021,band,0.05,quarter,61,202.4262295081967,0.0023189761257036,0.0008691923900338,0.0886850947314535,0.0441807807325893,0.1987467632598572,0.0495549021216835,202111.11475409835,,0.2190364822885264,0.6229508196721312,,20214.0
Market,wf2021,2021,band,0.1,quarter,58,380.2241379310345,-3.212311758290882e-05,0.0006752775836057,0.0974425462222671,0.0972225284843218,0.201643368320326,0.1006664965236554,202102.05172413797,,0.1701699510686536,0.5689655172413793,,20211.0
Market,wf2021,2021,band,0.1,quarter,60,387.81666666666666,0.0019009690252109,0.000998150019419,0.1093660448589865,0.1091271205830014,0.2144833788690479,0.1070801580924596,202105.0,,0.2515338048936066,0.7,,20212.0
Market,wf2021,2021,band,0.1,quarter,64,396.84375,0.0012181455266358,0.0004291212997762,0.1088369674443263,0.1085974507033785,0.2181578908388914,0.1089158206588575,202107.96875,,0.1081385675436242,0.5625,,20213.0
Market,wf2021,2021,band,0.1,quarter,61,405.40983606557376,0.0019978152321244,0.0005480314964546,0.1044478729786943,0.1042135173840695,0.2129460121906365,0.1063510483674626,202111.11475409835,,0.1381039371065659,0.5573770491803278,,20214.0
Market,wf2021,2021,band,0.2,quarter,58,760.8275862068965,0.0003186942411276,0.0010260949423163,0.1043265724505075,0.2082835388592009,0.2119597386215285,0.2117388653455129,202102.05172413797,,0.2585759254637172,0.6896551724137931,,20211.0
Market,wf2021,2021,band,0.2,quarter,60,776.0,0.0019858221218437,0.0010830031160519,0.1150791535670316,0.2297694707509174,0.2210681678840446,0.2208415037569891,202105.0,,0.2729167852450812,0.7166666666666667,,20212.0
Market,wf2021,2021,band,0.2,quarter,64,794.28125,0.002172632139281,0.0013836079124215,0.1076390580502149,0.2149670155118198,0.2180117271360174,0.2178458137387823,202107.96875,,0.3486691939302248,0.75,,20213.0
Market,wf2021,2021,band,0.2,quarter,61,811.2295081967213,0.0021161431140605,0.0006663593783906,0.1009695841888774,0.2015819912023554,0.2059505484799361,0.2058077151155138,202111.11475409835,,0.1679225633544549,0.5737704918032787,,20214.0
Market,wf2021,2021,band,0.3,quarter,58,1141.396551724138,0.0003725218444543,0.0010799225456429,0.0972094183815813,0.2911516042636219,0.202774973855863,0.3038910657642723,202102.05172413797,,0.272140481502034,0.6724137931034483,,20211.0
Market,wf2021,2021,band,0.3,quarter,60,1164.1,0.0018629510220275,0.0009601320162356,0.1056177987832562,0.3163508442965262,0.2086195166886886,0.3126368393388867,202105.0,,0.2419532680913896,0.7,,20212.0
Market,wf2021,2021,band,0.3,quarter,64,1191.453125,0.0022973529131531,0.0015083286862936,0.0983963819586981,0.2947647981978162,0.20654873951576,0.3095898459261254,202107.96875,,0.3800988289459974,0.734375,,20213.0
Market,wf2021,2021,band,0.3,quarter,61,1217.032786885246,0.0021683762024866,0.0007185924668168,0.0946736991748262,0.2835600890807181,0.19722776142843,0.2956798836871784,202111.11475409835,,0.1810853016378384,0.5737704918032787,,20214.0
T033,wf2021,2021,raw,0.05,year,243,196.14814814814812,0.0027438880001371,0.0021180680080653,0.1252166679623565,0.0623897610243049,0.2449674249657807,0.0610751270393168,202106.6131687243,20212.526748971195,0.53375313803248,0.691358024691358,,
T033,wf2021,2021,raw,0.1,year,243,392.798353909465,0.0026660079412418,0.00204018794917,0.1178454866440648,0.1175839663425757,0.2348598942551737,0.1172605756869162,202106.6131687243,20212.526748971195,0.5141273631908481,0.7530864197530864,,
T033,wf2021,2021,raw,0.2,year,243,786.0370370370371,0.0024412841005522,0.0018154641084805,0.1076520152906559,0.2149460155322727,0.2205242869070547,0.2203307838546176,202106.6131687243,20212.526748971195,0.4574969553370916,0.7818930041152263,,
T033,wf2021,2021,raw,0.3,year,243,1179.1728395061727,0.002187616750512,0.0015617967584402,0.1021634090341616,0.306011088729002,0.2113870298653165,0.3168375545960813,202106.6131687243,20212.526748971195,0.393572783126949,0.8106995884773662,,
T033,wf2021,2021,raw,0.05,month,20,188.55,-0.0015047845856241,0.0026718881222736,0.1167754997520479,0.0581544196817901,0.2436340008122631,0.0607137126457728,,20211.0,0.6733158068129544,0.7,202101.0,
T033,wf2021,2021,raw,0.05,month,15,189.8,0.0041978241385973,0.0011528555037545,0.1126524682687703,0.0561201891422164,0.2274420168269166,0.0567082464646371,,20211.0,0.2905195869461441,0.6,202102.0,
T033,wf2021,2021,raw,0.05,month,23,191.0,0.0020982968969913,0.0022361367245405,0.1421384092051804,0.0708439501868685,0.2569483041203719,0.0640698865239583,,20211.0,0.563506454584213,0.6521739130434783,202103.0,
T033,wf2021,2021,raw,0.05,month,21,192.33333333333331,0.0029274221338281,0.0029285664803699,0.129417502714354,0.0644645862487324,0.2442134460469619,0.0608797534450114,,20212.0,0.7379987530532213,0.7619047619047619,202104.0,
T033,wf2021,2021,raw,0.05,month,18,193.61111111111111,0.0060770089365717,0.0030127044481004,0.138272740167556,0.0689232962850417,0.2622822989249082,0.0654102008267396,,20212.0,0.7592015209213155,0.9444444444444444,202105.0,
T033,wf2021,2021,raw,0.05,month,21,195.14285714285717,0.0027696349541971,0.0028155544383681,0.1412954250349494,0.0704348612076286,0.2686763417837353,0.0669999890478082,,20212.0,0.7095197184687744,0.8095238095238095,202106.0,
T033,wf2021,2021,raw,0.05,month,22,196.95454545454547,0.0049796364902109,0.0042486923530593,0.145483641465247,0.0724790210152432,0.2795450633224363,0.0696926432665462,,20213.0,1.0706704729709542,0.8636363636363636,202107.0,
T033,wf2021,2021,raw,0.05,month,22,198.1818181818182,0.0024342769024419,0.0008576638668031,0.1108460560070517,0.055230136449187,0.2179151839064727,0.0543264535051071,,20213.0,0.2161312944343889,0.5454545454545454,202108.0,
T033,wf2021,2021,raw,0.05,month,20,199.5,0.0021601175560039,0.0021735529201229,0.1224506050956994,0.0610157195744662,0.2446246115943851,0.0609674328473341,,20213.0,0.5477353358709837,0.6,202109.0,
T033,wf2021,2021,raw,0.05,month,16,201.875,-0.0004274006855636,0.001308538255019,0.1083376261009491,0.0539844284977199,0.2232004851765413,0.0557287715798226,,20214.0,0.3297516402648033,0.625,202110.0,
T033,wf2021,2021,raw,0.05,month,22,202.22727272727272,0.005502657594687,0.0014818378714819,0.1155508922335509,0.0575675035499766,0.2447659265228045,0.061019786617996,,20214.0,0.3734231436134547,0.7272727272727273,202111.0,
T033,wf2021,2021,raw,0.05,month,23,203.0,0.0015686705850735,0.0003619837583486,0.1128479124022488,0.0562065358415197,0.2195008809097435,0.0546968646344031,,20214.0,0.091219907103863,0.4782608695652174,202112.0,
T033,wf2021,2021,raw,0.1,month,20,377.65,-0.0016841009192875,0.0024925717886101,0.115799322673076,0.1155169302065377,0.2362153335678119,0.1179049145403621,,20211.0,0.6281280907297642,0.75,202101.0,
T033,wf2021,2021,raw,0.1,month,15,380.06666666666666,0.0046996464489942,0.0016546778141514,0.1074478882700036,0.1071829714696243,0.2249184462697931,0.112292864567075,,20211.0,0.4169788091661629,0.6666666666666666,202102.0,
T033,wf2021,2021,raw,0.1,month,23,382.5652173913044,0.0025238113983021,0.0026616512258513,0.1316206414994878,0.1313820500531019,0.2482501100943117,0.1239655725825619,,20211.0,0.6707361089145379,0.6956521739130435,202103.0,
T033,wf2021,2021,raw,0.1,month,21,385.1904761904762,0.0022467230826196,0.0022478674291614,0.1170182191923413,0.1167409064600526,0.231549631216465,0.1155981519494429,,20212.0,0.5664625921486873,0.7619047619047619,202104.0,
T033,wf2021,2021,raw,0.1,month,18,387.55555555555554,0.0055116164593525,0.0024473119708812,0.1248252157108588,0.1245416241404485,0.2434987372503681,0.1215573367578168,,20212.0,0.6167226166620838,0.9444444444444444,202105.0,
T033,wf2021,2021,raw,0.1,month,21,390.6666666666667,0.002550855161708,0.0025967746458791,0.1324777252152219,0.132221517452388,0.253617433158927,0.1266305503013825,,20212.0,0.6543872107615349,0.9047619047619048,202106.0,
T033,wf2021,2021,raw,0.1,month,22,394.45454545454544,0.0041698257061805,0.0034388815690288,0.1343023930917543,0.1340015153158688,0.2598959624404651,0.1297700312374575,,20213.0,0.8665981553952792,0.8636363636363636,202107.0,
T033,wf2021,2021,raw,0.1,month,22,396.8181818181818,0.0028307181088101,0.0012541050731713,0.1071103045227835,0.1068657846138484,0.2185249789526979,0.1090870872239488,,20213.0,0.3160344784391726,0.6818181818181818,202108.0,
T033,wf2021,2021,raw,0.1,month,20,399.5,0.0019587191403721,0.0019721545044911,0.1148166264664439,0.1145612935181814,0.2304525566297532,0.1150126284995646,,20213.0,0.4969829351317696,0.65,202109.0,
T033,wf2021,2021,raw,0.1,month,16,404.1875,-0.0007645480185859,0.0009713909219966,0.1037527611751888,0.1035120606582206,0.2155199738157283,0.1077505081072467,,20214.0,0.2447905123431658,0.6875,202110.0,
T033,wf2021,2021,raw,0.1,month,22,405.0,0.0056190426507705,0.0015982229275655,0.1088802104435468,0.1086342381222245,0.2298499107167084,0.1147558702678155,,20214.0,0.4027521777465068,0.7272727272727273,202111.0,
T033,wf2021,2021,raw,0.1,month,23,406.6521739130435,0.0021064710024175,0.0008997841756926,0.1101036661627788,0.1098530730053143,0.2196653619122246,0.1096538783717478,,20214.0,0.2267456122745501,0.6956521739130435,202112.0,
T033,wf2021,2021,raw,0.2,month,20,755.8,-0.00208902414594,0.0020876485619576,0.1117022991125528,0.2229990974544323,0.225130400063907,0.2248843605142344,,20211.0,0.5260874376133364,0.65,202101.0,
T033,wf2021,2021,raw,0.2,month,15,760.4,0.0048700709976598,0.001825102362817,0.1028026498977338,0.2051639058604912,0.2172003502302465,0.2169514746568083,,20211.0,0.4599257954299031,0.7333333333333333,202102.0,
T033,wf2021,2021,raw,0.2,month,23,765.4782608695652,0.0021313031020083,0.0022691429295574,0.1171143233373184,0.2338984213517789,0.2310583260513827,0.2308579708725714,,20211.0,0.5718240182484889,0.8260869565217391,202103.0,
T033,wf2021,2021,raw,0.2,month,21,770.6666666666666,0.0016607792060874,0.0016619235526292,0.1063040485795974,0.2121764268935728,0.2173655647113268,0.2171044159566523,,20212.0,0.4188047352625658,0.8571428571428571,202104.0,
T033,wf2021,2021,raw,0.2,month,18,775.5,0.0049336212939274,0.0018693168054561,0.1120307005473163,0.2236687924967889,0.2235514439282413,0.2233139186703591,,20212.0,0.4710678349749601,0.8333333333333334,202105.0,
T033,wf2021,2021,raw,0.2,month,21,781.7619047619048,0.0020308786452433,0.0020767981294143,0.1167437205286092,0.2331649282690022,0.2325283097062253,0.2323321621356841,,20212.0,0.523353128612419,0.8571428571428571,202106.0,
T033,wf2021,2021,raw,0.2,month,22,789.5909090909091,0.0033431102596779,0.0026121661225263,0.1190074276636592,0.237686920213056,0.2386257312304258,0.2385123933968356,,20213.0,0.6582658628766425,0.9090909090909092,202107.0,
T033,wf2021,2021,raw,0.2,month,22,794.1818181818181,0.0030737687369772,0.0014971557013384,0.097363120060748,0.1944205695097546,0.2081980746968327,0.2080091350061939,,20213.0,0.3772832367372821,0.7272727272727273,202108.0,
T033,wf2021,2021,raw,0.2,month,20,799.55,0.0019111728883343,0.0019246082524533,0.1028037573308269,0.2052979205119244,0.2140293036284917,0.2137891232043611,,20213.0,0.4850012796182453,0.75,202109.0,
T033,wf2021,2021,raw,0.2,month,16,808.6875,-0.00046859611977,0.0012673428208126,0.1007655041121811,0.2011403919160296,0.2115807766422243,0.2116430457971927,,20214.0,0.3193703908447823,0.75,202110.0,
T033,wf2021,2021,raw,0.2,month,22,810.4090909090909,0.0055377652623545,0.0015169455391494,0.0989557735353224,0.1975739384859725,0.2126887841669141,0.2124881290997365,,20214.0,0.3822702758656674,0.7272727272727273,202111.0,
T033,wf2021,2021,raw,0.2,month,23,813.7826086956521,0.0022992778836824,0.0010925910569576,0.1036376742132383,0.2069293357135161,0.2115475708741961,0.2113298034155412,,20214.0,0.2753329463533189,0.7391304347826086,202112.0,
T033,wf2021,2021,raw,0.3,month,20,1134.0,-0.0024184438078528,0.0017582289000449,0.1081717868013709,0.3240252116825736,0.2182581471025532,0.3271254853881375,,20211.0,0.4430736828113178,0.75,202101.0,
T033,wf2021,2021,raw,0.3,month,15,1140.6666666666667,0.0048447573413918,0.001799788706549,0.1006548013935529,0.3013410858132275,0.2122609178589491,0.3180454785274427,,20211.0,0.4535467540503649,0.8,202102.0,
T033,wf2021,2021,raw,0.3,month,23,1148.304347826087,0.001808740753594,0.0019465805811431,0.1096764876106813,0.3285912760950909,0.2200948923887556,0.3298816210007533,,20211.0,0.4905383064480843,0.9130434782608696,202103.0,
T033,wf2021,2021,raw,0.3,month,21,1156.190476190476,0.0014164541033242,0.001417598449866,0.1017050828579049,0.3045495772994323,0.2080581613624763,0.3117658147463903,,20212.0,0.3572348093662395,0.8095238095238095,202104.0,
T033,wf2021,2021,raw,0.3,month,18,1163.3333333333333,0.0044362053427493,0.0013719008542781,0.1039617964155303,0.3113636081267136,0.2101623727960738,0.3149336973439517,,20212.0,0.3457190152780887,0.8333333333333334,202105.0,
T033,wf2021,2021,raw,0.3,month,21,1172.6666666666667,0.0016756717598456,0.0017215912440167,0.1094536118122068,0.3279092627542162,0.2203869953838746,0.3303031607899137,,20212.0,0.4338409934922104,0.8571428571428571,202106.0,
T033,wf2021,2021,raw,0.3,month,22,1184.3636363636365,0.0026625154918973,0.0019315713547456,0.1106982854903718,0.3316288689608617,0.2262148884500717,0.3391715126027778,,20213.0,0.4867559813959087,0.8636363636363636,202107.0,
T033,wf2021,2021,raw,0.3,month,22,1191.3636363636365,0.0030437865293077,0.0014671734936689,0.09195648262018,0.2754510544763949,0.2011013201260684,0.3013964424585337,,20213.0,0.3697277204045673,0.7272727272727273,202108.0,
T033,wf2021,2021,raw,0.3,month,20,1199.35,0.0017171231665699,0.0017305585306889,0.0986637179790456,0.2955564281989943,0.2062754744989658,0.3090783713290105,,20213.0,0.4361007497336071,0.8,202109.0,
T033,wf2021,2021,raw,0.3,month,16,1213.1875,-0.0006644495501937,0.0010714893903889,0.09728781810501,0.2913294482251061,0.2039141691153507,0.3060225265039406,,20214.0,0.270015326378006,0.625,202110.0,
T033,wf2021,2021,raw,0.3,month,22,1215.7272727272727,0.0053549984845668,0.0013341787613617,0.0944186361651294,0.2827976997448395,0.2029931941157096,0.3042290112355223,,20214.0,0.3362130478631731,0.9090909090909092,202111.0,
T033,wf2021,2021,raw,0.3,month,23,1220.9565217391305,0.0023409186142002,0.0011342317874753,0.0982066154976925,0.2941994198745808,0.2052423897976918,0.3076234978490834,,20214.0,0.2858264104437941,0.782608695652174,202112.0,
T033,wf2021,2021,raw,0.05,quarter,58,189.8448275862069,0.0013988361896082,0.0021062368907969,0.1257669039791666,0.0626603807770177,0.2447262286796132,0.0610087127575182,202102.05172413797,,0.5307716964808302,0.6551724137931034,,20211.0
T033,wf2021,2021,raw,0.05,quarter,60,193.7,0.0038170726617803,0.0029142536559884,0.136231346762523,0.0678917954952388,0.2581961154182165,0.0643809701205088,202105.0,,0.7343919213090931,0.8333333333333334,,20212.0
T033,wf2021,2021,raw,0.05,quarter,64,198.171875,0.0032235694649756,0.0024345452381161,0.1263791475985088,0.0629674352454186,0.2474471511081827,0.0616838872800477,202107.96875,,0.613505400005269,0.671875,,20213.0
T033,wf2021,2021,raw,0.05,quarter,61,202.4262295081967,0.002463925894603,0.0010141421589332,0.1126397316722136,0.0561145288265239,0.2295832525778763,0.0572479268436778,202111.11475409835,,0.2555638240511756,0.6065573770491803,,20214.0
T033,wf2021,2021,raw,0.1,quarter,58,380.2241379310345,0.0016355231122433,0.0023429238134319,0.119913440206893,0.1196529366792494,0.2380661361650397,0.118856886701936,202102.05172413797,,0.5904168009848638,0.7068965517241379,,20211.0
T033,wf2021,2021,raw,0.1,quarter,60,387.81666666666666,0.0033326373233204,0.0024298183175285,0.1247711452559048,0.1244993356114888,0.2428580937064977,0.1212472468151339,202105.0,,0.6123142160172029,0.8666666666666667,,20212.0
T033,wf2021,2021,raw,0.1,quarter,64,396.84375,0.0030185366677693,0.0022295124409098,0.1188658105757611,0.118598538575272,0.2364736225506976,0.1180485808772223,202107.96875,,0.5618371351092708,0.734375,,20213.0
T033,wf2021,2021,raw,0.1,quarter,61,405.40983606557376,0.0026202459520521,0.0011704622163822,0.107996608693524,0.107750276858077,0.2222511629639411,0.1109946963632474,202111.11475409835,,0.2949564785283353,0.7049180327868853,,20214.0
T033,wf2021,2021,raw,0.2,quarter,58,760.8275862068965,0.0013843198860739,0.0020917205872626,0.1115468132323342,0.2227086935877057,0.2254302543778214,0.2252015975897579,202102.05172413797,,0.5271135879901815,0.7413793103448276,,20211.0
T033,wf2021,2021,raw,0.2,quarter,60,776.0,0.0027721666361439,0.0018693476303521,0.1116759293520672,0.2229701120559379,0.2245282892246156,0.2242969779334255,202105.0,,0.4710756028487327,0.85,,20212.0
T033,wf2021,2021,raw,0.2,quarter,64,794.28125,0.0028030436827047,0.0020140194558451,0.1065035499461484,0.2126925497521925,0.2204798406713987,0.2203008763899042,202107.96875,,0.5075329028729882,0.796875,,20213.0
T033,wf2021,2021,raw,0.2,quarter,61,811.2295081967213,0.002741257199675,0.0012914734640051,0.1011957637783028,0.2020368465370285,0.2119678657058067,0.211829722155848,202111.11475409835,,0.3254513129293039,0.7377049180327869,,20214.0
T033,wf2021,2021,raw,0.3,quarter,58,1141.396551724138,0.00113626760856,0.0018436683097487,0.1068244305513169,0.3199693081213272,0.2174355040495979,0.3258701580808917,202102.05172413797,,0.4646044140566857,0.8275862068965517,,20211.0
T033,wf2021,2021,raw,0.3,quarter,60,1164.1,0.0024131056549342,0.0015102866491423,0.1050940820591982,0.314769676456791,0.213004516700045,0.319204250640892,202105.0,,0.380592235583884,0.8333333333333334,,20212.0
T033,wf2021,2021,raw,0.3,quarter,64,1191.453125,0.0024981423093423,0.0017091180824828,0.1004949884064539,0.3010451074937427,0.211351032478975,0.3167822255926416,202107.96875,,0.4306977567856658,0.796875,,20213.0
T033,wf2021,2021,raw,0.3,quarter,61,1217.032786885246,0.0026396705243274,0.0011898867886576,0.0965994629796711,0.2893345446410414,0.2040828187170186,0.3059793298651387,202111.11475409835,,0.2998514707417241,0.7868852459016393,,20214.0
T033,wf2021,2021,band,0.05,year,243,196.14814814814812,0.0023078767626706,0.0016820567705989,0.1139161245055593,0.0567608694567268,0.2278308757689861,0.0568033817525478,202106.6131687243,20212.526748971195,0.4238783061909273,0.6995884773662552,,
T033,wf2021,2021,band,0.1,year,243,392.798353909465,0.0016554083874888,0.001029588395417,0.1095842329554675,0.1093410652632632,0.2192507075422047,0.109467939934751,202106.6131687243,20212.526748971195,0.2594562756451085,0.7078189300411523,,
T033,wf2021,2021,band,0.2,year,243,786.0370370370371,0.0017989883657197,0.0011731683736479,0.1134400481069195,0.2265034781748307,0.2245147258926257,0.2243183721349552,202106.6131687243,20212.526748971195,0.2956384301592947,0.7160493827160493,,
T033,wf2021,2021,band,0.3,year,243,1179.1728395061727,0.0019158974720532,0.0012900774799814,0.1073688777921963,0.3216041062005154,0.2172968278578498,0.3256937916128402,202106.6131687243,20212.526748971195,0.3250995249553329,0.7736625514403292,,
T033,wf2021,2021,band,0.05,month,20,188.55,-0.0021086643866783,0.0020680083212194,0.1164631899126111,0.0580043859037958,0.2343094119920611,0.0583882112337304,,20211.0,0.5211380969472945,0.75,202101.0,
T033,wf2021,2021,band,0.05,month,15,189.8,0.0039309160409886,0.0008859474061458,0.1067541990644304,0.0531873182308008,0.215634181460318,0.0537614555037232,,20211.0,0.2232587463487546,0.6666666666666666,202102.0,
T033,wf2021,2021,band,0.05,month,23,191.0,0.0015517147576452,0.0016895545851943,0.1235675670001532,0.0615856827546565,0.2300824491846027,0.057367375798212,,20211.0,0.4257677554689885,0.6086956521739131,202103.0,
T033,wf2021,2021,band,0.05,month,21,192.33333333333331,0.0014042005525756,0.0014053448991174,0.1151587784988658,0.0573656205720673,0.2280597929443242,0.0568474859255293,,20212.0,0.3541469145776084,0.7142857142857143,202104.0,
T033,wf2021,2021,band,0.05,month,18,193.61111111111111,0.0048839619492278,0.0018196574607566,0.1153880011022907,0.0575169021918986,0.2326871297043702,0.0580304482111544,,20212.0,0.4585536801106665,0.7222222222222222,202105.0,
T033,wf2021,2021,band,0.05,month,21,195.14285714285717,0.0026969091077632,0.0027428285919342,0.1281308963289139,0.0638700372332831,0.2467403338789938,0.0615344138476217,,20212.0,0.6911928051674362,0.7619047619047619,202106.0,
T033,wf2021,2021,band,0.05,month,22,196.95454545454547,0.0030741029994303,0.0023431588622787,0.1255749929208857,0.0625609565433796,0.2506619871464067,0.0625009885452394,,20213.0,0.590476033294237,0.7727272727272727,202107.0,
T033,wf2021,2021,band,0.05,month,22,198.1818181818182,0.0023189726223427,0.0007423595867039,0.1062362833056539,0.0529373650586116,0.2168286950725387,0.0540556316767717,,20213.0,0.1870746158493934,0.6363636363636364,202108.0,
T033,wf2021,2021,band,0.05,month,20,199.5,0.0017506948069126,0.0017641301710316,0.1097423710433293,0.0546889826498928,0.215770548587339,0.0537810670545393,,20213.0,0.4445608030999861,0.7,202109.0,
T033,wf2021,2021,band,0.05,month,16,201.875,-0.0002504318888574,0.0014855070517252,0.0968892728779164,0.0482858205000199,0.2164395405034768,0.054042454940672,,20214.0,0.3743477770347513,0.625,202110.0,
T033,wf2021,2021,band,0.05,month,22,202.22727272727272,0.006657695453993,0.002636875730788,0.1148580776024812,0.0572261198799837,0.2360135929959439,0.0588365597157835,,20214.0,0.6644926841585762,0.8636363636363636,202111.0,
T033,wf2021,2021,band,0.05,month,23,203.0,0.0016598084124027,0.0004531215856779,0.1022225507501043,0.0509121537444102,0.2058955150597156,0.0513072836291221,,20214.0,0.1141866395908332,0.5652173913043478,202112.0,
T033,wf2021,2021,band,0.1,month,20,377.65,-0.003011190696132,0.0011654820117656,0.1135183043720383,0.1132413104666562,0.2255925033675617,0.1125958175942312,,20211.0,0.2937014669649456,0.7,202101.0,
T033,wf2021,2021,band,0.1,month,15,380.06666666666666,0.0037807206053521,0.0007357519705093,0.102647427326829,0.1023984624991076,0.2123074623080202,0.1059951721341922,,20211.0,0.1854094965683613,0.6,202102.0,
T033,wf2021,2021,band,0.1,month,23,382.5652173913044,0.000810776217615,0.0009486160451641,0.1111520080430126,0.1109438098718651,0.2158221873819828,0.107768160478292,,20211.0,0.2390512433813728,0.6521739130434783,202103.0,
T033,wf2021,2021,band,0.1,month,21,385.1904761904762,0.0007178738020532,0.000719018148595,0.110925075053705,0.1106672172489088,0.2193605238630242,0.109511211383591,,20212.0,0.1811925734459587,0.6666666666666666,202104.0,
T033,wf2021,2021,band,0.1,month,18,387.55555555555554,0.0045610409222441,0.0014967364337729,0.1126943832444342,0.1124419321579452,0.2244703525141338,0.112062937327112,,20212.0,0.3771775813107784,0.8333333333333334,202105.0,
T033,wf2021,2021,band,0.1,month,21,390.6666666666667,0.0013466404722399,0.001392559956411,0.1156925752900656,0.1154608299457901,0.227606069016273,0.1136399037130917,,20212.0,0.3509251090155825,0.7142857142857143,202106.0,
T033,wf2021,2021,band,0.1,month,22,394.45454545454544,0.0024924858473482,0.0017615417101966,0.1199212237121792,0.1196639206476624,0.2366805404777051,0.1181968346635807,,20213.0,0.4439085109695454,0.8181818181818182,202107.0,
T033,wf2021,2021,band,0.1,month,22,396.8181818181818,0.0021230448627405,0.0005464318271016,0.108517490652834,0.1082687855090108,0.2162036921919199,0.107924755105152,,20213.0,0.1377008204296251,0.6363636363636364,202108.0,
T033,wf2021,2021,band,0.1,month,20,399.5,0.000726005970901,0.0007394413350201,0.1067706301448796,0.1065339132337933,0.2097900071976118,0.1047088994357009,,20213.0,0.1863392164250653,0.6,202109.0,
T033,wf2021,2021,band,0.1,month,16,404.1875,-0.0003847088755942,0.0013512300649884,0.0999061917518998,0.0996734018176479,0.2151423088098344,0.1075495308334032,,20214.0,0.340509976377088,0.75,202110.0,
T033,wf2021,2021,band,0.1,month,22,405.0,0.005657685736487,0.001636866013282,0.1128123460552717,0.1125586277994955,0.2280578890708098,0.1138616900966431,,20214.0,0.4124902353470711,0.9090909090909092,202111.0,
T033,wf2021,2021,band,0.1,month,23,406.6521739130435,0.0011869701914465,-1.9716635278284106e-05,0.0971082769588206,0.0968896641032475,0.198781785307818,0.0992299500539647,,20214.0,-0.0049685920901275,0.6086956521739131,202112.0,
T033,wf2021,2021,band,0.2,month,20,755.8,-0.0029940219676563,0.0011826507402413,0.1137612770071656,0.2271170909269395,0.2242782300279409,0.2240336604060016,,20211.0,0.2980279865408213,0.6,202101.0,
T033,wf2021,2021,band,0.2,month,15,760.4,0.0040062436593884,0.0009612750245456,0.1056478092429289,0.210851510639332,0.2180448660290125,0.2177990113924211,,20211.0,0.2422413061855058,0.7333333333333333,202102.0,
T033,wf2021,2021,band,0.2,month,23,765.4782608695652,0.0011591031363195,0.0012969429638687,0.1185583994784741,0.2367804042108632,0.2286534985122722,0.2284561332761533,,20211.0,0.3268296268949159,0.6956521739130435,202103.0,
T033,wf2021,2021,band,0.2,month,21,770.6666666666666,0.001336552484229,0.0013376968307708,0.1172815366149899,0.2340948386058028,0.2259539616519192,0.2256874064324331,,20212.0,0.3370996013542662,0.8095238095238095,202104.0,
T033,wf2021,2021,band,0.2,month,18,775.5,0.0046633890660545,0.0015990845775833,0.1183426334035433,0.2362649553743362,0.2319390355323955,0.2316923500266123,,20212.0,0.4029693135509969,0.9444444444444444,202105.0,
T033,wf2021,2021,band,0.2,month,21,781.7619047619048,0.0014565980018413,0.0015025174860124,0.1210307917758905,0.2417230124524861,0.2350537425031401,0.23485306799061,,20212.0,0.3786344064751267,0.7619047619047619,202106.0,
T033,wf2021,2021,band,0.2,month,22,789.5909090909091,0.0029082225177741,0.0021772783806225,0.1260836424095167,0.251828802035582,0.2419697082326568,0.2418603922119837,,20213.0,0.548674151916875,0.8181818181818182,202107.0,
T033,wf2021,2021,band,0.2,month,22,794.1818181818181,0.0020417917221096,0.0004651786864708,0.1085930889912562,0.216843706057139,0.2175521593946624,0.2173535119553118,,20213.0,0.1172250289906509,0.5,202108.0,
T033,wf2021,2021,band,0.2,month,20,799.55,0.000930428706896,0.000943864071015,0.109408360143061,0.2184829794546732,0.2159677379113178,0.2157272379093516,,20213.0,0.2378537458957978,0.6,202109.0,
T033,wf2021,2021,band,0.2,month,16,808.6875,-0.0007369847943818,0.0009989541462008,0.1049633653373254,0.2095204592360878,0.2169488595221327,0.2170045542973138,,20214.0,0.2517364448426087,0.8125,202110.0,
T033,wf2021,2021,band,0.2,month,22,810.4090909090909,0.0053863451689372,0.0013655254457322,0.1108426297747019,0.221300981552837,0.2275502428295238,0.2273330875338642,,20214.0,0.3441124123245156,0.8181818181818182,202111.0,
T033,wf2021,2021,band,0.2,month,23,813.7826086956521,0.0014551172773267,0.0002484304506019,0.1032788057216584,0.206214506237825,0.2078096942461467,0.2075978815958151,,20214.0,0.062604473551684,0.5652173913043478,202112.0,
T033,wf2021,2021,band,0.3,month,20,1134.0,-0.0028155733162805,0.0013610993916171,0.110777595033068,0.3318390447149633,0.2208138311679621,0.330956384413809,,20211.0,0.3429970466875204,0.7,202101.0,
T033,wf2021,2021,band,0.3,month,15,1140.6666666666667,0.0044238657883166,0.0013788971534738,0.1034453715027079,0.309692527114307,0.2152603608341272,0.3225375691682078,,20211.0,0.3474820826754037,0.8,202102.0,
T033,wf2021,2021,band,0.3,month,23,1148.304347826087,0.0013522024648465,0.0014900422923957,0.1125328542977102,0.3371395728441911,0.223095189276525,0.3343776609503593,,20211.0,0.3754906576837256,0.7391304347826086,202103.0,
T033,wf2021,2021,band,0.3,month,21,1156.190476190476,0.0011975471709657,0.0011986915175075,0.1091767281869412,0.3269328947297768,0.2168620245976428,0.3249634388105522,,20212.0,0.302070262411891,0.8571428571428571,202104.0,
T033,wf2021,2021,band,0.3,month,18,1163.3333333333333,0.0044441040501044,0.0013797995616331,0.1100281904730634,0.3295250072791631,0.2190366391799767,0.3282290083133685,,20212.0,0.3477094895315498,0.8333333333333334,202105.0,
T033,wf2021,2021,band,0.3,month,21,1172.6666666666667,0.0014265134357646,0.0014724329199357,0.1134444358461386,0.339867808867075,0.2263686154423893,0.3392685691853965,,20212.0,0.3710530958238029,0.8095238095238095,202106.0,
T033,wf2021,2021,band,0.3,month,22,1184.3636363636365,0.0027377690415602,0.0020068249044086,0.1175528186341148,0.3521738424811755,0.2328496679129409,0.349113023000721,,20213.0,0.505719875910974,0.9545454545454546,202107.0,
T033,wf2021,2021,band,0.3,month,22,1191.3636363636365,0.0024690521995024,0.0008924391638636,0.1004364492250826,0.3008552855412292,0.2090393057134125,0.3132940287655239,,20213.0,0.2248946692936292,0.5909090909090909,202108.0,
T033,wf2021,2021,band,0.3,month,20,1199.35,0.0012106389441451,0.0012240743082641,0.1028914682108348,0.3082167985178149,0.2095652141610791,0.3140083207630546,,20213.0,0.3084667256825724,0.7,202109.0,
T033,wf2021,2021,band,0.3,month,16,1213.1875,-0.000575213859356,0.0011607250812266,0.1022034507242715,0.3060559641061616,0.2131178714176513,0.3198096406507079,,20214.0,0.2925027204691091,0.8125,202110.0,
T033,wf2021,2021,band,0.3,month,22,1215.7272727272727,0.0053662414921116,0.0013454217689066,0.1029084349524534,0.3082234754279294,0.2148029632561624,0.3219268204350559,,20214.0,0.3390462857644677,0.8636363636363636,202111.0,
T033,wf2021,2021,band,0.3,month,23,1220.9565217391305,0.0018130445918291,0.0006063577651043,0.1011636204601394,0.3030593587727782,0.2055583476881159,0.3080979896785224,,20214.0,0.1528021568062843,0.6521739130434783,202112.0,
T033,wf2021,2021,band,0.05,quarter,58,189.8448275862069,0.0009048257294328,0.0016122264306215,0.1167694969865897,0.0581787619809487,0.2278034016033078,0.056786822423954,202102.05172413797,,0.4062810605166198,0.6724137931034483,,20211.0
T033,wf2021,2021,band,0.05,quarter,60,193.7,0.0029005769658869,0.0019977579600951,0.1197677865204101,0.0596875508894422,0.2359861832994724,0.0588427993839492,202105.0,,0.5034350059439656,0.7333333333333333,,20212.0
T033,wf2021,2021,band,0.05,quarter,64,198.171875,0.0024009618721447,0.0016119376452851,0.1139796171539134,0.056792855128776,0.2281282184463059,0.0568729216558599,202107.96875,,0.4062082866118686,0.703125,,20213.0
T033,wf2021,2021,band,0.05,quarter,61,202.4262295081967,0.0029612784139572,0.0015114946782873,0.1053807334516991,0.0525004475652688,0.219523418694096,0.0547401822338983,202111.11475409835,,0.380896658928424,0.6885245901639344,,20214.0
T033,wf2021,2021,band,0.1,quarter,58,380.2241379310345,0.000260945657979,0.0009683463591677,0.1097685117643533,0.1095260478253903,0.2182822812371921,0.1089743383603142,202102.05172413797,,0.2440232825102742,0.6551724137931034,,20211.0
T033,wf2021,2021,band,0.1,quarter,60,387.81666666666666,0.0020908922726759,0.001188073266884,0.1131244925936499,0.1128773961655282,0.2237794132619942,0.1117217714819725,202105.0,,0.2993944632547729,0.7333333333333333,,20212.0
T033,wf2021,2021,band,0.1,quarter,64,396.84375,0.0018134655474996,0.00102444132064,0.1118916299832482,0.1116437156269168,0.2212383322294372,0.1104508275566584,202107.96875,,0.2581592128012978,0.6875,,20213.0
T033,wf2021,2021,band,0.1,quarter,61,405.40983606557376,0.0023871157146963,0.0009373319790265,0.1035059188737582,0.1032709264761633,0.2136316649605734,0.1066891561754391,202111.11475409835,,0.2362076587146891,0.7540983606557377,,20214.0
T033,wf2021,2021,band,0.2,quarter,58,760.8275862068965,0.0004633204771215,0.0011707211783102,0.1135652735653819,0.2267424788789418,0.2244011733926942,0.2241749904199634,202102.05172413797,,0.2950217369341738,0.6724137931034483,,20211.0
T033,wf2021,2021,band,0.2,quarter,60,776.0,0.002376619389941,0.0014738003841491,0.1189121049578711,0.237415734482702,0.2309344071139895,0.2306968710560488,202105.0,,0.3713976968055867,0.8333333333333334,,20212.0
T033,wf2021,2021,band,0.2,quarter,64,794.28125,0.001992326365865,0.0012033021390055,0.1148602389637223,0.2293821057364582,0.2254505600941778,0.2252695414041802,202107.96875,,0.3032321390293988,0.640625,,20213.0
T033,wf2021,2021,band,0.2,quarter,61,811.2295081967213,0.0022979595800823,0.0008481758444125,0.1064485939678491,0.2125226653345868,0.217326394463361,0.217182820839439,202111.11475409835,,0.2137403127919641,0.7213114754098361,,20214.0
T033,wf2021,2021,band,0.3,quarter,58,1141.396551724138,0.0007094340894932,0.0014168347906819,0.1095773814146434,0.328213430628108,0.2202822653315728,0.3301358177182337,202102.05172413797,,0.3570423672518474,0.7413793103448276,,20211.0
T033,wf2021,2021,band,0.3,quarter,60,1164.1,0.0022516524273869,0.001348833421595,0.1109258645534969,0.332237748442647,0.2208417157680043,0.3309499052925926,202105.0,,0.3399060222419578,0.8333333333333334,,20212.0
T033,wf2021,2021,band,0.3,quarter,64,1191.453125,0.0021681694716606,0.0013791452448011,0.107087394642485,0.3207965122945188,0.2173884641093962,0.3258300242831012,202107.96875,,0.3475446016898861,0.75,,20213.0
T033,wf2021,2021,band,0.3,quarter,61,1217.032786885246,0.0024680969948988,0.001018313259229,0.1020656401823857,0.3057078219161792,0.2108752972318797,0.3161573452883372,202111.11475409835,,0.2566149413257144,0.7704918032786885,,20214.0
T030,wf2022,2022,raw,0.05,year,242,208.48347107438016,0.0017297607399231,0.0022501108076405,0.1219900980258073,0.0607904837408922,0.2349745298958833,0.0585924573258933,202206.62396694216,20222.52479338843,0.5670279235254159,0.6818181818181818,,
T030,wf2022,2022,raw,0.1,year,242,417.4090909090909,0.0015342000948152,0.0020545501625325,0.1108939263958134,0.1106386922199958,0.2239723894461651,0.1118186530366321,202206.62396694216,20222.52479338843,0.5177466409582051,0.7107438016528925,,
T030,wf2022,2022,raw,0.2,year,242,835.3677685950413,0.0012727158037417,0.001793065871459,0.1010790534357265,0.2018264490124899,0.2109607200912857,0.2107827734152892,202206.62396694216,20222.52479338843,0.4518525996076919,0.7396694214876033,,
T030,wf2022,2022,raw,0.3,year,242,1253.202479338843,0.0010934351778534,0.0016137852455708,0.0967545637882095,0.289825847394613,0.2045975556264169,0.3066736758163084,202206.62396694216,20222.52479338843,0.4066738818838493,0.7479338842975206,,
T030,wf2022,2022,raw,0.05,month,19,205.1578947368421,-0.0029384273484868,0.00199963046091,0.115985172766972,0.0577975417515539,0.2306338218897057,0.0574863769367686,,20221.0,0.5039068761493408,0.7368421052631579,202201.0,
T030,wf2022,2022,raw,0.05,month,16,205.8125,0.0053444833189783,0.002906145522079,0.1458234474683948,0.0727131395006667,0.2590466149915744,0.0646154776559799,,20221.0,0.7323486715639287,0.625,202202.0,
T030,wf2022,2022,raw,0.05,month,23,206.4782608695652,-0.001803254934275,0.0009500819436368,0.1205276073372295,0.0600673212759764,0.2228328021974855,0.0555650039183913,,20221.0,0.2394206497964737,0.5652173913043478,202203.0,
T030,wf2022,2022,raw,0.05,month,19,206.8421052631579,-0.0064082629984714,0.0010109402947958,0.0970521363578453,0.0483989677649273,0.1927342245225478,0.0480835550740133,,20222.0,0.254756954288551,0.4210526315789473,202204.0,
T030,wf2022,2022,raw,0.05,month,19,205.8421052631579,0.0069203281474088,0.0024774626777232,0.1127437363412337,0.0562039151076642,0.2223769983502222,0.0554551829653011,,20222.0,0.6243205947862523,0.7894736842105263,202205.0,
T030,wf2022,2022,raw,0.05,month,21,207.8095238095238,0.0053295639818702,0.0023226614389311,0.1198335183680432,0.0596979107281334,0.2300450599658015,0.0572574405593331,,20222.0,0.5853106826106423,0.7619047619047619,202206.0,
T030,wf2022,2022,raw,0.05,month,21,209.47619047619048,0.0046077575219439,0.0032557162868129,0.1288578922851537,0.0642377536324959,0.24317942225732,0.0606438021428325,,20223.0,0.8204405042768621,0.7619047619047619,202207.0,
T030,wf2022,2022,raw,0.05,month,23,210.17391304347825,-0.00152717626804,0.0001835423235794,0.1148160408803427,0.0572375005063528,0.2161726553494276,0.0539144496946926,,20223.0,0.046252665542027,0.5217391304347826,202208.0,
T030,wf2022,2022,raw,0.05,month,21,211.33333333333331,-0.0033588365239497,0.0016006045793037,0.1221472886749263,0.0607272103575159,0.2318861658944183,0.057814425856208,,20223.0,0.4033523539845386,0.7619047619047619,202209.0,
T030,wf2022,2022,raw,0.05,month,16,210.4375,0.0082543061804772,0.004012483030798,0.1250435317924387,0.0623206617199134,0.2694246180227199,0.067177694028316,,20224.0,1.0111457237611194,0.875,202210.0,
T030,wf2022,2022,raw,0.05,month,22,210.27272727272728,0.0052551630338795,0.0025340440075936,0.1184002478507456,0.0589867513331389,0.2389527376917964,0.0595562586573492,,20224.0,0.6385790899135875,0.6363636363636364,202211.0,
T030,wf2022,2022,raw,0.05,month,22,211.0909090909091,0.0031800225087412,0.0044079622113084,0.145116824663905,0.0723412899320087,0.2717150587645982,0.0678596626401549,,20224.0,1.1108064772497168,0.7727272727272727,202212.0,
T030,wf2022,2022,raw,0.1,month,19,410.7894736842105,-0.0024934362397206,0.0024446215696762,0.1111011394166748,0.1108495750778212,0.2244688728028131,0.1120305811439897,,20221.0,0.6160446355584157,0.7368421052631579,202201.0,
T030,wf2022,2022,raw,0.1,month,16,411.9375,0.0046546702224178,0.0022163324255185,0.1271755510813495,0.1269167080898475,0.2444215303487299,0.122023365061037,,20221.0,0.558515771230687,0.75,202202.0,
T030,wf2022,2022,raw,0.1,month,23,413.39130434782606,-0.0020609155651081,0.0006924213128036,0.1077237093676111,0.1074736615369855,0.2142680138814094,0.1069627906090632,,20221.0,0.174490170826532,0.5217391304347826,202203.0,
T030,wf2022,2022,raw,0.1,month,19,413.89473684210526,-0.0057647326375152,0.001654470655752,0.0944616047630252,0.0942527559184543,0.1925544104319073,0.0961180244305924,,20222.0,0.4169266052495159,0.5263157894736842,202204.0,
T030,wf2022,2022,raw,0.1,month,19,412.05263157894734,0.0068958259909804,0.0024529605212948,0.1043475257845688,0.104135775355069,0.215678377961961,0.1076716044784457,,20222.0,0.6181460513662963,0.8421052631578947,202205.0,
T030,wf2022,2022,raw,0.1,month,21,416.1904761904762,0.0050997344132195,0.0020928318702804,0.1050343533173991,0.1047969249837687,0.2140779413244089,0.1067106859139018,,20222.0,0.5273936313106793,0.7142857142857143,202206.0,
T030,wf2022,2022,raw,0.1,month,21,419.3333333333333,0.0037484785719455,0.0023964373368145,0.1137622729708773,0.1135268172504001,0.228892989570148,0.1142642868533113,,20223.0,0.6039022088772771,0.8095238095238095,202207.0,
T030,wf2022,2022,raw,0.1,month,23,420.8695652173913,-0.0014185870671077,0.0002921315245118,0.1030153463975934,0.1028218005579063,0.2075694662863137,0.1036528601862906,,20223.0,0.0736171441769737,0.5652173913043478,202208.0,
T030,wf2022,2022,raw,0.1,month,21,423.0952380952381,-0.0033092076825355,0.0016502334207178,0.1160368421231271,0.1155346070930214,0.223964543496579,0.1117989460380511,,20223.0,0.4158588220208979,0.7619047619047619,202209.0,
T030,wf2022,2022,raw,0.1,month,16,421.375,0.0079623744120479,0.0037205512623688,0.1161383559603519,0.115897881470449,0.2498134342299122,0.1247146534927885,,20224.0,0.9375789181169448,0.875,202210.0,
T030,wf2022,2022,raw,0.1,month,22,421.09090909090907,0.0048714582668274,0.0021503392405415,0.1099317343822051,0.1096820806991601,0.2274277251493839,0.1135146316558158,,20224.0,0.5418854886164597,0.6818181818181818,202211.0,
T030,wf2022,2022,raw,0.1,month,22,422.6818181818182,0.0023557086794646,0.0035836483820318,0.1253642395523105,0.1251445147347118,0.2527686495735826,0.1264539812438455,,20224.0,0.9030793922720228,0.8181818181818182,202212.0,
T030,wf2022,2022,raw,0.2,month,19,822.2105263157895,-0.0024185788025578,0.002519479006839,0.1071588611293106,0.2139962460282859,0.2197243005407733,0.2194987383005645,,20221.0,0.6349087097234324,0.8421052631578947,202201.0,
T030,wf2022,2022,raw,0.2,month,16,824.375,0.0041560283169845,0.0017176905200853,0.1116848748496259,0.223060920270629,0.2237398564007928,0.2235368050190962,,20221.0,0.4328580110615024,0.875,202202.0,
T030,wf2022,2022,raw,0.2,month,23,827.3478260869565,-0.002160447962701,0.0005928889152107,0.0970823842158538,0.1938429389651501,0.2008344456726441,0.2006389220401574,,20221.0,0.149408006633116,0.5217391304347826,202203.0,
T030,wf2022,2022,raw,0.2,month,19,828.2631578947369,-0.0056973596801242,0.0017218436131429,0.0910411433342165,0.1817880982106427,0.1897213509103739,0.1895145751797717,,20222.0,0.4339045905120351,0.5789473684210527,202204.0,
T030,wf2022,2022,raw,0.2,month,19,824.6842105263158,0.0066915483995527,0.0022486829298671,0.0958804293611827,0.1915070737205586,0.2049133042688549,0.2047420436401694,,20222.0,0.5666680983265175,0.8947368421052632,202205.0,
T030,wf2022,2022,raw,0.2,month,21,833.047619047619,0.0047772755024202,0.0017703729594811,0.0925421827489317,0.1848148208798209,0.1990301629636606,0.1985836435274897,,20222.0,0.4461339857892543,0.7619047619047619,202206.0,
T030,wf2022,2022,raw,0.2,month,21,839.1904761904761,0.0030883469812872,0.0017363057461562,0.1004268594172064,0.2005692991263807,0.2091333331067331,0.2089416239779418,,20223.0,0.437549048031376,0.7619047619047619,202207.0,
T030,wf2022,2022,raw,0.2,month,23,842.1304347826087,-0.0009614496690986,0.0007492689225208,0.0976706595378437,0.1950669815245758,0.2034495361410135,0.2032811360024464,,20223.0,0.1888157684752475,0.6521739130434783,202208.0,
T030,wf2022,2022,raw,0.2,month,21,846.7619047619048,-0.003627783578592,0.0013316575246614,0.1081884403707526,0.2156144493590635,0.2131721891033755,0.2129738639270729,,20223.0,0.335577696214673,0.7142857142857143,202209.0,
T030,wf2022,2022,raw,0.2,month,16,843.25,0.0074328985166414,0.0031910753669622,0.1052590429169303,0.2101998220942614,0.2338618261659782,0.2336289233769882,,20224.0,0.804150992474493,0.9375,202210.0,
T030,wf2022,2022,raw,0.2,month,22,842.8636363636364,0.0046266108500909,0.001905491823805,0.0994434454130475,0.1985787193071636,0.2140103522887299,0.2137924647984312,,20224.0,0.4801839395988616,0.7272727272727273,202211.0,
T030,wf2022,2022,raw,0.2,month,22,845.8636363636364,0.0013936998440416,0.0026216395466087,0.1095962302643019,0.218939176784645,0.227419930073974,0.2276977457384123,,20224.0,0.6606531657454143,0.7272727272727273,202212.0,
T030,wf2022,2022,raw,0.3,month,19,1233.421052631579,-0.0024456993268041,0.0024923584825928,0.1027110873785213,0.3076919742176441,0.2152896767425762,0.3226335096421799,,20221.0,0.6280743376133862,0.8947368421052632,202201.0,
T030,wf2022,2022,raw,0.3,month,16,1236.5,0.0040026221589868,0.0015642843620875,0.1038360684743677,0.311065136917726,0.2167133813345315,0.3247587068103005,,20221.0,0.3941996592460676,0.875,202202.0,
T030,wf2022,2022,raw,0.3,month,23,1241.1304347826087,-0.00216127672058,0.0005920601573318,0.0931201885299922,0.2789292565790235,0.1956954305210446,0.2932824918512242,,20221.0,0.1491991596476234,0.4782608695652174,202203.0,
T030,wf2022,2022,raw,0.3,month,19,1242.6315789473683,-0.005638323806865,0.0017808794864022,0.0899073281732665,0.2693473854277231,0.189195026451018,0.2835401258923107,,20222.0,0.4487816305733668,0.5789473684210527,202204.0,
T030,wf2022,2022,raw,0.3,month,19,1237.157894736842,0.0064475533600203,0.0020046878903347,0.0935718258202724,0.2803730541288577,0.2011862906983995,0.3015613035353141,,20222.0,0.5051813483643505,0.9473684210526316,202205.0,
T030,wf2022,2022,raw,0.3,month,21,1249.6666666666667,0.0045583410233682,0.0015514384804291,0.0890418564809021,0.2667568369250436,0.1939321832841002,0.2902910342324016,,20222.0,0.3909624970681405,0.7142857142857143,202206.0,
T030,wf2022,2022,raw,0.3,month,21,1258.952380952381,0.002740829948964,0.001388788713833,0.095124631347545,0.2850057920369607,0.2005323023071223,0.3005617170740083,,20223.0,0.3499747558859184,0.7619047619047619,202207.0,
T030,wf2022,2022,raw,0.3,month,23,1263.2608695652175,-0.0008332623724088,0.0008774562192106,0.0952164655709904,0.2852635861226993,0.2014427934845464,0.3019277697850923,,20223.0,0.2211189672410757,0.6521739130434783,202208.0,
T030,wf2022,2022,raw,0.3,month,21,1270.2380952380952,-0.0037206926238578,0.0012387484793955,0.103012054396166,0.3080083352100156,0.2079414810101279,0.3116393795394026,,20223.0,0.3121646168076779,0.7619047619047619,202209.0,
T030,wf2022,2022,raw,0.3,month,16,1265.3125,0.0068888409991938,0.0026470178495146,0.1003789199191539,0.3007834035887217,0.2211057237971061,0.3314396141158229,,20224.0,0.6670484980776941,0.875,202210.0,
T030,wf2022,2022,raw,0.3,month,22,1264.409090909091,0.0043896295767834,0.0016685105504974,0.0940385837180026,0.2817046690531158,0.2043718418984057,0.3062754901437122,,20224.0,0.4204646587253562,0.7727272727272727,202211.0,
T030,wf2022,2022,raw,0.3,month,22,1269.1363636363635,0.0008452423336604,0.0020731820362276,0.1035549437975304,0.3103779186710139,0.2144940419553155,0.3222118646292444,,20224.0,0.5224418731293639,0.7727272727272727,202212.0,
T030,wf2022,2022,raw,0.05,quarter,58,205.86206896551724,-0.0002033318966538,0.0018335033071414,0.1260177312210873,0.0628122743903043,0.2353783259708925,0.0586911016278842,202202.06896551725,,0.462042833399642,0.6379310344827587,,20221.0
T030,wf2022,2022,raw,0.05,quarter,59,206.864406779661,0.0020618657872726,0.0019500940117867,0.110213990966295,0.0549340830486447,0.2155603304044824,0.0537227504151351,202205.0338983051,,0.49142369097025,0.6610169491525424,,20222.0
T030,wf2022,2022,raw,0.05,quarter,65,210.3230769230769,-0.0001368878954929,0.0016339109481658,0.121721196006301,0.0606265654682517,0.2299745911418975,0.0573485404762735,202208.0,,0.4117455589377851,0.676923076923077,,20223.0
T030,wf2022,2022,raw,0.05,quarter,60,210.61666666666667,0.0052940496804215,0.0036153977551435,0.1299678684000222,0.0647724582558644,0.2590914235067367,0.0646332228833024,202211.1,,0.9110802342961768,0.75,,20224.0
T030,wf2022,2022,raw,0.1,quarter,58,412.13793103448273,-0.0003500279826464,0.0016868072211488,0.114196134166784,0.113943163297704,0.2259278860018197,0.1127775701158767,202202.06896551725,,0.4250754197295022,0.6551724137931034,,20221.0
T030,wf2022,2022,raw,0.1,quarter,59,414.1186440677966,0.0021794101083635,0.0020676383328776,0.101408388136774,0.1011884325229845,0.2076620296151878,0.1036089381942994,202205.0338983051,,0.5210448598851642,0.6949152542372882,,20222.0
T030,wf2022,2022,raw,0.1,quarter,65,421.0923076923077,-0.0003600432902441,0.0014107555534146,0.1106943751402883,0.1103875588314415,0.2197554756767151,0.1097129796154353,202208.0,,0.3555103994604934,0.7076923076923077,,20223.0
T030,wf2022,2022,raw,0.1,quarter,60,421.75,0.0047732610568532,0.0030946091315752,0.1172454186987495,0.1170091867178728,0.242688919859731,0.1212457323279528,202211.1,,0.779841501156962,0.7833333333333333,,20224.0
T030,wf2022,2022,raw,0.2,quarter,58,824.8448275862069,-0.000502531850327,0.0015343033534681,0.1044115723450957,0.2085050171563095,0.2133412355716929,0.2131337950851704,202202.06896551725,,0.3866444450739815,0.7241379310344828,,20221.0
T030,wf2022,2022,raw,0.2,quarter,59,828.8135593220339,0.0020205486647452,0.0019087768892592,0.0931338257447483,0.1859952458503231,0.1979269808583427,0.1976463096890875,202205.0338983051,,0.4810117760933363,0.7457627118644068,,20222.0
T030,wf2022,2022,raw,0.2,quarter,65,842.6769230769231,-0.0005144847835795,0.0012563140600792,0.1019591763833469,0.2034830660501473,0.2084270045793168,0.2082414057547934,202208.0,,0.3165911431399649,0.7076923076923077,,20223.0
T030,wf2022,2022,raw,0.2,quarter,60,844.0666666666667,0.0041895535256196,0.0025109016003416,0.1047169591928762,0.2091431811254662,0.2242209238439189,0.2241807900973728,202211.1,,0.6327472032860992,0.7833333333333333,,20224.0
T030,wf2022,2022,raw,0.3,quarter,58,1237.3275862068965,-0.000554063745497,0.0014827714582982,0.0992181395167518,0.2972165965885585,0.2079122907145772,0.3115805742197307,202202.06896551725,,0.373658407491151,0.7241379310344828,,20221.0
T030,wf2022,2022,raw,0.3,quarter,59,1243.372881355932,0.001883059711876,0.00177128793639,0.0907793713894269,0.2719759648644229,0.1947427266916108,0.2917464216611068,202205.0338983051,,0.4463645599702979,0.7457627118644068,,20222.0
T030,wf2022,2022,raw,0.3,quarter,65,1264.123076923077,-0.0006114177036642,0.0011593811399945,0.0977053709038571,0.2925286023539782,0.2032482107662588,0.3046240266759807,202208.0,,0.2921640472786195,0.7230769230769231,,20223.0
T030,wf2022,2022,raw,0.3,quarter,60,1266.3833333333334,0.003756477300281,0.0020778253750031,0.0992186720674698,0.29730585645584,0.2125456837589262,0.3188292605143035,202211.1,,0.5236119945007823,0.8,,20224.0
T030,wf2022,2022,band,0.05,year,242,208.48347107438016,0.0008389832678992,0.0013593333356166,0.0894908777873167,0.0445971521401441,0.1954032773648455,0.0487269736468132,202206.62396694216,20222.52479338843,0.3425520005753911,0.6487603305785123,,
T030,wf2022,2022,band,0.1,year,242,417.4090909090909,0.0002575253708808,0.0007778754385982,0.088641977973925,0.0884437035259523,0.1916080828638269,0.0956648650242587,202206.62396694216,20222.52479338843,0.1960246105267473,0.628099173553719,,
T030,wf2022,2022,band,0.2,year,242,835.3677685950413,0.0006764727378066,0.0011968228055239,0.1003697964997093,0.2004165074372429,0.207607465847716,0.2074376779704811,202206.62396694216,20222.52479338843,0.3015993469920374,0.731404958677686,,
T030,wf2022,2022,band,0.3,year,242,1253.202479338843,0.0007872309686994,0.0013075810364167,0.0975539474260448,0.2922238352965532,0.2044480021595844,0.3064548749365708,202206.62396694216,20222.52479338843,0.3295104211770239,0.7603305785123967,,
T030,wf2022,2022,band,0.05,month,19,205.1578947368421,-0.0027134671534517,0.0022245906559451,0.0933779534856145,0.046528023437184,0.1937091208022088,0.0482821240213888,,20221.0,0.5605968452981821,0.6842105263157895,202201.0,
T030,wf2022,2022,band,0.05,month,16,205.8125,0.0037734746735753,0.001335136876676,0.0838108884708855,0.0417929952051208,0.1956038359275177,0.0487907847981657,,20221.0,0.3364544929223755,0.5625,202202.0,
T030,wf2022,2022,band,0.05,month,23,206.4782608695652,-0.0017574385813809,0.0009958982965309,0.0859281275764111,0.0428169857902073,0.1897263425918249,0.0473026245676118,,20221.0,0.2509663707257992,0.6086956521739131,202203.0,
T030,wf2022,2022,band,0.05,month,19,206.8421052631579,-0.0060241622420632,0.001395041051204,0.0816834992852577,0.040731735790708,0.1863556682965622,0.0464898410453296,,20222.0,0.3515503449034304,0.5263157894736842,202204.0,
T030,wf2022,2022,band,0.05,month,19,205.8421052631579,0.0060402546401741,0.0015973891704884,0.0852021412938932,0.0424756301537879,0.1841489931510463,0.045926405399981,,20222.0,0.4025420709631004,0.6842105263157895,202205.0,
T030,wf2022,2022,band,0.05,month,21,207.8095238095238,0.0042785325260733,0.0012716299831342,0.0861680511849359,0.0429235451128794,0.1847266231333459,0.0459796502221835,,20222.0,0.3204507557498249,0.7142857142857143,202206.0,
T030,wf2022,2022,band,0.05,month,21,209.47619047619048,0.002328806761793,0.000976765526662,0.0920510086597376,0.0458913645564937,0.184110697920232,0.0459158884969532,,20223.0,0.2461449127188376,0.6190476190476191,202207.0,
T030,wf2022,2022,band,0.05,month,23,210.17391304347825,-0.0003610910944648,0.0013496274971546,0.0926380376014259,0.0461751569837595,0.1997957167872771,0.0498211479564156,,20223.0,0.3401061292829792,0.7391304347826086,202208.0,
T030,wf2022,2022,band,0.05,month,21,211.33333333333331,-0.0041224791105863,0.000836961992667,0.0923536149682979,0.0459540685303617,0.2025247262456802,0.0504982675549581,,20223.0,0.2109144221520995,0.6666666666666666,202209.0,
T030,wf2022,2022,band,0.05,month,16,210.4375,0.0066207959322356,0.0023789727825564,0.100102798202063,0.0498865532733376,0.2144759162791114,0.0534702306596748,,20224.0,0.5995011412042335,0.6875,202210.0,
T030,wf2022,2022,band,0.05,month,22,210.27272727272728,0.0033167605843918,0.0005956415581058,0.0799498270197719,0.0398336105588266,0.1955590168144591,0.0487428745866298,,20224.0,0.1501016726426758,0.5909090909090909,202211.0,
T030,wf2022,2022,band,0.05,month,22,211.0909090909091,0.0005250512479581,0.0017529909505253,0.1009645902697856,0.0503344720780797,0.2157430225144613,0.0539101088918904,,20224.0,0.4417537195323905,0.6818181818181818,202212.0,
T030,wf2022,2022,band,0.1,month,19,410.7894736842105,-0.0036739498644327,0.0012641079449641,0.0813585468327984,0.0811735787500507,0.1762271808715096,0.0879559456105311,,20221.0,0.3185552021309618,0.6842105263157895,202201.0,
T030,wf2022,2022,band,0.1,month,16,411.9375,0.0029686217901594,0.0005302839932601,0.0760187924844927,0.0758644766196857,0.1742074757256048,0.0869705094149389,,20221.0,0.133631566301567,0.5625,202202.0,
T030,wf2022,2022,band,0.1,month,23,413.39130434782606,-0.0016589308525554,0.0010944060253563,0.0856354344553336,0.0854357003280268,0.1898746243438194,0.0947780683954225,,20221.0,0.2757903183898048,0.6521739130434783,202203.0,
T030,wf2022,2022,band,0.1,month,19,413.89473684210526,-0.005959406678451,0.0014597966148162,0.0856348946656832,0.0854451511632779,0.1920124087386691,0.095845965127002,,20222.0,0.3678687469337016,0.7368421052631579,202204.0,
T030,wf2022,2022,band,0.1,month,19,412.05263157894734,0.0055975333807989,0.0011546679111133,0.0875022189052129,0.0873305111583486,0.1881459747339817,0.0939334550719843,,20222.0,0.2909763136005657,0.7894736842105263,202205.0,
T030,wf2022,2022,band,0.1,month,21,416.1904761904762,0.0038145054643975,0.0008076029214583,0.0897030474454268,0.0894962990423818,0.1883562925696527,0.0939012347520017,,20222.0,0.2035159362075146,0.6666666666666666,202206.0,
T030,wf2022,2022,band,0.1,month,21,419.3333333333333,0.0016365046104121,0.0002844633752811,0.0941489643697232,0.0939539227672984,0.18850675523318,0.0941088196892319,,20223.0,0.0716847705708544,0.4761904761904761,202207.0,
T030,wf2022,2022,band,0.1,month,23,420.8695652173913,-0.0008502509886495,0.00086046760297,0.0937754008535974,0.0935981647322323,0.1980091755663661,0.0988736260195214,,20223.0,0.2168378359484427,0.6086956521739131,202208.0,
T030,wf2022,2022,band,0.1,month,21,423.0952380952381,-0.0045006515942161,0.0004587895090373,0.0908084362570732,0.090480914439553,0.2003007958619286,0.099993699958513,,20223.0,0.1156149562774028,0.4761904761904761,202209.0,
T030,wf2022,2022,band,0.1,month,16,421.375,0.0050814282002187,0.0008396050505396,0.0973099295437437,0.0971105277319364,0.2005675983095866,0.1001288921265028,,20224.0,0.2115804727359825,0.6875,202210.0,
T030,wf2022,2022,band,0.1,month,22,421.09090909090907,0.0028728191628281,0.0001517001365422,0.0861354274339127,0.0859389696553676,0.19610651446636,0.0978752456160034,,20224.0,0.0382284344086439,0.5454545454545454,202211.0,
T030,wf2022,2022,band,0.1,month,22,422.6818181818182,-0.00069306306092,0.0005348766416471,0.0933356156545316,0.0931704778752131,0.2020598960359015,0.1011368974243746,,20224.0,0.1347889136950739,0.6818181818181818,202212.0,
T030,wf2022,2022,band,0.2,month,19,822.2105263157895,-0.0033028651894144,0.0016351926199824,0.0955997493205295,0.1909174276225682,0.1982373239175834,0.1980356923730238,,20221.0,0.4120685402355761,0.7368421052631579,202201.0,
T030,wf2022,2022,band,0.2,month,16,824.375,0.0035110458942102,0.001072708097311,0.101912625487655,0.2035411283619739,0.2078309940336323,0.2076425272604141,,20221.0,0.2703224405223778,0.75,202202.0,
T030,wf2022,2022,band,0.2,month,23,827.3478260869565,-0.0019529754386547,0.000800361439257,0.0985070184045268,0.1966874107332903,0.2034575285184799,0.203260559580452,,20221.0,0.2016910826927882,0.6086956521739131,202203.0,
T030,wf2022,2022,band,0.2,month,19,828.2631578947369,-0.0059141238508372,0.00150507944243,0.0921576414208843,0.1840169249888609,0.1941374050275661,0.1939265096611404,,20222.0,0.3792800194923708,0.5263157894736842,202204.0,
T030,wf2022,2022,band,0.2,month,19,824.6842105263158,0.005826942381298,0.0013840769116124,0.0957953987166115,0.1913393894392705,0.2006222355304698,0.2004549378536604,,20222.0,0.3487873817263373,0.8421052631578947,202205.0,
T030,wf2022,2022,band,0.2,month,21,833.047619047619,0.004296689165859,0.0012897866229199,0.0986562573038057,0.1970227489217377,0.202925263704647,0.2024766995888044,,20222.0,0.3250262289758278,0.7619047619047619,202206.0,
T030,wf2022,2022,band,0.2,month,21,839.1904761904761,0.0024501781001403,0.0010981368650093,0.104000986796339,0.2077047539120509,0.2088441179148436,0.208652009022985,,20223.0,0.2767304899823516,0.8095238095238095,202207.0,
T030,wf2022,2022,band,0.2,month,23,842.1304347826087,-0.0012541898976324,0.000456528693987,0.099594335892533,0.1989096296363267,0.2034705901876707,0.2033022990958465,,20223.0,0.1150452308847314,0.7391304347826086,202208.0,
T030,wf2022,2022,band,0.2,month,21,846.7619047619048,-0.0041202522768076,0.0008391888264458,0.1029056483588143,0.205136830240965,0.2100787333549706,0.2098857593614355,,20223.0,0.2114755842643513,0.7142857142857143,202209.0,
T030,wf2022,2022,band,0.2,month,16,843.25,0.0062735655876841,0.002031742438005,0.1074047072406113,0.214485988689174,0.2235761111788958,0.2233571977884114,,20224.0,0.5119990943772696,0.8125,202210.0,
T030,wf2022,2022,band,0.2,month,22,842.8636363636364,0.0036374223683407,0.0009163033420548,0.0999581468273462,0.1996149165082608,0.2129615665019724,0.2127425132667252,,20224.0,0.2309084421978162,0.7272727272727273,202211.0,
T030,wf2022,2022,band,0.2,month,22,845.8636363636364,0.0004611864189586,0.0016891261215258,0.1082126958592167,0.2161703973535615,0.2258290508618869,0.226155088243001,,20224.0,0.4256597826245106,0.7727272727272727,202212.0,
T030,wf2022,2022,band,0.3,month,19,1233.421052631579,-0.0030453530592877,0.0018927047501091,0.0981533101705372,0.2940437196701959,0.2050072886528162,0.3072237404985244,,20221.0,0.4769615970274997,0.8947368421052632,202201.0,
T030,wf2022,2022,band,0.3,month,16,1236.5,0.0035940361048686,0.0011556983079694,0.1008016626901797,0.3019700181197988,0.2065513864343326,0.3095300546661514,,20221.0,0.2912359736082995,0.8125,202202.0,
T030,wf2022,2022,band,0.3,month,23,1241.1304347826087,-0.0020804521301004,0.0006728847478113,0.094988359373274,0.2845217672194277,0.1977182957273899,0.2963126904333558,,20221.0,0.1695669564484615,0.6521739130434783,202203.0,
T030,wf2022,2022,band,0.3,month,19,1242.6315789473683,-0.0058010909157548,0.0016181123775124,0.0910684329233478,0.2728216800642681,0.1916799336139707,0.2872652473871204,,20222.0,0.4077643191331412,0.5789473684210527,202204.0,
T030,wf2022,2022,band,0.3,month,19,1237.157894736842,0.0060766468453558,0.0016337813756702,0.0936527288053717,0.2806196846348101,0.1999830586654784,0.2997587968431021,,20222.0,0.4117129066688968,0.8947368421052632,202205.0,
T030,wf2022,2022,band,0.3,month,21,1249.6666666666667,0.0043032778971297,0.0012963753541906,0.0926308248505928,0.2775067871502658,0.1968441757195431,0.2946365453517495,,20222.0,0.3266865892560469,0.8095238095238095,202206.0,
T030,wf2022,2022,band,0.3,month,21,1258.952380952381,0.00244597893128,0.0010939376961491,0.0984911051511367,0.2950898108562984,0.2031041680719799,0.3044163390835379,,20223.0,0.2756722994295746,0.6666666666666666,202207.0,
T030,wf2022,2022,band,0.3,month,23,1263.2608695652175,-0.0010538109936195,0.0006569075979999,0.0971846797938062,0.2911604013066802,0.2015621068501952,0.3021075923096322,,20223.0,0.1655407146959841,0.6956521739130435,202208.0,
T030,wf2022,2022,band,0.3,month,21,1270.2380952380952,-0.0039631785151293,0.000996262588124,0.1025583877073969,0.306680714539784,0.2079674481800399,0.311682499659425,,20223.0,0.2510581722072598,0.8571428571428571,202209.0,
T030,wf2022,2022,band,0.3,month,16,1265.3125,0.0064846595555698,0.0022428364058906,0.1031491915906448,0.3090871378581012,0.2210183492237807,0.3313126996268117,,20224.0,0.565194774284453,0.8125,202210.0,
T030,wf2022,2022,band,0.3,month,22,1264.409090909091,0.0039102777390045,0.0011891587127185,0.0963092999972031,0.2885159155564296,0.2083697520011788,0.3122674533368985,,20224.0,0.2996679956050838,0.7272727272727273,202211.0,
T030,wf2022,2022,band,0.3,month,22,1269.1363636363635,0.0004286911968574,0.0016566308994245,0.1029161577204914,0.3084624300585469,0.2165795445301523,0.3254042824375951,,20224.0,0.4174709866549967,0.7727272727272727,202212.0,
T030,wf2022,2022,band,0.05,quarter,58,205.86206896551724,-0.0005448511812092,0.0014919840225859,0.0877845218279017,0.0437501903752275,0.19265242327059,0.0480340220384847,202202.06896551725,,0.3759799736916698,0.6206896551724138,,20221.0
T030,wf2022,2022,band,0.05,quarter,59,206.864406779661,0.001528049806977,0.0014162780314911,0.0844128177269071,0.0420734644121337,0.1850652144627936,0.0461268023241823,202205.0338983051,,0.3569020639357697,0.6440677966101694,,20222.0
T030,wf2022,2022,band,0.05,quarter,65,210.3230769230769,-0.0007072648384207,0.0010635340052379,0.0923564917080237,0.0460120416223144,0.1956099291321774,0.0487782104628876,202208.0,,0.2680105693199724,0.676923076923077,,20223.0
T030,wf2022,2022,band,0.05,quarter,60,210.61666666666667,0.0031742099204578,0.0014955579951798,0.0930293658600545,0.046364711173089,0.2080043254283671,0.0518981554513707,202211.1,,0.3768806147853198,0.65,,20224.0
T030,wf2022,2022,band,0.1,quarter,58,412.13793103448273,-0.0010424570412146,0.0009943781625806,0.0815815183111677,0.0813991505122509,0.1810819380702794,0.0903894256954109,202202.06896551725,,0.2505832969703251,0.6379310344827587,,20221.0
T030,wf2022,2022,band,0.1,quarter,59,414.1186440677966,0.0012411698660501,0.0011293980905642,0.0876842229525591,0.0874942349830665,0.1894659564397131,0.0945378798910639,202205.0338983051,,0.2846083188221845,0.7288135593220338,,20222.0
T030,wf2022,2022,band,0.1,quarter,65,421.0923076923077,-0.0012261978369049,0.0005446010067538,0.0929375328122379,0.0927059903105419,0.1956795324772877,0.097696097093102,202208.0,,0.1372394537019629,0.5230769230769231,,20223.0
T030,wf2022,2022,band,0.1,quarter,60,421.75,0.0021542914240913,0.0004756394988133,0.0917553636774279,0.0915696048230626,0.1994790434000523,0.099672157015206,202211.1,,0.1198611537009585,0.6333333333333333,,20224.0
T030,wf2022,2022,band,0.2,quarter,58,824.8448275862069,-0.0008878644720787,0.0011489707317164,0.0984941149689079,0.1966879245773458,0.2029539347396076,0.2027577838207668,202202.06896551725,,0.2895406243925538,0.6896551724137931,,20221.0
T030,wf2022,2022,band,0.2,quarter,59,828.8135593220339,0.0015012546535897,0.0013894828781038,0.0956421892541075,0.1910041983303557,0.1993536221762757,0.1990721727821374,202205.0338983051,,0.3501496852821668,0.711864406779661,,20222.0
T030,wf2022,2022,band,0.2,quarter,65,842.6769230769231,-0.0009833526977778,0.0007874461458809,0.1020878317505612,0.2037629961361361,0.2073415915535773,0.2071576310042662,202208.0,,0.1984364287619936,0.7538461538461538,,20223.0
T030,wf2022,2022,band,0.2,quarter,60,844.0666666666667,0.0031757740453922,0.0014971221201142,0.1049705642492361,0.2096508787331146,0.2205101893477873,0.2204910399638094,202211.1,,0.3772747742687917,0.7666666666666667,,20224.0
T030,wf2022,2022,band,0.3,quarter,58,1237.3275862068965,-0.0008311643007048,0.0012056709030904,0.0976288234804894,0.2924543380982299,0.2025427839497034,0.3035331693809926,202202.06896551725,,0.3038290675787914,0.7758620689655172,,20221.0
T030,wf2022,2022,band,0.3,quarter,59,1243.372881355932,0.0016204135339346,0.0015086417584487,0.0924567694018325,0.2770004823633569,0.1961919414138973,0.2939122761484909,202205.0338983051,,0.3801777231290798,0.7627118644067796,,20222.0
T030,wf2022,2022,band,0.3,quarter,65,1264.123076923077,-0.0008630591402166,0.000907739703442,0.0993428766967192,0.2974441578980211,0.2041297292130293,0.3059469267188272,202208.0,,0.2287504052674024,0.7384615384615385,,20223.0
T030,wf2022,2022,band,0.3,quarter,60,1266.3833333333334,0.0033201978246346,0.0016415458993566,0.1005557855873266,0.3013152968209851,0.214752968521163,0.3221630230177974,202211.1,,0.4136695666378836,0.7666666666666667,,20224.0
Y1,wf2022,2022,raw,0.05,year,242,208.48347107438016,0.002127877862535,0.0026482279302523,0.0807303020930643,0.0402260140551279,0.1928471337762351,0.048091039988399,202206.62396694216,20222.52479338843,0.6673534384235946,0.743801652892562,,
Y1,wf2022,2022,raw,0.1,year,242,417.4090909090909,0.001928758383098,0.0024491084508153,0.0757541233615737,0.0755760338860853,0.1845094392268411,0.09211911098353,202206.62396694216,20222.52479338843,0.617175329605467,0.7520661157024794,,
Y1,wf2022,2022,raw,0.2,year,242,835.3677685950413,0.0015575426754169,0.0020778927431342,0.0721966982162877,0.1441532638617586,0.1783305237751393,0.1781832062125459,202206.62396694216,20222.52479338843,0.5236289712698385,0.768595041322314,,
Y1,wf2022,2022,raw,0.3,year,242,1253.202479338843,0.0013327922029734,0.0018531422706908,0.0722949564633898,0.2165564271458437,0.1773814873664593,0.2658842520739655,202206.62396694216,20222.52479338843,0.4669918522140867,0.768595041322314,,
Y1,wf2022,2022,raw,0.05,month,19,205.1578947368421,-0.0004516269147744,0.0044864308946224,0.0933414039385097,0.046512136392517,0.2265195758389976,0.0564610992528839,,20221.0,1.1305805854448558,0.7894736842105263,202201.0,
Y1,wf2022,2022,raw,0.05,month,16,205.8125,0.0037294990263764,0.0012911612294771,0.0797958298083571,0.0397882227418558,0.1863656179718696,0.0464846235956356,,20221.0,0.3253726298282543,0.625,202202.0,
Y1,wf2022,2022,raw,0.05,month,23,206.4782608695652,-0.0003809422239036,0.0023723946540081,0.0859682195035722,0.0428484741847869,0.1974388666130169,0.0492361218782307,,20221.0,0.597843452810055,0.7391304347826086,202203.0,
Y1,wf2022,2022,raw,0.05,month,19,206.8421052631579,-0.0049959141231416,0.0024232891701256,0.0868816473313043,0.0433313869136983,0.1946030686409649,0.0485494712515337,,20222.0,0.6106688708716674,0.6842105263157895,202204.0,
Y1,wf2022,2022,raw,0.05,month,19,205.8421052631579,0.0076958182069385,0.0032529527372529,0.067759770656065,0.03377740637694,0.1823560378139485,0.0454774362602941,,20222.0,0.8197440897877395,0.8947368421052632,202205.0,
Y1,wf2022,2022,raw,0.05,month,21,207.8095238095238,0.0041287516123839,0.0011218490694447,0.0501483455205878,0.0249775473233851,0.1402276738555648,0.0348979963176422,,20222.0,0.2827059655000886,0.6190476190476191,202206.0,
Y1,wf2022,2022,raw,0.05,month,21,209.47619047619048,0.0031824496383409,0.0018304084032099,0.071340171141569,0.0355692604351509,0.1631514663624095,0.0406884657940991,,20223.0,0.4612629176089025,0.7619047619047619,202207.0,
Y1,wf2022,2022,raw,0.05,month,23,210.17391304347825,-0.0003734491554781,0.0013372694361413,0.07525477714004,0.0375171898942946,0.1763902784821877,0.0439926149181285,,20223.0,0.336991897907617,0.6086956521739131,202208.0,
Y1,wf2022,2022,raw,0.05,month,21,211.33333333333331,-0.0020131837508046,0.0029462573524488,0.0988418706479283,0.0491063902358754,0.22135499643835,0.0551970000392996,,20223.0,0.7424568528171078,0.7619047619047619,202209.0,
Y1,wf2022,2022,raw,0.05,month,16,210.4375,0.0085539723902627,0.0043121492405836,0.0973233891590422,0.048508443112228,0.2384281718858557,0.0594460323115187,,20224.0,1.0866616086270762,0.9375,202210.0,
Y1,wf2022,2022,raw,0.05,month,22,210.27272727272728,0.0045789084441363,0.0018577894178503,0.0635323586101948,0.0316484589305262,0.1681303443942619,0.041905183118945,,20224.0,0.4681629332982995,0.7272727272727273,202211.0,
Y1,wf2022,2022,raw,0.05,month,22,211.0909090909091,0.0036841037414671,0.0049120434440343,0.1026533200323775,0.0511707979782982,0.2313570904043049,0.0577836988201659,,20224.0,1.237834947896657,0.8181818181818182,202212.0,
Y1,wf2022,2022,raw,0.1,month,19,410.7894736842105,-0.0006695850463973,0.0042684727629995,0.0901255283539833,0.0899232318212086,0.2173739654667078,0.1084992777270218,,20221.0,1.0756551362758917,0.8421052631578947,202201.0,
Y1,wf2022,2022,raw,0.1,month,16,411.9375,0.0037091092114133,0.001270771414514,0.0741424921746777,0.073991024276884,0.1786170390284643,0.0891750110887839,,20221.0,0.3202343964575506,0.6875,202202.0,
Y1,wf2022,2022,raw,0.1,month,23,413.39130434782606,-0.0004580426178874,0.0022952942600244,0.0811962088345564,0.0810117327163812,0.1886180779099807,0.0941578164803883,,20221.0,0.5784141535261611,0.782608695652174,202203.0,
Y1,wf2022,2022,raw,0.1,month,19,413.89473684210526,-0.0046678971097694,0.0027513061834978,0.0850809441306266,0.0848965079369619,0.186562456767897,0.0931270997228512,,20222.0,0.6933291582414487,0.7368421052631579,202204.0,
Y1,wf2022,2022,raw,0.1,month,19,412.05263157894734,0.0073868931554132,0.0029440276857275,0.0669439048839369,0.0668066758786599,0.1767784826990148,0.0882537990026749,,20222.0,0.7418949768033505,0.8947368421052632,202205.0,
Y1,wf2022,2022,raw,0.1,month,21,416.1904761904762,0.0041366093704088,0.0011297068274696,0.0521453765242202,0.0520284485152477,0.1445042277145402,0.0720306364807578,,20222.0,0.2846861205223593,0.7142857142857143,202206.0,
Y1,wf2022,2022,raw,0.1,month,21,419.3333333333333,0.0027921253753264,0.0014400841401954,0.0631001897239031,0.0629755728930331,0.1524719353428713,0.0761176337004517,,20223.0,0.3629012033292572,0.6190476190476191,202207.0,
Y1,wf2022,2022,raw,0.1,month,23,420.8695652173913,-0.0003152364198891,0.0013954821717303,0.0708331906669171,0.0706998301351604,0.1738987197626024,0.0868363543014031,,20223.0,0.3516615072760465,0.6086956521739131,202208.0,
Y1,wf2022,2022,raw,0.1,month,21,423.0952380952381,-0.0023764822478058,0.0025829588554475,0.0901967609826398,0.0897873918185102,0.20652979029276,0.1030980179468403,,20223.0,0.6509056315727847,0.7142857142857143,202209.0,
Y1,wf2022,2022,raw,0.1,month,16,421.375,0.0081285228920349,0.0038866997423558,0.0883521369396825,0.0881601431184705,0.2244984907635912,0.112062260886396,,20224.0,0.979448335073668,0.875,202210.0,
Y1,wf2022,2022,raw,0.1,month,22,421.09090909090907,0.004516632643585,0.001795513617299,0.0618384271927885,0.0616967681519595,0.1651311811769685,0.0824222258481573,,20224.0,0.4524694315593731,0.6818181818181818,202211.0,
Y1,wf2022,2022,raw,0.1,month,22,422.6818181818182,0.0027836728782879,0.0040116125808551,0.0891052799567006,0.0889438682870921,0.210157057716708,0.1051353730219667,,20224.0,1.0109263703754978,0.9090909090909092,202212.0,
Y1,wf2022,2022,raw,0.2,month,19,822.2105263157895,-0.0011964541049852,0.0037416037044116,0.0869330351233925,0.1736012624266349,0.2108584307210833,0.2106476112345667,,20221.0,0.9428841335117326,0.8421052631578947,202201.0,
Y1,wf2022,2022,raw,0.2,month,16,824.375,0.0033934749473443,0.0009551371504451,0.067725053983774,0.1352571621278911,0.1654760535974235,0.1653226902680651,,20221.0,0.2406945619121704,0.6875,202202.0,
Y1,wf2022,2022,raw,0.2,month,23,827.3478260869565,-0.0009622518801236,0.0017910849977881,0.0745660815921868,0.1488900573138928,0.1781539852509677,0.177979770730064,,20221.0,0.4513534194426226,0.782608695652174,202203.0,
Y1,wf2022,2022,raw,0.2,month,19,828.2631578947369,-0.0050973677048879,0.0023218355883793,0.0795927668859471,0.1589326249047382,0.1813467411929071,0.1811541550325103,,20222.0,0.585102568271603,0.7368421052631579,202204.0,
Y1,wf2022,2022,raw,0.2,month,19,824.6842105263158,0.0071389048526306,0.002696039382945,0.0686316738758097,0.1370769790849039,0.1751878543009078,0.175040643825074,,20222.0,0.6794019245021456,0.9473684210526316,202205.0,
Y1,wf2022,2022,raw,0.2,month,21,833.047619047619,0.0040280592204187,0.0010211566774796,0.0551529389032775,0.1101438747898824,0.1469107268347789,0.1465908660963851,,20222.0,0.257331482724864,0.6666666666666666,202206.0,
Y1,wf2022,2022,raw,0.2,month,21,839.1904761904761,0.0025032840067498,0.0011512427716188,0.0631771574951941,0.1261856901134654,0.1527720538654517,0.1526370173219681,,20223.0,0.2901131784479573,0.6666666666666666,202207.0,
Y1,wf2022,2022,raw,0.2,month,23,842.1304347826087,-0.0002852563182554,0.001425462273364,0.0689393505846511,0.1376827442766838,0.1746552939986266,0.1745060719318291,,20223.0,0.35921649288774,0.6521739130434783,202208.0,
Y1,wf2022,2022,raw,0.2,month,21,846.7619047619048,-0.0030005904039704,0.0019588506992829,0.0817724465475202,0.162963419106282,0.1953914495356115,0.1952092011145284,,20223.0,0.4936303762193082,0.8095238095238095,202209.0,
Y1,wf2022,2022,raw,0.2,month,16,843.25,0.0076896701804096,0.0034478470307304,0.0862266723606694,0.1721909448193376,0.2116811541182324,0.2114613182535671,,20224.0,0.8688574517440808,0.8125,202210.0,
Y1,wf2022,2022,raw,0.2,month,22,842.8636363636364,0.0045169524051767,0.0017958333788908,0.0608355173049816,0.1214800505710167,0.1659972118005008,0.1658253545138941,,20224.0,0.4525500114804878,0.7727272727272727,202211.0,
Y1,wf2022,2022,raw,0.2,month,22,845.8636363636364,0.0017596524525506,0.0029875921551177,0.0772373446531813,0.1542920667333091,0.1899042279429895,0.1901488645281545,,20224.0,0.7528732230896807,0.8636363636363636,202212.0,
Y1,wf2022,2022,raw,0.3,month,19,1233.421052631579,-0.0017417210541133,0.0031963367552835,0.083917962898672,0.2513948626500072,0.2024390440715907,0.3033836026261299,,20221.0,0.8054768623314554,0.8421052631578947,202201.0,
Y1,wf2022,2022,raw,0.3,month,16,1236.5,0.0032649200270713,0.0008265822301721,0.0661181501847372,0.1980680764634136,0.1641398156475019,0.2459733440078571,,20221.0,0.2082987220033757,0.6875,202202.0,
Y1,wf2022,2022,raw,0.3,month,23,1241.1304347826087,-0.0013369848619036,0.0014163520160082,0.0732746097139882,0.219487827128249,0.1740615181749319,0.260860973414458,,20221.0,0.3569207080340711,0.8260869565217391,202203.0,
Y1,wf2022,2022,raw,0.3,month,19,1242.6315789473683,-0.0051015110056295,0.0023176922876377,0.080853103687705,0.2422196484504436,0.1837607412275384,0.2753980024161155,,20222.0,0.5840584564847104,0.6842105263157895,202204.0,
Y1,wf2022,2022,raw,0.3,month,19,1237.157894736842,0.0069105138816492,0.0024676484119636,0.0702267637822117,0.2104226449336761,0.176308804018695,0.2642731541049505,,20222.0,0.6218473998148379,0.9473684210526316,202205.0,
Y1,wf2022,2022,raw,0.3,month,21,1249.6666666666667,0.0042175706662094,0.0012106681232703,0.0615758451507434,0.1844734922487751,0.1580039756170893,0.2365454232440234,,20222.0,0.3050883670641212,0.7142857142857143,202206.0,
Y1,wf2022,2022,raw,0.3,month,21,1258.952380952381,0.0023299247644715,0.0009778835293405,0.0641649773636792,0.1922653022766542,0.1575550188610168,0.2361553726876011,,20223.0,0.2464266493938154,0.6666666666666666,202207.0,
Y1,wf2022,2022,raw,0.3,month,23,1263.2608695652175,-0.0003216477497703,0.0013890708418491,0.0704805378592044,0.2111632779774243,0.1751953985157316,0.2625858436157235,,20223.0,0.350045852145979,0.6086956521739131,202208.0,
Y1,wf2022,2022,raw,0.3,month,21,1270.2380952380952,-0.0031483120512279,0.0018111290520254,0.0810137347032099,0.2422211593741204,0.1933772593538883,0.2898139034815023,,20223.0,0.4564045211104219,0.8095238095238095,202209.0,
Y1,wf2022,2022,raw,0.3,month,16,1265.3125,0.007152063397807,0.0029102402481279,0.0821465073805438,0.2461533075012817,0.2011594723308451,0.3015352613875041,,20224.0,0.733380542528236,0.8125,202210.0,
Y1,wf2022,2022,raw,0.3,month,22,1264.409090909091,0.0043596518128859,0.0016385327865999,0.0626306627556521,0.187617874466819,0.1671345257022644,0.2504688390752433,,20224.0,0.4129102622231884,0.7727272727272727,202211.0,
Y1,wf2022,2022,raw,0.3,month,22,1269.1363636363635,0.0011563174055365,0.0023842571081037,0.074186249532481,0.2223490715281631,0.1816517344629076,0.2728823160341794,,20224.0,0.6008327912421502,0.8636363636363636,202212.0,
Y1,wf2022,2022,raw,0.05,quarter,58,205.86206896551724,0.0007298172739917,0.002766652477787,0.0866808448335786,0.0432044320961658,0.203910616561901,0.050843890802315,202202.06896551725,,0.6971964244023376,0.7241379310344828,,20221.0
Y1,wf2022,2022,raw,0.05,quarter,59,206.864406779661,0.0023390162958,0.0022272445203141,0.0676491897913959,0.0337219587510714,0.1713051554849189,0.0427011722948342,202205.0338983051,,0.5612656191191625,0.7288135593220338,,20222.0
Y1,wf2022,2022,raw,0.05,quarter,65,210.3230769230769,0.0002456192778809,0.0020164181215397,0.0816105038738517,0.0406320620255435,0.1866401865216348,0.0465449988556666,202208.0,,0.5081373666280216,0.7076923076923077,,20223.0
Y1,wf2022,2022,raw,0.05,quarter,60,210.61666666666667,0.0053108304387913,0.0036321785135133,0.0868876526113544,0.0433026456964964,0.210059571929036,0.0524048653274123,202211.1,,0.9153089854053712,0.8166666666666667,,20224.0
Y1,wf2022,2022,raw,0.1,quarter,58,412.13793103448273,0.0006222181256836,0.0026590533294789,0.0821754778744021,0.0819942697501703,0.195279202762973,0.0974813143669463,202202.06896551725,,0.6700814390286974,0.7758620689655172,,20221.0
Y1,wf2022,2022,raw,0.1,quarter,59,414.1186440677966,0.0023479613838273,0.0022361896083414,0.0675173735302599,0.067372167988424,0.1684418073199435,0.084048821048829,202205.0338983051,,0.5635197813020463,0.7796610169491526,,20222.0
Y1,wf2022,2022,raw,0.1,quarter,65,421.0923076923077,2.273950800740253e-05,0.0017935383516661,0.0745907592334845,0.0743710515700169,0.1775185660444325,0.0886271512850062,202208.0,,0.4519716646198762,0.6461538461538462,,20223.0
Y1,wf2022,2022,raw,0.1,quarter,60,421.75,0.0048443847958961,0.0031657328706181,0.0789065958053947,0.078744271525911,0.1974719517979724,0.0986543891554177,202211.1,,0.797764683395764,0.8166666666666667,,20224.0
Y1,wf2022,2022,raw,0.2,quarter,58,824.8448275862069,0.0001626065158611,0.0021994417196564,0.0767301449604334,0.1532243085926182,0.1853701500350279,0.1851896962851256,202202.06896551725,,0.5542593133534132,0.7758620689655172,,20221.0
Y1,wf2022,2022,raw,0.2,quarter,59,828.8135593220339,0.0020911601599306,0.0019793883844446,0.0673640015498679,0.1345288787523853,0.1671064843714041,0.1668832095986133,202205.0338983051,,0.498805872880057,0.7796610169491526,,20222.0
Y1,wf2022,2022,raw,0.2,quarter,65,842.6769230769231,-0.0002616050717155,0.0015091937719432,0.0712237961283689,0.1421359140304373,0.1742846974367806,0.1741293883322846,202208.0,,0.3803168305297014,0.7076923076923077,,20223.0
Y1,wf2022,2022,raw,0.2,quarter,60,844.0666666666667,0.0043520004959426,0.0026733485706646,0.0736204953475049,0.1470340282967428,0.1869455023374751,0.1869135651830356,202211.1,,0.6736838398074834,0.8166666666666667,,20224.0
Y1,wf2022,2022,raw,0.3,quarter,58,1237.3275862068965,-0.0002000798520482,0.001836755351747,0.0747870296802119,0.2240312351330083,0.1806205828576498,0.2706838679750813,202202.06896551725,,0.4628623486402637,0.7931034482758621,,20221.0
Y1,wf2022,2022,raw,0.3,quarter,59,1243.372881355932,0.0020837294683859,0.0019719576929,0.0705696649168479,0.2114262188393653,0.1721933025023273,0.2579865400343177,202205.0338983051,,0.4969333386108129,0.7796610169491526,,20222.0
Y1,wf2022,2022,raw,0.3,quarter,65,1264.123076923077,-0.00037821586564,0.0013925829780187,0.0718431588333288,0.2150918628945696,0.1753703385903821,0.2628435261955817,202208.0,,0.3509309104607154,0.6923076923076923,,20223.0
Y1,wf2022,2022,raw,0.3,quarter,60,1266.3833333333334,0.0039297389528368,0.0022510870275588,0.0720719364737938,0.2159620955318352,0.1815308213487884,0.2723048265767894,202211.1,,0.5672739309448205,0.8166666666666667,,20224.0
Y1,wf2022,2022,band,0.05,year,242,208.48347107438016,0.0009577471026492,0.0014780971703666,0.0646895083436238,0.0322380149366712,0.1689801142794801,0.0421422198740161,202206.62396694216,20222.52479338843,0.372480486932386,0.6157024793388429,,
Y1,wf2022,2022,band,0.1,year,242,417.4090909090909,0.0001708792348977,0.000691229302615,0.0763137794005528,0.0761422117007259,0.1794876957665771,0.0896207585967204,202206.62396694216,20222.52479338843,0.1741897842589971,0.5495867768595041,,
Y1,wf2022,2022,band,0.2,year,242,835.3677685950413,0.0007513387505432,0.0012716888182606,0.079022386383651,0.1577854662295435,0.1839019364298264,0.1837602992282197,202206.62396694216,20222.52479338843,0.3204655822016785,0.7272727272727273,,
Y1,wf2022,2022,band,0.3,year,242,1253.202479338843,0.0008989521585039,0.0014193022262212,0.0761724310906929,0.2281722552283095,0.1806232224902332,0.270754061671338,202206.62396694216,20222.52479338843,0.3576641610077624,0.756198347107438,,
Y1,wf2022,2022,band,0.05,month,19,205.1578947368421,-0.0018617960028442,0.0030762618065526,0.0736819804958813,0.0367179004464867,0.1977522230867179,0.0492911148318156,,20221.0,0.7752179752512757,0.631578947368421,202201.0,
Y1,wf2022,2022,band,0.05,month,16,205.8125,0.0027896507603651,0.0003513129634659,0.050986534096912,0.0254260651652018,0.1406142827062704,0.0350776126338425,,20221.0,0.0885308667934099,0.4375,202202.0,
Y1,wf2022,2022,band,0.05,month,23,206.4782608695652,-0.0019338385321867,0.000819498345725,0.059827053814973,0.02981328758531,0.1539824749236187,0.0383912279113499,,20221.0,0.206513583122724,0.5652173913043478,202203.0,
Y1,wf2022,2022,band,0.05,month,19,206.8421052631579,-0.003899921460853,0.0035192818324141,0.0824617912950967,0.0411229952217492,0.2006825302720349,0.0500630983492364,,20222.0,0.8868590217683777,0.7894736842105263,202204.0,
Y1,wf2022,2022,band,0.05,month,19,205.8421052631579,0.0055074338184087,0.0010645683487231,0.0583197602437888,0.0290753481107897,0.156775399612966,0.0391035710232235,,20222.0,0.2682712238782308,0.5789473684210527,202205.0,
Y1,wf2022,2022,band,0.05,month,21,207.8095238095238,0.003812482184117,0.0008055796411778,0.0556867935425399,0.027743249316376,0.1466904440691404,0.0365176544404427,,20222.0,0.2030060695768267,0.5238095238095238,202206.0,
Y1,wf2022,2022,band,0.05,month,21,209.47619047619048,0.001425968841444,7.392760631303405e-05,0.0517993033592833,0.025827059202881,0.137289665364734,0.0342402571871608,,20223.0,0.0186297567908845,0.4761904761904761,202207.0,
Y1,wf2022,2022,band,0.05,month,23,210.17391304347825,-0.0001417077772561,0.0015690108143633,0.070939492041111,0.0353573223189812,0.1732993875223924,0.0432108608384902,,20223.0,0.3953907252195562,0.6521739130434783,202208.0,
Y1,wf2022,2022,band,0.05,month,21,211.33333333333331,-0.0035971464124176,0.0013622946908357,0.0740636145363984,0.0368440994894169,0.1954441599585376,0.0487439613372898,,20223.0,0.3432982620906115,0.5714285714285714,202209.0,
Y1,wf2022,2022,band,0.05,month,16,210.4375,0.0062100004389471,0.001968177289268,0.0753896529298653,0.0375755835516126,0.1887950463897323,0.0470701120014736,,20224.0,0.4959806768955381,0.75,202210.0,
Y1,wf2022,2022,band,0.05,month,22,210.27272727272728,0.0040961307107551,0.0013750116844691,0.0611617230079383,0.0304735617646801,0.167049207916206,0.0416347399606812,,20224.0,0.3465029444862374,0.5454545454545454,202211.0,
Y1,wf2022,2022,band,0.05,month,22,211.0909090909091,0.0007166846144169,0.0019446243169841,0.0632864780454872,0.0315508931181861,0.1728713825445471,0.0432274574009795,,20224.0,0.4900453278799996,0.8636363636363636,202212.0,
Y1,wf2022,2022,band,0.1,month,19,410.7894736842105,-0.0030232783708343,0.0019147794385625,0.0747676713590525,0.0746061062991675,0.1823009036418065,0.0909879892994573,,20221.0,0.4825244185177616,0.4736842105263157,202201.0,
Y1,wf2022,2022,band,0.1,month,16,411.9375,0.0021941757582774,-0.0002441620386217,0.0640350322216493,0.0639138042402583,0.1588967924162749,0.0793339219559187,,20221.0,-0.0615288337326813,0.5625,202202.0,
Y1,wf2022,2022,band,0.1,month,23,413.39130434782606,-0.0021303073603218,0.0006230295175899,0.0705946777077429,0.0704322405682331,0.1783229417193511,0.0890133082093458,,20221.0,0.1570034384326766,0.5652173913043478,202203.0,
Y1,wf2022,2022,band,0.1,month,19,413.89473684210526,-0.0052193390476597,0.0021998642456075,0.0841041074727484,0.0839222792817653,0.1986223097881145,0.0991457997751735,,20222.0,0.5543657898931059,0.6842105263157895,202204.0,
Y1,wf2022,2022,band,0.1,month,19,412.05263157894734,0.0049020321199625,0.0004591666502769,0.0753410454021386,0.0751909622218164,0.1715287850638219,0.0856362778446001,,20222.0,0.1157099958697886,0.4736842105263157,202205.0,
Y1,wf2022,2022,band,0.1,month,21,416.1904761904762,0.0035447954825475,0.0005378929396084,0.0771255174767996,0.0769491745287099,0.1769251243541646,0.0882097726591163,,20222.0,0.1355490207813345,0.5238095238095238,202206.0,
Y1,wf2022,2022,band,0.1,month,21,419.3333333333333,0.0009524417411032,-0.0003995994940276,0.0691662418302741,0.0690239518045998,0.1594649904617941,0.0796126195682049,,20223.0,-0.1006990724949792,0.4285714285714285,202207.0,
Y1,wf2022,2022,band,0.1,month,23,420.8695652173913,-0.0005048594339408,0.0012058591576786,0.0853339976875133,0.0851652719246125,0.1866783370820426,0.0932081812236648,,20223.0,0.3038765077350261,0.6521739130434783,202208.0,
Y1,wf2022,2022,band,0.1,month,21,423.0952380952381,-0.0041990945729596,0.0007603465302938,0.0837175595242522,0.0834062248528292,0.2005316006797987,0.1001161194848182,,20223.0,0.1916073256340413,0.5714285714285714,202209.0,
Y1,wf2022,2022,band,0.1,month,16,421.375,0.0043371075806739,9.528443099476992e-05,0.0783242013131085,0.0781624335007294,0.1793440994635892,0.0895346968895846,,20224.0,0.024011676610682,0.5,202210.0,
Y1,wf2022,2022,band,0.1,month,22,421.09090909090907,0.0030292368369403,0.0003081178106543,0.0752396896549166,0.0750667493322873,0.1772220848572449,0.0884510389997679,,20224.0,0.0776456882848974,0.5454545454545454,202211.0,
Y1,wf2022,2022,band,0.1,month,22,422.6818181818182,-0.0005441821688652,0.0006837575337019,0.0758324916352683,0.0756977350869525,0.1799231286068349,0.0901349339319926,,20224.0,0.1723068984928907,0.5909090909090909,202212.0,
Y1,wf2022,2022,band,0.2,month,19,822.2105263157895,-0.0024339862311183,0.0025040715782785,0.0841809891638226,0.1681170612972215,0.1957589375456739,0.1955642931598654,,20221.0,0.6310260377261857,0.8421052631578947,202201.0,
Y1,wf2022,2022,band,0.2,month,16,824.375,0.0027776672884458,0.0003393294915466,0.0730694584546279,0.1459378033542068,0.1727571158162997,0.1726037263944408,,20221.0,0.085511031869757,0.5625,202202.0,
Y1,wf2022,2022,band,0.2,month,23,827.3478260869565,-0.0015906911041661,0.0011626457737457,0.0792147651723235,0.1581711856857105,0.185189619762271,0.1850102130206498,,20221.0,0.2929867349839241,0.782608695652174,202203.0,
Y1,wf2022,2022,band,0.2,month,19,828.2631578947369,-0.005363893011145,0.0020553102821222,0.0861983218654236,0.172122162626505,0.1927426895983693,0.1925374229403381,,20222.0,0.5179381910948146,0.6842105263157895,202204.0,
Y1,wf2022,2022,band,0.2,month,19,824.6842105263158,0.0057870546754414,0.0013441892057558,0.0751168931344512,0.1500330943663508,0.177607060932964,0.1774594997368257,,20222.0,0.3387356798504764,0.8421052631578947,202205.0,
Y1,wf2022,2022,band,0.2,month,21,833.047619047619,0.0036105490797269,0.0006036465367878,0.0694469618561702,0.1386876701985943,0.1662479417895472,0.1659002328535265,,20222.0,0.1521189272705326,0.5238095238095238,202206.0,
Y1,wf2022,2022,band,0.2,month,21,839.1904761904761,0.0016488457173287,0.0002968044821977,0.0701196388003263,0.1400460221090813,0.1609704293288635,0.1608266293673393,,20223.0,0.0747947295138248,0.6666666666666666,202207.0,
Y1,wf2022,2022,band,0.2,month,23,842.1304347826087,-0.0006246771997435,0.0010860413918759,0.0805202081020094,0.1608096612073365,0.1826327364860013,0.1824729593609424,,20223.0,0.2736824307527306,0.6086956521739131,202208.0,
Y1,wf2022,2022,band,0.2,month,21,846.7619047619048,-0.0034999557220479,0.0014594853812054,0.0892711013396818,0.1779359794188526,0.2053190498384122,0.205136093931014,,20223.0,0.3677903160637815,0.8095238095238095,202209.0,
Y1,wf2022,2022,band,0.2,month,16,843.25,0.0057667799981328,0.0015249568484536,0.0842604471227466,0.1682630320014674,0.2000991296397123,0.199899508963312,,20224.0,0.3842891258103234,0.875,202210.0,
Y1,wf2022,2022,band,0.2,month,22,842.8636363636364,0.0036136981395904,0.0008925791133045,0.0725313772517356,0.1448374272761571,0.1752523596686735,0.1750709390421011,,20224.0,0.2249299365527375,0.6818181818181818,202211.0,
Y1,wf2022,2022,band,0.2,month,22,845.8636363636364,0.0008101081436183,0.0020380478461855,0.0848420322603503,0.1694840649761201,0.1947159849429225,0.1950673565322389,,20224.0,0.5135880572387573,0.8636363636363636,202212.0,
Y1,wf2022,2022,band,0.3,month,19,1233.421052631579,-0.0023109935722002,0.0026270642371966,0.0836497366186729,0.2505962908599426,0.1975592686673489,0.2960668695032022,,20221.0,0.6620201877735455,0.8421052631578947,202201.0,
Y1,wf2022,2022,band,0.3,month,16,1236.5,0.0028560831081298,0.0004177453112306,0.0699768520692432,0.2096308285399823,0.1670556739552864,0.250347325088797,,20221.0,0.1052718184301131,0.625,202202.0,
Y1,wf2022,2022,band,0.3,month,23,1241.1304347826087,-0.0015230815110001,0.0012302553669116,0.0764048948043098,0.2288640819683867,0.1803511144734342,0.2702899357434211,,20221.0,0.3100243524617431,0.782608695652174,202203.0,
Y1,wf2022,2022,band,0.3,month,19,1242.6315789473683,-0.0054410510658846,0.0019781522273826,0.083223562074311,0.2493177399480514,0.1879216802510074,0.2816330549673423,,20222.0,0.4984943613004237,0.7894736842105263,202204.0,
Y1,wf2022,2022,band,0.3,month,19,1237.157894736842,0.006198618073099,0.0017557526034133,0.0746783403951986,0.2237602326627372,0.1776511860332107,0.2662855445085994,,20222.0,0.4424496560601745,0.9473684210526316,202205.0,
Y1,wf2022,2022,band,0.3,month,21,1249.6666666666667,0.0037921367984298,0.0007852342554906,0.0669521654958507,0.2005776165190892,0.1628051562620016,0.2437274937319074,,20222.0,0.1978790323836554,0.5714285714285714,202206.0,
Y1,wf2022,2022,band,0.3,month,21,1258.952380952381,0.0019790889022267,0.0006270476670957,0.0693132380220589,0.2076858275058773,0.1616079123268003,0.242229296924297,,20223.0,0.1580160121081277,0.7142857142857143,202207.0,
Y1,wf2022,2022,band,0.3,month,23,1263.2608695652175,-0.0005270261421172,0.0011836924495022,0.0760344317607699,0.2277920895027931,0.1804837768791378,0.2705075721195492,,20223.0,0.2982904972745647,0.5652173913043478,202208.0,
Y1,wf2022,2022,band,0.3,month,21,1270.2380952380952,-0.0035224162916739,0.0014370248115794,0.0846189766014565,0.2530195289380377,0.1979232505439517,0.2966346803959704,,20223.0,0.3621302525180304,0.8095238095238095,202209.0,
Y1,wf2022,2022,band,0.3,month,16,1265.3125,0.0062358438466826,0.0019940206970035,0.08355304647706,0.2503697937766695,0.1995187359697887,0.2990799507389916,,20224.0,0.5024932156448845,0.875,202210.0,
Y1,wf2022,2022,band,0.3,month,22,1264.409090909091,0.0038574053506956,0.0011362863244097,0.0686321740914774,0.2055993242398499,0.1719062220818228,0.2576197713050765,,20224.0,0.2863441537512474,0.6818181818181818,202211.0,
Y1,wf2022,2022,band,0.3,month,22,1269.1363636363635,0.0007570571151567,0.0019849968177238,0.0787811127734245,0.2361202405865298,0.1861780286844711,0.2797965481345344,,20224.0,0.5002191980664176,0.9090909090909092,202212.0,
Y1,wf2022,2022,band,0.05,quarter,58,205.86206896551724,-0.0006072068642843,0.0014296283395109,0.0619269726330468,0.0308648752687691,0.1646330635377792,0.0410477797570176,202202.06896551725,,0.3602663415567491,0.5517241379310345,,20221.0
Y1,wf2022,2022,band,0.05,quarter,59,206.864406779661,0.0018746586552544,0.0017628868797685,0.0651571549768163,0.0324809620163074,0.1673254236146943,0.0417124993445091,202205.0338983051,,0.4442474937016766,0.6271186440677966,,20222.0
Y1,wf2022,2022,band,0.05,quarter,65,210.3230769230769,-0.0007516001210359,0.0010191987226227,0.0657650706577672,0.0327586576288434,0.1688199422277497,0.0421002828969036,202208.0,,0.2568380781009418,0.5692307692307692,,20223.0
Y1,wf2022,2022,band,0.05,quarter,60,210.61666666666667,0.0034206990696156,0.0017420471443376,0.0657349145008868,0.032762455737481,0.1749828955395381,0.0436681688996685,202211.1,,0.438995880373097,0.7166666666666667,,20224.0
Y1,wf2022,2022,band,0.1,quarter,58,412.13793103448273,-0.0012298714862209,0.0008069637175743,0.0701521354939047,0.0700013520792703,0.1742671294379275,0.086990010979299,202202.06896551725,,0.2033548568287264,0.5344827586206896,,20221.0
Y1,wf2022,2022,band,0.1,quarter,59,414.1186440677966,0.0011595232797839,0.001047751504298,0.0787981995192482,0.0786285466723892,0.1821745493834619,0.0909027915358837,202205.0338983051,,0.264033379083102,0.559322033898305,,20222.0
Y1,wf2022,2022,band,0.1,quarter,65,421.0923076923077,-0.001227561176148,0.0005432376675107,0.079588335003967,0.07938207637034,0.1823620025670835,0.091047564434735,202208.0,,0.1368958922127062,0.5538461538461539,,20223.0
Y1,wf2022,2022,band,0.1,quarter,60,421.75,0.0020677487331405,0.0003890968078625,0.0762795868232301,0.0761236265539158,0.1787783381271197,0.089357442578868,202211.1,,0.0980523955813708,0.55,,20224.0
Y1,wf2022,2022,band,0.2,quarter,58,824.8448275862069,-0.0006618785719299,0.0013749566318653,0.0791463746267261,0.1580545911911355,0.1852223262234626,0.1850451050314386,202202.06896551725,,0.3464890712300671,0.7413793103448276,,20221.0
Y1,wf2022,2022,band,0.2,quarter,59,828.8135593220339,0.001421383089761,0.001309611314275,0.0766673776945287,0.1531083213056736,0.1784381701300987,0.1782007867930537,202205.0338983051,,0.3300220511973172,0.6779661016949152,,20222.0
Y1,wf2022,2022,band,0.2,quarter,65,842.6769230769231,-0.0008190905491262,0.0009517082945325,0.0799872358351752,0.1596345267670054,0.1829635692567819,0.1828014654548784,202208.0,,0.2398304902221929,0.6923076923076923,,20223.0
Y1,wf2022,2022,band,0.2,quarter,60,844.0666666666667,0.0031598703033453,0.0014812183780673,0.0801730360538306,0.1601213556928929,0.1890148275948418,0.1890239107674745,202211.1,,0.3732670312729677,0.8,,20224.0
Y1,wf2022,2022,band,0.3,quarter,58,1237.3275862068965,-0.0005731452223229,0.0014636899814723,0.0770049518855483,0.2306775287629573,0.1823205607043655,0.2732326938634531,202202.06896551725,,0.3688498753310218,0.7586206896551724,,20221.0
Y1,wf2022,2022,band,0.3,quarter,59,1243.372881355932,0.0015937058627813,0.0014819340872954,0.0746801969887042,0.2237391767204383,0.1756744532356301,0.2631988264137788,202205.0338983051,,0.3734473899984429,0.7627118644067796,,20222.0
Y1,wf2022,2022,band,0.3,quarter,65,1264.123076923077,-0.0006850996376475,0.0010856992060112,0.0766364375014082,0.2294466237520993,0.180019712130861,0.2698125797303884,202208.0,,0.2735961999148355,0.6923076923076923,,20223.0
Y1,wf2022,2022,band,0.3,quarter,60,1266.3833333333334,0.0033548612632612,0.0016762093379832,0.0763323509110134,0.2287291187767844,0.184502554872918,0.2768073039915885,202211.1,,0.4224047531717796,0.8166666666666667,,20224.0
Y4,wf2022,2022,raw,0.05,year,242,208.48347107438016,0.0021849195417555,0.0027052696094728,0.0953798068327558,0.0475287093587941,0.2137411632485635,0.0533031995978493,202206.62396694216,20222.52479338843,0.681727941587167,0.731404958677686,,
Y4,wf2022,2022,raw,0.1,year,242,417.4090909090909,0.0019508193163215,0.0024711693840388,0.0858708571325516,0.0856693952175479,0.1997297915860691,0.099721761153057,202206.62396694216,20222.52479338843,0.6227346847778025,0.7603305785123967,,
Y4,wf2022,2022,raw,0.2,year,242,835.3677685950413,0.0016646540861736,0.002185004153891,0.0782000021156401,0.1561410605522476,0.1876745148855522,0.1875262824184636,202206.62396694216,20222.52479338843,0.5506210467805357,0.768595041322314,,
Y4,wf2022,2022,raw,0.3,year,242,1253.202479338843,0.0013591066089968,0.0018794566767141,0.0748192117791479,0.22411803155553,0.1816738020115308,0.2723233322688634,202206.62396694216,20222.52479338843,0.4736230825319674,0.78099173553719,,
Y4,wf2022,2022,raw,0.05,month,19,205.1578947368421,-0.0016494823520726,0.0032885754573242,0.1066920738774774,0.0531700200284845,0.2315510057411123,0.0577160066855126,,20221.0,0.8287210152457037,0.5789473684210527,202201.0,
Y4,wf2022,2022,raw,0.05,month,16,205.8125,0.0044977109428542,0.002059373145955,0.0955995419239487,0.0476687336110481,0.2155002623816683,0.0537514256622886,,20221.0,0.5189620327806626,0.75,202202.0,
Y4,wf2022,2022,raw,0.05,month,23,206.4782608695652,-0.0009340063688161,0.0018193305090956,0.0914489862789373,0.0455801928947958,0.2020873871051182,0.0503956982748651,,20221.0,0.4584712882921094,0.6521739130434783,202203.0,
Y4,wf2022,2022,raw,0.05,month,19,206.8421052631579,-0.0046923813341304,0.0027268219591368,0.0937882756463682,0.0467727061857605,0.2027709467715408,0.0505863818216224,,20222.0,0.6871591337024892,0.7368421052631579,202204.0,
Y4,wf2022,2022,raw,0.05,month,19,205.8421052631579,0.007754873551263,0.0033120080815773,0.080566012259781,0.0401642537577733,0.1989411986048592,0.0496148108313092,,20222.0,0.8346260365575033,0.8421052631578947,202205.0,
Y4,wf2022,2022,raw,0.05,month,21,207.8095238095238,0.0043504973950795,0.0013435948521403,0.0693859937405959,0.0345604451201577,0.1644931352572262,0.0409251288824536,,20222.0,0.338585902739375,0.6666666666666666,202206.0,
Y4,wf2022,2022,raw,0.05,month,21,209.47619047619048,0.0032899154629611,0.0019378742278301,0.0872350830184834,0.043493194269394,0.1899722937010933,0.047377677492054,,20223.0,0.4883443054131999,0.7619047619047619,202207.0,
Y4,wf2022,2022,raw,0.05,month,23,210.17391304347825,-0.0006751216722778,0.0010355969193416,0.0930536471739141,0.0463898213776385,0.1997743404265051,0.0498228781504457,,20223.0,0.2609704236740916,0.6521739130434783,202208.0,
Y4,wf2022,2022,raw,0.05,month,21,211.33333333333331,-0.0016457142711476,0.0033137268321057,0.1123530350469198,0.0558564595602572,0.23752960184342,0.0592325610439217,,20223.0,0.8350591616906557,0.7619047619047619,202209.0,
Y4,wf2022,2022,raw,0.05,month,16,210.4375,0.0087567620270275,0.0045149388773483,0.1083567360923373,0.0540048939367237,0.2574874938918385,0.0641996774153007,,20224.0,1.1377645970917878,0.875,202210.0,
Y4,wf2022,2022,raw,0.05,month,22,210.27272727272728,0.0048908426677102,0.0021697236414243,0.0823400612403764,0.0410184895721483,0.2009981763608546,0.0500954787995717,,20224.0,0.5467703576389241,0.7272727272727273,202211.0,
Y4,wf2022,2022,raw,0.05,month,22,211.0909090909091,0.0042433868218809,0.005471326524448,0.1261469848521623,0.062877628536193,0.2740401033882211,0.0684708799476329,,20224.0,1.3787742841609163,0.8181818181818182,202212.0,
Y4,wf2022,2022,raw,0.1,month,19,410.7894736842105,-0.0014593645395091,0.0034786932698877,0.0991175134448148,0.0988949003994334,0.2219602336418754,0.1107853939842872,,20221.0,0.8766307040117175,0.7894736842105263,202201.0,
Y4,wf2022,2022,raw,0.1,month,16,411.9375,0.0040061560048364,0.0015678182079372,0.0859868473200484,0.0858111148096956,0.195012916656896,0.097359011495893,,20221.0,0.3950901884001871,0.75,202202.0,
Y4,wf2022,2022,raw,0.1,month,23,413.39130434782606,-0.0008282283904175,0.0019251084874942,0.0854147818251606,0.0852198482623197,0.1968000700467907,0.0982417266515642,,20221.0,0.4851273388485542,0.6086956521739131,202203.0,
Y4,wf2022,2022,raw,0.1,month,19,413.89473684210526,-0.0049419010194479,0.0024773022738193,0.0878790620634402,0.0876872926492915,0.1897483468955063,0.0947171595499594,,20222.0,0.6242801730024811,0.6842105263157895,202204.0,
Y4,wf2022,2022,raw,0.1,month,19,412.05263157894734,0.0072603317157059,0.0028174662460203,0.0757501476795548,0.0755945970371755,0.1860973390265927,0.0929061984369737,,20222.0,0.7100014939971157,0.9473684210526316,202205.0,
Y4,wf2022,2022,raw,0.1,month,21,416.1904761904762,0.0042929839511133,0.0012860814081741,0.0644902532443734,0.0643454183796578,0.1600495681224355,0.0797705446821274,,20222.0,0.3240925148598924,0.7619047619047619,202206.0,
Y4,wf2022,2022,raw,0.1,month,21,419.3333333333333,0.0028415648471921,0.0014895236120611,0.0730998284313492,0.0729522320992027,0.1713241709018195,0.0855272017951426,,20223.0,0.3753599502394065,0.7619047619047619,202207.0,
Y4,wf2022,2022,raw,0.1,month,23,420.8695652173913,-0.000369900276758,0.0013408183148615,0.0837485097439359,0.083590642205176,0.1914878590586671,0.0956218804949042,,20223.0,0.3378862153450988,0.6956521739130435,202208.0,
Y4,wf2022,2022,raw,0.1,month,21,423.0952380952381,-0.0021772996794526,0.0027821414238007,0.0977340158322034,0.0972785530746596,0.2211417354407456,0.110394127252669,,20223.0,0.7010996387978016,0.8095238095238095,202209.0,
Y4,wf2022,2022,raw,0.1,month,16,421.375,0.0084488949689343,0.0042070718192551,0.1019934457158453,0.1017743923735492,0.2424652779448782,0.1210365524843282,,20224.0,1.0601820984523,0.875,202210.0,
Y4,wf2022,2022,raw,0.1,month,22,421.09090909090907,0.0048080224313196,0.0020869034050337,0.0754184344349387,0.0752469325463645,0.187457238383415,0.0935627804559465,,20224.0,0.525899658068493,0.6363636363636364,202211.0,
Y4,wf2022,2022,raw,0.1,month,22,422.6818181818182,0.0033715198341524,0.0045994595367195,0.104050349345931,0.1038678383948289,0.2417790636754158,0.1209907911443071,,20224.0,1.159063803253339,0.8636363636363636,202212.0,
Y4,wf2022,2022,raw,0.2,month,19,822.2105263157895,-0.0014203868762514,0.0035176709331454,0.0911525778735607,0.1820262771202233,0.2148168605940379,0.2146007733360413,,20221.0,0.8864530751526537,0.8947368421052632,202201.0,
Y4,wf2022,2022,raw,0.2,month,16,824.375,0.0034679786514058,0.0010296408545066,0.0753870476556368,0.1505609532827282,0.1769335439869888,0.1767719502642274,,20221.0,0.2594694953356796,0.6875,202202.0,
Y4,wf2022,2022,raw,0.2,month,23,827.3478260869565,-0.0011433279274362,0.0016100089504756,0.0782393035722851,0.156225079356149,0.1833943993172811,0.1832147988634847,,20221.0,0.4057222555198566,0.7391304347826086,202203.0,
Y4,wf2022,2022,raw,0.2,month,19,828.2631578947369,-0.0049487972402086,0.0024704060530586,0.0841614551154433,0.1680560931476913,0.18710362725171,0.1869049016232474,,20222.0,0.6225423253707728,0.7368421052631579,202204.0,
Y4,wf2022,2022,raw,0.2,month,19,824.6842105263158,0.0071955646048475,0.0027526991351618,0.0731680283301515,0.1461362680984419,0.181077224052667,0.1809276965565804,,20222.0,0.6936801820607909,0.9473684210526316,202205.0,
Y4,wf2022,2022,raw,0.2,month,21,833.047619047619,0.0042359173302521,0.001229014787313,0.0614903984566109,0.122798582430136,0.1556580483046815,0.1553231173709969,,20222.0,0.3097117264028846,0.7142857142857143,202206.0,
Y4,wf2022,2022,raw,0.2,month,21,839.1904761904761,0.0026523904461445,0.0013003492110135,0.0680607232066292,0.1359371622220383,0.1637278606998362,0.163580400531251,,20223.0,0.3276880011754107,0.6666666666666666,202207.0,
Y4,wf2022,2022,raw,0.2,month,23,842.1304347826087,-0.0001262987804311,0.0015844198111883,0.0767340649919004,0.1532503528765143,0.1856488877839255,0.1854930461332579,,20223.0,0.3992737924194665,0.6521739130434783,202208.0,
Y4,wf2022,2022,raw,0.2,month,21,846.7619047619048,-0.0026754710359347,0.0022839700673187,0.0876200514428559,0.1746269192342978,0.2062406125541782,0.206047235132343,,20223.0,0.5755604569643143,0.8095238095238095,202209.0,
Y4,wf2022,2022,raw,0.2,month,16,843.25,0.0079565057990802,0.0037146826494011,0.0926810416480342,0.1850787403599514,0.2243010632810038,0.2240730972962501,,20224.0,0.9361000276490896,0.875,202210.0,
Y4,wf2022,2022,raw,0.2,month,22,842.8636363636364,0.0045196397029325,0.0017985206766466,0.0679446697781997,0.1356764370382827,0.1752107007633339,0.1750297174928106,,20224.0,0.4532272105149529,0.6363636363636364,202211.0,
Y4,wf2022,2022,raw,0.2,month,22,845.8636363636364,0.0020751398924373,0.0033030795950045,0.0861085032153427,0.1720143149359491,0.2063515630496441,0.206668431454806,,20224.0,0.8323760579411358,0.9090909090909092,202212.0,
Y4,wf2022,2022,raw,0.3,month,19,1233.421052631579,-0.0016856514591002,0.0032524063502966,0.0876244428675991,0.2624964128712445,0.208061663532189,0.3118068203591406,,20221.0,0.8196064002747648,0.8947368421052632,202201.0,
Y4,wf2022,2022,raw,0.3,month,16,1236.5,0.0032402992310383,0.0008019614341391,0.0701147258335417,0.210039182363582,0.1706742765301644,0.2557682758629582,,20221.0,0.2020942814030678,0.6875,202202.0,
Y4,wf2022,2022,raw,0.3,month,23,1241.1304347826087,-0.0013367877544668,0.001416549123445,0.0747862754640137,0.2240143444912652,0.1777451584338253,0.2663815820240107,,20221.0,0.3569703791081466,0.7391304347826086,202203.0,
Y4,wf2022,2022,raw,0.3,month,19,1242.6315789473683,-0.0050801322543723,0.0023390710388949,0.0816869523294395,0.2447165799993957,0.1847940435303902,0.2769451438867286,,20222.0,0.5894459018015202,0.7368421052631579,202204.0,
Y4,wf2022,2022,raw,0.3,month,19,1237.157894736842,0.006771267698149,0.0023284022284633,0.0711645571058543,0.2132285289512727,0.1771534051140494,0.2655400368118208,,20222.0,0.5867573615727695,0.9473684210526316,202205.0,
Y4,wf2022,2022,raw,0.3,month,21,1249.6666666666667,0.0041995795467307,0.0011926770037916,0.0622999107964541,0.1866394151049931,0.1596001913939276,0.2389268378988299,,20222.0,0.3005546049554833,0.7142857142857143,202206.0,
Y4,wf2022,2022,raw,0.3,month,21,1258.952380952381,0.0023088821198523,0.0009568408847213,0.0654126001967064,0.1960014228870954,0.1616373623234571,0.2422721763533476,,20223.0,0.2411239029497901,0.7142857142857143,202207.0,
Y4,wf2022,2022,raw,0.3,month,23,1263.2608695652175,-0.0001990459915348,0.0015116726000846,0.0749906895358366,0.2246708570976349,0.1817674767450517,0.2724374768354431,,20223.0,0.3809414952213274,0.6521739130434783,202208.0,
Y4,wf2022,2022,raw,0.3,month,21,1270.2380952380952,-0.0031210652508174,0.0018383758524359,0.0825106423961257,0.2467086958709976,0.1968973553684935,0.2950908535365371,,20223.0,0.4632707148138682,0.8571428571428571,202209.0,
Y4,wf2022,2022,raw,0.3,month,16,1265.3125,0.0073420567270413,0.0031002335773622,0.0869029700122268,0.2604062736824101,0.2078560222609401,0.3115750335335068,,20224.0,0.7812588614952771,0.8125,202210.0,
Y4,wf2022,2022,raw,0.3,month,22,1264.409090909091,0.0042502755700774,0.0015291565437914,0.0656112761980325,0.1965496073950952,0.1707953824791154,0.2559559880677885,,20224.0,0.3853474490354512,0.7272727272727273,202211.0,
Y4,wf2022,2022,raw,0.3,month,22,1269.1363636363635,0.0013711226011072,0.0025990623036743,0.0782690241244658,0.2345843733965646,0.1896036391053953,0.2848749147183461,,20224.0,0.654963700525944,0.9090909090909092,202212.0,
Y4,wf2022,2022,raw,0.05,quarter,58,205.86206896551724,0.0003300183433364,0.0023668535471317,0.0975873923943243,0.0486426647396255,0.2154393657000956,0.0537194482404009,202202.06896551725,,0.5964470938771982,0.6551724137931034,,20221.0
Y4,wf2022,2022,raw,0.05,quarter,59,206.864406779661,0.0025347084308845,0.0024229366553986,0.0808447006571076,0.0402978234991602,0.187913332246667,0.0468347519819869,202205.0338983051,,0.6105800371604531,0.7457627118644068,,20222.0
Y4,wf2022,2022,raw,0.05,quarter,65,210.3230769230769,0.0002923142548567,0.0020631130985155,0.0974089902211306,0.0485124403401286,0.2088053790191446,0.0520729416417806,202208.0,,0.5199045008259243,0.7230769230769231,,20223.0
Y4,wf2022,2022,raw,0.05,quarter,60,210.61666666666667,0.0056843540200574,0.0040057020947794,0.1053403798585541,0.0524965483561848,0.2428440342791513,0.0605942455180552,202211.1,,1.0094369278844182,0.8,,20224.0
Y4,wf2022,2022,raw,0.1,quarter,58,412.13793103448273,0.0002986433939156,0.0023354785977108,0.0900614188715681,0.0898627147340986,0.2045491847721061,0.1021073514245124,202202.06896551725,,0.5885406066231441,0.7068965517241379,,20221.0
Y4,wf2022,2022,raw,0.1,quarter,59,414.1186440677966,0.002274624511903,0.0021628527364171,0.075648310224555,0.0754849100002658,0.1780018468320513,0.0888139871199391,202205.0338983051,,0.54503888957712,0.7966101694915254,,20222.0
Y4,wf2022,2022,raw,0.1,quarter,65,421.0923076923077,8.372095626300042e-05,0.0018545197999217,0.0848265608253097,0.0845758655287717,0.1945539198698956,0.0971330947905668,202208.0,,0.4673389895802869,0.7538461538461538,,20223.0
Y4,wf2022,2022,raw,0.1,quarter,60,421.75,0.0052522041557222,0.0035735522304442,0.0930034729105443,0.0928152539780507,0.2220440515402055,0.1109460569159138,202211.1,,0.9005351620719516,0.7833333333333333,,20224.0
Y4,wf2022,2022,raw,0.2,quarter,58,824.8448275862069,3.799595590833325e-05,0.0020748311597036,0.081682684900869,0.1631146783275745,0.1919056592995863,0.1917190736460788,202202.06896551725,,0.5228574522453102,0.7758620689655172,,20221.0
Y4,wf2022,2022,raw,0.2,quarter,59,828.8135593220339,0.0022312346417531,0.0021194628662671,0.0725518398822904,0.1448885609272777,0.1739704269352792,0.1737390649187739,202205.0338983051,,0.5341046422993271,0.7966101694915254,,20222.0
Y4,wf2022,2022,raw,0.2,quarter,65,842.6769230769231,-5.214714362324501e-05,0.0017186517000355,0.0774489194223523,0.1545631357960445,0.1852194208825322,0.1850541601538523,202208.0,,0.4331002284089532,0.7076923076923077,,20223.0
Y4,wf2022,2022,raw,0.2,quarter,60,844.0666666666667,0.0045398207313903,0.0028611688061123,0.0812011078704413,0.1621742731532053,0.1997197802730263,0.1997088138931261,202211.1,,0.7210145391403231,0.8,,20224.0
Y4,wf2022,2022,raw,0.3,quarter,58,1237.3275862068965,-0.0001884260065349,0.0018484091972603,0.0777031786809201,0.2327653221667251,0.1857258392340035,0.2783344549514353,202202.06896551725,,0.4657991177096032,0.7758620689655172,,20221.0
Y4,wf2022,2022,raw,0.3,quarter,59,1243.372881355932,0.0020393685409,0.001927596765414,0.0713979119660359,0.2139048269028399,0.1733661956528276,0.2597403733753876,202205.0338983051,,0.4857543848843501,0.7966101694915254,,20222.0
Y4,wf2022,2022,raw,0.3,quarter,65,1264.123076923077,-0.0003328292854702,0.0014379695581884,0.0743257531349803,0.2225283416487009,0.1801520159487254,0.2700105476138887,202208.0,,0.3623683286634979,0.7384615384615385,,20223.0
Y4,wf2022,2022,raw,0.3,quarter,60,1266.3833333333334,0.004019061123312,0.002340409198034,0.0759302354548432,0.2275241326055847,0.187574580517238,0.2813913399638512,202211.1,,0.5897831179045854,0.8166666666666667,,20224.0
Y4,wf2022,2022,band,0.05,year,242,208.48347107438016,0.0004532161866118,0.0009735662543291,0.091846341923342,0.045769061016491,0.2007676233054094,0.0500637178682234,202206.62396694216,20222.52479338843,0.2453386960909507,0.6198347107438017,,
Y4,wf2022,2022,band,0.1,year,242,417.4090909090909,0.0006661077810684,0.0011864578487857,0.1025378262789907,0.1023009157328886,0.2132959779461587,0.1064912099030217,202206.62396694216,20222.52479338843,0.2989873778940106,0.6611570247933884,,
Y4,wf2022,2022,band,0.2,year,242,835.3677685950413,0.0011405626228306,0.0016609126905479,0.0878749679938299,0.1754586624261351,0.1978417752119191,0.1976824535338822,202206.62396694216,20222.52479338843,0.4185499980180919,0.756198347107438,,
Y4,wf2022,2022,band,0.3,year,242,1253.202479338843,0.001120163449492,0.0016405135172093,0.0813151188705891,0.2435749806400969,0.1888220127704412,0.2830400088158775,202206.62396694216,20222.52479338843,0.413409406336757,0.768595041322314,,
Y4,wf2022,2022,band,0.05,month,19,205.1578947368421,-0.0040229383346303,0.0009151194747665,0.0949555602644394,0.0473186401126611,0.2009507747185346,0.050089695992214,,20221.0,0.23061010764118,0.6842105263157895,202201.0,
Y4,wf2022,2022,band,0.05,month,16,205.8125,0.0029158255068197,0.0004774877099205,0.0907388191897477,0.0452449663840021,0.2076433143222949,0.0517913577521254,,20221.0,0.1203269028999663,0.5,202202.0,
Y4,wf2022,2022,band,0.05,month,23,206.4782608695652,-0.0024507207280919,0.0003026161498199,0.0899488324376841,0.0448234920063812,0.2013852584722213,0.0502142262854614,,20221.0,0.0762592697546281,0.4782608695652174,202203.0,
Y4,wf2022,2022,band,0.05,month,19,206.8421052631579,-0.00593437525393,0.0014848280393372,0.0918117448775629,0.0457824948513178,0.197893788381905,0.049369052610712,,20222.0,0.3741766659129956,0.4210526315789473,202204.0,
Y4,wf2022,2022,band,0.05,month,19,205.8421052631579,0.0064664206355887,0.002023555165903,0.0938686282556371,0.0467993845502739,0.2017282854052763,0.0503138945107964,,20222.0,0.5099359018075761,0.8947368421052632,202205.0,
Y4,wf2022,2022,band,0.05,month,21,207.8095238095238,0.0043490318602189,0.0013421293172798,0.0898443578885582,0.0447542192295458,0.1998180702011432,0.049732310663053,,20222.0,0.3382165879545135,0.7619047619047619,202206.0,
Y4,wf2022,2022,band,0.05,month,21,209.47619047619048,0.0017501864705993,0.0003981452354683,0.0827441502530859,0.0412473973974952,0.1923611257542946,0.0479715718810762,,20223.0,0.1003325993380277,0.5238095238095238,202207.0,
Y4,wf2022,2022,band,0.05,month,23,210.17391304347825,-0.0009845833782915,0.0007261352133279,0.0970497956727847,0.0483707874271116,0.1938590012154368,0.0483408718740149,,20223.0,0.1829860737586495,0.6521739130434783,202208.0,
Y4,wf2022,2022,band,0.05,month,21,211.33333333333331,-0.0040830120243325,0.0008764290789209,0.097055702664982,0.0482737790859922,0.2101382727224247,0.052401942378949,,20223.0,0.2208601278880703,0.5714285714285714,202209.0,
Y4,wf2022,2022,band,0.05,month,16,210.4375,0.0059979965991492,0.00175617344947,0.1003931882249005,0.0500387381019494,0.2183223158069369,0.0544351460104192,,20224.0,0.4425557092664571,0.8125,202210.0,
Y4,wf2022,2022,band,0.05,month,22,210.27272727272728,0.0032836178371853,0.0005624988108994,0.0862651042106642,0.0429805796660645,0.1943583014810536,0.0484359792233906,,20224.0,0.1417497003466547,0.5454545454545454,202211.0,
Y4,wf2022,2022,band,0.05,month,22,211.0909090909091,-9.926367438366695e-05,0.0011286760281835,0.0897859420974864,0.0447563242657885,0.1974665085726518,0.0493424691264289,,20224.0,0.2844263591022442,0.6363636363636364,202212.0,
Y4,wf2022,2022,band,0.1,month,19,410.7894736842105,-0.0032471691923083,0.0016908886170885,0.105464277994903,0.1052276629926357,0.2178355839784561,0.1087209682146102,,20221.0,0.4261039315063147,0.5789473684210527,202201.0,
Y4,wf2022,2022,band,0.1,month,16,411.9375,0.0031108666961386,0.0006725288992394,0.1002451903310405,0.1000409107262107,0.2158450110830764,0.1077555306106546,,20221.0,0.1694772826083307,0.625,202202.0,
Y4,wf2022,2022,band,0.1,month,23,413.39130434782606,-0.0017904426461733,0.0009628942317385,0.1025062690329034,0.1022722052195039,0.2120733984832588,0.1058673013452717,,20221.0,0.2426493463981061,0.6086956521739131,202203.0,
Y4,wf2022,2022,band,0.1,month,19,413.89473684210526,-0.0058531804594974,0.0015660228337698,0.1011523797367925,0.1009300641139652,0.2071335577545134,0.1033956868846212,,20222.0,0.394637754110007,0.5263157894736842,202204.0,
Y4,wf2022,2022,band,0.1,month,19,412.05263157894734,0.0064799170785889,0.0020370516089033,0.0978886558985107,0.0976856554541859,0.2107995667532986,0.1052383170801589,,20222.0,0.513337005443634,0.7368421052631579,202205.0,
Y4,wf2022,2022,band,0.1,month,21,416.1904761904762,0.0037149621085741,0.000708059565635,0.0904780921489962,0.0902723064153302,0.1951547711462803,0.0972719428302308,,20222.0,0.1784310105400348,0.7619047619047619,202206.0,
Y4,wf2022,2022,band,0.1,month,21,419.3333333333333,0.0020321452236178,0.0006801039884868,0.0984359459848138,0.0982342192547177,0.2060908244677027,0.1028873230608637,,20223.0,0.1713862050986843,0.6190476190476191,202207.0,
Y4,wf2022,2022,band,0.1,month,23,420.8695652173913,-0.0012157209627533,0.0004949976288661,0.107137891719296,0.1069377221545886,0.2065175309699098,0.1031242642202485,,20223.0,0.1247394024742665,0.6521739130434783,202208.0,
Y4,wf2022,2022,band,0.1,month,21,423.0952380952381,-0.0038124954180402,0.0011469456852131,0.1097969101234708,0.1093247998416947,0.2215156984589091,0.1105818861928615,,20223.0,0.2890303126737191,0.6190476190476191,202209.0,
Y4,wf2022,2022,band,0.1,month,16,421.375,0.0062973790770071,0.0020555559273279,0.1118314868971378,0.1115942531618311,0.2373458247253385,0.1184898334957029,,20224.0,0.5180000936866528,0.75,202210.0,
Y4,wf2022,2022,band,0.1,month,22,421.09090909090907,0.0031949661591934,0.0004738471329075,0.0944550072452957,0.0942395805195249,0.2038999426454446,0.1017650676425483,,20224.0,0.119409477492699,0.6363636363636364,202211.0,
Y4,wf2022,2022,band,0.1,month,22,422.6818181818182,0.0008490921293279,0.0020770318318951,0.1119350179450451,0.1117308081688708,0.2316177517110583,0.1159091277052273,,20224.0,0.5234120216375685,0.8181818181818182,202212.0,
Y4,wf2022,2022,band,0.2,month,19,822.2105263157895,-0.0021981744830648,0.002739883326332,0.0963005254771622,0.1923093864213892,0.2157387924252374,0.2155206983364637,,20221.0,0.6904505982356662,0.7894736842105263,202201.0,
Y4,wf2022,2022,band,0.2,month,16,824.375,0.0031989369611522,0.000760599164253,0.0856259754590494,0.1710090889757342,0.1940805488595143,0.1939017002163342,,20221.0,0.191670989391761,0.75,202202.0,
Y4,wf2022,2022,band,0.2,month,23,827.3478260869565,-0.001518025020913,0.0012353118569988,0.0873983456904237,0.1745120446662431,0.1956744031670834,0.1954835077406959,,20221.0,0.3112985879637084,0.6956521739130435,202203.0,
Y4,wf2022,2022,band,0.2,month,19,828.2631578947369,-0.0052984964575784,0.0021207068356888,0.0909111368635954,0.1815328070584448,0.1944578321075199,0.1942514969363023,,20222.0,0.5344181225935993,0.631578947368421,202204.0,
Y4,wf2022,2022,band,0.2,month,19,824.6842105263158,0.0067571428362461,0.0023142773665605,0.0847170088684043,0.1692026978975908,0.193134950620603,0.1929748764978218,,20222.0,0.5831978963732546,0.8947368421052632,202205.0,
Y4,wf2022,2022,band,0.2,month,21,833.047619047619,0.0039678485339427,0.0009609459910036,0.074346638749639,0.1484716604981441,0.1746254473102526,0.1742263615026756,,20222.0,0.2421583897329127,0.7142857142857143,202206.0,
Y4,wf2022,2022,band,0.2,month,21,839.1904761904761,0.0021980452848507,0.0008460040497197,0.0785065915208776,0.1567946479615873,0.1787777539358764,0.1786147293534578,,20223.0,0.2131930205293873,0.7142857142857143,202207.0,
Y4,wf2022,2022,band,0.2,month,23,842.1304347826087,-0.0007080555140397,0.0010026630775797,0.0898695407395782,0.1794872105610035,0.1932259168943396,0.1930652202173501,,20223.0,0.252671095550097,0.6956521739130435,202208.0,
Y4,wf2022,2022,band,0.2,month,21,846.7619047619048,-0.0033349135989307,0.0016245275043226,0.0945418584316235,0.1884038241572591,0.2114203225524981,0.211223357515179,,20223.0,0.4093809310893062,0.7619047619047619,202209.0,
Y4,wf2022,2022,band,0.2,month,16,843.25,0.0071511342681968,0.0029093111185176,0.1023231866078719,0.2043300886511846,0.2287062940082352,0.2284776262463295,,20224.0,0.7331464018664594,0.875,202210.0,
Y4,wf2022,2022,band,0.2,month,22,842.8636363636364,0.0038843789376603,0.0011632599113744,0.0795949542357629,0.1589466637771752,0.1874537451444605,0.1872604020129769,,20224.0,0.2931414976663563,0.7272727272727273,202211.0,
Y4,wf2022,2022,band,0.2,month,22,845.8636363636364,0.0013981354589656,0.0026260751615327,0.0940165302109206,0.1878106486655267,0.2145380196874806,0.2148721438653444,,20224.0,0.6617709407062607,0.8636363636363636,202212.0,
Y4,wf2022,2022,band,0.3,month,19,1233.421052631579,-0.0020968739907759,0.002841183818621,0.0908418887508161,0.2721339038285417,0.2092011598165871,0.313511258621043,,20221.0,0.7159783222924931,0.8421052631578947,202201.0,
Y4,wf2022,2022,band,0.3,month,16,1236.5,0.0030581953804093,0.0006198575835101,0.0767792628951525,0.2300069215124043,0.1791574763918213,0.2684797422500241,,20221.0,0.1562041110445498,0.6875,202202.0,
Y4,wf2022,2022,band,0.3,month,23,1241.1304347826087,-0.0014824292968372,0.0012709075810746,0.0817257003969618,0.2448023894705175,0.1855647732327276,0.2781021148904444,,20221.0,0.3202687104308119,0.6956521739130435,202203.0,
Y4,wf2022,2022,band,0.3,month,19,1242.6315789473683,-0.0054003044487664,0.0020188988445008,0.0856429403230147,0.256566707482115,0.1894412879166938,0.2839109683891851,,20222.0,0.5087625088142219,0.7368421052631579,202204.0,
Y4,wf2022,2022,band,0.3,month,19,1237.157894736842,0.0066790300064656,0.0022361645367799,0.0789889125594078,0.2366709357988155,0.1864377022193546,0.2794572821486552,,20222.0,0.5635134632685534,0.9473684210526316,202205.0,
Y4,wf2022,2022,band,0.3,month,21,1249.6666666666667,0.0040913101242531,0.001084407581314,0.0701422784922368,0.2101323948986503,0.1701842342900518,0.2547557066325283,,20222.0,0.2732707104911349,0.7142857142857143,202206.0,
Y4,wf2022,2022,band,0.3,month,21,1258.952380952381,0.0022158178444733,0.0008637766093423,0.0736186249174987,0.2205818445030441,0.1719991924373914,0.2578003597889551,,20223.0,0.2176717055542683,0.7142857142857143,202207.0,
Y4,wf2022,2022,band,0.3,month,23,1263.2608695652175,-0.0004315830004906,0.0012791355911288,0.0827136487263619,0.2478071374342072,0.1885309091900447,0.2825747676583551,,20223.0,0.3223421689644613,0.6086956521739131,202208.0,
Y4,wf2022,2022,band,0.3,month,21,1270.2380952380952,-0.0034239482317939,0.0015354928714595,0.0870841135402001,0.2603610961592389,0.2010554480637864,0.301322549605685,,20223.0,0.3869442036078019,0.7619047619047619,202209.0,
Y4,wf2022,2022,band,0.3,month,16,1265.3125,0.0069878212858471,0.002745998136168,0.092735994997474,0.277882822895852,0.2152302708073349,0.322632196453853,,20224.0,0.6919915303143385,0.8125,202210.0,
Y4,wf2022,2022,band,0.3,month,22,1264.409090909091,0.0039232319314301,0.0012021129051442,0.0738466536060721,0.221223723290983,0.1791065552051487,0.2684103539842203,,20224.0,0.302932452096344,0.7727272727272727,202211.0,
Y4,wf2022,2022,band,0.3,month,22,1269.1363636363635,0.0010478415553142,0.0022757812578814,0.0844334901931968,0.253060315059159,0.1961654093321516,0.2947787916961715,,20224.0,0.5734968769861244,0.9545454545454546,202212.0,
Y4,wf2022,2022,band,0.05,quarter,58,205.86206896551724,-0.0014853309826719,0.0005515042211233,0.0918068947952939,0.045757136903989,0.202969287821896,0.0506085026284773,202202.06896551725,,0.1389790637230746,0.5517241379310345,,20221.0
Y4,wf2022,2022,band,0.05,quarter,59,206.864406779661,0.001719297140951,0.0016075253654651,0.0917738746642461,0.0457439713974696,0.1998135402742449,0.049802618970047,202205.0338983051,,0.4050963920972144,0.6949152542372882,,20222.0
Y4,wf2022,2022,band,0.05,quarter,65,210.3230769230769,-0.0011020731435246,0.0006687257001341,0.0924298801808227,0.0460380433381046,0.19863452916871,0.0495335977317365,202208.0,,0.1685188764338,0.5846153846153846,,20223.0
Y4,wf2022,2022,band,0.05,quarter,60,210.61666666666667,0.0027670622861337,0.0010884103608557,0.091323567172962,0.0455138616021993,0.2018883812348752,0.0503681366643789,202211.1,,0.2742794109356515,0.65,,20224.0
Y4,wf2022,2022,band,0.1,quarter,58,412.13793103448273,-0.000915560834097,0.0011212743696982,0.1028515261199411,0.1026248429056558,0.2150014558281869,0.1073230140825744,202202.06896551725,,0.2825611411639606,0.603448275862069,,20221.0
Y4,wf2022,2022,band,0.1,quarter,59,414.1186440677966,0.0015241050854711,0.0014123333099851,0.0963020273254183,0.0960918153646916,0.2040505010122087,0.1018094385553503,202205.0338983051,,0.3559079941162696,0.6779661016949152,,20222.0
Y4,wf2022,2022,band,0.1,quarter,65,421.0923076923077,-0.0010053682496338,0.0007654305940249,0.1051855613510429,0.104897030932003,0.2112252337502581,0.1054570995599069,202208.0,,0.1928885096942862,0.6307692307692307,,20223.0
Y4,wf2022,2022,band,0.1,quarter,60,421.75,0.0031621224596597,0.0014834705343817,0.1054980724090283,0.1052809433622334,0.222982041190808,0.1114111605597051,202211.1,,0.3738345746642056,0.7333333333333333,,20224.0
Y4,wf2022,2022,band,0.2,quarter,58,824.8448275862069,-0.0004396017117378,0.0015972334920574,0.0898256472808727,0.1793758757403747,0.2018075363909423,0.2016110543084511,202202.06896551725,,0.4025028399984677,0.7413793103448276,,20221.0
Y4,wf2022,2022,band,0.2,quarter,59,828.8135593220339,0.0018820186509743,0.0017702468754883,0.0830205793669561,0.1657945671970458,0.1869728350059261,0.186712791301772,202205.0338983051,,0.4461022126230745,0.7457627118644068,,20222.0
Y4,wf2022,2022,band,0.2,quarter,65,842.6769230769231,-0.0006178386372091,0.0011529602064496,0.087707952092505,0.1750365193445978,0.1944362414588565,0.1942630752190835,202208.0,,0.2905459720253046,0.7230769230769231,,20223.0
Y4,wf2022,2022,band,0.2,quarter,60,844.0666666666667,0.0038438910836153,0.0021652391583373,0.0909437273925498,0.1816323715359732,0.2083853255072411,0.2083759671544057,202211.1,,0.5456402679010155,0.8166666666666667,,20224.0
Y4,wf2022,2022,band,0.3,quarter,58,1237.3275862068965,-0.0004311267856111,0.0016057084181841,0.0833475034778977,0.2496743081855631,0.191540197295466,0.2870472143496625,202202.06896551725,,0.4046385213823938,0.7413793103448276,,20221.0
Y4,wf2022,2022,band,0.3,quarter,59,1243.372881355932,0.0018680220034847,0.0017562502279988,0.0779829331034407,0.2336321273764295,0.1816198259775594,0.2720994338898654,202205.0338983051,,0.4425750574557044,0.7966101694915254,,20222.0
Y4,wf2022,2022,band,0.3,quarter,65,1264.123076923077,-0.0005430330330002,0.0012277658106584,0.0811872527433538,0.243067167921457,0.1872362824907041,0.2806277038989171,202208.0,,0.3093969842859397,0.6923076923076923,,20223.0
Y4,wf2022,2022,band,0.3,quarter,60,1266.3833333333334,0.0036861459546988,0.0020074940294208,0.0827656513923917,0.2480062335006126,0.1949944592122994,0.2925379391371711,202211.1,,0.505888495414062,0.85,,20224.0
Market,wf2022,2022,raw,0.05,year,242,208.48347107438016,0.0014079228375075,0.0019282729052248,0.1242336329076299,0.0619086313079664,0.2359051522343508,0.0588218446522621,202206.62396694216,20222.52479338843,0.485924772116674,0.6322314049586777,,
Market,wf2022,2022,raw,0.1,year,242,417.4090909090909,0.0011998656302508,0.0017202156979681,0.1131687964210979,0.1129137697866524,0.2238938513467063,0.1117760056453675,202206.62396694216,20222.52479338843,0.4334943558879797,0.6198347107438017,,
Market,wf2022,2022,raw,0.2,year,242,835.3677685950413,0.0010638821196889,0.0015842321874062,0.103544631355949,0.2067579265482567,0.2125640609629898,0.2123765811737194,202206.62396694216,20222.52479338843,0.3992265112263809,0.6735537190082644,,
Market,wf2022,2022,raw,0.3,year,242,1253.202479338843,0.0009035446627732,0.0014238947304906,0.0976370653125249,0.2924800199023898,0.2044413753904466,0.3064352154642465,202206.62396694216,20222.52479338843,0.358821472083633,0.6859504132231405,,
Market,wf2022,2022,raw,0.05,month,19,205.1578947368421,-0.0026072018040995,0.0023308560052973,0.1136383815226461,0.0566222735964696,0.2280419221882571,0.0568414185342251,,20221.0,0.5873757133349405,0.631578947368421,202201.0,
Market,wf2022,2022,raw,0.05,month,16,205.8125,0.0040452331057516,0.0016068953088524,0.1183900788027955,0.059033887736319,0.2402521034424439,0.059927545113025,,20221.0,0.404937617830815,0.6875,202202.0,
Market,wf2022,2022,raw,0.05,month,23,206.4782608695652,-0.001815542360259,0.0009377945176527,0.1158255567301573,0.0577256244805294,0.2147108921575096,0.0535402951153324,,20221.0,0.2363242184484995,0.6086956521739131,202203.0,
Market,wf2022,2022,raw,0.05,month,19,206.8421052631579,-0.0039604256977935,0.0034587775954737,0.1117127522296912,0.0557116506961562,0.2197653918672588,0.0548264548758139,,20222.0,0.8716119540593936,0.5789473684210527,202204.0,
Market,wf2022,2022,raw,0.05,month,19,205.8421052631579,0.0064968318865124,0.0020539664168267,0.1037085946040987,0.0517061087210701,0.2126258540203186,0.0530262463461368,,20222.0,0.5175995370403519,0.6842105263157895,202205.0,
Market,wf2022,2022,raw,0.05,month,21,207.8095238095238,0.0044382193757666,0.0014313168328275,0.1079563002662356,0.0537783171509524,0.204186826902663,0.0507831200664599,,20222.0,0.3606918418725466,0.5714285714285714,202206.0,
Market,wf2022,2022,raw,0.05,month,21,209.47619047619048,0.0028668057573818,0.0015147645222508,0.1140598038310328,0.0568545251687065,0.2252119688419264,0.0561602365157334,,20223.0,0.381720659607224,0.6666666666666666,202207.0,
Market,wf2022,2022,raw,0.05,month,23,210.17391304347825,-0.0012865034999774,0.0004242150916421,0.1230503173882928,0.0613303755055083,0.225264171778595,0.0561708021888199,,20223.0,0.1069022030938096,0.5217391304347826,202208.0,
Market,wf2022,2022,raw,0.05,month,21,211.33333333333331,-0.0031736874981894,0.001785753605064,0.1605419973587217,0.0798841150470545,0.2690797986010105,0.0670936399951174,,20223.0,0.4500099084761329,0.6190476190476191,202209.0,
Market,wf2022,2022,raw,0.05,month,16,210.4375,0.0070582162338123,0.0028163930841332,0.1353473941655581,0.0674616109535981,0.2630908736192043,0.0656006165781822,,20224.0,0.7097310572015763,0.75,202210.0,
Market,wf2022,2022,raw,0.05,month,22,210.27272727272728,0.0052515216875448,0.0025304026612588,0.1333366341040834,0.0664287110480724,0.2511350054587997,0.0625877630728116,,20224.0,0.6376614706372414,0.6818181818181818,202211.0,
Market,wf2022,2022,raw,0.05,month,22,211.0909090909091,0.0015210336936975,0.0027489733962646,0.1496060714450234,0.0745738373996146,0.2806764519274579,0.0700992995318135,,20224.0,0.6927412958587017,0.6363636363636364,202212.0,
Market,wf2022,2022,raw,0.1,month,19,410.7894736842105,-0.0025228053228981,0.0024152524864987,0.1096421088627766,0.1093973602241466,0.2243552217043556,0.1119818799003462,,20221.0,0.6086436265976763,0.5789473684210527,202201.0,
Market,wf2022,2022,raw,0.1,month,16,411.9375,0.0036904800629733,0.001252142266074,0.1040411594252493,0.1038379510353368,0.2192412934030486,0.1094632691619466,,20221.0,0.3155398510506714,0.625,202202.0,
Market,wf2022,2022,raw,0.1,month,23,413.39130434782606,-0.001917321041289,0.0008360158366227,0.1070177085994943,0.1067732854134653,0.2091764618405251,0.1044217517969664,,20221.0,0.2106759908289434,0.6521739130434783,202203.0,
Market,wf2022,2022,raw,0.1,month,19,413.89473684210526,-0.0043903388609878,0.0030288644322794,0.1025495177118273,0.102318830954114,0.2048547677212549,0.1022504045349719,,20222.0,0.7632738369344222,0.4736842105263157,202204.0,
Market,wf2022,2022,raw,0.1,month,19,412.05263157894734,0.0066922854920748,0.0022494200223891,0.0975046392986576,0.0973079824928621,0.2095003475609581,0.1045889963571761,,20222.0,0.5668538456420774,0.7368421052631579,202205.0,
Market,wf2022,2022,raw,0.1,month,21,416.1904761904762,0.0039871590992839,0.0009802565563448,0.096090272314555,0.0958721233337225,0.1935470085956763,0.0964252883225903,,20222.0,0.2470246521988942,0.5714285714285714,202206.0,
Market,wf2022,2022,raw,0.1,month,21,419.3333333333333,0.0026046999358044,0.0012526587006734,0.1032027608142768,0.1029838104136543,0.2110636383054131,0.1053627194816273,,20223.0,0.3156699925697198,0.6190476190476191,202207.0,
Market,wf2022,2022,raw,0.1,month,23,420.8695652173913,-0.0010189541777677,0.0006917644138517,0.1139202115081329,0.113710325177434,0.2186593745346013,0.1091891713997239,,20223.0,0.1743246322906413,0.5217391304347826,202208.0,
Market,wf2022,2022,raw,0.1,month,21,423.0952380952381,-0.0036470770800493,0.0013123640232041,0.1430763338118039,0.1425641574332249,0.2511742020190973,0.1253808926290338,,20223.0,0.3307157338474433,0.6190476190476191,202209.0,
Market,wf2022,2022,raw,0.1,month,16,421.375,0.0068976771196737,0.0026558539699946,0.1252483105662142,0.1249861225875746,0.2485219337250326,0.1240714309166252,,20224.0,0.6692752004386392,0.75,202210.0,
Market,wf2022,2022,raw,0.1,month,22,421.09090909090907,0.0048082897314127,0.0020871707051267,0.1153543636037595,0.1150966178433753,0.2338502122574523,0.116716432578798,,20224.0,0.5259670176919514,0.6818181818181818,202211.0,
Market,wf2022,2022,raw,0.1,month,22,422.6818181818182,0.001139309892462,0.0023672495950292,0.137493786133583,0.1372462390779268,0.2639178752496838,0.1320124622958496,,20224.0,0.5965468979473721,0.6363636363636364,202212.0,
Market,wf2022,2022,raw,0.2,month,19,822.2105263157895,-0.0022849617848083,0.0026530960245885,0.1065138157996592,0.2127021384840447,0.2227907113376858,0.2225692749225113,,20221.0,0.6685801981963101,0.631578947368421,202201.0,
Market,wf2022,2022,raw,0.2,month,16,824.375,0.0034329917391848,0.0009946539422855,0.0920555853649867,0.183865277745151,0.198132560664267,0.1979544687811739,,20221.0,0.2506527934559704,0.75,202202.0,
Market,wf2022,2022,raw,0.2,month,23,827.3478260869565,-0.0018614828237681,0.0008918540541436,0.1007418174743202,0.2011492812551275,0.2037481329137971,0.2035466158998901,,20221.0,0.2247472216442104,0.6086956521739131,202203.0,
Market,wf2022,2022,raw,0.2,month,19,828.2631578947369,-0.004591129324286,0.0028280739689812,0.0990178867722375,0.1977209706438335,0.2047498618755638,0.2045294111585749,,20222.0,0.7126746401832689,0.6842105263157895,202204.0,
Market,wf2022,2022,raw,0.2,month,19,824.6842105263158,0.0067042876377046,0.002261422168019,0.092652153853378,0.1850542982737385,0.2008814012087295,0.2007091535623442,,20222.0,0.5698783863407986,0.8421052631578947,202205.0,
Market,wf2022,2022,raw,0.2,month,21,833.047619047619,0.0037525684644201,0.0007456659214809,0.0851522675324201,0.1700567401662266,0.1831577718908495,0.1826311937398446,,20222.0,0.1879078122132109,0.6666666666666666,202206.0,
Market,wf2022,2022,raw,0.2,month,21,839.1904761904761,0.0021231929127965,0.0007711516776655,0.0912754436283707,0.1822880767860184,0.1957313517944422,0.1955495184999594,,20223.0,0.1943302227717286,0.6666666666666666,202207.0,
Market,wf2022,2022,raw,0.2,month,23,842.1304347826087,-0.0004896228555916,0.0012210957360278,0.1080671143183814,0.2158388343407869,0.2162168463633542,0.2160404750099805,,20223.0,0.3077161254790223,0.5217391304347826,202208.0,
Market,wf2022,2022,raw,0.2,month,21,846.7619047619048,-0.0042107399839505,0.0007487011193028,0.1202224136261679,0.2397392264578008,0.2284263117301018,0.2282110201956735,,20223.0,0.1886726820643181,0.5714285714285714,202209.0,
Market,wf2022,2022,raw,0.2,month,16,843.25,0.0064845884519448,0.0022427653022657,0.1143675910978866,0.2283808382851734,0.2325820731733554,0.2323536095889006,,20224.0,0.5651768561709569,0.75,202210.0,
Market,wf2022,2022,raw,0.2,month,22,842.8636363636364,0.004798364485299,0.002077245459013,0.1042194487953026,0.2081262952234632,0.2187484822531216,0.2185243076944543,,20224.0,0.5234658556712924,0.7272727272727273,202211.0,
Market,wf2022,2022,raw,0.2,month,22,845.8636363636364,0.0007085644796891,0.0019365041822563,0.1256568530635698,0.2510063437422287,0.2447166282253434,0.2449813725247125,,20224.0,0.4879990539285895,0.7272727272727273,202212.0,
Market,wf2022,2022,raw,0.3,month,19,1233.421052631579,-0.0023371587025624,0.0026008991068344,0.1024775058129439,0.3069838762311537,0.2152719499272769,0.322615456712448,,20221.0,0.6554265749222886,0.631578947368421,202201.0,
Market,wf2022,2022,raw,0.3,month,16,1236.5,0.0031340038873447,0.0006956660904455,0.0848090810969238,0.2540760288218601,0.1859503735503602,0.2786612349810294,,20221.0,0.1753078547922713,0.6875,202202.0,
Market,wf2022,2022,raw,0.3,month,23,1241.1304347826087,-0.0018568344895537,0.0008965023883581,0.0961134817780913,0.2878886525575744,0.1983245595159646,0.2972188524808953,,20221.0,0.2259186018662418,0.6086956521739131,202203.0,
Market,wf2022,2022,raw,0.3,month,19,1242.6315789473683,-0.0048367640775339,0.0025824392157332,0.0968484637080576,0.2901357440557963,0.2019202525011464,0.3026095408428524,,20222.0,0.6507746823647904,0.7368421052631579,202204.0,
Market,wf2022,2022,raw,0.3,month,19,1237.157894736842,0.0064948190551906,0.002051953585505,0.0888033788503455,0.2660883903973117,0.198342505931293,0.2972974868791991,,20222.0,0.5170923035472719,0.9473684210526316,202205.0,
Market,wf2022,2022,raw,0.3,month,21,1249.6666666666667,0.0039379400164254,0.0009310374734862,0.0832772475596014,0.2494847106656475,0.1827443583808008,0.2733955983987206,,20222.0,0.2346214433185461,0.7142857142857143,202206.0,
Market,wf2022,2022,raw,0.3,month,21,1258.952380952381,0.0020588282395234,0.0007067870043924,0.08723940449574,0.2613800371660755,0.1891680351783672,0.2835300408421482,,20223.0,0.1781103251069087,0.6190476190476191,202207.0,
Market,wf2022,2022,raw,0.3,month,23,1263.2608695652175,-0.0006242096865596,0.0010865089050598,0.0998942841686576,0.2993011805084098,0.206705576439478,0.3098250313479849,,20223.0,0.2738002440750922,0.6086956521739131,202208.0,
Market,wf2022,2022,raw,0.3,month,21,1270.2380952380952,-0.0045355442435837,0.0004238968596697,0.1102347000898283,0.3297429302715103,0.2143731898412119,0.3212782754237048,,20223.0,0.1068220086367724,0.5714285714285714,202209.0,
Market,wf2022,2022,raw,0.3,month,16,1265.3125,0.0061221397138703,0.0018803165641912,0.1062412894153691,0.3183429994677386,0.2187630475457174,0.3279287566620104,,20224.0,0.473839774176183,0.6875,202210.0,
Market,wf2022,2022,raw,0.3,month,22,1264.409090909091,0.0046183785821784,0.0018972595558924,0.0977316867276856,0.292782900403796,0.2106006448921549,0.3156096570329047,,20224.0,0.4781094080849099,0.7272727272727273,202211.0,
Market,wf2022,2022,raw,0.3,month,22,1269.1363636363635,0.0003743847512686,0.0016023244538358,0.1155841881157212,0.3464162250533972,0.2292424582775304,0.3443750491390603,,20224.0,0.4037857623666271,0.7272727272727273,202212.0,
Market,wf2022,2022,raw,0.05,quarter,58,205.86206896551724,-0.0004581134288245,0.0015787217749707,0.1158165226649762,0.057725082158038,0.2261238051082535,0.0563836976139883,202202.06896551725,,0.3978378872926275,0.6379310344827587,,20221.0
Market,wf2022,2022,raw,0.05,quarter,59,206.864406779661,0.0023965139741823,0.0022847421986964,0.1077980999225925,0.0537335947304627,0.2119213057088118,0.0528075736375037,202205.0338983051,,0.5757550340715023,0.6101694915254238,,20222.0
Market,wf2022,2022,raw,0.05,quarter,65,210.3230769230769,-0.0005543707239452,0.0012164281197135,0.1322583865371627,0.065878616633195,0.2394031241109133,0.0596963054933957,202208.0,,0.3065398861678172,0.6,,20223.0
Market,wf2022,2022,raw,0.05,quarter,60,210.61666666666667,0.0043654613021388,0.0026868093768608,0.139838297145488,0.0696906973517781,0.2651551006734156,0.0661454207092111,202211.1,,0.6770759629689328,0.6833333333333333,,20224.0
Market,wf2022,2022,raw,0.1,quarter,58,412.13793103448273,-0.0005686897254679,0.0014681454783273,0.1070563089135364,0.106823148712653,0.2169253194683381,0.1082891088970336,202202.06896551725,,0.3699726605384878,0.6206896551724138,,20221.0
Market,wf2022,2022,raw,0.1,quarter,59,414.1186440677966,0.0021604631707731,0.0020486913952872,0.0986258424034724,0.098410577042385,0.2023260062859534,0.1009301639275459,202205.0338983051,,0.5162702316123775,0.5932203389830508,,20222.0
Market,wf2022,2022,raw,0.1,quarter,65,421.0923076923077,-0.0006973210171969,0.0010734778264618,0.1198773207974577,0.1195668431363915,0.2267101578632392,0.1131841045618082,202208.0,,0.2705164122683873,0.5846153846153846,,20223.0
Market,wf2022,2022,raw,0.1,quarter,60,421.75,0.0040201670940004,0.0023415151687224,0.1261105377213494,0.1258553468944973,0.2487874810792918,0.1242863096984708,202211.1,,0.5900618225180558,0.6833333333333333,,20224.0
Market,wf2022,2022,raw,0.2,quarter,58,824.8448275862069,-0.0005396639832943,0.0014971712205009,0.1002364425507358,0.2001658369652965,0.2084370955700282,0.2082355153400684,202202.06896551725,,0.3772871475662459,0.6551724137931034,,20221.0
Market,wf2022,2022,raw,0.2,quarter,59,828.8135593220339,0.0020161685713182,0.0019043967958323,0.0920326845774156,0.1837952822529598,0.1958187662425324,0.1955048779361729,202205.0338983051,,0.4799079925497409,0.7288135593220338,,20222.0
Market,wf2022,2022,raw,0.2,quarter,65,842.6769230769231,-0.0008476894488129,0.0009231093948458,0.1065692097179705,0.2127210239685892,0.2135430523134241,0.2133523421205821,202208.0,,0.2326235675011461,0.5846153846153846,,20223.0
Market,wf2022,2022,raw,0.2,quarter,60,844.0666666666667,0.0037484308743476,0.0020697789490696,0.114786001641023,0.2292501911634666,0.2319590933549986,0.231913045304068,202211.1,,0.5215842951655452,0.7333333333333333,,20224.0
Market,wf2022,2022,raw,0.3,quarter,58,1237.3275862068965,-0.0006373990760501,0.0013994361277451,0.0950797929119451,0.2848163641097568,0.2004627223153657,0.3004190869705788,202202.06896551725,,0.3526579041917825,0.6379310344827587,,20221.0
Market,wf2022,2022,raw,0.3,quarter,59,1243.372881355932,0.0019355895749222,0.0018238177994362,0.0894272408027337,0.2679226691286042,0.1939427785798841,0.2905006964930867,202205.0338983051,,0.4596020854579432,0.7966101694915254,,20222.0
Market,wf2022,2022,raw,0.3,quarter,65,1264.123076923077,-0.0010210439827097,0.0007497548609489,0.0991465343411702,0.2968847610443496,0.2035168305156793,0.3050300055782548,202208.0,,0.188938224959145,0.6,,20223.0
Market,wf2022,2022,raw,0.3,quarter,60,1266.3833333333334,0.003463250479296,0.001784598554018,0.1065468312866809,0.3192644791923678,0.2196126171744093,0.3294420607062567,202211.1,,0.4497188356125458,0.7166666666666667,,20224.0
Market,wf2022,2022,band,0.05,year,242,208.48347107438016,0.0007153135542932,0.0012356636220106,0.0901270167499189,0.0449084451458957,0.1984623925700654,0.049493548005729,202206.62396694216,20222.52479338843,0.3113872327466761,0.6322314049586777,,
Market,wf2022,2022,band,0.1,year,242,417.4090909090909,0.0001861159305887,0.000706465998306,0.0982535806093171,0.0980254507228497,0.2036439152438035,0.1016797206913701,202206.62396694216,20222.52479338843,0.1780294315731266,0.6157024793388429,,
Market,wf2022,2022,band,0.2,year,242,835.3677685950413,0.0005791861016667,0.0010995361693841,0.1031458918046362,0.2059584891300393,0.210164869123176,0.2099931221174796,202206.62396694216,20222.52479338843,0.2770831146847956,0.6570247933884298,,
Market,wf2022,2022,band,0.3,year,242,1253.202479338843,0.0006426776547762,0.0011630277224935,0.0989505525174743,0.2964135470710287,0.2057053193174625,0.3083398833698187,202206.62396694216,20222.52479338843,0.2930829860683851,0.6735537190082644,,
Market,wf2022,2022,band,0.05,month,19,205.1578947368421,-0.00256749419355,0.0023705636158468,0.0926018892786051,0.0461398195854329,0.2114449279507317,0.0527036122316566,,20221.0,0.5973820311933963,0.5789473684210527,202201.0,
Market,wf2022,2022,band,0.05,month,16,205.8125,0.0032559709525215,0.0008176331556222,0.0762268136506408,0.0380105064565903,0.1774497371406396,0.0442599340434029,,20221.0,0.2060435552168125,0.625,202202.0,
Market,wf2022,2022,band,0.05,month,23,206.4782608695652,-0.0012686377445351,0.0014846991333767,0.0943535977379952,0.0470205885628758,0.1991839264662177,0.0496638808447941,,20221.0,0.3741441816109416,0.6521739130434783,202203.0,
Market,wf2022,2022,band,0.05,month,19,206.8421052631579,-0.004322853428735,0.0030963498645322,0.0897847833831584,0.0447742309612332,0.2066400157462188,0.051550830427308,,20222.0,0.7802801658621146,0.6842105263157895,202204.0,
Market,wf2022,2022,band,0.05,month,19,205.8421052631579,0.0062946707893835,0.0018518053196979,0.0907974982247997,0.0452643045473961,0.1920527588909253,0.0478978064313744,,20222.0,0.4666549405638769,0.7894736842105263,202205.0,
Market,wf2022,2022,band,0.05,month,21,207.8095238095238,0.004328925504939,0.0013220229619999,0.0838775467491225,0.0417804862766856,0.1883832036697447,0.0468720360374793,,20222.0,0.3331497864239804,0.7142857142857143,202206.0,
Market,wf2022,2022,band,0.05,month,21,209.47619047619048,0.0011606696877197,-0.0001913715474111,0.0800491662226284,0.0399003373261236,0.1721282714051507,0.0429252930237375,,20223.0,-0.0482256299476221,0.3809523809523809,202207.0,
Market,wf2022,2022,band,0.05,month,23,210.17391304347825,-0.0012103360677881,0.0005003825238313,0.0791946181050521,0.0394658496839015,0.183050226777356,0.0456429188241601,,20223.0,0.1260963960054935,0.6086956521739131,202208.0,
Market,wf2022,2022,band,0.05,month,21,211.33333333333331,-0.0046376479597413,0.000321793143512,0.1035782467030151,0.0515041021609473,0.2132605613111738,0.0531861415949916,,20223.0,0.0810918721650462,0.5238095238095238,202209.0,
Market,wf2022,2022,band,0.05,month,16,210.4375,0.0061663756995907,0.0019245525499116,0.1036881714854323,0.0516756000777179,0.2183633974078792,0.0544400936041523,,20224.0,0.4849872425777243,0.8125,202210.0,
Market,wf2022,2022,band,0.05,month,22,210.27272727272728,0.0036663492191134,0.0009452301928275,0.0896654860385613,0.0446715331808741,0.2028967915517213,0.0505704261352506,,20224.0,0.2381980085925316,0.6363636363636364,202211.0,
Market,wf2022,2022,band,0.05,month,22,211.0909090909091,-0.0003576356135463,0.0008703040890208,0.0981702379113628,0.0489378192398475,0.2180883998710164,0.0545493995985113,,20224.0,0.2193166304332478,0.6363636363636364,202212.0,
Market,wf2022,2022,band,0.1,month,19,410.7894736842105,-0.0032544696523807,0.0016835881570161,0.0835763203795155,0.0833883930517768,0.1938568041611186,0.0967513623346649,,20221.0,0.4242642155680589,0.631578947368421,202201.0,
Market,wf2022,2022,band,0.1,month,16,411.9375,0.0028151011630188,0.0003767633661195,0.0801444734817952,0.0799874785860882,0.177472169660734,0.0886067421382659,,20221.0,0.0949443682621385,0.5,202202.0,
Market,wf2022,2022,band,0.1,month,23,413.39130434782606,-0.0016255939317341,0.0011277429461777,0.0881721162444413,0.0879667277906756,0.1929353263301699,0.0963048476773804,,20221.0,0.2841912224367845,0.7391304347826086,202203.0,
Market,wf2022,2022,band,0.1,month,19,413.89473684210526,-0.0056856593509104,0.0017335439423568,0.0901994556785786,0.0900008925750906,0.20084272561733,0.1002563359604277,,20222.0,0.4368530734739149,0.7894736842105263,202204.0,
Market,wf2022,2022,band,0.1,month,19,412.05263157894734,0.0050979440211709,0.0006550785514853,0.0998766092342497,0.0996789008940984,0.1950437390969945,0.0973745224045348,,20222.0,0.1650797949742967,0.5263157894736842,202205.0,
Market,wf2022,2022,band,0.1,month,21,416.1904761904762,0.0037067096957646,0.0006998071528254,0.1025445308372593,0.1023099713180814,0.2054170522576676,0.1024057426243307,,20222.0,0.1763514025120214,0.6666666666666666,202206.0,
Market,wf2022,2022,band,0.1,month,21,419.3333333333333,0.0008783039715744,-0.0004737372635565,0.0946128661451171,0.0944126808780215,0.1889906439985968,0.0943484600907211,,20223.0,-0.1193817904162575,0.4761904761904761,202207.0,
Market,wf2022,2022,band,0.1,month,23,420.8695652173913,-0.0015507855530218,0.0001599330385976,0.0939895735442839,0.0938101457377871,0.1951667499087563,0.0974515417577149,,20223.0,0.0403031257266089,0.4347826086956521,202208.0,
Market,wf2022,2022,band,0.1,month,21,423.0952380952381,-0.0040020003576229,0.0009574407456304,0.1158923925022402,0.1154028080770856,0.2288676570132654,0.1142575239640523,,20223.0,0.2412750678988742,0.6190476190476191,202209.0,
Market,wf2022,2022,band,0.1,month,16,421.375,0.0048908629697577,0.0006490398200786,0.1108307925157901,0.1105993236996626,0.2188226683615233,0.109245939530533,,20224.0,0.1635580346598093,0.75,202210.0,
Market,wf2022,2022,band,0.1,month,22,421.09090909090907,0.0032382974549,0.0005171784286141,0.106944582076662,0.1067049630916156,0.2159433534087705,0.1077774520925748,,20224.0,0.1303289640107629,0.6818181818181818,202211.0,
Market,wf2022,2022,band,0.1,month,22,422.6818181818182,-0.00071286143746,0.0005150782651071,0.1093555309515746,0.1091573977069144,0.2259138193119329,0.1131290974551287,,20224.0,0.1297997228070039,0.5909090909090909,202212.0,
Market,wf2022,2022,band,0.2,month,19,822.2105263157895,-0.0031292521939291,0.0018088056154677,0.0958877870829126,0.1914936631549093,0.2080469510642898,0.2078378459557575,,20221.0,0.4558190150978785,0.631578947368421,202201.0,
Market,wf2022,2022,band,0.2,month,16,824.375,0.0031461098469911,0.0007077720500918,0.0940810938670782,0.187910945429578,0.1986839093163599,0.1985090091571391,,20221.0,0.1783585566231562,0.5,202202.0,
Market,wf2022,2022,band,0.2,month,23,827.3478260869565,-0.0019514181380118,0.0008019187398999,0.0983757681890424,0.1964288932292298,0.2011423859480455,0.2009452534103793,,20221.0,0.2020835224547953,0.6956521739130435,202203.0,
Market,wf2022,2022,band,0.2,month,19,828.2631578947369,-0.0053699602435406,0.0020492430497266,0.0975138217277484,0.194717522470643,0.2031531154128872,0.2029352248738147,,20222.0,0.5164092485311101,0.7368421052631579,202204.0,
Market,wf2022,2022,band,0.2,month,19,824.6842105263158,0.0058929933654995,0.0014501278958138,0.0966121191626972,0.1929710609096606,0.2001121203564745,0.1999452223056044,,20222.0,0.3654322297450997,0.7894736842105263,202205.0,
Market,wf2022,2022,band,0.2,month,21,833.047619047619,0.0037667623852112,0.0007598598422721,0.0945411331664911,0.1888059119507542,0.1953116453991491,0.194828672101677,,20222.0,0.1914846802525745,0.6190476190476191,202206.0,
Market,wf2022,2022,band,0.2,month,21,839.1904761904761,0.001692277357241,0.00034023612211,0.0948687109377521,0.1894607064258509,0.1959779249343013,0.1957953165945879,,20223.0,0.0857395027717402,0.5238095238095238,202207.0,
Market,wf2022,2022,band,0.2,month,23,842.1304347826087,-0.0012166874937838,0.0004940310978356,0.1012137248378121,0.2021462430665945,0.2050529276369479,0.2048811776953371,,20223.0,0.1244958366545813,0.5652173913043478,202208.0,
Market,wf2022,2022,band,0.2,month,21,846.7619047619048,-0.0039215532451181,0.0010378878581352,0.1230456658448165,0.2453278498682792,0.2330043125213469,0.2327905911839709,,20223.0,0.2615477402500945,0.6190476190476191,202209.0,
Market,wf2022,2022,band,0.2,month,16,843.25,0.0056727393968073,0.0014309162471281,0.1134458313185869,0.2265415942703488,0.2244182798669102,0.2242013230804046,,20224.0,0.3605908942762946,0.8125,202210.0,
Market,wf2022,2022,band,0.2,month,22,842.8636363636364,0.0039615117025259,0.0012403926762399,0.1069196190842129,0.2135189212584511,0.2178370708119489,0.2176130628549628,,20224.0,0.312578954412477,0.6818181818181818,202211.0,
Market,wf2022,2022,band,0.2,month,22,845.8636363636364,9.116212280599792e-05,0.0013191018253731,0.1193753869934965,0.2384601279304178,0.237738747307656,0.2380964177879727,,20224.0,0.3324136599940399,0.7272727272727273,202212.0,
Market,wf2022,2022,band,0.3,month,19,1233.421052631579,-0.0028361027154083,0.0021019550939885,0.0978545209904254,0.2931414508073982,0.2110513411391222,0.3162846968678004,,20221.0,0.5296926836851265,0.631578947368421,202201.0,
Market,wf2022,2022,band,0.3,month,16,1236.5,0.0030950062751837,0.0006566684782845,0.0881762598081915,0.2641628061982957,0.1900456318326251,0.284801763905171,,20221.0,0.1654804565276965,0.6875,202202.0,
Market,wf2022,2022,band,0.3,month,23,1241.1304347826087,-0.0019089713018765,0.0008443655760353,0.0961778019549584,0.2880851424411379,0.1996052484051634,0.2991384571381188,,20221.0,0.2127801251609063,0.6521739130434783,202203.0,
Market,wf2022,2022,band,0.3,month,19,1242.6315789473683,-0.0052390280365527,0.0021801752567145,0.0968859751904815,0.2902437279374539,0.2023033602396698,0.303183479081799,,20222.0,0.5494041646920704,0.7894736842105263,202204.0,
Market,wf2022,2022,band,0.3,month,19,1237.157894736842,0.0060821710566289,0.0016393055869433,0.0918355194830837,0.2751757304494684,0.1973774147397363,0.2958526613840773,,20222.0,0.4131050079097265,0.8421052631578947,202205.0,
Market,wf2022,2022,band,0.3,month,21,1249.6666666666667,0.003740968254742,0.0007340657118029,0.0881296115014049,0.2640238625024017,0.1883315886041587,0.2817883490387106,,20222.0,0.1849845593743485,0.7142857142857143,202206.0,
Market,wf2022,2022,band,0.3,month,21,1258.952380952381,0.0017688034494166,0.0004167622142856,0.0905364430990244,0.2712549624371879,0.1913711992073238,0.2868321375255609,,20223.0,0.1050240779999845,0.4761904761904761,202207.0,
Market,wf2022,2022,band,0.3,month,23,1263.2608695652175,-0.000852355778438,0.0008583628131814,0.1002481376924933,0.3003549297872107,0.2062870294409195,0.309192156328913,,20223.0,0.2163074289217186,0.6086956521739131,202208.0,
Market,wf2022,2022,band,0.3,month,21,1270.2380952380952,-0.0043578947173747,0.0006015463858786,0.1122327513463717,0.3357051551096467,0.2208405670799528,0.3309778519165897,,20223.0,0.1515896892414237,0.5238095238095238,202209.0,
Market,wf2022,2022,band,0.3,month,16,1265.3125,0.005675974140033,0.0014341509903538,0.1083819059745889,0.3247577857355292,0.2191813138419023,0.3285609808233822,,20224.0,0.3614060495691737,0.6875,202210.0,
Market,wf2022,2022,band,0.3,month,22,1264.409090909091,0.0041545457231407,0.0014334266968548,0.1001059093566568,0.2998973446836312,0.2106742417809728,0.3157187628678042,,20224.0,0.3612235276074205,0.7272727272727273,202211.0,
Market,wf2022,2022,band,0.3,month,22,1269.1363636363635,4.452910178946029e-05,0.0012724688043566,0.1148707825667194,0.3442802191013539,0.2294263534281813,0.3447440886167233,,20224.0,0.3206621386978725,0.7727272727272727,202212.0,
Market,wf2022,2022,band,0.05,quarter,58,205.86206896551724,-0.0004459572855416,0.0015908779182536,0.0887792700461662,0.044246520903014,0.1972048230006404,0.0491689109745894,202202.06896551725,,0.4009012353999169,0.6206896551724138,,20221.0
Market,wf2022,2022,band,0.05,quarter,59,206.864406779661,0.0021757960246786,0.0020640242491927,0.0880083361403861,0.043866481126684,0.1954442372062775,0.0487090992729158,202205.0338983051,,0.5201341107965666,0.7288135593220338,,20222.0
Market,wf2022,2022,band,0.05,quarter,65,210.3230769230769,-0.0015516042041781,0.0002191946394806,0.0873484905823802,0.0434955041839727,0.1892818569680308,0.0472019578453691,202208.0,,0.0552370491491116,0.5076923076923077,,20223.0
Market,wf2022,2022,band,0.05,quarter,60,210.61666666666667,0.0028575618419321,0.0011789099166541,0.0965232778444208,0.048103589241656,0.2125914761637716,0.05306129439682,202211.1,,0.2970852989968456,0.6833333333333333,,20224.0
Market,wf2022,2022,band,0.1,quarter,58,412.13793103448273,-0.000934171814083,0.0011026633897121,0.0844520747679598,0.0842657562852881,0.1889714913659811,0.0943275043991489,202202.06896551725,,0.277871174207472,0.6379310344827587,,20221.0
Market,wf2022,2022,band,0.1,quarter,59,414.1186440677966,0.0011300730906102,0.0010183013151243,0.0977098369648506,0.0974987368405813,0.2006034055420879,0.1000933373566988,202205.0338983051,,0.25661193141133,0.6610169491525424,,20222.0
Market,wf2022,2022,band,0.1,quarter,65,421.0923076923077,-0.001557933720408,0.0002128651232507,0.1012672403555851,0.1009809018465593,0.2040593779869308,0.1018786327011951,202208.0,,0.0536420110591839,0.5076923076923077,,20223.0
Market,wf2022,2022,band,0.1,quarter,60,421.75,0.0022302233316634,0.0005515714063854,0.1088649194478975,0.108642685279371,0.2203670082273308,0.1101313187089667,202211.1,,0.1389959944091303,0.6666666666666666,,20224.0
Market,wf2022,2022,band,0.2,quarter,58,824.8448275862069,-0.0009310457121908,0.0011057894916044,0.096376002151665,0.1924624012256691,0.2027260257946261,0.202531104277799,202202.06896551725,,0.2786589518843186,0.6206896551724138,,20221.0
Market,wf2022,2022,band,0.2,quarter,59,828.8135593220339,0.0015091464306212,0.0013973746551353,0.0961653673460132,0.1920509700879933,0.1993827802203391,0.1990869595007488,202205.0338983051,,0.3521384130941026,0.711864406779661,,20222.0
Market,wf2022,2022,band,0.2,quarter,65,842.6769230769231,-0.001150747784653,0.0006200510590057,0.1062171935954403,0.2119988195801293,0.2111514511110525,0.2109626330821921,202208.0,,0.1562528668694446,0.5692307692307692,,20223.0
Market,wf2022,2022,band,0.2,quarter,60,844.0666666666667,0.0029987109084369,0.001320058983159,0.1132270572467833,0.2261367431746783,0.2268893412750312,0.2268804957238509,202211.1,,0.3326548637560681,0.7333333333333333,,20224.0
Market,wf2022,2022,band,0.3,quarter,58,1237.3275862068965,-0.0008322791574651,0.0012045560463301,0.0945197500122964,0.2831422541493012,0.2007176949014496,0.3008003789163393,202202.06896551725,,0.3035481236751965,0.6551724137931034,,20221.0
Market,wf2022,2022,band,0.3,quarter,59,1243.372881355932,0.0016030517073056,0.0014912799318197,0.0921428854292753,0.2760588274898637,0.1957440353440008,0.2932074915027894,202205.0338983051,,0.3758025428185671,0.7796610169491526,,20222.0
Market,wf2022,2022,band,0.3,quarter,65,1264.123076923077,-0.0011380784543261,0.0006327203893326,0.1009824653889333,0.3023742439013749,0.2061699810642148,0.309006605751541,202208.0,,0.1594455381118323,0.5384615384615384,,20223.0
Market,wf2022,2022,band,0.3,quarter,60,1266.3833333333334,0.0030532538731498,0.0013746019478719,0.107726628631795,0.3228005162506357,0.2198185686011971,0.3297859737638954,202211.1,,0.3463996908637204,0.7333333333333333,,20224.0
T033,wf2022,2022,raw,0.05,year,242,208.48347107438016,0.001622975789698,0.0021433258574153,0.1150842879082146,0.057350287592768,0.2279211751945394,0.0568333154534447,202206.62396694216,20222.52479338843,0.5401181160686679,0.6735537190082644,,
T033,wf2022,2022,raw,0.1,year,242,417.4090909090909,0.0014052346416918,0.0019255847094092,0.1066276942152664,0.1063810022401117,0.21831019416243,0.1089876286906202,202206.62396694216,20222.52479338843,0.4852473467711256,0.6694214876033058,,
T033,wf2022,2022,raw,0.2,year,242,835.3677685950413,0.0012362676741089,0.0017566177418262,0.0995967871838837,0.1988661996882251,0.2089712178022535,0.2087928232167726,202206.62396694216,20222.52479338843,0.4426676709402159,0.731404958677686,,
T033,wf2022,2022,raw,0.3,year,242,1253.202479338843,0.001063153441045,0.0015835035087623,0.0963286734557271,0.2885515833884401,0.2038787499221716,0.3055946482168031,202206.62396694216,20222.52479338843,0.3990428842081238,0.7644628099173554,,
T033,wf2022,2022,raw,0.05,month,19,205.1578947368421,-0.0022489743880079,0.0026890834213889,0.1185131074127578,0.0590536128767982,0.2377987814176569,0.0592677457825059,,20221.0,0.6776490221900137,0.631578947368421,202201.0,
T033,wf2022,2022,raw,0.05,month,16,205.8125,0.0049537410040973,0.0025154032071981,0.1366826621643016,0.0681534881640667,0.2447259185607278,0.0610416175000089,,20221.0,0.6338816082139214,0.5625,202202.0,
T033,wf2022,2022,raw,0.05,month,23,206.4782608695652,-0.0016851586015881,0.0010681782763237,0.1125651201607185,0.0560986951597256,0.2174279467331889,0.0542172792680856,,20221.0,0.2691809256335754,0.5217391304347826,202203.0,
T033,wf2022,2022,raw,0.05,month,19,206.8421052631579,-0.0061431023643853,0.0012761009288819,0.093496223078514,0.046625625125443,0.1899290759066665,0.0473844406666902,,20222.0,0.3215774340782456,0.5789473684210527,202204.0,
T033,wf2022,2022,raw,0.05,month,19,205.8421052631579,0.0067149813825564,0.0022721159128708,0.1037873168613477,0.0517418343435005,0.2159955340648187,0.0538641248199697,,20222.0,0.5725732100434542,0.7368421052631579,202205.0,
T033,wf2022,2022,raw,0.05,month,21,207.8095238095238,0.0045343629432578,0.0015274604003187,0.1106559955924555,0.0551207217191675,0.2130856539237268,0.0530249551586175,,20222.0,0.38492002088033,0.7142857142857143,202206.0,
T033,wf2022,2022,raw,0.05,month,21,209.47619047619048,0.0042873252222103,0.0029352839870793,0.1175103649568905,0.0585806773512786,0.2338561959464811,0.0583190897563456,,20223.0,0.7396915647439899,0.8571428571428571,202207.0,
T033,wf2022,2022,raw,0.05,month,23,210.17391304347825,-0.0010812066891385,0.000629511902481,0.1108745268121086,0.0552746163521894,0.2167803067326284,0.0540648272269241,,20223.0,0.1586369994252148,0.5652173913043478,202208.0,
T033,wf2022,2022,raw,0.05,month,21,211.33333333333331,-0.0031615783965471,0.0017978627067062,0.117196118663269,0.0582792482807503,0.2276046529971493,0.0567473676670758,,20223.0,0.4530614020899862,0.7142857142857143,202209.0,
T033,wf2022,2022,raw,0.05,month,16,210.4375,0.0076516339937359,0.0034098108440567,0.1146788129997415,0.0571557690460592,0.2549526505118794,0.0635683708912342,,20224.0,0.85927233270231,0.75,202210.0,
T033,wf2022,2022,raw,0.05,month,22,210.27272727272728,0.0047498333479891,0.0020287143217032,0.1082342592402344,0.053927048190116,0.2240360692713636,0.0558400350665014,,20224.0,0.5112360090692142,0.6363636363636364,202211.0,
T033,wf2022,2022,raw,0.05,month,22,211.0909090909091,0.0028730325478224,0.0041009722503896,0.138890914742654,0.0692384676448648,0.2659210428011287,0.0664183511949323,,20224.0,1.033445007098183,0.8181818181818182,202212.0,
T033,wf2022,2022,raw,0.1,month,19,410.7894736842105,-0.0022573897766199,0.0026806680327769,0.1123643161913474,0.112108150135643,0.2303341777784859,0.1149580741139164,,20221.0,0.6755283442597899,0.6842105263157895,202201.0,
T033,wf2022,2022,raw,0.1,month,16,411.9375,0.0044662686453933,0.0020279308484941,0.121537519158318,0.121286804752326,0.2340911046439032,0.116863311603207,,20221.0,0.5110385738205212,0.75,202202.0,
T033,wf2022,2022,raw,0.1,month,23,413.39130434782606,-0.0019481153165583,0.0008052215613534,0.103620034411919,0.1033778991389184,0.2106554887457803,0.1051564330080588,,20221.0,0.2029158334610785,0.4782608695652174,202203.0,
T033,wf2022,2022,raw,0.1,month,19,413.89473684210526,-0.0059028288134842,0.001516374479783,0.0894188723063426,0.0892233000190781,0.1868010175718494,0.0932463515986401,,20222.0,0.3821263689053227,0.5789473684210527,202204.0,
T033,wf2022,2022,raw,0.1,month,19,412.05263157894734,0.0065929684037946,0.002150102934109,0.0984439099925653,0.0982471261045553,0.2045249850567488,0.1021049891229016,,20222.0,0.5418259393954695,0.7894736842105263,202205.0,
T033,wf2022,2022,raw,0.1,month,21,416.1904761904762,0.004541394444281,0.0015344919013419,0.0990739612781187,0.0988508456908836,0.2030849461977242,0.1012258627629305,,20222.0,0.386691959138169,0.7619047619047619,202206.0,
T033,wf2022,2022,raw,0.1,month,21,419.3333333333333,0.0035622472363762,0.0022102060012452,0.1076343258354911,0.10741022252819,0.2174210456782003,0.108537445362255,,20223.0,0.5569719123138128,0.7619047619047619,202207.0,
T033,wf2022,2022,raw,0.1,month,23,420.8695652173913,-0.0012881612800864,0.000422557311533,0.1006265548338886,0.100440590416584,0.2079589428587632,0.1038479099604812,,20223.0,0.1064844425063394,0.5652173913043478,202208.0,
T033,wf2022,2022,raw,0.1,month,21,423.0952380952381,-0.0033431091033249,0.0016163319999285,0.1148142374647903,0.1143113809869909,0.2228689317826203,0.111253862097667,,20223.0,0.4073156639819821,0.6190476190476191,202209.0,
T033,wf2022,2022,raw,0.1,month,16,421.375,0.0078447711655992,0.00360294801592,0.1112560603229558,0.1110253736661317,0.247152476122295,0.1233875666982808,,20224.0,0.9079429000118632,0.875,202210.0,
T033,wf2022,2022,raw,0.1,month,22,421.09090909090907,0.0044756156233069,0.001754496597021,0.1017314646736562,0.1014992030726028,0.2163179250558086,0.1079690618230591,,20224.0,0.4421331424492944,0.5454545454545454,202211.0,
T033,wf2022,2022,raw,0.1,month,22,422.6818181818182,0.0022212515336151,0.0034491912361823,0.1221433211572187,0.1219266171720124,0.2464375723796613,0.1232424266076803,,20224.0,0.8691961915179482,0.7272727272727273,202212.0,
T033,wf2022,2022,raw,0.2,month,19,822.2105263157895,-0.0025094705234401,0.0024285872859567,0.104217441680931,0.2081239849620499,0.2166540982814036,0.2164321073639145,,20221.0,0.6120039960610911,0.8421052631578947,202201.0,
T033,wf2022,2022,raw,0.2,month,16,824.375,0.0040697130777385,0.0016313752808393,0.10962481568992,0.2189470743799437,0.221740476336355,0.2215377518364207,,20221.0,0.4111065707715063,0.8125,202202.0,
T033,wf2022,2022,raw,0.2,month,23,827.3478260869565,-0.0020611624611568,0.0006921744167549,0.0963370840536521,0.1923570097117571,0.1987176143506263,0.1985234164110668,,20221.0,0.1744279530222587,0.5217391304347826,202203.0,
T033,wf2022,2022,raw,0.2,month,19,828.2631578947369,-0.0057059862736604,0.0017132170196068,0.0883657929104338,0.1764534705033624,0.1871978275533886,0.1869933069234442,,20222.0,0.4317306889409329,0.5789473684210527,202204.0,
T033,wf2022,2022,raw,0.2,month,19,824.6842105263158,0.0067282980217036,0.002285432552018,0.0958013061260977,0.1913527184850921,0.2033524215114797,0.2031859791150589,,20222.0,0.575929003108551,0.9473684210526316,202205.0,
T033,wf2022,2022,raw,0.2,month,21,833.047619047619,0.0046684674940026,0.0016615649510634,0.0926476306151308,0.185023078487391,0.2001016007051469,0.1996497916738991,,20222.0,0.4187143676679957,0.7142857142857143,202206.0,
T033,wf2022,2022,raw,0.2,month,21,839.1904761904761,0.003140353542328,0.001788312307197,0.0991211920481833,0.1979631169598591,0.2061303381352599,0.20594165962961,,20223.0,0.4506547014136612,0.7619047619047619,202207.0,
T033,wf2022,2022,raw,0.2,month,23,842.1304347826087,-0.0007648586348598,0.0009458599567596,0.0982961067200441,0.1963165863903997,0.2069734970498065,0.2068014489887354,,20223.0,0.2383567091034292,0.6521739130434783,202208.0,
T033,wf2022,2022,raw,0.2,month,21,846.7619047619048,-0.0035960428112949,0.0013633982919584,0.106739791644049,0.2127094697693067,0.2119021419910239,0.2117049694746744,,20223.0,0.3435763695735417,0.7619047619047619,202209.0,
T033,wf2022,2022,raw,0.2,month,16,843.25,0.0072029278875841,0.002961104737905,0.100867435025016,0.2014310966889861,0.2276192304056749,0.2273936525988748,,20224.0,0.7461983939520712,0.875,202210.0,
T033,wf2022,2022,raw,0.2,month,22,842.8636363636364,0.004269586286676,0.0015484672603901,0.0959909236750782,0.1916862998524139,0.2091024976911696,0.208889026790216,,20224.0,0.3902137496183097,0.6363636363636364,202211.0,
T033,wf2022,2022,raw,0.2,month,22,845.8636363636364,0.0013486264817043,0.0025765661842715,0.1090088911058065,0.2177589093517093,0.2242013905371811,0.2244585883148296,,20224.0,0.6492946784364215,0.7727272727272727,202212.0,
T033,wf2022,2022,raw,0.3,month,19,1233.421052631579,-0.0025249876012668,0.00241307020813,0.1026575223954752,0.3075278440964178,0.2131037962994514,0.3193563401723945,,20221.0,0.6080936924487824,0.8947368421052632,202201.0,
T033,wf2022,2022,raw,0.3,month,16,1236.5,0.0038259891030419,0.0013876513061427,0.1025535602121071,0.3072238383746712,0.2143578041970666,0.3212270569329924,,20221.0,0.3496881291479691,0.875,202202.0,
T033,wf2022,2022,raw,0.3,month,23,1241.1304347826087,-0.0021477783475868,0.0006055585303249,0.0924130480492244,0.2768092255950172,0.1954765739383787,0.2929540013847199,,20221.0,0.1526007496418917,0.6086956521739131,202203.0,
T033,wf2022,2022,raw,0.3,month,19,1242.6315789473683,-0.0057810499915638,0.0016381533017034,0.0878949429319138,0.2633246151820784,0.1871599257959773,0.2804891968549004,,20222.0,0.4128146320292736,0.631578947368421,202204.0,
T033,wf2022,2022,raw,0.3,month,19,1237.157894736842,0.006626607899369,0.0021837424296834,0.0950424252189711,0.284783592648518,0.2012876994690755,0.301714740101769,,20222.0,0.5503030922802276,0.9473684210526316,202205.0,
T033,wf2022,2022,raw,0.3,month,21,1249.6666666666667,0.0045585090622106,0.0015516065192715,0.0893845670640738,0.2677813357164197,0.194922045447141,0.2917687044109855,,20222.0,0.3910048428564279,0.7619047619047619,202206.0,
T033,wf2022,2022,raw,0.3,month,21,1258.952380952381,0.0027856410951757,0.0014335998600447,0.0958025363341391,0.2870372075950331,0.2008330564783019,0.3010128903852229,,20223.0,0.3612671647312822,0.7142857142857143,202207.0,
T033,wf2022,2022,raw,0.3,month,23,1263.2608695652175,-0.0007670480831161,0.0009436705085034,0.0958427167127894,0.2871402593245627,0.2027672815818201,0.3039126319681425,,20223.0,0.2378049681428571,0.6521739130434783,202208.0,
T033,wf2022,2022,raw,0.3,month,21,1270.2380952380952,-0.0036562904638102,0.0013031506394432,0.1038076694882202,0.3104091790943991,0.2084775050315518,0.3124412447643236,,20223.0,0.3283939611396962,0.7619047619047619,202209.0,
T033,wf2022,2022,raw,0.3,month,16,1265.3125,0.0068946414958065,0.0026528183461273,0.098836561167338,0.2961639735112755,0.2197088172418007,0.3293456598798162,,20224.0,0.6685102232240988,0.875,202210.0,
T033,wf2022,2022,raw,0.3,month,22,1264.409090909091,0.0041336984398087,0.0014125794135227,0.0928494823222159,0.2781454375349108,0.2016402216391486,0.3021828669102103,,20224.0,0.3559700122077358,0.7727272727272727,202211.0,
T033,wf2022,2022,raw,0.3,month,22,1269.1363636363635,0.0007416725451078,0.001969612247675,0.1009787583001737,0.3026533297169468,0.2127061922406975,0.3195209483680706,,20224.0,0.496342286414115,0.7727272727272727,202212.0,
T033,wf2022,2022,raw,0.05,quarter,58,205.86206896551724,-3.843629557105584e-05,0.0019983989082242,0.1211667137787543,0.0603921455854814,0.2316316261856978,0.0577543185005814,202202.06896551725,,0.5035965248725041,0.5689655172413793,,20221.0
T033,wf2022,2022,raw,0.05,quarter,59,206.864406779661,0.0017980902229435,0.0016863184474575,0.1029180197677786,0.0512968963730923,0.2065655308789234,0.0514787593657204,202205.0338983051,,0.4249522487593088,0.6779661016949152,,20222.0
T033,wf2022,2022,raw,0.05,quarter,65,210.3230769230769,-1.8878007865523036e-05,0.0017519208357932,0.1150607734261823,0.0573134556057379,0.2257942289641029,0.0563059481863247,202208.0,,0.4414840506198991,0.7076923076923077,,20223.0
T033,wf2022,2022,raw,0.05,quarter,60,210.61666666666667,0.0048354865601271,0.0031568346348491,0.1211935805936568,0.0604022275517754,0.2476383145630817,0.0617796405335215,202211.1,,0.7955223279819952,0.7333333333333333,,20224.0
T033,wf2022,2022,raw,0.1,quarter,58,412.13793103448273,-0.0002799441329366,0.0017568910708585,0.1114272949248763,0.111178196703613,0.2235669533318384,0.1115967991896737,202202.06896551725,,0.4427365498563647,0.6206896551724138,,20221.0
T033,wf2022,2022,raw,0.1,quarter,59,414.1186440677966,0.0018386768736576,0.0017269050981716,0.0957617974664363,0.0955560314552134,0.1983047105100945,0.0989392981649293,202205.0338983051,,0.4351800847392645,0.711864406779661,,20222.0
T033,wf2022,2022,raw,0.1,quarter,65,421.0923076923077,-0.000385012440737,0.0013857864029217,0.1074743167766976,0.1071736500523113,0.2158330032681352,0.1077556828576835,202208.0,,0.3492181735362692,0.6461538461538462,,20223.0
T033,wf2022,2022,raw,0.1,quarter,60,421.75,0.0045474569350312,0.0028688050097532,0.111755704224109,0.1115295670673274,0.2355843426922843,0.1176808968774793,202211.1,,0.7229388624578191,0.7,,20224.0
T033,wf2022,2022,raw,0.2,quarter,58,824.8448275862069,-0.0005167459880716,0.0015200892157236,0.1025841616588001,0.2048572435815252,0.2109444934274613,0.2107388387370973,202202.06896551725,,0.3830624823623584,0.7068965517241379,,20221.0
T033,wf2022,2022,raw,0.2,quarter,59,828.8135593220339,0.0019908769590996,0.0018791051836136,0.0922843241459635,0.1843017328646753,0.1969930228311963,0.1967127467776854,202205.0338983051,,0.4735345062706458,0.7457627118644068,,20222.0
T033,wf2022,2022,raw,0.2,quarter,65,842.6769230769231,-0.0004178649730781,0.0013529338705805,0.1012906324938137,0.2021447047429488,0.2082934233045771,0.2081078851989367,202208.0,,0.3409393353863097,0.7230769230769231,,20223.0
T033,wf2022,2022,raw,0.2,quarter,60,844.0666666666667,0.0039807921184286,0.0023021401931506,0.1020645814263287,0.2038448691585749,0.2195765537919085,0.2195324328982166,202211.1,,0.5801393286739538,0.75,,20224.0
T033,wf2022,2022,raw,0.3,quarter,58,1237.3275862068965,-0.0006234110477568,0.0014134241560384,0.0985663792075845,0.2952624593191738,0.2064596240935406,0.3094025070008955,202202.06896551725,,0.3561828873216876,0.7758620689655172,,20221.0
T033,wf2022,2022,raw,0.3,quarter,59,1243.372881355932,0.0018948184839783,0.0017830467084924,0.0907268797154638,0.2718214237089177,0.1944723361767113,0.2913392812679223,202205.0338983051,,0.4493277705400935,0.7796610169491526,,20222.0
T033,wf2022,2022,raw,0.3,quarter,65,1264.123076923077,-0.0005527037331229,0.0012180951105357,0.0984030277948262,0.2946246166914311,0.2039872195090583,0.3057311903601193,202208.0,,0.3069599678550194,0.7076923076923077,,20223.0
T033,wf2022,2022,raw,0.3,quarter,60,1266.3833333333334,0.0036262070933511,0.0019475551680731,0.0974267712061663,0.2919366075953546,0.210516036353757,0.3157835749033207,202211.1,,0.4907839023544381,0.8,,20224.0
T033,wf2022,2022,band,0.05,year,242,208.48347107438016,0.000697366324974,0.0012177163926914,0.0877009322881137,0.0437025156537029,0.1918498398750654,0.0478425270509213,202206.62396694216,20222.52479338843,0.3068645309582405,0.6528925619834711,,
T033,wf2022,2022,band,0.1,year,242,417.4090909090909,0.0002142871695067,0.0007346372372241,0.0861771796621357,0.0859808501616348,0.1884508374838693,0.0940940057642003,202206.62396694216,20222.52479338843,0.1851285837804764,0.6570247933884298,,
T033,wf2022,2022,band,0.2,year,242,835.3677685950413,0.0005812689816338,0.0011016190493512,0.0966372763322531,0.1929594600957263,0.2025459457457863,0.2023829577757797,202206.62396694216,20222.52479338843,0.2776080004365057,0.7272727272727273,,
T033,wf2022,2022,band,0.3,year,242,1253.202479338843,0.0007371314052944,0.0012574814730117,0.0954811253700927,0.2860136469259093,0.2016453325189328,0.3022568406318131,202206.62396694216,20222.52479338843,0.3168853311989701,0.7603305785123967,,
T033,wf2022,2022,band,0.05,month,19,205.1578947368421,-0.0027566217636276,0.0021814360457692,0.0933955356937545,0.0465339541347088,0.1924757461603873,0.0479727488835329,,20221.0,0.5497218835338595,0.7368421052631579,202201.0,
T033,wf2022,2022,band,0.05,month,16,205.8125,0.0031797793314912,0.000741441534592,0.0728909861054547,0.0363491686323337,0.1843756494755115,0.0459892676778816,,20221.0,0.1868432667171939,0.6875,202202.0,
T033,wf2022,2022,band,0.05,month,23,206.4782608695652,-0.0018168248458646,0.0009365120320471,0.0853204518357296,0.0425123366675009,0.1880338661580389,0.0468821270377758,,20221.0,0.2360010320758885,0.6086956521739131,202203.0,
T033,wf2022,2022,band,0.05,month,19,206.8421052631579,-0.0058581613286368,0.0015610419646304,0.0796393927019748,0.0397112808715856,0.1859662682454297,0.0463920549856256,,20222.0,0.393382575086881,0.5789473684210527,202204.0,
T033,wf2022,2022,band,0.05,month,19,205.8421052631579,0.0059596002734362,0.0015167348037505,0.0826549622127255,0.0412106860546627,0.1759209799510949,0.0438768257580035,,20222.0,0.3822171705451457,0.7894736842105263,202205.0,
T033,wf2022,2022,band,0.05,month,21,207.8095238095238,0.0041450686183846,0.0011381660754455,0.0840877994018337,0.0418867778196887,0.1778275873441499,0.0442632203227199,,20222.0,0.286817851012268,0.6190476190476191,202206.0,
T033,wf2022,2022,band,0.05,month,21,209.47619047619048,0.001693544972429,0.000341503737298,0.0861465441923967,0.0429488818285815,0.1782061081078703,0.0444458139093016,,20223.0,0.086058941799103,0.5238095238095238,202207.0,
T033,wf2022,2022,band,0.05,month,23,210.17391304347825,-0.0006599419425613,0.0010507766490581,0.0876581488031581,0.043690422347754,0.1954438141987572,0.0487367170342158,,20223.0,0.2647957155626537,0.5652173913043478,202208.0,
T033,wf2022,2022,band,0.05,month,21,211.33333333333331,-0.0045542847916845,0.0004051563115689,0.0883127086120149,0.0439173243922486,0.1928566055174044,0.048093617310573,,20223.0,0.1020993905153681,0.6190476190476191,202209.0,
T033,wf2022,2022,band,0.05,month,16,210.4375,0.0069383303551427,0.0026965072054636,0.0986217162007659,0.0491470264580058,0.2159513849387672,0.0538363697752118,,20224.0,0.6795198157768346,0.8125,202210.0,
T033,wf2022,2022,band,0.05,month,22,210.27272727272728,0.0035516450817088,0.0008305260554229,0.0918382836201267,0.0457598935194164,0.1959846577604349,0.0488505250352885,,20224.0,0.2092925659665726,0.6818181818181818,202211.0,
T033,wf2022,2022,band,0.05,month,22,211.0909090909091,0.000417268580446,0.0016452082830132,0.0996761956634084,0.0496915175892533,0.2195993803210113,0.0548768062423069,,20224.0,0.4145924873193326,0.6818181818181818,202212.0,
T033,wf2022,2022,band,0.1,month,19,410.7894736842105,-0.0035761796887999,0.001361878120597,0.0820164055469215,0.0818301132695299,0.1802301498410452,0.0899547945219409,,20221.0,0.343193286390444,0.6842105263157895,202201.0,
T033,wf2022,2022,band,0.1,month,16,411.9375,0.0025940242704178,0.0001556864735185,0.0690572400368471,0.0689204863570819,0.1693416007952125,0.0845422040232461,,20221.0,0.0392329913266844,0.5,202202.0,
T033,wf2022,2022,band,0.1,month,23,413.39130434782606,-0.0017333807915651,0.0010199560863467,0.0822715456368535,0.0820789278288103,0.1872269634291926,0.0934569953388848,,20221.0,0.25702893375937,0.6956521739130435,202203.0,
T033,wf2022,2022,band,0.1,month,19,413.89473684210526,-0.0056400565404561,0.0017791467528111,0.088054969099848,0.0878560532864919,0.1951657601931583,0.0974212683778538,,20222.0,0.4483449817084096,0.7894736842105263,202204.0,
T033,wf2022,2022,band,0.1,month,19,412.05263157894734,0.0052332588854847,0.0007903934157991,0.0811415501891179,0.0809821746448412,0.1765290359145785,0.0881348848307497,,20222.0,0.199179140781385,0.6842105263157895,202205.0,
T033,wf2022,2022,band,0.1,month,21,416.1904761904762,0.0037133952619342,0.000706492718995,0.087756220042592,0.0875544182432908,0.1820428077688148,0.0907624420626128,,20222.0,0.1780361651867644,0.5714285714285714,202206.0,
T033,wf2022,2022,band,0.1,month,21,419.3333333333333,0.0012101258195221,-0.0001419154156088,0.084050054649651,0.0838790462793618,0.1795386839555461,0.0896323279498568,,20223.0,-0.0357626847334382,0.5238095238095238,202207.0,
T033,wf2022,2022,band,0.1,month,23,420.8695652173913,-0.0007770948787507,0.0009336237128687,0.0883925341969552,0.0882214953729732,0.192540852178937,0.0961427733435224,,20223.0,0.2352731756429264,0.6521739130434783,202208.0,
T033,wf2022,2022,band,0.1,month,21,423.0952380952381,-0.0045808078518243,0.0003786332514291,0.0871030562962544,0.0867495375452076,0.194136585747498,0.096918186649765,,20223.0,0.0954155793601397,0.7142857142857143,202209.0,
T033,wf2022,2022,band,0.1,month,16,421.375,0.0050056964091913,0.0007638732595121,0.0915336817896549,0.0913458454043802,0.1967153193968542,0.0982050031731361,,20224.0,0.1924960613970626,0.625,202210.0,
T033,wf2022,2022,band,0.1,month,22,421.09090909090907,0.0031344668010498,0.0004133477747638,0.092504350454915,0.0922950839824682,0.1962281419032382,0.0979343696226721,,20224.0,0.1041636392404913,0.5909090909090909,202211.0,
T033,wf2022,2022,band,0.1,month,22,422.6818181818182,-0.0005670806067979,0.0006608590957691,0.0961323481903076,0.0959618783379747,0.2063572485104172,0.1033255987096796,,20224.0,0.1665364921338356,0.8181818181818182,202212.0,
T033,wf2022,2022,band,0.2,month,19,822.2105263157895,-0.0032063276563857,0.0017317301530111,0.0963496290041525,0.1924123338977369,0.2011526241338448,0.2009487810732956,,20221.0,0.4363959985588074,0.7894736842105263,202201.0,
T033,wf2022,2022,band,0.2,month,16,824.375,0.003307498658821,0.0008691608619217,0.0963774929711687,0.1924893283976365,0.1998627848210005,0.1996814662811996,,20221.0,0.2190285372042934,0.75,202202.0,
T033,wf2022,2022,band,0.2,month,23,827.3478260869565,-0.0020733098819062,0.0006800269960055,0.0933506061374356,0.1863924007293504,0.1978647986584431,0.1976713697211073,,20221.0,0.1713668029934003,0.6086956521739131,202203.0,
T033,wf2022,2022,band,0.2,month,19,828.2631578947369,-0.0058496292819628,0.0015695740113044,0.0906013190064443,0.1809089893169642,0.1918289459070721,0.1916204752063714,,20222.0,0.395532650848712,0.5789473684210527,202204.0,
T033,wf2022,2022,band,0.2,month,19,824.6842105263158,0.0056702090944839,0.0012273436247983,0.0917767715099098,0.1833143738268119,0.1937151212238916,0.193555488609508,,20222.0,0.3092905934491758,0.7894736842105263,202205.0,
T033,wf2022,2022,band,0.2,month,21,833.047619047619,0.003897025333038,0.0008901227900989,0.0933934980852452,0.1865120606897509,0.1933240899143892,0.1929044054802003,,20222.0,0.2243109431049404,0.7142857142857143,202206.0,
T033,wf2022,2022,band,0.2,month,21,839.1904761904761,0.0022239074012828,0.0008718661661518,0.0960600100357911,0.1918483183580449,0.1988027717375602,0.1986207142834531,,20223.0,0.2197102738702725,0.7619047619047619,202207.0,
T033,wf2022,2022,band,0.2,month,23,842.1304347826087,-0.0012664241163107,0.0004442944753087,0.094576940875328,0.1888826010312817,0.1989245535990184,0.1987565721018203,,20223.0,0.1119622077778004,0.6521739130434783,202208.0,
T033,wf2022,2022,band,0.2,month,21,846.7619047619048,-0.0040709856089993,0.000888455494254,0.1011726268675376,0.2016459830952258,0.2079079103114245,0.2077197481414505,,20223.0,0.2238907845520265,0.7142857142857143,202209.0,
T033,wf2022,2022,band,0.2,month,16,843.25,0.0060690146283893,0.0018271914787101,0.1013337219933104,0.202362104736363,0.21921357948912,0.218999911609611,,20224.0,0.460452252634969,0.875,202210.0,
T033,wf2022,2022,band,0.2,month,22,842.8636363636364,0.0035183982777804,0.0007972792514945,0.0974250337045561,0.1945569787970718,0.2055849135468382,0.2053735723100175,,20224.0,0.2009143713766237,0.7272727272727273,202211.0,
T033,wf2022,2022,band,0.2,month,22,845.8636363636364,0.0005151054640694,0.0017430451666366,0.1071900729331874,0.2141261813727031,0.2233593861956408,0.2236909138107492,,20224.0,0.4392473819924366,0.8181818181818182,202212.0,
T033,wf2022,2022,band,0.3,month,19,1233.421052631579,-0.0030369003808407,0.0019011574285561,0.0963973697925156,0.2887794543956481,0.2030302830743113,0.304261269484374,,20221.0,0.4790916719961595,0.8947368421052632,202201.0,
T033,wf2022,2022,band,0.3,month,16,1236.5,0.0034120440834523,0.0009737062865531,0.097464080969061,0.2919748974818694,0.2034033737157194,0.3048124287594269,,20221.0,0.2453739842113914,0.75,202202.0,
T033,wf2022,2022,band,0.3,month,23,1241.1304347826087,-0.0021171651800887,0.0006361716978231,0.0925643910946974,0.2772639966422669,0.1949354013336238,0.2921428925564142,,20221.0,0.1603152678514227,0.6956521739130435,202203.0,
T033,wf2022,2022,band,0.3,month,19,1242.6315789473683,-0.0057993106316426,0.0016198926616246,0.0900519248080251,0.2697794798561068,0.1907503482931284,0.2858716649185792,,20222.0,0.4082129507294133,0.631578947368421,202204.0,
T033,wf2022,2022,band,0.3,month,19,1237.157894736842,0.0060293248573524,0.0015864593876668,0.0921106212259717,0.2760020124864752,0.1957829941371341,0.2934656352073828,,20222.0,0.3997877656920379,0.9473684210526316,202205.0,
T033,wf2022,2022,band,0.3,month,21,1249.6666666666667,0.0042222909942763,0.0012153884513372,0.0915589505796505,0.2742945111660756,0.1948903062560154,0.2917270365225359,,20222.0,0.3062778897369875,0.7619047619047619,202206.0,
T033,wf2022,2022,band,0.3,month,21,1258.952380952381,0.0023847192910354,0.0010326780559044,0.0946354352434984,0.2835398987878046,0.197729735924792,0.2963615173123076,,20223.0,0.2602348700879151,0.7142857142857143,202207.0,
T033,wf2022,2022,band,0.3,month,23,1263.2608695652175,-0.0008988421378594,0.00081187645376,0.0951846085367868,0.2851678100668438,0.2015022833557559,0.3020169463426385,,20223.0,0.2045928663475255,0.6956521739130435,202208.0,
T033,wf2022,2022,band,0.3,month,21,1270.2380952380952,-0.0039635749641932,0.0009958661390602,0.1003204859564264,0.299966439153157,0.2062648479001234,0.3091327174783753,,20223.0,0.2509582670431784,0.6666666666666666,202209.0,
T033,wf2022,2022,band,0.3,month,16,1265.3125,0.006162293036769,0.0019204698870898,0.0974594174149981,0.2920406969233843,0.214881611360408,0.322114345361856,,20224.0,0.4839584115466486,0.875,202210.0,
T033,wf2022,2022,band,0.3,month,22,1264.409090909091,0.0037373399157011,0.0010162208894151,0.0953366144106944,0.285605581647943,0.2035608720393128,0.3050590674113215,,20224.0,0.256087664132621,0.7272727272727273,202211.0,
T033,wf2022,2022,band,0.3,month,22,1269.1363636363635,0.0004618996149588,0.001689839317526,0.1028442340356027,0.3082419488976167,0.2150415090616645,0.3231059885934994,,20224.0,0.4258395080165614,0.8181818181818182,202212.0,
T033,wf2022,2022,band,0.05,quarter,58,205.86206896551724,-0.0007463157872405,0.0012905194165547,0.0845369197946619,0.0421295787936091,0.1884798015567317,0.0469930936810703,202202.06896551725,,0.3252108929717908,0.6724137931034483,,20221.0
T033,wf2022,2022,band,0.05,quarter,59,206.864406779661,0.0015080301853773,0.0013962584098914,0.0821938395053867,0.0409684695900369,0.1798345262705274,0.0448243451001029,202205.0338983051,,0.3518571192926464,0.6610169491525424,,20222.0
T033,wf2022,2022,band,0.05,quarter,65,210.3230769230769,-0.0011577569366657,0.0006130419069929,0.0873812574056197,0.0435241545328581,0.1890388417338797,0.0471426545754512,202208.0,,0.1544865605622296,0.5692307692307692,,20223.0
T033,wf2022,2022,band,0.05,quarter,60,210.61666666666667,0.0033054897708282,0.0016268378455502,0.0965211000575004,0.0481047244619804,0.2099678499468682,0.0523897200751748,202211.1,,0.4099631370786545,0.7166666666666667,,20224.0
T033,wf2022,2022,band,0.1,quarter,58,412.13793103448273,-0.0011432893787329,0.0008935458250623,0.078542639579805,0.0783675047223624,0.1800010106650808,0.0898504698807442,202202.06896551725,,0.2251735479157051,0.6379310344827587,,20221.0
T033,wf2022,2022,band,0.1,quarter,59,414.1186440677966,0.0011907143229858,0.0010789425474998,0.0857222794471997,0.0855350697254989,0.1844932218507137,0.0920606473606497,202205.0338983051,,0.2718935219699686,0.6779661016949152,,20222.0
T033,wf2022,2022,band,0.1,quarter,65,421.0923076923077,-0.0013639616136863,0.0004068372299724,0.0865729787137536,0.0863429946752976,0.1888556963673766,0.0942899168229704,202208.0,,0.1025229819530467,0.6307692307692307,,20223.0
T033,wf2022,2022,band,0.1,quarter,60,421.75,0.0022762273136766,0.0005975753883986,0.0935757713138229,0.0933864449586638,0.2000720616575014,0.0999833225680319,202211.1,,0.1505889978764699,0.6833333333333333,,20224.0
T033,wf2022,2022,band,0.2,quarter,58,824.8448275862069,-0.000960109900242,0.0010767253035532,0.0951680479272175,0.1900463588826594,0.1994930135314354,0.1992995138702979,202202.06896551725,,0.271334776495418,0.7068965517241379,,20221.0
T033,wf2022,2022,band,0.2,quarter,59,828.8135593220339,0.0013292974310457,0.0012175256555598,0.0919736810101843,0.1836779182070596,0.1929685281981438,0.1927006072472188,202205.0338983051,,0.3068164652010782,0.6949152542372882,,20222.0
T033,wf2022,2022,band,0.2,quarter,65,842.6769230769231,-0.001044867646726,0.0007259311969327,0.0971870002323453,0.1939643100652024,0.2017875239354785,0.2016084749117669,202208.0,,0.1829346616270413,0.7076923076923077,,20223.0
T033,wf2022,2022,band,0.2,quarter,60,844.0666666666667,0.0030973552729154,0.0014187033476374,0.1020478649653887,0.2038137199919476,0.2157365311026743,0.2157236213401774,202211.1,,0.3575132436046472,0.8,,20224.0
T033,wf2022,2022,band,0.3,quarter,58,1237.3275862068965,-0.0008931586386685,0.0011436765651267,0.0951716606334623,0.2850944813103338,0.1999231653195995,0.2996077501577839,202202.06896551725,,0.2882064944119314,0.7758620689655172,,20221.0
T033,wf2022,2022,band,0.3,quarter,59,1243.372881355932,0.0015769217147167,0.0014651499392308,0.091251293844383,0.2733903913389263,0.1938445752127341,0.2904012960909582,202205.0338983051,,0.3692177846861748,0.7796610169491526,,20222.0
T033,wf2022,2022,band,0.3,quarter,65,1264.123076923077,-0.0008281436662627,0.0009426551773959,0.0966664667929926,0.2894229650507323,0.2018221350385478,0.3024887491766927,202208.0,,0.2375491047037854,0.6923076923076923,,20223.0
T033,wf2022,2022,band,0.3,quarter,60,1266.3833333333334,0.0031829993043803,0.0015043473791024,0.0986554890743084,0.2956216137129411,0.2107893027664671,0.3162243459649291,202211.1,,0.3790955395338065,0.8,,20224.0
T030,wf2023,2023,raw,0.05,year,242,216.9917355371901,0.001034971293769,0.0009578949551972,0.1328650905403528,0.0662095422613055,0.2408418630005624,0.0601144265211977,202306.59504132232,20232.51652892562,0.2413895287096947,0.5867768595041323,,
T030,wf2023,2023,raw,0.1,year,242,434.4710743801653,0.000999561352702,0.0009224850141301,0.1160349719330101,0.1157792710389777,0.224591548821508,0.1122403589076351,202306.59504132232,20232.51652892562,0.2324662235607979,0.6157024793388429,,
T030,wf2023,2023,raw,0.2,year,242,869.3884297520661,0.0008846573509752,0.0008075810124033,0.102304301037405,0.2042589449393526,0.2086875949274066,0.2086802860114153,202306.59504132232,20232.51652892562,0.2035104151256419,0.6611570247933884,,
T030,wf2023,2023,raw,0.3,year,242,1304.2768595041323,0.0008130739300247,0.0007359975914528,0.0955824044834308,0.2863028959676718,0.2007263872362721,0.3011182473544086,202306.59504132232,20232.51652892562,0.1854713930461128,0.6983471074380165,,
T030,wf2023,2023,raw,0.05,month,16,211.25,0.0032644441960247,-0.0008845211718503,0.1141431763842329,0.0568943200709025,0.2085252469304699,0.0520013373180026,,20231.0,-0.2228993353062767,0.4375,202301.0,
T030,wf2023,2023,raw,0.05,month,20,211.8,0.0043029220552654,0.0031401777308071,0.1404285495679972,0.0700361188336436,0.2544451799772974,0.0634264849384421,,20231.0,0.7913247881634083,0.85,202302.0,
T030,wf2023,2023,raw,0.05,month,23,212.0434782608696,0.0010384241966631,0.0017761043704451,0.1373568264400972,0.0684361964232688,0.2607938289603072,0.0650020510005642,,20231.0,0.4475783013521872,0.6086956521739131,202303.0,
T030,wf2023,2023,raw,0.05,month,19,211.1578947368421,0.00030328119664,0.002054917402513,0.1441554325330009,0.07183457689936,0.2672927766594816,0.066653692286308,,20232.0,0.5178391854332797,0.5789473684210527,202304.0,
T030,wf2023,2023,raw,0.05,month,20,209.8,0.0003357912286906,0.000844296885857,0.1412873360458975,0.0703973256587964,0.2476161147185488,0.061740006934087,,20232.0,0.2127628152359708,0.55,202305.0,
T030,wf2023,2023,raw,0.05,month,20,213.15,0.0017730920780245,0.0004717057262477,0.1265441358981224,0.0630907077715474,0.2334207888114742,0.0582092875754026,,20232.0,0.1188698430144334,0.45,202306.0,
T030,wf2023,2023,raw,0.05,month,21,220.7142857142857,0.001186127789018,0.0008517499594384,0.1331330924401029,0.0663608191567418,0.2384503396993324,0.0594784443754692,,20233.0,0.2146409897785014,0.6190476190476191,202307.0,
T030,wf2023,2023,raw,0.05,month,23,221.8695652173913,-0.0018078569763471,-0.0001377210857101,0.1201394263727249,0.0598937363079598,0.2269487802667071,0.0566037897621628,,20233.0,-0.0347057135989651,0.4347826086956521,202308.0,
T030,wf2023,2023,raw,0.05,month,20,222.45,-0.0005638616594157,-0.0001478078779646,0.1289854851909719,0.0641914763861384,0.2222429960955416,0.0556409461760586,,20233.0,-0.037247585247094,0.4,202309.0,
T030,wf2023,2023,raw,0.05,month,17,222.05882352941177,-1.7891174919889137e-06,0.0003002243594236,0.1387143411830363,0.0690545400466126,0.236508108146819,0.0590695863243515,,20234.0,0.0756565385747673,0.6470588235294118,202310.0,
T030,wf2023,2023,raw,0.05,month,22,222.6818181818182,0.0032937838108531,0.0017412099149636,0.127953613519757,0.0637693011411808,0.2393977169761923,0.0601019720691974,,20234.0,0.4387848985708508,0.8181818181818182,202311.0,
T030,wf2023,2023,raw,0.05,month,21,223.1904761904762,-0.0001968490147516,0.0010367638582912,0.1405650325213105,0.0700577671906147,0.2476827518467492,0.0617384348884885,,20234.0,0.2612644922894024,0.6190476190476191,202312.0,
T030,wf2023,2023,raw,0.1,month,16,422.8125,0.003847191894105,-0.0003017734737699,0.1007647180852859,0.1005270683949596,0.2045090408256497,0.1020783578684999,,20231.0,-0.0760469153900253,0.4375,202301.0,
T030,wf2023,2023,raw,0.1,month,20,424.1,0.003760530631555,0.0025977863070967,0.1223509733336696,0.1221950724354647,0.2375266418787124,0.1185581728090948,,20231.0,0.6546421493883817,0.9,202302.0,
T030,wf2023,2023,raw,0.1,month,23,424.6521739130435,0.0010021662928889,0.0017398464666709,0.1222095488027237,0.1219701592581503,0.2399368821176661,0.1197859848209083,,20231.0,0.4384413096010838,0.6956521739130435,202303.0,
T030,wf2023,2023,raw,0.1,month,19,422.7894736842105,-0.0001994371950097,0.0015521990108631,0.1281075130125891,0.127821755766426,0.2428686729243651,0.1212696578448043,,20232.0,0.3911541507375065,0.4736842105263157,202304.0,
T030,wf2023,2023,raw,0.1,month,20,420.2,0.000368893360845,0.0008773990180114,0.122050852616768,0.1217932379093755,0.2299824877679785,0.1148504085530306,,20232.0,0.2211045525388918,0.65,202305.0,
T030,wf2023,2023,raw,0.1,month,20,426.8,0.0017993581359123,0.0004979717841355,0.1096038606266848,0.1094020720635339,0.2177842356028162,0.1087386092532591,,20232.0,0.1254888896021697,0.6,202306.0,
T030,wf2023,2023,raw,0.1,month,21,441.8571428571428,0.0013849715943842,0.0010505937648047,0.1172630093713751,0.1170113312832251,0.2246431996154822,0.1121838797585624,,20233.0,0.2647496287307864,0.6666666666666666,202307.0,
T030,wf2023,2023,raw,0.1,month,23,444.1739130434783,-0.0015693789036488,0.0001007569869881,0.1081862773648539,0.1079792933135002,0.2132411979276078,0.10647159882934,,20233.0,0.0253907607210193,0.4782608695652174,202308.0,
T030,wf2023,2023,raw,0.1,month,20,445.3,-0.0008222464877862,-0.0004061927063351,0.1060861973427289,0.105718357186735,0.2002771098721674,0.1003743516771571,,20233.0,-0.1023605619964644,0.45,202309.0,
T030,wf2023,2023,raw,0.1,month,17,444.7058823529412,-0.0001121497115383,0.0001898637653773,0.1182045212778179,0.1178077459599896,0.2223296761009152,0.1111982171898699,,20234.0,0.0478456688750925,0.5882352941176471,202310.0,
T030,wf2023,2023,raw,0.1,month,22,445.8181818181818,0.0031002959476788,0.0015477220517894,0.1095712459488133,0.1093260926518778,0.2220215789954064,0.1115493100936865,,20234.0,0.3900259570509366,0.7272727272727273,202311.0,
T030,wf2023,2023,raw,0.1,month,21,446.95238095238096,-1.624324973813227e-05,0.0012173696233048,0.1262226581684618,0.1259705361853412,0.2356387432865329,0.1176246843654845,,20234.0,0.3067771450728215,0.6666666666666666,202312.0,
T030,wf2023,2023,raw,0.2,month,16,846.1875,0.0043955761097724,0.0002466107418973,0.0911138586245304,0.1819182440278158,0.1952328205713861,0.1950303896864617,,20231.0,0.0621459069581391,0.4375,202301.0,
T030,wf2023,2023,raw,0.2,month,20,848.7,0.0032859734818233,0.002123229157365,0.1052590871616636,0.2103878943973581,0.217948819857235,0.2177167957522803,,20231.0,0.5350537476559866,0.9,202302.0,
T030,wf2023,2023,raw,0.2,month,23,849.7391304347826,0.0004671009132688,0.0012047810870508,0.1068100699346977,0.2133129036176196,0.2201314069116577,0.2199137320040179,,20231.0,0.303604833936816,0.6521739130434783,202303.0,
T030,wf2023,2023,raw,0.2,month,19,846.0,-0.0004109003457453,0.0013407358601275,0.1143056535949332,0.2282124255923203,0.2251615989442384,0.224964972959052,,20232.0,0.3378654367521397,0.5789473684210527,202304.0,
T030,wf2023,2023,raw,0.2,month,20,840.6,0.0004645068685912,0.0009730125257577,0.1057930185486068,0.2111951805652384,0.2113071318943042,0.2110979127425242,,20232.0,0.245199156490941,0.7,202305.0,
T030,wf2023,2023,raw,0.2,month,20,853.95,0.0014163366886731,0.0001149503368963,0.0958105612704166,0.191345552351154,0.1987744567591561,0.1985773145883054,,20232.0,0.0289674848978803,0.6,202306.0,
T030,wf2023,2023,raw,0.2,month,21,884.2380952380952,0.001577866584905,0.0012434887553254,0.1030797174672603,0.2058398077162191,0.2082273947538648,0.2081079573945373,,20233.0,0.3133591663420209,0.8095238095238095,202307.0,
T030,wf2023,2023,raw,0.2,month,23,888.7391304347826,-0.0015743303562453,9.580553439171469e-05,0.0961935875283941,0.192111477191302,0.1989928883639352,0.1988075891259294,,20233.0,0.024142994666712,0.6521739130434783,202308.0,
T030,wf2023,2023,raw,0.2,month,20,891.1,-0.0007850866223536,-0.0003690328409025,0.0936897694064242,0.1867771338704956,0.1880023380549756,0.1884541270090138,,20233.0,-0.092996275907434,0.4,202309.0,
T030,wf2023,2023,raw,0.2,month,17,889.8823529411765,4.138257193088877e-05,0.0003433960488465,0.1087661013157033,0.2169265315043497,0.2115744830022961,0.2117590387195354,,20234.0,0.0865358043093325,0.6470588235294118,202310.0,
T030,wf2023,2023,raw,0.2,month,22,892.1363636363636,0.0028116034993317,0.0012590296034423,0.0965242034043995,0.1927208817523211,0.2062609498530859,0.207316712849594,,20234.0,0.3172754600674682,0.7727272727272727,202311.0,
T030,wf2023,2023,raw,0.2,month,21,894.4285714285714,-0.0002998734470735,0.0009337394259694,0.110030884823154,0.2197530621984985,0.2206098258599782,0.2203407933103533,,20234.0,0.2353023353443076,0.7142857142857143,202312.0,
T030,wf2023,2023,raw,0.3,month,16,1269.375,0.0045414686936849,0.0003925033258099,0.0851535104305253,0.2550426347598012,0.1901523121335696,0.2849534957849126,,20231.0,0.098910838104104,0.5625,202301.0,
T030,wf2023,2023,raw,0.3,month,20,1273.2,0.0028859673892066,0.0017232230647483,0.0969101176636126,0.2906189115276014,0.2076474520652673,0.3111707722498095,,20231.0,0.4342522123165789,0.9,202302.0,
T030,wf2023,2023,raw,0.3,month,23,1274.8695652173913,0.0002324336318462,0.0009701138056282,0.1000750254393151,0.2998587641089254,0.210392121068332,0.3153429587475367,,20231.0,0.2444686790183268,0.782608695652174,202303.0,
T030,wf2023,2023,raw,0.3,month,19,1269.0526315789473,-0.0005469452826577,0.0012046909232151,0.1058485815591336,0.3170043980243011,0.2129135479035273,0.3191067016689122,,20232.0,0.3035821126502148,0.631578947368421,202304.0,
T030,wf2023,2023,raw,0.3,month,20,1261.15,0.0004581025145426,0.000966608171709,0.0979508101349825,0.2933599302077754,0.2019806036864687,0.302729293170566,,20232.0,0.2435852592706797,0.65,202305.0,
T030,wf2023,2023,raw,0.3,month,20,1281.05,0.0014520191567615,0.0001506328049847,0.0903909260966991,0.2708149524352728,0.1922561619971727,0.2881330458597056,,20232.0,0.0379594668561452,0.7,202306.0,
T030,wf2023,2023,raw,0.3,month,21,1326.6190476190477,0.00160036024524,0.0012659824156605,0.0964207338935912,0.2888746901433232,0.2021878832254314,0.3031803299521961,,20233.0,0.3190275687464464,0.8571428571428571,202307.0,
T030,wf2023,2023,raw,0.3,month,23,1333.3478260869565,-0.0016308241044207,3.931178621625661e-05,0.0909535094316682,0.2725082092992258,0.1929045956745473,0.2891301032850446,,20233.0,0.0099065701264966,0.6086956521739131,202308.0,
T030,wf2023,2023,raw,0.3,month,20,1336.95,-0.0006017427108496,-0.0001856889293985,0.0881712470381522,0.2637254499377951,0.1851390039100686,0.2783462783071154,,20233.0,-0.046793610208438,0.4,202309.0,
T030,wf2023,2023,raw,0.3,month,17,1334.9411764705883,-8.359983604546398e-06,0.0002936534933111,0.1024713625618409,0.3065916475266772,0.203749022188069,0.3058578652723874,,20234.0,0.0740006803144029,0.6470588235294118,202310.0,
T030,wf2023,2023,raw,0.3,month,22,1338.5,0.0025806641656571,0.0010280902697677,0.0902727024358705,0.2704270107015726,0.1955343347131999,0.29488097163269,,20234.0,0.2590787479814648,0.7727272727272727,202311.0,
T030,wf2023,2023,raw,0.3,month,21,1341.7619047619048,-0.0003557928980813,0.0008778199749616,0.1020188723271861,0.3056613856477987,0.2123937190469672,0.3182910648790364,,20234.0,0.2212106336903264,0.8095238095238095,202312.0,
T030,wf2023,2023,raw,0.05,quarter,59,211.7457627118644,0.002748700080762,0.0015169765489284,0.1321028613835577,0.0658485426363135,0.244467213839331,0.0609423435401671,202302.11864406776,,0.3822780903299669,0.6440677966101694,,20231.0
T030,wf2023,2023,raw,0.05,quarter,59,211.3728813559322,0.0008125425232282,0.0011078556422007,0.137213265373007,0.0683833496558427,0.2491406919852646,0.0621255261632143,202305.01694915252,,0.279179621834583,0.5254237288135594,,20232.0
T030,wf2023,2023,raw,0.05,quarter,64,221.671875,-0.0004367071886706,0.0001837969783997,0.1271673664317855,0.0633587916421472,0.2292521719020481,0.0572461471864964,202307.984375,,0.0463168385567258,0.484375,,20233.0
T030,wf2023,2023,raw,0.05,quarter,60,222.6833333333333,0.0011383166588603,0.001086374554392,0.1354164830082299,0.0674677486150217,0.2414787566792315,0.0603822247615762,202311.06666666668,,0.2737663877067869,0.7,,20234.0
T030,wf2023,2023,raw,0.1,quarter,59,423.96610169491527,0.0027087374181903,0.0014770138863567,0.1164419420084849,0.1162313255248492,0.2295123013473045,0.1145677090331997,202302.11864406776,,0.372207499361901,0.6949152542372882,,20231.0
T030,wf2023,2023,raw,0.1,quarter,59,423.271186440678,0.0006707749699993,0.0009660880889718,0.119781983256072,0.1195342298139031,0.2299972754742175,0.1148458280538488,202305.01694915252,,0.2434541984209128,0.576271186440678,,20232.0
T030,wf2023,2023,raw,0.1,quarter,64,443.765625,-0.0003665037665246,0.0002540004005456,0.1105083050475796,0.1102363882327021,0.2129312022141165,0.1064405512741839,202307.984375,,0.0640081009375104,0.53125,,20233.0
T030,wf2023,2023,raw,0.1,quarter,60,445.9,0.0010993142918047,0.0010473721873364,0.1178453349022416,0.117554782992555,0.2268748806771949,0.1135762147660678,202311.06666666668,,0.2639377912087739,0.6666666666666666,,20234.0
T030,wf2023,2023,raw,0.2,quarter,59,848.4237288135594,0.0024880001423391,0.0012562766105055,0.1020277133851493,0.2038075690779231,0.212639387885678,0.212420982815617,202302.11864406776,,0.316581705847402,0.6779661016949152,,20231.0
T030,wf2023,2023,raw,0.2,quarter,59,846.8644067796611,0.0005052502470529,0.0008005633660254,0.1051504917743084,0.2099466227895244,0.2115203754747412,0.2113193056413319,202305.01694915252,,0.2017419682384251,0.6271186440677966,,20232.0
T030,wf2023,2023,raw,0.2,quarter,64,888.0,-0.0002933770680891,0.0003271270989811,0.097670655751469,0.1949491033570384,0.198588413801581,0.1986238155525302,202307.984375,,0.0824360289432521,0.625,,20233.0
T030,wf2023,2023,raw,0.2,quarter,60,892.3,0.0009376906386596,0.0008857485341913,0.1047200796424997,0.2090404123382246,0.2127885575144411,0.2131338000073432,202311.06666666668,,0.2232086306162236,0.7166666666666667,,20234.0
T030,wf2023,2023,raw,0.3,quarter,59,1272.8135593220338,0.0023004884816195,0.001068764949786,0.0949556628011001,0.2845730840883752,0.2039729630510864,0.3056874479448837,202302.11864406776,,0.2693287673460807,0.7627118644067796,,20231.0
T030,wf2023,2023,raw,0.3,quarter,59,1270.4406779661017,0.0004713639500946,0.0007666770690671,0.0979314876992741,0.2933318850054692,0.2022049614210143,0.3030554934290637,202305.01694915252,,0.1932026214049251,0.6610169491525424,,20232.0
T030,wf2023,2023,raw,0.3,quarter,64,1332.265625,-0.0002490038041973,0.000371500362873,0.0918779854602629,0.2751338485257482,0.1935239269757815,0.2903703886046009,202307.984375,,0.0936180914440005,0.625,,20233.0
T030,wf2023,2023,raw,0.3,quarter,60,1338.6333333333334,0.0008193473510578,0.0007674052465895,0.0978401489335226,0.293005689033198,0.2037626140145647,0.3061846241334922,202311.06666666668,,0.1933861221405655,0.75,,20234.0
T030,wf2023,2023,band,0.05,year,242,216.9917355371901,0.0009975500462642,0.0009204737076923,0.1089053007459416,0.0542693903840455,0.2129677415701228,0.0531459781319878,202306.59504132232,20232.51652892562,0.2319593743384704,0.6033057851239669,,
T030,wf2023,2023,band,0.1,year,242,434.4710743801653,0.0006159060850077,0.0005388297464358,0.1116166203520261,0.1113646134322878,0.2132401343680949,0.1065444941156845,202306.59504132232,20232.51652892562,0.1357850961018282,0.5909090909090909,,
T030,wf2023,2023,band,0.2,year,242,869.3884297520661,0.0006643364684709,0.000587260129899,0.1127812934031508,0.2251737166086587,0.2171259353119994,0.2171069022640973,202306.59504132232,20232.51652892562,0.1479895527345712,0.628099173553719,,
T030,wf2023,2023,band,0.3,year,242,1304.2768595041323,0.0007006702863612,0.0006235939477893,0.1041536970379404,0.3119714209175149,0.2083223504725095,0.3125019067648062,202306.59504132232,20232.51652892562,0.1571456748429213,0.6528925619834711,,
T030,wf2023,2023,band,0.05,month,16,211.25,0.0054946917518742,0.0013457263839991,0.1035567163844981,0.0516114384302956,0.22009434670897,0.0548839060093309,,20231.0,0.3391230487677951,0.6875,202301.0,
T030,wf2023,2023,band,0.05,month,20,211.8,0.0029365691351329,0.0017738248106746,0.1076554453250847,0.0536750728279326,0.220748673387009,0.0550322287504137,,20231.0,0.4470038522900104,0.75,202302.0,
T030,wf2023,2023,band,0.05,month,23,212.0434782608696,-0.0002494822043903,0.0004881979693916,0.0984145408356737,0.0490466238028607,0.1984784911311506,0.0494777214755377,,20231.0,0.1230258882866957,0.5217391304347826,202303.0,
T030,wf2023,2023,band,0.05,month,19,211.1578947368421,-0.0016700581844215,8.157802145138036e-05,0.1100779122194164,0.0548593332568848,0.211069090008974,0.0526392151210993,,20232.0,0.0205576614057478,0.5789473684210527,202304.0,
T030,wf2023,2023,band,0.05,month,20,209.8,0.0016791425715072,0.0021876482286736,0.1171607517601287,0.0583725455116185,0.2348309349839747,0.0585493769362519,,20232.0,0.5512873536257636,0.75,202305.0,
T030,wf2023,2023,band,0.05,month,20,213.15,0.0024818341442943,0.0011804477925175,0.1112205398680481,0.0554474772971704,0.2203236376597964,0.0549447276887046,,20232.0,0.2974728437144292,0.65,202306.0,
T030,wf2023,2023,band,0.05,month,21,220.7142857142857,0.0006316042989477,0.0002972264693682,0.096037222910712,0.0478660726392847,0.1950862018952268,0.0486603430863843,,20233.0,0.074901070280792,0.4761904761904761,202307.0,
T030,wf2023,2023,band,0.05,month,23,221.8695652173913,-0.000958956208678,0.000711179681959,0.1105437997694256,0.0551137007000191,0.2081561928648277,0.0519161382848358,,20233.0,0.1792172798536693,0.5217391304347826,202308.0,
T030,wf2023,2023,band,0.05,month,20,222.45,0.0001583427839946,0.0005743965654457,0.1067377042647419,0.0531340599897715,0.2054118583002782,0.0513340318089053,,20233.0,0.1447479344923372,0.6,202309.0,
T030,wf2023,2023,band,0.05,month,17,222.05882352941177,-0.0001154184298602,0.0001865950470554,0.1160507119900109,0.0577673555695385,0.2066244197220037,0.0516116480636949,,20234.0,0.0470219518579655,0.4117647058823529,202310.0,
T030,wf2023,2023,band,0.05,month,22,222.6818181818182,0.0034191848052782,0.0018666109093888,0.1244600713490848,0.062027399981401,0.2299690503866512,0.0576073257325196,,20234.0,0.470385949165989,0.7727272727272727,202311.0,
T030,wf2023,2023,band,0.05,month,21,223.1904761904762,-0.0008868658673545,0.0003467470056883,0.1055904272992677,0.0526179133514009,0.2075584238260407,0.0517688884906882,,20234.0,0.0873802454334716,0.5238095238095238,202312.0,
T030,wf2023,2023,band,0.1,month,16,422.8125,0.0056723598750108,0.0015233945071357,0.1089309813647891,0.1086739772594821,0.2234508430483409,0.1115360449299202,,20231.0,0.3838954157982144,0.75,202301.0,
T030,wf2023,2023,band,0.1,month,20,424.1,0.0018302096529138,0.0006674653284555,0.1064584788970366,0.1062955956992001,0.2111630125242622,0.1054084919781904,,20231.0,0.1682012627708078,0.7,202302.0,
T030,wf2023,2023,band,0.1,month,23,424.6521739130435,-0.0007820208577641,-4.434068398216074e-05,0.0970596915526942,0.0968733017336258,0.1962720489920191,0.0979918041296848,,20231.0,-0.0111738523635045,0.4347826086956521,202303.0,
T030,wf2023,2023,band,0.1,month,19,422.7894736842105,-0.0019461465345285,-0.0001945103286556,0.1065032057146065,0.1062682934490819,0.202010971507729,0.1008693491077148,,20232.0,-0.0490166028212173,0.4736842105263157,202304.0,
T030,wf2023,2023,band,0.1,month,20,420.2,0.0011172298233056,0.001625735480472,0.1139254000307741,0.1136804046585071,0.2279576588334504,0.1138337134434762,,20232.0,0.4096853410789673,0.75,202305.0,
T030,wf2023,2023,band,0.1,month,20,426.8,0.0023371648516255,0.0010357784998487,0.1166183583921106,0.1164078714274712,0.2220015584315996,0.1108556067689529,,20232.0,0.2610161819618858,0.75,202306.0,
T030,wf2023,2023,band,0.1,month,21,441.8571428571428,-0.0004742127183186,-0.0008085905478982,0.1013317296476306,0.1011159840265477,0.1954146560288271,0.0975898909471261,,20233.0,-0.2037648180703523,0.3333333333333333,202307.0,
T030,wf2023,2023,band,0.1,month,23,444.1739130434783,-0.0008345802893,0.0008355556013369,0.1150405649140467,0.1148108952733447,0.2120616837989638,0.1058745379477058,,20233.0,0.2105600115369207,0.6086956521739131,202308.0,
T030,wf2023,2023,band,0.1,month,20,445.3,0.0005459892649965,0.0009620430464476,0.119791924574059,0.1193485257642124,0.2226381788706378,0.1113642824910503,,20233.0,0.2424348477048008,0.65,202309.0,
T030,wf2023,2023,band,0.1,month,17,444.7058823529412,-0.0003125747369358,-1.056126002015502e-05,0.1168352883785331,0.1164775458148013,0.2106217455486693,0.1053119504171751,,20234.0,-0.002661437525079,0.5294117647058824,202310.0,
T030,wf2023,2023,band,0.1,month,22,445.8181818181818,0.0025973836082329,0.0010448097123435,0.1301716283967032,0.1298803592359114,0.2323111063376008,0.1165223006112506,,20234.0,0.2632920475105686,0.6363636363636364,202311.0,
T030,wf2023,2023,band,0.1,month,21,446.95238095238096,-0.0012396165959591,-6.0037229161855175e-06,0.1072683013523218,0.1070499481039076,0.2061278453289088,0.102920189629896,,20234.0,-0.0015129381748787,0.5238095238095238,202312.0,
T030,wf2023,2023,band,0.2,month,16,846.1875,0.0048202385251197,0.0006712731572447,0.1047778848265821,0.2092041106482067,0.2127408944439371,0.2125205669719496,,20231.0,0.1691608356256729,0.6875,202301.0,
T030,wf2023,2023,band,0.2,month,20,848.7,0.0024972054524787,0.0013344611280203,0.1143238358551801,0.2284684644770876,0.2230783979893789,0.2228410823514158,,20231.0,0.3362842042611392,0.75,202302.0,
T030,wf2023,2023,band,0.2,month,23,849.7391304347826,-1.022169588038753e-05,0.0007274584779016,0.1090704809220371,0.2178276429411864,0.2166169059574214,0.216402056123147,,20231.0,0.183319536431212,0.6086956521739131,202303.0,
T030,wf2023,2023,band,0.2,month,19,846.0,-0.0012483642606152,0.0005032719452577,0.117817355958352,0.2352286473582805,0.2218969408262324,0.2217028120236844,,20232.0,0.1268245302049452,0.5263157894736842,202304.0,
T030,wf2023,2023,band,0.2,month,20,840.6,0.0005986383854729,0.0011071440426393,0.1181409285193723,0.2358368251714645,0.2274951741422926,0.227267327292828,,20232.0,0.2790002987451219,0.75,202305.0,
T030,wf2023,2023,band,0.2,month,20,853.95,0.0019750385559692,0.0006736522041924,0.1123981347133163,0.2244713601988171,0.2187880836922163,0.2185787152314993,,20232.0,0.1697603554565072,0.7,202306.0,
T030,wf2023,2023,band,0.2,month,21,884.2380952380952,0.0004507633108223,0.0001163854812427,0.1087499016001262,0.2171608725221749,0.2093654871586261,0.2092378432658639,,20233.0,0.0293291412731745,0.5714285714285714,202307.0,
T030,wf2023,2023,band,0.2,month,23,888.7391304347826,-0.0014584527532532,0.0002116831373837,0.1090130265131304,0.2177036135746291,0.2093153581698992,0.2091159132021882,,20233.0,0.0533441506207061,0.6086956521739131,202308.0,
T030,wf2023,2023,band,0.2,month,20,891.1,-0.0003472071434776,6.88466379734211e-05,0.111193065341037,0.221707664797848,0.2088180034253025,0.209218933971979,,20233.0,0.0173493527693021,0.55,202309.0,
T030,wf2023,2023,band,0.2,month,17,889.8823529411765,-0.0002295510751193,7.246240179636079e-05,0.1158017449483732,0.2309677049999099,0.2159011876942226,0.2160386718146234,,20234.0,0.0182605252526829,0.5294117647058824,202310.0,
T030,wf2023,2023,band,0.2,month,22,892.1363636363636,0.0025378571752702,0.0009852832793808,0.1165486893125729,0.2327029195535024,0.2217974281637371,0.2227892997301967,,20234.0,0.2482913864039746,0.7272727272727273,202311.0,
T030,wf2023,2023,band,0.2,month,21,894.4285714285714,-0.0007012372316774,0.0005323756413655,0.1154575409971398,0.2305824103908323,0.2199050503835774,0.2197207929989114,,20234.0,0.1341586616241082,0.5238095238095238,202312.0,
T030,wf2023,2023,band,0.3,month,16,1269.375,0.0048459082260806,0.0006969428582056,0.0964817882842345,0.2889759288935593,0.202561345176627,0.3035500274727654,,20231.0,0.1756296002678157,0.8125,202301.0,
T030,wf2023,2023,band,0.3,month,20,1273.2,0.0025885534689694,0.0014258091445111,0.1052301741971216,0.3155035173667016,0.212986931918638,0.3191723814266102,,20231.0,0.3593039044168091,0.85,202302.0,
T030,wf2023,2023,band,0.3,month,23,1274.8695652173913,1.4142800219459736e-05,0.0007518229740014,0.1031822541532106,0.309167989208666,0.2116603385542095,0.3172432231576718,,20231.0,0.1894593894483736,0.6086956521739131,202303.0,
T030,wf2023,2023,band,0.3,month,19,1269.0526315789473,-0.0009136656251598,0.000837970580713,0.1126478784836742,0.3373682814682322,0.2182308910927907,0.327073414756132,,20232.0,0.2111685863396944,0.631578947368421,202304.0,
T030,wf2023,2023,band,0.3,month,20,1261.15,0.0005317397642444,0.0010402454214108,0.1078857684128972,0.3231115193429551,0.2146279356001607,0.3216833616917657,,20232.0,0.2621418461955368,0.75,202305.0,
T030,wf2023,2023,band,0.3,month,20,1281.05,0.0015688015537094,0.0002674152019326,0.1010055024546287,0.3026163087261549,0.2036472498759141,0.3052113538181796,,20232.0,0.0673886308870221,0.6,202306.0,
T030,wf2023,2023,band,0.3,month,21,1326.6190476190477,0.0008995626252161,0.0005651847956365,0.1022757822517752,0.306413959629385,0.2032263874822985,0.3047297028689635,,20233.0,0.1424265685004103,0.6190476190476191,202307.0,
T030,wf2023,2023,band,0.3,month,23,1333.3478260869565,-0.0014775728991657,0.0001925629914712,0.1005757976114757,0.301335824779388,0.2013508225899298,0.3017896028560494,,20233.0,0.0485258738507542,0.5217391304347826,202308.0,
T030,wf2023,2023,band,0.3,month,20,1336.95,-0.0004894767074681,-7.34229260170795e-05,0.0998030610851642,0.2985268393405844,0.19733196011388,0.2966101277009069,,20233.0,-0.018502577356304,0.4,202309.0,
T030,wf2023,2023,band,0.3,month,17,1334.9411764705883,-0.0001088717894425,0.0001931416874731,0.1092208191845035,0.3268149155735084,0.2102760846080783,0.3156586342221145,,20234.0,0.0486717052432307,0.7058823529411765,202310.0,
T030,wf2023,2023,band,0.3,month,22,1338.5,0.0024975510882867,0.0009449771923973,0.1037555973644345,0.3108128405010185,0.2093573533842146,0.3155803681337419,,20234.0,0.2381342524841196,0.7727272727272727,202311.0,
T030,wf2023,2023,band,0.3,month,21,1341.7619047619048,-0.0006158220668804,0.0006177908061625,0.1080515509723146,0.3237281441239493,0.2146282263977552,0.3216513326248103,,20234.0,0.1556832831529684,0.6190476190476191,202312.0,
T030,wf2023,2023,band,0.05,quarter,59,211.7457627118644,0.0023882772886723,0.0011565537568387,0.1029415391165112,0.0513111325238844,0.2118896323915282,0.0528266892388972,202302.11864406776,,0.2914515467233718,0.6440677966101694,,20231.0
T030,wf2023,2023,band,0.05,quarter,59,211.3728813559322,0.000872685234102,0.0011679983530745,0.1128662061819059,0.0562496235263829,0.222261087509253,0.0554241894881359,202305.01694915252,,0.2943355849747976,0.6610169491525424,,20232.0
T030,wf2023,2023,band,0.05,quarter,64,221.671875,-8.789760690307746e-05,0.0005326065601672,0.1045944243924466,0.0521169350206382,0.2030099975265057,0.0506659222116156,202307.984375,,0.1342168531621526,0.53125,,20233.0
T030,wf2023,2023,band,0.05,quarter,60,222.6833333333333,0.0009105961532341,0.0008586540487658,0.1154730441132445,0.0575270670775399,0.2155110190687874,0.0538650973583783,202311.06666666668,,0.2163808202890013,0.5833333333333334,,20234.0
T030,wf2023,2023,band,0.1,quarter,59,423.96610169491527,0.0018538215479639,0.0006220980161304,0.1034650539913445,0.1032674828815103,0.2086903536622905,0.1041789500580556,202302.11864406776,,0.1567687000648641,0.6101694915254238,,20231.0
T030,wf2023,2023,band,0.1,quarter,59,423.271186440678,0.0005442560905522,0.0008395692095247,0.1124480691022918,0.1122180185974936,0.2175829288804721,0.1086492209711045,202305.01694915252,,0.2115714408002361,0.6610169491525424,,20232.0
T030,wf2023,2023,band,0.1,quarter,64,443.765625,-0.000284906694354,0.0003355974727162,0.1120271532360078,0.1117352620488856,0.2099045325217858,0.1048716833204358,202307.984375,,0.0845705631244967,0.53125,,20233.0
T030,wf2023,2023,band,0.1,quarter,60,445.9,0.0004299453389678,0.0003780032344995,0.1183768342593548,0.1180922515370622,0.2170016460943614,0.1085852958794551,202311.06666666668,,0.0952568150938951,0.5666666666666667,,20234.0
T030,wf2023,2023,band,0.2,quarter,59,848.4237288135594,0.0021497089228176,0.000917985390984,0.1096871853480639,0.2190961160603449,0.2177561204730723,0.217532169651049,202302.11864406776,,0.2313323185279903,0.6779661016949152,,20231.0
T030,wf2023,2023,band,0.2,quarter,59,846.8644067796611,0.0004704172521551,0.0007657303711276,0.1160900174213976,0.2317882713086942,0.2227407971591287,0.2225300725243484,202305.01694915252,,0.1929640535241786,0.6610169491525424,,20232.0
T030,wf2023,2023,band,0.2,quarter,64,888.0,-0.0004847269791735,0.0001357771878967,0.1096079507847717,0.2187767926740485,0.2091763833866387,0.2091881154948914,202307.984375,,0.0342158513499835,0.578125,,20233.0
T030,wf2023,2023,band,0.2,quarter,60,892.3,0.0006200751285615,0.0005681330240932,0.115955153165648,0.23146909722305,0.2194644944743187,0.2198026444648344,202311.06666666668,,0.1431695220714887,0.6,,20234.0
T030,wf2023,2023,band,0.3,quarter,59,1272.8135593220338,0.0021971336508767,0.0009654101190431,0.1020593888476954,0.3058398129055983,0.2096425075922985,0.3141837661139475,202302.11864406776,,0.2432833499988784,0.7457627118644068,,20231.0
T030,wf2023,2023,band,0.3,quarter,59,1270.4406779661017,0.0004178166013735,0.000713129720346,0.1070870357379716,0.3207551510047223,0.2120659430556698,0.3178354100095833,202305.01694915252,,0.1797086895272097,0.6610169491525424,,20232.0
T030,wf2023,2023,band,0.3,quarter,64,1332.265625,-0.0003887952453224,0.0002317089217478,0.1008921249071016,0.3021242798274172,0.2007103477964727,0.3011357371868047,202307.984375,,0.0583906482804669,0.515625,,20233.0
T030,wf2023,2023,band,0.3,quarter,60,1338.6333333333334,0.0006693840019549,0.0006174418974866,0.1068076606428788,0.319867118039583,0.2114624661190486,0.3177273810973215,202311.06666666668,,0.1555953581666315,0.7,,20234.0
Y1,wf2023,2023,raw,0.05,year,242,216.9917355371901,0.001556707552949,0.0014796312143771,0.0700810227095599,0.0349211210844933,0.178522658108149,0.0445476484463085,202306.59504132232,20232.51652892562,0.3728670660230332,0.6652892561983471,,
Y1,wf2023,2023,raw,0.1,year,242,434.4710743801653,0.0013776264010762,0.0013005500625043,0.065346479652598,0.0651967270311145,0.1719001269645974,0.085886779465262,202306.59504132232,20232.51652892562,0.3277386157510917,0.6818181818181818,,
Y1,wf2023,2023,raw,0.2,year,242,869.3884297520661,0.0011644286069801,0.0010873522684082,0.0647551822082736,0.1292819563108758,0.1689950370660773,0.1689620312939901,202306.59504132232,20232.51652892562,0.274012771638884,0.6818181818181818,,
Y1,wf2023,2023,raw,0.3,year,242,1304.2768595041323,0.0010271442166102,0.0009500678780383,0.066518431665646,0.1992317039882689,0.17019944623317,0.2552950282991985,202306.59504132232,20232.51652892562,0.2394171052656766,0.6983471074380165,,
Y1,wf2023,2023,raw,0.05,month,16,211.25,0.0044873216895837,0.0003383563217086,0.0511361398102043,0.0254913436288079,0.1481624587900686,0.0369521104026929,,20231.0,0.0852657930705914,0.5625,202301.0,
Y1,wf2023,2023,raw,0.05,month,20,211.8,0.0038439874496701,0.0026812431252118,0.0623048852295867,0.0310681304448823,0.1756361977342609,0.0437792796543697,,20231.0,0.6756732675533937,0.8,202302.0,
Y1,wf2023,2023,raw,0.05,month,23,212.0434782608696,0.0012662787959648,0.0020039589697468,0.0783005935674569,0.0390135721017516,0.1912742604947946,0.0476749975368846,,20231.0,0.5049976603761995,0.6521739130434783,202303.0,
Y1,wf2023,2023,raw,0.05,month,19,211.1578947368421,0.0015728335613247,0.0033244697671977,0.0958957606595003,0.0477896353202125,0.2249423715241127,0.0561007049401377,,20232.0,0.837766381333824,0.7368421052631579,202304.0,
Y1,wf2023,2023,raw,0.05,month,20,209.8,-0.000324798729929,0.0001837069272373,0.0576219290304975,0.0287113934772916,0.1448450490408828,0.0361175542173856,,20232.0,0.0462941456638127,0.6,202305.0,
Y1,wf2023,2023,raw,0.05,month,20,213.15,0.0015935020703914,0.0002921157186146,0.0581627074479817,0.0289925938518736,0.1519655677527925,0.0378881357543897,,20232.0,0.0736131610909038,0.5,202306.0,
Y1,wf2023,2023,raw,0.05,month,21,220.7142857142857,0.0028119960364603,0.0024776182068808,0.0722814058027595,0.0360270320721841,0.1875409378632585,0.0467834885438672,,20233.0,0.6243597881339649,0.8571428571428571,202307.0,
Y1,wf2023,2023,raw,0.05,month,23,221.8695652173913,0.0005030159216807,0.0021731518123177,0.0848592545695524,0.042304974404893,0.2016808820416908,0.0503035021794914,,20233.0,0.5476342567040661,0.7391304347826086,202308.0,
Y1,wf2023,2023,raw,0.05,month,20,222.45,-0.0001899572444055,0.0002260965370455,0.0613765085012776,0.0305252724140623,0.1636702978367446,0.0410122248795071,,20233.0,0.0569763273354749,0.5,202309.0,
Y1,wf2023,2023,raw,0.05,month,17,222.05882352941177,-4.470758474457304e-05,0.000257305892171,0.0833489601779824,0.0415091373522973,0.1858357161784784,0.0464455847561175,,20234.0,0.064841084827116,0.4705882352941176,202310.0,
Y1,wf2023,2023,raw,0.05,month,22,222.6818181818182,0.0023294636536069,0.0007768897577175,0.0497756224353758,0.0248000059332441,0.1461021089664587,0.0366150490637916,,20234.0,0.1957762189448173,0.6818181818181818,202311.0,
Y1,wf2023,2023,raw,0.05,month,21,223.1904761904762,0.0012549383566856,0.0024885512297286,0.0832146264961767,0.0414737724214814,0.2136121461673992,0.0531607190682208,,20234.0,0.6271149098916146,0.8095238095238095,202312.0,
Y1,wf2023,2023,raw,0.1,month,16,422.8125,0.0048216846438487,0.0006727192759737,0.0523125114959192,0.0521891113591752,0.1497061535034714,0.0747263516562469,,20231.0,0.1695252575453826,0.625,202301.0,
Y1,wf2023,2023,raw,0.1,month,20,424.1,0.0035310566462793,0.002368312321821,0.0617558385823073,0.061674126243571,0.171877610804558,0.0857926699381298,,20231.0,0.5968147050988938,0.8,202302.0,
Y1,wf2023,2023,raw,0.1,month,23,424.6521739130435,0.000822299104056,0.001559979277838,0.0692835194496817,0.0691484880295739,0.1793253988596587,0.0895267875097415,,20231.0,0.3931147780152009,0.6521739130434783,202303.0,
Y1,wf2023,2023,raw,0.1,month,19,422.7894736842105,0.0006271661840561,0.002378802389929,0.0849777620236481,0.0847851926260545,0.2040492545918338,0.1018874799179369,,20232.0,0.599458202262126,0.7368421052631579,202304.0,
Y1,wf2023,2023,raw,0.1,month,20,420.2,-0.0001982010540585,0.0003103046031078,0.0558827025187533,0.055763634915734,0.146195963243014,0.0730085810133213,,20232.0,0.0781967599831764,0.55,202305.0,
Y1,wf2023,2023,raw,0.1,month,20,426.8,0.001453815766271,0.0001524294144942,0.0533373060384657,0.0532369701853022,0.1480994463870199,0.0739354046834083,,20232.0,0.0384122124525581,0.55,202306.0,
Y1,wf2023,2023,raw,0.1,month,21,441.8571428571428,0.0027620530984376,0.002427675268858,0.0660613052382661,0.0659189465303685,0.1819422837020935,0.0908685636797094,,20233.0,0.6117741677522406,0.8571428571428571,202307.0,
Y1,wf2023,2023,raw,0.1,month,23,444.1739130434783,0.0001457543743409,0.0018158902649779,0.0787122106887239,0.0785610850448224,0.1886515388122365,0.0942010548514291,,20233.0,0.4576043467744445,0.7391304347826086,202308.0,
Y1,wf2023,2023,raw,0.1,month,20,445.3,-0.0002830605422349,0.0001329932392161,0.056598948041684,0.0563267869740563,0.1564439660495867,0.0783999112714464,,20233.0,0.0335142962824762,0.55,202309.0,
Y1,wf2023,2023,raw,0.1,month,17,444.7058823529412,0.0001380603899995,0.0004400738669152,0.0774628050315903,0.0772345831252532,0.180080165294817,0.0901118476094786,,20234.0,0.110898614462639,0.7058823529411765,202310.0,
Y1,wf2023,2023,raw,0.1,month,22,445.8181818181818,0.0023250387806818,0.0007724648847924,0.0482907257853021,0.0481827310410702,0.1472662612834191,0.0739041074435736,,20234.0,0.1946611509677012,0.6363636363636364,202311.0,
Y1,wf2023,2023,raw,0.1,month,21,446.95238095238096,0.0009754302886354,0.0022090431616784,0.0781105549485663,0.0779527180777568,0.2042751723811412,0.1018387410869505,,20234.0,0.5566788767429716,0.7619047619047619,202312.0,
Y1,wf2023,2023,raw,0.2,month,16,846.1875,0.0049663048690885,0.0008173395012135,0.055232794957097,0.1102727297082199,0.1508620709187977,0.1507035671380217,,20231.0,0.2059695543058099,0.625,202301.0,
Y1,wf2023,2023,raw,0.2,month,20,848.7,0.0031245854488396,0.0019618411243813,0.0628437254213221,0.1255952095985687,0.1701143339181178,0.1699332198884713,,20231.0,0.4943839633440903,0.8,202302.0,
Y1,wf2023,2023,raw,0.2,month,23,849.7391304347826,0.0004920184527264,0.0012296986265084,0.0672565035077469,0.1343132233699387,0.1713124208584434,0.1711400143575308,,20231.0,0.3098840538801339,0.6521739130434783,202303.0,
Y1,wf2023,2023,raw,0.2,month,19,846.0,0.0001299049628898,0.0018815411687627,0.0834515524491441,0.1666012683144925,0.1926673261107179,0.1924941352463206,,20232.0,0.4741483745282214,0.6842105263157895,202304.0,
Y1,wf2023,2023,raw,0.2,month,20,840.6,-0.0001610530570046,0.0003474526001618,0.056478373867661,0.1127470193024686,0.1498984013844801,0.149753110638283,,20232.0,0.0875580552407747,0.6,202305.0,
Y1,wf2023,2023,raw,0.2,month,20,853.95,0.0015347110906941,0.0002333247389173,0.0553240971908562,0.110504265674139,0.1500465614973916,0.1498966608442433,,20232.0,0.058797834207172,0.5,202306.0,
Y1,wf2023,2023,raw,0.2,month,21,884.2380952380952,0.0023137779130022,0.0019794000834227,0.0652665469820075,0.1303387741898946,0.17745873797743,0.1773779379073352,,20233.0,0.4988088210225247,0.8571428571428571,202307.0,
Y1,wf2023,2023,raw,0.2,month,23,888.7391304347826,-0.0002886963590796,0.0013814395315573,0.0720691078286141,0.1439166834688934,0.1807864998830509,0.1806141911189041,,20233.0,0.3481227619524569,0.6956521739130435,202308.0,
Y1,wf2023,2023,raw,0.2,month,20,891.1,-0.0002155538892306,0.0002004998922204,0.0569609380326009,0.1134705266143643,0.1570786270869501,0.1574248755393395,,20233.0,0.0505259728395539,0.55,202309.0,
Y1,wf2023,2023,raw,0.2,month,17,889.8823529411765,4.0502677991359296e-05,0.000342516154907,0.0766978062656729,0.1530082361537658,0.1784724661127296,0.178676304474718,,20234.0,0.086314071036571,0.7647058823529411,202310.0,
Y1,wf2023,2023,raw,0.2,month,22,892.1363636363636,0.0023064483826922,0.0007538744868028,0.0526599729970889,0.1051420523518623,0.1539776331871911,0.1546514435764878,,20234.0,0.1899763706743127,0.7272727272727273,202311.0,
Y1,wf2023,2023,raw,0.2,month,21,894.4285714285714,0.0004529859309951,0.0016865988040381,0.0729446918331081,0.1456875213570635,0.192053315849167,0.1916617254421636,,20234.0,0.4250228986176064,0.7142857142857143,202312.0,
Y1,wf2023,2023,raw,0.3,month,16,1269.375,0.004994212649959,0.000845247282084,0.0607967801541876,0.182086040250007,0.1591016545075065,0.2384194532125317,,20231.0,0.2130023150851721,0.625,202301.0,
Y1,wf2023,2023,raw,0.3,month,20,1273.2,0.002831754974979,0.0016690106505207,0.0654903484353241,0.1963697232743775,0.1688784321698717,0.2530796305637731,,20231.0,0.4205906839312336,0.85,202302.0,
Y1,wf2023,2023,raw,0.3,month,23,1274.8695652173913,0.0002698935007567,0.0010075736745387,0.068384513065439,0.2048903534173154,0.1721467476964439,0.2580143629012893,,20231.0,0.253908565983774,0.6521739130434783,202303.0,
Y1,wf2023,2023,raw,0.3,month,19,1269.0526315789473,-0.0002500190995106,0.0015016171063622,0.0799715142405356,0.2394941432530669,0.1873385754027155,0.280767885528488,,20232.0,0.3784075108032828,0.6842105263157895,202304.0,
Y1,wf2023,2023,raw,0.3,month,20,1261.15,-0.0001225383050291,0.0003859673521372,0.0598851299954233,0.1793468189396347,0.1555981126780385,0.2332126505211769,,20232.0,0.0972637727385917,0.6,202305.0,
Y1,wf2023,2023,raw,0.3,month,20,1281.05,0.0014969012227108,0.000195514870934,0.0586680087143955,0.1757851800483936,0.1553436066291263,0.2328088526061785,,20232.0,0.0492697474753742,0.55,202306.0,
Y1,wf2023,2023,raw,0.3,month,21,1326.6190476190477,0.0019626681200956,0.001628290290516,0.0664756930075053,0.1991714011382908,0.1759315047490993,0.2638304572672211,,20233.0,0.4103291532100393,0.8571428571428571,202307.0,
Y1,wf2023,2023,raw,0.3,month,23,1333.3478260869565,-0.0004999187160155,0.0011702171746214,0.0715515502239658,0.2143651542178018,0.1788515533770049,0.2680605133988839,,20233.0,0.2948947280046176,0.6956521739130435,202308.0,
Y1,wf2023,2023,raw,0.3,month,20,1336.95,-0.0001908045571632,0.0002252492242878,0.0599951833821279,0.1792976874545161,0.1588124525851781,0.2387156032386257,,20233.0,0.0567628045205383,0.6,202309.0,
Y1,wf2023,2023,raw,0.3,month,17,1334.9411764705883,0.0002106380849101,0.0005126515618258,0.0771599036990709,0.2309061664483127,0.1821057586072711,0.2734742710135545,,20234.0,0.1291881935801016,0.7647058823529411,202310.0,
Y1,wf2023,2023,raw,0.3,month,22,1338.5,0.0023074537395308,0.0007548798436413,0.0575741078319498,0.1724772936290623,0.1592960699049883,0.2401324187232996,,20234.0,0.1902297205976262,0.7272727272727273,202311.0,
Y1,wf2023,2023,raw,0.3,month,21,1341.7619047619048,0.0001350149484234,0.0013686278214664,0.072933907404891,0.218520829335322,0.1877485973217806,0.2811249265100246,,20234.0,0.3448942110095493,0.7619047619047619,202312.0,
Y1,wf2023,2023,raw,0.05,quarter,59,211.7457627118644,0.0030135814971853,0.0017818579653517,0.065511688027229,0.0326531570389637,0.1742818862153659,0.0434465136081157,202302.11864406776,,0.4490282072686429,0.6779661016949152,,20231.0
Y1,wf2023,2023,raw,0.05,quarter,59,211.3728813559322,0.0009365746521088,0.0012318877710813,0.070130714950849,0.0349505562316499,0.1730528372005363,0.0431530032762393,202305.01694915252,,0.3104357183124913,0.6101694915254238,,20232.0
Y1,wf2023,2023,raw,0.05,quarter,64,221.671875,0.0010440959074408,0.0016646000745111,0.0733937897966126,0.0365638677048383,0.185162905294097,0.0462449735490571,202307.984375,,0.4194792187768169,0.703125,,20233.0
Y1,wf2023,2023,raw,0.05,quarter,60,222.6833333333333,0.0012806979488182,0.0012287558443499,0.0709917195503946,0.0353700781061922,0.1809884773635268,0.0451913520115008,202311.06666666668,,0.309646472776181,0.6666666666666666,,20234.0
Y1,wf2023,2023,raw,0.1,quarter,59,423.96610169491527,0.0028251011291602,0.0015933775973267,0.0621294559817548,0.0620156530728546,0.1687683872189636,0.0842473074235017,202302.11864406776,,0.4015311545263325,0.6949152542372882,,20231.0
Y1,wf2023,2023,raw,0.1,quarter,59,423.271186440678,0.0006276008769714,0.0009229139959439,0.0643894516880287,0.0642530637612841,0.1654719327092461,0.0826227429216168,202305.01694915252,,0.2325743269778829,0.6101694915254238,,20232.0
Y1,wf2023,2023,raw,0.1,quarter,64,443.765625,0.0008702227317552,0.0014907268988255,0.0676507377605925,0.0674646651976528,0.1763851979908927,0.088169723816964,202307.984375,,0.3756631785040438,0.71875,,20233.0
Y1,wf2023,2023,raw,0.1,quarter,60,445.9,0.0012330319311056,0.0011810898266373,0.0669930884455596,0.066833584594429,0.1765166529708513,0.0882734222657619,202311.06666666668,,0.2976346363126115,0.7,,20234.0
Y1,wf2023,2023,raw,0.2,quarter,59,848.4237288135594,0.0025977798524562,0.0013660563206226,0.0624999798036978,0.1248385085561268,0.16536043208148,0.1651888441051014,202302.11864406776,,0.3442461927969127,0.6949152542372882,,20231.0
Y1,wf2023,2023,raw,0.2,quarter,59,846.8644067796611,0.0005074805926897,0.0008027937116623,0.0647733714865099,0.129329657584873,0.1637216687074758,0.1635658304971291,202305.01694915252,,0.2023040153389007,0.5932203389830508,,20232.0
Y1,wf2023,2023,raw,0.2,quarter,64,888.0,0.000588097533275,0.0012086017003453,0.0651157144895671,0.1299470079696816,0.1722858677589875,0.1723056344152441,202307.984375,,0.3045676284870407,0.703125,,20233.0
Y1,wf2023,2023,raw,0.2,quarter,60,892.3,0.001015718574933,0.0009637764704647,0.0665703440157944,0.132895051914222,0.1742443247811186,0.1744120861506396,202311.06666666668,,0.2428716705571054,0.7333333333333333,,20234.0
Y1,wf2023,2023,raw,0.3,quarter,59,1272.8135593220338,0.0024194924138361,0.0011877688820025,0.0653457500284505,0.1958177836963714,0.167501191737894,0.251027698464502,202302.11864406776,,0.299317758264648,0.711864406779661,,20231.0
Y1,wf2023,2023,raw,0.3,quarter,59,1270.4406779661017,0.0003853711095411,0.0006806842285137,0.0659410431316365,0.1975089610435396,0.1657333443863541,0.2483901675862437,202305.01694915252,,0.1715324255854524,0.6101694915254238,,20232.0
Y1,wf2023,2023,raw,0.3,quarter,64,1332.265625,0.0004047157642247,0.0010252199312951,0.0662746699367403,0.1984211206250605,0.1716311934235275,0.2575022418056014,202307.984375,,0.2583554226863718,0.71875,,20233.0
Y1,wf2023,2023,raw,0.3,quarter,60,1338.6333333333334,0.000953002393834,0.0009010602893657,0.0684993465114969,0.2051473784250409,0.1757171996331791,0.263926654597559,202311.06666666668,,0.2270671929201673,0.75,,20234.0
Y1,wf2023,2023,band,0.05,year,242,216.9917355371901,0.0009328971841945,0.0008558208456227,0.0631699656465197,0.0314760948779856,0.1677491632846527,0.041854974257801,202306.59504132232,20232.51652892562,0.2156668530969208,0.6735537190082644,,
Y1,wf2023,2023,band,0.1,year,242,434.4710743801653,0.0007413215965907,0.0006642452580188,0.0824654054062674,0.0822777830446542,0.1863784545349424,0.0931288878512656,202306.59504132232,20232.51652892562,0.1673898050207522,0.6652892561983471,,
Y1,wf2023,2023,band,0.2,year,242,869.3884297520661,0.0009354040403665,0.0008583277017946,0.0771403239303816,0.1540100203933469,0.1812367446087509,0.181209426612492,202306.59504132232,20232.51652892562,0.2162985808522563,0.7355371900826446,,
Y1,wf2023,2023,band,0.3,year,242,1304.2768595041323,0.0009274051812492,0.0008503288426773,0.0734142238652053,0.2198855320447209,0.1767228476244036,0.2650842203638568,202306.59504132232,20232.51652892562,0.2142828683547021,0.7066115702479339,,
Y1,wf2023,2023,band,0.05,month,16,211.25,0.0055596030225909,0.0014106376547159,0.0520345458729782,0.025934972451753,0.1537481435722076,0.0383446552872067,,20231.0,0.355480688988418,0.75,202301.0,
Y1,wf2023,2023,band,0.05,month,20,211.8,0.0025958113510547,0.0014330670265963,0.0573666813843207,0.028606540901214,0.1607687545284224,0.0400775398167629,,20231.0,0.3611328907022921,0.75,202302.0,
Y1,wf2023,2023,band,0.05,month,23,212.0434782608696,0.00024704968626,0.000984729860042,0.0627198790512463,0.0312580968513041,0.1607127025925483,0.0400671508125176,,20231.0,0.2481519247305945,0.6086956521739131,202303.0,
Y1,wf2023,2023,band,0.05,month,19,211.1578947368421,-0.0009590290972441,0.0007926071086288,0.0712620993325284,0.0355126832129875,0.1754550782857632,0.0437582245214733,,20232.0,0.1997369913744604,0.5263157894736842,202304.0,
Y1,wf2023,2023,band,0.05,month,20,209.8,0.0002794011271809,0.0007879067843473,0.0571399237156162,0.0284704505069512,0.1559654312534417,0.0388885935523497,,20232.0,0.198552509655544,0.7,202305.0,
Y1,wf2023,2023,band,0.05,month,20,213.15,0.0017056371461619,0.0004042507943851,0.0585637899248887,0.0291943040041825,0.1633417445223418,0.0407263932755731,,20232.0,0.1018712001850566,0.6,202306.0,
Y1,wf2023,2023,band,0.05,month,21,220.7142857142857,0.0016104652878014,0.0012760874582218,0.0589161888920148,0.0293631603406014,0.1754675933161025,0.0437719026936105,,20233.0,0.3215740394719134,0.8095238095238095,202307.0,
Y1,wf2023,2023,band,0.05,month,23,221.8695652173913,-0.0007407589252846,0.0009293769653523,0.0721175717402478,0.0359469126920114,0.176372055126657,0.0439843810659024,,20233.0,0.2342029952687902,0.6086956521739131,202308.0,
Y1,wf2023,2023,band,0.05,month,20,222.45,-7.996118930800379e-05,0.0003360925921431,0.0672020558594022,0.0334254451660171,0.1703897767865058,0.042598143282517,,20233.0,0.0846953332200615,0.7,202309.0,
Y1,wf2023,2023,band,0.05,month,17,222.05882352941177,0.0002467047579695,0.0005487182348852,0.0807862705623656,0.0402275819577456,0.1866903403282133,0.0466234789987285,,20234.0,0.1382769951910873,0.7058823529411765,202310.0,
Y1,wf2023,2023,band,0.05,month,22,222.6818181818182,0.001793217674827,0.0002406437789376,0.0553110757006496,0.0275619447523332,0.151440985311501,0.0379511213861041,,20234.0,0.0606422322922808,0.6818181818181818,202311.0,
Y1,wf2023,2023,band,0.05,month,21,223.1904761904762,-5.228447230759804e-05,0.0011813284007353,0.0650684975036352,0.0324288735308813,0.183293344708303,0.0456309818142067,,20234.0,0.2976947569853161,0.6666666666666666,202312.0,
Y1,wf2023,2023,band,0.1,month,16,422.8125,0.005768132851353,0.001619167483478,0.0734545096073057,0.0732812147609465,0.1782262477210241,0.0889661637657806,,20231.0,0.4080302058364573,0.9375,202301.0,
Y1,wf2023,2023,band,0.1,month,20,424.1,0.0017864695721266,0.0006237252476683,0.0751127440882681,0.0750085470176351,0.174626785987174,0.0871706041382635,,20231.0,0.1571787624124301,0.65,202302.0,
Y1,wf2023,2023,band,0.1,month,23,424.6521739130435,-0.0001099968886744,0.0006276832851075,0.0813961786913675,0.0812400981147498,0.1842870915229104,0.0920104706499022,,20231.0,0.1581761878471102,0.6521739130434783,202303.0,
Y1,wf2023,2023,band,0.1,month,19,422.7894736842105,-0.0013380898987936,0.0004135463070792,0.0820273829326578,0.0818448820511044,0.181507261070787,0.0906292105630333,,20232.0,0.104213669383965,0.4736842105263157,202304.0,
Y1,wf2023,2023,band,0.1,month,20,420.2,0.0008659898084693,0.0013744954656358,0.0832343992327006,0.0830535264277593,0.1900484889236617,0.094904660304561,,20232.0,0.3463728573402216,0.8,202305.0,
Y1,wf2023,2023,band,0.1,month,20,426.8,0.0018869851706302,0.0005855988188534,0.0823257019915891,0.0821769511140627,0.1872688721245696,0.0935111419700471,,20232.0,0.1475709023510802,0.7,202306.0,
Y1,wf2023,2023,band,0.1,month,21,441.8571428571428,0.0010372370411324,0.0007028592115528,0.0783717366828888,0.0782032269759196,0.1887488178883223,0.0942673796967625,,20233.0,0.1771205213113208,0.7619047619047619,202307.0,
Y1,wf2023,2023,band,0.1,month,23,444.1739130434783,-0.0011704047560259,0.000499731134611,0.0851598907498725,0.0849929960718541,0.1897079500254219,0.0947196014755439,,20233.0,0.1259322459219824,0.4782608695652174,202308.0,
Y1,wf2023,2023,band,0.1,month,20,445.3,0.000431997243844,0.0008480510252951,0.0962116686570738,0.0958212361185376,0.2023208948691522,0.1012052217554429,,20233.0,0.2137088583743701,0.85,202309.0,
Y1,wf2023,2023,band,0.1,month,17,444.7058823529412,7.429941196666135e-05,0.0003763128888823,0.0940677236942509,0.0938036306749129,0.1982679873526594,0.0991211563243053,,20234.0,0.094830847998347,0.6470588235294118,202310.0,
Y1,wf2023,2023,band,0.1,month,22,445.8181818181818,0.0014734967139886,-7.907718190080421e-05,0.0768684900585789,0.0766964704894663,0.1706627052777383,0.0857244209599422,,20234.0,-0.0199274498390026,0.5,202311.0,
Y1,wf2023,2023,band,0.1,month,21,446.95238095238096,-0.0006146754675175,0.0006189374055254,0.0818233927574527,0.0816596706224917,0.1917752763386521,0.0957400535495563,,20234.0,0.1559722261924114,0.6190476190476191,202312.0,
Y1,wf2023,2023,band,0.2,month,16,846.1875,0.0051298412707958,0.0009808759029208,0.0657243287123584,0.131220914149461,0.1652693677830307,0.1650968904523451,,20231.0,0.2471807275360457,0.75,202301.0,
Y1,wf2023,2023,band,0.2,month,20,848.7,0.0024573814465225,0.0012946371220641,0.0735140762982881,0.1469118989134547,0.1767921660932413,0.1766041947492246,,20231.0,0.3262485547601776,0.9,202302.0,
Y1,wf2023,2023,band,0.2,month,23,849.7391304347826,0.0001981468579113,0.0009358270316934,0.0792965015768536,0.1583626092626474,0.1852520063205773,0.18506805974094,,20231.0,0.2358284119867406,0.7391304347826086,202303.0,
Y1,wf2023,2023,band,0.2,month,19,846.0,-0.0005488634649063,0.0012027727409665,0.0878807616799272,0.1754481943183805,0.1961785293633876,0.1960029839422695,,20232.0,0.3030987307235698,0.631578947368421,202304.0,
Y1,wf2023,2023,band,0.2,month,20,840.6,0.0003173154547407,0.0008258211119071,0.0758470961941976,0.1514094662256855,0.1744495918296818,0.174277104762864,,20232.0,0.2081069202005974,0.7,202305.0,
Y1,wf2023,2023,band,0.2,month,20,853.95,0.0015917922744819,0.0002904059227051,0.0719468376920644,0.1436956297567972,0.1705991690372576,0.1704365943820441,,20232.0,0.0731822925217042,0.6,202306.0,
Y1,wf2023,2023,band,0.2,month,21,884.2380952380952,0.0017130477397119,0.0013786699101323,0.0754526686526014,0.1506763366949237,0.1850012375736683,0.184910282109796,,20233.0,0.3474248173533463,0.8095238095238095,202307.0,
Y1,wf2023,2023,band,0.2,month,23,888.7391304347826,-0.0005875626785599,0.001082573212077,0.0831751962687874,0.1660954961637794,0.1891003198327144,0.1889201573579434,,20233.0,0.2728084494434264,0.782608695652174,202308.0,
Y1,wf2023,2023,band,0.2,month,20,891.1,-6.1762246879543e-05,0.0003542915345715,0.0787216841778236,0.1568781130212481,0.1797343132992023,0.1800473333938395,,20233.0,0.0892814667120336,0.65,202309.0,
Y1,wf2023,2023,band,0.2,month,17,889.8823529411765,-0.0001266082757014,0.0001754052012142,0.0863118454201012,0.1722186439910629,0.1894721057489191,0.1896300304596666,,20234.0,0.0442021107059839,0.6470588235294118,202310.0,
Y1,wf2023,2023,band,0.2,month,22,892.1363636363636,0.0018699161823995,0.0003173422865101,0.0657561967740151,0.1312887765863834,0.1628039228566317,0.1636019960043483,,20234.0,0.0799702562005625,0.7272727272727273,202311.0,
Y1,wf2023,2023,band,0.2,month,21,894.4285714285714,0.000124806224142,0.0013584190971849,0.0814641894887663,0.1626982347740915,0.1980116122165209,0.1977128764206162,,20234.0,0.3423216124906195,0.8571428571428571,202312.0,
Y1,wf2023,2023,band,0.3,month,16,1269.375,0.0051420909573206,0.0009931255894455,0.0659683570427448,0.1975752999779543,0.163935362137357,0.2456649753807543,,20231.0,0.250267648540287,0.75,202301.0,
Y1,wf2023,2023,band,0.3,month,20,1273.2,0.002471706102521,0.0013089617780627,0.0705574501448506,0.2115311215394091,0.1731271406638413,0.2594468087946388,,20231.0,0.329858368071804,0.85,202302.0,
Y1,wf2023,2023,band,0.3,month,23,1274.8695652173913,0.0001920277135762,0.0009297078873583,0.0755918208293754,0.2264902609890084,0.1788809234758796,0.2681108153209795,,20231.0,0.2342863876142966,0.6956521739130435,202303.0,
Y1,wf2023,2023,band,0.3,month,19,1269.0526315789473,-0.000434090447681,0.0013175457581918,0.0867772544241318,0.2598804678739086,0.1922745262338931,0.2881667437018811,,20232.0,0.3320215310643434,0.631578947368421,202304.0,
Y1,wf2023,2023,band,0.3,month,20,1261.15,0.0001270124629714,0.0006355181201378,0.0701792885056924,0.21017754339691,0.1677195114190857,0.2513778496494187,,20232.0,0.160150566274743,0.7,202305.0,
Y1,wf2023,2023,band,0.3,month,20,1281.05,0.0015919221269813,0.0002905357752045,0.0678531000993482,0.2033026304535797,0.165383955651541,0.2478611963069872,,20232.0,0.0732150153515379,0.5,202306.0,
Y1,wf2023,2023,band,0.3,month,21,1326.6190476190477,0.0016972573943492,0.0013628795647697,0.0713273751726395,0.2137026679649663,0.1805667997104794,0.2707781934630197,,20233.0,0.3434456503219651,0.8095238095238095,202307.0,
Y1,wf2023,2023,band,0.3,month,23,1333.3478260869565,-0.0006438613388064,0.0010262745518305,0.0774843654536879,0.2321345772182718,0.1850730749338553,0.2773879563959261,,20233.0,0.2586211870613084,0.7391304347826086,202308.0,
Y1,wf2023,2023,band,0.3,month,20,1336.95,-9.102983533402356e-05,0.000325023946117,0.071358221435359,0.2133172866365369,0.1722696448680182,0.2588839895254046,,20233.0,0.0819060344215046,0.55,202309.0,
Y1,wf2023,2023,band,0.3,month,17,1334.9411764705883,-6.391059269710743e-05,0.0002381028842185,0.0827317079014995,0.2476066539878426,0.184985014200986,0.2777422606649642,,20234.0,0.0600019268230773,0.7058823529411765,202310.0,
Y1,wf2023,2023,band,0.3,month,22,1338.5,0.0020088284126155,0.000456254516726,0.0641641496008442,0.1922148762983163,0.1629049059532244,0.245604707366567,,20234.0,0.1149761382149722,0.6818181818181818,202311.0,
Y1,wf2023,2023,band,0.3,month,21,1341.7619047619048,2.6725240766589136e-06,0.0012362853971196,0.077444854107253,0.2320297963168662,0.1918687786039335,0.2874019476435926,,20234.0,0.3115439200741488,0.8571428571428571,202312.0,
Y1,wf2023,2023,band,0.05,quarter,59,211.7457627118644,0.0024839325112971,0.0012522089794635,0.0580075183022496,0.0289157051666495,0.158843009277159,0.0396035550782792,202302.11864406776,,0.315556662824817,0.6949152542372882,,20231.0
Y1,wf2023,2023,band,0.05,quarter,59,211.3728813559322,0.0003640544511732,0.0006593675701457,0.0621704094936972,0.0309836622249057,0.1647422034397487,0.0410797627536686,202305.01694915252,,0.1661606276767247,0.6101694915254238,,20232.0
Y1,wf2023,2023,band,0.05,quarter,64,221.671875,0.0002372358121269,0.0008577399791972,0.0662497692804071,0.0329986603498318,0.1742058166137716,0.0434814622926862,202307.984375,,0.2161504747577123,0.703125,,20233.0
Y1,wf2023,2023,band,0.05,quarter,60,222.6833333333333,0.0007091132635536,0.0006571711590853,0.0659441452091808,0.0328539670330252,0.1725766283551168,0.0430962405261836,202311.06666666668,,0.165607132089505,0.6833333333333333,,20234.0
Y1,wf2023,2023,band,0.1,quarter,59,423.96610169491527,0.0021269421800791,0.0008952186482455,0.0771125278878594,0.076969366663849,0.1793687930221492,0.0895442631858561,202302.11864406776,,0.225595099357889,0.7288135593220338,,20231.0
Y1,wf2023,2023,band,0.1,quarter,59,423.271186440678,0.0005023015509307,0.0007976146699032,0.0825376661051914,0.0823671577933462,0.1863556810391454,0.093055441460844,202305.01694915252,,0.2009988968156165,0.6610169491525424,,20232.0
Y1,wf2023,2023,band,0.1,quarter,64,443.765625,5.472833362600024e-05,0.0006752325006963,0.0863862082926439,0.0861489281018392,0.1933347800566018,0.0965979725418497,202307.984375,,0.1701585901754802,0.6875,,20233.0
Y1,wf2023,2023,band,0.1,quarter,60,445.9,0.0003461972148885,0.0002942551104202,0.0834758221999584,0.0832806192552351,0.1858736017369525,0.0930256340528767,202311.06666666668,,0.074152287825908,0.5833333333333334,,20234.0
Y1,wf2023,2023,band,0.2,quarter,59,848.4237288135594,0.0023013977456804,0.0010696742138468,0.0736557681632395,0.1471205528423959,0.1769652432502812,0.1767830426485362,202302.11864406776,,0.2695579018894121,0.7966101694915254,,20231.0
Y1,wf2023,2023,band,0.2,quarter,59,846.8644067796611,0.0004704025212073,0.0007657156401798,0.0784002228753196,0.1565358917237099,0.1801418182244602,0.1799717064034115,202305.01694915252,,0.1929603413253197,0.6440677966101694,,20232.0
Y1,wf2023,2023,band,0.2,quarter,64,888.0,0.0003316377498356,0.0009521419169059,0.0792495193663002,0.1581556522310201,0.1848284314247424,0.1848316595533625,202307.984375,,0.2399397630603086,0.75,,20233.0
Y1,wf2023,2023,band,0.2,quarter,60,892.3,0.0006934457672141,0.0006415036627458,0.0770780946739024,0.1538788827167404,0.1826825992854077,0.1829154139123822,202311.06666666668,,0.1616589230119519,0.75,,20234.0
Y1,wf2023,2023,band,0.3,quarter,59,1272.8135593220338,0.0023071900810136,0.00107546654918,0.0712755016043485,0.2135780209014007,0.172877455041013,0.2590868565147012,202302.11864406776,,0.2710175703933812,0.7627118644067796,,20231.0
Y1,wf2023,2023,band,0.3,quarter,59,1270.4406779661017,0.0004428978524256,0.0007382109713981,0.0747358577315138,0.2238530909595603,0.1748353447433306,0.2620330347366756,202305.01694915252,,0.1860291647923414,0.6101694915254238,,20232.0
Y1,wf2023,2023,band,0.3,quarter,64,1332.265625,0.0002970780903454,0.0009175822574157,0.0735496830119911,0.2202062036877388,0.179593381480611,0.2694366382865282,202307.984375,,0.2312307288687727,0.703125,,20233.0
Y1,wf2023,2023,band,0.3,quarter,60,1338.6333333333334,0.0007193978001216,0.0006674556956533,0.0740732043632729,0.2218444353168412,0.1792982920511717,0.2693393815647385,202311.06666666668,,0.1681988353046472,0.75,,20234.0
Y4,wf2023,2023,raw,0.05,year,242,216.9917355371901,0.0015468684734085,0.0014697921348366,0.0876393010124876,0.043669382327466,0.2022978208455761,0.0504858211069634,202306.59504132232,20232.51652892562,0.3703876179788455,0.6570247933884298,,
Y4,wf2023,2023,raw,0.1,year,242,434.4710743801653,0.0014122913615454,0.0013352150229735,0.0770544198971502,0.0768782514110124,0.1881100585914441,0.093987335798662,202306.59504132232,20232.51652892562,0.3364741857893372,0.6776859504132231,,
Y4,wf2023,2023,raw,0.2,year,242,869.3884297520661,0.0011944457914825,0.0011173694529106,0.0701132851910187,0.1399739893522436,0.1768851853380015,0.1768479790413706,202306.59504132232,20232.51652892562,0.2815771021334804,0.6900826446280992,,
Y4,wf2023,2023,raw,0.3,year,242,1304.2768595041323,0.001022784298706,0.0009457079601341,0.0687071327503987,0.2057842944522151,0.1734199711149753,0.2601267132422828,202306.59504132232,20232.51652892562,0.2383184059538106,0.6859504132231405,,
Y4,wf2023,2023,raw,0.05,month,16,211.25,0.0040937167394013,-5.524862847371159e-05,0.0736234018570533,0.0367014217835632,0.1807518715528354,0.0450776497838106,,20231.0,-0.0139226543753753,0.5,202301.0,
Y4,wf2023,2023,raw,0.05,month,20,211.8,0.0045737943056732,0.0034110499812149,0.0920377887462483,0.0459022566232459,0.2171739125024072,0.054135726076837,,20231.0,0.8595845952661713,0.85,202302.0,
Y4,wf2023,2023,raw,0.05,month,23,212.0434782608696,0.0012476272431644,0.0019853074169465,0.0926604927356987,0.0461682169193552,0.2142391026445912,0.053397548196744,,20231.0,0.5002974690705229,0.6956521739130435,202303.0,
Y4,wf2023,2023,raw,0.05,month,19,211.1578947368421,0.0014471749363856,0.0031988111422585,0.111579923225443,0.0556094146548604,0.2458623101019672,0.0613166806156122,,20232.0,0.8061004078491559,0.6842105263157895,202304.0,
Y4,wf2023,2023,raw,0.05,month,20,209.8,-0.0005232713523653,-1.4765695198943295e-05,0.0752531188470751,0.0374964032604678,0.1639290919156952,0.0408747881499607,,20232.0,-0.0037209551901337,0.6,202305.0,
Y4,wf2023,2023,raw,0.05,month,20,213.15,0.001713011259125,0.0004116249073482,0.0763364154991231,0.0380549943273341,0.1783330114050747,0.0444669740332154,,20232.0,0.10372947665175,0.55,202306.0,
Y4,wf2023,2023,raw,0.05,month,21,220.7142857142857,0.0022343606492209,0.0018999828196413,0.0891431635589572,0.0444324141413213,0.2076788949472269,0.0517993066742891,,20233.0,0.4787956705496178,0.7142857142857143,202307.0,
Y4,wf2023,2023,raw,0.05,month,23,221.8695652173913,0.0008162409419541,0.0024863768325911,0.0977887847820067,0.0487505985758538,0.218319069562862,0.0544550314860773,,20233.0,0.6265669618129638,0.7391304347826086,202308.0,
Y4,wf2023,2023,raw,0.05,month,20,222.45,-1.3917835014491156e-05,0.0004021359464366,0.0795914997642774,0.039557908881644,0.1850233108542261,0.0463496496552417,,20233.0,0.1013382585020266,0.55,202309.0,
Y4,wf2023,2023,raw,0.05,month,17,222.05882352941177,-0.000215893438535,8.612003838065753e-05,0.0973961843358401,0.0484962871708491,0.2038540137753444,0.0509516531934066,,20234.0,0.0217022496719257,0.5294117647058824,202310.0,
Y4,wf2023,2023,raw,0.05,month,22,222.6818181818182,0.002535894450603,0.0009833205547136,0.0677495276710523,0.033757023599409,0.1789906680601747,0.0448821405901813,,20234.0,0.2477967797878322,0.5909090909090909,202311.0,
Y4,wf2023,2023,raw,0.05,month,21,223.1904761904762,0.0009449533354867,0.0021785662085296,0.0975131836558806,0.0486025133316475,0.2280983137205109,0.0567993643431226,,20234.0,0.5489986845494836,0.8095238095238095,202312.0,
Y4,wf2023,2023,raw,0.1,month,16,422.8125,0.0043737117823554,0.0002247464144804,0.066343043365076,0.0661865663138302,0.1692141791699183,0.0844629963868097,,20231.0,0.0566360964490692,0.5,202301.0,
Y4,wf2023,2023,raw,0.1,month,20,424.1,0.0040287519961064,0.0028660076716481,0.078269312157502,0.0781731452636132,0.1959372483383941,0.0978017878536116,,20231.0,0.7222339332553336,0.85,202302.0,
Y4,wf2023,2023,raw,0.1,month,23,424.6521739130435,0.0008644443747971,0.0016021245485792,0.0812598327494985,0.0811012432791718,0.1937540563701599,0.0967285651842885,,20231.0,0.4037353862419619,0.6521739130434783,202303.0,
Y4,wf2023,2023,raw,0.1,month,19,422.7894736842105,0.0008921072260061,0.0026437434318791,0.0991476943729248,0.0989240651199695,0.2235993348012837,0.1116484627910012,,20232.0,0.6662233448335371,0.6842105263157895,202304.0,
Y4,wf2023,2023,raw,0.1,month,20,420.2,-0.0003891253137758,0.0001193803433905,0.0648212742884241,0.0646834825692486,0.1559638907552495,0.0778883539761076,,20232.0,0.0300838465344195,0.6,202305.0,
Y4,wf2023,2023,raw,0.1,month,20,426.8,0.0015298983622811,0.0002285120105043,0.0647355669333196,0.0646136912290973,0.162038438520209,0.0808974620824797,,20232.0,0.0575850266470966,0.55,202306.0,
Y4,wf2023,2023,raw,0.1,month,21,441.8571428571428,0.0025518874553582,0.0022175096257787,0.0807320053100082,0.0805594057908172,0.1981447237975084,0.098952671322103,,20233.0,0.5588124256962328,0.8571428571428571,202307.0,
Y4,wf2023,2023,raw,0.1,month,23,444.1739130434783,0.0003262906755097,0.0019964265661468,0.085452436399694,0.08528641737046,0.2051771108569984,0.1024537443544177,,20233.0,0.5030994946689976,0.7391304347826086,202308.0,
Y4,wf2023,2023,raw,0.1,month,20,445.3,-0.0003339141343042,8.213964714680727e-05,0.0674943417226031,0.067166831996511,0.1665500341820043,0.0834954207413353,,20233.0,0.0206991910809954,0.55,202309.0,
Y4,wf2023,2023,raw,0.1,month,17,444.7058823529412,0.0001870792147026,0.0004890926916183,0.0877833727588173,0.0875216505519312,0.1958178364528047,0.0979730539745741,,20234.0,0.1232513582878265,0.5882352941176471,202310.0,
Y4,wf2023,2023,raw,0.1,month,22,445.8181818181818,0.0024334259681186,0.0008808520722292,0.0609428139441804,0.0608064821476328,0.1695997582726142,0.0850680472793563,,20234.0,0.2219747222017606,0.6363636363636364,202311.0,
Y4,wf2023,2023,raw,0.1,month,21,446.95238095238096,0.0009733621337097,0.0022069750067527,0.0872691085968153,0.0870941494674023,0.2171654175048447,0.108300374291407,,20234.0,0.556157701701698,0.8571428571428571,202312.0,
Y4,wf2023,2023,raw,0.2,month,16,846.1875,0.0048222478150895,0.0006732824472144,0.0652754061228316,0.1303241502393021,0.1660169533342621,0.1658443619310428,,20231.0,0.1696671766980509,0.625,202301.0,
Y4,wf2023,2023,raw,0.2,month,20,848.7,0.0032828922752155,0.0021201479507572,0.0702721543338349,0.1404488060834334,0.1800892096255136,0.179896967001288,,20231.0,0.5342772835908333,0.85,202302.0,
Y4,wf2023,2023,raw,0.2,month,23,849.7391304347826,0.0005625658612757,0.0013002460350578,0.0720603641750715,0.1439082344864043,0.180002808088166,0.1798217648978657,,20231.0,0.3276620008345672,0.6521739130434783,202303.0,
Y4,wf2023,2023,raw,0.2,month,19,846.0,0.00034618023986,0.002097816445733,0.0899141572443536,0.1795053430978444,0.2042415041533013,0.2040586556480929,,20232.0,0.5286497443247166,0.7368421052631579,202304.0,
Y4,wf2023,2023,raw,0.2,month,20,840.6,-0.0002779588893108,0.0002305467678555,0.0604701675136757,0.1207145738299076,0.1558535171559324,0.1557024705204986,,20232.0,0.0580977854995997,0.6,202305.0,
Y4,wf2023,2023,raw,0.2,month,20,853.95,0.0014762699413961,0.0001748835896193,0.0600292188583346,0.1198960671716387,0.1564384069550347,0.1562832164856471,,20232.0,0.0440706645840715,0.65,202306.0,
Y4,wf2023,2023,raw,0.2,month,21,884.2380952380952,0.0022862261182031,0.0019518482886236,0.0707162506013207,0.1412211000167107,0.1838308312368493,0.1837315449172912,,20233.0,0.4918657687331504,0.8571428571428571,202307.0,
Y4,wf2023,2023,raw,0.2,month,23,888.7391304347826,-0.0002530759805167,0.0014170599101203,0.0763736578680533,0.1525122615256706,0.1876368795467387,0.1874578151931195,,20233.0,0.357099097350319,0.6956521739130435,202308.0,
Y4,wf2023,2023,raw,0.2,month,20,891.1,-0.0002634985930566,0.0001525551883944,0.0626242061006652,0.1246906471224565,0.1627990982053454,0.1631648128635613,,20233.0,0.0384439074753904,0.5,202309.0,
Y4,wf2023,2023,raw,0.2,month,17,889.8823529411765,0.0001593621996291,0.0004613756765448,0.0804012622630425,0.1603871661423313,0.1852832879614155,0.1854699333848963,,20234.0,0.1162666704892976,0.7058823529411765,202310.0,
Y4,wf2023,2023,raw,0.2,month,22,892.1363636363636,0.002547405941681,0.0009948320457916,0.0593369431141373,0.1184737569197988,0.164274826781502,0.1649745696360691,,20234.0,0.2506976755394923,0.6818181818181818,202311.0,
Y4,wf2023,2023,raw,0.2,month,21,894.4285714285714,0.000337490162129,0.001571103035172,0.0750222198993302,0.1498379348153565,0.194558477361199,0.194162626547085,,20234.0,0.3959179648633572,0.7142857142857143,202312.0,
Y4,wf2023,2023,raw,0.3,month,16,1269.375,0.0048684529780053,0.0007194876101303,0.0656752633557867,0.196696611914975,0.1661561897540172,0.2489921485751085,,20231.0,0.1813108777528511,0.625,202301.0,
Y4,wf2023,2023,raw,0.3,month,20,1273.2,0.0029257005989247,0.0017629562744664,0.0690690611124184,0.2070800574002755,0.1755255262228708,0.2630389850476414,,20231.0,0.4442649811655547,0.9,202302.0,
Y4,wf2023,2023,raw,0.3,month,23,1274.8695652173913,0.0002231596558638,0.0009608398296458,0.0697828038785128,0.2090809093392157,0.1752166193741793,0.2626150898147342,,20231.0,0.2421316370707528,0.6086956521739131,202303.0,
Y4,wf2023,2023,raw,0.3,month,19,1269.0526315789473,-0.0001985515551424,0.0015530846507304,0.0824598048819306,0.2469472544826998,0.1916179357755958,0.2871826060234148,,20232.0,0.3913773319840836,0.6842105263157895,202304.0,
Y4,wf2023,2023,raw,0.3,month,20,1261.15,-0.000176329057588,0.0003321765995784,0.0617535335446638,0.1849443052871722,0.1583447806943783,0.2373302688066618,,20232.0,0.0837085030937617,0.6,202305.0,
Y4,wf2023,2023,raw,0.3,month,20,1281.05,0.00149825001113,0.0001968636593532,0.0604317028078247,0.181067986929977,0.1589505805300575,0.2382160689884206,,20232.0,0.0496096421570143,0.6,202306.0,
Y4,wf2023,2023,raw,0.3,month,21,1326.6190476190477,0.0020398078977756,0.0017054300681961,0.068990698501958,0.2067070836044022,0.1792000645463674,0.2687247036401535,,20233.0,0.4297683771854217,0.8571428571428571,202307.0,
Y4,wf2023,2023,raw,0.3,month,23,1333.3478260869565,-0.0004888054330546,0.0011813304575823,0.0732474264587859,0.2194401118697433,0.1824735665752133,0.2734894272896752,,20233.0,0.2976952753107576,0.6956521739130435,202308.0,
Y4,wf2023,2023,raw,0.3,month,20,1336.95,-0.0002473669705573,0.0001686868108937,0.0615675480820384,0.183971246101419,0.1610992407618727,0.2421416348238793,,20233.0,0.0425090763452268,0.55,202309.0,
Y4,wf2023,2023,raw,0.3,month,17,1334.9411764705883,0.0001794307730175,0.0004814442499332,0.0782184694061641,0.234082043015053,0.1817045969041833,0.2728504435851639,,20234.0,0.1213239509831712,0.7058823529411765,202310.0,
Y4,wf2023,2023,raw,0.3,month,22,1338.5,0.0024230867147221,0.0008705128188326,0.0609022636580104,0.1824461938133423,0.1628977066981711,0.245600760116694,,20234.0,0.2193692303458341,0.6818181818181818,202311.0,
Y4,wf2023,2023,raw,0.3,month,21,1341.7619047619048,1.436174786725409e-05,0.0012479746209102,0.0735754743584904,0.2204447846952549,0.1870089191809156,0.2800230774425738,,20234.0,0.3144896044693788,0.7142857142857143,202312.0,
Y4,wf2023,2023,raw,0.05,quarter,59,211.7457627118644,0.0031469623819774,0.0019152388501438,0.0872868057213371,0.0435107944092729,0.2061526704359171,0.0513915343492004,202302.11864406776,,0.4826401902362618,0.6949152542372882,,20231.0
Y4,wf2023,2023,raw,0.05,quarter,59,211.3728813559322,0.000869341049602,0.0011646541685745,0.0873188004780912,0.043518759833871,0.1951970501415725,0.0486754605993247,202305.01694915252,,0.2934928504807845,0.6101694915254238,,20232.0
Y4,wf2023,2023,raw,0.05,quarter,64,221.671875,0.0010221368530983,0.0016426410201686,0.0892652887501532,0.0444609787788323,0.204422837670658,0.0510506899600731,202307.984375,,0.4139455370825106,0.671875,,20233.0
Y4,wf2023,2023,raw,0.05,quarter,60,222.6833333333333,0.0011993918250565,0.0011474497205882,0.0865666933207654,0.0431290696842672,0.2032229586605905,0.0507728641412913,202311.06666666668,,0.2891573295882367,0.65,,20234.0
Y4,wf2023,2023,raw,0.1,quarter,59,423.96610169491527,0.0028887567637313,0.0016570332318978,0.076200865936097,0.0760640095205847,0.1878392394915297,0.0937661135338953,202302.11864406776,,0.4175723744382527,0.6779661016949152,,20231.0
Y4,wf2023,2023,raw,0.1,quarter,59,423.271186440678,0.0006739914960037,0.0009693046149762,0.0758464918223804,0.0756864527668871,0.1798039651988739,0.0897802900711995,202305.01694915252,,0.2442647629740258,0.6101694915254238,,20232.0
Y4,wf2023,2023,raw,0.1,quarter,64,443.765625,0.0008502506158306,0.001470754782901,0.0782916403617999,0.0780729962665306,0.1907986473921676,0.0953804786366012,202307.984375,,0.3706302052910585,0.71875,,20233.0
Y4,wf2023,2023,raw,0.1,quarter,60,445.9,0.0012859387126076,0.0012339966081393,0.0777618420700831,0.0775764634241034,0.1936761944882822,0.0968557802972191,202311.06666666668,,0.3109671452511239,0.7,,20234.0
Y4,wf2023,2023,raw,0.2,quarter,59,848.4237288135594,0.0026398783958489,0.0014081548640153,0.0696142027231974,0.1390517274353356,0.1762393225743438,0.1760567749758196,202302.11864406776,,0.3548550257318733,0.711864406779661,,20231.0
Y4,wf2023,2023,raw,0.2,quarter,59,846.8644067796611,0.0005176889084584,0.0008130020274309,0.0698026561878462,0.1393697345574571,0.1716343569683401,0.1714716643633335,202305.01694915252,,0.2048765109125939,0.6610169491525424,,20232.0
Y4,wf2023,2023,raw,0.2,quarter,64,888.0,0.000576875454207,0.0011973796212773,0.0702206174313479,0.1401130946545387,0.1786262132758708,0.1786435695308764,202307.984375,,0.3017396645618954,0.6875,,20233.0
Y4,wf2023,2023,raw,0.2,quarter,60,892.3,0.0010973230252564,0.0010453809207881,0.0707950137478113,0.1413266851296282,0.1808265018187048,0.180997409283759,202311.06666666668,,0.2634359920386232,0.7,,20234.0
Y4,wf2023,2023,raw,0.3,quarter,59,1272.8135593220338,0.0023990157917194,0.0011672922598859,0.0684269478838432,0.2050442009058826,0.1728642679004715,0.2590644261676856,202302.11864406776,,0.2941576494912548,0.711864406779661,,20231.0
Y4,wf2023,2023,raw,0.3,quarter,59,1270.4406779661017,0.0003841684664938,0.0006794815854663,0.067973576606889,0.203597350500242,0.1692652204105938,0.2536846825482462,202305.01694915252,,0.1712293595375103,0.6271186440677966,,20232.0
Y4,wf2023,2023,raw,0.3,quarter,64,1332.265625,0.0004163453356544,0.0010368495027248,0.0682007256052181,0.2041780664175769,0.1747199719053293,0.2621298171966146,202307.984375,,0.2612860746866535,0.703125,,20233.0
Y4,wf2023,2023,raw,0.3,quarter,60,1338.6333333333334,0.0009443304595066,0.0008923883550383,0.0702441456984886,0.2103758578958298,0.1766652499588351,0.2653693148301518,202311.06666666668,,0.2248818654696536,0.7,,20234.0
Y4,wf2023,2023,band,0.05,year,242,216.9917355371901,0.000948174743593,0.0008710984050211,0.1008478028703793,0.0502576505766756,0.2068310545456254,0.0516170096953855,202306.59504132232,20232.51652892562,0.2195167980653367,0.5991735537190083,,
Y4,wf2023,2023,band,0.1,year,242,434.4710743801653,0.0007264047790195,0.0006493284404476,0.1014859422521883,0.1012569271466021,0.2064408386713388,0.1031637188095904,202306.59504132232,20232.51652892562,0.1636307669928139,0.5950413223140496,,
Y4,wf2023,2023,band,0.2,year,242,869.3884297520661,0.0009586015403593,0.0008815252017874,0.083580217787066,0.1668662465558818,0.1894495906493636,0.1894250242106803,202306.59504132232,20232.51652892562,0.2221443508504385,0.6611570247933884,,
Y4,wf2023,2023,band,0.3,year,242,1304.2768595041323,0.0008974005989668,0.0008203242603949,0.0769249898657681,0.2303962805717922,0.1810537274883998,0.2715810470687902,202306.59504132232,20232.51652892562,0.2067217136195184,0.6611570247933884,,
Y4,wf2023,2023,band,0.05,month,16,211.25,0.0047712231253219,0.0006222577574469,0.1011207363279072,0.0504058292005356,0.2117840271187641,0.0528156423297677,,20231.0,0.1568089548766331,0.625,202301.0,
Y4,wf2023,2023,band,0.05,month,20,211.8,0.0028632749248429,0.0017005306003846,0.1038516055647126,0.0517996188861119,0.222134809812705,0.055374265515615,,20231.0,0.4285337112969346,0.9,202302.0,
Y4,wf2023,2023,band,0.05,month,23,212.0434782608696,0.0004976632577211,0.0012353434315031,0.1076347239727609,0.0536331483555911,0.2210205436228702,0.0550931094403386,,20231.0,0.311306544738792,0.6086956521739131,202303.0,
Y4,wf2023,2023,band,0.05,month,19,211.1578947368421,2.3229119621930712e-05,0.0017748653254948,0.1153365651939403,0.0574809259627204,0.2357062527479016,0.0587840687968327,,20232.0,0.4472660620247024,0.6842105263157895,202304.0,
Y4,wf2023,2023,band,0.05,month,20,209.8,3.839351126667574e-05,0.0005468991684331,0.0993469052671821,0.0494956600832475,0.1963079170483243,0.0489459697722528,,20232.0,0.1378185904451415,0.55,202305.0,
Y4,wf2023,2023,band,0.05,month,20,213.15,0.0016179367263131,0.0003165503745363,0.0978733891590992,0.0487959110242131,0.2034023455036813,0.0507261752672959,,20232.0,0.0797706943831514,0.45,202306.0,
Y4,wf2023,2023,band,0.05,month,21,220.7142857142857,0.0009763738907153,0.0006419960611357,0.1052496213656568,0.0524670986643271,0.1990968495803306,0.0496721560146782,,20233.0,0.1617830074062114,0.6190476190476191,202307.0,
Y4,wf2023,2023,band,0.05,month,23,221.8695652173913,0.0005819028696099,0.0022520387602469,0.1281922607097793,0.0638919362891831,0.2434522924636809,0.0607132024609718,,20233.0,0.5675137675822377,0.7391304347826086,202308.0,
Y4,wf2023,2023,band,0.05,month,20,222.45,-0.0005449526708442,-0.0001288988893931,0.0930404294885962,0.046317708781367,0.1890350920488087,0.0472594686975014,,20233.0,-0.0324825201270706,0.5,202309.0,
Y4,wf2023,2023,band,0.05,month,17,222.05882352941177,0.0005388551796526,0.0008408686565683,0.0974725416204461,0.048543159683126,0.1986321206998662,0.0496476042520903,,20234.0,0.211898901455218,0.5882352941176471,202310.0,
Y4,wf2023,2023,band,0.05,month,22,222.6818181818182,0.0016380075910914,8.543369520207202e-05,0.0759431429274478,0.0378461628614192,0.1755373200860869,0.0439762133691918,,20234.0,0.0215292911909221,0.5,202311.0,
Y4,wf2023,2023,band,0.05,month,21,223.1904761904762,-0.0008260125167505,0.0004076003562924,0.0834071493704741,0.0415622517719722,0.1840986909853021,0.045957369541322,,20234.0,0.1027152897857031,0.4285714285714285,202312.0,
Y4,wf2023,2023,band,0.1,month,16,422.8125,0.0045137608773667,0.0003647955094917,0.0805297759811695,0.0803398335928467,0.1867949834936781,0.0932384938058346,,20231.0,0.0919284683919133,0.5625,202301.0,
Y4,wf2023,2023,band,0.1,month,20,424.1,0.00346019826705,0.0022974539425917,0.0882905579350956,0.0881804887795217,0.2079652076210583,0.1038070906894894,,20231.0,0.578958393533116,0.85,202302.0,
Y4,wf2023,2023,band,0.1,month,23,424.6521739130435,0.0006405275887986,0.0013782077625806,0.0918111650556968,0.0916328303636919,0.2050325989189723,0.1023600473437986,,20231.0,0.3473083561703224,0.6956521739130435,202303.0,
Y4,wf2023,2023,band,0.1,month,19,422.7894736842105,0.0006019308253691,0.002353567031242,0.1068628742927702,0.106623952499319,0.2285818924962747,0.1141370663253781,,20232.0,0.5930988918730065,0.6842105263157895,202304.0,
Y4,wf2023,2023,band,0.1,month,20,420.2,-0.0001854231439854,0.0003230825131809,0.0799250062496721,0.0797564401190578,0.1717589472549763,0.085775880674795,,20232.0,0.0814167933216042,0.6,202305.0,
Y4,wf2023,2023,band,0.1,month,20,426.8,0.0011029064013551,-0.0001984799504216,0.0871628429017034,0.0869985059602216,0.1860576889060241,0.0928997421535825,,20232.0,-0.0500169475062478,0.45,202306.0,
Y4,wf2023,2023,band,0.1,month,21,441.8571428571428,0.0004793377114388,0.0001449598818593,0.1152019633326954,0.1149539970411165,0.2121043924968196,0.1059304634436167,,20233.0,0.0365298902285475,0.5238095238095238,202307.0,
Y4,wf2023,2023,band,0.1,month,23,444.1739130434783,-0.0001127044249218,0.0015574314657151,0.133921920317556,0.1336474549656607,0.2457258777913546,0.1226894658920864,,20233.0,0.3924727293602233,0.7391304347826086,202308.0,
Y4,wf2023,2023,band,0.1,month,20,445.3,-0.0009401069654699,-0.0005240531840188,0.1109242968859724,0.1105020883056883,0.2070405294675009,0.1036245502342238,,20233.0,-0.13206140237274,0.45,202309.0,
Y4,wf2023,2023,band,0.1,month,17,444.7058823529412,-0.0007264118029826,-0.0004243983260669,0.1088630933255982,0.1085467052477047,0.2055522819447795,0.1028234532538944,,20234.0,-0.1069483781688699,0.4117647058823529,202310.0,
Y4,wf2023,2023,band,0.1,month,22,445.8181818181818,0.001649821881848,9.724798595861353e-05,0.0998043138344035,0.0995809728323174,0.200523633804301,0.1006424611974912,,20234.0,0.0245064924615706,0.5909090909090909,202311.0,
Y4,wf2023,2023,band,0.1,month,21,446.95238095238096,-0.0010843571350228,0.0001492557380201,0.1074858682788518,0.1072655990121327,0.2115673265056246,0.1057258632095811,,20234.0,0.0376124459810843,0.5238095238095238,202312.0,
Y4,wf2023,2023,band,0.2,month,16,846.1875,0.0048712329624899,0.0007222675946149,0.0722179752657537,0.1441868228026882,0.1742151687231258,0.1740344607214057,,20231.0,0.18201143384297,0.6875,202301.0,
Y4,wf2023,2023,band,0.2,month,20,848.7,0.0031336914017942,0.0019709470773359,0.0752203127726628,0.1503415596458867,0.1858628044431975,0.1856642438297768,,20231.0,0.496678663488662,0.8,202302.0,
Y4,wf2023,2023,band,0.2,month,23,849.7391304347826,0.0005361928439519,0.001273873017734,0.0788168144379964,0.1574022565181488,0.1878882512325026,0.1876996206673961,,20231.0,0.3210160004689696,0.6956521739130435,202303.0,
Y4,wf2023,2023,band,0.2,month,19,846.0,0.0002188607183884,0.0019704969242613,0.0939544807338673,0.1875727672480076,0.2074773788886642,0.2072919494176794,,20232.0,0.4965652249138637,0.7368421052631579,202304.0,
Y4,wf2023,2023,band,0.2,month,20,840.6,-0.000212994314635,0.0002955113425313,0.066593858568004,0.132938795496708,0.1639956433478873,0.1638371094711877,,20232.0,0.0744688583179026,0.6,202305.0,
Y4,wf2023,2023,band,0.2,month,20,853.95,0.0011789239663505,-0.0001224623854262,0.0715782841613349,0.1429561256636942,0.1670850784831903,0.1669220699761255,,20232.0,-0.0308605211274146,0.6,202306.0,
Y4,wf2023,2023,band,0.2,month,21,884.2380952380952,0.0016147211304979,0.0012803433009183,0.091009114810887,0.1817348279861833,0.1995952248982212,0.1994876590070032,,20233.0,0.3226465118314308,0.8571428571428571,202307.0,
Y4,wf2023,2023,band,0.2,month,23,888.7391304347826,-0.0001044633028201,0.0015656725878168,0.1043099526868692,0.2082896038861605,0.2180664593722898,0.2178597192717433,,20233.0,0.3945494921298568,0.7391304347826086,202308.0,
Y4,wf2023,2023,band,0.2,month,20,891.1,-0.0006138127133683,-0.0001977589319172,0.0843865457846735,0.1681660925956768,0.1811913459898836,0.1815571634741881,,20233.0,-0.049835250843145,0.45,202309.0,
Y4,wf2023,2023,band,0.2,month,17,889.8823529411765,-0.0002694394694994,3.257400741619508e-05,0.0923258750056485,0.1842043802897599,0.1949630640503043,0.1951614526680676,,20234.0,0.0082086498688811,0.4705882352941176,202310.0,
Y4,wf2023,2023,band,0.2,month,22,892.1363636363636,0.0020184047884898,0.0004658308926003,0.0774303201991226,0.1545973113078523,0.1792554029739382,0.1799743436558021,,20234.0,0.1173893849352952,0.5454545454545454,202311.0,
Y4,wf2023,2023,band,0.2,month,21,894.4285714285714,-0.0001664777446124,0.0010671351284305,0.0920998079125558,0.1839404269153,0.208006741540643,0.2078028476165999,,20234.0,0.2689180523645028,0.7142857142857143,202312.0,
Y4,wf2023,2023,band,0.3,month,16,1269.375,0.0048915016309256,0.0007425362630505,0.0690210380227097,0.2067179176577026,0.1703389988280156,0.2552609530698396,,20231.0,0.187119138288748,0.625,202301.0,
Y4,wf2023,2023,band,0.3,month,20,1273.2,0.002835303778033,0.0016725594535747,0.0723680189114729,0.21696652367355,0.1788660471599785,0.2680452784899202,,20231.0,0.4214849823008248,0.9,202302.0,
Y4,wf2023,2023,band,0.3,month,23,1274.8695652173913,0.000195021724292,0.000932701898074,0.0735020220704392,0.2202277390293417,0.1782572471934166,0.2671747943187023,,20231.0,0.2350408783146632,0.6086956521739131,202303.0,
Y4,wf2023,2023,band,0.3,month,19,1269.0526315789473,-0.0001554702573497,0.0015961659485232,0.0862288996218625,0.2582363418679264,0.1960892802700342,0.2938839508156298,,20232.0,0.4022338190278465,0.6842105263157895,202304.0,
Y4,wf2023,2023,band,0.3,month,20,1261.15,-0.0001603882729916,0.0003481173841747,0.06528044910927,0.1955057682638386,0.1616701867204434,0.2423142485922555,,20232.0,0.0877255808120476,0.55,202305.0,
Y4,wf2023,2023,band,0.3,month,20,1281.05,0.0013008486818885,-5.376698882275481e-07,0.0674104148552496,0.2019718098130145,0.1643316786412371,0.2462825222970609,,20232.0,-0.0001354928118333,0.6,202306.0,
Y4,wf2023,2023,band,0.3,month,21,1326.6190476190477,0.0016306615624016,0.0012962837328221,0.081049711026976,0.2428247787104123,0.1877383214623212,0.2815236456203556,,20233.0,0.3266635006711692,0.9047619047619048,202307.0,
Y4,wf2023,2023,band,0.3,month,23,1333.3478260869565,-0.0003881518299348,0.0012819840607021,0.0909202448780359,0.2723783180204664,0.2016076959720775,0.3021682556785433,,20233.0,0.3230599832969386,0.7391304347826086,202308.0,
Y4,wf2023,2023,band,0.3,month,20,1336.95,-0.0004428549285696,-2.680114711852376e-05,0.0756961123278604,0.2262498810284191,0.1740308859054584,0.2615332680578354,,20233.0,-0.0067538890738679,0.55,202309.0,
Y4,wf2023,2023,band,0.3,month,17,1334.9411764705883,-0.0001306813585532,0.0001713321183624,0.0853720483632518,0.2555001491304601,0.1870558551240942,0.2808743227159381,,20234.0,0.043175693827337,0.5294117647058824,202310.0,
Y4,wf2023,2023,band,0.3,month,22,1338.5,0.0022219019983721,0.0006693281024826,0.0716721985684015,0.2147046832409424,0.1739027088894154,0.2620861368568775,,20234.0,0.1686706818256394,0.6363636363636364,202311.0,
Y4,wf2023,2023,band,0.3,month,21,1341.7619047619048,-0.0002504520319921,0.0009831608410507,0.0831520323904066,0.2491322777714584,0.1952713429085546,0.2925472153478585,,20234.0,0.2477565319447992,0.5714285714285714,202312.0,
Y4,wf2023,2023,band,0.05,quarter,59,211.7457627118644,0.0024584970072813,0.0012267734754477,0.1045858058290554,0.052136407747617,0.2188934429403447,0.0545707983850232,202302.11864406776,,0.3091469158128311,0.711864406779661,,20231.0
Y4,wf2023,2023,band,0.05,quarter,59,211.3728813559322,0.0005689484410917,0.0008642615600642,0.1039966208001778,0.0518299833125576,0.2114004076822075,0.0527176306428948,202305.01694915252,,0.2177939131361899,0.559322033898305,,20232.0
Y4,wf2023,2023,band,0.05,quarter,64,221.671875,0.0003591963170182,0.0009797004840885,0.1096792599183694,0.0546512153473347,0.211892787637934,0.0528860672946972,202307.984375,,0.2468845219903202,0.625,,20233.0
Y4,wf2023,2023,band,0.05,quarter,60,222.6833333333333,0.0004641740367724,0.0004122319323041,0.0846555414788565,0.042177609746263,0.185077326741383,0.0462765121129253,202311.06666666668,,0.103882446940646,0.5,,20234.0
Y4,wf2023,2023,band,0.1,quarter,59,423.96610169491527,0.0026467165071396,0.001414992975306,0.0875583791640958,0.0874000374820491,0.2010809095501081,0.1003769288744154,202302.11864406776,,0.3565782297771245,0.711864406779661,,20231.0
Y4,wf2023,2023,band,0.1,quarter,59,423.271186440678,0.0005048534038882,0.0008001665228607,0.0910534168574601,0.0908636274419093,0.1949048928923598,0.0973240121483006,202305.01694915252,,0.2016419637609195,0.576271186440678,,20232.0
Y4,wf2023,2023,band,0.1,quarter,64,443.765625,-0.0001770038928497,0.0004435002742205,0.1205926771095287,0.1202807370029283,0.2226046565778811,0.1112326320706002,202307.984375,,0.1117620691035911,0.578125,,20233.0
Y4,wf2023,2023,band,0.1,quarter,60,445.9,1.959301524122618e-05,-3.234908922708108e-05,0.1050595120791322,0.1048108828462792,0.2058137098895665,0.1030395996510369,202311.06666666668,,-0.0081519704852244,0.5166666666666667,,20234.0
Y4,wf2023,2023,band,0.2,quarter,59,848.4237288135594,0.0025923049296037,0.0013605813977701,0.0758081456233768,0.1514249535199689,0.1834937045217207,0.1833038563303074,202302.11864406776,,0.3428665122380857,0.7288135593220338,,20231.0
Y4,wf2023,2023,band,0.2,quarter,59,846.8644067796611,0.000397914350571,0.0006932274695435,0.0770945421784789,0.1539284915410201,0.1790455022967148,0.1788767903030877,202305.01694915252,,0.174693322324969,0.6440677966101694,,20232.0
Y4,wf2023,2023,band,0.2,quarter,64,888.0,0.000300472398566,0.0009209765656363,0.0937195506018764,0.1870377207657043,0.2004821126284841,0.2004868383106394,202307.984375,,0.2320860945403727,0.6875,,20233.0
Y4,wf2023,2023,band,0.2,quarter,60,892.3,0.0006054733621403,0.000553531257672,0.0867850480940066,0.1732560713153328,0.1937688754439219,0.1940173342622232,202311.06666666668,,0.1394898769333672,0.5833333333333334,,20234.0
Y4,wf2023,2023,band,0.3,quarter,59,1272.8135593220338,0.0023636542595624,0.0011319307277289,0.0719024321053037,0.2154585619265949,0.1763162984728204,0.2642390014956948,202302.11864406776,,0.2852465433876901,0.711864406779661,,20231.0
Y4,wf2023,2023,band,0.3,quarter,59,1270.4406779661017,0.0003365300557337,0.0006318431747063,0.072748582578064,0.2178990179157231,0.1736565022434621,0.2602666183607338,202305.01694915252,,0.1592244800259893,0.6101694915254238,,20232.0
Y4,wf2023,2023,band,0.3,quarter,64,1332.265625,0.0002571765961021,0.0008776807631725,0.0829239345362271,0.24826592637434,0.1884390543152453,0.2826958093717292,202307.984375,,0.221175552319481,0.734375,,20233.0
Y4,wf2023,2023,band,0.3,quarter,60,1338.6333333333334,0.0006900128032824,0.0006380706988141,0.0795717645146442,0.2383130566619863,0.1851084555626065,0.2780708336554547,202311.06666666668,,0.1607938161011597,0.5833333333333334,,20234.0
Market,wf2023,2023,raw,0.05,year,242,216.9917355371901,0.0008622433201884,0.0007851669816165,0.1395022335089747,0.06950972704778,0.2453578493559736,0.0612319333026426,202306.59504132232,20232.51652892562,0.1978620793673759,0.5371900826446281,,
Market,wf2023,2023,raw,0.1,year,242,434.4710743801653,0.0008579688105191,0.0007808924719472,0.123915494164706,0.1236246364122715,0.2312291049278169,0.1155354690091408,202306.59504132232,20232.51652892562,0.196784902930718,0.5702479338842975,,
Market,wf2023,2023,raw,0.2,year,242,869.3884297520661,0.0008199103831859,0.000742834044614,0.1083754804708976,0.2163626641015591,0.2147427592228021,0.2147134905449795,202306.59504132232,20232.51652892562,0.187194179242731,0.6157024793388429,,
Market,wf2023,2023,raw,0.3,year,242,1304.2768595041323,0.000770122788049,0.0006930464494771,0.0999348171373304,0.2993175865308122,0.2058562543391572,0.308795172706542,202306.59504132232,20232.51652892562,0.1746477052682402,0.6363636363636364,,
Market,wf2023,2023,raw,0.05,month,16,211.25,0.003034480799122,-0.0011144845687529,0.1194528973966939,0.0595467060520509,0.2259887888143203,0.0563597187369602,,20231.0,-0.2808501113257413,0.5,202301.0,
Market,wf2023,2023,raw,0.05,month,20,211.8,0.0042604763722942,0.0030977320478359,0.1602703461821331,0.0799051982919349,0.2728864033406076,0.0680281522815073,,20231.0,0.7806284760546576,0.75,202302.0,
Market,wf2023,2023,raw,0.05,month,23,212.0434782608696,0.0012543378426057,0.0019920180163877,0.150893446894003,0.0751938871568905,0.2747416027852762,0.0684842897970534,,20231.0,0.5019885401297132,0.5652173913043478,202303.0,
Market,wf2023,2023,raw,0.05,month,19,211.1578947368421,0.0006859326169096,0.0024375688227825,0.1704630971582243,0.0849463461798288,0.2867998107140989,0.0715232409925767,,20232.0,0.6142673433412074,0.631578947368421,202304.0,
Market,wf2023,2023,raw,0.05,month,20,209.8,-0.0008546598654758,-0.0003461542083093,0.1197958486868804,0.059691394183262,0.2173096869284106,0.0541860554693749,,20232.0,-0.0872308604939681,0.5,202305.0,
Market,wf2023,2023,raw,0.05,month,20,213.15,0.0024469931609416,0.0011456068091648,0.1335236059448313,0.0665600106901399,0.2392495423852785,0.0596549078824426,,20232.0,0.2886929159095315,0.6,202306.0,
Market,wf2023,2023,raw,0.05,month,21,220.7142857142857,0.0005895031771953,0.0002551253476157,0.1247001973835172,0.0621578608188383,0.2360439746821696,0.0588849514603173,,20233.0,0.0642915875991662,0.4761904761904761,202307.0,
Market,wf2023,2023,raw,0.05,month,23,221.8695652173913,-0.0016144790380613,5.5656852575651134e-05,0.1376198088342411,0.0686117224024413,0.2303201220316126,0.0574518423132539,,20233.0,0.014025526849064,0.4782608695652174,202308.0,
Market,wf2023,2023,raw,0.05,month,20,222.45,-0.0017567823602472,-0.0013407285787961,0.1025009446270327,0.0509593505628154,0.1955393632985297,0.0488529904704598,,20233.0,-0.3378636018566179,0.3,202309.0,
Market,wf2023,2023,raw,0.05,month,17,222.05882352941177,0.0005483797630782,0.0008503932399939,0.1678317953862199,0.0835008716716889,0.2597578367590936,0.0648743666562846,,20234.0,0.2142990964784694,0.5882352941176471,202310.0,
Market,wf2023,2023,raw,0.05,month,22,222.6818181818182,0.0021761257599379,0.0006235518640484,0.1241247617368693,0.0618627304316796,0.22823539590636,0.0572977557664644,,20234.0,0.1571350697402184,0.4545454545454545,202311.0,
Market,wf2023,2023,raw,0.05,month,21,223.1904761904762,0.0001840182338823,0.0014176311069252,0.164251718543839,0.0818556196082972,0.2762608345968371,0.0688789894900344,,20234.0,0.3572430389451743,0.6190476190476191,202312.0,
Market,wf2023,2023,raw,0.1,month,16,422.8125,0.0037788466470504,-0.0003701187208246,0.110085908509623,0.1098262439646903,0.2195939968367093,0.1096103767709805,,20231.0,-0.0932699176478048,0.5,202301.0,
Market,wf2023,2023,raw,0.1,month,20,424.1,0.0036050296751484,0.0024422853506901,0.1396754543749418,0.1394537486716234,0.2566318265166708,0.128102743795391,,20231.0,0.6154559083739141,0.75,202302.0,
Market,wf2023,2023,raw,0.1,month,23,424.6521739130435,0.0009995285180665,0.0017372086918485,0.1295974775267673,0.1293395005130401,0.2561369979229799,0.1278649042730552,,20231.0,0.4377765903458343,0.5652173913043478,202303.0,
Market,wf2023,2023,raw,0.1,month,19,422.7894736842105,0.0003110579940027,0.0020626941998756,0.1505174309332007,0.1501831560375513,0.2676810790867858,0.1336621339202747,,20232.0,0.5197989383686686,0.631578947368421,202304.0,
Market,wf2023,2023,raw,0.1,month,20,420.2,-0.0003826924308851,0.0001258132262812,0.109281219320005,0.1090523246484664,0.2063673858642125,0.1030600339493445,,20232.0,0.0317049330228859,0.6,202305.0,
Market,wf2023,2023,raw,0.1,month,20,426.8,0.0022000182611762,0.0008986319093994,0.1187638371584278,0.1185410143247027,0.2233691986386241,0.1115265906647443,,20232.0,0.2264552411686606,0.6,202306.0,
Market,wf2023,2023,raw,0.1,month,21,441.8571428571428,0.0007546576154761,0.0004202797858965,0.1146748217357996,0.1144299647803022,0.2193284280921787,0.1095416268472744,,20233.0,0.1059105060459408,0.6666666666666666,202307.0,
Market,wf2023,2023,raw,0.1,month,23,444.1739130434783,-0.0017073299117199,-3.71940210829619e-05,0.1176053371914948,0.1173747007558981,0.2155213522728979,0.1076199072237823,,20233.0,-0.0093728933129063,0.4782608695652174,202308.0,
Market,wf2023,2023,raw,0.1,month,20,445.3,-0.0016590338831529,-0.0012429801017018,0.0919500685731993,0.0915243164934988,0.1827642164141454,0.0914291796695275,,20233.0,-0.3132309856288729,0.25,202309.0,
Market,wf2023,2023,raw,0.1,month,17,444.7058823529412,0.000957040862994,0.0012590543399097,0.1554824950605151,0.1548953418197511,0.2513847535410732,0.1256996302395887,,20234.0,0.3172816936572469,0.5882352941176471,202310.0,
Market,wf2023,2023,raw,0.1,month,22,445.8181818181818,0.0022632065127458,0.0007106326168564,0.1066554623353882,0.1064167432019539,0.2152345139265095,0.1080657225696956,,20234.0,0.1790794194478155,0.5454545454545454,202311.0,
Market,wf2023,2023,raw,0.1,month,21,446.95238095238096,1.722645898932534e-05,0.0012508393320323,0.147117794907784,0.1468185242811756,0.2625051062285692,0.1310953108087943,,20234.0,0.3152115116721408,0.6666666666666666,202312.0,
Market,wf2023,2023,raw,0.2,month,16,846.1875,0.0041297173703235,-1.9247997551526043e-05,0.0972575176968017,0.1941793625954088,0.2032130477274861,0.2030036202233641,,20231.0,-0.0048504953829845,0.4375,202301.0,
Market,wf2023,2023,raw,0.2,month,20,848.7,0.0031071604104147,0.0019444160859564,0.1222195445723577,0.2442281181808393,0.2365021021214721,0.2362530511118026,,20231.0,0.4899928536610171,0.75,202302.0,
Market,wf2023,2023,raw,0.2,month,23,849.7391304347826,0.0007702953894964,0.0015079755632785,0.1140812446441109,0.2278251461240196,0.2333411029128676,0.2331014594534639,,20231.0,0.3800098419461837,0.6521739130434783,202303.0,
Market,wf2023,2023,raw,0.2,month,19,846.0,-0.0002489671749256,0.0015026690309472,0.1313553076004776,0.2622513376910353,0.2436220993397383,0.2434159582488214,,20232.0,0.3786725957987005,0.7368421052631579,202304.0,
Market,wf2023,2023,raw,0.2,month,20,840.6,-0.0004016520586831,0.0001068535984833,0.0945280064915573,0.1887099967509851,0.1934352255113732,0.1932492971423263,,20232.0,0.0269271068177958,0.6,202305.0,
Market,wf2023,2023,raw,0.2,month,20,853.95,0.0020986903757247,0.0007973040239479,0.1015935743451965,0.2028917129761593,0.2059582889824794,0.2057575200486584,,20232.0,0.2009206140348896,0.65,202306.0,
Market,wf2023,2023,raw,0.2,month,21,884.2380952380952,0.0010409533614676,0.000706575531888,0.1021051051832922,0.2039025638301501,0.2042615803770029,0.2041700462596617,,20233.0,0.1780570340357873,0.6666666666666666,202307.0,
Market,wf2023,2023,raw,0.2,month,23,888.7391304347826,-0.0013068346523429,0.000363301238294,0.1038943121100014,0.2074666783948286,0.2079389310630434,0.2077438232756819,,20233.0,0.0915519120500998,0.4782608695652174,202308.0,
Market,wf2023,2023,raw,0.2,month,20,891.1,-0.0013913317123396,-0.0009752779308885,0.083258805073953,0.1658779163952677,0.1724053062612623,0.1726471223998589,,20233.0,-0.2457700385839076,0.4,202309.0,
Market,wf2023,2023,raw,0.2,month,17,889.8823529411765,0.0007211210851466,0.0010231345620623,0.1307668509964257,0.2607185445243255,0.2327555400029902,0.2329004288827529,,20234.0,0.2578299096397123,0.5882352941176471,202310.0,
Market,wf2023,2023,raw,0.2,month,22,892.1363636363636,0.0023108522347359,0.0007582783388464,0.0959946122589693,0.1916626371575561,0.2036031204739728,0.2045736546163729,,20234.0,0.1910861413893145,0.6363636363636364,202311.0,
Market,wf2023,2023,raw,0.2,month,21,894.4285714285714,-0.0001810263966651,0.0010525864763778,0.1262111231384639,0.2520716919099824,0.240307324926205,0.2401249333685918,,20234.0,0.2652517920472081,0.7619047619047619,202312.0,
Market,wf2023,2023,raw,0.3,month,16,1269.375,0.0044043500034459,0.0002553846355709,0.0913828725746244,0.2736961479103408,0.1958786655554819,0.2935366385618354,,20231.0,0.064356928163883,0.5,202301.0,
Market,wf2023,2023,raw,0.3,month,20,1273.2,0.0029511566107593,0.001788412286301,0.1129245015815779,0.3385653123802654,0.2265306823110054,0.3394770774981485,,20231.0,0.4506798961478727,0.85,202302.0,
Market,wf2023,2023,raw,0.3,month,23,1274.8695652173913,0.0004740315437239,0.0012117117175059,0.1049542711250318,0.314467804262758,0.2190244480263776,0.3282789813687831,,20231.0,0.3053513528114949,0.6956521739130435,202303.0,
Market,wf2023,2023,raw,0.3,month,19,1269.0526315789473,-0.0006904970236643,0.0010611391822085,0.1176404201045773,0.3523121920140591,0.2273027600371182,0.340674203601912,,20232.0,0.2674070739165618,0.5789473684210527,202304.0,
Market,wf2023,2023,raw,0.3,month,20,1261.15,-0.0003324363190097,0.0001760693381566,0.0893591663907674,0.2676337020378588,0.1890620694162001,0.2833722650117637,,20232.0,0.0443694732154882,0.6,202305.0,
Market,wf2023,2023,raw,0.3,month,20,1281.05,0.0020555955149423,0.0007542091631655,0.0939756714029982,0.2815465719540748,0.1980105355730416,0.2967585644423146,,20232.0,0.1900607091177212,0.7,202306.0,
Market,wf2023,2023,raw,0.3,month,21,1326.6190476190477,0.0010942591878043,0.0007598813582247,0.0937900934479284,0.281002689174725,0.1949039030601333,0.2922905956252341,,20233.0,0.1914901022726329,0.7619047619047619,202307.0,
Market,wf2023,2023,raw,0.3,month,23,1333.3478260869565,-0.001299597978114,0.0003705379125229,0.0975593588302259,0.2922733246911742,0.2019405495817479,0.3026716995457029,,20233.0,0.0933755539557762,0.4782608695652174,202308.0,
Market,wf2023,2023,raw,0.3,month,20,1336.95,-0.0010882395223288,-0.0006721857408776,0.0795760060550322,0.2378820315606788,0.1723554009663314,0.2589547172359107,,20233.0,-0.1693908067011792,0.4,202309.0,
Market,wf2023,2023,raw,0.3,month,17,1334.9411764705883,0.0005374829508725,0.0008394964277882,0.1185812054260284,0.3546970640656378,0.2236295219888787,0.335676926161937,,20234.0,0.2115530998026311,0.5882352941176471,202310.0,
Market,wf2023,2023,raw,0.3,month,22,1338.5,0.0022495464392266,0.0006969725433372,0.0886313800192337,0.2655119019342213,0.1951591610831544,0.2942295914991317,,20234.0,0.1756370809209773,0.6363636363636364,202311.0,
Market,wf2023,2023,raw,0.3,month,21,1341.7619047619048,-0.0002533625888403,0.0009802502842026,0.1131927900667823,0.3391437712708591,0.2273737318219759,0.3408693475665625,,20234.0,0.2470230716190725,0.8095238095238095,202312.0,
Market,wf2023,2023,raw,0.05,quarter,59,211.7457627118644,0.0027561184849452,0.0015243949531116,0.1455458061110481,0.0725476384284745,0.2608916195237734,0.0650416476398939,202302.11864406776,,0.3841475281841474,0.6101694915254238,,20231.0
Market,wf2023,2023,raw,0.05,quarter,59,211.3728813559322,0.000760667553061,0.0010559806720335,0.1407658972650932,0.0701526894048269,0.2471251015227401,0.0616230651846662,202305.01694915252,,0.2661071293524442,0.576271186440678,,20232.0
Market,wf2023,2023,raw,0.05,quarter,64,221.671875,-0.0009357671618633,-0.0003152629947929,0.1224059162622197,0.0609776828704385,0.2213292740784882,0.0552349400512609,202307.984375,,-0.0794462746878342,0.421875,,20233.0
Market,wf2023,2023,raw,0.05,quarter,60,222.6833333333333,0.0010176934267082,0.0009657513222399,0.1505528561532914,0.0749910483281651,0.2539756576896348,0.0634978939884963,202311.06666666668,,0.2433693332044574,0.55,,20234.0
Market,wf2023,2023,raw,0.1,quarter,59,423.96610169491527,0.0026364626401916,0.001404739108358,0.1277224679113297,0.1274763286214819,0.246394770033039,0.122995147500403,202302.11864406776,,0.3539942553062303,0.6101694915254238,,20231.0
Market,wf2023,2023,raw,0.1,quarter,59,423.271186440678,0.0007162138727436,0.0010115269917161,0.1257751240220249,0.1255143515962179,0.2318757998763672,0.1157849667248643,202305.01694915252,,0.2549048019124684,0.6101694915254238,,20232.0
Market,wf2023,2023,raw,0.1,quarter,64,443.765625,-0.0008843977454315,-0.0002638935783612,0.1086264903643775,0.1083302141819059,0.2065339440702392,0.103190869114536,202307.984375,,-0.0665011817470242,0.46875,,20233.0
Market,wf2023,2023,raw,0.1,quarter,60,445.9,0.0011070332265013,0.001055091122033,0.1346516046745127,0.1342929695213907,0.2420217891230235,0.1211223522931832,202311.06666666668,,0.265882962752335,0.6,,20234.0
Market,wf2023,2023,raw,0.2,quarter,59,848.4237288135594,0.0024734827134218,0.0012417591815882,0.1122776237527209,0.2242611953558606,0.2262423080180538,0.2260076697159245,202302.11864406776,,0.3129233137602511,0.6271186440677966,,20231.0
Market,wf2023,2023,raw,0.2,quarter,59,846.8644067796611,0.0004950913562244,0.000790404475197,0.1087827535787144,0.2172001628927552,0.213842206395459,0.2136447381448694,202305.01694915252,,0.1991819277496444,0.6610169491525424,,20232.0
Market,wf2023,2023,raw,0.2,quarter,64,888.0,-0.0005628720415603,5.763212551002462e-05,0.0968586326384098,0.1933007151784307,0.1956280426186298,0.1956034586686056,202307.984375,,0.0145232956285262,0.515625,,20233.0
Market,wf2023,2023,raw,0.2,quarter,60,892.3,0.0009882708880285,0.0009363287835602,0.1164225253757384,0.23237164674149,0.2247094442321423,0.2250425215551238,202311.06666666668,,0.23595485345719,0.6666666666666666,,20234.0
Market,wf2023,2023,raw,0.3,quarter,59,1272.8135593220338,0.0023795840301012,0.0011478604982676,0.1039756648932421,0.3115797307154948,0.2152921118595679,0.3226532938717686,202302.11864406776,,0.289260845563457,0.6949152542372882,,20231.0
Market,wf2023,2023,raw,0.3,quarter,59,1270.4406779661017,0.0003617583130344,0.0006570714320069,0.1000316057264793,0.2996192733577254,0.2044102464489845,0.3063631602969134,202305.01694915252,,0.1655820008657434,0.6271186440677966,,20232.0
Market,wf2023,2023,raw,0.3,quarter,64,1332.265625,-0.0004480640781142,0.0001724400889561,0.0907027708844115,0.2715778683090595,0.1903862909995254,0.285603842849989,202307.984375,,0.0434549024169462,0.546875,,20233.0
Market,wf2023,2023,raw,0.3,quarter,60,1338.6333333333334,0.0008884436243695,0.0008365015199012,0.1057136574011342,0.3165521854726124,0.2145008630983638,0.3222969176105273,202311.06666666668,,0.2107983830151125,0.6833333333333333,,20234.0
Market,wf2023,2023,band,0.05,year,242,216.9917355371901,0.0005480567933996,0.0004709804548277,0.1154608175421981,0.0575403960335697,0.2233255641490088,0.0557270907609709,202306.59504132232,20232.51652892562,0.1186870746165954,0.5619834710743802,,
Market,wf2023,2023,band,0.1,year,242,434.4710743801653,0.000113937871042,3.686153247019221e-05,0.120579360239808,0.120309660289701,0.22379209255171,0.1118192008533444,202306.59504132232,20232.51652892562,0.0092891061824884,0.5,,
Market,wf2023,2023,band,0.2,year,242,869.3884297520661,0.0004747206461555,0.0003976443075836,0.1200974103854727,0.2397697500687098,0.2250358028250088,0.2249946675806899,202306.59504132232,20232.51652892562,0.1002063655110694,0.5578512396694215,,
Market,wf2023,2023,band,0.3,year,242,1304.2768595041323,0.0005814049222353,0.0005043285836635,0.1095194879832204,0.3280259302142262,0.2146460429174793,0.3219679310267404,202306.59504132232,20232.51652892562,0.1270908030832029,0.5991735537190083,,
Market,wf2023,2023,band,0.05,month,16,211.25,0.0059430370563651,0.00179407168849,0.1369686434860033,0.0682671046152157,0.2585917694791795,0.0644855397995027,,20231.0,0.4521060654995024,0.8125,202301.0,
Market,wf2023,2023,band,0.05,month,20,211.8,0.0025463066443508,0.0013835623198925,0.1404866328736375,0.0700772191487261,0.260675611839687,0.0649825533299827,,20231.0,0.3486577046129173,0.7,202302.0,
Market,wf2023,2023,band,0.05,month,23,212.0434782608696,-0.0004066108593937,0.0003310693143882,0.120345277566697,0.0599744433397924,0.2284065786948766,0.0569379082221382,,20231.0,0.0834294672258496,0.4782608695652174,202303.0,
Market,wf2023,2023,band,0.05,month,19,211.1578947368421,-0.0015851906342322,0.0001664455716407,0.1297484813424976,0.0646614768588064,0.2423673749531111,0.0604456304926393,,20232.0,0.041944284053459,0.5789473684210527,202304.0,
Market,wf2023,2023,band,0.05,month,20,209.8,-6.4829704081267e-05,0.0004436759530851,0.1145153200199772,0.0570577943171591,0.2219088816870941,0.055330445956204,,20232.0,0.1118063401774598,0.7,202305.0,
Market,wf2023,2023,band,0.05,month,20,213.15,0.0022665139670535,0.0009651276152767,0.1126637319950928,0.0561622453500291,0.2169611731739418,0.0541029866904205,,20232.0,0.2432121590497473,0.75,202306.0,
Market,wf2023,2023,band,0.05,month,21,220.7142857142857,-0.0009010891417518,-0.0012354669713314,0.0860804053793578,0.0429079979712478,0.1792706249595854,0.0447241617523737,,20233.0,-0.3113376767755279,0.2857142857142857,202307.0,
Market,wf2023,2023,band,0.05,month,23,221.8695652173913,-0.0013098587847209,0.000360277105916,0.117005922905479,0.0583408198004295,0.2236389897360387,0.0557823617912629,,20233.0,0.0907898306908405,0.4782608695652174,202308.0,
Market,wf2023,2023,band,0.05,month,20,222.45,-0.0003555201087117,6.053367273935752e-05,0.097092472725551,0.0483192085319325,0.2022759570438283,0.0505385715156126,,20233.0,0.015254485530318,0.35,202309.0,
Market,wf2023,2023,band,0.05,month,17,222.05882352941177,0.0002323512382538,0.0005343647151695,0.122411157664932,0.0609448244980961,0.2273017917423398,0.0567468648706725,,20234.0,0.134659908222731,0.5294117647058824,202310.0,
Market,wf2023,2023,band,0.05,month,22,222.6818181818182,0.0022860683613536,0.0007334944654642,0.1038683458806777,0.0517652664944582,0.2157420345480883,0.0540687351435263,,20234.0,0.1848406052969793,0.5909090909090909,202311.0,
Market,wf2023,2023,band,0.05,month,21,223.1904761904762,-0.000763402096648,0.0004702107763948,0.1122274208637117,0.0559232319066259,0.213986628364431,0.0533641292900617,,20234.0,0.1184931156515111,0.5714285714285714,202312.0,
Market,wf2023,2023,band,0.1,month,16,422.8125,0.0053468249889638,0.0011978596210888,0.1331786395679162,0.132864408539068,0.252917586100373,0.1262420643151394,,20231.0,0.3018606245143833,0.75,202301.0,
Market,wf2023,2023,band,0.1,month,20,424.1,0.0011474163964443,-1.5327928013959553e-05,0.1292343880363724,0.1290763680189701,0.2347714135074432,0.1171941987626069,,20231.0,-0.0038626378595178,0.45,202302.0,
Market,wf2023,2023,band,0.1,month,23,424.6521739130435,-0.0008680281743258,-0.0001303480005438,0.1159937306830234,0.1157688893059637,0.2149978596305407,0.1073402424811068,,20231.0,-0.0328476961370428,0.5652173913043478,202303.0,
Market,wf2023,2023,band,0.1,month,19,422.7894736842105,-0.0018775643421201,-0.0001259281362472,0.1223128853279946,0.1220406668429028,0.2286004109983016,0.1141470912260147,,20232.0,-0.0317338903343097,0.4210526315789473,202304.0,
Market,wf2023,2023,band,0.1,month,20,420.2,0.0005391257764903,0.0010476314336567,0.1310522682566248,0.1307719762095895,0.23616888437758,0.1179353672728332,,20232.0,0.2640031212815021,0.75,202305.0,
Market,wf2023,2023,band,0.1,month,20,426.8,0.0010516347080407,-0.000249751643736,0.1223430067482629,0.1221205095378284,0.2222728585833356,0.1109925244033343,,20232.0,-0.0629374142214802,0.5,202306.0,
Market,wf2023,2023,band,0.1,month,21,441.8571428571428,-0.0011405769893276,-0.0014749548189072,0.1003328000080201,0.1001184026829519,0.1954772315162898,0.0976336929330923,,20233.0,-0.3716886143646263,0.1904761904761904,202307.0,
Market,wf2023,2023,band,0.1,month,23,444.1739130434783,-0.0014974608222279,0.000172675068409,0.1190567439507514,0.1188198432001118,0.2231249066487905,0.1114021264294316,,20233.0,0.0435141172390888,0.6086956521739131,202308.0,
Market,wf2023,2023,band,0.1,month,20,445.3,-6.292547450301316e-05,0.000353128306948,0.1206958351750085,0.1202107201022611,0.2261233371881609,0.1130956652215223,,20233.0,0.0889883333509191,0.5,202309.0,
Market,wf2023,2023,band,0.1,month,17,444.7058823529412,-0.0003266105574416,-2.459708052601236e-05,0.1217205658602718,0.1213628101396959,0.2229411297752316,0.111447755938055,,20234.0,-0.0061984642925551,0.3529411764705882,202310.0,
Market,wf2023,2023,band,0.1,month,22,445.8181818181818,0.0019569373409754,0.000404363445086,0.1247901526718716,0.1245108778788547,0.2271563488128636,0.1140244171965755,,20234.0,0.1018995881616873,0.5,202311.0,
Market,wf2023,2023,band,0.1,month,21,446.95238095238096,-0.0016642580470826,-0.0004306451740397,0.1110052125827894,0.1107766055430026,0.2100753795943374,0.1048901269122856,,20234.0,-0.1085225838580048,0.4285714285714285,202312.0,
Market,wf2023,2023,band,0.2,month,16,846.1875,0.0045885511707719,0.0004395858028969,0.123173540769245,0.2459286813582284,0.2362345439979668,0.2359901229660997,,20231.0,0.1107756223300333,0.6875,202301.0,
Market,wf2023,2023,band,0.2,month,20,848.7,0.0021163464455901,0.0009536021211317,0.1308390579537447,0.2614715339154173,0.2402509487606789,0.2399978111898796,,20231.0,0.2403077345252126,0.75,202302.0,
Market,wf2023,2023,band,0.2,month,23,849.7391304347826,3.623971545440382e-05,0.0007739198892364,0.122681651203756,0.2450048917947306,0.2347274984445073,0.2344889731222141,,20231.0,0.1950278120875796,0.5652173913043478,202303.0,
Market,wf2023,2023,band,0.2,month,19,846.0,-0.0008451804992709,0.0009064557066019,0.1354993579888536,0.2705254734847718,0.246669693461089,0.2464568868962844,,20232.0,0.2284268380636877,0.5789473684210527,202304.0,
Market,wf2023,2023,band,0.2,month,20,840.6,6.461395000228088e-06,0.0005149670521666,0.1186607497671122,0.2368757410000598,0.2187848428799582,0.2185683518885216,,20232.0,0.1297716971459965,0.6,202305.0,
Market,wf2023,2023,band,0.2,month,20,853.95,0.0015662067551496,0.0002648204033728,0.1172276774116658,0.2341137043909198,0.2192466509942745,0.2190397317614657,,20232.0,0.066734741649965,0.65,202306.0,
Market,wf2023,2023,band,0.2,month,21,884.2380952380952,-1.7982430736706338e-05,-0.0003523602603162,0.1065259959529763,0.2127251354927955,0.2073334398607814,0.2072317576202279,,20233.0,-0.0887947855997034,0.3809523809523809,202307.0,
Market,wf2023,2023,band,0.2,month,23,888.7391304347826,-0.0015481122864656,0.0001220236041713,0.1155844730913,0.2308095677227335,0.2171684024804236,0.2169626345196231,,20233.0,0.0307499482511817,0.4782608695652174,202308.0,
Market,wf2023,2023,band,0.2,month,20,891.1,-0.0008919852361767,-0.0004759314547256,0.1030121283675086,0.2052876809197277,0.200015968176653,0.2002254978001282,,20233.0,-0.1199347265908535,0.25,202309.0,
Market,wf2023,2023,band,0.2,month,17,889.8823529411765,0.0003299977209623,0.000632011197878,0.1337023466735431,0.2666263446125472,0.2341273923989889,0.2342360424751541,,20234.0,0.1592668218652702,0.5294117647058824,202310.0,
Market,wf2023,2023,band,0.2,month,22,892.1363636363636,0.002135429262301,0.0005828553664116,0.1133665746121228,0.2263484415407218,0.2179147809511206,0.2188903735573348,,20234.0,0.1468795523357372,0.6363636363636364,202311.0,
Market,wf2023,2023,band,0.2,month,21,894.4285714285714,-0.0007550135674329,0.00047859930561,0.1256831085939002,0.2510090203620672,0.2335390656016855,0.2333668598625732,,20234.0,0.120607025013726,0.6190476190476191,202312.0,
Market,wf2023,2023,band,0.3,month,16,1269.375,0.0045514186559462,0.0004024532880711,0.1088504885019229,0.3260178312644277,0.2176912727278334,0.3262245954200883,,20231.0,0.1014182285939417,0.75,202301.0,
Market,wf2023,2023,band,0.3,month,20,1273.2,0.0023002501832338,0.0011375058587755,0.1208268486596908,0.3622493350579323,0.2305507408578854,0.3455004739638476,,20231.0,0.2866514764114292,0.7,202302.0,
Market,wf2023,2023,band,0.3,month,23,1274.8695652173913,0.0001885296854954,0.0009262098592775,0.1133095958994181,0.3395002782246072,0.2242409239684943,0.3360950711992157,,20231.0,0.2334048845379343,0.6086956521739131,202303.0,
Market,wf2023,2023,band,0.3,month,19,1269.0526315789473,-0.0008319512617643,0.0009196849441085,0.1269497216263299,0.3801962451654807,0.235381981539421,0.3527816950313699,,20232.0,0.2317606059153478,0.631578947368421,202304.0,
Market,wf2023,2023,band,0.3,month,20,1261.15,-7.361421826255843e-05,0.0004348914389038,0.1055308392491414,0.3160627752429837,0.2067977765324713,0.3099507566778323,,20232.0,0.1095926426037744,0.6,202305.0,
Market,wf2023,2023,band,0.3,month,20,1281.05,0.0017059166406478,0.000404530288871,0.1047915962846816,0.3139553138606556,0.2074812146808621,0.3109611476032006,,20232.0,0.1019416327955094,0.6,202306.0,
Market,wf2023,2023,band,0.3,month,21,1326.6190476190477,0.000499769378345,0.0001653915487654,0.0994308938020932,0.2978965398890619,0.1999289941964604,0.2998141491634764,,20233.0,0.0416786702888991,0.6190476190476191,202307.0,
Market,wf2023,2023,band,0.3,month,23,1333.3478260869565,-0.0013261655639502,0.0003439703266867,0.1056456939414287,0.3165017359466532,0.2096967947955289,0.3142984426173081,,20233.0,0.0866805223250533,0.4347826086956521,202308.0,
Market,wf2023,2023,band,0.3,month,20,1336.95,-0.0009038948153599,-0.0004878410339088,0.0927809121217801,0.2773808461048118,0.1875765766511373,0.281769554387563,,20233.0,-0.1229359405450355,0.4,202309.0,
Market,wf2023,2023,band,0.3,month,17,1334.9411764705883,0.0003331244775871,0.0006351379545028,0.122339722606185,0.3659870850452109,0.2259390488551537,0.3391240336843633,,20234.0,0.1600547645347129,0.5882352941176471,202310.0,
Market,wf2023,2023,band,0.3,month,22,1338.5,0.002168143911013,0.0006155700151236,0.1019152216799085,0.3052978200663727,0.2072872843595611,0.3124391459427714,,20234.0,0.1551236438111641,0.6363636363636364,202311.0,
Market,wf2023,2023,band,0.3,month,21,1341.7619047619048,-0.0006943144308518,0.0005392984421911,0.1155013829169459,0.346051885585811,0.2266922715496362,0.3398208185674599,,20234.0,0.1359032074321696,0.6666666666666666,202312.0,
Market,wf2023,2023,band,0.05,quarter,59,211.7457627118644,0.0023163165427593,0.0010845930109258,0.1316808870725904,0.0656479704005627,0.2475310484481826,0.0617117219067945,202302.11864406776,,0.2733174387533038,0.6440677966101694,,20231.0
Market,wf2023,2023,band,0.05,quarter,59,211.3728813559322,0.0002358485289666,0.0005311616479391,0.1187932573865907,0.059202861926459,0.2268200207005055,0.0565616208863158,202305.01694915252,,0.1338527352806757,0.6779661016949152,,20232.0
Market,wf2023,2023,band,0.05,quarter,64,221.671875,-0.0008775004093688,-0.0002569962422985,0.100635534285993,0.0501451716163239,0.2024046723274493,0.0505152054423617,202307.984375,,-0.0647630530592248,0.375,,20233.0
Market,wf2023,2023,band,0.05,quarter,60,222.6833333333333,0.0006368671828414,0.0005849250783731,0.112047818796945,0.0558214291564143,0.2184029069221795,0.0545809265175051,202311.06666666668,,0.1474011197500284,0.5666666666666667,,20234.0
Market,wf2023,2023,band,0.1,quarter,59,423.96610169491527,0.0015005572837765,0.0002688337519429,0.1251424033817567,0.1249159720515535,0.2319840749026656,0.1158064844298275,202302.11864406776,,0.0677461054896235,0.576271186440678,,20231.0
Market,wf2023,2023,band,0.1,quarter,59,423.271186440678,-6.539852219765324e-05,0.0002299145967748,0.1252855986666043,0.125027498050229,0.2290210621726448,0.1143619079121632,202305.01694915252,,0.0579384783872636,0.559322033898305,,20232.0
Market,wf2023,2023,band,0.1,quarter,64,443.765625,-0.0009320660183934,-0.0003115618513231,0.1134251658521231,0.1131180820623404,0.2149900227894919,0.1074135900609736,202307.984375,,-0.0785135865334332,0.4375,,20233.0
Market,wf2023,2023,band,0.1,quarter,60,445.9,4.2513717270263554e-05,-9.428387198043371e-06,0.1190957073774063,0.1188119300352115,0.2199836975257171,0.1100973615738266,202311.06666666668,,-0.0023759535739069,0.4333333333333333,,20234.0
Market,wf2023,2023,band,0.2,quarter,59,848.4237288135594,0.0019758857813492,0.0007441622495156,0.1255802676113424,0.2508373235816746,0.2370085448034697,0.2367634673401035,202302.11864406776,,0.1875288868779511,0.6610169491525424,,20231.0
Market,wf2023,2023,band,0.2,quarter,59,846.8644067796611,0.0002609310765567,0.0005562441955292,0.1235975651756572,0.2467758119327162,0.2279212551397516,0.2277091953225279,202305.01694915252,,0.1401735372733779,0.6101694915254238,,20232.0
Market,wf2023,2023,band,0.2,quarter,64,888.0,-0.0008409987243393,-0.0002204945572689,0.1086833025541027,0.2169000237713458,0.2085811696509252,0.2085393353121669,202307.984375,,-0.0555646284317759,0.375,,20233.0
Market,wf2023,2023,band,0.2,quarter,60,892.3,0.0006122353351815,0.0005602932307132,0.123439163589814,0.2463917166652099,0.2279768538223811,0.2283050832908837,202311.06666666668,,0.1411938941397343,0.6,,20234.0
Market,wf2023,2023,band,0.3,quarter,59,1272.8135593220338,0.0020875234733256,0.000855799941492,0.1146485677103593,0.3435555661111094,0.224603668340312,0.3366066041284801,202302.11864406776,,0.2156615852560024,0.6779661016949152,,20231.0
Market,wf2023,2023,band,0.3,quarter,59,1270.4406779661017,0.00028540634702,0.0005807194659925,0.1121778546029954,0.3360015328850326,0.2162345334494181,0.3240862761223168,202305.01694915252,,0.1463413054301234,0.6101694915254238,,20232.0
Market,wf2023,2023,band,0.3,quarter,64,1332.265625,-0.0005950710520751,2.5433114995188436e-05,0.0995862183270691,0.2981716279146806,0.1995791670538372,0.2993805062559742,202307.984375,,0.0064091449787874,0.484375,,20233.0
Market,wf2023,2023,band,0.3,quarter,60,1338.6333333333334,0.0006463613185563,0.000594419214088,0.1124573200419833,0.3367570347421802,0.219363696483172,0.3295834495548634,202311.06666666668,,0.1497936419501882,0.6333333333333333,,20234.0
T033,wf2023,2023,raw,0.05,year,242,216.9917355371901,0.0010603379248215,0.0009832615862496,0.1286958044837907,0.0641354490102559,0.2378146218333818,0.059356495993691,202306.59504132232,20232.51652892562,0.2477819197349042,0.5867768595041323,,
T033,wf2023,2023,raw,0.1,year,242,434.4710743801653,0.0010304561337729,0.000953379795201,0.1141318296935932,0.1138813158782477,0.2227264790702825,0.1113062135571672,202306.59504132232,20232.51652892562,0.2402517083906687,0.6239669421487604,,
T033,wf2023,2023,raw,0.2,year,242,869.3884297520661,0.0009167706663342,0.0008396943277623,0.1016813071433724,0.2030187961804788,0.2087268933867506,0.2087168683007592,202306.59504132232,20232.51652892562,0.2116029705961044,0.6652892561983471,,
T033,wf2023,2023,raw,0.3,year,242,1304.2768595041323,0.000828269224279,0.0007511928857071,0.0956691552479215,0.2865673890227164,0.2010916371873876,0.3016562492543632,202306.59504132232,20232.51652892562,0.1893006071982015,0.6942148760330579,,
T033,wf2023,2023,raw,0.05,month,16,211.25,0.0035230861936405,-0.0006258791742345,0.1099818818110827,0.0548211052392317,0.2144144066870372,0.0534714694978653,,20231.0,-0.1577215519071013,0.4375,202301.0,
T033,wf2023,2023,raw,0.05,month,20,211.8,0.0041938314258971,0.0030310871014388,0.1390133603192975,0.0693321303722763,0.2532690770393622,0.0631341192990019,,20231.0,0.7638339495625828,0.75,202302.0,
T033,wf2023,2023,raw,0.05,month,23,212.0434782608696,0.0013516937250166,0.0020893738987987,0.1346926962467106,0.0671086836223724,0.258745938274161,0.0644898870815378,,20231.0,0.526522222497275,0.6956521739130435,202303.0,
T033,wf2023,2023,raw,0.05,month,19,211.1578947368421,-0.0011004926728976,0.0006511435329752,0.1334602864396493,0.0665042746443622,0.2518498499721897,0.0628045373760352,,20232.0,0.1640881703097573,0.4736842105263157,202304.0,
T033,wf2023,2023,raw,0.05,month,20,209.8,0.0003764550578951,0.0008849607150615,0.1300723698992228,0.0648060673493583,0.2356763228781067,0.0587627572982864,,20232.0,0.2230101001955071,0.6,202305.0,
T033,wf2023,2023,raw,0.05,month,20,213.15,0.0022335013537509,0.0009321150019741,0.1246408632512435,0.0621442413194926,0.2336513996973175,0.0582676143427191,,20232.0,0.2348929804974824,0.6,202306.0,
T033,wf2023,2023,raw,0.05,month,21,220.7142857142857,0.0010417211031894,0.0007073432736098,0.1298891792848279,0.0647464453331472,0.2373778203754029,0.0592107326256941,,20233.0,0.178250504949688,0.6666666666666666,202307.0,
T033,wf2023,2023,raw,0.05,month,23,221.8695652173913,-0.0010085702168601,0.0006615656737769,0.1224958222962649,0.0610723513307823,0.2344141110360875,0.058466071607927,,20233.0,0.1667145497917803,0.4782608695652174,202308.0,
T033,wf2023,2023,raw,0.05,month,20,222.45,-0.0006253203205745,-0.0002092665391234,0.1256050594351834,0.0625392268935382,0.2152710681990555,0.0538836727650748,,20233.0,-0.052735167859119,0.45,202309.0,
T033,wf2023,2023,raw,0.05,month,17,222.05882352941177,2.385988612001793e-05,0.0003258733630356,0.134992802618914,0.0672056055909426,0.2359507515837523,0.0589472602689803,,20234.0,0.082120087484993,0.5294117647058824,202310.0,
T033,wf2023,2023,raw,0.05,month,22,222.6818181818182,0.0032881862582747,0.0017356123623853,0.1199803818217495,0.0597984521786775,0.2298056912686957,0.057673807970805,,20234.0,0.4373743153211071,0.7272727272727273,202311.0,
T033,wf2023,2023,raw,0.05,month,21,223.1904761904762,-0.0002352995450677,0.0009983133279752,0.1373733971227565,0.068463144801069,0.2468333392420516,0.0615304475873062,,20234.0,0.2515749586497636,0.5714285714285714,202312.0,
T033,wf2023,2023,raw,0.1,month,16,422.8125,0.0038183213088741,-0.0003306440590008,0.0986851320880712,0.0984524135045892,0.2013891948069631,0.1005215080775697,,20231.0,-0.0833223028682206,0.4375,202301.0,
T033,wf2023,2023,raw,0.1,month,20,424.1,0.0038715433270144,0.0027087990025561,0.1209389153965319,0.1207806091852092,0.2355202535034648,0.1175597708445305,,20231.0,0.6826173486441554,0.9,202302.0,
T033,wf2023,2023,raw,0.1,month,23,424.6521739130435,0.0009440435193294,0.0016817236931114,0.1176071848882071,0.117375471983611,0.2360520806755156,0.1178470579713072,,20231.0,0.4237943706640874,0.6956521739130435,202303.0,
T033,wf2023,2023,raw,0.1,month,19,422.7894736842105,-0.0005702852573023,0.0011813509485705,0.1239831750081123,0.1237071897397154,0.2380301738866859,0.1188532986479671,,20232.0,0.2977004390397851,0.5263157894736842,202304.0,
T033,wf2023,2023,raw,0.1,month,20,420.2,0.0004517109447619,0.0009602166019283,0.1164559109312436,0.1162098972199613,0.2245017650049037,0.112112605907446,,20232.0,0.2419745836859411,0.65,202305.0,
T033,wf2023,2023,raw,0.1,month,20,426.8,0.0017255452955967,0.0004241589438199,0.1059048551945793,0.1057069016415582,0.2147871866283668,0.1072405385448189,,20232.0,0.1068880538426372,0.5,202306.0,
T033,wf2023,2023,raw,0.1,month,21,441.8571428571428,0.0013990039859297,0.0010646261563501,0.1177906925886953,0.1175368753802993,0.2247472692270801,0.1122383562791567,,20233.0,0.2682857914002466,0.6190476190476191,202307.0,
T033,wf2023,2023,raw,0.1,month,23,444.1739130434783,-0.001071406060161,0.0005987298304759,0.11043325726368,0.1102280424914303,0.2200942179628714,0.1098931617607884,,20233.0,0.1508799172799464,0.6086956521739131,202308.0,
T033,wf2023,2023,raw,0.1,month,20,445.3,-0.000708305777831,-0.0002922519963799,0.1050774761284246,0.104735700945237,0.1981510857356614,0.0993328148263043,,20233.0,-0.0736475030877428,0.5,202309.0,
T033,wf2023,2023,raw,0.1,month,17,444.7058823529412,3.660579867160368e-05,0.0003386192755872,0.1217763063346117,0.1213666141895609,0.2227208909672144,0.1113976668833,,20234.0,0.0853320574479926,0.5882352941176471,202310.0,
T033,wf2023,2023,raw,0.1,month,22,445.8181818181818,0.0031582761651133,0.0016057022692239,0.1078272457533404,0.1075860195368257,0.2187524824799663,0.1098760838924986,,20234.0,0.404636971844441,0.7727272727272727,202311.0,
T033,wf2023,2023,raw,0.1,month,21,446.95238095238096,-0.000202444378397,0.0010311684946459,0.1217517079120376,0.1215076645058886,0.232663543492786,0.1161222645937342,,20234.0,0.2598544606507668,0.6190476190476191,202312.0,
T033,wf2023,2023,raw,0.2,month,16,846.1875,0.0043621459339463,0.0002131805660713,0.0902921013262785,0.1802773978493484,0.1955897527724339,0.1953857869851917,,20231.0,0.0537215026499686,0.5,202301.0,
T033,wf2023,2023,raw,0.2,month,20,848.7,0.0032874207292374,0.0021246764047791,0.1054334793313572,0.2107375244917377,0.2177697784862591,0.2175377640841739,,20231.0,0.5354184540043534,0.9,202302.0,
T033,wf2023,2023,raw,0.2,month,23,849.7391304347826,0.0005835642452598,0.0013212444190418,0.1055332925791681,0.2107618597284742,0.2216705224702819,0.2214519323457028,,20231.0,0.3329535935985523,0.7391304347826086,202303.0,
T033,wf2023,2023,raw,0.2,month,19,846.0,-0.0005364107660185,0.0012152254398543,0.1131317545218723,0.225867957297546,0.2220625688856516,0.2218677567068478,,20232.0,0.3062368108433012,0.5263157894736842,202304.0,
T033,wf2023,2023,raw,0.2,month,20,840.6,0.000542270817455,0.0010507764746214,0.1038281373437888,0.2072744574348971,0.2094584434566139,0.209252331010909,,20232.0,0.26479567160461,0.7,202305.0,
T033,wf2023,2023,raw,0.2,month,20,853.95,0.0015610040061682,0.0002596176543914,0.0953283934086542,0.1903817336113398,0.2020312735131878,0.2018305638304543,,20232.0,0.065423648906646,0.75,202306.0,
T033,wf2023,2023,raw,0.2,month,21,884.2380952380952,0.0014991358384401,0.0011647580088605,0.1030724253978704,0.2058229466612446,0.2103771862357042,0.2102602061449524,,20233.0,0.2935190182328541,0.7142857142857143,202307.0,
T033,wf2023,2023,raw,0.2,month,23,888.7391304347826,-0.0013119199230605,0.0003582159675764,0.0978568653422515,0.1954356132292215,0.2039376662785554,0.2037468644794374,,20233.0,0.0902704238292647,0.6086956521739131,202308.0,
T033,wf2023,2023,raw,0.2,month,20,891.1,-0.0008311604347087,-0.0004151066532576,0.0919483258560035,0.1833299016718576,0.1857541955507288,0.1862196569019918,,20233.0,-0.1046068766209289,0.35,202309.0,
T033,wf2023,2023,raw,0.2,month,17,889.8823529411765,5.824505130845867e-06,0.0003078379820465,0.1076456722903706,0.2147080732896114,0.2074821269943607,0.2076594677498258,,20234.0,0.0775751714757216,0.5882352941176471,202310.0,
T033,wf2023,2023,raw,0.2,month,22,892.1363636363636,0.0027931107475552,0.0012405368516657,0.0966689640153685,0.1930118208038342,0.2026376611710064,0.2036323628930484,,20234.0,0.312615286619779,0.7727272727272727,202311.0,
T033,wf2023,2023,raw,0.2,month,21,894.4285714285714,-0.0002481836452483,0.0009854292277946,0.1087021166638894,0.2170964626531137,0.2224226461634387,0.2221836310296976,,20234.0,0.2483281654042531,0.7619047619047619,202312.0,
T033,wf2023,2023,raw,0.3,month,16,1269.375,0.0045180130803581,0.0003690477124831,0.0855986384638918,0.256374528152239,0.1903538528039597,0.2852542869237279,,20231.0,0.0930000235457451,0.625,202301.0,
T033,wf2023,2023,raw,0.3,month,20,1273.2,0.0029146278215252,0.0017518834970669,0.0968679442163187,0.2904677800259205,0.2083924118467794,0.3122875444629724,,20231.0,0.4414746412608775,0.9,202302.0,
T033,wf2023,2023,raw,0.3,month,23,1274.8695652173913,0.0003162818413359,0.0010539620151179,0.099770533814584,0.2989491150582573,0.2107704727478576,0.3159121222050181,,20231.0,0.2655984278097201,0.7391304347826086,202303.0,
T033,wf2023,2023,raw,0.3,month,19,1269.0526315789473,-0.000721945880286,0.0010296903255868,0.1052643029021179,0.3152571399773547,0.2125758968690413,0.318600366459969,,20232.0,0.2594819620478941,0.5789473684210527,202304.0,
T033,wf2023,2023,raw,0.3,month,20,1261.15,0.0003451574725098,0.0008536631296762,0.0953785000096882,0.2856603284051361,0.1981042160607535,0.2969203970252189,,20232.0,0.2151231086784087,0.7,202305.0,
T033,wf2023,2023,raw,0.3,month,20,1281.05,0.0015729817136768,0.0002715953619,0.0917087426170068,0.2747627498079772,0.1953245515434186,0.2927298493914126,,20232.0,0.0684420311988232,0.7,202306.0,
T033,wf2023,2023,raw,0.3,month,21,1326.6190476190477,0.0015187603159269,0.0011843824863473,0.0973443603192442,0.2916378624774901,0.2043985111155201,0.3065033902546544,,20233.0,0.2984643865595422,0.8571428571428571,202307.0,
T033,wf2023,2023,raw,0.3,month,23,1333.3478260869565,-0.0012192916842855,0.0004508442063514,0.0945762656666804,0.283368806899256,0.1993320883411593,0.2987624992842159,,20233.0,0.1136127400005659,0.6521739130434783,202308.0,
T033,wf2023,2023,raw,0.3,month,20,1336.95,-0.0006981695254401,-0.000282115743989,0.0869769171998637,0.2601946491955973,0.1811359516045642,0.2723242427832734,,20233.0,-0.0710931674852304,0.35,202309.0,
T033,wf2023,2023,raw,0.3,month,17,1334.9411764705883,-7.766468191725039e-05,0.0002243487949984,0.1014109588931247,0.3034322103227034,0.2014982868064274,0.3024982386932596,,20234.0,0.0565358963396013,0.6470588235294118,202310.0,
T033,wf2023,2023,raw,0.3,month,22,1338.5,0.002607365744206,0.0010547918483166,0.0912901190558853,0.2734774517133437,0.1970585477039758,0.2971061240514938,,20234.0,0.2658075457757967,0.7727272727272727,202311.0,
T033,wf2023,2023,raw,0.3,month,21,1341.7619047619048,-0.0003804058074652,0.0008532070655777,0.1008150782567202,0.3020552883128367,0.2111877775805851,0.3164382769648042,,20234.0,0.2150081805255987,0.7619047619047619,202312.0,
T033,wf2023,2023,raw,0.05,quarter,59,211.7457627118644,0.0029039824286707,0.0016722588968371,0.1294560903226715,0.0645301697387762,0.2448672648828058,0.0610422593359534,202302.11864406776,,0.4214092420029722,0.6440677966101694,,20231.0
T033,wf2023,2023,raw,0.05,quarter,59,211.3728813559322,0.0005303350414892,0.0008256481604617,0.1293222051756384,0.0644506337562695,0.2401983322200015,0.0598965024231318,202305.01694915252,,0.2080633364363589,0.559322033898305,,20232.0
T033,wf2023,2023,raw,0.05,quarter,64,221.671875,-0.0002160527848796,0.0004044513821907,0.1258934041640492,0.0627363120386695,0.2294043772764779,0.0572784138659905,202307.984375,,0.1019217483120627,0.53125,,20233.0
T033,wf2023,2023,raw,0.05,quarter,60,222.6833333333333,0.0011300737549943,0.001078131650526,0.1303214564029652,0.064929788063323,0.2375064684819696,0.0593844433210634,202311.06666666668,,0.2716891759325713,0.6166666666666667,,20234.0
T033,wf2023,2023,raw,0.1,quarter,59,423.96610169491527,0.0027158814987602,0.0014841579669266,0.1136051809113312,0.113398078905096,0.2264716956358909,0.113051218296132,202302.11864406776,,0.3740078076655184,0.6949152542372882,,20231.0
T033,wf2023,2023,raw,0.1,quarter,59,423.271186440678,0.0005544017782784,0.0008497148972509,0.1153033160622134,0.1150639420726268,0.2255652938391939,0.1126317892094351,202305.01694915252,,0.2141281541072455,0.559322033898305,,20232.0
T033,wf2023,2023,raw,0.1,quarter,64,443.765625,-0.0001473339255593,0.0004731702415109,0.1111737341249333,0.110909896549905,0.2147637715879367,0.1073625702951017,202307.984375,,0.119238900860767,0.578125,,20233.0
T033,wf2023,2023,raw,0.1,quarter,60,445.9,0.0010975507043928,0.0010456085999245,0.1166530413402446,0.1163630970942727,0.2247457362391735,0.1124933623186581,202311.06666666668,,0.2634933671809947,0.6666666666666666,,20234.0
T033,wf2023,2023,raw,0.2,quarter,59,848.4237288135594,0.002524825884218,0.0012931023523845,0.1013662531723469,0.2024866377826989,0.2132754852695018,0.213056310464368,202302.11864406776,,0.3258617928009028,0.7288135593220338,,20231.0
T033,wf2023,2023,raw,0.2,quarter,59,846.8644067796611,0.0005402320664087,0.0008355451853812,0.1039429483214311,0.207535847619968,0.2109997143766681,0.2107990724450402,202305.01694915252,,0.2105573867160651,0.6610169491525424,,20232.0
T033,wf2023,2023,raw,0.2,quarter,64,888.0,-0.0002393049112082,0.0003811992558621,0.097721802396049,0.1950609221499278,0.200368299162049,0.2004068023454828,202307.984375,,0.096062212477257,0.5625,,20233.0
T033,wf2023,2023,raw,0.2,quarter,60,892.3,0.0009389266080537,0.0008869845035854,0.1039906347869347,0.2075887169887189,0.2109350045683081,0.2112663197836292,202311.06666666668,,0.2235200949035287,0.7166666666666667,,20234.0
T033,wf2023,2023,raw,0.3,quarter,59,1272.8135593220338,0.0023365296282535,0.00110480609642,0.0949433792793911,0.2845284355473585,0.2044276399152486,0.3063694625551613,202302.11864406776,,0.2784111362978481,0.7627118644067796,,20231.0
T033,wf2023,2023,raw,0.3,quarter,59,1270.4406779661017,0.0004177256270898,0.0007130387460623,0.0973180780961719,0.2914974105734238,0.2018223286880547,0.3024815574757973,202305.01694915252,,0.1796857640077055,0.6610169491525424,,20232.0
T033,wf2023,2023,raw,0.3,quarter,64,1332.265625,-0.0001580176970766,0.0004624864699937,0.0931097503286727,0.2788401664784707,0.1953082155838105,0.2930405239773465,202307.984375,,0.1165465904384187,0.625,,20233.0
T033,wf2023,2023,raw,0.3,quarter,60,1338.6333333333334,0.0008008870803861,0.0007489449759178,0.0974914260633953,0.2919668761291516,0.203261704239817,0.3054001433863195,202311.06666666668,,0.1887341339313054,0.7333333333333333,,20234.0
T033,wf2023,2023,band,0.05,year,242,216.9917355371901,0.0009285655122802,0.0008514891737084,0.1024356327360074,0.0510498652083716,0.2081390026082634,0.0519413603659442,202306.59504132232,20232.51652892562,0.2145752717745185,0.6198347107438017,,
T033,wf2023,2023,band,0.1,year,242,434.4710743801653,0.0006444116481498,0.0005673353095779,0.1044022116834876,0.1041686854320106,0.2080744173500918,0.1039655763471915,202306.59504132232,20232.51652892562,0.1429684980136438,0.5702479338842975,,
T033,wf2023,2023,band,0.2,year,242,869.3884297520661,0.0006999987175449,0.0006229223789731,0.1087053753241766,0.2170393430806578,0.213885881406356,0.2138684088134225,202306.59504132232,20232.51652892562,0.1569764395012222,0.6363636363636364,,
T033,wf2023,2023,band,0.3,year,242,1304.2768595041323,0.0007411236272348,0.0006640472886629,0.1013824978453593,0.303673238381741,0.2067223919457551,0.3100959619778061,202306.59504132232,20232.51652892562,0.1673399167430586,0.6900826446280992,,
T033,wf2023,2023,band,0.05,month,16,211.25,0.0057636882548652,0.0016147228869901,0.0993602107810204,0.0495213983178319,0.2153253475289764,0.0536958046476984,,20231.0,0.4069101675215256,0.8125,202301.0,
T033,wf2023,2023,band,0.05,month,20,211.8,0.0029086045424069,0.0017458602179486,0.1053258697914633,0.0525258193315399,0.212528397005779,0.0529797573232786,,20231.0,0.4399567749230627,0.6,202302.0,
T033,wf2023,2023,band,0.05,month,23,212.0434782608696,-0.0004279320823041,0.0003097480914778,0.0961576487450141,0.0479232252462715,0.1999083170101324,0.049837225964257,,20231.0,0.0780565190524244,0.5217391304347826,202303.0,
T033,wf2023,2023,band,0.05,month,19,211.1578947368421,-0.0013099917692905,0.0004416444365823,0.1048460911132681,0.052251657125381,0.2135717700086749,0.0532630468277471,,20232.0,0.1112943980187614,0.5789473684210527,202304.0,
T033,wf2023,2023,band,0.05,month,20,209.8,0.0014283728317678,0.0019368784889343,0.1097889918204576,0.054700193341841,0.2217183648321211,0.0552804543816305,,20232.0,0.4880933792114472,0.75,202305.0,
T033,wf2023,2023,band,0.05,month,20,213.15,0.0022802890738975,0.0009789027221208,0.1021128625852164,0.0509068278891157,0.2132501548080515,0.0531795090506041,,20232.0,0.2466834859744416,0.65,202306.0,
T033,wf2023,2023,band,0.05,month,21,220.7142857142857,0.0009837855664927,0.0006494077369131,0.0973212327765107,0.0485107639428565,0.2022144479839886,0.0504401217464794,,20233.0,0.163650749702112,0.5714285714285714,202307.0,
T033,wf2023,2023,band,0.05,month,23,221.8695652173913,-0.0013031521742147,0.0003669837164222,0.090370551424191,0.045055215884206,0.1987590803682692,0.0495707546706056,,20233.0,0.0924798965384078,0.6086956521739131,202308.0,
T033,wf2023,2023,band,0.05,month,20,222.45,0.0002821739181202,0.0006982276995713,0.1038279742315616,0.0517325674711439,0.1993499668123777,0.0498337333078294,,20233.0,0.175953380291977,0.65,202309.0,
T033,wf2023,2023,band,0.05,month,17,222.05882352941177,-0.0004326395289099,-0.0001306260519942,0.1101997718830155,0.0548442198991248,0.2029135965548832,0.0506794063672744,,20234.0,-0.0329177651025609,0.4705882352941176,202310.0,
T033,wf2023,2023,band,0.05,month,22,222.6818181818182,0.0028737877512065,0.0013212138553171,0.1085766660318229,0.0541086612152292,0.2140911458456301,0.0536343853291409,,20234.0,0.3329458915399251,0.6818181818181818,202311.0,
T033,wf2023,2023,band,0.05,month,21,223.1904761904762,-0.0008246733021348,0.0004089395709081,0.1043091801419796,0.0519839470221163,0.2073448511428972,0.0517179460208855,,20234.0,0.1030527718688433,0.5714285714285714,202312.0,
T033,wf2023,2023,band,0.1,month,16,422.8125,0.0056871278216397,0.0015381624537646,0.0997555520592428,0.0995202234756012,0.2132513738476554,0.1064458165045699,,20231.0,0.3876169383487038,0.8125,202301.0,
T033,wf2023,2023,band,0.1,month,20,424.1,0.0019510446439652,0.0007883003195069,0.1028175169311722,0.1026637238599174,0.2042173349171587,0.1019411935872831,,20231.0,0.1986516805157474,0.65,202302.0,
T033,wf2023,2023,band,0.1,month,23,424.6521739130435,-0.000738434241692,-7.540679100389509e-07,0.092044733469437,0.0918679471787199,0.1934071299337782,0.0965615640019238,,20231.0,-0.0001900251133298,0.391304347826087,202303.0,
T033,wf2023,2023,band,0.1,month,19,422.7894736842105,-0.0015454101207191,0.0002062260851537,0.1029265634067266,0.10269972092206,0.2000354733162646,0.0998815877605155,,20232.0,0.0519689734587569,0.4736842105263157,202304.0,
T033,wf2023,2023,band,0.1,month,20,420.2,0.0012786032610136,0.00178710891818,0.10940511986005,0.1091725421046137,0.2230614554061808,0.1113887416849983,,20232.0,0.4503514473813784,0.7,202305.0,
T033,wf2023,2023,band,0.1,month,20,426.8,0.0020513382932692,0.0007499519414924,0.1036392224648868,0.103450866601477,0.2116496168580729,0.1056850052819848,,20232.0,0.1889878892560936,0.7,202306.0,
T033,wf2023,2023,band,0.1,month,21,441.8571428571428,0.0001886835103932,-0.0001456943191862,0.1012241897436234,0.1010089297400346,0.202754858140034,0.1012560883699997,,20233.0,-0.0367149684349424,0.4285714285714285,202307.0,
T033,wf2023,2023,band,0.1,month,23,444.1739130434783,-0.0011801460737531,0.0004899898168838,0.0960441072741707,0.0958503108926353,0.2000198412278454,0.099863244541922,,20233.0,0.1234774338547395,0.5217391304347826,202308.0,
T033,wf2023,2023,band,0.1,month,20,445.3,0.0005801790169158,0.000996232798367,0.1136191873760131,0.1132200387091532,0.2172545084239387,0.1086624729066227,,20233.0,0.251050665188485,0.65,202309.0,
T033,wf2023,2023,band,0.1,month,17,444.7058823529412,-0.00027446116865,2.7552308265632364e-05,0.1128651593668437,0.1125281414175797,0.2108914695046524,0.1054546788926031,,20234.0,0.0069431816829393,0.5294117647058824,202310.0,
T033,wf2023,2023,band,0.1,month,22,445.8181818181818,0.0021981251990297,0.0006455513031402,0.1143880572662669,0.1141320683258198,0.2188704544508777,0.1097807722080062,,20234.0,0.1626789283913537,0.6363636363636364,202311.0,
T033,wf2023,2023,band,0.1,month,21,446.95238095238096,-0.001258802822772,-2.518994972908484e-05,0.1065249745844082,0.1063080384983706,0.2052703511851063,0.1025325234881345,,20234.0,-0.0063478673317293,0.4285714285714285,202312.0,
T033,wf2023,2023,band,0.2,month,16,846.1875,0.0046752900367598,0.0005263246688847,0.0984974361138469,0.1966644696665136,0.2052770669635076,0.2050661644246083,,20231.0,0.132633816558964,0.6875,202301.0,
T033,wf2023,2023,band,0.2,month,20,848.7,0.0025537865360156,0.0013910422115573,0.1115044714063876,0.2228248608795934,0.217779596341484,0.2175481146675047,,20231.0,0.3505426373124573,0.75,202302.0,
T033,wf2023,2023,band,0.2,month,23,849.7391304347826,9.32514108520759e-05,0.000830931584634,0.1063621918464131,0.2124183734941969,0.2155466020034045,0.2153330037844327,,20231.0,0.2093947593277929,0.6956521739130435,202303.0,
T033,wf2023,2023,band,0.2,month,19,846.0,-0.0012087067438112,0.0005429294620616,0.1138414577185147,0.2272900309943696,0.2179278190531166,0.2177368303456617,,20232.0,0.1368182244395355,0.631578947368421,202304.0,
T033,wf2023,2023,band,0.2,month,20,840.6,0.0006849166360666,0.001193422293233,0.1131420153095249,0.22586247282036,0.223487879254957,0.2232660130672982,,20232.0,0.3007424178947349,0.7,202305.0,
T033,wf2023,2023,band,0.2,month,20,853.95,0.0017473580416333,0.0004459716898565,0.1038468155633072,0.2073942791643768,0.2105324333826895,0.2103324757036375,,20232.0,0.1123848658438484,0.65,202306.0,
T033,wf2023,2023,band,0.2,month,21,884.2380952380952,0.0007573350143591,0.0004229571847795,0.1097685817415705,0.2191947277164289,0.212274561554654,0.2121483820445947,,20233.0,0.1065852105644489,0.6190476190476191,202307.0,
T033,wf2023,2023,band,0.2,month,23,888.7391304347826,-0.0013232074658288,0.0003469284248082,0.1020638022795029,0.2038260772881323,0.2069714731570694,0.2067738947393718,,20233.0,0.0874259630516683,0.6086956521739131,202308.0,
T033,wf2023,2023,band,0.2,month,20,891.1,-0.0003534955336811,6.255824776992114e-05,0.1068175747114118,0.2130179216529073,0.2049473853387826,0.2053601180485437,,20233.0,0.0157646784380201,0.55,202309.0,
T033,wf2023,2023,band,0.2,month,17,889.8823529411765,-0.0001717334247661,0.0001302800521494,0.1159404701640648,0.2312652290190237,0.2157714442715078,0.2159311720569501,,20234.0,0.0328305731416672,0.5882352941176471,202310.0,
T033,wf2023,2023,band,0.2,month,22,892.1363636363636,0.0025234747208331,0.0009709008249437,0.1093195958440789,0.2182670476525875,0.2167110814759768,0.2176710688323659,,20234.0,0.2446670078858126,0.5909090909090909,202311.0,
T033,wf2023,2023,band,0.2,month,21,894.4285714285714,-0.0007287075278535,0.0005049053451894,0.1136466395874715,0.2269663161856322,0.2185207578156573,0.2183235222610978,,20234.0,0.1272361469877481,0.5714285714285714,202312.0,
T033,wf2023,2023,band,0.3,month,16,1269.375,0.0047825933658176,0.0006336279979426,0.0920968718702303,0.2758431639770697,0.1990746465974549,0.2983246098203204,,20231.0,0.1596742554815488,0.6875,202301.0,
T033,wf2023,2023,band,0.3,month,20,1273.2,0.0025395827388612,0.0013768384144029,0.1029536306644162,0.3086763583766993,0.2105093603033366,0.3154596035287198,,20231.0,0.3469632804295457,0.8,202302.0,
T033,wf2023,2023,band,0.3,month,23,1274.8695652173913,0.0001288687467526,0.0008665489205346,0.1014449177639277,0.3039645331056791,0.2125503864770306,0.3185790409236291,,20231.0,0.2183703279747258,0.7391304347826086,202303.0,
T033,wf2023,2023,band,0.3,month,19,1269.0526315789473,-0.0009177374341417,0.0008338987717311,0.1092158788462684,0.3270905807295734,0.2143841092603853,0.3213070435846897,,20232.0,0.2101424904762595,0.6842105263157895,202304.0,
T033,wf2023,2023,band,0.3,month,20,1261.15,0.000640901866205,0.0011494075233714,0.1048679893791892,0.3140794070025788,0.2127140353301888,0.3188168613450618,,20232.0,0.289650695889611,0.8,202305.0,
T033,wf2023,2023,band,0.3,month,20,1281.05,0.001619506586672,0.0003181202348952,0.0966029417763346,0.289425716873933,0.2014677239281702,0.3019442617929826,,20232.0,0.0801662991936033,0.6,202306.0,
T033,wf2023,2023,band,0.3,month,21,1326.6190476190477,0.0010628053028878,0.0007284274733082,0.1023806216467377,0.306726374863733,0.2065628355609145,0.3097377195318332,,20233.0,0.183563723273686,0.7142857142857143,202307.0,
T033,wf2023,2023,band,0.3,month,23,1333.3478260869565,-0.001317247264747,0.0003528886258899,0.097217596347648,0.2912731598448045,0.2013246494353661,0.3017490429864402,,20233.0,0.0889279337242597,0.6086956521739131,202308.0,
T033,wf2023,2023,band,0.3,month,20,1336.95,-0.0005547419937069,-0.0001386882122558,0.096474726651855,0.2885796018624263,0.1931796239912724,0.2903746172474533,,20233.0,-0.0349494294884716,0.45,202309.0,
T033,wf2023,2023,band,0.3,month,17,1334.9411764705883,-4.857590972506404e-05,0.0002534375671906,0.1078124354992673,0.3226186259616509,0.2087802120952751,0.313428686438618,,20234.0,0.0638662669320324,0.6470588235294118,202310.0,
T033,wf2023,2023,band,0.3,month,22,1338.5,0.0024309548140061,0.0008783809181166,0.0991387109191357,0.2969818506625125,0.2043329936504594,0.3079411800641774,,20234.0,0.221351991365402,0.7727272727272727,202311.0,
T033,wf2023,2023,band,0.3,month,21,1341.7619047619048,-0.0005847128411319,0.000648900031911,0.106420625632476,0.3188405801262247,0.21473222474346,0.3218217459115234,,20234.0,0.1635228080415823,0.7619047619047619,202312.0,
T033,wf2023,2023,band,0.05,quarter,59,211.7457627118644,0.0023821807632709,0.0011504572314374,0.1001340116857782,0.0499168294979721,0.2083671998612246,0.0519488850509603,202302.11864406776,,0.2899152223222275,0.6271186440677966,,20231.0
T033,wf2023,2023,band,0.05,quarter,59,211.3728813559322,0.000835311771132,0.0011306248901045,0.105595132529925,0.052625795084769,0.2162243054740386,0.0539185959046083,202305.01694915252,,0.284917472306343,0.6610169491525424,,20232.0
T033,wf2023,2023,band,0.05,quarter,64,221.671875,-5.733632419043454e-05,0.0005631678428799,0.0968566883702242,0.0482757399618688,0.2000775248809611,0.0499381965665091,202307.984375,,0.1419182964057386,0.609375,,20233.0
T033,wf2023,2023,band,0.05,quarter,60,222.6833333333333,0.0006425053198373,0.000590563215369,0.107542925961549,0.0535734195414101,0.2085629704006287,0.052126387532056,202311.06666666668,,0.1488219302730087,0.5833333333333334,,20234.0
T033,wf2023,2023,band,0.1,quarter,59,423.96610169491527,0.0019157788214681,0.0006840552896346,0.097787593921498,0.0976027260664157,0.2024530960742807,0.101065642506153,202302.11864406776,,0.1723819329879258,0.5932203389830508,,20231.0
T033,wf2023,2023,band,0.1,quarter,59,423.271186440678,0.0006311193015592,0.0009264324205317,0.1053642635801109,0.1051485232481517,0.2117778887846458,0.1057495780811772,202305.01694915252,,0.2334609699739969,0.6271186440677966,,20232.0
T033,wf2023,2023,band,0.1,quarter,64,443.765625,-0.000180897275621,0.0004396068914493,0.1032360343662856,0.1029710226446,0.2063031021509365,0.103070030286979,202307.984375,,0.1107809366452331,0.53125,,20233.0
T033,wf2023,2023,band,0.1,quarter,60,445.9,0.0002876342538898,0.0002356921494215,0.1112044905894464,0.1109392119288779,0.2118497059064272,0.1060181587166868,202311.06666666668,,0.0593944216542239,0.5333333333333333,,20234.0
T033,wf2023,2023,band,0.2,quarter,59,848.4237288135594,0.0021699178603062,0.0009381943284726,0.1059725223460475,0.2116737512308918,0.2135185905817645,0.2132996612065386,202302.11864406776,,0.2364249707751153,0.711864406779661,,20231.0
T033,wf2023,2023,band,0.2,quarter,59,846.8644067796611,0.0004352553461285,0.000730568465101,0.1102163443069224,0.2200617903150468,0.217305674826477,0.2171011788472252,202305.01694915252,,0.1841032532054719,0.6610169491525424,,20232.0
T033,wf2023,2023,band,0.2,quarter,64,888.0,-0.000337494485721,0.0002830096813493,0.1060774869254654,0.2117413670739093,0.2080790215943122,0.2080955931705143,202307.984375,,0.0713184397000344,0.59375,,20233.0
T033,wf2023,2023,band,0.2,quarter,60,892.3,0.0006215686258729,0.0005696265214046,0.112709975544929,0.2249946096929767,0.2170782376535988,0.2174064567793876,202311.06666666668,,0.1435458833939822,0.5833333333333334,,20234.0
T033,wf2023,2023,band,0.3,quarter,59,1272.8135593220338,0.0022080869458579,0.0009763634140243,0.0994212825725821,0.2979356280101308,0.208204075264368,0.3120288774397118,202302.11864406776,,0.2460435803341422,0.7457627118644068,,20231.0
T033,wf2023,2023,band,0.3,quarter,59,1270.4406779661017,0.0004706975899804,0.000766010708953,0.1034664461218572,0.3099122629049514,0.2094395467985509,0.313899259167288,202305.01694915252,,0.1930346986561562,0.6949152542372882,,20232.0
T033,wf2023,2023,band,0.3,quarter,64,1332.265625,-0.0002980096187918,0.0003224945482785,0.0986795672439765,0.2955020091533973,0.2004981088065323,0.3008158194344639,202307.984375,,0.0812686261661866,0.59375,,20233.0
T033,wf2023,2023,band,0.3,quarter,60,1338.6333333333334,0.0006729374296506,0.0006209953251823,0.1041449363665088,0.3118961589762343,0.2092327697590407,0.3143541715835066,202311.06666666668,,0.1564908219459437,0.7333333333333333,,20234.0
T030,confirm2024,2024,raw,0.05,year,242,221.3181818181818,0.0018354768767928,0.0018912096188575,0.1198628002093446,0.0597515256043972,0.2304751995488052,0.0574820874455147,202406.5785123967,20242.528925619838,0.4765848239521043,0.6363636363636364,,
T030,confirm2024,2024,raw,0.1,year,242,443.1322314049587,0.0017388476448406,0.0017945803869053,0.1072030127433535,0.1070044826142366,0.2165353694790116,0.1081300079446793,202406.5785123967,20242.528925619838,0.4522342575001437,0.6694214876033058,,
T030,confirm2024,2024,raw,0.2,year,242,886.7851239669421,0.0016346082101849,0.0016903409522495,0.0973724922361364,0.1944982804278773,0.2051311256830371,0.2049951706213476,202406.5785123967,20242.528925619838,0.4259659199668926,0.6694214876033058,,
T030,confirm2024,2024,raw,0.3,year,242,1330.3223140495868,0.0015573597377066,0.0016130924797712,0.0936530558000107,0.2806344577547408,0.1999660429179283,0.2997743108835935,202406.5785123967,20242.528925619838,0.4064993049023654,0.6900826446280992,,
T030,confirm2024,2024,raw,0.05,month,22,223.6818181818182,-0.0096048349811292,0.0001255683904909,0.1194990057551057,0.0596390696766321,0.2197202851296428,0.0548539543447763,,20241.0,0.0316432344037166,0.5454545454545454,202401.0,
T030,confirm2024,2024,raw,0.05,month,15,219.46666666666667,0.0122669414828826,0.0066952098255124,0.130835403177323,0.0652191120996187,0.2852921153415501,0.0712347109840415,,20241.0,1.6871928760291397,0.8,202402.0,
T030,confirm2024,2024,raw,0.05,month,21,222.42857142857144,0.0067712383698992,0.004000007940535,0.1149272327992134,0.057278407853969,0.2587759640742268,0.0645359515710717,,20241.0,1.0080020010148327,0.8095238095238095,202403.0,
T030,confirm2024,2024,raw,0.05,month,20,222.3,-0.0005824302781163,0.000178775826783,0.1119362738679475,0.0557749803571248,0.218685776954117,0.0545333009824749,,20242.0,0.0450515083493366,0.5,202404.0,
T030,confirm2024,2024,raw,0.05,month,20,222.6,-0.0020680361454589,0.0007846796756161,0.1189943605083904,0.0592854882291447,0.2240900337333501,0.0558165163129489,,20242.0,0.197739278255274,0.6,202405.0,
T030,confirm2024,2024,raw,0.05,month,19,222.68421052631575,-0.0012327235065728,0.0019581206941875,0.155145552609161,0.0773113749470498,0.2597838681178377,0.0647423987753341,,20242.0,0.4934464149352524,0.5789473684210527,202406.0,
T030,confirm2024,2024,raw,0.05,month,23,222.17391304347825,0.0008055647392845,0.0008829967441565,0.1259400777512896,0.0627889353882183,0.2223929128419024,0.0554726257176515,,20243.0,0.2225151795274585,0.6086956521739131,202407.0,
T030,confirm2024,2024,raw,0.05,month,22,222.27272727272728,-0.0008675580996439,0.0014399189060073,0.1306472032533757,0.0651648262502362,0.2343544636475261,0.0586319166568033,,20243.0,0.3628595643138611,0.6818181818181818,202408.0,
T030,confirm2024,2024,raw,0.05,month,19,219.7894736842105,0.0170612391816095,0.001604069130088,0.1276783495706404,0.063639723489447,0.2332194363384909,0.0580059912059,,20243.0,0.4042254207821929,0.5789473684210527,202409.0,
T030,confirm2024,2024,raw,0.05,month,18,217.38888888888889,-0.0004409297836627,0.0023803419304979,0.085969707322169,0.0428494043886173,0.1794587803660332,0.044738680157079,,20244.0,0.599846166485493,0.5555555555555556,202410.0,
T030,confirm2024,2024,raw,0.05,month,21,219.0952380952381,0.0064441757238618,0.0022874210786944,0.1035122387311993,0.0515875640112253,0.2148119028006188,0.0535562843787442,,20244.0,0.5764301118310041,0.7142857142857143,202411.0,
T030,confirm2024,2024,raw,0.05,month,22,220.72727272727272,-0.0020578858410518,0.001848275176376,0.1144308069843,0.057045289103032,0.226943311038463,0.0565970904630779,,20244.0,0.4657653444467623,0.6818181818181818,202412.0,
T030,confirm2024,2024,raw,0.1,month,22,447.7272727272728,-0.0096621484207715,6.825495084871281e-05,0.1036598276759848,0.1035714843366323,0.2031799173689324,0.1015288794693635,,20241.0,0.0172002476138756,0.5,202401.0,
T030,confirm2024,2024,raw,0.1,month,15,439.26666666666665,0.0119413235045674,0.0063695918471972,0.1248933959442207,0.1246180482424541,0.2663245113979596,0.1331035054219188,,20241.0,1.605137145493719,0.8,202402.0,
T030,confirm2024,2024,raw,0.1,month,21,445.2857142857143,0.006146836209384,0.0033756057800197,0.1108395319283841,0.1106046734386092,0.243117774386351,0.1213882592546695,,20241.0,0.850652656564987,0.8095238095238095,202403.0,
T030,confirm2024,2024,raw,0.1,month,20,445.2,-9.957075610316052e-05,0.0006616353487962,0.1055901111027612,0.1053680669185088,0.2117900115687032,0.1057670555442234,,20242.0,0.1667321078966486,0.6,202404.0,
T030,confirm2024,2024,raw,0.1,month,20,445.8,-0.001745283232349,0.001107432588726,0.1043785978700366,0.1041426419286662,0.2140549967991987,0.1067756363732314,,20242.0,0.2790730123589616,0.75,202405.0,
T030,confirm2024,2024,raw,0.1,month,19,446.05263157894734,-0.0013104895913577,0.0018803546094026,0.1329685891615764,0.1327401240148086,0.2405194020388296,0.1200788953738708,,20242.0,0.4738493615694616,0.5789473684210527,202406.0,
T030,confirm2024,2024,raw,0.1,month,23,444.69565217391306,0.0007715860553882,0.0008490180602602,0.1106194881124343,0.1103799218197496,0.2066108851907082,0.1031472768543718,,20243.0,0.2139525511855733,0.6521739130434783,202407.0,
T030,confirm2024,2024,raw,0.1,month,22,445.1818181818182,-0.0011237763479005,0.0011837006577507,0.1127115711147981,0.1126286841776148,0.2128981807030738,0.1067047800377694,,20243.0,0.2982925657531972,0.7727272727272727,202408.0,
T030,confirm2024,2024,raw,0.1,month,19,440.10526315789474,0.016705673719043,0.0012485036675215,0.1095948786277469,0.1093739164582964,0.2168923292041495,0.1079854703555322,,20243.0,0.3146229242154422,0.5789473684210527,202409.0,
T030,confirm2024,2024,raw,0.1,month,18,435.3888888888889,-0.0006926068330198,0.0021286648811408,0.0760056121838232,0.0758438745789799,0.1750628281483379,0.0873947346134774,,20244.0,0.5364235500474914,0.6111111111111112,202410.0,
T030,confirm2024,2024,raw,0.1,month,21,438.6190476190476,0.0064045787303083,0.0022478240851409,0.0944743045959776,0.0942644391278905,0.2044627312130843,0.1020618142309472,,20244.0,0.5664516694555201,0.7142857142857143,202411.0,
T030,confirm2024,2024,raw,0.1,month,22,441.8636363636364,-0.0020681393761987,0.0018380216412291,0.1035244314077956,0.1033113685268248,0.2155853927612779,0.1076249050467196,,20244.0,0.4631814535897422,0.6818181818181818,202412.0,
T030,confirm2024,2024,raw,0.2,month,22,896.0,-0.00947123300858,0.0002591703630401,0.0940151545408696,0.1880034870442014,0.1979315304844655,0.1979389244257389,,20241.0,0.065310931486124,0.6363636363636364,202401.0,
T030,confirm2024,2024,raw,0.2,month,15,879.0666666666667,0.0118038526827115,0.0062321210253414,0.1142568238626943,0.2281590112639692,0.2504300164680787,0.2504589577535541,,20241.0,1.5704944983860425,0.8,202402.0,
T030,confirm2024,2024,raw,0.2,month,21,891.0,0.0056452397244767,0.0028740092951125,0.1020935355317371,0.2038484639201154,0.2245221949179284,0.2243114482785515,,20241.0,0.724250342368356,0.8571428571428571,202403.0,
T030,confirm2024,2024,raw,0.2,month,20,890.85,0.0003739874330799,0.0011351935379793,0.1007598431724336,0.2011801516798978,0.2079276723749571,0.2077665156087177,,20242.0,0.2860687715707853,0.6,202404.0,
T030,confirm2024,2024,raw,0.2,month,20,892.25,-0.0017285267642509,0.0011241890568241,0.095457063643725,0.1906266502438002,0.199953953436837,0.1996297367393156,,20242.0,0.2832956423196786,0.75,202405.0,
T030,confirm2024,2024,raw,0.2,month,19,892.6842105263158,-0.0017642704114881,0.0014265737892722,0.113225717362303,0.2262215639389583,0.2154840980809852,0.2153056236300551,,20242.0,0.3594965948966145,0.631578947368421,202406.0,
T030,confirm2024,2024,raw,0.2,month,23,889.9565217391304,0.0006790872237592,0.0007565192286312,0.0990896253153632,0.1978711079520971,0.1986937973601942,0.1985114862155545,,20243.0,0.1906428456150749,0.5217391304347826,202407.0,
T030,confirm2024,2024,raw,0.2,month,22,890.8636363636364,-0.0011626441791029,0.0011448328265483,0.0987749569209549,0.1974815334321432,0.201336124241461,0.2019348499670639,,20243.0,0.2884978722901836,0.7272727272727273,202408.0,
T030,confirm2024,2024,raw,0.2,month,19,880.6842105263158,0.0167098732619091,0.0012527032103876,0.0998330144978119,0.1993681297009426,0.2093853518890328,0.2086523904548391,,20243.0,0.3156812090176923,0.5789473684210527,202409.0,
T030,confirm2024,2024,raw,0.2,month,18,871.2777777777778,-0.0012007404204828,0.0016205312936778,0.0706578511468287,0.1411281858799649,0.1663980491610023,0.1662633572803097,,20244.0,0.4083738860068069,0.5,202410.0,
T030,confirm2024,2024,raw,0.2,month,21,877.7619047619048,0.0063348569240527,0.0021781022788852,0.0881223058465318,0.1759614236549284,0.1957827901664698,0.1955832355184481,,20244.0,0.5488817742790939,0.6666666666666666,202411.0,
T030,confirm2024,2024,raw,0.2,month,22,884.2272727272727,-0.0022727582262894,0.0016334027911384,0.0950463135245088,0.1898107981209813,0.2036233994401061,0.2034228908685076,,20244.0,0.411617503366901,0.7727272727272727,202412.0,
T030,confirm2024,2024,raw,0.3,month,22,1344.090909090909,-0.0094515251324176,0.0002788782392025,0.0919547315792718,0.2758650226641555,0.194544970264053,0.2918766998767343,,20241.0,0.0702773162790424,0.6818181818181818,202401.0,
T030,confirm2024,2024,raw,0.3,month,15,1318.7333333333331,0.0116206865405808,0.0060489548832106,0.1105236678594421,0.3310841754250525,0.2416582465524902,0.3625388881514197,,20241.0,1.524336630569086,0.8,202402.0,
T030,confirm2024,2024,raw,0.3,month,21,1336.571428571429,0.0052834009873895,0.0025121705580253,0.0980938513715528,0.2938039752049315,0.2140784038537598,0.3208297898324954,,20241.0,0.6330669806223871,0.8571428571428571,202403.0,
T030,confirm2024,2024,raw,0.3,month,20,1336.55,0.0006939961378823,0.0014552022427817,0.0990347990142659,0.2966757822343054,0.2040210230614541,0.3058618318064157,,20242.0,0.3667109651809945,0.65,202404.0,
T030,confirm2024,2024,raw,0.3,month,20,1338.75,-0.0017373482774831,0.0011153675435919,0.0897229973719659,0.268829610916022,0.1956001990538891,0.2929868701154792,,20242.0,0.2810726209851593,0.7,202405.0,
T030,confirm2024,2024,raw,0.3,month,19,1339.0526315789473,-0.0018610516627556,0.0013297925380047,0.1061754901418484,0.3182069592477196,0.2080619485000734,0.311834336588592,,20242.0,0.3351077195772071,0.7368421052631579,202406.0,
T030,confirm2024,2024,raw,0.3,month,23,1335.0869565217392,0.0006324615659708,0.0007098935708428,0.0951220665134845,0.284954660967753,0.1950010124514225,0.2922662841928616,,20243.0,0.1788931798524108,0.6086956521739131,202407.0,
T030,confirm2024,2024,raw,0.3,month,22,1336.3181818181818,-0.0013207178531149,0.0009867591525363,0.0937072107824297,0.2810651666746789,0.1949726583259743,0.2933118003059246,,20243.0,0.2486633064391648,0.6818181818181818,202408.0,
T030,confirm2024,2024,raw,0.3,month,19,1321.0,0.0164949632506199,0.0010377931990985,0.0932092320935886,0.2792061339089868,0.2002801262754943,0.2993232664312982,,20243.0,0.2615238861728299,0.5263157894736842,202409.0,
T030,confirm2024,2024,raw,0.3,month,18,1307.111111111111,-0.0014174189576682,0.0014038527564924,0.0700797986185128,0.2099614455623185,0.1666165846829482,0.2497359109979066,,20244.0,0.3537708946361025,0.5,202410.0,
T030,confirm2024,2024,raw,0.3,month,21,1316.857142857143,0.0063644472780537,0.0022076926328863,0.0865853782142799,0.2593760695514105,0.1949784822132387,0.292212076776465,,20244.0,0.5563385434873591,0.7619047619047619,202411.0,
T030,confirm2024,2024,raw,0.3,month,22,1326.5454545454545,-0.0023297755287731,0.0015763854886547,0.0923021989686238,0.2765368720259051,0.1987400262611501,0.2978606490244415,,20244.0,0.3972491431409919,0.7727272727272727,202412.0,
T030,confirm2024,2024,raw,0.05,quarter,58,222.1379310344828,0.0019809268694186,0.0032274279090469,0.120775535569925,0.0602274617123023,0.2508193663540372,0.0625959076437622,202401.9827586207,,0.8133118330798336,0.7068965517241379,,20241.0
T030,confirm2024,2024,raw,0.05,quarter,59,222.5254237288136,-0.0012954419507862,0.0009571763260601,0.1282436980864545,0.0639004321308363,0.2337527069150553,0.0582559647905055,202404.98305084743,,0.2412084341671528,0.559322033898305,,20242.0
T030,confirm2024,2024,raw,0.05,quarter,64,221.5,0.0050563321134681,0.0012885071018662,0.1280742015890015,0.0638582255895892,0.2297188200943853,0.0573107248573087,202407.9375,,0.3247037896702837,0.625,,20243.0
T030,confirm2024,2024,raw,0.05,quarter,61,219.1803278688525,0.001346187960525,0.002156459857079,0.1022735983411283,0.0509774505491402,0.2087550958729143,0.0520510525404715,202411.0655737705,,0.5434278839839136,0.6557377049180327,,20244.0
T030,confirm2024,2024,raw,0.1,quarter,58,444.6551724137931,0.0016488990984241,0.0028954001380525,0.1117508158367421,0.1115610607112675,0.2339706743999876,0.1168851961034972,202401.9827586207,,0.7296408347892376,0.6896551724137931,,20241.0
T030,confirm2024,2024,raw,0.1,quarter,59,445.6779661016949,-0.0010473963051668,0.0012052219716795,0.1139962266699307,0.113767398868218,0.2218096407812847,0.1107178449229261,202404.98305084743,,0.3037159368632538,0.6440677966101694,,20242.0
T030,confirm2024,2024,raw,0.1,quarter,64,443.5,0.0048504875044052,0.0010826624928033,0.1110344607037303,0.1108542760385843,0.2118244467145743,0.1058065072693217,202407.9375,,0.2728309481864363,0.671875,,20243.0
T030,confirm2024,2024,raw,0.1,quarter,61,438.8360655737705,0.0012545928535368,0.0020648647500907,0.0922885066687844,0.0920916896999588,0.1997988016867699,0.0997401841462347,202411.0655737705,,0.5203459170228705,0.6721311475409836,,20244.0
T030,confirm2024,2024,raw,0.2,quarter,58,889.8103448275862,0.0015041499701021,0.0027506510097304,0.1021750000690694,0.2041255107974895,0.2211363794992399,0.2210703640951577,202401.9827586207,,0.6931640544520836,0.7586206896551724,,20241.0
T030,confirm2024,2024,raw,0.2,quarter,59,891.9152542372881,-0.001027320753249,0.0012252975235973,0.1029767248509649,0.2056668771748164,0.2076581420300779,0.207436133829351,202404.98305084743,,0.3087749759465247,0.6610169491525424,,20242.0
T030,confirm2024,2024,raw,0.2,quarter,64,887.515625,0.004805131659101,0.0010373066474991,0.0992021517183248,0.1981816200425515,0.2027761524763787,0.2026988484511735,202407.9375,,0.2614012751697955,0.609375,,20243.0
T030,confirm2024,2024,raw,0.2,quarter,61,878.1803278688525,0.0010068522435745,0.0018171241401285,0.0854660432944144,0.170677619692696,0.1899396437061679,0.1897588848531173,202411.0655737705,,0.4579152833123823,0.6557377049180327,,20244.0
T030,confirm2024,2024,raw,0.3,quarter,58,1334.8103448275865,0.0013332442401845,0.0025797452798129,0.09897982743859,0.2966409760222547,0.2138018883625082,0.3206344190696871,202401.9827586207,,0.6500958105128509,0.7758620689655172,,20241.0
T030,confirm2024,2024,raw,0.3,quarter,59,1338.1016949152545,-0.0009530004132944,0.0012996178635519,0.0981778006850806,0.2941701709951393,0.2024678214204789,0.3034207870105279,202404.98305084743,,0.3275037016150849,0.6949152542372882,,20242.0
T030,confirm2024,2024,raw,0.3,quarter,64,1331.328125,0.0046702363282903,0.0009024113166884,0.0940678371375278,0.2819110533339376,0.196558502637321,0.2947207219587629,202407.9375,,0.2274076518054819,0.609375,,20243.0
T030,confirm2024,2024,raw,0.3,quarter,61,1317.4754098360656,0.0009325375404605,0.0017428094370144,0.083776683523653,0.2509838469716602,0.1879660201396129,0.2817153162099312,202411.0655737705,,0.4391879781276428,0.6885245901639344,,20244.0
T030,confirm2024,2024,band,0.05,year,242,221.3181818181818,0.0017261477968842,0.0017818805389489,0.1033405250444639,0.0515143094454027,0.2087122243982187,0.0520495700778981,202406.5785123967,20242.528925619838,0.4490338958151304,0.5909090909090909,,
T030,confirm2024,2024,band,0.1,year,242,443.1322314049587,0.000742530090364,0.0007982628324287,0.1052589004879477,0.1050609883193622,0.2076430312275584,0.1036855651656047,202406.5785123967,20242.528925619838,0.2011622337720324,0.5743801652892562,,
T030,confirm2024,2024,band,0.2,year,242,886.7851239669421,0.0010711211476099,0.0011268538896746,0.1050008815166802,0.2097355473239827,0.2099842122119817,0.2098415384647786,202406.5785123967,20242.528925619838,0.2839671801980127,0.6322314049586777,,
T030,confirm2024,2024,band,0.3,year,242,1330.3223140495868,0.0012101783290802,0.0012659110711448,0.0985287174781797,0.2952422669066016,0.2038474637113462,0.3055951276462369,202406.5785123967,20242.528925619838,0.3190095899285125,0.6859504132231405,,
T030,confirm2024,2024,band,0.05,month,22,223.6818181818182,-0.01104813593304,-0.0013177325614197,0.0887937046709468,0.0443036077842928,0.1674073503711132,0.0418027849746942,,20241.0,-0.3320686054777846,0.3636363636363636,202401.0,
T030,confirm2024,2024,band,0.05,month,15,219.46666666666667,0.0132645726859643,0.0076928410285941,0.1326509973767121,0.0661254299941065,0.272928123488149,0.068146516904,,20241.0,1.938595939205736,0.8,202402.0,
T030,confirm2024,2024,band,0.05,month,21,222.42857142857144,0.0055816943810192,0.002810463951655,0.1051254508326238,0.0523903662496246,0.2243514326290262,0.0559494176633776,,20241.0,0.7082369158170625,0.7619047619047619,202403.0,
T030,confirm2024,2024,band,0.05,month,20,222.3,0.0003093626933924,0.0010705687982918,0.1001796953821382,0.049922143531639,0.1973244362755741,0.049208227305746,,20242.0,0.2697833371695491,0.55,202404.0,
T030,confirm2024,2024,band,0.05,month,20,222.6,-0.0019345919380841,0.0009181238829909,0.105710137106454,0.0526733457316055,0.2121403183965007,0.0528439121019814,,20242.0,0.2313672185137206,0.55,202405.0,
T030,confirm2024,2024,band,0.05,month,19,222.68421052631575,-0.0022394046358384,0.0009514395649219,0.1157838905313013,0.0577029976309816,0.2159795942933637,0.0538264953842333,,20242.0,0.2397627703603244,0.5263157894736842,202406.0,
T030,confirm2024,2024,band,0.05,month,23,222.17391304347825,0.0012989098021428,0.0013763418070148,0.1091807577722445,0.0544305859354347,0.20953308330291,0.0522623074803875,,20243.0,0.3468381353677414,0.6086956521739131,202407.0,
T030,confirm2024,2024,band,0.05,month,22,222.27272727272728,-0.0015775169376208,0.0007299600680305,0.1034582389765719,0.0516157264074851,0.2081837331111929,0.0520486943723745,,20243.0,0.1839499371436862,0.6363636363636364,202408.0,
T030,confirm2024,2024,band,0.05,month,19,219.7894736842105,0.0192143879944743,0.0037572179429529,0.1173259588324634,0.0584770401647966,0.2271763679032235,0.0564962547152732,,20243.0,0.9468189216241418,0.631578947368421,202409.0,
T030,confirm2024,2024,band,0.05,month,18,217.38888888888889,-0.0015296504874841,0.0012916212266765,0.0883355172765265,0.0440200775161183,0.1823347122280686,0.0454518169373096,,20244.0,0.325488549122484,0.4444444444444444,202410.0,
T030,confirm2024,2024,band,0.05,month,21,219.0952380952381,0.0061964911302444,0.0020397364850769,0.0838953464801931,0.0418095405227194,0.1964603366686641,0.0489815302281102,,20244.0,0.5140135942393985,0.6666666666666666,202411.0,
T030,confirm2024,2024,band,0.05,month,22,220.72727272727272,-0.0019627123463768,0.001943448671051,0.098708275857843,0.049207393920351,0.2092655158607118,0.0521897698622242,,20244.0,0.4897490651048632,0.5909090909090909,202412.0,
T030,confirm2024,2024,band,0.1,month,22,447.7272727272728,-0.0113381550071897,-0.0016077516355695,0.0932702249257603,0.0931368657943596,0.1712181735315396,0.0855945835754799,,20241.0,-0.4051534121635151,0.3636363636363636,202401.0,
T030,confirm2024,2024,band,0.1,month,15,439.26666666666665,0.0085899516037227,0.0030182199463526,0.118700080568431,0.11843737984994,0.2386727332032139,0.1192602329835306,,20241.0,0.7605914264808608,0.7333333333333333,202402.0,
T030,confirm2024,2024,band,0.1,month,21,445.2857142857143,0.0039444622610255,0.0011732318316613,0.1036294303828829,0.1034072459719103,0.2109811645175396,0.1053475509766649,,20241.0,0.2956544215786632,0.6666666666666666,202403.0,
T030,confirm2024,2024,band,0.1,month,20,445.2,-0.0003367705649129,0.0004244355399864,0.1041950349238835,0.1039666622354392,0.200797080505001,0.1002681231105138,,20242.0,0.1069577560765843,0.55,202404.0,
T030,confirm2024,2024,band,0.1,month,20,445.8,-0.0019902384649775,0.0008624773560975,0.1165039201297871,0.1162488402964114,0.2198995746340556,0.1096869738144012,,20242.0,0.2173442937365791,0.65,202405.0,
T030,confirm2024,2024,band,0.1,month,19,446.05263157894734,-0.0029623739424594,0.0002284702583009,0.1112755441281894,0.1111030273693538,0.2130019100118062,0.1063397296791692,,20242.0,0.0575745050918495,0.5263157894736842,202406.0,
T030,confirm2024,2024,band,0.1,month,23,444.69565217391306,0.0009146925381594,0.0009921245430314,0.112132893552725,0.1118922254370762,0.2125163520092208,0.1060950542833519,,20243.0,0.2500153848439259,0.6956521739130435,202407.0,
T030,confirm2024,2024,band,0.1,month,22,445.1818181818182,-0.0021721428002138,0.0001353342054374,0.1044488611504797,0.1043980811235067,0.2050219340895152,0.1027073009602526,,20243.0,0.0341042197702394,0.4545454545454545,202408.0,
T030,confirm2024,2024,band,0.1,month,19,440.10526315789474,0.0193244871190929,0.0038673170675715,0.124612430465705,0.1243576886334302,0.2374206850608282,0.1182456020197012,,20243.0,0.974563901028019,0.5263157894736842,202409.0,
T030,confirm2024,2024,band,0.1,month,18,435.3888888888889,-0.0028706671503684,-4.939543620779087e-05,0.0973773987963172,0.0971713923243032,0.198265919130258,0.0989863408842769,,20244.0,-0.0124476499243633,0.5,202410.0,
T030,confirm2024,2024,band,0.1,month,21,438.6190476190476,0.0043477998122692,0.0001910451671017,0.0837443210544961,0.0835619886250115,0.1895934510697317,0.0946462607598796,,20244.0,0.0481433821096452,0.6190476190476191,202411.0,
T030,confirm2024,2024,band,0.1,month,22,441.8636363636364,-0.002716992426969,0.0011891685904588,0.0990810766950386,0.0988820825103649,0.2068885551957773,0.1032876429026774,,20244.0,0.2996704847956368,0.6363636363636364,202412.0,
T030,confirm2024,2024,band,0.2,month,22,896.0,-0.0105157908583177,-0.0007853874866975,0.0970863051450797,0.1940849077193056,0.1865257467245738,0.1865727697178443,,20241.0,-0.1979176466477727,0.3636363636363636,202401.0,
T030,confirm2024,2024,band,0.2,month,15,879.0666666666667,0.0098267383924319,0.0042550067350617,0.1190840272209469,0.2378003803239134,0.2473340023492039,0.2473652554375398,,20241.0,1.0722616972355616,0.7333333333333333,202402.0,
T030,confirm2024,2024,band,0.2,month,21,891.0,0.0047493627880606,0.0019781323586964,0.1066517385921903,0.2129451777704781,0.2229870228859238,0.2227810501590658,,20241.0,0.4984893543915028,0.7619047619047619,202403.0,
T030,confirm2024,2024,band,0.2,month,20,890.85,-0.0002444266113518,0.0005167794935475,0.1048025066996677,0.2092492677293097,0.2067262027038,0.2065592760853017,,20242.0,0.1302284323739755,0.6,202404.0,
T030,confirm2024,2024,band,0.2,month,20,892.25,-0.0019514994871362,0.0009012163339388,0.109686529569162,0.2190491032949429,0.2149641524645594,0.2146168628739645,,20242.0,0.2271065161526009,0.75,202405.0,
T030,confirm2024,2024,band,0.2,month,19,892.6842105263158,-0.0022567453489977,0.0009340988517626,0.1199828719619281,0.2397283299015045,0.2234916858645926,0.2233021380068023,,20242.0,0.2353929106441797,0.5789473684210527,202406.0,
T030,confirm2024,2024,band,0.2,month,23,889.9565217391304,0.0006497127225104,0.0007271447273824,0.1104336745282898,0.220526994760055,0.2084140260542998,0.2082239575505544,,20243.0,0.1832404713003824,0.6086956521739131,202407.0,
T030,confirm2024,2024,band,0.2,month,22,890.8636363636364,-0.0017669588995658,0.0005405181060854,0.1069878955820253,0.2139619545516981,0.2065980092675292,0.2071808100344766,,20243.0,0.1362105627335457,0.6818181818181818,202408.0,
T030,confirm2024,2024,band,0.2,month,19,880.6842105263158,0.017762799129069,0.0023056290775475,0.1157505178492133,0.2311530192747404,0.2243235177450878,0.2235363467487412,,20243.0,0.5810185275419872,0.631578947368421,202409.0,
T030,confirm2024,2024,band,0.2,month,18,871.2777777777778,-0.0020638356300358,0.0007574360841248,0.0842441646093275,0.1682554833500886,0.1845919758674013,0.1844434536103242,,20244.0,0.1908738931994688,0.5,202410.0,
T030,confirm2024,2024,band,0.2,month,21,877.7619047619048,0.0052022132968397,0.0010454586516723,0.0884613071543302,0.1766389704671837,0.1957642937033265,0.1955665765096703,,20244.0,0.2634555802214322,0.6666666666666666,202411.0,
T030,confirm2024,2024,band,0.2,month,22,884.2272727272727,-0.0025201460183191,0.0013860149991087,0.1005391787791966,0.200784819544344,0.2093270410476255,0.2091230629149801,,20244.0,0.3492757797754122,0.7272727272727273,202412.0,
T030,confirm2024,2024,band,0.3,month,22,1344.090909090909,-0.0100440217739168,-0.0003136184022965,0.0935031739703257,0.2804651676450207,0.1899607713726206,0.2850211651755825,,20241.0,-0.0790318373787389,0.5,202401.0,
T030,confirm2024,2024,band,0.3,month,15,1318.7333333333331,0.0104137461154286,0.0048420144580584,0.1135029462759856,0.3400162917994039,0.2410475061939761,0.3616241889318637,,20241.0,1.220187643430731,0.8,202402.0,
T030,confirm2024,2024,band,0.3,month,21,1336.571428571429,0.0048010980952848,0.0020298676659206,0.1014492555955862,0.3038510066294989,0.2158362522563831,0.3234650734951615,,20241.0,0.5115266518119951,0.8095238095238095,202403.0,
T030,confirm2024,2024,band,0.3,month,20,1336.55,0.0001520028854266,0.000913208990326,0.101156092459276,0.3030272643680977,0.2047032751449279,0.3068829652422881,,20242.0,0.2301286655621537,0.7,202404.0,
T030,confirm2024,2024,band,0.3,month,20,1338.75,-0.0018498110277069,0.0010029047933681,0.1006985572953137,0.301725152564644,0.2048865965538432,0.3069090336610554,,20242.0,0.2527320079287684,0.75,202405.0,
T030,confirm2024,2024,band,0.3,month,19,1339.0526315789473,-0.002222683277472,0.0009681609232883,0.1098822180401313,0.3293237701554822,0.211978525220951,0.3177035131782082,,20242.0,0.2439765526686642,0.6842105263157895,202406.0,
T030,confirm2024,2024,band,0.3,month,23,1335.0869565217392,0.0006022525685571,0.0006796845734291,0.101680224982255,0.3046041112857635,0.2009953074100347,0.3012498350342886,,20243.0,0.1712805125041562,0.6521739130434783,202407.0,
T030,confirm2024,2024,band,0.3,month,22,1336.3181818181818,-0.0015766655259281,0.0007308114797231,0.0987400822340546,0.2961779920334183,0.2001761631702407,0.3011400794212717,,20243.0,0.1841644928902327,0.7727272727272727,202408.0,
T030,confirm2024,2024,band,0.3,month,19,1321.0,0.0171484336148607,0.0016912635633393,0.104525909196871,0.3130975089427041,0.2135524209602829,0.3191999353016343,,20243.0,0.4261984179615138,0.631578947368421,202409.0,
T030,confirm2024,2024,band,0.3,month,18,1307.111111111111,-0.0018924324548838,0.0009288392592768,0.0780788888649441,0.2339230156756395,0.1761336690744742,0.2640036254118263,,20244.0,0.2340674933377595,0.5,202410.0,
T030,confirm2024,2024,band,0.3,month,21,1316.857142857143,0.0055853946468877,0.0014286400017203,0.0866681404893282,0.259625687590247,0.192881531620278,0.2890698447742186,,20244.0,0.3600172804335223,0.7142857142857143,202411.0,
T030,confirm2024,2024,band,0.3,month,22,1326.5454545454545,-0.0025102446153061,0.0013959164021217,0.0957579952065653,0.2868937563459894,0.2035956399405962,0.3051391104199183,,20244.0,0.3517709333346925,0.7272727272727273,202412.0,
T030,confirm2024,2024,band,0.05,quarter,58,222.1379310344828,0.0012607789959308,0.0025072800355591,0.1060493263947691,0.0528751467656578,0.2153148904430392,0.0537378757574862,202401.9827586207,,0.6318345689609153,0.6206896551724138,,20241.0
T030,confirm2024,2024,band,0.05,quarter,59,222.5254237288136,-0.0012720893724536,0.0009805289043927,0.1070795011841791,0.0533604532246363,0.2083543624578883,0.0519279017026268,202404.98305084743,,0.2470932839069755,0.5423728813559322,,20242.0
T030,confirm2024,2024,band,0.05,quarter,64,221.5,0.0056287956986975,0.0018609706870956,0.1096317485009845,0.0546642690720438,0.2143070942902253,0.0534458310598647,202407.9375,,0.4689646131480913,0.625,,20243.0
T030,confirm2024,2024,band,0.05,quarter,61,219.1803278688525,0.0009739825137725,0.0017842544103265,0.0905479287858045,0.0451299084018846,0.1969103809685711,0.049097045518538,202411.0655737705,,0.4496321114022797,0.5737704918032787,,20244.0
T030,confirm2024,2024,band,0.1,quarter,58,444.6551724137931,-0.000650972907255,0.0005955281323732,0.1035976585333402,0.1033986881143988,0.2030602632863864,0.1014531535159221,202401.9827586207,,0.1500730893580604,0.5689655172413793,,20241.0
T030,confirm2024,2024,band,0.1,quarter,59,445.6779661016949,-0.0017428014492294,0.0005098168276169,0.1106477023645595,0.1104282639094023,0.211202871067889,0.1054162169898731,202404.98305084743,,0.1284738405594645,0.576271186440678,,20242.0
T030,confirm2024,2024,band,0.1,quarter,64,443.5,0.0053190006568082,0.0015511756452063,0.1131963699354941,0.1130167977157043,0.217333619724018,0.1085377079377652,202407.9375,,0.3908962625919988,0.5625,,20243.0
T030,confirm2024,2024,band,0.1,quarter,61,438.8360655737705,-0.0003301974761032,0.0004800744204506,0.0932984853732619,0.0931031580031266,0.1983901185428871,0.0990435041923501,202411.0655737705,,0.1209787539535741,0.5901639344262295,,20244.0
T030,confirm2024,2024,band,0.2,quarter,58,889.8103448275862,0.0002722464750476,0.0015187475146759,0.1062387177921026,0.2122193518597149,0.2154535162721221,0.2154048589430354,202401.9827586207,,0.3827243736983446,0.603448275862069,,20241.0
T030,confirm2024,2024,band,0.2,quarter,59,891.9152542372881,-0.0014711302305206,0.0007814880463257,0.1113466998754784,0.2223865370951464,0.2149177819456686,0.2146824305307554,202404.98305084743,,0.1969349876740838,0.6440677966101694,,20242.0
T030,confirm2024,2024,band,0.2,quarter,64,887.515625,0.0048994293793688,0.0011316043677668,0.1108276258764105,0.2214248632162296,0.2125129006295501,0.2124112411351144,202407.9375,,0.2851643006772588,0.640625,,20243.0
T030,confirm2024,2024,band,0.2,quarter,61,878.1803278688525,0.0002730200899995,0.0010832919865534,0.0915728581369042,0.1828734936080003,0.1973590268267351,0.1971735681281717,202411.0655737705,,0.2729895806114685,0.639344262295082,,20244.0
T030,confirm2024,2024,band,0.3,quarter,58,1334.8103448275865,0.0006217374604524,0.0018682385000807,0.1015525584309355,0.3043336069724308,0.2125415665601956,0.3187516381248131,202401.9827586207,,0.4707961020203552,0.6896551724137931,,20241.0
T030,confirm2024,2024,band,0.3,quarter,59,1338.1016949152545,-0.0012913075443656,0.0009613107324807,0.1038111040314286,0.3110542368069321,0.2071082951385338,0.310376385228014,202404.98305084743,,0.2422503045851366,0.711864406779661,,20242.0
T030,confirm2024,2024,band,0.3,quarter,64,1331.328125,0.0047653969716992,0.0009975719600973,0.1015143634137752,0.304229110222174,0.2044416196628354,0.3065410425591823,202407.9375,,0.2513881339445231,0.6875,,20243.0
T030,confirm2024,2024,band,0.3,quarter,61,1317.4754098360656,0.000459083964918,0.0012693558614719,0.0874119154817921,0.261875678051942,0.1918036440337621,0.2874687283099946,202411.0655737705,,0.3198776770909324,0.6557377049180327,,20244.0
Y4,confirm2024,2024,raw,0.05,year,242,221.3181818181818,0.0017344486119544,0.0017901813540191,0.0873622914303118,0.0435481758154057,0.2014650294895742,0.050250585147021,202406.5785123967,20242.528925619838,0.4511257012128278,0.6198347107438017,,
Y4,confirm2024,2024,raw,0.1,year,242,443.1322314049587,0.0015950390203958,0.0016507717624605,0.0792067076870329,0.0790529358810475,0.1899745051118482,0.0948744494402551,202406.5785123967,20242.528925619838,0.4159944841400538,0.6239669421487604,,
Y4,confirm2024,2024,raw,0.2,year,242,886.7851239669421,0.0014718252461083,0.001527557988173,0.074950180115729,0.1497083487633378,0.18251630885162,0.1824052215452331,202406.5785123967,20242.528925619838,0.3849446130196061,0.6528925619834711,,
Y4,confirm2024,2024,raw,0.3,year,242,1330.3223140495868,0.0013372981646983,0.001393030906763,0.0739084642505355,0.2214661560839258,0.1795651663737228,0.2692086685219093,202406.5785123967,20242.528925619838,0.3510437885042883,0.6694214876033058,,
Y4,confirm2024,2024,raw,0.05,month,22,223.6818181818182,-0.008091744259179,0.0016386591124412,0.0939156757087382,0.0468617697254702,0.2169076590002796,0.0541761039466104,,20241.0,0.4129420963351846,0.6818181818181818,202401.0,
Y4,confirm2024,2024,raw,0.05,month,15,219.46666666666667,0.0078703070964469,0.0022985754390768,0.1067655256065622,0.0532303788241735,0.2385289574415696,0.0595489943117574,,20241.0,0.5792410106473621,0.6666666666666666,202402.0,
Y4,confirm2024,2024,raw,0.05,month,21,222.42857142857144,0.0052072366936147,0.0024360062642504,0.0785022572715228,0.0391300829393537,0.1998403890455554,0.0498446145240107,,20241.0,0.6138735785911211,0.6190476190476191,202403.0,
Y4,confirm2024,2024,raw,0.05,month,20,222.3,0.0011940127547301,0.0019552188596295,0.1067957746065709,0.0532229495098596,0.2205619242948767,0.0550122744755252,,20242.0,0.4927151526266372,0.55,202404.0,
Y4,confirm2024,2024,raw,0.05,month,20,222.6,-0.0001597447999582,0.0026929710211168,0.075222965830655,0.037464578228258,0.1939927651159845,0.0483129264667784,,20242.0,0.6786286973214489,0.7,202405.0,
Y4,confirm2024,2024,raw,0.05,month,19,222.68421052631575,-0.0010072490998098,0.0021835951009505,0.1197182165854506,0.0596673283222901,0.2307960684083496,0.0575240454966304,,20242.0,0.5502659654395285,0.631578947368421,202406.0,
Y4,confirm2024,2024,raw,0.05,month,23,222.17391304347825,0.0005606348723743,0.0006380668772463,0.0907148392899829,0.0452305939088652,0.1975635561518315,0.0492785953851713,,20243.0,0.1607928530660822,0.4782608695652174,202407.0,
Y4,confirm2024,2024,raw,0.05,month,22,222.27272727272728,-0.0011194635545311,0.0011880134511201,0.0697616473796901,0.0347841799424464,0.177957911537442,0.0445462410649521,,20243.0,0.2993793896822814,0.7272727272727273,202408.0,
Y4,confirm2024,2024,raw,0.05,month,19,219.7894736842105,0.0150625924836943,-0.000394577567827,0.073777476056744,0.0367749337083872,0.1818252650490201,0.0452353590851223,,20243.0,-0.0994335470924166,0.5789473684210527,202409.0,
Y4,confirm2024,2024,raw,0.05,month,18,217.38888888888889,-0.0003015785382077,0.0025196931759529,0.079162319350336,0.0394422129779766,0.1899035475760869,0.0473310585667108,,20244.0,0.6349626803401399,0.6111111111111112,202410.0,
Y4,confirm2024,2024,raw,0.05,month,21,219.0952380952381,0.0053369593386795,0.001180204693512,0.0720233750271793,0.0358946085343133,0.178608301492836,0.0445278065588029,,20244.0,0.2974115827650485,0.5238095238095238,202411.0,
Y4,confirm2024,2024,raw,0.05,month,22,220.72727272727272,-0.0005592117680175,0.0033469492494103,0.0886407379498633,0.044184382930532,0.2022278613612906,0.0504270365431887,,20244.0,0.8434312108514015,0.6818181818181818,202412.0,
Y4,confirm2024,2024,raw,0.1,month,22,447.7272727272728,-0.0084940044046028,0.0012363989670173,0.0832806182884848,0.0831721360197928,0.1982522504789197,0.0991097979661598,,20241.0,0.3115725396883723,0.7727272727272727,202401.0,
Y4,confirm2024,2024,raw,0.1,month,15,439.26666666666665,0.0082061489764585,0.0026344173190883,0.1002871595253791,0.1000640197371586,0.2250301198527655,0.1124604306941642,,20241.0,0.6638731644102759,0.7333333333333333,202402.0,
Y4,confirm2024,2024,raw,0.1,month,21,445.2857142857143,0.0051756992940424,0.0024044688646781,0.0738414956877984,0.0736852335663957,0.1933651200698528,0.0965459208339208,,20241.0,0.605926153898904,0.5714285714285714,202403.0,
Y4,confirm2024,2024,raw,0.1,month,20,445.2,0.0014038141651216,0.002165020270021,0.0987723059098319,0.0985607576275319,0.2093972645861655,0.1045832274304664,,20242.0,0.5455851080453037,0.6,202404.0,
Y4,confirm2024,2024,raw,0.1,month,20,445.8,-0.0007751245306974,0.0020775912903776,0.0671450480150647,0.0669817505154124,0.176243367912263,0.087909971047781,,20242.0,0.523553005175159,0.65,202405.0,
Y4,confirm2024,2024,raw,0.1,month,19,446.05263157894734,-0.0015928081822842,0.0015980360184761,0.1011647632217225,0.1009970097064156,0.2060404912941505,0.1028672990182994,,20242.0,0.4027050766559998,0.5789473684210527,202406.0,
Y4,confirm2024,2024,raw,0.1,month,23,444.69565217391306,0.0004909597205569,0.000568391725429,0.0796157359974328,0.0794424856596448,0.1888236412881131,0.0942607384067483,,20243.0,0.1432347148081082,0.4782608695652174,202407.0,
Y4,confirm2024,2024,raw,0.1,month,22,445.1818181818182,-0.001102412827472,0.0012050641781792,0.0655569698453979,0.0654884460474807,0.1699265198799456,0.0851895580883064,,20243.0,0.303676172901174,0.6818181818181818,202408.0,
Y4,confirm2024,2024,raw,0.1,month,19,440.10526315789474,0.0151650378562837,-0.0002921321952376,0.0699635923431949,0.0698208170603077,0.1730762319824616,0.0861998047069364,,20243.0,-0.0736173131998918,0.631578947368421,202409.0,
Y4,confirm2024,2024,raw,0.1,month,18,435.3888888888889,-0.0006853184915149,0.0021359532226457,0.0684635911004152,0.068318398370552,0.1793914426142006,0.0895601444290412,,20244.0,0.5382602121067283,0.5555555555555556,202410.0,
Y4,confirm2024,2024,raw,0.1,month,21,438.6190476190476,0.0053683675026061,0.0012116128574386,0.0677202750939903,0.0675699247083256,0.1743167601783113,0.0870094579328087,,20244.0,0.3053264400745434,0.5714285714285714,202411.0,
Y4,confirm2024,2024,raw,0.1,month,22,441.8636363636364,-0.0007636142070484,0.0031425468103794,0.0810545154562962,0.0808937202562977,0.1949593589664954,0.0973292269730595,,20244.0,0.7919217962156168,0.6818181818181818,202412.0,
Y4,confirm2024,2024,raw,0.2,month,22,896.0,-0.0088055059067224,0.0009248974648978,0.077953705394651,0.1558465972566279,0.1865080215789918,0.186557619458705,,20241.0,0.2330741611542476,0.6818181818181818,202401.0,
Y4,confirm2024,2024,raw,0.2,month,15,879.0666666666667,0.0088303181117171,0.003258586454347,0.098000209307995,0.1957078408103449,0.2181369257451836,0.2182153886634797,,20241.0,0.8211637864954529,0.7333333333333333,202402.0,
Y4,confirm2024,2024,raw,0.2,month,21,891.0,0.0048435441605654,0.0020723137312012,0.0711435879401372,0.1420524957539494,0.1865454109577211,0.1863729117385498,,20241.0,0.5222230602627185,0.6190476190476191,202403.0,
Y4,confirm2024,2024,raw,0.2,month,20,890.85,0.0014484518840525,0.0022096579889519,0.0926271756287116,0.184938895688383,0.2008343756567692,0.2006926574075848,,20242.0,0.5568338132158794,0.75,202404.0,
Y4,confirm2024,2024,raw,0.2,month,20,892.25,-0.001311987829597,0.001540727991478,0.0623998909264807,0.1246026883705652,0.1667203249744477,0.1664416037254872,,20242.0,0.3882634538524723,0.7,202405.0,
Y4,confirm2024,2024,raw,0.2,month,19,892.6842105263158,-0.002095938071334,0.0010949061294263,0.0886908522561359,0.1772122279955368,0.1919775828535173,0.1918186708984951,,20242.0,0.2759163446154347,0.631578947368421,202406.0,
Y4,confirm2024,2024,raw,0.2,month,23,889.9565217391304,0.0004675365140866,0.0005449685189586,0.0746440380615282,0.1490656069760511,0.1814781071488575,0.1813095915442406,,20243.0,0.1373320667775916,0.5652173913043478,202407.0,
Y4,confirm2024,2024,raw,0.2,month,22,890.8636363636364,-0.001039964487507,0.0012675125181442,0.0645532559100646,0.1290629643732221,0.1678413722025969,0.1683444835529375,,20243.0,0.3194131545723558,0.7272727272727273,202408.0,
Y4,confirm2024,2024,raw,0.2,month,19,880.6842105263158,0.0149833357494712,-0.0004738343020501,0.0659744749292507,0.1317473174931177,0.1664150171988604,0.1658270225257909,,20243.0,-0.1194062441166485,0.6842105263157895,202409.0,
Y4,confirm2024,2024,raw,0.2,month,18,871.2777777777778,-0.0008817232240514,0.0019395484901092,0.0672457970963967,0.134310092172589,0.1725990913333649,0.1724668690933621,,20244.0,0.4887662195075435,0.5,202410.0,
Y4,confirm2024,2024,raw,0.2,month,21,877.7619047619048,0.0055817713027573,0.0014250166575899,0.0654907047530544,0.130770847150742,0.1708714990682353,0.170691098008907,,20244.0,0.3591041977126575,0.5714285714285714,202411.0,
Y4,confirm2024,2024,raw,0.2,month,22,884.2272727272727,-0.0009580225881385,0.0029481384292893,0.0771385173795109,0.1540612984862804,0.1888235254604746,0.1886438484600246,,20244.0,0.7429308841809246,0.6818181818181818,202412.0,
Y4,confirm2024,2024,raw,0.3,month,22,1344.090909090909,-0.0089343776679716,0.0007960257036485,0.0757160951915533,0.2270865023146343,0.1810983727141007,0.2717363744676519,,20241.0,0.2005984773194298,0.7272727272727273,202401.0,
Y4,confirm2024,2024,raw,0.3,month,15,1318.7333333333331,0.0086484837887168,0.0030767521313467,0.096067057683837,0.2878013894542838,0.2100978394033466,0.3153079852014045,,20241.0,0.7753415370993717,0.7333333333333333,202402.0,
Y4,confirm2024,2024,raw,0.3,month,21,1336.571428571429,0.0044528391462595,0.0016816087168952,0.0701550107840417,0.2101283347085862,0.1801780367668238,0.2700317743200922,,20241.0,0.42376539665761,0.6666666666666666,202403.0,
Y4,confirm2024,2024,raw,0.3,month,20,1336.55,0.0014358746089397,0.0021970807138391,0.0883002868034253,0.2645050964208293,0.195157939438447,0.292577968218935,,20242.0,0.5536643398874617,0.75,202404.0,
Y4,confirm2024,2024,raw,0.3,month,20,1338.75,-0.001572821148293,0.001279894672782,0.0626476829304824,0.1876968685016634,0.165668559826865,0.2481473709770043,,20242.0,0.3225334575410754,0.7,202405.0,
Y4,confirm2024,2024,raw,0.3,month,19,1339.0526315789473,-0.0020850772955882,0.0011057669051721,0.0852219493927952,0.2554247173353062,0.1892937637521996,0.2837091458688466,,20242.0,0.2786532601033767,0.631578947368421,202406.0,
Y4,confirm2024,2024,raw,0.3,month,23,1335.0869565217392,0.000423317361049,0.000500749365921,0.0735223254673747,0.2202599896223798,0.1784754673078455,0.2674949845424536,,20243.0,0.1261888402121036,0.6521739130434783,202407.0,
Y4,confirm2024,2024,raw,0.3,month,22,1336.3181818181818,-0.0012080940576086,0.0010993829480426,0.0660625662103223,0.1981395962862943,0.1704988286980708,0.2565649990798433,,20243.0,0.2770445029067563,0.6818181818181818,202408.0,
Y4,confirm2024,2024,raw,0.3,month,19,1321.0,0.0151833169588498,-0.0002738530926716,0.0679216354105166,0.2034612761507034,0.1702944497143155,0.2544787740067332,,20243.0,-0.069010979353251,0.6842105263157895,202409.0,
Y4,confirm2024,2024,raw,0.3,month,18,1307.111111111111,-0.001046233736612,0.0017750379775486,0.0661627366705175,0.1982276210849979,0.168237776140907,0.2521710499033592,,20244.0,0.4473095703422614,0.5555555555555556,202410.0,
Y4,confirm2024,2024,raw,0.3,month,21,1316.857142857143,0.0055858661186175,0.0014291114734501,0.0679621566817421,0.2035987849576597,0.1700503253610623,0.2548519951798668,,20244.0,0.3601360913094386,0.5714285714285714,202411.0,
Y4,confirm2024,2024,raw,0.3,month,22,1326.5454545454545,-0.0014005112924277,0.0025056497250001,0.0733918710904227,0.2198906878525205,0.1832475852659329,0.2746430828384194,,20244.0,0.6314237307000393,0.6818181818181818,202412.0,
Y4,confirm2024,2024,raw,0.05,quarter,58,222.1379310344828,0.0008515207467357,0.0020980217863641,0.0916581922826319,0.0457094199663685,0.2163198453376958,0.0539973466638968,202401.9827586207,,0.5287014901637593,0.6551724137931034,,20241.0
Y4,confirm2024,2024,raw,0.05,quarter,59,222.5254237288136,2.623095252626628e-05,0.0022788492293726,0.1002545919299675,0.049956437167557,0.2148511709826418,0.0535501844624076,202404.98305084743,,0.5742700058019112,0.6271186440677966,,20242.0
Y4,confirm2024,2024,raw,0.05,quarter,64,221.5,0.0042883697039862,0.0005205446923843,0.0784838998609519,0.0391293649858918,0.186151810644488,0.0464515128110189,202407.9375,,0.1311772624808463,0.59375,,20243.0
Y4,confirm2024,2024,raw,0.05,quarter,61,219.1803278688525,0.0015466405496416,0.0023569124461956,0.0801230960454723,0.039931197332719,0.1904598547158609,0.0474825868178001,202411.0655737705,,0.5939419364413012,0.6065573770491803,,20244.0
Y4,confirm2024,2024,raw,0.1,quarter,58,444.6551724137931,0.00077437625725,0.0020208772968784,0.0842612483563986,0.0841058136790885,0.2034080832723211,0.1016342474686262,202401.9827586207,,0.5092610788133674,0.6896551724137931,,20241.0
Y4,confirm2024,2024,raw,0.1,quarter,59,445.6779661016949,-0.0002998230978799,0.0019527951789664,0.088821653893401,0.0886405652081488,0.1970776607552107,0.0983786889985193,202404.98305084743,,0.4921043850995467,0.6101694915254238,,20242.0
Y4,confirm2024,2024,raw,0.1,quarter,64,443.5,0.0042996048537158,0.0005317798421139,0.0719175549853189,0.0717893516775352,0.1776527436664403,0.0887494304801523,202407.9375,,0.1340085202127245,0.59375,,20243.0
Y4,confirm2024,2024,raw,0.1,quarter,61,438.8360655737705,0.0013704995434818,0.0021807714400357,0.0727486845380293,0.0725960891013659,0.1832590791485746,0.0914840034380169,202411.0655737705,,0.5495544028890179,0.6065573770491803,,20244.0
Y4,confirm2024,2024,raw,0.2,quarter,58,889.8103448275862,0.0006973805017196,0.0019438815413479,0.0806724138800885,0.1611611234936884,0.1947014481211676,0.1946780966302285,202401.9827586207,,0.4898581484196954,0.6724137931034483,,20241.0
Y4,confirm2024,2024,raw,0.2,quarter,59,891.9152542372881,-0.0006287041062074,0.0016239141706389,0.0811130088808547,0.1619976951371892,0.1864181031667995,0.1862244062666584,202404.98305084743,,0.409226371001022,0.6949152542372882,,20242.0
Y4,confirm2024,2024,raw,0.2,quarter,64,887.515625,0.0042587109427936,0.0004908859311917,0.0686015551420677,0.1370483313910828,0.172318624682175,0.1722564479948779,202407.9375,,0.1237032546603143,0.65625,,20243.0
Y4,confirm2024,2024,raw,0.2,quarter,61,878.1803278688525,0.0013158964325562,0.0021261683291101,0.0702094513098118,0.1402150494421369,0.1778557817141631,0.1776898584916083,202411.0655737705,,0.5357944189357694,0.5901639344262295,,20244.0
Y4,confirm2024,2024,raw,0.3,quarter,58,1334.8103448275865,0.0004600098311521,0.0017065108707805,0.0789657790678724,0.2366486020968366,0.1882650097045468,0.2823877116729542,202401.9827586207,,0.4300407394366869,0.7068965517241379,,20241.0
Y4,confirm2024,2024,raw,0.3,quarter,59,1338.1016949152545,-0.0007178881254787,0.0015347301513676,0.0786131598837502,0.2355442191156046,0.1832730762135259,0.2746606873801165,202404.98305084743,,0.3867519981446592,0.6949152542372882,,20242.0
Y4,confirm2024,2024,raw,0.3,quarter,64,1331.328125,0.0042443945664825,0.0004765695548806,0.0692953283621332,0.2076689863511965,0.1733047581876562,0.2598736145368893,202407.9375,,0.1200955278299258,0.671875,,20243.0
Y4,confirm2024,2024,raw,0.3,quarter,61,1317.4754098360656,0.001109175947517,0.001919447844071,0.069389437940577,0.2078896196130536,0.1742751422781829,0.2611986658931622,202411.0655737705,,0.4837008567058979,0.6065573770491803,,20244.0
Y4,confirm2024,2024,band,0.05,year,242,221.3181818181818,0.0011249661233392,0.0011806988654039,0.0783287597700203,0.0390497378347575,0.1893678190494347,0.0472288874895361,202406.5785123967,20242.528925619838,0.2975361140817953,0.5950413223140496,,
Y4,confirm2024,2024,band,0.1,year,242,443.1322314049587,0.000683499057915,0.0007392317999797,0.0924894521827594,0.092323873147627,0.2018148468102726,0.1007723811685139,202406.5785123967,20242.528925619838,0.1862864135948916,0.5826446280991735,,
Y4,confirm2024,2024,band,0.2,year,242,886.7851239669421,0.0010370949368877,0.0010928276789523,0.0855462856367973,0.1708784758199723,0.1942961306134077,0.1941671185029918,202406.5785123967,20242.528925619838,0.2753925750959992,0.6157024793388429,,
Y4,confirm2024,2024,band,0.3,year,242,1330.3223140495868,0.0011299540209238,0.0011856867629885,0.0803883761803879,0.2408898338493844,0.1871657164130682,0.2805927959458522,202406.5785123967,20242.528925619838,0.2987930642731121,0.640495867768595,,
Y4,confirm2024,2024,band,0.05,month,22,223.6818181818182,-0.0111113553570913,-0.0013809519854711,0.0538333871948024,0.0268957118777137,0.1363162088302223,0.0340458279343364,,20241.0,-0.3479999003387228,0.4090909090909091,202401.0,
Y4,confirm2024,2024,band,0.05,month,15,219.46666666666667,0.0106881600505533,0.0051164283931832,0.121818143612904,0.0607349610205118,0.2528510192798882,0.0631551569628137,,20241.0,1.2893399550821716,0.8666666666666667,202402.0,
Y4,confirm2024,2024,band,0.05,month,21,222.42857142857144,0.0045727215061503,0.001801491076786,0.0770400039710342,0.0383979240407951,0.1909138969069443,0.0476163813323464,,20241.0,0.4539757513500961,0.6190476190476191,202403.0,
Y4,confirm2024,2024,band,0.05,month,20,222.3,0.0014793188439845,0.0022405249488839,0.0949732932898858,0.0473210225584598,0.2057341469933523,0.0513028813463336,,20242.0,0.5646122871187627,0.6,202404.0,
Y4,confirm2024,2024,band,0.05,month,20,222.6,-0.0009975393001162,0.0018551765209588,0.0756433786805885,0.0376848640607891,0.1917256708872542,0.0477512426243592,,20242.0,0.4675044832816329,0.75,202405.0,
Y4,confirm2024,2024,band,0.05,month,19,222.68421052631575,-0.0020002255613214,0.0011906186394389,0.1009145452759309,0.0503045986064688,0.2103267218333719,0.0524231176276102,,20242.0,0.3000358971386063,0.631578947368421,202406.0,
Y4,confirm2024,2024,band,0.05,month,23,222.17391304347825,0.0004622838318638,0.0005397158367358,0.0829169120496262,0.0413449511518567,0.1960001657134024,0.048888564350128,,20243.0,0.1360083908574366,0.5217391304347826,202407.0,
Y4,confirm2024,2024,band,0.05,month,22,222.27272727272728,-0.0017238889993329,0.0005835880063183,0.0623684711656223,0.0311072143363832,0.1742381948791867,0.0436032058873069,,20243.0,0.1470641775922297,0.6818181818181818,202408.0,
Y4,confirm2024,2024,band,0.05,month,19,219.7894736842105,0.0154018234519363,-5.53465995850729e-05,0.0857163986014419,0.0427333505586071,0.2010911732257467,0.0499902077992842,,20243.0,-0.0139473430954383,0.5789473684210527,202409.0,
Y4,confirm2024,2024,band,0.05,month,18,217.38888888888889,-0.0018139641384339,0.0010073075757267,0.0668122561818361,0.0332863241892582,0.1833029863912581,0.0456861614587558,,20244.0,0.2538415090831511,0.4444444444444444,202410.0,
Y4,confirm2024,2024,band,0.05,month,21,219.0952380952381,0.0037555146268935,-0.0004012400182739,0.056399847418772,0.028109291749861,0.1527695738494845,0.0380901480316809,,20244.0,-0.101112484605023,0.5238095238095238,202411.0,
Y4,confirm2024,2024,band,0.05,month,22,220.72727272727272,-0.0010384230137676,0.0028677380036602,0.0773444993428204,0.0385622615440436,0.2005046919584816,0.0500101822031545,,20244.0,0.7226699769223786,0.5909090909090909,202412.0,
Y4,confirm2024,2024,band,0.1,month,22,447.7272727272728,-0.010420793074419,-0.0006903897027988,0.0750880464297406,0.0750367556403912,0.1696704782966309,0.0848297659100132,,20241.0,-0.1739782051052985,0.5,202401.0,
Y4,confirm2024,2024,band,0.1,month,15,439.26666666666665,0.0084532554467214,0.0028815237893513,0.1155639037007356,0.1153154147392433,0.2364144754368413,0.1181314361562426,,20241.0,0.726143994916529,0.6666666666666666,202402.0,
Y4,confirm2024,2024,band,0.1,month,21,445.2857142857143,0.003851825392048,0.0010805949626838,0.0889677602532991,0.088777497792895,0.1953681275037508,0.0975496011316324,,20241.0,0.2723099305963198,0.6190476190476191,202403.0,
Y4,confirm2024,2024,band,0.1,month,20,445.2,0.0004515634566787,0.0012127695615781,0.0983275289369129,0.0981152315586033,0.2071808035522859,0.1034536513496278,,20242.0,0.3056179295176979,0.7,202404.0,
Y4,confirm2024,2024,band,0.1,month,20,445.8,-0.0014037648050606,0.0014489510160144,0.0991000671190218,0.0988785807401947,0.211560776724371,0.1055147840017438,,20242.0,0.3651356560356351,0.65,202405.0,
Y4,confirm2024,2024,band,0.1,month,19,446.05263157894734,-0.002483781228818,0.0007070629719423,0.1065572602901408,0.1063988289552338,0.2190027465237377,0.1093358911008547,,20242.0,0.178179868929484,0.5789473684210527,202406.0,
Y4,confirm2024,2024,band,0.1,month,23,444.69565217391306,0.0002505560806505,0.0003279880855225,0.0978501020282389,0.0976417174996622,0.2061708357380742,0.1029211168553454,,20243.0,0.0826529975516783,0.6086956521739131,202407.0,
Y4,confirm2024,2024,band,0.1,month,22,445.1818181818182,-0.0019452071281602,0.000362269877491,0.0883132245736308,0.0882949813584288,0.1985853718779721,0.0995001721792136,,20243.0,0.0912920091277451,0.5909090909090909,202408.0,
Y4,confirm2024,2024,band,0.1,month,19,440.10526315789474,0.016449080514352,0.0009919104628306,0.1028997348301943,0.1026938140190635,0.2165723002517027,0.1077985651899272,,20243.0,0.2499614366333231,0.5789473684210527,202409.0,
Y4,confirm2024,2024,band,0.1,month,18,435.3888888888889,-0.0028616239114547,-4.0352197294043234e-05,0.0790169983658324,0.0788512047283865,0.1885138975936119,0.0941146410279233,,20244.0,-0.0101687537180988,0.3888888888888889,202410.0,
Y4,confirm2024,2024,band,0.1,month,21,438.6190476190476,0.0035486838848934,-0.0006080707602739,0.0754642780790436,0.0752979307861853,0.1781338964352371,0.0889259210806366,,20244.0,-0.1532338315890359,0.4761904761904761,202411.0,
Y4,confirm2024,2024,band,0.1,month,22,441.8636363636364,-0.0020591349523041,0.0018470260651237,0.0909088618192655,0.0907293734732527,0.2073576235020957,0.1035239769676464,,20244.0,0.4654505684111928,0.6363636363636364,202412.0,
Y4,confirm2024,2024,band,0.2,month,22,896.0,-0.0094509922938092,0.000279411077811,0.0815190230144954,0.1629723121452787,0.1875064119774033,0.1875890108340889,,20241.0,0.0704115916083763,0.5909090909090909,202401.0,
Y4,confirm2024,2024,band,0.2,month,15,879.0666666666667,0.0081694000666529,0.0025976684092828,0.1051602010496426,0.2099972068387933,0.2260737718070534,0.2260958559223024,,20241.0,0.6546124391392745,0.7333333333333333,202402.0,
Y4,confirm2024,2024,band,0.2,month,21,891.0,0.0041937910943742,0.00142256066501,0.0812033193680237,0.1621366996855625,0.1923435679915289,0.1921679056273401,,20241.0,0.3584852875825384,0.6190476190476191,202403.0,
Y4,confirm2024,2024,band,0.2,month,20,890.85,0.0007239541466301,0.0014851602515295,0.0976156136429254,0.1949027605186501,0.2057091194453447,0.2055544164904711,,20242.0,0.3742603833854518,0.6,202404.0,
Y4,confirm2024,2024,band,0.2,month,20,892.25,-0.0013693646237858,0.0014833511972892,0.0837367215904029,0.167215211059323,0.1920239044330153,0.1916983398159204,,20242.0,0.3738045017168793,0.8,202405.0,
Y4,confirm2024,2024,band,0.2,month,19,892.6842105263158,-0.0021691628378601,0.0010216813629003,0.1030302035411501,0.2058752387922254,0.2115059142768162,0.2113279074553141,,20242.0,0.2574637034508758,0.6842105263157895,202406.0,
Y4,confirm2024,2024,band,0.2,month,23,889.9565217391304,0.0003070067011741,0.0003844387060461,0.0890198710486227,0.1777738710190242,0.1960536009962076,0.1958694229725689,,20243.0,0.0968785539236276,0.5652173913043478,202407.0,
Y4,confirm2024,2024,band,0.2,month,22,890.8636363636364,-0.0016673568052328,0.0006401202004184,0.0784714233950448,0.1569498445520377,0.1844584356789547,0.1850063557850064,,20243.0,0.1613102905054546,0.6818181818181818,202408.0,
Y4,confirm2024,2024,band,0.2,month,19,880.6842105263158,0.0158301710811266,0.0003730010296052,0.0867036454760557,0.1731457135539123,0.193431677791131,0.1926938511539744,,20243.0,0.0939962594605243,0.5789473684210527,202409.0,
Y4,confirm2024,2024,band,0.2,month,18,871.2777777777778,-0.0017772383357096,0.001044033378451,0.0719803373906673,0.1437570443222415,0.1796338512085011,0.179489661551654,,20244.0,0.2630964113696571,0.3888888888888889,202410.0,
Y4,confirm2024,2024,band,0.2,month,21,877.7619047619048,0.0045918174055697,0.0004350627604023,0.0715062390499012,0.1427800238310054,0.1756600270619406,0.1754795924596131,,20244.0,0.1096358156213834,0.5714285714285714,202411.0,
Y4,confirm2024,2024,band,0.2,month,22,884.2272727272727,-0.0015081788980023,0.0023979821194256,0.0828643007922814,0.1654959566949333,0.1966426370569151,0.1964559153381904,,20244.0,0.6042914940952524,0.5909090909090909,202412.0,
Y4,confirm2024,2024,band,0.3,month,22,1344.090909090909,-0.0092592386602032,0.0004711647114169,0.0789425218042416,0.2367648095518015,0.1844403969342166,0.2767689094136432,,20241.0,0.1187335072770784,0.6363636363636364,202401.0,
Y4,confirm2024,2024,band,0.3,month,15,1318.7333333333331,0.0084669955763172,0.002895263918947,0.1008714245494841,0.3021876416637727,0.2184847165012086,0.3278269707277897,,20241.0,0.7296065075746688,0.7333333333333333,202402.0,
Y4,confirm2024,2024,band,0.3,month,21,1336.571428571429,0.0042890632119999,0.0015178327826357,0.0764613843933831,0.2290165511798226,0.1877720348854725,0.2814141429005867,,20241.0,0.3824938612242132,0.6666666666666666,202403.0,
Y4,confirm2024,2024,band,0.3,month,20,1336.55,0.001045548193821,0.0018067542987204,0.0937228188538858,0.2807529912443802,0.2006042897859781,0.3007406099362292,,20242.0,0.455302083277555,0.75,202404.0,
Y4,confirm2024,2024,band,0.3,month,20,1338.75,-0.0016212444267118,0.0012314713943632,0.0739945838419279,0.2217003788693573,0.1791081675069857,0.2682687657677933,,20242.0,0.3103307913795343,0.75,202405.0,
Y4,confirm2024,2024,band,0.3,month,19,1339.0526315789473,-0.0022989893898099,0.0008918548109504,0.0937585500014825,0.2810238141735524,0.1995230474501503,0.29903957894142,,20242.0,0.2247474123595181,0.631578947368421,202406.0,
Y4,confirm2024,2024,band,0.3,month,23,1335.0869565217392,0.0003733668139267,0.0004507988187987,0.0828710956759904,0.2482664569043802,0.1886050100117376,0.282676258038893,,20243.0,0.1136013023372912,0.6086956521739131,202407.0,
Y4,confirm2024,2024,band,0.3,month,22,1336.3181818181818,-0.0014159778399958,0.0008914991656554,0.0741228920930927,0.2223848219008182,0.179408914404293,0.269901878420226,,20243.0,0.2246577897451732,0.6818181818181818,202408.0,
Y4,confirm2024,2024,band,0.3,month,19,1321.0,0.0154999040561728,4.273400465141645e-05,0.0777167787846605,0.2327963892239025,0.1807607029796539,0.2701226898689502,,20243.0,0.0107689691721569,0.5789473684210527,202409.0,
Y4,confirm2024,2024,band,0.3,month,18,1307.111111111111,-0.0015702083061222,0.0012510634080384,0.0696078012182347,0.2085454779347679,0.1737907604858688,0.2604969977286589,,20244.0,0.315267978825699,0.4444444444444444,202410.0,
Y4,confirm2024,2024,band,0.3,month,21,1316.857142857143,0.0050701883965479,0.0009134337513805,0.0700450090578618,0.2098333347069699,0.1725131388829662,0.2585437000408804,,20244.0,0.2301853053478928,0.5714285714285714,202411.0,
Y4,confirm2024,2024,band,0.3,month,22,1326.5454545454545,-0.0015851237531592,0.0023210372642686,0.0784312443575049,0.2349903314800551,0.1891077183099454,0.2834277049261626,,20244.0,0.5849013905957005,0.6363636363636364,202412.0,
Y4,confirm2024,2024,band,0.05,quarter,58,222.1379310344828,0.000205167836749,0.0014516688763774,0.079818047515016,0.039811835887484,0.1862226503191214,0.0464875789133945,202401.9827586207,,0.3658205568471153,0.603448275862069,,20241.0
Y4,confirm2024,2024,band,0.05,quarter,59,222.5254237288136,-0.0004808253353854,0.0017717929414609,0.0903340644008843,0.0450153407780998,0.2024644758041728,0.0504596900735331,202404.98305084743,,0.4464918212481598,0.6610169491525424,,20242.0
Y4,confirm2024,2024,band,0.05,quarter,64,221.5,0.0041459627458489,0.000378137734247,0.0766844830658202,0.0382379101954167,0.1900308810943679,0.0473987727775015,202407.9375,,0.095290709030262,0.59375,,20243.0
Y4,confirm2024,2024,band,0.05,quarter,61,219.1803278688525,0.0003831007601649,0.0011933726567189,0.0670261703706444,0.0334068641987326,0.1789953775240724,0.0446306233343,202411.0655737705,,0.3007299094931731,0.5245901639344263,,20244.0
Y4,confirm2024,2024,band,0.1,quarter,58,444.6551724137931,-0.0003719014259204,0.0008745996137078,0.0905813541773209,0.0904287465315181,0.1962361781320218,0.0980477244160036,202401.9827586207,,0.2203991026543807,0.5862068965517241,,20241.0
Y4,confirm2024,2024,band,0.1,quarter,59,445.6779661016949,-0.0011226418697488,0.0011299764070975,0.1012396587564639,0.1010415931546678,0.2124726066014264,0.1060466209820961,202404.98305084743,,0.2847540545885907,0.6440677966101694,,20242.0
Y4,confirm2024,2024,band,0.1,quarter,64,443.5,0.0043046994188769,0.000536874407275,0.0960709101412979,0.0959286181053105,0.2066512673136476,0.1031931595972541,202407.9375,,0.1352923506333145,0.59375,,20243.0
Y4,confirm2024,2024,band,0.1,quarter,61,438.8360655737705,-0.0003653743897395,0.0004448975068143,0.0820827995126023,0.0819118761972526,0.1917365524405098,0.095721891384987,202411.0655737705,,0.1121141717172247,0.5081967213114754,,20244.0
Y4,confirm2024,2024,band,0.2,quarter,58,889.8103448275862,4.635833651469691e-05,0.001292859376143,0.0875188142895179,0.1748313735030146,0.1992321132488066,0.1992055533682523,202401.9827586207,,0.3258005627880466,0.6379310344827587,,20241.0
Y4,confirm2024,2024,band,0.2,quarter,59,891.9152542372881,-0.0009173271773297,0.0013352910995166,0.0946545859652274,0.1890506604849448,0.2029368279462154,0.2027167011487932,202404.98305084743,,0.3364933570781909,0.6949152542372882,,20242.0
Y4,confirm2024,2024,band,0.2,quarter,64,887.515625,0.0042367586711451,0.0004689336595432,0.0847062127008495,0.1692416276735425,0.1912893794668948,0.191192495743199,202407.9375,,0.1181712822048968,0.609375,,20243.0
Y4,confirm2024,2024,band,0.2,quarter,61,878.1803278688525,0.0005124252412809,0.0013226971378349,0.0757424870575431,0.1512609564842621,0.1844001295951788,0.1842281227380629,202411.0655737705,,0.3333196787344006,0.5245901639344263,,20244.0
Y4,confirm2024,2024,band,0.3,quarter,58,1334.8103448275865,0.0002305519064187,0.001477052946047,0.0837154468999418,0.2508791036184913,0.1944512450459623,0.2916554753263676,202401.9827586207,,0.372217342403866,0.6724137931034483,,20241.0
Y4,confirm2024,2024,band,0.3,quarter,59,1338.1016949152545,-0.0009355037807492,0.0013171144960971,0.0870467882024482,0.2608223707046143,0.1929692719900361,0.2891854154909734,202404.98305084743,,0.3319128530164854,0.711864406779661,,20242.0
Y4,confirm2024,2024,band,0.3,quarter,64,1331.328125,0.0042489703329326,0.0004811453213307,0.0783337128672558,0.2347769685292639,0.1831150734965287,0.2745582244945245,202407.9375,,0.1212486209753514,0.625,,20243.0
Y4,confirm2024,2024,band,0.3,quarter,61,1317.4754098360656,0.0007104505614394,0.0015207224579933,0.0729405407870234,0.2185263266267771,0.1788750722640447,0.2680946421040971,202411.0655737705,,0.3832220594143236,0.5573770491803278,,20244.0
Market,confirm2024,2024,raw,0.05,year,242,221.3181818181818,0.0020739393316724,0.0021296720737371,0.1155513855702811,0.0576006420161043,0.2293735507217862,0.0572108670083567,202406.5785123967,20242.528925619838,0.5366773625817629,0.6611570247933884,,
Market,confirm2024,2024,raw,0.1,year,242,443.1322314049587,0.0019159161253563,0.0019716488674209,0.1055907705828596,0.1053905200910567,0.2167812922063271,0.1082606260562051,202406.5785123967,20242.528925619838,0.4968555145900855,0.6735537190082644,,
Market,confirm2024,2024,raw,0.2,year,242,886.7851239669421,0.0018002030682415,0.0018559358103062,0.0971854302361819,0.1941257093467213,0.2068483658182031,0.2067276650665488,202406.5785123967,20242.528925619838,0.4676958241971722,0.6776859504132231,,
Market,confirm2024,2024,raw,0.3,year,242,1330.3223140495868,0.0016597930820273,0.001715525824092,0.0923757142622911,0.2768110020127634,0.2005794250182171,0.3007181039899543,202406.5785123967,20242.528925619838,0.4323125076711919,0.6818181818181818,,
Market,confirm2024,2024,raw,0.05,month,22,223.6818181818182,-0.0102527528827673,-0.0005223495111471,0.1185905303150093,0.0591949005687468,0.2223623052207199,0.0555376852647893,,20241.0,-0.131632076809074,0.5,202401.0,
Market,confirm2024,2024,raw,0.05,month,15,219.46666666666667,0.0175561295174938,0.0119843978601236,0.1558539009274588,0.0776865214945607,0.3098802334046337,0.0773308779902228,,20241.0,3.020068260751161,0.8666666666666667,202402.0,
Market,confirm2024,2024,raw,0.05,month,21,222.42857142857144,0.005632234163668,0.0028610037343038,0.1166720076120159,0.0581540487377924,0.2470845523741009,0.0616251816683964,,20241.0,0.7209729410445606,0.7619047619047619,202403.0,
Market,confirm2024,2024,raw,0.05,month,20,222.3,0.0026538599886954,0.0034150660935948,0.1445694672757075,0.0720431679684371,0.2553800111075821,0.0636969269916686,,20242.0,0.8605966555859065,0.75,202404.0,
Market,confirm2024,2024,raw,0.05,month,20,222.6,-0.0028585890400045,-5.873218929468684e-06,0.0967694645822118,0.0482136882957928,0.2050375180931103,0.0510561748009112,,20242.0,-0.0014800511702261,0.7,202405.0,
Market,confirm2024,2024,raw,0.05,month,19,222.68421052631575,-0.0021782314884204,0.0010126127123399,0.141445648170804,0.0704875006893152,0.2508286709728143,0.0625202532273104,,20242.0,0.2551784035096751,0.631578947368421,202406.0,
Market,confirm2024,2024,raw,0.05,month,23,222.17391304347825,0.000602609358678,0.00068004136355,0.1127035185857281,0.0561905718692386,0.222303074381868,0.0554423706066102,,20243.0,0.1713704236146055,0.5217391304347826,202407.0,
Market,confirm2024,2024,raw,0.05,month,22,222.27272727272728,-0.0012075474567854,0.0010999295488658,0.1087892142363258,0.0542654344495607,0.2135027639511944,0.0534593630425476,,20243.0,0.2771822463141937,0.6818181818181818,202408.0,
Market,confirm2024,2024,raw,0.05,month,19,219.7894736842105,0.0151554147673822,-0.0003017552841392,0.1213709358456803,0.0604738011078637,0.2307864052424824,0.057412564305345,,20243.0,-0.0760423316030832,0.5263157894736842,202409.0,
Market,confirm2024,2024,raw,0.05,month,18,217.38888888888889,0.0015002839062588,0.0043215556204195,0.1053198623095076,0.0524786547292829,0.2187645428723287,0.0545313635407344,,20244.0,1.089032016345726,0.6666666666666666,202410.0,
Market,confirm2024,2024,raw,0.05,month,21,219.0952380952381,0.005728090394751,0.0015713357495835,0.0800511467654097,0.0398868849557988,0.1939625481818142,0.0483515359563611,,20244.0,0.3959766088950579,0.7142857142857143,202411.0,
Market,confirm2024,2024,raw,0.05,month,22,220.72727272727272,-0.0014193572541204,0.0024868037633074,0.0992660904330169,0.0494849895436395,0.2090638920707756,0.0521407216650159,,20244.0,0.626674548353489,0.6818181818181818,202412.0,
Market,confirm2024,2024,raw,0.1,month,22,447.7272727272728,-0.0100364104272519,-0.0003060070556317,0.1065432861978155,0.1064609075242632,0.2072052574134164,0.1035979868711777,,20241.0,-0.0771137780191907,0.5,202401.0,
Market,confirm2024,2024,raw,0.1,month,15,439.26666666666665,0.0170357119477928,0.0114639802904227,0.1478930258088443,0.1475635081774888,0.2985235933646883,0.1491404871845208,,20241.0,2.888923033186525,0.8666666666666667,202402.0,
Market,confirm2024,2024,raw,0.1,month,21,445.2857142857143,0.0053116414422174,0.0025404110128532,0.1047914111540196,0.1045716711607595,0.227890999966136,0.1137888626665383,,20241.0,0.6401835752390094,0.7619047619047619,202403.0,
Market,confirm2024,2024,raw,0.1,month,20,445.2,0.0019537500019385,0.0027149561068378,0.1282569209870142,0.1279913119023445,0.2346437313784797,0.1171998355435545,,20242.0,0.6841689389231486,0.7,202404.0,
Market,confirm2024,2024,raw,0.1,month,20,445.8,-0.0024567104784104,0.0003960053426646,0.0910192050114105,0.0908123235800586,0.1994674503356558,0.0994679765909275,,20242.0,0.0997933463514861,0.65,202405.0,
Market,confirm2024,2024,raw,0.1,month,19,446.05263157894734,-0.0024530593413858,0.0007377848593745,0.1306327826323136,0.1304045212580956,0.2356425197720326,0.1176501763370386,,20242.0,0.1859217845623875,0.631578947368421,202406.0,
Market,confirm2024,2024,raw,0.1,month,23,444.69565217391306,0.000692562849001,0.000769994853873,0.106363654427406,0.10613287983589,0.2130196555754844,0.106338680261533,,20243.0,0.1940387031760009,0.5652173913043478,202407.0,
Market,confirm2024,2024,raw,0.1,month,22,445.1818181818182,-0.0013622096392639,0.0009452673663874,0.1005684066748991,0.1004503973106643,0.2049137566324421,0.1027315864021072,,20243.0,0.2382073763296313,0.6818181818181818,202408.0,
Market,confirm2024,2024,raw,0.1,month,19,440.10526315789474,0.0152479970109234,-0.000209173040598,0.1086972385413169,0.1084775879173466,0.2195008757323806,0.1093325329889741,,20243.0,-0.0527116062306998,0.6842105263157895,202409.0,
Market,confirm2024,2024,raw,0.1,month,18,435.3888888888889,0.0008847861838046,0.0037060578979653,0.0897526747946412,0.0895556288818716,0.2005992486414753,0.1001444160772436,,20244.0,0.933926590287276,0.6111111111111112,202410.0,
Market,confirm2024,2024,raw,0.1,month,21,438.6190476190476,0.0059968229140331,0.0018400682688657,0.0782137467471362,0.0780371664892429,0.1865371175796024,0.0931081023154369,,20244.0,0.4636972037541644,0.7142857142857143,202411.0,
Market,confirm2024,2024,raw,0.1,month,22,441.8636363636364,-0.0019768995420847,0.0019292614753432,0.0881954733815459,0.0880149364670142,0.1987919696973723,0.0992482029959343,,20244.0,0.486173891786488,0.7727272727272727,202412.0,
Market,confirm2024,2024,raw,0.2,month,22,896.0,-0.0099435123555903,-0.0002131089839701,0.0966009056167615,0.1931960057327232,0.2001701377738675,0.2002411819808568,,20241.0,-0.053703463960481,0.5,202401.0,
Market,confirm2024,2024,raw,0.2,month,15,879.0666666666667,0.0157506420600671,0.0101789104026969,0.1337903217334061,0.267154621232167,0.2771541656942993,0.2771503780783093,,20241.0,2.5650854214796355,0.8666666666666667,202402.0,
Market,confirm2024,2024,raw,0.2,month,21,891.0,0.0051561228729376,0.0023848924435734,0.0949675067641056,0.1896265208281649,0.2123395009654972,0.2121476143942109,,20241.0,0.6009928957805145,0.8095238095238095,202403.0,
Market,confirm2024,2024,raw,0.2,month,20,890.85,0.0017633323933725,0.0025245384982719,0.1170941419804913,0.2337968227741123,0.225855404132835,0.2256965866564409,,20242.0,0.6361837015645297,0.65,202404.0,
Market,confirm2024,2024,raw,0.2,month,20,892.25,-0.0020045539395583,0.0008481618815167,0.0864321907182615,0.1726052716154881,0.1946395369594344,0.1942945533514553,,20242.0,0.2137367941422261,0.75,202405.0,
Market,confirm2024,2024,raw,0.2,month,19,892.6842105263158,-0.0028876014823221,0.0003032427184382,0.1160766215849011,0.2319089653062708,0.2166594769751555,0.2164862286850395,,20242.0,0.0764171650464426,0.6842105263157895,202406.0,
Market,confirm2024,2024,raw,0.2,month,23,889.9565217391304,0.0005175301305241,0.0005949621353961,0.096852478211126,0.1934172617035984,0.2016368971553977,0.2014490426565083,,20243.0,0.1499304581198392,0.5217391304347826,202407.0,
Market,confirm2024,2024,raw,0.2,month,22,890.8636363636364,-0.0010756922009848,0.0012317848046665,0.0963287372367935,0.1925699285913913,0.2013315137040476,0.2020021567875672,,20243.0,0.3104097707759672,0.8181818181818182,202408.0,
Market,confirm2024,2024,raw,0.2,month,19,880.6842105263158,0.0155117337869248,5.456373540336373e-05,0.1013022063159406,0.2023049062210208,0.2090327091166324,0.2083503328377388,,20243.0,0.0137500613216476,0.7368421052631579,202409.0,
Market,confirm2024,2024,raw,0.2,month,18,871.2777777777778,0.0009039170229079,0.0037251887370686,0.082992779919169,0.1657609204420891,0.1949933062806121,0.1948400142996912,,20244.0,0.9387475617413013,0.6111111111111112,202410.0,
Market,confirm2024,2024,raw,0.2,month,21,877.7619047619048,0.0060100086197341,0.0018532539745667,0.0762439256002969,0.1522406569071292,0.1831971109174116,0.1830052777060441,,20244.0,0.4670200015908096,0.6190476190476191,202411.0,
Market,confirm2024,2024,raw,0.2,month,22,884.2272727272727,-0.0025402059893698,0.001365955028058,0.0795420748741942,0.1588473646318832,0.187050379787314,0.1868686081970289,,20244.0,0.3442206670706401,0.6363636363636364,202412.0,
Market,confirm2024,2024,raw,0.3,month,22,1344.090909090909,-0.0099334824464858,-0.0002030790748655,0.0902431844285549,0.2707414099602649,0.1921298381186633,0.2883026143027361,,20241.0,-0.0511759268661293,0.5,202401.0,
Market,confirm2024,2024,raw,0.3,month,15,1318.7333333333331,0.0148796161400493,0.0093078844826792,0.1287376428939128,0.3856395813505956,0.2640371181971671,0.396111360906641,,20241.0,2.345586889635159,0.8666666666666667,202402.0,
Market,confirm2024,2024,raw,0.3,month,21,1336.571428571429,0.004927300513673,0.0021560700843088,0.0895592181949909,0.2682558489740637,0.2042824461900828,0.3061639828602612,,20241.0,0.543329661245833,0.8095238095238095,202403.0,
Market,confirm2024,2024,raw,0.3,month,20,1336.55,0.0016405419683626,0.002401748073262,0.1072581358116231,0.3213101347188002,0.2174209709541576,0.3259623917921084,,20242.0,0.6052405144620298,0.65,202404.0,
Market,confirm2024,2024,raw,0.3,month,20,1338.75,-0.0019138481909665,0.0009388676301085,0.0851660572837929,0.2551764551633526,0.1933293264298055,0.2895543776618888,,20242.0,0.2365946427873639,0.7,202405.0,
Market,confirm2024,2024,raw,0.3,month,19,1339.0526315789473,-0.0030609116275592,0.0001299325732011,0.1065132860972557,0.3192192187224309,0.2067416960571614,0.3098658805510194,,20242.0,0.0327430084466851,0.631578947368421,202406.0,
Market,confirm2024,2024,raw,0.3,month,23,1335.0869565217392,0.0005416070169872,0.0006190390218592,0.0929858957802676,0.2785702723193159,0.1976329066131441,0.2962031524569674,,20243.0,0.1559978335085288,0.6086956521739131,202407.0,
Market,confirm2024,2024,raw,0.3,month,22,1336.3181818181818,-0.0011756498884357,0.0011318271172155,0.0913954102263357,0.2741229411272944,0.1958546835789369,0.2947329015710913,,20243.0,0.2852204335383269,0.8181818181818182,202408.0,
Market,confirm2024,2024,raw,0.3,month,19,1321.0,0.015358558536481,-9.861151504042212e-05,0.0939111796585949,0.2813255588004971,0.1993860189953517,0.2980869209412857,,20243.0,-0.0248501017901863,0.7368421052631579,202409.0,
Market,confirm2024,2024,raw,0.3,month,18,1307.111111111111,0.0004918689472466,0.0033131406614073,0.0785255572739478,0.2352664530123539,0.1883916634000267,0.2823821581521405,,20244.0,0.8349114466746534,0.6666666666666666,202410.0,
Market,confirm2024,2024,raw,0.3,month,21,1316.857142857143,0.0061061600653089,0.0019494054201415,0.0766879626733356,0.2297349411128265,0.1828216120966807,0.2739907591971324,,20244.0,0.4912501658756663,0.6190476190476191,202411.0,
Market,confirm2024,2024,raw,0.3,month,22,1326.5454545454545,-0.0026511748317749,0.0012549861856529,0.078542453739846,0.2353114301333402,0.1839445478682721,0.2756859022207884,,20244.0,0.3162565187845433,0.6363636363636364,202412.0,
Market,confirm2024,2024,raw,0.05,quarter,58,222.1379310344828,0.0026906602892854,0.0039371613289137,0.1275329713912831,0.0636003561797324,0.2539474106169218,0.0633779493226729,202401.9827586207,,0.992164654886268,0.6896551724137931,,20241.0
Market,confirm2024,2024,raw,0.05,quarter,59,222.5254237288136,-0.0007708640560367,0.0014817542208096,0.1273601008881976,0.0634644006505354,0.236849073432158,0.0590329974096694,202404.98305084743,,0.3734020636440243,0.6949152542372882,,20242.0
Market,confirm2024,2024,raw,0.05,quarter,64,221.5,0.0043007320590714,0.0005329070474695,0.1139311159646694,0.0568003895614412,0.2217964565205689,0.0553456130107756,202407.9375,,0.1342925759623376,0.578125,,20243.0
Market,confirm2024,2024,raw,0.05,quarter,61,219.1803278688525,0.0019027729346193,0.0027130448311733,0.0944374687405101,0.0470641006419498,0.2067275558865095,0.0515416832040517,202411.0655737705,,0.6836872974556728,0.6885245901639344,,20244.0
Market,confirm2024,2024,raw,0.1,quarter,58,444.6551724137931,0.0025220537948951,0.0037685548345234,0.1166028847882589,0.1164068565960703,0.2383117338423162,0.1190660195677763,202401.9827586207,,0.9496758182999118,0.6896551724137931,,20241.0
Market,confirm2024,2024,raw,0.1,quarter,59,445.6779661016949,-0.0009604633392503,0.001292154937596,0.1163990744064823,0.1161654002296929,0.2230412120330734,0.1113340608998877,202404.98305084743,,0.3256230442742043,0.6610169491525424,,20242.0
Market,confirm2024,2024,raw,0.1,quarter,64,443.5,0.0043073793229806,0.0005395543113787,0.1050643207962991,0.1048756116795261,0.2121573650478922,0.1059875417758145,202407.9375,,0.1359676864674471,0.640625,,20243.0
Market,confirm2024,2024,raw,0.1,quarter,61,438.8360655737705,0.0016125843045461,0.0024228562011001,0.0852186433178264,0.0850345970233132,0.1951063816075475,0.0973988541627068,202411.0655737705,,0.6105597626772321,0.7049180327868853,,20244.0
Market,confirm2024,2024,raw,0.2,quarter,58,889.8103448275862,0.0021686368863743,0.0034151379260026,0.1056274550278631,0.2110308341723082,0.2244859489088796,0.2244424409833089,202401.9827586207,,0.8606147573526683,0.7068965517241379,,20241.0
Market,confirm2024,2024,raw,0.2,quarter,59,891.9152542372881,-0.0010116755777599,0.0012409426990864,0.1063725841370877,0.2124459699764602,0.2123123539724296,0.2120857821215877,202404.98305084743,,0.3127175601697887,0.6949152542372882,,20242.0
Market,confirm2024,2024,raw,0.2,quarter,64,887.515625,0.0044212641645619,0.00065343915296,0.097993455282316,0.195764510412387,0.2037275532699877,0.2036879961616126,202407.9375,,0.1646666665459201,0.6875,,20243.0
Market,confirm2024,2024,raw,0.2,quarter,61,878.1803278688525,0.0014196091091905,0.0022298810057445,0.0794248872685827,0.1586129899165368,0.1880676589776651,0.1878908273697706,202411.0655737705,,0.561930013447615,0.6229508196721312,,20244.0
Market,confirm2024,2024,raw,0.3,quarter,58,1334.8103448275865,0.0018643265356066,0.003110827575235,0.0999510048781329,0.2995565097903465,0.2151266307165489,0.322651233936643,202401.9827586207,,0.7839285489592246,0.7068965517241379,,20241.0
Market,confirm2024,2024,raw,0.3,quarter,59,1338.1016949152545,-0.0010783634809441,0.0011742547959022,0.0995294287755284,0.2982185924299871,0.2058152232672089,0.3084370698228697,202404.98305084743,,0.295912208567371,0.6610169491525424,,20242.0
Market,confirm2024,2024,raw,0.3,quarter,64,1331.328125,0.0043500824380977,0.0005822574264958,0.0927138600224819,0.2778594778961592,0.1975420976836033,0.2962569974837295,202407.9375,,0.1467288714769658,0.71875,,20243.0
Market,confirm2024,2024,raw,0.3,quarter,61,1317.4754098360656,0.0012911009200471,0.0021013728166011,0.077899036546684,0.2333783832872985,0.1848702270218486,0.2770782727661583,202411.0655737705,,0.5295459497834869,0.639344262295082,,20244.0
Market,confirm2024,2024,band,0.05,year,242,221.3181818181818,0.0014781191833654,0.00153385192543,0.0999941257608786,0.0498477612399415,0.208276677857284,0.0519417124771197,202406.5785123967,20242.528925619838,0.3865306852083832,0.6157024793388429,,
Market,confirm2024,2024,band,0.1,year,242,443.1322314049587,0.0008876081092091,0.0009433408512738,0.110240624314547,0.1100340200539671,0.2157789331957333,0.1077496297086319,202406.5785123967,20242.528925619838,0.2377218945210109,0.6074380165289256,,
Market,confirm2024,2024,band,0.2,year,242,886.7851239669421,0.0013534636352306,0.0014091963772953,0.1031988883263102,0.2061365050978025,0.2108645710557596,0.2107288005817407,202406.5785123967,20242.528925619838,0.3551174870784166,0.6942148760330579,,
Market,confirm2024,2024,band,0.3,year,242,1330.3223140495868,0.0014126080653279,0.0014683408073926,0.0971370757578847,0.2910742563368937,0.2046157900767526,0.3067644501550853,202406.5785123967,20242.528925619838,0.3700218834629498,0.6776859504132231,,
Market,confirm2024,2024,band,0.05,month,22,223.6818181818182,-0.0116219106864809,-0.0018915073148607,0.0828585885454126,0.0413638515277089,0.1620856648573609,0.0404882494622484,,20241.0,-0.4766598433449075,0.2727272727272727,202401.0,
Market,confirm2024,2024,band,0.05,month,15,219.46666666666667,0.0141963359756854,0.0086246043183152,0.1483317003062766,0.0739314254752765,0.2913868678384173,0.0727445566716844,,20241.0,2.173400288215453,0.8,202402.0,
Market,confirm2024,2024,band,0.05,month,21,222.42857142857144,0.0056749877870435,0.0029037573576793,0.1106695447073975,0.0551536191605525,0.2271328481266492,0.0566445972883843,,20241.0,0.7317468541352017,0.7619047619047619,202403.0,
Market,confirm2024,2024,band,0.05,month,20,222.3,0.0008172307143968,0.0015784368192962,0.105588415373869,0.0526129321306053,0.2119624364304408,0.052855542622621,,20242.0,0.3977660784626473,0.6,202404.0,
Market,confirm2024,2024,band,0.05,month,20,222.6,-0.0013868650785753,0.0014658507424997,0.102830372532463,0.0512295810660368,0.2178049457502438,0.0542465327544299,,20242.0,0.3693943871099418,0.8,202405.0,
Market,confirm2024,2024,band,0.05,month,19,222.68421052631575,-0.0027623676027172,0.0004284765980432,0.1174752542257297,0.0585479850075737,0.2172147591414484,0.0541347167290628,,20242.0,0.1079761027068869,0.5263157894736842,202406.0,
Market,confirm2024,2024,band,0.05,month,23,222.17391304347825,0.0001561564723864,0.0002335884772584,0.1034973826741801,0.0516025409848264,0.20498061184534,0.0511272373615557,,20243.0,0.0588642962691304,0.5652173913043478,202407.0,
Market,confirm2024,2024,band,0.05,month,22,222.27272727272728,-0.0021092520867339,0.0001982249189173,0.093023199195713,0.0464206767648534,0.1924057404141814,0.0481076740918242,,20243.0,0.0499526795671762,0.5909090909090909,202408.0,
Market,confirm2024,2024,band,0.05,month,19,219.7894736842105,0.0172802817856597,0.0018231117341382,0.1020927266497571,0.0508855374486672,0.2188391672925106,0.0544307035709902,,20243.0,0.4594241570028462,0.5789473684210527,202409.0,
Market,confirm2024,2024,band,0.05,month,18,217.38888888888889,-0.0011508504002901,0.0016704213138705,0.0856557632415923,0.0426834109774942,0.2005522785948947,0.0499936455716823,,20244.0,0.420946171095382,0.6666666666666666,202410.0,
Market,confirm2024,2024,band,0.05,month,21,219.0952380952381,0.0056663417922768,0.0015095871471094,0.077141470594851,0.0384437586040262,0.1820829962426452,0.045398877794236,,20244.0,0.3804159610715758,0.6666666666666666,202411.0,
Market,confirm2024,2024,band,0.05,month,22,220.72727272727272,-0.0017566596030842,0.0021495014143436,0.0862618792395819,0.0430061477998571,0.2015882746885236,0.0502775546188629,,20244.0,0.5416743564145962,0.6363636363636364,202412.0,
Market,confirm2024,2024,band,0.1,month,22,447.7272727272728,-0.0117292579019852,-0.001998854530365,0.0961923120441884,0.0960864984820772,0.1796015039590071,0.089796225608998,,20241.0,-0.503711341651993,0.2272727272727272,202401.0,
Market,confirm2024,2024,band,0.1,month,15,439.26666666666665,0.0100303818112604,0.0044586501538902,0.1303369993558329,0.1300472784548174,0.2574918948761449,0.1286463640755079,,20241.0,1.1235798387803455,0.7333333333333333,202402.0,
Market,confirm2024,2024,band,0.1,month,21,445.2857142857143,0.0047244174459795,0.0019531870166153,0.1185750263338636,0.1183222773796218,0.2326717362222375,0.1161782170326791,,20241.0,0.4922031281870594,0.8095238095238095,202403.0,
Market,confirm2024,2024,band,0.1,month,20,445.2,6.825389524182883e-05,0.0008294600001412,0.1161338558018344,0.1158857030492845,0.2193180836211616,0.1095210508172019,,20242.0,0.2090239200355856,0.55,202404.0,
Market,confirm2024,2024,band,0.1,month,20,445.8,-0.0018696736663423,0.0009830421547327,0.1173880917096964,0.1171239939643139,0.2234897221841406,0.1114647030442893,,20242.0,0.2477266229926469,0.75,202405.0,
Market,confirm2024,2024,band,0.1,month,19,446.05263157894734,-0.0022582519357802,0.0009325922649801,0.1298726410295841,0.1296654343198253,0.2357088394312017,0.1176807106862021,,20242.0,0.2350132507749971,0.7368421052631579,202406.0,
Market,confirm2024,2024,band,0.1,month,23,444.69565217391306,4.6376544930691545e-05,0.0001238085498027,0.1157271897150629,0.1154806901821201,0.212395087669329,0.1060284338479505,,20243.0,0.0311997545502812,0.4347826086956521,202407.0,
Market,confirm2024,2024,band,0.1,month,22,445.1818181818182,-0.0022530698131266,5.440719252469927e-05,0.1073943205071851,0.1073248379114855,0.2070448475428265,0.1037404540032108,,20243.0,0.0137106125162242,0.5454545454545454,202408.0,
Market,confirm2024,2024,band,0.1,month,19,440.10526315789474,0.0174500448314255,0.0019928747799041,0.1172887854346883,0.1170524522314139,0.2323406080881245,0.115719929806487,,20243.0,0.5022044445358442,0.5789473684210527,202409.0,
Market,confirm2024,2024,band,0.1,month,18,435.3888888888889,-0.0021746057977171,0.0006466659164435,0.0989101794624735,0.0986993817094732,0.2069270356824109,0.1033090479863528,,20244.0,0.162959810943777,0.6111111111111112,202410.0,
Market,confirm2024,2024,band,0.1,month,21,438.6190476190476,0.0050295564121691,0.0008728017670016,0.0856662850748335,0.0854767317943397,0.1899740403854889,0.0948296773233548,,20244.0,0.2199460452844231,0.6666666666666666,202411.0,
Market,confirm2024,2024,band,0.1,month,22,441.8636363636364,-0.0021552832635768,0.001750877753851,0.0975721814203301,0.0973734796918826,0.2097942313987037,0.1047362775710398,,20244.0,0.4412211939704613,0.7272727272727273,202412.0,
Market,confirm2024,2024,band,0.2,month,22,896.0,-0.0107738927261507,-0.0010434893545305,0.0963375463816391,0.1926314156518597,0.1915747615690146,0.1916758957837129,,20241.0,-0.2629593173416933,0.4545454545454545,202401.0,
Market,confirm2024,2024,band,0.2,month,15,879.0666666666667,0.0132479004379303,0.0076761687805601,0.1340764076081808,0.2677283232909022,0.2694564230995721,0.2694402812436114,,20241.0,1.934394532701161,0.8,202402.0,
Market,confirm2024,2024,band,0.2,month,21,891.0,0.0047762796068374,0.0020050491774732,0.1046867469415183,0.209025690678429,0.2197572016101186,0.219557929020035,,20241.0,0.5052723927232534,0.8095238095238095,202403.0,
Market,confirm2024,2024,band,0.2,month,20,890.85,0.0008642486691815,0.0016254547740809,0.1176153173120465,0.2348414809651958,0.221955925730805,0.2217932611654095,,20242.0,0.4096146030683983,0.7,202404.0,
Market,confirm2024,2024,band,0.2,month,20,892.25,-0.0019467163981474,0.0009059994229276,0.1011635554268698,0.2020201574461543,0.2065129005840934,0.206135990523164,,20242.0,0.2283118545777645,0.8,202405.0,
Market,confirm2024,2024,band,0.2,month,19,892.6842105263158,-0.0025317694622086,0.0006590747385517,0.1232830506149825,0.2463215508674606,0.2267001625073414,0.2265171896580849,,20242.0,0.1660868341150383,0.6842105263157895,202406.0,
Market,confirm2024,2024,band,0.2,month,23,889.9565217391304,0.0004044513655684,0.0004818833704405,0.1068630625040289,0.2134102897055953,0.207822829097708,0.2076308333699549,,20243.0,0.1214346093510067,0.6086956521739131,202407.0,
Market,confirm2024,2024,band,0.2,month,22,890.8636363636364,-0.0017195001515443,0.0005879768541069,0.1012224748461721,0.2023947069168525,0.2050476031089997,0.2056695467751024,,20243.0,0.1481701672349549,0.7272727272727273,202408.0,
Market,confirm2024,2024,band,0.2,month,19,880.6842105263158,0.0164042485236092,0.0009470784720877,0.1086061556513775,0.2168901643465396,0.2215073395018028,0.2207430454991255,,20243.0,0.238663774966123,0.7368421052631579,202409.0,
Market,confirm2024,2024,band,0.2,month,18,871.2777777777778,-0.000642437501177,0.0021788342129836,0.0890485669515692,0.177846313614145,0.1988781551828703,0.1987170314551195,,20244.0,0.5490662216718791,0.6111111111111112,202410.0,
Market,confirm2024,2024,band,0.2,month,21,877.7619047619048,0.0054733488206389,0.0013165941754714,0.0793151812495782,0.1583753674064168,0.1841753092483522,0.1839836430508948,,20244.0,0.3317817322188109,0.7142857142857143,202411.0,
Market,confirm2024,2024,band,0.2,month,22,884.2272727272727,-0.0023288233856833,0.0015773376317445,0.0868375856936098,0.1734175819288612,0.1970024623202451,0.196811251676547,,20244.0,0.3974890831996364,0.7272727272727273,202412.0,
Market,confirm2024,2024,band,0.3,month,22,1344.090909090909,-0.0103251232480155,-0.0005947198763953,0.0936435450596035,0.280911032132962,0.1914230852056592,0.2872663678791103,,20241.0,-0.1498694088516322,0.4545454545454545,202401.0,
Market,confirm2024,2024,band,0.3,month,15,1318.7333333333331,0.0133680385233905,0.0077963068660203,0.1267919395917407,0.3798091505998088,0.2608545206693116,0.3913197025306013,,20241.0,1.9646693302371308,0.8666666666666667,202402.0,
Market,confirm2024,2024,band,0.3,month,21,1336.571428571429,0.0047690633927151,0.0019978329633509,0.0970048079562396,0.2905518522386638,0.2106956542363428,0.3157755034358194,,20241.0,0.5034539067644441,0.8095238095238095,202403.0,
Market,confirm2024,2024,band,0.3,month,20,1336.55,0.0010740972433659,0.0018353033482653,0.1103992827112229,0.3307242644062981,0.2178503244262984,0.3266032606754545,,20242.0,0.4624964437628654,0.65,202404.0,
Market,confirm2024,2024,band,0.3,month,20,1338.75,-0.0018712981170567,0.0009814177040183,0.0939354409546227,0.2814520112842543,0.2009677374076079,0.3009894228549262,,20242.0,0.2473172614126297,0.8,202405.0,
Market,confirm2024,2024,band,0.3,month,19,1339.0526315789473,-0.0029638838480406,0.0002269603527197,0.1119794484901953,0.3356172146146921,0.213504871416417,0.3200038729596773,,20242.0,0.0571940088853772,0.5789473684210527,202406.0,
Market,confirm2024,2024,band,0.3,month,23,1335.0869565217392,0.0004112137245983,0.0004886457294703,0.0997195818580089,0.2987433853285609,0.202120927972147,0.3029303674904561,,20243.0,0.123138723826533,0.6086956521739131,202407.0,
Market,confirm2024,2024,band,0.3,month,22,1336.3181818181818,-0.0014449464689879,0.0008625305366633,0.0958125789099881,0.2873540997943229,0.2002699272571842,0.301350030294115,,20243.0,0.2173576952391764,0.7727272727272727,202408.0,
Market,confirm2024,2024,band,0.3,month,19,1321.0,0.0160884940845492,0.0006313240330278,0.1019026100946634,0.3052570082566833,0.211545004998743,0.3162660823296459,,20243.0,0.159093656323014,0.7368421052631579,202409.0,
Market,confirm2024,2024,band,0.3,month,18,1307.111111111111,-0.000364407854306,0.0024568638598546,0.0829928001779977,0.248649775510317,0.1930355055564179,0.2893494802054587,,20244.0,0.6191296926833698,0.6111111111111112,202410.0,
Market,confirm2024,2024,band,0.3,month,21,1316.857142857143,0.0057596650688814,0.0016029104237139,0.0787366634817138,0.2358733070685315,0.1829337958810108,0.2741606117182782,,20244.0,0.4039334267759254,0.6190476190476191,202411.0,
Market,confirm2024,2024,band,0.3,month,22,1326.5454545454545,-0.0025978791485926,0.0013082818688353,0.0822187836198432,0.2463246343895451,0.1884095149975645,0.2823777411109597,,20244.0,0.3296870309464961,0.6818181818181818,202412.0,
Market,confirm2024,2024,band,0.05,quarter,58,222.1379310344828,0.0013178922079416,0.0025643932475699,0.1098607739904926,0.0547793468639715,0.2190771975016868,0.0546801100224276,202401.9827586207,,0.6462270983876388,0.5862068965517241,,20241.0
Market,confirm2024,2024,band,0.05,quarter,59,222.5254237288136,-0.0010826724022914,0.0011699458745549,0.1084814506511102,0.0540552877809617,0.2156343740220544,0.0537390021253086,202404.98305084743,,0.2948263603878412,0.6440677966101694,,20242.0
Market,confirm2024,2024,band,0.05,quarter,64,221.5,0.0044611469825668,0.0006933219709649,0.0994798748462064,0.0496084147344134,0.2047722584392581,0.0510699790185114,202407.9375,,0.1747171366831555,0.578125,,20243.0
Market,confirm2024,2024,band,0.05,quarter,61,219.1803278688525,0.0009775632649956,0.0017878351615496,0.0829432125264153,0.0413402554078082,0.1945676389991995,0.048514233698102,202411.0655737705,,0.4505344607105095,0.6557377049180327,,20244.0
Market,confirm2024,2024,band,0.1,quarter,58,444.6551724137931,-0.0001443996605034,0.0011021013791249,0.1131269208331168,0.1129203442827589,0.2189606546708158,0.1093957755554626,202401.9827586207,,0.2777295475394756,0.5689655172413793,,20241.0
Market,confirm2024,2024,band,0.1,quarter,59,445.6779661016949,-0.0013378844440989,0.0009147338327474,0.1209833750812325,0.1207430032601465,0.2260105773779471,0.1128076030553842,202404.98305084743,,0.230512925852366,0.6779661016949152,,20242.0
Market,confirm2024,2024,band,0.1,quarter,64,443.5,0.0044226558819016,0.0006548308702997,0.1133263646541187,0.1131437328224735,0.2164772690001737,0.1081191036390118,202407.9375,,0.1650173793155381,0.515625,,20243.0
Market,confirm2024,2024,band,0.1,quarter,61,438.8360655737705,0.0003124844016057,0.0011227562981597,0.0938682493138244,0.0936691277323454,0.2021248291991827,0.100904658919798,202411.0655737705,,0.2829345871362462,0.6721311475409836,,20244.0
Market,confirm2024,2024,band,0.2,quarter,58,889.8103448275862,0.0010688747989176,0.002315375838546,0.1091205831084596,0.2179888878957147,0.2219205574969723,0.221882593712355,202401.9827586207,,0.5834747113135945,0.6724137931034483,,20241.0
Market,confirm2024,2024,band,0.2,quarter,59,891.9152542372881,-0.0011822538027336,0.0010703644741127,0.1138636511264914,0.2274125802493009,0.218248807015889,0.2180069769029675,202404.98305084743,,0.2697318474764235,0.7288135593220338,,20242.0
Market,confirm2024,2024,band,0.2,quarter,64,887.515625,0.0044242828128542,0.0006564578012523,0.1054415912747598,0.2106567709059953,0.2109314341903052,0.2108493290788219,202407.9375,,0.1654273659156015,0.6875,,20243.0
Market,confirm2024,2024,band,0.2,quarter,61,878.1803278688525,0.0008547923889704,0.0016650642855243,0.0849003261742427,0.1695459534922017,0.1931400403041386,0.1929575509368028,202411.0655737705,,0.4195961999521452,0.6885245901639344,,20244.0
Market,confirm2024,2024,band,0.3,quarter,58,1334.8103448275865,0.0012675551317505,0.0025140561713789,0.1034334146942831,0.3099787734988661,0.2163574900608167,0.3244989862664078,202401.9827586207,,0.6335421551874894,0.6896551724137931,,20241.0
Market,confirm2024,2024,band,0.3,quarter,59,1338.1016949152545,-0.0012247086540099,0.0010279096228364,0.1053271863496715,0.3155975015506812,0.2107280303998313,0.3157953772346014,202404.98305084743,,0.2590332249547808,0.6779661016949152,,20242.0
Market,confirm2024,2024,band,0.3,quarter,64,1331.328125,0.0044273512649134,0.0006595262533115,0.0990246361023836,0.296762050232953,0.2042824193436492,0.3063461669220984,202407.9375,,0.1662006158345219,0.703125,,20243.0
Market,confirm2024,2024,band,0.3,quarter,61,1317.4754098360656,0.0009383653081961,0.00174863720475,0.0812484192779754,0.2434127436753256,0.1878894777616913,0.2816061277741511,202411.0655737705,,0.4406565755970165,0.639344262295082,,20244.0
T033,confirm2024,2024,raw,0.05,year,242,221.3181818181818,0.0012781900330324,0.0013339227750971,0.1137493484541823,0.0567019581574386,0.2226395951522126,0.0555252938536378,202406.5785123967,20242.528925619838,0.336148539324472,0.6033057851239669,,
T033,confirm2024,2024,raw,0.1,year,242,443.1322314049587,0.0012347115863549,0.0012904443284196,0.1031763288879368,0.1029837684502037,0.2100126806115142,0.1048722512909858,202406.5785123967,20242.528925619838,0.3251919707617541,0.6446280991735537,,
T033,confirm2024,2024,raw,0.2,year,242,886.7851239669421,0.0012643074977323,0.001320040239797,0.0948517927818479,0.1894635080776276,0.201101020306935,0.2009674808822696,202406.5785123967,20242.528925619838,0.3326501404288547,0.6611570247933884,,
T033,confirm2024,2024,raw,0.3,year,242,1330.3223140495868,0.0012875528481589,0.0013432855902236,0.0915242081715918,0.2742556369973823,0.1967114619502792,0.2948987945770367,202406.5785123967,20242.528925619838,0.3385079687363497,0.6735537190082644,,
T033,confirm2024,2024,raw,0.05,month,22,223.6818181818182,-0.0096328771300617,9.752624155852476e-05,0.1176728309102682,0.0587346265438323,0.2231747813769378,0.0557091759888106,,20241.0,0.0245766128727482,0.5,202401.0,
T033,confirm2024,2024,raw,0.05,month,15,219.46666666666667,0.0102175887150208,0.0046458570576507,0.1091072132193245,0.0543845514028141,0.2458660902727713,0.0613845984695566,,20241.0,1.1707559785279826,0.7333333333333333,202402.0,
T033,confirm2024,2024,raw,0.05,month,21,222.42857142857144,0.006058223896138,0.0032869934667738,0.1211420714720353,0.0603745219405624,0.2510508876643896,0.0626081561297469,,20241.0,0.8283223536270042,0.6666666666666666,202403.0,
T033,confirm2024,2024,raw,0.05,month,20,222.3,-0.000221696548448,0.0005395095564513,0.1043405113958319,0.0519905718108884,0.2114652269836135,0.0527333520923602,,20242.0,0.1359564082257406,0.5,202404.0,
T033,confirm2024,2024,raw,0.05,month,20,222.6,-0.0026612309983437,0.0001914848227313,0.1115608533823549,0.0555843277814525,0.2182381531992452,0.0543626767913149,,20242.0,0.0482541753283048,0.6,202405.0,
T033,confirm2024,2024,raw,0.05,month,19,222.68421052631575,-0.0011238364768741,0.0020670077238862,0.1487740872385425,0.0741390784319562,0.2524874950026625,0.0629257575519169,,20242.0,0.5208859464193315,0.5263157894736842,202406.0,
T033,confirm2024,2024,raw,0.05,month,23,222.17391304347825,0.0007660136785518,0.0008434456834238,0.1222143986154571,0.0609305489740533,0.222962692817641,0.055615488004311,,20243.0,0.2125483122228135,0.6521739130434783,202407.0,
T033,confirm2024,2024,raw,0.05,month,22,222.27272727272728,-0.0011909843994911,0.0011164926061602,0.1269910807631725,0.0633124637076672,0.2261661339081545,0.0565804766252083,,20243.0,0.2813561367523779,0.7272727272727273,202408.0,
T033,confirm2024,2024,raw,0.05,month,19,219.7894736842105,0.014457962747694,-0.0009992073038273,0.1093123717378015,0.0544840217761596,0.2078195975157329,0.0516653410189229,,20243.0,-0.2518002405645013,0.4736842105263157,202409.0,
T033,confirm2024,2024,raw,0.05,month,18,217.38888888888889,-0.0005264612186666,0.002294810495494,0.0943024959470173,0.0469983219383559,0.2003756528027162,0.0499507179801441,,20244.0,0.5782922448645015,0.5555555555555556,202410.0,
T033,confirm2024,2024,raw,0.05,month,21,219.0952380952381,0.0059530208352518,0.0017962661900844,0.0930904108252708,0.0463914373562721,0.196093596987512,0.0488889596711384,,20244.0,0.4526590799012692,0.6666666666666666,202411.0,
T033,confirm2024,2024,raw,0.05,month,22,220.72727272727272,-0.0028129495145874,0.0010932115028404,0.1035999923294099,0.0516488706907625,0.2200204687282087,0.0548690794522171,,20244.0,0.2754892987157973,0.6363636363636364,202412.0,
T033,confirm2024,2024,raw,0.1,month,22,447.7272727272728,-0.009645212219752,8.519115186819172e-05,0.1029544225322605,0.1028579074951615,0.2069472013140788,0.1034070095780314,,20241.0,0.0214681702707843,0.5454545454545454,202401.0,
T033,confirm2024,2024,raw,0.1,month,15,439.26666666666665,0.0101092392437162,0.004537507586346,0.104335439397418,0.1041052847389569,0.2341907855024038,0.1170419331457051,,20241.0,1.143451911759215,0.8,202402.0,
T033,confirm2024,2024,raw,0.1,month,21,445.2857142857143,0.0053948744068326,0.0026236439774684,0.1092398537440307,0.1090073756409597,0.2289644043192781,0.1143209610698057,,20241.0,0.6611582823220548,0.7142857142857143,202403.0,
T033,confirm2024,2024,raw,0.1,month,20,445.2,0.0002369610759181,0.0009981671808175,0.1021837609215413,0.1019699552143005,0.2107059999402092,0.1052231028871418,,20242.0,0.251538129566024,0.65,202404.0,
T033,confirm2024,2024,raw,0.1,month,20,445.8,-0.0021468940781443,0.0007058217429307,0.1025717558466283,0.1023385743207745,0.2090058232855007,0.1042548518282488,,20242.0,0.1778670792185434,0.65,202405.0,
T033,confirm2024,2024,raw,0.1,month,19,446.05263157894734,-0.0019279995592565,0.0012628446415038,0.1244962030098815,0.1242860831246681,0.2252217545240963,0.1124441162624791,,20242.0,0.3182368496589657,0.5789473684210527,202406.0,
T033,confirm2024,2024,raw,0.1,month,23,444.69565217391306,0.000741774172378,0.00081920617725,0.1111103768273577,0.1108690504306743,0.207392011845449,0.1035377892299838,,20243.0,0.2064399566670058,0.6086956521739131,202407.0,
T033,confirm2024,2024,raw,0.1,month,22,445.1818181818182,-0.0010912928052191,0.0012161842004322,0.1116854985936697,0.1115795348738436,0.2140069974037576,0.1072515993734488,,20243.0,0.306478418508917,0.7727272727272727,202408.0,
T033,confirm2024,2024,raw,0.1,month,19,440.10526315789474,0.0144656700210496,-0.0009915000304717,0.0978206171157801,0.0976277905870575,0.1969012584616754,0.0980156760815344,,20243.0,-0.2498580076788878,0.5263157894736842,202409.0,
T033,confirm2024,2024,raw,0.1,month,18,435.3888888888889,-0.0013351453292438,0.0014861263849168,0.0801692889853309,0.0800002569666061,0.1832444813007589,0.0914799363490003,,20244.0,0.3745038489990397,0.5555555555555556,202410.0,
T033,confirm2024,2024,raw,0.1,month,21,438.6190476190476,0.0063070418620708,0.0021502872169034,0.0895837075409361,0.0893844935853841,0.1966139457266582,0.0981434664179806,,20244.0,0.5418723786596658,0.6666666666666666,202411.0,
T033,confirm2024,2024,raw,0.1,month,22,441.8636363636364,-0.0025191265737861,0.0013870344436417,0.099479598256751,0.0992778514302226,0.2104126616177491,0.1050413766200554,,20244.0,0.3495326797977284,0.6818181818181818,202412.0,
T033,confirm2024,2024,raw,0.2,month,22,896.0,-0.0096945329125794,3.5870459040746414e-05,0.0928411185298367,0.1856326530784338,0.1958857921253216,0.1959142384240971,,20241.0,0.009039355678268,0.5909090909090909,202401.0,
T033,confirm2024,2024,raw,0.2,month,15,879.0666666666667,0.0106155567953122,0.005043825137942,0.1034559758147737,0.206588865870078,0.2308652353607558,0.2308958862568992,,20241.0,1.2710439347614029,0.8,202402.0,
T033,confirm2024,2024,raw,0.2,month,21,891.0,0.0048992184944784,0.0021279880651142,0.1001699800707401,0.2000044322551253,0.2157905984957268,0.2155844334134141,,20241.0,0.5362529924087968,0.7142857142857143,202403.0,
T033,confirm2024,2024,raw,0.2,month,20,890.85,0.0005361948695384,0.0012974009744378,0.097073983744511,0.1938290740415167,0.2055555439325354,0.2053914249767515,,20242.0,0.3269450455583316,0.65,202404.0,
T033,confirm2024,2024,raw,0.2,month,20,892.25,-0.0018165250682377,0.0010361907528373,0.0922605033669389,0.1842398992263993,0.1998442929842088,0.1995132307818213,,20242.0,0.2611200697150184,0.75,202405.0,
T033,confirm2024,2024,raw,0.2,month,19,892.6842105263158,-0.0019238774677814,0.0012669667329789,0.1100056242209651,0.2197886230675203,0.2122650846465023,0.2120891107117373,,20242.0,0.3192756167107073,0.631578947368421,202406.0,
T033,confirm2024,2024,raw,0.2,month,23,889.9565217391304,0.0005560230103328,0.0006334550152048,0.0988921667867033,0.1974784970995313,0.1956131630144673,0.1954348018926405,,20243.0,0.1596306638316306,0.5217391304347826,202407.0,
T033,confirm2024,2024,raw,0.2,month,22,890.8636363636364,-0.0011549754954341,0.0011525015102172,0.0989717915813925,0.1978851989565417,0.2014823945493071,0.2020906874008307,,20243.0,0.2904303805747382,0.7727272727272727,202408.0,
T033,confirm2024,2024,raw,0.2,month,19,880.6842105263158,0.0151715927005672,-0.0002855773509542,0.0924199506048782,0.1845625448064996,0.1970105791519431,0.1962653170637832,,20243.0,-0.0719654924404669,0.5263157894736842,202409.0,
T033,confirm2024,2024,raw,0.2,month,18,871.2777777777778,-0.0018104965917961,0.0010107751223645,0.0730936620306444,0.1459908175055136,0.1718947257277161,0.1717572224535524,,20244.0,0.254715330835871,0.5,202410.0,
T033,confirm2024,2024,raw,0.2,month,21,877.7619047619048,0.0062018741387994,0.002045119493632,0.0848111086207027,0.1693519609663111,0.1924096783984341,0.1922133123901086,,20244.0,0.5153701123952729,0.7142857142857143,202411.0,
T033,confirm2024,2024,raw,0.2,month,22,884.2272727272727,-0.0024547397197844,0.0014514212976434,0.0943102688387478,0.1883439618619059,0.2005327408777609,0.2003351526832892,,20244.0,0.3657581670061563,0.7727272727272727,202412.0,
T033,confirm2024,2024,raw,0.3,month,22,1344.090909090909,-0.0095335783258847,0.0001968250457355,0.0909034622477242,0.2726859678443909,0.1922668882567458,0.2884741929298001,,20241.0,0.049599911525346,0.6818181818181818,202401.0,
T033,confirm2024,2024,raw,0.3,month,15,1318.7333333333331,0.0107500412454837,0.0051783095881135,0.1024472906304106,0.3068939994106596,0.2276074230232106,0.3414749340743838,,20241.0,1.3049340162046148,0.8,202402.0,
T033,confirm2024,2024,raw,0.3,month,21,1336.571428571429,0.0047267625382325,0.0019555321088683,0.0957695442100431,0.2868413978379281,0.2072183878261202,0.3105463154688466,,20241.0,0.4927940914348212,0.7142857142857143,202403.0,
T033,confirm2024,2024,raw,0.3,month,20,1336.55,0.0007467662643462,0.0015079723692456,0.0948750249093759,0.2842201061526843,0.2020317219526168,0.302875568872991,,20242.0,0.3800090370499024,0.65,202404.0,
T033,confirm2024,2024,raw,0.3,month,20,1338.75,-0.0018632465989732,0.0009894692221018,0.0882981295052911,0.264559657879755,0.1940277496497581,0.2906332933599794,,20242.0,0.2493462439696651,0.75,202405.0,
T033,confirm2024,2024,raw,0.3,month,19,1339.0526315789473,-0.0020154447716128,0.0011753994291475,0.1033966604263857,0.3098803794798296,0.2062723350954234,0.3091529835078312,,20242.0,0.2962006561451864,0.7368421052631579,202406.0,
T033,confirm2024,2024,raw,0.3,month,23,1335.0869565217392,0.0005833360241706,0.0006607680290426,0.0938197656819557,0.2810568952853534,0.1917116176590417,0.2873363972207322,,20243.0,0.1665135433187598,0.5217391304347826,202407.0,
T033,confirm2024,2024,raw,0.3,month,22,1336.3181818181818,-0.0011705645856699,0.0011369124199813,0.0944520950933809,0.283299879837499,0.1982335779334534,0.2982446296039309,,20243.0,0.2865019298353087,0.7727272727272727,202408.0,
T033,confirm2024,2024,raw,0.3,month,19,1321.0,0.0153182444158934,-0.000138925635628,0.0872918724223414,0.2614798006394952,0.1906753169182769,0.2848969449486239,,20243.0,-0.0350092601782651,0.5263157894736842,202409.0,
T033,confirm2024,2024,raw,0.3,month,18,1307.111111111111,-0.0018380030027085,0.0009832687114521,0.0717669575966753,0.2150139909573646,0.1680375210889577,0.251866223708078,,20244.0,0.2477837152859384,0.4444444444444444,202410.0,
T033,confirm2024,2024,raw,0.3,month,21,1316.857142857143,0.0062347904658232,0.0020780358206558,0.0847312624443659,0.253822851287411,0.1908632036145712,0.2860436825082176,,20244.0,0.5236650268052727,0.7142857142857143,202411.0,
T033,confirm2024,2024,raw,0.3,month,22,1326.5454545454545,-0.002505479977942,0.0014006810394858,0.0912547616808123,0.2734007795391489,0.1973682438233407,0.2958056897778357,,20244.0,0.3529716219504462,0.7727272727272727,202412.0,
T033,confirm2024,2024,raw,0.05,quarter,58,222.1379310344828,0.0011821247531526,0.002428625792781,0.1167136892970432,0.0582033623406609,0.2391362962989031,0.0596748642676184,202401.9827586207,,0.6120136997808151,0.6206896551724138,,20241.0
T033,confirm2024,2024,raw,0.05,quarter,59,222.5254237288136,-0.0013391770168888,0.0009134412599575,0.1210972025948482,0.0603413641026099,0.2269716950628435,0.0565679656128801,202404.98305084743,,0.2301871975092917,0.5423728813559322,,20242.0
T033,confirm2024,2024,raw,0.05,quarter,64,221.5,0.0041580929691261,0.0003902679575242,0.1200260938744303,0.0598355194018584,0.219568269274751,0.0547745029564574,202407.9375,,0.0983475252961172,0.625,,20243.0
T033,confirm2024,2024,raw,0.05,quarter,61,219.1803278688525,0.0008795450210387,0.0016898169175927,0.0972384161577708,0.0484666415503098,0.2059865180197908,0.0513590299128734,202411.0655737705,,0.4258338632333643,0.6229508196721312,,20244.0
T033,confirm2024,2024,raw,0.1,quarter,58,444.6551724137931,0.0009092462476669,0.0021557472872953,0.1055873416430284,0.1054070366282424,0.2219647017612178,0.1108848860408308,202401.9827586207,,0.5432483163984245,0.6724137931034483,,20241.0
T033,confirm2024,2024,raw,0.1,quarter,59,445.6779661016949,-0.0012683161300067,0.0009843021468396,0.1095006473313753,0.1092814605096643,0.2148042339063056,0.107220293276185,202404.98305084743,,0.2480441410035881,0.6271186440677966,,20242.0
T033,confirm2024,2024,raw,0.1,quarter,64,443.5,0.0041859389789033,0.0004181139673014,0.1073626775201529,0.10718228044194,0.2065514707203098,0.103175034125854,202407.9375,,0.1053647197599756,0.640625,,20243.0
T033,confirm2024,2024,raw,0.1,quarter,61,438.8360655737705,0.0008687619435049,0.0016790338400589,0.0903746921597399,0.0901834708550307,0.19764544392236,0.0986649497491937,202411.0655737705,,0.423116527694848,0.639344262295082,,20244.0
T033,confirm2024,2024,raw,0.2,quarter,58,889.8103448275862,0.0008420209696031,0.0020885220092315,0.0982398935579923,0.1962559385023163,0.2121391125099771,0.2120831834631952,202401.9827586207,,0.5263075463263391,0.6896551724137931,,20241.0
T033,confirm2024,2024,raw,0.2,quarter,59,891.9152542372881,-0.0010535639976581,0.0011990542791882,0.0996067220750396,0.1989383610786645,0.2057802262138717,0.20555569862194,202404.98305084743,,0.3021616783554311,0.6779661016949152,,20242.0
T033,confirm2024,2024,raw,0.2,quarter,64,887.515625,0.0043068645257637,0.0005390395141618,0.0969980986308984,0.1937838775258848,0.1980455692703816,0.1979693217275139,202407.9375,,0.1358379575687949,0.609375,,20243.0
T033,confirm2024,2024,raw,0.2,quarter,61,878.1803278688525,0.0007155105643803,0.0015257824609342,0.0847794280662099,0.1693080828910444,0.1892857148979795,0.1891062774325997,202411.0655737705,,0.3844971801554401,0.6721311475409836,,20244.0
T033,confirm2024,2024,raw,0.3,quarter,58,1334.8103448275865,0.0008754122209599,0.0021219132605882,0.0956507923675344,0.2866581144540169,0.2068201557128464,0.31017291173133,202401.9827586207,,0.5347221416682428,0.7241379310344828,,20241.0
T033,confirm2024,2024,raw,0.3,quarter,59,1338.1016949152545,-0.0010275094466641,0.0012251088301822,0.0953898243456723,0.2858190252672127,0.200684132184077,0.3007471852764102,202404.98305084743,,0.3087274252059304,0.711864406779661,,20242.0
T033,confirm2024,2024,raw,0.3,quarter,64,1331.328125,0.0043548586183306,0.0005870336067287,0.0920991606056851,0.2760159712521642,0.1936458897209562,0.2903618897091746,202407.9375,,0.1479324688956442,0.609375,,20243.0
T033,confirm2024,2024,raw,0.3,quarter,61,1317.4754098360656,0.000700426003587,0.0015106979001409,0.0832584672958969,0.2494319485922864,0.1864738363872251,0.2794792546644321,202411.0655737705,,0.3806958708355317,0.6557377049180327,,20244.0
T033,confirm2024,2024,band,0.05,year,242,221.3181818181818,0.0012897254002609,0.0013454581423256,0.0959873386673148,0.0478485369459472,0.2020047029643038,0.0503760226772327,202406.5785123967,20242.528925619838,0.3390554518660604,0.6074380165289256,,
T033,confirm2024,2024,band,0.1,year,242,443.1322314049587,0.0006284145417949,0.0006841472838596,0.1001815588700217,0.0999914533805596,0.2034428578495166,0.1015877519782586,202406.5785123967,20242.528925619838,0.1724051155326338,0.5578512396694215,,
T033,confirm2024,2024,band,0.2,year,242,886.7851239669421,0.0008241452156816,0.0008798779577463,0.1009577236601533,0.2016588853643346,0.2058897229060913,0.2057494181287248,202406.5785123967,20242.528925619838,0.221729245352083,0.6239669421487604,,
T033,confirm2024,2024,band,0.3,year,242,1330.3223140495868,0.0010037069491352,0.0010594396911999,0.0959808130721769,0.2876084024059046,0.2008458129286535,0.3010980336528289,202406.5785123967,20242.528925619838,0.266978802182379,0.6776859504132231,,
T033,confirm2024,2024,band,0.05,month,22,223.6818181818182,-0.0109469155763506,-0.0012165122047303,0.0851537903695975,0.0424893213884917,0.1666310874995918,0.0416075235661726,,20241.0,-0.3065610755920573,0.2272727272727272,202401.0,
T033,confirm2024,2024,band,0.05,month,15,219.46666666666667,0.011023096139782,0.0054513644824119,0.1155669664497275,0.0576074427471467,0.2496412114664035,0.0623300607755147,,20241.0,1.3737438495677992,0.7333333333333333,202402.0,
T033,confirm2024,2024,band,0.05,month,21,222.42857142857144,0.0051129513205138,0.0023417208911495,0.1004208487309911,0.0500433148470335,0.2085003752875498,0.051996498955664,,20241.0,0.590113664569699,0.7619047619047619,202403.0,
T033,confirm2024,2024,band,0.05,month,20,222.3,0.0010442511648892,0.0018054572697885,0.0968698756190394,0.0482646554260949,0.1954392405113396,0.0487291042585723,,20242.0,0.4549752319867239,0.7,202404.0,
T033,confirm2024,2024,band,0.05,month,20,222.6,-0.0022773792858774,0.0005753365351976,0.0953949364827926,0.0475318259018469,0.201166503398764,0.0501109809181056,,20242.0,0.1449848068698047,0.55,202405.0,
T033,confirm2024,2024,band,0.05,month,19,222.68421052631575,-0.0024510689831533,0.000739775217607,0.1122540901432042,0.055950995709899,0.2152628013080053,0.0536520790792403,,20242.0,0.1864233548369868,0.5789473684210527,202406.0,
T033,confirm2024,2024,band,0.05,month,23,222.17391304347825,0.001557808932662,0.0016352409375341,0.1062358678992898,0.0529614897476698,0.2071773108477603,0.0516737331969625,,20243.0,0.4120807162585952,0.8260869565217391,202407.0,
T033,confirm2024,2024,band,0.05,month,22,222.27272727272728,-0.0017034692915019,0.0006040077141493,0.0952865691061417,0.0475374680261969,0.2073572955925897,0.051843070148055,,20243.0,0.1522099439656386,0.5909090909090909,202408.0,
T033,confirm2024,2024,band,0.05,month,19,219.7894736842105,0.0176909257158659,0.0022337556643444,0.1061250618859041,0.0528905418714767,0.2167520833105197,0.0538935815174778,,20243.0,0.5629064274148086,0.6842105263157895,202409.0,
T033,confirm2024,2024,band,0.05,month,18,217.38888888888889,-0.0021682027183983,0.0006530689957623,0.0885301095432721,0.0441194231249491,0.1895314171007309,0.047245949217941,,20244.0,0.1645733869321156,0.5,202410.0,
T033,confirm2024,2024,band,0.05,month,21,219.0952380952381,0.005317679330302,0.0011609246851345,0.0741111186329702,0.0369341355234192,0.1831223448411942,0.0456572562114107,,20244.0,0.2925530206539097,0.6190476190476191,202411.0,
T033,confirm2024,2024,band,0.05,month,22,220.72727272727272,-0.0025301974468083,0.0013759635706195,0.0831411442537527,0.041451625170859,0.1987116841530986,0.0495596568959886,,20244.0,0.3467428197961186,0.5454545454545454,202412.0,
T033,confirm2024,2024,band,0.1,month,22,447.7272727272728,-0.0111848274542333,-0.0014544240826131,0.0915460181518882,0.091415641604909,0.1703175118831255,0.0851409046346376,,20241.0,-0.3665148688185149,0.3181818181818182,202401.0,
T033,confirm2024,2024,band,0.1,month,15,439.26666666666665,0.0076113856374905,0.0020396539801203,0.1121049939593373,0.1118570723127241,0.2301496092397806,0.1150022897975042,,20241.0,0.5139928029903329,0.7333333333333333,202402.0,
T033,confirm2024,2024,band,0.1,month,21,445.2857142857143,0.0037988564091304,0.0010276259797662,0.0982822191677047,0.098069150751075,0.20124965836846,0.1004885739177095,,20241.0,0.2589617469010885,0.6190476190476191,202403.0,
T033,confirm2024,2024,band,0.1,month,20,445.2,-9.086393603039004e-05,0.0006703421688689,0.1013405887169642,0.1011207990097931,0.1965983444093807,0.0981679175375941,,20242.0,0.1689262265549868,0.55,202404.0,
T033,confirm2024,2024,band,0.1,month,20,445.8,-0.0019874018700155,0.0008653139510595,0.1070844122519099,0.1068473807848129,0.2130509532605485,0.1062648593267319,,20242.0,0.2180591156670094,0.75,202405.0,
T033,confirm2024,2024,band,0.1,month,19,446.05263157894734,-0.0027866481737939,0.0004041960269664,0.1081053358660758,0.107943344504312,0.2121741688294377,0.1059297699670834,,20242.0,0.1018573987955551,0.631578947368421,202406.0,
T033,confirm2024,2024,band,0.1,month,23,444.69565217391306,0.0010578389051988,0.0011352709100708,0.1100699932556522,0.1098337575737525,0.2104531949924583,0.1050638731292425,,20243.0,0.2860882693378582,0.6521739130434783,202407.0,
T033,confirm2024,2024,band,0.1,month,22,445.1818181818182,-0.0020330371615161,0.0002744398441351,0.0996532807563558,0.0995829540332299,0.2033940562934272,0.1018854204868021,,20243.0,0.0691588407220667,0.5,202408.0,
T033,confirm2024,2024,band,0.1,month,19,440.10526315789474,0.0181169570710001,0.0026597870194787,0.1144870360285368,0.1142520562174869,0.2272608536918189,0.1131845542711507,,20243.0,0.6702663289086352,0.5263157894736842,202409.0,
T033,confirm2024,2024,band,0.1,month,18,435.3888888888889,-0.002928233383283,-0.0001069616691223,0.0967013753112187,0.0964958803192159,0.2025502597418904,0.1011257072236296,,20244.0,-0.0269543406188244,0.3333333333333333,202410.0,
T033,confirm2024,2024,band,0.1,month,21,438.6190476190476,0.0040992213588461,-5.753328632127674e-05,0.0785490249692543,0.0783760435406165,0.1841174761276867,0.0919123852815319,,20244.0,-0.0144983881529617,0.5714285714285714,202411.0,
T033,confirm2024,2024,band,0.1,month,22,441.8636363636364,-0.0026588056307031,0.0012473553867247,0.0896605431109371,0.0894808622587041,0.2017265270545478,0.1007110375504274,,20244.0,0.3143335574546433,0.5454545454545454,202412.0,
T033,confirm2024,2024,band,0.2,month,22,896.0,-0.0104283224913965,-0.0006979191197763,0.0970837335480859,0.1940819020410315,0.1887659824765205,0.188809955972303,,20241.0,-0.1758756181836366,0.4545454545454545,202401.0,
T033,confirm2024,2024,band,0.2,month,15,879.0666666666667,0.0086248977306339,0.0030531660732637,0.1066111994251423,0.2128928549727573,0.2299224752434715,0.229945468066816,,20241.0,0.7693978504624652,0.7333333333333333,202402.0,
T033,confirm2024,2024,band,0.2,month,21,891.0,0.0042660317928581,0.0014948013634938,0.1022693804166391,0.2041918126940187,0.2129205281942973,0.2127205175272846,,20241.0,0.3766899436004604,0.7142857142857143,202403.0,
T033,confirm2024,2024,band,0.2,month,20,890.85,-4.935220477621741e-05,0.0007118539001231,0.1007045015800874,0.2010778582104523,0.204007476148655,0.2038401495280858,,20242.0,0.1793871828310382,0.65,202404.0,
T033,confirm2024,2024,band,0.2,month,20,892.25,-0.0020667082500524,0.0007860075710226,0.1045849073089859,0.2088593833426337,0.2109832484324667,0.2106312788380686,,20242.0,0.1980739078977005,0.7,202405.0,
T033,confirm2024,2024,band,0.2,month,19,892.6842105263158,-0.0023462382413987,0.0008446059593616,0.1145154652390497,0.2288108069188876,0.2179080494127297,0.2177260583965868,,20242.0,0.2128407017591259,0.5789473684210527,202406.0,
T033,confirm2024,2024,band,0.2,month,23,889.9565217391304,0.0007079229354033,0.0007853549402753,0.108909679218567,0.2174846709906699,0.2063505925585441,0.2061628476020513,,20243.0,0.197909444949392,0.6521739130434783,202407.0,
T033,confirm2024,2024,band,0.2,month,22,890.8636363636364,-0.0016067215151388,0.0007007554905125,0.1060148679076563,0.2119782843624535,0.2075585801441946,0.2081441568048458,,20243.0,0.1765903836091527,0.7272727272727273,202408.0,
T033,confirm2024,2024,band,0.2,month,19,880.6842105263158,0.0162934243189562,0.0008362542674348,0.1057694044036044,0.2112202509726509,0.2122889741809814,0.21152274008389,,20243.0,0.210736075393574,0.631578947368421,202409.0,
T033,confirm2024,2024,band,0.2,month,18,871.2777777777778,-0.0024235455464348,0.0003977261677258,0.0851623942170664,0.1700887022822904,0.1894261480140838,0.1892737981771001,,20244.0,0.100226994266913,0.4444444444444444,202410.0,
T033,confirm2024,2024,band,0.2,month,21,877.7619047619048,0.005116215038246,0.0009594603930786,0.0846564910601299,0.1690432880936055,0.1910524704574606,0.1908586357234735,,20244.0,0.2417840190558209,0.6190476190476191,202411.0,
T033,confirm2024,2024,band,0.2,month,22,884.2272727272727,-0.0026145578695189,0.0012916031479089,0.0959064628370616,0.1915326005133295,0.2065731923762007,0.2063724939226741,,20244.0,0.3254839932730607,0.5909090909090909,202412.0,
T033,confirm2024,2024,band,0.3,month,22,1344.090909090909,-0.010111906319863,-0.0003815029482428,0.0929862200997995,0.2788899034404362,0.1888702711560873,0.2833934621755061,,20241.0,-0.0961387429571996,0.5454545454545454,202401.0,
T033,confirm2024,2024,band,0.3,month,15,1318.7333333333331,0.0094631930309216,0.0038914613735514,0.1041968291027426,0.3121395903759975,0.2283417918282587,0.3425730628220653,,20241.0,0.9806482661349712,0.7333333333333333,202402.0,
T033,confirm2024,2024,band,0.3,month,21,1336.571428571429,0.0043025969244182,0.001531366495054,0.0983789310688621,0.294652822165422,0.2083020614657228,0.3121716819718675,,20241.0,0.3859043567536118,0.8095238095238095,202403.0,
T033,confirm2024,2024,band,0.3,month,20,1336.55,0.0003185824284811,0.0010797885333805,0.0984891353167798,0.295050245169543,0.2024856897955184,0.3035534537775,,20242.0,0.2721067104118998,0.7,202404.0,
T033,confirm2024,2024,band,0.3,month,20,1338.75,-0.0018459340659996,0.0010067817550754,0.0979352920450002,0.2934415783952027,0.2033187110557225,0.3045515566906067,,20242.0,0.2537090022790131,0.8,202405.0,
T033,confirm2024,2024,band,0.3,month,19,1339.0526315789473,-0.0021695953936047,0.0010212488071556,0.1073856017718253,0.3218485211811658,0.2114074822538955,0.316850864856261,,20242.0,0.257354699403219,0.6842105263157895,202406.0,
T033,confirm2024,2024,band,0.3,month,23,1335.0869565217392,0.0005928974667212,0.0006703294715932,0.1010851579036909,0.3028245468307315,0.1987712533641928,0.297917796813676,,20243.0,0.1689230268414947,0.6521739130434783,202407.0,
T033,confirm2024,2024,band,0.3,month,22,1336.3181818181818,-0.0014687920049588,0.0008386850006924,0.0987725716917379,0.2962746506768453,0.2006501695356292,0.3018685677204966,,20243.0,0.211348620174505,0.8181818181818182,202408.0,
T033,confirm2024,2024,band,0.3,month,19,1321.0,0.0160809352258167,0.0006237651742953,0.0978008876134213,0.2929525819349561,0.2045038967848659,0.305645297463771,,20243.0,0.1571888239224299,0.5263157894736842,202409.0,
T033,confirm2024,2024,band,0.3,month,18,1307.111111111111,-0.0023205068328546,0.000500764881306,0.0784159494709675,0.2349310455813206,0.1791471795642805,0.2685236656834703,,20244.0,0.1261927500891228,0.4444444444444444,202410.0,
T033,confirm2024,2024,band,0.3,month,21,1316.857142857143,0.0055426241771314,0.001385869531964,0.0842167326050132,0.2522833642460945,0.1905653467593172,0.2855980776016904,,20244.0,0.349239122054931,0.7142857142857143,202411.0,
T033,confirm2024,2024,band,0.3,month,22,1326.5454545454545,-0.002575501662019,0.0013306593554088,0.0930783819337669,0.2788672087861396,0.2008682865941769,0.3010516359289586,,20244.0,0.3353261575630392,0.6818181818181818,202412.0,
T033,confirm2024,2024,band,0.05,quarter,58,222.1379310344828,0.0005497633991001,0.0017962644387284,0.098546994969446,0.0491342469576159,0.2032587927245796,0.0507283260027148,202401.9827586207,,0.4526586385595759,0.5517241379310345,,20241.0
T033,confirm2024,2024,band,0.05,quarter,59,222.5254237288136,-0.0012073368321979,0.0010452814446484,0.1013241348263986,0.0504915007635071,0.2037645441195622,0.0507829017972733,202404.98305084743,,0.2634109240514122,0.6101694915254238,,20242.0
T033,confirm2024,2024,band,0.05,quarter,64,221.5,0.0052262635881193,0.0014584385765174,0.1024391509039213,0.0510759196301686,0.2100816911786771,0.0523909602440535,202407.9375,,0.3675265212823922,0.703125,,20243.0
T033,confirm2024,2024,band,0.05,quarter,61,219.1803278688525,0.0002783487405801,0.001088620637134,0.0816226333877678,0.0406836428852424,0.1906359311614164,0.047533474066792,202411.0655737705,,0.2743324005577835,0.5573770491803278,,20244.0
T033,confirm2024,2024,band,0.1,quarter,58,444.6551724137931,-0.0008986109455006,0.0003478900941277,0.0993019639871276,0.0991112476857144,0.1969909004441919,0.0984205913999395,202401.9827586207,,0.0876683037201814,0.5344827586206896,,20241.0
T033,confirm2024,2024,band,0.1,quarter,59,445.6779661016949,-0.001601892058017,0.0006507262188293,0.1054661254378461,0.1052591040927805,0.2071914434094559,0.1034122231637475,202404.98305084743,,0.163983007145008,0.6440677966101694,,20242.0
T033,confirm2024,2024,band,0.1,quarter,64,443.5,0.0050597759627378,0.0012919509511359,0.1078005579072192,0.1076217262665565,0.2130163897410391,0.1063821072474076,202407.9375,,0.3255716396862543,0.5625,,20243.0
T033,confirm2024,2024,band,0.1,quarter,61,438.8360655737705,-0.000411775020308,0.0003984968762458,0.087912888990113,0.0877278972096774,0.1959074634300902,0.0978043548696214,202411.0655737705,,0.1004212128139527,0.4918032786885246,,20244.0
T033,confirm2024,2024,band,0.2,quarter,58,889.8103448275862,-0.0001803958827792,0.0010661051568491,0.1014252951411111,0.2026072885529043,0.2081555144002718,0.2081057227666532,202401.9827586207,,0.2686584995259765,0.6206896551724138,,20241.0
T033,confirm2024,2024,band,0.2,quarter,59,891.9152542372881,-0.0014728768759856,0.0007797414008607,0.1064674918190408,0.2126466129240778,0.2108486005163441,0.2106139606247159,202404.98305084743,,0.1964948330169181,0.6440677966101694,,20242.0
T033,confirm2024,2024,band,0.2,quarter,64,887.515625,0.0045392096287717,0.0007713846171698,0.1069823187447494,0.2137321008943711,0.2085287953352725,0.2084351407210578,202407.9375,,0.1943889235268013,0.671875,,20243.0
T033,confirm2024,2024,band,0.2,quarter,61,878.1803278688525,0.0001032200465233,0.0009134919430772,0.0888631408292669,0.1774626705301671,0.1961702094448623,0.1959861407160586,202411.0655737705,,0.2301999696554755,0.5573770491803278,,20244.0
T033,confirm2024,2024,band,0.3,quarter,58,1334.8103448275865,0.0001696636524072,0.0014161646920355,0.0978380488134971,0.2931962240828177,0.2061140712696203,0.3091182315793332,202401.9827586207,,0.3568735023929659,0.6896551724137931,,20241.0
T033,confirm2024,2024,band,0.3,quarter,59,1338.1016949152545,-0.0012164295801501,0.0010361886966962,0.1011663556084793,0.3031348876904588,0.2056411894889632,0.3081740108751032,202404.98305084743,,0.2611195515674478,0.7288135593220338,,20242.0
T033,confirm2024,2024,band,0.3,quarter,64,1331.328125,0.0044822029205626,0.0007143779089607,0.0993151886509083,0.2976422804493998,0.2011190093136364,0.3015699760683925,202407.9375,,0.1800232330581196,0.671875,,20243.0
T033,confirm2024,2024,band,0.3,quarter,61,1317.4754098360656,0.0002945073469501,0.001104779243504,0.0857010307823863,0.2567506239824069,0.1909118658881082,0.2861331410225419,202411.0655737705,,0.2784043693630266,0.6229508196721312,,20244.0
